id,date,estimatedTotalAmt,transType,title,awardeeName
1464824,2014-10-17,71255,Continuing Grant,Collaborative Research:  P2C2--Controls on Water Isotope Variability in the Tropical Pacific: A Strategy to Improve Paleoclimate Interpretations,Oregon State University
1459489,2014-10-29,20000,Standard Grant,"Travel Support for Young Scientists to Attend the 7th International GEOS-Chem Meeting (IGC7) held at Harvard University; Cambridge, MA; May 4-7, 2015",Harvard University
1464458,2014-11-03,99426,Standard Grant,EAGER: Quantifying Reversible and Irreversible Aqueous Secondary Organic Aerosol (SOA) Formation in the Atmosphere,University of Maryland Baltimore County
1454125,2014-11-05,68200,Standard Grant,RAPID: The GNSS Instrument System for Multistatic and Occultation Sensing (GISMOS) for Future Application to Precipitation Processes in Atmospheric River Events,University of California-San Diego Scripps Inst of Oceanography
1440425,2014-11-18,313872,Standard Grant,RUI Ramifications of Ethanol Usage as a Biofuel: Quantifying Sources and Impacts on the Light Absorbing Properties of Rainwater,University of North Carolina at Wilmington
1418309,2014-12-05,283791,Standard Grant,"Collaborative Research: Self-Aggregation of Moist Convection, Radiative-Convective Instability, and the Regulation of Tropical Climate",SUNY at Stony Brook
1418508,2014-12-05,314878,Standard Grant,"Collaborative Research: Self-Aggregation of Moist Convection, Radiative-Convective Instability, and the Regulation of Tropical Climate",Massachusetts Institute of Technology
1419614,2014-12-05,449942,Continuing Grant,Turbulent Flows and Scalar Transport in the Forest-Atmosphere Interface over a Complex Terrain,Washington State University
1431053,2014-12-05,86000,Fellowship Award,AGS-PRF:  Aerosols in Shallow Tropical Convection: Impact on Cloud Microphysics and Precipitation,Nugent                  Alison         D
1461305,2014-12-05,49915,Standard Grant,International Workshop on Comparing Ice Nucleation Measuring Systems 2014 (ICIS 2014),Massachusetts Institute of Technology
1441916,2014-12-08,493011,Standard Grant,Tropical Intraseasonal Variability in Models and Observations,Colorado State University
1450811,2014-12-10,177632,Standard Grant,Revisiting Coupled Instability Theory and the Initiation of ENSO (El Nino/Southern Oscillation),University of Miami
1359645,2014-12-15,749999,Continuing Grant,Airborne Measurements of the Nocturnal Low-level Jet and Wave Disturbances in the Stable Boundary Layer in PECAN (Plains Elevated Convection At Night),University of Wyoming
1406962,2014-12-16,349959,Standard Grant,Assessing the Impacts of Arctic Amplification on the Midlatitude Circulation with a Hierarchy of Atmospheric General Circulation Models,Purdue University
1359098,2014-12-17,752507,Continuing Grant,Elevated Nocturnal Convection - The Role of Microphysical Processes,University of Illinois at Urbana-Champaign
1445956,2014-12-18,322463,Standard Grant,Collaborative Research: Understanding Climate Processes with Causal Discovery and Graphs of Information Flow in the Coupled Atmosphere-Land-Ocean System,Georgia Tech Research Corporation
1445978,2014-12-18,283062,Standard Grant,Collaborative Research: Understanding Climate Processes with Causal Discovery and Graphs of Information Flow in the Coupled Atmosphere-Land-Ocean System,Colorado State University
1461458,2014-12-18,507196,Standard Grant,Ambient and Source Characterization of Aerosol Size and Composition in Nepal and Bhutan using High-Resolution Aerosol Mass Spectrometry,Drexel University
1431127,2014-12-30,499228,Continuing Grant,"Advanced Comprehensive Analysis of Rain Drop Shapes, Oscillation Modes, and Fall Velocities Using High-Resolution Surface Disdrometers, Polarimetric Radar, and Numerical Models",Colorado State University
1442054,2014-12-30,497192,Continuing Grant,Mechanisms for Severe Wind Production in Nocturnal and Transitioning Convection,The Center for Severe Weather Research
1346988,2014-12-31,170000,Standard Grant,Collaborative Research:  Reactive Chlorine Cycling in Marine Air,University of Colorado at Boulder
1347520,2014-12-31,345041,Standard Grant,Collaborative Research:  Reactive Chlorine Cycling in Marine Air,University of California-Irvine
1405166,2014-12-31,188512,Continuing Grant,GEM:  The Role of Magnetized Electrons in Geospace Magnetic Reconnection,University of Wisconsin-Madison
1445376,2015-01-09,6742736,Continuing Grant,The Sondrestrom Facility - Enabling Fundamental Research of the Coupled Atmosphere-Ionosphere-Magnetosphere System,SRI International
1462194,2015-01-09,13540,Standard Grant,Support of the International Conference on Mesoscale Convective System,University Corporation For Atmospheric Res
1517365,2015-01-15,54170,Continuing Grant,Collaborative Research:  Up-scaling from Leaf to Canopy the Aerosol-sized Particle Collection Mechanism Within a Non-uniform Canopy Medium,Cornell University
1341885,2015-01-22,326166,Continuing Grant,"Collaborative Research: SuperDARN Space Weather Radar - Operations, Research, and Community Support",Johns Hopkins University
1341902,2015-01-22,1366551,Continuing Grant,"Collaborative Research: SuperDARN Space Weather Radar - Operations, Research, and Community Support",University of Alaska Fairbanks Campus
1341918,2015-01-22,2625024,Continuing Grant,"Collaborative Research: SuperDARN Space Weather Radar - Operations, Research, and Community Support",Virginia Polytechnic Institute and State University
1341925,2015-01-22,460000,Continuing Grant,"Collaborative Research: SuperDARN Space Weather Radar - Operations, Research, and Community Support",Dartmouth College
1432930,2015-01-23,290966,Continuing Grant,Midlatitude Deep Convective Transport to the Upper-Troposphere and Lower-Stratosphere,University of North Dakota Main Campus
1433430,2015-01-23,86000,Fellowship Award,AGS-PRF: The Effects of Aerosols on Cloud Microphysics and Precipitation in the Caribbean,Hosannah                Nathan         A
1433504,2015-01-23,86000,Fellowship Award,"AGS-PRF:  Next Generation of Gamma-ray Detectors Designed to Study Terrestrial Gamma-Ray Flashes, Gamma-ray Glows and X-ray Stepped Leaders",Kelley                  Nicole
1433551,2015-01-23,86000,Fellowship Award,AGS-PRF: Assessing Causes of the Divergence between Past and Projected Responses of Global Aridity to Greenhouse Warming,Scheff                  Jacob
1444294,2015-01-23,128587,Standard Grant,Measuring Air-Sea Gas Exchange in High Winds for Improvement of Physics-Based Air-Sea Transfer Parameterizations,University of Colorado at Boulder
1433290,2015-01-28,86000,Fellowship Award,AGS-PRF: Towards an Improved Understanding of the Dynamical Effects of Sea Ice Loss on the Extratropical Northern Hemisphere Circulation and Extreme Weather,Dwyer                   John           G
1433343,2015-01-28,86000,Fellowship Award,AGS-PRF:  The Response of African Monsoon Variability to Elevated CO2 and Implications for Future Atlantic Tropical Cyclone Activity,Hannah                  Walter         M
1433432,2015-01-28,86000,Fellowship Award,AGS-PRF: Atmospheric Lifecycle of Organic Carbon Through Multiple Generations of Aging,"Isaacman-VanWertz, Gabriel A"
1502398,2015-01-28,287817,Continuing Grant,Collaborative Research: The COnvective Precipitation Experiment- Microphysical and Entrainment Dependencies (COPE-MED),University of Illinois at Urbana-Champaign
1503563,2015-01-28,309631,Continuing Grant,PECAN: Ground Based Lidar and Micro Wave Radiometer and Radiosonde Profiling of the Thermodynamic and Dynamic Structure of the Nocturnal Boundary,University of Maryland Baltimore County
1523296,2015-02-04,240000,Continuing Grant,EAGER: A Stochastic Approach for Radiative Forcing Studies Involving Black Carbon Aging/Life Cycle and Mountain Snow,University of California-Los Angeles
1522174,2015-02-05,49770,Standard Grant,Summer School in Land-atmosphere Interactions,Columbia University
1429921,2015-02-06,251728,Continuing Grant,Latent and Sensible Heat Flux at the Spray-Laden Air-Sea Interface,University of Notre Dame
1439515,2015-02-06,145728,Continuing Grant,Collaborative Research:  Lidar and Modeling Applications from the Precision Atmospheric Marine Boundary Layer Experiment (PreAMBLE) Dataset,University of Kansas Center for Research Inc
1439594,2015-02-06,165376,Continuing Grant,Collaborative Research:  Lidar and Modeling Applications from the Precision Atmospheric Marine Boundary Layer Experiment (PreAMBLE) Dataset,University of Wyoming
1445605,2015-02-06,723836,Standard Grant,A New Look At Sahel Rainfall Variability Over Two Centuries,Florida State University
1503715,2015-02-10,17950,Standard Grant,"2015 Gordon Research Conference on Radiation and Climate: Towards Understanding the Interactions between Radiation, Clouds, Aerosol, Precipitation and Climate in Maine; July 2015",Gordon Research Conferences
1515171,2015-02-10,25000,Standard Grant,"2015 Atmospheric Chemistry Gordon Research Conference on Atmospheric Chemistry; Waterville Valley, NH; August 2-7, 2015",Gordon Research Conferences
1521601,2015-02-10,20000,Standard Grant,"AGU Chapman Conference on The Width of the Tropics: Climate Variations and Their Impact; Santa Fe, New Mexico; July 26-31, 2015",American Geophysical Union
1441062,2015-02-18,460199,Standard Grant,Modeling Satellite Correlations of Aerosol Optical Depth Versus Cloud Optical Depth Over Megacities,Stanford University
1444384,2015-02-18,137946,Standard Grant,COLLABORATIVE RESEARCH: Measuring Volcanic Ash Properties That Promote the Generation of Lightning in Eruptive Columns and Plumes,University of Alabama Tuscaloosa
1444401,2015-02-18,63301,Standard Grant,COLLABORATIVE RESEARCH: Measuring Volcanic Ash Properties That Promote the Generation of Lightning in Eruptive Columns and Plumes,University of South Florida
1445191,2015-02-18,513084,Standard Grant,Air-sea Interaction and Island Geography Impacts on Madden-Julian Oscillation (MJO) Initiation and Propagation Through the MAritime Continent,Colorado State University
1446292,2015-02-18,492915,Standard Grant,Tropospheric Influences on Stratospheric Low-frequency Variability,University of Utah
1446342,2015-02-18,436503,Continuing Grant,The Dynamical Influences of Low-Level Shear and Lifting Condensation Level on Supercell Tornadoes,Texas A&M University
1450690,2015-02-18,180185,Standard Grant,Collaborative Research: Ground-based Measurements to Constrain Aerosol-Cloud-Precipitation Interactions in West Coast United States Storms,North Carolina State University
1450760,2015-02-18,191181,Standard Grant,Collaborative Research: Ground-based Measurements to Constrain Aerosol-Cloud-Precipitation Interactions in West Coast United States Storms,Colorado State University
1457128,2015-02-20,368287,Continuing Grant,Cloud Droplet Evolution and Thermal Radiation,University of Illinois at Urbana-Champaign
1519169,2015-02-20,15000,Standard Grant,"Workshop on Storm Tracks, Jets, and their Modes of Variability in Switzerland; August 24-28, 2015",University of Chicago
1523406,2015-02-20,43292,Continuing Grant,"Collaborative Research:  Sources of Black Carbon, Methane Sulfonic Acid, and Other Particulate Constituents over 45 Years in the Arctic",SUNY at Albany
1519236,2015-02-23,36122,Continuing Grant,Collaborative Research: Airborne Detector for Energetic Lightning Emissions (ADELE) Operations on the Hurricane and Severe Storm Sentinel,University of New Hampshire
1522277,2015-02-27,60983,Standard Grant,EAGER: Collaborative Research: Chilean Coastal Orographic Precipitation Experiment pilot project (CCOPE-2015),University of Wyoming
1522939,2015-02-27,84075,Standard Grant,EAGER: Collaborative Research: Chilean Coastal Orographic Precipitation Experiment pilot project (CCOPE-2015),SUNY at Albany
1536094,2015-02-27,10000,Standard Grant,"Travel Support for the VIIth Coronal Loops Workshop in Cambridge, UK; July 21-23, 2015",William Marsh Rice University
1433968,2015-03-06,4049348,Continuing Grant,Systems Science at the Jicamarca Radio Observatory,Cornell University
1444505,2015-03-06,597381,Continuing Grant,Role of Mesoscale Convective Systems in Determining the Diurnal Cycle of Precipitation over Sub-Saharan Northern Africa,University of Texas at Austin
1461347,2015-03-09,194014,Standard Grant,International Workshop on Comparing Ice Nucleation Measuring Systems 2014 (ICIS 2014) #3,Massachusetts Institute of Technology
1447056,2015-03-11,470302,Standard Grant,Constraining the Role of Gas-Phase Organic Oxidation in New-Particle Formation,Carnegie Mellon University
1500224,2015-03-11,221521,Continuing Grant,Dust Transport in Convectively Stratified Atmospheric Boundary Layer,University of Texas at Dallas
1439551,2015-03-12,749996,Standard Grant,SAVI: CLOUD Virtual Institute and Chemical Physics of Atmospheric New-Particle Formation,Carnegie Mellon University
1445875,2015-03-13,594675,Continuing Grant,The Role of Radiation in Tropical Cyclone Genesis and Early Intensification,University of Colorado at Boulder
1447268,2015-03-16,1166363,Continuing Grant,An Analysis of the Evolution and Structure of Supercell Storms and Tornadoes,The Center for Severe Weather Research
1530258,2015-03-16,23413,Standard Grant,EAGER: Opportunistic Soundings to Advance the Understanding of High-Shear Low-CAPE (Convective Available Potential Energy) Convective Environments,North Carolina State University
1536057,2015-03-16,20000,Standard Grant,"Hurricane and Climate Change in Chania, Greece; June 9-14, 2015",University of South Florida
1445703,2015-03-18,187553,Standard Grant,Collaborative Research:   Characterizing Small-scale Lightning Discharges Associated with Explosive Volcanic Activity at Sakurajima Volcano,New Mexico Institute of Mining and Technology
1445704,2015-03-18,312492,Standard Grant,Collaborative Research:   Characterizing Small-scale Lightning Discharges Associated with Explosive Volcanic Activity at Sakurajima Volcano,University of South Florida
1447832,2015-03-18,849070,Standard Grant,Influence of Free Tropospheric Ozone and Particulate Matter on Surface Air Quality in the Western U.S.,University of Washington
1451347,2015-03-18,957000,Standard Grant,"Combined Lab, Field, and Modeling Studies Aimed to Improve our Understanding of Sources of Ice Nuclei and their Impact on Western US Precipitation Processes",University of California-San Diego
1461911,2015-03-18,441297,Standard Grant,"Multiscale Interaction between Deep Convection, African Easterly Waves, and Kelvin Waves over the Atlantic, Africa and the Indian Ocean",North Carolina Agricultural & Technical State University
1462127,2015-03-18,798215,Standard Grant,Role of Ocean Mesoscale Eddy Atmosphere Feedback in North Pacific and Atlantic Climate Variability: A High-Resolution Regional Climate Model Study,Texas A&M University
1453311,2015-03-19,467037,Continuing Grant,Mechanisms of Intensity Change in Sheared Tropical Cyclones,SUNY at Albany
1522544,2015-03-20,20000,Standard Grant,"Tropical Cyclone Research Forum ""Tropical Cyclone Operations and Research: Setting the Future Course""; Charleston, South Carolina",University Corporation For Atmospheric Res
1413686,2015-03-23,280115,Continuing Grant,Three Dimensional Thermal and Magnetic Structure of Sunspots,"The University Corporation, Northridge"
1417899,2015-03-23,450000,Continuing Grant,SuperMAG Enhanced Capabilities Enabling Magnetosphere-Ionosphere Research,Johns Hopkins University
1538944,2015-03-25,734820,Standard Grant,CAREER:  Understanding Moisture Transport and Its Coupling to the Large-scale Energy and Momentum of the Northern Hemisphere Summer Circulation,University of Chicago
1454374,2015-03-26,753637,Continuing Grant,CAREER:   Researching Chemical and Optical Properties of Secondary Organic Aerosol and Effective Practices for Environmental Science Education,University of California-Riverside
1455381,2015-03-26,594034,Continuing Grant,CAREER:   Disentangling CO2 Fluxes in a Tropical Rainforest Using Carbonyl Sulfide,University of California-Los Angeles
1505306,2015-03-27,20000,Standard Grant,"Southeast Atmosphere Studies Workshop: Intensive Observation Period Modeling to Improve Mechanistic Representation of Trends; Princeton, New Jersey; June 2015",Princeton University
1530822,2015-03-27,15531,Standard Grant,"Measurement Techniques for Solar and Space Physics Conference; Boulder, CO; April 20-24, 2015",University Corporation For Atmospheric Res
1460742,2015-03-30,500028,Standard Grant,Coupled Processes that Determine the Basic States of Tropical Indian Ocean SeaSurface-Temperature (SST) and Asian Monsoon Precipitation,University of Hawaii
1503133,2015-03-30,422718,Standard Grant,Collaborative Research:  P2C2--Modalities and Time-scale of Climate Variability During the Late Holocene in Southwestern North America,University of New Mexico
1503144,2015-03-30,185684,Standard Grant,Collaborative Research:  P2C2--Modalities and Time-scale of Climate Variability During the Late Holocene in Southwestern North America,University of Nevada Las Vegas
1450230,2015-04-02,696497,Continuing Grant,CAREER: Exploring New Regimes of Physics to Constrain the Properties of Heating in the Solar Corona,William Marsh Rice University
1461270,2015-04-02,595766,Standard Grant,REU Site: Research Experiences for Undergraduates in Climate Science at Colorado State University,Colorado State University
1501096,2015-04-02,197700,Continuing Grant,RUI:  Cirrus Ice Crystal Surface Structure and Kinetics at the Nanoscale,The College of New Jersey
1502783,2015-04-02,214890,Standard Grant,P2C2:  Geophysical Reconnaissance to Expand Ice Core Hydroclimate Reconstructions in the Northeast Pacific,University of Maine
1502917,2015-04-02,149601,Standard Grant,RUI: P2C2--Assessing the Influence of Extreme Rainfall Events on Australian Stalagmite Reconstructions of Tropical Cyclone Landfalls and the Indo-Australian Summer Monsoon,Cornell College
1429512,2015-04-06,1497250,Continuing Grant,Faculty Development in Space Physics at the University of Minnesota,University of Minnesota-Twin Cities
1460130,2015-04-06,297971,Continuing Grant,SHINE:  Short-Wavelength Turbulence in the Solar Wind,SPACE SCIENCE INSTITUTE
1452605,2015-04-07,300000,Continuing Grant,Ground Level Measurements of Terrestrial Gamma Flashes,Louisiana State University
1455588,2015-04-07,238782,Standard Grant,The Role of Peroxy Radicals: Linking Gas-Phase Oxidation Chemistry to Secondary Organic Aerosol Formation,Georgia Tech Research Corporation
1503155,2015-04-07,556155,Continuing Grant,Precipitation Mechanisms over Complex Terrain,University of Washington
1430292,2015-04-08,1331036,Continuing Grant,Faculty and Curricular Development in Remote Sensing and Space Sciences (RSSS) at the University of Illinois,University of Illinois at Urbana-Champaign
1442095,2015-04-08,788836,Standard Grant,DYNAmics of the Madden-Julian Oscillation (DYNAMO) Legacy Data Products,University of Miami
1502772,2015-04-08,86589,Standard Grant,P2C2:Collaborative Research: Rocky Mountain Ecohydrology During the Eemian Interglacial,Northeastern Illinois University
1502776,2015-04-08,226654,Standard Grant,P2C2:Collaborative Research: Rocky Mountain Ecohydrology During the Eemian Interglacial,University of Illinois at Chicago
1514115,2015-04-08,291988,Continuing Grant,Toward a Further Understanding and Improved Forecasting of Coastal Quasi-linear Convective Systems,University of Connecticut
1450838,2015-04-09,355335,Standard Grant,Resolving Issues of Hydrogen Oxides Measurements: Laboratory Studies of HOx-NOx Chemistry and Measurement Intercomparisons,Pennsylvania State Univ University Park
1461277,2015-04-09,369681,Standard Grant,REU Site:   Advancing Space Science through Undergraduate Research Experience (ASSURE) at University of California (UC) Berkeley,University of California-Berkeley
1502951,2015-04-10,240000,Standard Grant,P2C2:Collaborative Research:  Data-Model Comparison of Holocene Pacific Hydroclimate Variability on the Hawaiian Islands Using Geochemical Records and SynTraCE-21 Simulations,SUNY at Albany
1502984,2015-04-10,359200,Standard Grant,P2C2:Collaborative Research:  Data-Model Comparison of Holocene Pacific Hydroclimate Variability on the Hawaiian Islands Using Geochemical Records and SynTraCE-21 Simulations,University of Hawaii
1519142,2015-04-10,20300,Standard Grant,"Chemistry of Atmospheric Aerosols at Pacifichem 2015 Congress Conference in Honolulu, Hawaii; December 15-20, 2015",University of California-Irvine
1540393,2015-04-10,187481,Continuing Grant,Collaborative Research: EAGER--Improved Detection and Quantification of Wind Gusts,Cornell University
1540410,2015-04-10,40154,Continuing Grant,Collaborative Research: EAGER--Improved Detection and Quantification of Wind Gusts,University of California-San Diego Scripps Inst of Oceanography
1430396,2015-04-28,86000,Fellowship Award,AGS-PRF:  Observing and Diagnosing Mechanisms of Energy Balance in Temperate Freshwater Systems,Reed                    David          E
1530391,2015-04-28,20000,Standard Grant,"Coordination and Student Travel for the 2015 National Ionospheric Effects Workshop; Alexandria, VA; May 12-14, 2015",University of Alaska Fairbanks Campus
1460111,2015-04-29,108533,Continuing Grant,Collaborative Research: SHINE: Origin and Acceleration of Suprathermal Ions Near Earth-orbit,University of New Hampshire
1460118,2015-04-29,330494,Continuing Grant,Collaborative Research: SHINE: Origin and Acceleration of Suprathermal Ions Near Earth-orbit,Southwest Research Institute
1501834,2015-04-29,105155,Standard Grant,P2C2: Collaborative Research:Spatiotemporal Variability of Northwestern North American Temperatures in Response to Climatic Forcing,Woods Hole Oceanographic Institution
1502150,2015-04-29,454739,Standard Grant,P2C2: Collaborative Research:Spatiotemporal Variability of Northwestern North American Temperatures in Response to Climatic Forcing,Columbia University
1502186,2015-04-29,146480,Standard Grant,P2C2: Collaborative Research:Spatiotemporal Variability of Northwestern North American Temperatures in Response to Climatic Forcing,College of Wooster
1502836,2015-04-29,162805,Standard Grant,P2C2:Collaborative Research: A Speleothem Study of the Paleoclimatology of the Yucatan Peninsula: Testing Modes and Causes of Variability in the North American Tropics,Amherst College
1502877,2015-04-29,148124,Standard Grant,P2C2:Collaborative Research: A Speleothem Study of the Paleoclimatology of the Yucatan Peninsula: Testing Modes and Causes of Variability in the North American Tropics,University of Massachusetts Amherst
1460037,2015-05-01,174287,Continuing Grant,Collaborative Research: SHINE: Observational and Theoretical Investigation of Solar Flare Ribbon Elongation,West Virginia University Research Corporation
1460059,2015-05-01,173531,Continuing Grant,Collaborative Research: SHINE: Observational and Theoretical Investigation of Solar Flare Ribbon Elongation,Montana State University
1459247,2015-05-05,357000,Continuing Grant,SHINE:  Observational Constraints on Wave Heating of the Corona,Columbia University
1460169,2015-05-05,357000,Continuing Grant,"SHINE: Plasma Instabilities in Post-Eruption Solar Corona, Formation of Plasmoids and Supra-Arcade Downflows",Princeton University
1521503,2015-05-05,19952,Standard Grant,"Workshop:  Decadal Climate Predictions: Improving Our Understanding of Processes and Mechanisms to Make Better Predictions; Aspen CO; June 7-12, 2015",Aspen Global Change Institute
1536461,2015-05-05,20000,Standard Grant,Workshop on Monsoons and Inter-Tropical Convergence Zones: The Annual Cycle in the Holocene and the Future,Columbia University
1452218,2015-05-11,779508,Continuing Grant,CEDAR Workshop 2015 - 2017 and Community Web Pages and Email Services,University Corporation For Atmospheric Res
1460767,2015-05-11,621923,Standard Grant,REU Site: Solar and Heliospheric Physics at UAH and MSFC,University of Alabama in Huntsville
1502889,2015-05-11,441385,Standard Grant,"P2C2: Collaborative Research: Dust Deposition, Paleo-Export Production, and Migration of the (ITCZ) Through the Last Glacial Cycle in the West-Central Pacific (Line Islands)",Columbia University
1502962,2015-05-11,235122,Standard Grant,"P2C2: Collaborative Research: Dust Deposition, Paleo-Export Production, and Migration of the (ITCZ) Through the Last Glacial Cycle in the West-Central Pacific (Line Islands)",Texas A&M University
1542312,2015-05-11,275116,Continuing Grant,Collaborative Research:  Improved Understanding of Convective-Storm Predictability and Environment Feedbacks from Observations during the Mesoscale Predictability Experiment (MPEX),University of Illinois at Urbana-Champaign
1543598,2015-05-11,268506,Continuing Grant,Structure and Dynamics of the Diffusion Region During Asymmetric Magnetic Reconnection,"University of Maryland, College Park"
1452298,2015-05-12,219758,Continuing Grant,CEDAR: Plasma Altitude Distributions Associated with Storm Enhanced Densities (SEDs) Caused by Competing Mechanisms,University of Colorado at Boulder
1535877,2015-05-12,25000,Standard Grant,"Space Weather Workshop 2015; Boulder, CO; April 13-17, 2015",University Corporation For Atmospheric Res
1540197,2015-05-12,540310,Standard Grant,Workshop:  Effectively Communicating Science; August 2015-2017,Mitchell Hamline School of Law
1541331,2015-05-12,10000,Standard Grant,"Workshop on Nitrate Radicals and Biogenic Volatile Organic Compounds (VOCs):  Oxidation, Mechanisms and Organic Aerosol; Atlanta, GA; June 22-24, 2015",Georgia Tech Research Corporation
1443325,2015-05-14,750000,Standard Grant,Minimal Models for Investigating the Influence of Latent Heat Release on Midlatitude Dynamics,University of Wisconsin-Madison
1523405,2015-05-14,151330,Continuing Grant,"Lake Sediments as Records of Atmospheric Elemental Carbon, ~1900 to 2014",SUNY at Albany
1501856,2015-05-18,93491,Standard Grant,P2C2: Collaborative Research: Past Ocean-Atmosphere Variability from Spatiotemporal Patterns of North Atlantic Climate During the Common Era,Woods Hole Oceanographic Institution
1502224,2015-05-18,416411,Standard Grant,P2C2: Collaborative Research: Past Ocean-Atmosphere Variability from Spatiotemporal Patterns of North Atlantic Climate During the Common Era,Columbia University
1502379,2015-05-18,461883,Standard Grant,"P2C2: Relationships Between Regional Climatic Patterns, Wood Anatomy, and Hydraulic Architecture of Conifer Species in the Western US","Board of Regents, NSHE, obo University of Nevada, Reno"
1519623,2015-05-18,300000,Standard Grant,The International Global Atmospheric Chemistry (IGAC) International Project Office (IPO),University of Colorado at Boulder
1542733,2015-05-18,54555,Standard Grant,Collaborative Research: RAPID--Integration of Unmanned Aircraft System (UAS) into the Program for Research on Elevated Convection with Intense Precipitation,University of Colorado at Boulder
1542750,2015-05-18,30000,Standard Grant,2015 US-Taipei Severe Weather and Extreme Precipitation Workshop in Taiwan,University Corporation For Atmospheric Res
1542760,2015-05-18,129389,Standard Grant,Collaborative Research: RAPID--Integration of Unmanned Aircraft System (UAS) into the Program for Research on Elevated Convection with Intense Precipitation,University of Nebraska-Lincoln
1449554,2015-05-22,511798,Continuing Grant,PBO H2O: GPS Reflection-Based Climate Products for 2007-2017,University of Colorado at Boulder
1542134,2015-05-26,25152,Standard Grant,"International Symposium on Equatorial Aeronomy (ISEA); October 19-23, 2015; Bahir Dar, Ethiopia",Massachusetts Institute of Technology
1539234,2015-05-28,217887,Continuing Grant,CAREER: Water and Energy Cycle Research and Education from the Stable Water Isotope Budget Near a Tall Tower in the Colorado Front Range,Oregon State University
1455215,2015-06-01,691180,Continuing Grant,CAREER: From Cradle to Grave: Radiative Properties of Biomass Burning Aerosols,Washington University
1524860,2015-06-02,86000,Fellowship Award,"AGS-PRF: A Global Survey of Atmospheric Hydroperoxides: HOx Cycling, Tropospheric Ozone and Chemistry-Climate Interactions",Kim                     Michelle       J
1455202,2015-06-08,577010,Continuing Grant,CAREER: Study of the Most Energetic SEPs from Space with the State-of-the-Art Experiment AMS-02,University of Hawaii
1455682,2015-06-08,325735,Standard Grant,Collaborative Research: Observationally-Constrained Estimates of Effective Radiative Forcing from Aerosol Radiation Interactions,University of California-Riverside
1455759,2015-06-08,178322,Standard Grant,Collaborative Research: Observationally-Constrained Estimates of Effective Radiative Forcing from Aerosol Radiation Interactions,"Nevada System of Higher Education, Desert Research Institute"
1444489,2015-06-09,486044,Standard Grant,Rectification of El Nino-Southern Oscillation as a Mechanism for the Tropical Pacific Decadal Variability: A Diabatic and Time-Dependent View,University of Colorado at Boulder
1463643,2015-06-09,268769,Standard Grant,Collaborative Research:  Dynamics and Predictability of East and Central Pacific El Niño/Southern Oscillation (ENSO) Events,University of Colorado at Boulder
1463970,2015-06-09,472254,Standard Grant,Collaborative Research:  Dynamics and Predictability of East and Central Pacific El Nino/Southern Oscillation (ENSO) Events,University of Wisconsin-Madison
1545191,2015-06-09,192072,Standard Grant,RAPID: Sea Spray Aerosol Production over the North Atlantic,University of Washington
1460585,2015-06-10,1400037,Cooperative Agreement,The CSU-CHILL National Facility,Colorado State University
1546298,2015-06-10,55237,Standard Grant,EAGER: Investigating Seasonal and Interannual Variability of Central Asia Paleo-Hydroclimate,University of California-Santa Barbara
1441774,2015-06-15,300000,Continuing Grant,Continuing Theoretical Studies of Dynamical Processes in the Ionosphere,Utah State University
1460170,2015-06-15,357000,Continuing Grant,SHINE: Connecting the Solar Wind From the Corona to the Heliosphere,Regents of the University of Michigan - Ann Arbor
1460190,2015-06-15,357000,Continuing Grant,"SHINE: Instabilities Driven by Anisotropic Ion and Electron Beams in the Solar Wind: Analytical Theory, Numerical Simulations, and In-Situ Observations",University of New Hampshire
1461517,2015-06-15,525648,Standard Grant,Trends and Variability of Temperatures near the Tropical Tropopause Layer and Implications for Tropical Cyclones,Massachusetts Institute of Technology
1545762,2015-06-15,208409,Standard Grant,EAGER: Normalizing Paleoclimate Variables to Support Data Intensive Science,University of Colorado at Boulder
1452329,2015-06-16,64169,Continuing Grant,Collaborative Research: CEDAR: Identifying Sources of Mid-latitude Traveling Ionospheric Disturbances,"NorthWest Research Associates, Incorporated"
1452357,2015-06-16,293240,Continuing Grant,Collaborative Research: CEDAR: Identifying Sources of Mid-latitude Traveling Ionospheric Disturbances,SRI International
1546007,2015-06-16,10000,Standard Grant,"2016 AMS Mario J. Molina Symposium; New Orleans, Louisiana; January 10-14, 2016",Texas A&M University
1535378,2015-06-18,99979,Standard Grant,"2015 Unidata Users Workshop Data-Driven Geoscience: Applications, Opportunities, Trends and Challenges; June 22-25, 2015; UCAR Facilities in Boulder, CO",University Corporation For Atmospheric Res
1360594,2015-06-19,196572,Continuing Grant,Collaborative Research: Comprehensive Investigation of Midlatitude Ionospheric Irregularities,Clemson University
1360718,2015-06-19,300001,Continuing Grant,Collaborative Research: Comprehensive Investigation of Midlatitude Ionospheric Irregularities,Cornell University
1453987,2015-06-19,892509,Continuing Grant,CAREER: In Situ Study of Aerosols in the Coarse Mode With Digital Holography,Mississippi State University
1502208,2015-06-19,350000,Cooperative Agreement,US CLIVAR Project Office,University Corporation For Atmospheric Res
1502919,2015-06-19,1374171,Continuing Grant,P2C2: Climate and Environmental Variability over the Last Glacial Cycle from Ice Cores in the Western Kunlun Mountains (Tibetan Plateau),"OHIO STATE UNIVERSITY, THE"
1524533,2015-06-19,86000,Fellowship Award,AGS-PRF A Population Synthesis Model for GBM Terrestrial Gamma-ray Flashes,Cramer                  Eric           S
1453943,2015-06-22,500000,Continuing Grant,CAREER: Physical Causes of Multi-Scale Temporal Variability in Atmospheric Tides from the Troposphere to the Dynamo Region,University of Louisville Research Foundation Inc
1540094,2015-06-22,193297,Continuing Grant,SHINE:   Accelerating the Turbulent Solar Wind: One Flux Tube at a Time,University of Colorado at Boulder
1503860,2015-06-23,399999,Continuing Grant,Collaborative Research: Subgrid-scale Models for Large-eddy Simulation of Cloud Formation and Evolution,University of California-Berkeley
1503885,2015-06-23,132651,Continuing Grant,Collaborative Research:  Subgrid-scale Models for Large-eddy Simulation of Cloud Formation and Evolution,Stanford University
1524211,2015-06-23,86000,Fellowship Award,AGS-PRF: Molecular Level Characterization of Amino Acids in Atmospheric Aerosols,Jen                     Coty           N
1455577,2015-06-25,500000,Standard Grant,The Dynamics of Jets and Waves in the Atmosphere and Southern Ocean,Pennsylvania State Univ University Park
1542590,2015-06-25,20000,Standard Grant,"2015 Graduate Climate Conference (GCC); Woods Hole, Massachusetts; November 6-8, 2015",Massachusetts Institute of Technology
1542700,2015-06-25,20160,Standard Grant,"Student Funding to Attend the 12th International School/Symposium for Space Simulations (ISSS-12);  Prague, Czech Republic; July 3-10, 2015",University of California-Los Angeles
1547626,2015-06-25,90666,Standard Grant,RAPID: Collaborative Research: Flask and in Situ Measurements of Carbon and Climate Tracers on ATom-1,University Corporation For Atmospheric Res
1547797,2015-06-25,59334,Standard Grant,RAPID: Collaborative Research: Flask and in Situ Measurements of Carbon and Climate Tracers on ATom-1,University of California-San Diego Scripps Inst of Oceanography
1548160,2015-06-25,97781,Standard Grant,EAGER:  Deglacial Chronology of Bermuda Rise,Woods Hole Oceanographic Institution
1501321,2015-06-26,418656,Standard Grant,P2C2: Amazonian Tree-Ring Chronologies for Climate and Streamflow Reconstruction,University of Arkansas
1502830,2015-06-26,434467,Standard Grant,P2C2: Signatures of the Toba Super-eruption in Borneo Stalagmites,Georgia Tech Research Corporation
1441896,2015-06-29,397876,Continuing Grant,Laboratory Studies of Oxygen Atom Recombination in Nitrogen at Mesospheric Temperatures,SRI International
1450582,2015-06-29,512220,Standard Grant,Madden-Julian Oscillation (MJO) Initiation-DYNAMO (DYNAmics of the Madden-julian  Oscillation) and Beyond,University of Miami
1452137,2015-06-29,226902,Continuing Grant,CEDAR: Vertical Coupling in the Atmosphere-Ionosphere System by Gravity Waves,George Mason University
1455071,2015-06-29,544681,Standard Grant,CAREER:  Understanding the Role of Oceans in the Planetry Energy Budget,SUNY at Albany
1455244,2015-06-29,434986,Standard Grant,Atmospheric Organic Aerosol-Water Interactions,Carnegie Mellon University
1446286,2015-06-30,321512,Standard Grant,The Effect of Particle Phase State on Multiphase Hydroxyl Radical (OH) Oxidation Kinetics and Products of Biomass Burning Aerosol,SUNY at Stony Brook
1460389,2015-06-30,452393,Standard Grant,Collaborative Research: Aerosol Formation from Agricultural Volatile Organic Compounds,University of California-Riverside
1460402,2015-06-30,142537,Standard Grant,Collaborative Research: Aerosol Formation from Agricultural Volatile Organic Compounds,Claremont McKenna College
1460418,2015-06-30,124712,Standard Grant,Collaborative Research: Aerosol Formation from Agricultural Volatile Organic Compounds,Western Kentucky University Research Foundation
1523178,2015-06-30,366635,Standard Grant,"RUI:  Brown Carbon Aerosol Production in Polluted Environments:  The Effects of Oxidants, SO2, and Sunlight on Aqueous-Phase Aldehyde Reactivity",University of San Diego
1538805,2015-06-30,367200,Standard Grant,"The American Meteorological Society (AMS) Summer Policy Colloquium 2015-2017; Washington, DC",American Meteorological Society
1540544,2015-06-30,109507,Standard Grant,RAPID: Preserving a Unique Archive for Long-Term Solar Variability Studies,Boston College
1547910,2015-06-30,194271,Standard Grant,RAPID: Developing a Community Aquaplanet Model,University of Miami
1433086,2015-07-01,253055,Continuing Grant,Collaborative Research: Reconciliation Between In-situ and Remote Sensing Analyses,Catholic University of America
1433202,2015-07-01,36506,Continuing Grant,Collaborative Research: Reconciliation Between In-situ and Remote Sensing Analyses,University of Maryland Baltimore County
1433213,2015-07-01,63571,Continuing Grant,Collaborative Research: Reconciliation Between In-situ and Remote Sensing Analyses,University of New Hampshire
1400998,2015-07-09,71643,Continuing Grant,Collaborative Research: Coordinated Radar and Optical Analysis of Flow Channel Disturbances within the Nightside Auroral Oval/Plasma Sheet,Regents of the University of Michigan - Ann Arbor
1401822,2015-07-09,528674,Continuing Grant,Collaborative Research: Coordinated Radar and Optical Analysis of Flow Channel Disturbances within the Nightside Auroral Oval/Plasma Sheet,University of California-Los Angeles
1408789,2015-07-09,986412,Continuing Grant,Simultaneous Measurements of Coronal Magnetic Field and Plasma Properties with Upgraded CoMP (UCoMP),Regents of the University of Michigan - Ann Arbor
1435785,2015-07-09,335587,Continuing Grant,Complex Coronal Mass Ejection Structures and Associated Geo-effectiveness,University of New Hampshire
1452191,2015-07-09,358992,Continuing Grant,CEDAR: Characterizing the Polar Cap Topside Ionosphere,SRI International
1463702,2015-07-09,395540,Standard Grant,Collaborative Research: Kinetics and Mechanism of Restructuring of Atmospheric Soot and Associated Impact on Light Absorption,New Jersey Institute of Technology
1463703,2015-07-09,82927,Standard Grant,Collaborative Research: Kinetics and Mechanism of Restructuring of Atmospheric Soot and Associated Impact on Light Absorption,University of North Alabama
1331368,2015-07-10,86000,Fellowship Award,AGS-PRF: Study of Dayside Reconnection Through Cusp Ion Structures,Connor                  HyunJu
1433536,2015-07-10,86000,Fellowship Award,AGS-PRF:  High-Order Simulations of E-region Turbulence and Large Scale Structuring,Fletcher                Alexander
1446480,2015-07-10,572940,Standard Grant,Exploring the Causes for Indian Ocean Decadal Climate Variability,University of Colorado at Boulder
1523500,2015-07-10,524889,Standard Grant,Quantifying the Effect of Vapor Wall Deposition on Chamber-Derived Yields of Secondary Organic Aerosol,California Institute of Technology
1524569,2015-07-10,86000,Fellowship Award,AGS-PRF Coupling Between Regional Climate Feedbacks and Large-Scale Circulation in a Hierarchy of Models,Feldl                   Nicole
1524767,2015-07-10,86000,Fellowship Award,AGS-PRF:  Direct Radiative Effects of Saharan Dust on the Dynamics of the African Easterly Jet and African Easterly Waves,Grogan                  Dustin         F
1524857,2015-07-10,86000,Fellowship Award,AGS-PRF: Photochemistry of Impurities in Nature-Identical Snow Crystals,Hullar                  Ted
1445783,2015-07-12,240000,Continuing Grant,Collaborative Research: CEDAR: High-Resolution Imaging of Instability Dynamics and Breakdown,"GLOBAL ATMOSPHERIC TECHNOLOGIES AND SCIENCES, INC."
1450660,2015-07-12,240000,Continuing Grant,Collaborative Research: CEDAR: High-Resolution Imaging of Instability Dynamics and Breakdown,Aerospace Corporation
1352669,2015-07-13,650564,Continuing Grant,CAREER: Kinetic Phenomena Upstream from the Earth's Bow Shock and Their Geomagnetic Effects,University of Alaska Fairbanks Campus
1452183,2015-07-13,237746,Continuing Grant,CEDAR: Analysis of High Resolution Stratospheric Observations of Polar Mesospheric Clouds,Columbia University
1452351,2015-07-13,500000,Continuing Grant,"CEDAR: Simultaneous Fe and Na Doppler Lidar Measurements of Heat and Constituent Fluxes in the Mesopause Region and Neutral Metal Layers, Winds and Temperatures in the Thermosphere",University of Colorado at Boulder
1464264,2015-07-13,114576,Standard Grant,Collaborative Research: Nitrogen Partitioning and Evolution of Particulate Organic Nitrogen in Peat Fire Emissions,Michigan Technological University
1464501,2015-07-13,294994,Standard Grant,Collaborative Research: Nitrogen Partitioning and Evolution of Particulate Organic Nitrogen in Peat Fire Emissions,"Nevada System of Higher Education, Desert Research Institute"
1505145,2015-07-13,849543,Standard Grant,Studies of the Early-1990s Climate Shift in the Pacific and Its Linkage to the Atlantic Multi-decadal Oscillation,University of California-Irvine
1507493,2015-07-13,740000,Continuing Grant,Board on Atmospheric Sciences and Climate in Support of NSF's Missions,National Academy of Sciences
1515960,2015-07-13,435083,Standard Grant,Zonal Asymmetries in the Low-Latitude Hydrological Cycle over a Broad Range of Climates,Yale University
1536551,2015-07-13,119945,Standard Grant,"Collaborative Research: Laboratory Investigations of Particle-Organic Vapor Interactions: Effects on Particle Formation, Growth, and Properties",Massachusetts Institute of Technology
1536939,2015-07-13,318222,Standard Grant,"Collaborative Research: Laboratory Investigations of Particle-Organic Vapor Interactions: Effects on Particle Formation, Growth, and Properties",Boston College
1537009,2015-07-13,160000,Standard Grant,"Collaborative Research: Laboratory Investigations of Particle-Organic Vapor Interactions: Effects on Particle Formation, Growth, and Properties",Pennsylvania State Univ University Park
1537446,2015-07-13,200000,Standard Grant,"Collaborative Research: Laboratory Investigations of Particle-Organic Vapor Interactions: Effects on Particle Formation, Growth, and Properties",Aerodyne Research Inc
1539972,2015-07-13,470709,Standard Grant,The Influence of Recent Volcanic Eruptions on Stratospheric Ozone Recovery:  A Data Analysis and Modeling Study Including Estimated Uncertainties,Massachusetts Institute of Technology
1540518,2015-07-13,1043639,Standard Grant,Studies in the Climate Dynamics of Moist Processes,University of California-Los Angeles
1459862,2015-07-14,54901,Continuing Grant,Collaborative Research: SHINE: Data-constrained Simulations of Coronal Mass Ejection Initiation and Propagation,Regents of the University of Michigan - Ann Arbor
1460165,2015-07-14,193453,Continuing Grant,Collaborative Research: SHINE: Data-constrained Simulations of Coronal Mass Ejection Initiation and Propagation,Smithsonian Institution Astrophysical Observatory
1460179,2015-07-14,58956,Continuing Grant,Collaborative Research: SHINE: Data-constrained Simulations of Coronal Mass Ejection Initiation and Propagation,University of New Hampshire
1460188,2015-07-14,162528,Continuing Grant,Collaborative Research: SHINE: Data-constrained Simulations of Coronal Mass Ejection Initiation and Propagation,George Mason University
1502990,2015-07-14,100007,Standard Grant,Collaborative Research: P2C2--Last Interglacial Earth System: Testing Transient Climate and Ice-sheet Simulations with a Proxy-data Network,University of Wisconsin-Madison
1503032,2015-07-14,80436,Standard Grant,Collaborative Research: P2C2--Last Interglacial Earth System: Testing Transient Climate and Ice-sheet Simulations with a Proxy-data Network,Oregon State University
1522906,2015-07-15,289572,Continuing Grant,Collaborative Research:  Observational and Modeling Studies of Overshooting Convection and Stratosphere-Troposphere Exchange,Texas A&M University
1522910,2015-07-15,240798,Standard Grant,Collaborative Research:  Observational and Modeling Studies of Overshooting Convection and Stratosphere-Troposphere Exchange,University of Oklahoma Norman Campus
1454089,2015-07-16,574123,Standard Grant,CAREER: Hydroclimatic Response to Natural and Anthropogenic Land Cover Change over South America: A Focus on the La Plata River Basin,University of Illinois at Urbana-Champaign
1519271,2015-07-16,489849,Standard Grant,Examining the Connections between Observed Atmospheric Gravity Waves and Convective Clouds for Improved Climate Simulations,"NorthWest Research Associates, Incorporated"
1547252,2015-07-16,221730,Continuing Grant,Understanding Storm-Time Electromagnetic Ion Cyclotron (EMIC) Wave Occurrences and Their Relationship to Ground Signatures,New Jersey Institute of Technology
1461292,2015-07-17,326910,Standard Grant,REU Site: Regional Atmospheric Chemistry: State-of-the-art Measurement and Modeling in the Pacific Northwest,Washington State University
1443749,2015-07-20,345000,Continuing Grant,Analysis and Modeling of the Data from CubeSat: Colorado Student Space Weather Experiment (CSSWE),University of Colorado at Boulder
1524725,2015-07-20,172000,Fellowship Award,AGS-PRF: Reconstructing Late Pleistocene East African Hydroclimate from Triple Oxygen Isotopes: A Novel Multi-Proxy Approach,Moerman                 Jessica        W
1524866,2015-07-20,172000,Fellowship Award,AGS-PRF Impacts of Large-Scale Dynamics on Regional Climate Sensitivity: Model-Paleodata Comparisons in Three Mid-Latitude Regions,Lora                    Juan           M
1452097,2015-07-21,172866,Continuing Grant,Collaborative Research: CEDAR: Causal Relationships of Ion-neutral Coupling Processes at Mid-latitudes,Regents of the University of Michigan - Ann Arbor
1452203,2015-07-21,173030,Continuing Grant,Collaborative Research: CEDAR: Causal Relationships of Ion-neutral Coupling Processes at Mid-latitudes,Johns Hopkins University
1452291,2015-07-21,360000,Continuing Grant,Collaborative Research: CEDAR: Causal Relationships of Ion-neutral Coupling Processes at Mid-latitudes,University of Illinois at Urbana-Champaign
1452333,2015-07-21,312892,Continuing Grant,CEDAR: High-resolution Multistatic Mapping of Small-Scale Flow Structures in Earth's Auroral Thermosphere,University of Alaska Fairbanks Campus
1552142,2015-07-21,612689,Continuing Grant,Collaborative Research:  Integration of Extended Magnetohydrodynamic (MHD) and Kinetic Effects in Global Magnetosphere Models,Princeton University
1505198,2015-07-22,459601,Standard Grant,The Precipitation Response to El Niño/Southern Oscillation (ENSO) over Tropical South America: Spatial and Temporal Heterogeneity and the Role of the Land Surface,Rutgers University New Brunswick
1528249,2015-07-23,17837,Standard Grant,ONFIRE (ObservatioNs of Fire's Impact on the southeast atlantic REgion),University of Miami
1518486,2015-07-24,1799999,Standard Grant,CNH-L: The Coupled Dynamics of Human-Dryland River Systems: Linkages and Feedbacks Between Human and Environmental Drivers of Water Quality and Human Health,Virginia Polytechnic Institute and State University
1524270,2015-07-24,86000,Fellowship Award,AGS-PRF:  The Effect of Principal and Distant Rainbands on Tropical Cyclone Intensity and Structures,Moon                    Yumin
1524435,2015-07-24,86000,Fellowship Award,AGS-PRF:  Daytime to Nocturnal Convective Transition in the Central United States,Peters                  John           M
1520683,2015-07-27,2734526,Standard Grant,Hazard SEES: An Integrated Approach to Risk Assessment and Management in Responding to Land Falling Hurricanes in a Changing Climate,Princeton University
1520825,2015-07-27,2811000,Continuing Grant,"Hazards SEES: Advanced Lagrangian Methods for Prediction, Mitigation and Response to Environmental Flow Hazards",Massachusetts Institute of Technology
1522551,2015-08-06,423380,Standard Grant,Cloud-resolved Chemistry Simulations of Selected DC3 Thunderstorms,"University of Maryland, College Park"
1522829,2015-08-06,298314,Standard Grant,"Exploring the Linkages among Mid-Latitude Dynamics, Clouds, and Climate Sensitivity",University of Virginia Main Campus
1526444,2015-08-06,671958,Continuing Grant,Characterization of the Effects of a Severe Drought on Dust Lifting,Regents of the University of Michigan - Ann Arbor
1535364,2015-08-06,337628,Standard Grant,"Distribution, Sources, and Air-Sea Fluxes of Short-Lived Organic Compounds During the O2/N2 Ratio and CO2 Airborne Southern Ocean (ORCAS) Study",University of Miami
1540223,2015-08-07,188037,Standard Grant,"The Ethics of Communicating Scientific Uncertainty: Understanding How Scientists, Environmental Lawyers, and Reporters Treat Uncertainty Workshops; Fall 2015 and Spring 2016",Environmental Law Institute
1544425,2015-08-07,397281,Standard Grant,Detailed Analysis of Brown Carbon Constituents in Biomass Burning Emissions,"Nevada System of Higher Education, Desert Research Institute"
1462544,2015-08-10,406595,Standard Grant,Dynamics of Large-scale Monsoons and their Response to Climate Changes,California Institute of Technology
1506691,2015-08-10,438404,Standard Grant,Laboratory Studies of Contact Efflorescence,University of Colorado at Boulder
1518503,2015-08-10,1799958,Standard Grant,CNH-L: Coastal Processes and Human Response to Shoreline Change,Woods Hole Oceanographic Institution
1524733,2015-08-10,96000,Fellowship Award,AGS-PRF:  Air-Sea Momentum flux at High Wind Speeds in the North Sea,Buckley                 Marc           P
1531549,2015-08-11,1200591,Standard Grant,MRI:  Development of An Airborne Infrared Spectrometer (AIR-Spec) for Coronal Emission Line Observation,Smithsonian Institution Astrophysical Observatory
1531714,2015-08-11,917836,Standard Grant,MRI:  Development: Development of a Ship-based C-Band Polarimetric Radar,Colorado State University
1532140,2015-08-11,2109118,Continuing Grant,MRI: Development of C-band Mobile Polarimetric Imaging Radar,University of Oklahoma Norman Campus
1550177,2015-08-11,257266,Continuing Grant,CAREER:  Air-sea Exchange of Volatile Organic Compounds--Impacts on Climate and Atmospheric Chemistry,University of Wisconsin-Madison
1522830,2015-08-12,3500000,Cooperative Agreement,Continued Operation of COSMIC GPS Radio Occultation Constellation in Support of Research Applications in Atmospheric Sciences,University Corporation For Atmospheric Res
1555013,2015-08-13,48988,Standard Grant,"Support for the Participation of U.S. Scientists and Students in the International Conference on Global Positioning System (GPS) Radio Occultation; Taipei, Taiwan; March 9-11, 2016",University Corporation For Atmospheric Res
1531284,2015-08-14,439950,Standard Grant,MRI: Acquisition of CI-API-TOFMS (Chemical Ionization Atmospheric Pressure Interface Time-of-Flight Mass Spectrometer) to Measure Condensible Vapors Associated with Fine Particles,Carnegie Mellon University
1445450,2015-08-17,500741,Continuing Grant,Collaborative Research: CubeSat: Ionosphere Thermosphere Scanning Photometer for Ion-Neutral Studies (IT-SPINS),Montana State University
1445465,2015-08-17,517187,Standard Grant,Collaborative Research: CubeSat: Observing Terrestrial Gamma-ray Flash (TGF) Beams With A Pair Of CubeSats,Auburn University
1445467,2015-08-17,279350,Continuing Grant,Collaborative Research: CubeSat: Ionosphere Thermosphere Scanning Photometer for Ion-Neutral Studies (IT-SPINS),SRI International
1445468,2015-08-17,454219,Continuing Grant,Collaborative Research: Cubesat--Ionospheric Scintillation Explorer (ISX),SRI International
1445477,2015-08-17,119910,Continuing Grant,Collaborative Research: CubeSat: Ionosphere Thermosphere Scanning Photometer for Ion-Neutral Studies (IT-SPINS),Johns Hopkins University
1445496,2015-08-17,376686,Standard Grant,Collaborative Research: CubeSat: Observing Terrestrial Gamma-ray Flash (TGF) Beams With A Pair Of CubeSats,University of Alabama in Huntsville
1445500,2015-08-17,448097,Continuing Grant,Collaborative Research: Cubesat--Ionospheric Scintillation Explorer (ISX),California Polytechnic State University Foundation
1454839,2015-08-17,499996,Continuing Grant,"CAREER: Quantification of Ionosphere/Thermosphere System Drivers, State Parameters, and Fundamental Coupling Mechanisms",University of Illinois at Urbana-Champaign
1528451,2015-08-18,47777,Standard Grant,Scientific Program Overview: The Perdigao Field Experiment,University of Notre Dame
1452309,2015-08-21,499803,Continuing Grant,CEDAR: Investigating Helium Behavior and Its Role in the Thermosphere,University of Colorado at Boulder
1510354,2015-08-25,300000,Continuing Grant,Atmospheric Turbulence - Detailed Modeling and Characterization from Radosonde Observations,"GLOBAL ATMOSPHERIC TECHNOLOGIES AND SCIENCES, INC."
1540954,2015-08-25,572578,Standard Grant,Ice Nucleation in Cirrus Clouds: Anthropogenic Climate Forcing and Uncertainties,Regents of the University of Michigan - Ann Arbor
1519006,2015-08-27,359549,Continuing Grant,Understanding the Contributions from Thunderstorms and Electrified Shower Clouds to the Global Electric Circuit,Texas A&M University Corpus Christi
1449633,2015-08-28,40000,Continuing Grant,Collaborative Research: Quantification of Gravity Wave Momentum Fluxes and Instability Events in the Mesosphere and Lower Thermosphere (MLT) Region at High- and Mid- Latitudes,"GLOBAL ATMOSPHERIC TECHNOLOGIES AND SCIENCES, INC."
1452744,2015-08-28,196103,Continuing Grant,Collaborative Research: Quantification of Gravity Wave Momentum Fluxes and Instability Events in the Mesosphere and Lower Thermosphere (MLT) Region at High- and Mid- Latitudes,Utah State University
1451142,2015-08-31,374698,Continuing Grant,Collaborative Research: Quantitative Analysis of Lightning's Multifaced Impact on the Ionosphere,Georgia Tech Research Corporation
1451210,2015-08-31,245024,Continuing Grant,Collaborative Research: Quantitative Analysis of Lightning's Multifaced Impact on the Ionosphere,University of Colorado at Denver
1462298,2015-08-31,114384,Continuing Grant,Collaborative Research: MSTIDs: Multi-Site Tomography of Ionospheric Disturbances,Scientific Solutions Incorporated
1463967,2015-08-31,204000,Continuing Grant,Collaborative Research: MSTIDs: Multi-Site Tomography of Ionospheric Disturbances,Johns Hopkins University
1523305,2015-08-31,74054,Continuing Grant,Collaborative Research: Lightning Studies in a Polluted Atmosphere,Massachusetts Institute of Technology
1523325,2015-08-31,569447,Continuing Grant,Collaborative Research: Lightning Studies in a Polluted Atmosphere,Texas A&M University
1523331,2015-08-31,159898,Continuing Grant,Collaborative Research: Lightning Studies in a Polluted Atmosphere,University of Oklahoma Norman Campus
1532038,2015-08-31,198952,Standard Grant,Lightning Initiation Studies,University of Mississippi
1536460,2015-08-31,899953,Continuing Grant,Improving our Understanding of Tornadic Storms using VORTEX2 Observations and Idealized Simulations,Pennsylvania State Univ University Park
1451911,2015-09-01,454988,Continuing Grant,Properties of Meso-scale Polar Cap Structures and their Coupling to Nightside Auroral Dynamics,University of California-Los Angeles
1535426,2015-09-01,615757,Standard Grant,Collaborative Research: Understanding Congo Rainfall Variability and Trends,SUNY at Albany
1535439,2015-09-01,259553,Standard Grant,Collaborative Research: Understanding Congo Rainfall Variability and Trends,Florida State University
1535746,2015-09-01,321455,Continuing Grant,Characterizing Cumulus Cloud Cover with Transilient Matrices,University of California-Berkeley
1465216,2015-09-02,648866,Continuing Grant,"Feedbacks between Vegetation, Aerosol and Cloud Processes Using Observations and a Unified Regional Climate Model",Colorado State University
1500900,2015-09-02,374964,Continuing Grant,Toward and Improved Understanding and Parameterization of the Stable Atomospheric Boundary Layer,Marquette University
1531690,2015-09-02,347295,Continuing Grant,Collaborative Research: Impact of Snowfall Processes on Potential Vorticity Generation in High-Latitude Snow Events,University of Wisconsin-Madison
1531930,2015-09-02,448966,Standard Grant,Collaborative Research: Impact of Snowfall Processes on Potential Vorticity Generation in High-Latitude Snow Events,University of Utah
1522492,2015-09-03,283121,Continuing Grant,Collaborative Research: Extreme Rainfall in Urban Environments,Princeton University
1522494,2015-09-03,313096,Standard Grant,Collaborative Research: Extreme Rainfall in Urban Environments,Purdue University
1450864,2015-09-04,387691,Continuing Grant,Acceleration of Electrons in a Reconnecting Magnetotail,University of California-Los Angeles
1451218,2015-09-04,30000,Standard Grant,Collaborative Research: Experimental Investigation of Micrometeoroid Ablation,University of Colorado at Boulder
1451241,2015-09-04,75000,Standard Grant,Collaborative Research: Experimental Investigation of Micrometeoroid Ablation,Catholic University of America
1502774,2015-09-04,179670,Continuing Grant,GEM: Experimental Identification of Plasma Wave Modes in Vicinity of KH Vortices and in Plasma 'Mixing' Regions in Low Latitude Boundary Layer,Embry-Riddle Aeronautical University
1532423,2015-09-04,437107,Continuing Grant,Collaborative Research: The Meteorological Variability of the Two Dimensional/Temporal Structures of Drop Size Distributions and Rain,RJH Scientific Incorporated
1532977,2015-09-04,345911,Continuing Grant,Collaborative Research: The Meteorological Variability of the Two Dimensional/Temporal Structures of Drop Size Distributions and Rain,College of Charleston
1534670,2015-09-04,499998,Continuing Grant,Using Improved Aerosol Optical Thickness (AOT) and Cloud Condensation Nuclei (CCN) Relationship and Aerosol Composition to Study the Impact of Aerosol on Cloud Microphysics,"University of Maryland, College Park"
1540585,2015-09-04,559082,Continuing Grant,A Theoretical and Numerical Study of 2D and 3D Flow over Dynamically Tall Mountain Ranges,University of California-San Diego Scripps Inst of Oceanography
1443011,2015-09-08,446261,Continuing Grant,Wave-vector-resolved Study of Lightning Whistler Propagation and Energetics in the Low-latitude Plasmasphere,University of Washington
1455470,2015-09-08,374999,Continuing Grant,Dynamics of the Inner Radiation Belt Near the Trapping Limit,Dartmouth College
1518376,2015-09-08,1798784,Standard Grant,CNH-L: Linking Ecosystem Services and Governance of Water Resources in Urbanized Landscapes,University of Arizona
1518541,2015-09-08,499923,Standard Grant,CNH-S: The New 100th Meridian: Urban Water Resiliency in a Climatic and Demographic Hot Spot,University of Texas at Austin
1543786,2015-09-08,599859,Standard Grant,"Spatial Variability in Organic Aerosol: Relationships between Sources, Processing, and Composition",Carnegie Mellon University
1518501,2015-09-10,500000,Standard Grant,CNH-S: RUI: Understanding the effective processes by which communities manage tropical forests,Colgate University
1539881,2015-09-10,537817,Standard Grant,Identification of Cloud-Nucleating and Ice-Nucleating Biological Aerosol Sources,Texas A&M University
1551518,2015-09-10,343000,Standard Grant,Assessment of the National Science Foundation's 2015 Geospace Portfolio Review,National Academy of Sciences
1559702,2015-09-10,378482,Cooperative Agreement,National Center for Atmospheric Research Activities Funded by the Defense Advanced Research Projects Agency (DARPA),University Corporation For Atmospheric Res
1502934,2015-09-11,270440,Continuing Grant,"GEM: Subauroral Polarization Streams (SAPS): Stormtime Empirical Modeling, Database Generation and Comparison with Rice Convection Model-Equilibrium (RCM-E)",University of Texas at Dallas
1503933,2015-09-11,299920,Interagency Agreement,"Community Coordinated Modeling Center: Research, Education, Development Initiative (REDI)",NASA/GODDARD SPACE FLIGHT CENTER
1521747,2015-09-11,250000,Continuing Grant,Interaction of Lightning Electromagnetic Pulse with the Ionosphere,University of Florida
1501297,2015-09-14,267515,Standard Grant,Theoretical Studies of Spectroscopic Line Mixing in Remote Sensing Applications with Theoretical Support to Improve the Accuracy of the HITRAN H2O Database,Columbia University
1503389,2015-09-14,1000000,Continuing Grant,"The Community Coordinated Modeling Center: Ionosphere-Thermosphere-Mesosphere Models, Applications and Services for Research, Forecasting and Analysis",Catholic University of America
1550742,2015-09-15,168286,Standard Grant,Impact of Total Column Water Vapor Measurements on Short- to Medium- Range Forecasts of North American Monsoon Precipitation,University of Washington
1531454,2015-09-16,540111,Standard Grant,MRI: Acquisition of an Ultrahigh Resolution Mass Spectrometer for Interdisciplinary Research and Education,Michigan Technological University
1555801,2015-09-21,222962,Continuing Grant,GEM:  Exploring the Relative Influence of Different Classes of Ion Outflow on the Coupled Dynamics of the Magnetosphere-Ionosphere-Thermosphere System,SRI International
1408812,2015-09-22,355790,Continuing Grant,HyperOVATION:  Continuous Global Auroral Imaging at High Cadence,Johns Hopkins University
1561232,2015-10-26,30000,Standard Grant,"Workshop on the Impacts of Space Weather on Economic Vitality and National Security; College Park, Maryland","University of Maryland, College Park"
1525465,2015-11-04,86000,Fellowship Award,AGS-PRF Reconstruction of the Indian Summer Paleo Monsoon During the Past 8 ka,Gill                    Emily
1561121,2015-11-05,68758,Standard Grant,RAPID: Capturing the Signature of a Strong El Nino Event in Galapagos Lake Sediment Records: the 2015/16 El Nino Opportunity,Trustees of Boston University
1603377,2015-11-06,96299,Standard Grant,RAPID: Characterizing the Chemical and Physical Signature of the 2015-16 El Nino in the Quelccaya Ice Cap Snow and Ice to Calibrate Past ENSO Reconstructions,"OHIO STATE UNIVERSITY, THE"
1546136,2015-11-09,415385,Standard Grant,Modeling Aqueous Secondary Organic Aerosol Formation,Columbia University
1450136,2015-11-13,252000,Continuing Grant,Collaborative Research: Inner-Magnetospheric Array for Geospace Science: iMAGS,Boston College
1450512,2015-11-13,412566,Continuing Grant,Collaborative Research: Inner-Magnetospheric Array for Geospace Science: iMAGS,Regents of the University of Michigan - Ann Arbor
1551981,2015-11-13,378726,Standard Grant,COLLABORATIVE RESEARCH: Chlorine Activation in Biomass Burning Plumes,University of Washington
1552608,2015-11-13,399501,Standard Grant,COLLABORATIVE RESEARCH: Chlorine Activation in Biomass Burning Plumes,Carnegie Mellon University
1612681,2015-11-13,135177,Continuing Grant,"Critical Raindrop Characteristics: Fall Speed, Shape, and Size Distributions",University of Texas at San Antonio
1541624,2015-11-17,592055,Continuing Grant,Improving Understanding of Convection Initiation in Nocturnal Environments During PECAN (Plains Elevated Convection at Night) Using High-Resolution Ensemble Data Assimilation,University of Colorado at Boulder
1612532,2015-11-18,57715,Standard Grant,EAGER:  Towards a Paleoproxy of Stratospheric Chemistry Using Meteorite Fusion Crusts,Washington University
1559717,2015-12-01,296683,Continuing Grant,EAGER: Transformative Modeling Studies of Magnetosphere-Ionosphere/Thermosphere System,University of Massachusetts Lowell
1619827,2015-12-01,105155,Standard Grant,P2C2: Collaborative Research:Spatiotemporal Variability of Northwestern North American Temperatures in Response to Climatic Forcing,University of Arizona
1540783,2015-12-07,500000,Standard Grant,Understanding Essential Dynamics and Predictability of Madden-Julian Oscillation (MJO),University of Hawaii
1455492,2015-12-10,430804,Continuing Grant,Global Transport of Magnetic Energy in Active Regions on the Sun,University of California-Berkeley
1545927,2015-12-15,733495,Continuing Grant,Mountain-Wave Evolution and Orographic Precipitation,University of Washington
1623727,2015-12-21,93491,Standard Grant,P2C2: Collaborative Research: Past Ocean-Atmosphere Variability from Spatiotemporal Patterns of North Atlantic Climate During the Common Era,University of Arizona
1550566,2016-01-12,330000,Continuing Grant,Theoretical Study of Auroral Radio Waves,"University of Maryland, College Park"
1552286,2016-01-13,381663,Continuing Grant,CEDAR: Understanding Day-to-Day Tidal Variability,University of Colorado at Boulder
1502937,2016-01-19,139311,Continuing Grant,GEM: The Role of Heavy Ion Outflow in Driving Sawtooth Oscillations,University of New Hampshire
1625380,2016-01-20,43026,Standard Grant,"EAGER:  Development of a Novel Double-resonance Fiber-laser-induced Fluorescence Instrument for Long-term, High-sensitivity, Interference-free Measurements of Hydroxyl Radical (OH)",Harvard University
1620694,2016-01-21,25000,Standard Grant,"2016 Atmospheric Optics: Aerosols, Visibility, and the Radiative Balance Conference; Jackson Hole, Wyoming; September 27-30, 2016",Air & Waste Management Association
1601877,2016-01-22,907146,Continuing Grant,SHINE Workshop Coordination: 2016-2020,University of New Hampshire
1552027,2016-01-25,343509,Continuing Grant,CEDAR: Atmosphere-Ionosphere Coupling as Revealed in Global Magnetic Field Perturbations,University of Colorado at Boulder
1552130,2016-01-25,201919,Continuing Grant,CEDAR: Solar Extreme Ultraviolet Irradiance Effects on the Coupled Ionosphere-Thermosphere System,University of Texas at Dallas
1500187,2016-01-27,656746,Standard Grant,Development and Testing of a Global Quasi-3-D Multi-scale Modeling Framework,Colorado State University
1552177,2016-01-27,456363,Continuing Grant,"CEDAR: High Speed Spectroscopic Studies of lightning bolts: Starters, Jets, and Gigantic Jets",Florida Institute of Technology
1555034,2016-02-02,672184,Continuing Grant,"CAREER: Integrated Laboratory and Field Studies of Organic Nitrates from BVOC + NO3:  Formation, Processing, and Fates",Georgia Tech Research Corporation
1550816,2016-02-03,545882,Standard Grant,"Development, Validation, and Application of Multicomponent Atmospheric New Particle Formation Schemes",SUNY at Albany
1554936,2016-02-03,477561,Continuing Grant,"CAREER: Understanding Multiphase Atmospheric Aerosol Particle Thermodynamics using Models, Mimics, and Microfluidics",University of Minnesota-Twin Cities
1555479,2016-02-03,488281,Standard Grant,Studies of Optical and Chemical Properties of Biomass Burning Aerosols,North Carolina Agricultural & Technical State University
1552321,2016-02-08,320165,Continuing Grant,CEDAR: Characterizing Electron Loss to the Atmosphere Using Multi-point Measurements From Riometers and Spacecraft,University of California-Los Angeles
1524598,2016-02-09,86000,Fellowship Award,AGS-PRF: Gravity Wave Multi-Scale Interactions and Measurements,Bossert                 Katrina
1547476,2016-02-09,599958,Continuing Grant,Passive Optical Remote Sensing of Wind Velocities and Turbulence by Spatiotemporal Analysis of Image Distortions of Random Scenes,"NorthWest Research Associates, Incorporated"
1547752,2016-02-09,575488,Continuing Grant,Collaborative Research: Towards Further Understanding of Aerosol Pollution Impacts on Tropical Cyclones,Colorado State University
1547903,2016-02-09,173104,Continuing Grant,Collaborative Research: Towards Further Understanding of Aerosol Pollution Impacts on Tropical Cyclones,University of Miami
1552077,2016-02-09,248314,Standard Grant,Collaborative Research: Formation of Organic Nitrogen and Secondary Organic Aerosol Related to Nitrate Radical Oxidation of Volatile Organic Compounds,University of Houston
1552086,2016-02-09,238544,Standard Grant,Collaborative Research: Formation of Organic Nitrogen and Secondary Organic Aerosol Related to Nitrate Radical Oxidation of Volatile Organic Compounds,William Marsh Rice University
1502436,2016-02-12,124062,Continuing Grant,Collaborative Research:  GEM: System Study of the Plasmasphere in Solar Wind-Magnetosphere Coupling,Trustees of Boston University
1502478,2016-02-12,149893,Continuing Grant,Collaborative Research: GEM: System Study of the Plasmasphere in Solar Wind-Magnetosphere Coupling,Regents of the University of Michigan - Ann Arbor
1503097,2016-02-12,292698,Continuing Grant,GEM: Magnetotail Reconnection Signatures at Lunar Orbit,University of California-Los Angeles
1543268,2016-02-16,999473,Standard Grant,Reducing Uncertainty Surrounding Climate Change Using Emergent Constraints,University of California-Los Angeles
1546743,2016-02-16,509319,Standard Grant,Extratropical Transition and Recurvature of Tropical Cyclones in a Changing Climate,North Carolina State University
1550611,2016-02-16,291049,Standard Grant,Dynamics and Kinematics of the Monsoon Anticyclones,Texas A&M University
1554777,2016-02-16,666899,Continuing Grant,CAREER: Molecular Mechanism of Atmospheric Mercury through Speciation-Resolved Experiments,New Jersey Institute of Technology
1552188,2016-02-22,345173,Continuing Grant,CEDAR: Effects of the 2017 Total Solar Eclipse on the Earth's Ionosphere,Virginia Polytechnic Institute and State University
1603336,2016-02-24,27660,Standard Grant,"""Rossbypalooza"", A Student-led Workshop at the Interface of Climate Dynamics and Statistics; Chicago, Illinois; July 25-29, 2016",University of Chicago
1628491,2016-03-01,205116,Standard Grant,Anthropogenic Influence on Oxidative Capacity and BVOC Oxidation During GoAmazon 2014,Harvard University
1628530,2016-03-01,88997,Standard Grant,Field and Laboratory Study of Rural Volatile Organic Compounds (VOCs) Oxidation and Secondary Organic Aerosol (SOA) Formation Utilizing Measurements of Formaldehyde and Glyoxal,Harvard University
1614840,2016-03-03,29060,Standard Grant,"Observations, Theory, and Simulations of the Sun-Earth System International Symposium; Golden Sands, Varna, Bulgaria; September 12-16, 2016",SPACE SCIENCE INSTITUTE
1623505,2016-03-03,120655,Standard Grant,Drying Versus Wettening of the East African Climate,University of Maine
1629819,2016-03-04,20000,Standard Grant,"2016 Summer School and Dynamical Core Model Intercomparison Project; Boulder, Colorado; June 6-17, 2016",University of California-Davis
1552176,2016-03-07,159907,Continuing Grant,Collaborative Research: CEDAR--Life Cycle of the Quasi Two-Day Wave in the Southern Hemisphere,"GLOBAL ATMOSPHERIC TECHNOLOGIES AND SCIENCES, INC."
1552255,2016-03-07,74874,Continuing Grant,Collaborative Research: CEDAR--Life Cycle of the Quasi Two-Day Wave in the Southern Hemisphere,"NorthWest Research Associates, Incorporated"
1632913,2016-03-10,109982,Standard Grant,RAPID: The Mechanisms Driving Extreme Precipitation in Atmospheric Rivers with an Integrated Stable Isotope and Aerosol Chemistry Approach,Santa Clara University
1541944,2016-03-11,287769,Continuing Grant,Collaborative Research: Heterogeneous Ice Nucleation in Clouds: A Synergistic Experimental and Simulation Approach,Clemson University
1541998,2016-03-11,263283,Continuing Grant,Collaborative Research: Heterogeneous Ice Nucleation in Clouds: A Synergistic Experimental and Simulation Approach,Michigan Technological University
1531636,2016-03-14,106500,Standard Grant,MRI: Acquisition of a Gas Chromatograph-Mass Spectrometer (GCMS) for Citizen- and Student-Driven Inquiry in Urban District of Columbia,Trinity College
1555003,2016-03-14,636101,Continuing Grant,CAREER: Quantifying the Formation and Persistence of Brown Carbon Compounds Through Observational and Laboratory Studies,Harvey Mudd College
1623429,2016-03-14,243869,Continuing Grant,EAGER: Exploring Aerosol Indirect Effects in a Laboratory Cloud Chamber,Michigan Technological University
1630493,2016-03-14,90000,Standard Grant,EAGER: Development of a Forensic Pollen Database and Climate Modeling Platform,Florida Institute of Technology
1634201,2016-03-14,30000,Standard Grant,"Coordination and Student Support for the Super Dual Auroral Radar Network (SuperDARN) Workshop; Fairbanks, Alaska; May 29-June 3, 2016",University of Alaska Fairbanks Campus
1623025,2016-03-15,20000,Standard Grant,"Interdepartmental Hurricane Operations/Research Forum; Miami, Florida; March 15-17, 2016",University Corporation For Atmospheric Res
1552385,2016-03-16,540436,Standard Grant,Atmospheric Blocking: Dynamics and Responses to Climate Change,Harvard University
1553715,2016-03-16,654040,Continuing Grant,CAREER: Ecosystem-driven Accelerations and Oscillations in the Coupled Earth System,University of Washington
1555851,2016-03-16,606068,Standard Grant,Modeling and Observational Studies of Inertial Instability Near the Tropopause,University of Wisconsin-Madison
1557353,2016-03-16,490696,Standard Grant,Understanding Large-scale Zonal Jet Variability and Change,University of Wisconsin-Madison
1547003,2016-03-17,635603,Standard Grant,Understanding Two-way Coupling Between Cloud Radiative Effects and the Large-Scale Extratropical Atmospheric Circulation,Colorado State University
1631965,2016-03-17,24764,Standard Grant,"The International Beacon Satellite Symposium 2016; Trieste, Italy; June 27 - July 1, 2016",Boston College
1632679,2016-03-17,63189,Standard Grant,EAGER: Identifying the Limitations of the Contemporary Planetary Boundary Layer Schemes Using an Extended Self-Similarity-based Framework,North Carolina State University
1543932,2016-03-21,692933,Standard Grant,The Madden Julian Oscillation and the Maritime Continent,Columbia University
1549259,2016-03-21,526406,Standard Grant,Evaluating Convective Parameterization Schemes and Their Scale-awareness Using Simulated Convection in a Hierarchy of Models,University of California-San Diego Scripps Inst of Oceanography
1559598,2016-03-21,227825,Standard Grant,Collaborative Research: Sizing Up the Smoke--Evaluating and Improving Our Ability to Predict Aged Wildfire Aerosol Size Distributions,Atmospheric and Environmental Research Inc
1559607,2016-03-21,372115,Standard Grant,Collaborative Research: Sizing Up the Smoke--Evaluating and Improving Our Ability to Predict Aged Wildfire Aerosol Size Distributions,Colorado State University
1560339,2016-03-21,362034,Standard Grant,REU Site: Climate Science Research at The Pennsylvania State University,Pennsylvania State Univ University Park
1561139,2016-03-21,433442,Standard Grant,Collaborative Research: Understanding the Effects of Increased Freshwater Inputs and Salt Water Intrusion on the Current and Future Greenhouse Carbon Balance of Everglade Wetlands,University of Alabama Tuscaloosa
1561161,2016-03-21,407424,Standard Grant,Collaborative Research: Understanding the Effects of Increased Freshwater Inputs and Salt Water Intrusion on the Current and Future Greenhouse Carbon Balance of Everglade Wetlands,Florida International University
1564565,2016-03-21,350822,Continuing Grant,Improved Understanding of Vertical Mixing in the Lower Atmospheric Boundary Layer in the Presence of Wind Turbines via Numerical Simulations and Measurements,University of Delaware
1521892,2016-03-22,122543,Continuing Grant,Collaborative Research:   Impacts of Ion-Neutral Coupling on Ion Upflow and Outflow in the Polar Cusp,Dartmouth College
1522133,2016-03-22,239594,Continuing Grant,Collaborative Research:  Impacts of Ion-Neutral Coupling on Ion Upflow and Outflow in the Polar Cusp,SRI International
1523097,2016-03-22,238982,Continuing Grant,"Aeronomy: The Relationship Between Mass, Luminosity and Radar Scattering Cross-section for Small-mass Meteors and their Effects on the Mesosphere","University of Maryland, College Park"
1546585,2016-03-22,354895,Standard Grant,"Collaborative Research: Stratospheric Age in a Changing Climate: Connecting Theory, Models, and Observations",New York University
1547733,2016-03-22,388860,Standard Grant,"Collaborative Research: Stratospheric Age in a Changing Climate: Connecting Theory, Models, and Observations",Massachusetts Institute of Technology
1554926,2016-03-22,534621,Continuing Grant,CAREER: Experimental and Theoretical Investigation of the Electrodynamics and Structuring of the Low-latitude Ionosphere,University of Texas at Dallas
1606539,2016-03-23,49890,Continuing Grant,Travel Support for U.S. Participants in the VarSITI Symposia/Meetings during 2016-2018,Catholic University of America
1613081,2016-03-23,152286,Continuing Grant,GEM:  Study the Precipitation of Radiation Belt Electrons during the Rapid Dropout Events,West Virginia University Research Corporation
1630846,2016-03-23,134623,Standard Grant,Collaborative Research:  Spray-Mediated Gas Fluxes across the Air-Sea Interface,University of Connecticut
1552245,2016-03-28,255224,Continuing Grant,Collaborative Research:  CEDAR--Quantifying Ion Drifts in the Mid-latitude Ionosphere and Their Coupling to the Neutral Atmosphere,University of Texas at Dallas
1552247,2016-03-28,99638,Continuing Grant,Collaborative Research:  CEDAR--Quantifying Ion Drifts in the Mid-latitude Ionosphere and Their Coupling to the Neutral Atmosphere,Virginia Polytechnic Institute and State University
1552248,2016-03-28,78449,Continuing Grant,Collaborative Research:  CEDAR--Quantifying Ion Drifts in the Mid-latitude Ionosphere and Their Coupling to the Neutral Atmosphere,University of Colorado at Boulder
1551299,2016-03-29,30000,Standard Grant,"American Geophysical Union (AGU) Chapman Conference on Currents in Geospace and Beyond; Dubrovnik, Croatia; May 22-27, 2016",American Geophysical Union
1565483,2016-03-31,368827,Continuing Grant,Collaborative Research:  Perdigao--The Stable Boundary Layer over Complex Terrain,University of California-Berkeley
1565498,2016-03-31,353728,Continuing Grant,Collaborative Research: Perdigao--The Stable Boundary Layer over Complex Terrain,University of Colorado at Boulder
1502806,2016-04-01,636422,Standard Grant,P2C2:   Synthesis Study of the Tropical Rain Belt Through the Holocene,Oregon State University
1546610,2016-04-01,564216,Continuing Grant,Dynamics of Tropical Cyclones and the InterTropical Convergence Zone (ITCZ),Colorado State University
1552519,2016-04-01,601670,Standard Grant,CAREER:   The Size of the Global Dust Cycle and its Radiative Impact on Climate,University of California-Los Angeles
1554055,2016-04-01,541439,Continuing Grant,CAREER:   BREEZE:  Boundary-layer REsearch and Education ZonE,University of Colorado at Boulder
1564495,2016-04-01,499248,Standard Grant,Impacts of the Biosphere on Global Tropospheric Chemistry and Climate,Massachusetts Institute of Technology
1565505,2016-04-01,366920,Continuing Grant,Collaborative Research:  Perdigao:  Multiscale Flow Interactions in Complex Terrain,Cornell University
1565535,2016-04-01,531260,Continuing Grant,Collaborative Research:   Perdigao: Multiscale Flow Interactions in Complex Terrain,University of Notre Dame
1565539,2016-04-01,397851,Continuing Grant,Collaborative Research:   Perdigao:  Multiscale Flow Interactions in Complex Terrain,University of Oklahoma Norman Campus
1557464,2016-04-04,317398,Continuing Grant,Analysis of Northern New England Cold-Air Damming Events,Plymouth State University
1602670,2016-04-05,297491,Standard Grant,Collaborative Research:   P2C2--A 5-million-year Record of Western Mediterranean Sea Level Variability,University of South Florida
1602685,2016-04-05,317363,Standard Grant,Collaborative Research:   P2C2--A 5-million-year Record of Western Mediterranean Sea Level Variability,University of New Mexico
1524651,2016-04-06,86000,Fellowship Award,AGS-PRF:  To what Extent are Jupiter's Magnetosphere and Aurora Influenced by the Solar Wind?,Vogt                    Marissa        F
1524755,2016-04-06,86000,Fellowship Award,AGS-PRF: Probing the Relationship Between Radiation Belt Electron Precipitation and Electromagnetic Ion Cyclotron (EMIC) Waves,Blum                    Lauren         W
1524731,2016-04-07,86000,Fellowship Award,AGS-PRF The Effect of Particle Viscosity in the Reactive Uptake of Isoprene-derived Epoxides to Submicron Aerosols,Zhang                   Yue
1524844,2016-04-07,96000,Fellowship Award,"AGS-PRF:  The Diurnal Cycle, Cloud-Radiative Feedbacks, and Large-scale Tropical Dynamics",Ruppert                 James          H
1524267,2016-04-08,86000,Fellowship Award,"AGS-PRF: Modeling Ice Crystal Habit Evolution from Vapor Growth and Riming--Investigating How Evolving Ice Particle Properties Impacts Clouds, Precipitation, and Phase Partitioning",Jensen                  Anders
1638873,2016-04-08,28075,Standard Grant,"2016 Gordon Research Conference on Biogenic Hydrocarbons and the Atmosphere: Diversity of Sources, Sinks, and Impacts of Atmospheric Organics in Spain; June 26-July 1, 2016",Gordon Research Conferences
1560419,2016-04-11,885653,Continuing Grant,REU Site: Real-World Research Experiences at the National Weather Center,University of Oklahoma Norman Campus
1561190,2016-04-11,366256,Continuing Grant,Multi-Point Monin-Obukhov Similarity and Spectral Dynamics in the Convective Atmospheric Surface Layer,Clemson University
1636761,2016-04-11,30000,Standard Grant,"The International Space Science Institute (ISSI) Workshop - The Scientific Foundations of Space Weather; Bern, Switzerland; June 27 - July 1, 2016",University of Colorado at Boulder
1502947,2016-04-12,360000,Continuing Grant,GEM Systems Science: Creating and Analyzing an Earth Index Collection,SPACE SCIENCE INSTITUTE
1549166,2016-04-13,177834,Standard Grant,Collaborative Research: Impact of Metals on Photochemical Aging of Water Soluble Organic Carbon in Atmospheric Particulate Matter: A Combined Lab and Field Study,University of Denver
1549387,2016-04-13,254219,Standard Grant,Collaborative Research: Impact of Metals on Photochemical Aging of Water Soluble Organic Carbon in Atmospheric Particulate Matter: A Combined Lab and Field Study,University of Colorado at Boulder
1558259,2016-04-13,550000,Standard Grant,Air chemistry Research In Asia (ARIAs): Aerosol and Trace Gas Emissions and Transformations over the North China Plain,"University of Maryland, College Park"
1561755,2016-04-18,370630,Standard Grant,"Leaf-level to Canopy NOx and Ozone Exchanges at University of Michigan Biological Station (UMBS) during PHotochemistry, Emissions, and Transport (PROPHET) 2016",University of Colorado at Boulder
1531312,2016-04-19,383598,Continuing Grant,Constraining the Structure and Dynamics of the Upper Layers of the Convective Zone Using Accurate High Spatial Degree Modes Derived from GONG Observations,Smithsonian Institution Astrophysical Observatory
1545675,2016-04-19,599693,Standard Grant,Seasonal Sensitivity of the Midlatitude Circulation to Future Climate Warming,Colorado State University
1619623,2016-04-19,30000,Standard Grant,"Space Weather Workshop 2016; Broomfield, Colorado; April 25-29, 2016",University Corporation For Atmospheric Res
1564510,2016-04-20,511518,Continuing Grant,Quantifying Energetic Electron Precipitation Driven By Magnetospheric Waves,University of California-Los Angeles
1601623,2016-04-20,296913,Standard Grant,Collaborative Research:  A Global View of Topographically Bound Low Level Jets,Colorado State University
1601628,2016-04-20,326601,Standard Grant,Collaborative Research:  A Global View of Topographically Bound Low Level Jets,Clarkson University
1638194,2016-04-22,113817,Standard Grant,EAGER: Adjustment to Balance in the Shallow Water Adjoint System,University of Wisconsin-Madison
1546939,2016-04-25,504711,Continuing Grant,Collaborative Research: SNOWIE: Seeded and Natural Orographic Wintertime clouds: the Idaho Experiment,University of Illinois at Urbana-Champaign
1546963,2016-04-25,560351,Continuing Grant,Collaborative Research: SNOWIE: Seeded and Natural Orographic Wintertime clouds: the Idaho Experiment,University of Colorado at Boulder
1547101,2016-04-25,796895,Continuing Grant,Collaborative Research: SNOWIE: Seeded and Natural Orographic Wintertime clouds: the Idaho Experiment,University of Wyoming
1602086,2016-04-25,634599,Standard Grant,Activation and Growth of Newly Formed Atmospheric Particles,California Institute of Technology
1630177,2016-04-25,595096,Continuing Grant,Wave-Wave Interactions and Upper Atmosphere Variability,University of Colorado at Boulder
1639587,2016-04-26,47116,Standard Grant,"Ground-Based Magnetometer Array Planning Workshop; Greenbelt, Maryland; May 5-6, 2016",Augsburg University
1623962,2016-04-27,199541,Standard Grant,RAPID: The Double-probe Instrumentation for Measuring Electric-fields (DIME) CubeSat,"ATMOSPHERIC & SPACE TECHNOLOGY RESEARCH ASSOCIATES, L.L.C."
1638579,2016-04-27,20000,Standard Grant,"Mountain Top Cloud Sampling: Experimental Design for Coordinated Study of Multiphase Chemical Mechanisms; March 1, 2016 to February 28, 2017",Rutgers University New Brunswick
1639103,2016-04-27,10000,Standard Grant,"The 2016 ACS (American Chemical Society) Renyi Zhang Symposium; Philadelphia, Pennsylvania; August 21-25, 2016",New Jersey Institute of Technology
1524667,2016-04-28,86000,Fellowship Award,AGS-PRF: The Role of Electric Fields in Plasma Structuring and Transport in the Mid- to High-Latitude Ionosphere,Thomas                  Evan           G
1551999,2016-04-28,176302,Continuing Grant,CEDAR: Lower-Upper Atmosphere Coupling via Acoustic Wave Energy,University of North Carolina at Chapel Hill
1565606,2016-04-29,74278,Continuing Grant,Collaborative Research:  Observations of High-energy Radiation Associated with Thunderstorms,Duke University
1602512,2016-04-29,241292,Standard Grant,Collaborative Research: P2C2--Quantifying the Risk of Widespread Megadrought in North America,University of Minnesota-Twin Cities
1602564,2016-04-29,316648,Standard Grant,Collaborative Research: P2C2--Quantifying the Risk of Widespread Megadrought in North America,Cornell University
1602956,2016-04-29,330950,Standard Grant,"P2C2: Extratropical Mechanisms, Land-Surface Properties, and Seasonal Precipitation Processes on Saharan Rainfall and Simulation of the African Humid Period",Regents of the University of Michigan - Ann Arbor
1606296,2016-04-29,280921,Standard Grant,Study of In-Scale/Out-Of-Scale Energetics/Scale Interactions for the Understanding of a Mechanism for the MJO using DYNAMO Data Sets,Florida State University
1612466,2016-04-29,60000,Continuing Grant,Collaborative Research:  Observations of High-energy Radiation Associated with Thunderstorms,University of New Hampshire
1613028,2016-04-29,465276,Continuing Grant,Collaborative Research:  Observations of High-energy Radiation Associated with Thunderstorms,University of California-Santa Cruz
1558134,2016-05-02,520193,Continuing Grant,Theory of Kinetic Alfven Waves and Auroral Particle Acceleration,University of Minnesota-Twin Cities
1608551,2016-05-02,588381,Standard Grant,"Collaborative Research: Determination of the Optical and Reactive Properties of Water Vapor of Relevance to Atmospheric Radiation, Cloud Physics and Chemistry",Health Research Incorporated/New York State Department of Health
1608735,2016-05-02,404701,Standard Grant,"Collaborative Research: Determination of the Optical and Reactive Properties of Water Vapor of Relevance to Atmospheric Radiation, Cloud Physics and Chemistry",SUNY at Albany
1547899,2016-05-03,269989,Standard Grant,Collaborative Research: Assessing and Understanding Climate Change in South America,Portland State University
1547912,2016-05-03,470096,Standard Grant,Collaborative Research: Assessing and Understanding Climate Change in South America,University of California-Los Angeles
1602097,2016-05-03,430283,Standard Grant,Collaborative Research: P2C2--The Role of El Niño/Southern Oscillation (ENSO) Nonlinearities and Asymmetries in Modulating Tropical Pacific Climate,University of Hawaii
1602580,2016-05-03,133347,Standard Grant,Collaborative Research: P2C2--The Role of El Niño/Southern Oscillation (ENSO) Nonlinearities and Asymmetries in Modulating Tropical Pacific Climate,University of Illinois at Urbana-Champaign
1638758,2016-05-03,15960,Standard Grant,"Travel Support for the 12th International Conference on Light and Color in Nature; Granada, Spain; May 31 - June 3, 2016",Montana State University
1502700,2016-05-09,298215,Continuing Grant,GEM: Response of Global Ionospheric Currents to Substorms: Implication for the Electric Field Penetration to the Inner Magnetosphere,Johns Hopkins University
1561066,2016-05-09,313384,Standard Grant,Collaborative Research: Lagrangian Simulations of the Madden Julian Oscillation over Warming Oceans,Yale University
1561084,2016-05-09,118630,Standard Grant,Collaborative Research: Lagrangian Simulations of the Madden Julian Oscillation over Warming Oceans,New Mexico Institute of Mining and Technology
1560313,2016-05-10,430273,Standard Grant,REU Site:   Solar Physics at the Harvard-Smithsonian Center for Astrophysics,Smithsonian Institution Astrophysical Observatory
1539791,2016-05-11,328630,Continuing Grant,Studies of White-Light and Black-Light Flares Using the 1.6 m New Solar Telescope (NST) at Big Bear Solar Observatory (BBSO),New Jersey Institute of Technology
1602461,2016-05-12,252608,Continuing Grant,RUI: Optical and Radio Studies of Coronal Plasma at the 2017 Eclipse,Williams College
1536738,2016-05-16,426050,Continuing Grant,Turbulent Ion Heating in the Magnetosheath,University of California-Berkeley
1602455,2016-05-16,93216,Standard Grant,Collaborative Research: P2C2--Reconstructing Holocene Dynamics of the Indo-Pacific Tropical Rain Belt using Australian Stalagmites and Coupled Climate Models,Woods Hole Oceanographic Institution
1602468,2016-05-16,62409,Standard Grant,Collaborative Research: P2C2--Reconstructing Holocene Dynamics of the Indo-Pacific Tropical Rain Belt using Australian Stalagmites and Coupled Climate Models,Iowa State University
1602520,2016-05-16,98707,Standard Grant,Collaborative Research: P2C2--Reconstructing Holocene Dynamics of the Indo-Pacific Tropical Rain Belt using Australian Stalagmites and Coupled Climate Models,University of New Mexico
1602544,2016-05-16,104085,Standard Grant,Collaborative Research: P2C2--Reconstructing Holocene Dynamics of the Indo-Pacific Tropical Rain Belt using Australian Stalagmites and Coupled Climate Models,Cornell College
1613169,2016-05-17,430780,Standard Grant,"Measurements of Hydroxyl (OH), Hydroperoxy (HO2), and Other Photo-Oxidants and Products During 2016 PROPHET (Program on Oxidants Photochemistry Emissions and Transport)",University of Colorado at Boulder
1560494,2016-05-20,697374,Standard Grant,Assessment of The Impacts of Black Carbon Emissions On Urban and Regional Air Quality and Climate: Mexico Case Study,Molina Center for Strategic Studies in Energy & the Environment
1559319,2016-05-23,177987,Standard Grant,RUI:  Epoxides from Biogenic Volatile Organic Compounds:  Gas Phase Formation and Aerosol Phase Reactions,Oberlin College
1560945,2016-05-23,860027,Standard Grant,Studies of Tornadoes and Severe Convective Storms,University of Oklahoma Norman Campus
1613260,2016-05-24,471167,Continuing Grant,Investigating the Correlation Between Lightning and High-Energy Particles in the Earth's Atmosphere,University of Utah
1622306,2016-05-24,337551,Continuing Grant,SHINE:  A Vlasov-Maxwell Study of Solar Wind Turbulence Heating and Distribution Function Dynamics,"University of Maryland, College Park"
1643306,2016-05-24,118754,Standard Grant,RAPID: Formaldehyde Measurements as Tracer of Local Processing of Reactive Volatile Organic Carbon During the Atmospheric Measurements of Oxidants in Summer Study,Harvard University
1621686,2016-05-25,370563,Continuing Grant,SHINE:  Characterizing the Coronal Origins of Slow Solar Wind using Heavy Ion Composition and Spectroscopic Observations,Regents of the University of Michigan - Ann Arbor
1640913,2016-05-25,16000,Standard Grant,"2016 Graduate Climate Conference; Seattle, Washington; October 28-30, 2016",University of Washington
1459930,2016-05-26,390000,Continuing Grant,Study of the Emission Heights of White-Light Solar Flares and their Hard X-Ray Sources,University of California-Berkeley
1502923,2016-05-26,369996,Continuing Grant,GEM:  The Generation of Falling-Tone Chorus and Scattering of Particles by Chirped Waves,New Jersey Institute of Technology
1622352,2016-05-31,357841,Continuing Grant,SHINE:  Multi-Spacecraft Observational Study and Magnetohydrodynamic (MHD) Modeling of Interplanetary Coronal Mass Ejections (ICMEs) Observed in Conjunction,University of New Hampshire
1602771,2016-06-01,444971,Standard Grant,Collaborative Research:  P2C2--Late Holocene Climate: Natural or Anthropogenic?,University of Wisconsin-Madison
1602967,2016-06-01,117881,Standard Grant,Collaborative Research:  P2C2--Late Holocene Climate: Natural or Anthropogenic?,University of Virginia Main Campus
1549512,2016-06-03,522055,Standard Grant,Intensity and Amplification of Tropical Deep Convection,University of Wisconsin-Madison
1552310,2016-06-06,156781,Continuing Grant,Collaborative Research: CEDAR: Modeling and Observation of Secondary Gravity Waves in the Thermosphere and Ionosphere Generated from Deep Convection,"ATMOSPHERIC & SPACE TECHNOLOGY RESEARCH ASSOCIATES, L.L.C."
1552315,2016-06-06,355367,Continuing Grant,Collaborative Research: CEDAR: Modeling and Observation of Secondary Gravity Waves in the Thermosphere and Ionosphere Generated from Deep Convection,"NorthWest Research Associates, Incorporated"
1560050,2016-06-06,535484,Standard Grant,REU Site: Research Experience for Undergraduates in Satellite and Ground-Based Remote Sensing at NOAA-CREST: Expanded Opportunities,CUNY New York City College of Technology
1602581,2016-06-06,626108,Standard Grant,P2C2: Reconstruction and Dynamics of Interhemispheric Hydroclimate Variability between the Americas,Columbia University
1552153,2016-06-07,310395,Continuing Grant,CEDAR: Impacts of Lower Atmosphere Forcing on the Mesosphere-lower Thermosphere and Ionosphere During September Equinox Transition,University Corporation For Atmospheric Res
1561996,2016-06-07,354628,Continuing Grant,Effects of Turbulent Dissipation and Pressure Perturbations on Clouds,University of Wisconsin-Milwaukee
1566450,2016-06-07,348814,Continuing Grant,Collaborative Research: P2C2--Ultra-High-Resolution Investigation of High Andean Snow and Ice Chemistry to Improve Paleoclimatic Reconstruction and Enhance Climate Prediction,Appalachian State University
1600018,2016-06-07,725107,Continuing Grant,Collaborative Research: P2C2--Ultra-High-Resolution Investigation of High Andean Snow and Ice Chemistry to Improve Paleoclimatic Reconstruction and Enhance Climate Prediction,University of Maine
1602009,2016-06-07,115540,Standard Grant,Collaborative Research: P2C2--Reconstructing Spatiotemporal Climatic Patterns for Northeastern Canada,Woods Hole Oceanographic Institution
1602022,2016-06-07,575951,Standard Grant,Collaborative Research: P2C2--Reconstructing Spatiotemporal Climatic Patterns for Northeastern Canada,Columbia University
1614345,2016-06-07,603142,Standard Grant,Frequent Weak-wind Boundary Layers Using New Analysis Techniques in the Space-time Domain,"NorthWest Research Associates, Incorporated"
1622413,2016-06-07,370649,Continuing Grant,SHINE:  Using the Solar Wind as a Turbulence Laboratory to Investigate the Role of Intermittency and Shear,University of New Hampshire
1620647,2016-06-13,118809,Continuing Grant,Collaborative Research:  SHINE:  Study of Long-Term Variability of Solar Chromospheric Activity in Multiple Solar Cycles,"The University Corporation, Northridge"
1620773,2016-06-13,92998,Continuing Grant,Collaborative Research:  SHINE:  Study of Long-Term Variability of Solar Chromospheric Activity in Multiple Solar Cycles,"Association of Universities for Research in Astronomy, Inc."
1620875,2016-06-13,353842,Continuing Grant,Collaborative Research:  SHINE:  Study of Long-Term Variability of Solar Chromospheric Activity in Multiple Solar Cycles,New Jersey Institute of Technology
1602958,2016-06-14,92395,Standard Grant,Collaborative Research: Assessing climate-biosphere linkages using Late Holocene records of climate variability and vegetation dynamics from the Brazilian Amazon and Savanna,University of California-Davis
1602962,2016-06-14,383822,Standard Grant,Collaborative Research: Assessing climate-biosphere linkages using Late Holocene records of climate variability and vegetation dynamics from the Brazilian Amazon and Savanna,Boston College
1623745,2016-06-14,399141,Standard Grant,Collaborative Research: Measuring Carbon and Climate Tracers on the Atom Airborne Campaigns,University Corporation For Atmospheric Res
1623748,2016-06-14,450640,Standard Grant,Collaborative Research: Measuring Carbon and Climate Tracers on the Atom Airborne Campaigns,University of California-San Diego Scripps Inst of Oceanography
1636730,2016-06-14,163219,Standard Grant,Improving Nitrogen Predictions by Updating Tropospheric Kinetics (INPUT-K),University of Florida
1552301,2016-06-15,306990,Continuing Grant,CEDAR: Conjugate Studies of Low and Midlatitude Ionospheric Processes,Trustees of Boston University
1622495,2016-06-15,373401,Continuing Grant,SHINE: Using Two-Ribbon Flare Observations and Magnetohydrodynamics (MHD) Simulations to Study Eruptive Flares and Their Relationship to Coronal Mass Ejections (CMEs),University of California-Berkeley
1538532,2016-06-17,449437,Standard Grant,Implementation and evaluation of the unified parameterization in NCAR Community Atmospheric Model,Colorado State University
1547814,2016-06-17,361907,Standard Grant,A Climatological and Forecast Perspective on the Lower Stratospheric Environment During Synoptic Waveguide Perturbation Events,SUNY at Albany
1552195,2016-06-17,420185,Standard Grant,Improved Understanding of the Response of Mean and Extreme Precipitation to Climate Change,Massachusetts Institute of Technology
1638685,2016-06-22,54020,Standard Grant,Collaborative Research:  RAPID--EclipseMob - Crowdsourcing a Spatial Temporal Study of Low Frequency Propagation Effects Due to a Total Solar Eclipse,George Mason University
1638697,2016-06-22,39125,Standard Grant,Collaborative Research:  RAPID--EclipseMob - Crowdsourcing a Spatial Temporal Study of Low Frequency Propagation Effects Due to a Total Solar Eclipse,University of Massachusetts Boston
1554659,2016-06-23,819503,Standard Grant,CAREER: Going Global - The Influence of Southern Ocean Albedo on Large-scale Climate Dynamics,University of Colorado at Boulder
1602223,2016-06-23,384138,Standard Grant,Collaborative Research: P2C2--Paleoclimate Reanalysis: A New View of Past Climates,University of Washington
1602301,2016-06-23,345605,Standard Grant,Collaborative Research: P2C2--Paleoclimate Reanalysis: A New View of Past Climates,University of Arizona
1548732,2016-06-27,51461,Continuing Grant,The Role of Flux Emergence in Coronal Mass Ejections,University of Wisconsin-Green Bay
1644979,2016-06-29,10000,Standard Grant,"Symposium on Biogenic Volatile Organic Compounds (BVOC) Oxidation and Organic Aerosol Formation; Portland, Oregon; October 17-21, 2016",Georgia Tech Research Corporation
1638499,2016-07-01,49996,Standard Grant,"PREEVENTS:  Workshop on Integrated Framework for Modeling and Prediction of Extreme Events; College Park, Maryland; Summer 2016","University of Maryland, College Park"
1549579,2016-07-05,1095460,Standard Grant,Mechanisms of Climate Variability and Change,University of Washington
1622498,2016-07-05,360000,Continuing Grant,SHINE:  Connecting Electron Thermodynamics and Microphysical Processes:  A Puzzle for the Evolution of the Solar Wind,University of California-Berkeley
1637279,2016-07-05,578404,Standard Grant,"Assessments of the Impact of Tropospheric Aerosols on Actinic Fluxes, Photosynthetically Available Radiation (PAR), and Radiative Forcing",Georgia Tech Research Corporation
1554998,2016-07-11,595334,Continuing Grant,CAREER: California Megadroughts in Context: Integrating High Resolution Speleothem Records with Isotope-enabled Climate Models and Translating Climate Data for the K-12 Classroom,Vanderbilt University
1560627,2016-07-11,486419,Standard Grant,Intraseasonal Extratropical Precursors to the Indian Ocean Madden-Julian Oscillation (MJO) Proximate to Africa,SUNY at Albany
1622391,2016-07-11,155971,Continuing Grant,Collaborative Research:  SHINE:  What is Causing the Deficit of High-Energy Solar Particles in Cycle 24?,University of Alabama in Huntsville
1622487,2016-07-11,245538,Continuing Grant,Collaborative Research:  SHINE:  What is Causing the Deficit of High-Energy Solar Particles in Cycle 24?,California Institute of Technology
1563307,2016-07-12,706534,Standard Grant,Wave Activity Budget and the Variabilities of the Extratropical Climate,University of Chicago
1620530,2016-07-12,703279,Standard Grant,"Chemical Coupling of Halogens and Oxygenated VOC (Volatile Organic Compounds): Observations, Experiments and Modeling",University of Colorado at Boulder
1621247,2016-07-12,73197,Continuing Grant,Collaborative Research:  SHINE:  Characteristics of Solar Energetic Particle Events Resulting from Filament Eruptions,Johns Hopkins University
1622377,2016-07-12,91857,Continuing Grant,Collaborative Research:  SHINE:  Characteristics of Solar Energetic Particle Events Resulting from Filament Eruptions,Catholic University of America
1622437,2016-07-12,252481,Continuing Grant,Collaborative Research:  SHINE:  Characteristics of Solar Energetic Particle Events Resulting from Filament Eruptions,California Institute of Technology
1600784,2016-07-14,298687,Standard Grant,P2C2: Investigations on How Polar Climates Communicate with Each Other at the Millennial Timescale,University of North Carolina at Chapel Hill
1603065,2016-07-14,225733,Standard Grant,P2C2: Seasonal Dynamics of the Indo-Asian Monsoon during Deglaciations,University of Wisconsin-Madison
1618691,2016-07-14,599058,Continuing Grant,RUI: Exploiting Innovative Radio Techniques for the Study of Plasma Turbulence and Structure,Inter American University of Puerto Rico San Juan
1564670,2016-07-18,587291,Standard Grant,The Impact of Fire on Entrainment and Precipitation Efficiency Derived from Isotope Ratios,Oregon State University
1552264,2016-07-19,98329,Standard Grant,CEDAR: Secondary Gravity Wave Coupling Dynamics Between the Mid-Latitude Mesosphere and Thermosphere,Trustees of Boston University
1632850,2016-07-19,484146,Standard Grant,Developing a Climatology of Horizontal Convective Rolls over Oklahoma:  Combining Observational Data Sets to Increase Understanding,Pennsylvania State Univ University Park
1645786,2016-07-20,250000,Standard Grant,EAGER: Predicting Electricity Demand and Indoor Air Quality During Heat Waves,Rutgers University New Brunswick
1650055,2016-07-21,19295,Standard Grant,"United States (U.S.)-Taiwan Extreme Weather Workshop; Honolulu, Hawaii; September 6-8, 2016",University Corporation For Atmospheric Res
1649147,2016-07-25,100489,Standard Grant,RAPID: Nanoparticle Growth from Anthropogenic Volatile Organic Compounds (AVOC) during CLOUD11,University of Colorado at Boulder
1558821,2016-07-27,451075,Standard Grant,Collaborative Research: The Atlantic Meridional Overturning Circulation and Internal Climate Variability,George Mason University
1558837,2016-07-27,355479,Standard Grant,Collaborative Research: The Atlantic Meridional Overturning Circulation and Internal Climate Variability,University of Miami
1618457,2016-07-27,500489,Standard Grant,Balloon Observations of Gamma-ray Glows from Thunderstorms,University of New Hampshire
1622676,2016-07-27,290304,Standard Grant,"Line Shape for Collision Systems Important in Earth's, Planetary, and Exoplanet Atmospheres",University of Massachusetts Lowell
1638307,2016-07-27,489811,Standard Grant,Improving Characterization of Aerosol Optical Properties: Combined Measurements of Angle-resolved Scattering and Ultraviolet-visible Absorption,University of Georgia Research Foundation Inc
1628708,2016-07-28,23940,Standard Grant,"Scientific Program Overview (SPO):  Remote sensing of Electrification, Lighting, And Mesoscale/microscale Processes with Adaptive Ground Observations (RELAMPAGO)",University of Illinois at Urbana-Champaign
1546698,2016-07-29,521733,Standard Grant,Convection and Balanced Tropical Dynamics,New Mexico Institute of Mining and Technology
1552214,2016-07-29,141644,Continuing Grant,Collaborative Research: CEDAR--A Long-term Investigation of Auroral and Tidal Forcing of E-region Thermospheric Winds at High Latitudes,Clemson University
1552269,2016-07-29,204025,Continuing Grant,Collaborative Research: CEDAR--A Long-term Investigation of Auroral and Tidal Forcing of E-region Thermospheric Winds at High Latitudes,SRI International
1614315,2016-07-29,166082,Standard Grant,The Impact of Environmental Perturbations on Biogenic Monoterpene Emissions and Their Implications to Secondary Organic Aerosol,Colorado State University
1619632,2016-07-29,365759,Standard Grant,Next Generation In Situ Measurements of Stratospheric Aerosol,University of Colorado at Boulder
1619903,2016-07-29,552138,Continuing Grant,"Entrainment, Decoupling, and Vertical Transport in the Marine Stratocumulus Cloud Deck",Oregon State University
1623626,2016-07-29,599408,Standard Grant,Improving Vertical Velocity Retrievals from Doppler Radar Observations of Convection,University of Oklahoma Norman Campus
1630454,2016-07-29,511619,Continuing Grant,Pathways to Coronal Magnetic Energy Storage and Release,"NorthWest Research Associates, Incorporated"
1632209,2016-07-31,509434,Standard Grant,Collaborative Research: Systematic Evaluation and Further Improvement of Present Broadband Radiative Transfer Modeling Capabilities,Texas A&M University
1632210,2016-07-31,88871,Standard Grant,Collaborative Research:   Systematic Evaluation and Further Improvement of Present Broadband Radiative Transfer Modeling Capabilities,Atmospheric and Environmental Research Inc
1635019,2016-08-08,512115,Continuing Grant,"Heinrich Event Iceberg Flux, Melting, and Ocean Circulation in the North Atlantic",Columbia University
1624947,2016-08-09,501991,Standard Grant,Improved Understanding of Nocturnal Mesoscale Convective System Evolution,Iowa State University
1640378,2016-08-09,503454,Standard Grant,Dynamic Exchange and Reactivity in Secondary Organic Aerosol,Harvard University
1651316,2016-08-09,49824,Standard Grant,Workshop:   Modeling Research in the Cloud; Boulder Colorado; Spring 2017,University Corporation For Atmospheric Res
1552017,2016-08-12,58881,Standard Grant,Collaborative Research:  CEDAR--Midnight Temperature Maximum and Its Impact on the Ionosphere-Thermosphere System,Trustees of Boston University
1552078,2016-08-12,225296,Standard Grant,Collaborative Research: CEDAR--Midnight Temperature Maximum and Its Impact on the Ionosphere-Thermosphere System,University of Colorado at Boulder
1649457,2016-08-12,222018,Standard Grant,EAGER: A Novel Theoretical Study of Mid-latitude Atmospheric Predictability,New York University
1624740,2016-08-15,86000,Fellowship Award,AGS-PRF: Advancing Understanding of Monsoons by Bridging Gaps among Disparate Theoretical Perspectives,Hill                    Spencer        A
1559895,2016-08-17,356693,Standard Grant,REU Site: Atmospheric Science in the Gulf Coast Region at Texas A&M University,Texas A&M University
1602105,2016-08-18,482388,Continuing Grant,P2C2: Synthesis of Holocene Proxy Climate Records from Western North America,Northern Arizona University
1647173,2016-08-18,156022,Standard Grant,Collaborative Research:  From Turbulence to Weather and Climate: Unraveling the Multi-scale Nature of Dust and Sand Transport in the Atmospheric Boundary Layer,University of California-Los Angeles
1560844,2016-08-22,971912,Standard Grant,Extratropical Persistent Anomalies on a Warmer Earth: Connections to Extratropical Storms and Storm Tracks,North Carolina State University
1606014,2016-08-22,145505,Standard Grant,The Differences in Onset Times of Hemispherically Conjugate Auroral Stations,University of California-Los Angeles
1613134,2016-08-23,382882,Continuing Grant,Solar Wind Control of Alfven Wave Power in the Polar Region,University of California-Berkeley
1621900,2016-08-23,149417,Standard Grant,RUI: The Role of the Ionosphere in Determining Magnetospheric Dynamics,Christopher Newport University
1638270,2016-08-23,453936,Continuing Grant,Mapping the Polar Ionospheric Conductivities,Virginia Polytechnic Institute and State University
1650262,2016-08-23,92395,Standard Grant,Collaborative Research: Assessing climate-biosphere linkages using Late Holocene records of climate variability and vegetation dynamics from the Brazilian Amazon and Savanna,University of Oregon Eugene
1560210,2016-08-24,324783,Standard Grant,REU Site: Computing and Geoscience in the Coastal Carolina Region,Coastal Carolina University
1608775,2016-08-24,587563,Standard Grant,The Dynamical and Chemical Basis for the Future of Pollution Extremes,Cornell University
1633921,2016-08-24,400000,Standard Grant,Hydrodynamic Behavior and Growth Processes of Large Ice Particles in Clouds,University of Wisconsin-Madison
1638543,2016-08-24,224832,Standard Grant,Collaborative Research:  Comprehensive Characterization of Atmospheric Organic Carbon over Multiple Generations of Oxidation,Aerodyne Research Inc
1638672,2016-08-24,541983,Standard Grant,Collaborative Research:  Comprehensive Characterization of Atmospheric Organic Carbon over Multiple Generations of Oxidation,Massachusetts Institute of Technology
1560411,2016-08-25,341593,Continuing Grant,Embedding Force-Free Flux Ropes in Potential Magnetic Fields,Predictive Science Incorporated
1626041,2016-08-29,295496,Standard Grant,MRI: Development of a Redeployable Spread Spectrum Multiple Input Multiple Output (MIMO) Meteor Radar,Northeast Radio Observatory Corp
1632772,2016-08-29,477495,Continuing Grant,"Collaborative Research: Instabilities, Dynamics, and Energetics accompanying Atmospheric Layering (IDEAL)","GLOBAL ATMOSPHERIC TECHNOLOGIES AND SCIENCES, INC."
1632829,2016-08-29,497736,Continuing Grant,"Collaborative Research: Instabilities, Dynamics, and Energetics accompanying Atmospheric Layering (IDEAL)",University of Colorado at Boulder
1624068,2016-09-01,108524,Standard Grant,MRI: Acquisition of a Computing Cluster for Atmospheric and Geophysical Research,Coastal Carolina University
1655031,2016-09-01,99256,Standard Grant,"NSF GOLD (National Science Foundation GEO Opportunities for Leadership in Diversity) Projects Launch Workshop; Washington, District of Columbia; Fall 2016",University Corporation For Atmospheric Res
1624438,2016-09-02,86000,Fellowship Award,AGS-PRF: Improving Space Weather and Space Climate Predictions by Investigating and Modeling Surface Flux Transport on the Sun,Upton                   Lisa           A
1640337,2016-09-02,499000,Standard Grant,Closing the Regional Ammonia and Nitrous Oxide Budgets of an Intensive Agricultural Region,University of Minnesota-Twin Cities
1552161,2016-09-06,374080,Standard Grant,CEDAR: Traveling Ionospheric Disturbances (TIDs) Excited by Tropospheric Phenomena and their Effect on Plasma Instabilities,University of Texas at Dallas
1625598,2016-09-06,400321,Standard Grant,MRI: Development of a Water Vapor and Temperature Mapping System to Study Cloud-turbulence Interactions in the Michigan Technological University (MTU) Pi-Chamber,Michigan Technological University
1628674,2016-09-06,52541,Standard Grant,"Scientific Program Overview (SPO):  Southern Ocean Clouds, Radiation, Aerosol, Transport Experimental Study (SOCRATES)",University of Illinois at Urbana-Champaign
1643217,2016-09-06,585000,Continuing Grant,"A Comprehensive Coupled Model for Tropospheric Halogen Chemistry:  Evaluation of Impacts on Tropospheric Ozone, Hydroxyl Radical (OH), and Mercury",Harvard University
1602607,2016-09-07,270000,Continuing Grant,GEM: Extending the Capabilities of CubeSats for Measuring Radiation Belt Precipitation,Stanford University
1613318,2016-09-08,267302,Standard Grant,"Collaborative Research: The Effect of Variations in Cloud Versus CO2 Radiative Forcing on Tropical SST Gradients, Atmospheric Circulation and Rainfall Patterns",George Mason University
1613807,2016-09-08,265429,Standard Grant,"Collaborative Research: The Effect of Variations in Cloud Versus CO2 Radiative Forcing on Tropical SST Gradients, Atmospheric Circulation and Rainfall Patterns",Yale University
1617844,2016-09-08,718276,Standard Grant,Impacts of Climate Engineering Using Stratospheric Aerosols,Rutgers University New Brunswick
1655188,2016-09-08,302789,Standard Grant,Collaborative Research: P2C2--Reconstructing Changes in Asian Monsoon Circulation during the Last Millennium from Stable Isotopes in Tropical Tree Rings,University of Arizona
1622341,2016-09-09,343502,Continuing Grant,SHINE:  Prediction of Solar Activity Using Non-linear Dynamo Models and Data Assimilation Approach,Bay Area Environmental Research Institute
1547137,2016-09-12,343452,Standard Grant,Collaborative Research: Extratropical Triggering of El Nino/Southern Oscillation (ENSO) Events Through the Trade-Wind Charging Mechanism,University of Miami
1547398,2016-09-12,87931,Continuing Grant,Collaborative Research: Extratropical Triggering of El Nino/Southern Oscillation (ENSO) Events Through the Trade-Wind Charging Mechanism,Texas A&M University
1547412,2016-09-12,306670,Standard Grant,Collaborative Research: Extratropical Triggering of El Nino/Southern Oscillation (ENSO) Events Through the Trade-Wind Charging Mechanism,Trustees of Boston University
1602510,2016-09-12,387573,Continuing Grant,GEM:  Cold Dense and/or Heavy Plasma Controlling the Magnetopause Dynamics,University of Maryland Baltimore County
1602655,2016-09-13,508611,Continuing Grant,GEM: Onset and Consequences of Reconnection in the Magnetotail,SPACE SCIENCE INSTITUTE
1602748,2016-09-13,429569,Continuing Grant,GEM: The Role of O+ on Onset and Energy Release in the Earth's Magnetotail,University of New Hampshire
1603028,2016-09-13,312806,Continuing Grant,GEM: Relative Locations of Auroral Breakups to Large-scale Field-aligned Currents,Johns Hopkins University
1619584,2016-09-13,300001,Continuing Grant,Kinetic Characterization of Three-Dimensional (3D) Magnetic Reconnection: A Transformative Step,"University of Maryland, College Park"
1635654,2016-09-13,473056,Standard Grant,Storm Morphology and the Influence of Orography on Lake-Effect Precipitation,University of Utah
1603021,2016-09-14,366646,Continuing Grant,GEM: What Determines the Magnetosphere Plasma Entropy Distribution,University of New Hampshire
1624501,2016-09-14,86000,Fellowship Award,AGS-PRF: Instability of Sheetlike Structures in Alfvenic Turbulence,Mallet                  Alfred
1624736,2016-09-14,1112052,Standard Grant,MRI: Development of a Micro-Pulse DIAL (MPD) Testbed for Sensing Lower Tropospheric Water Vapor Profiles,Montana State University
1563025,2016-09-15,157482,Continuing Grant,Collaborative Research: Causes and Consequences of the Gradients in the Vertical Plasma Drift in the Equatorial Plasma Drift Vortex,University of Texas at Dallas
1563140,2016-09-15,169200,Continuing Grant,Collaborative Research: Causes and Consequences of the Gradients in the Vertical Plasma Drift in the Equatorial Plasma Drift Vortex,Space Environment Corporation
1641177,2016-09-15,3908201,Continuing Grant,The SOARS Program - Enhancing and Expanding a Successful Model for Building Diversity in the Atmospheric and Related Sciences,University Corporation For Atmospheric Res
1642643,2016-09-19,289013,Standard Grant,Collaborative Research: Synergistic Environments in Graduate and Undergraduate Education in Atmospheric Instrumentation and Measurement Training (SEGUE),Millersville University
1642735,2016-09-19,380150,Standard Grant,Collaborative Research: Synergistic Environments in Graduate and Undergraduate Education in Atmospheric Instrumentation and Measurement Training (SEGUE),University Corporation For Atmospheric Res
1552045,2016-09-20,489115,Continuing Grant,CEDAR: The First All-Sky Airglow Imaging Studies at Geomagnetic Conjugate Sites in Europe and Africa,Trustees of Boston University
1664316,2016-09-23,102612,Standard Grant,P2C2:Collaborative Research: A Speleothem Study of the Paleoclimatology of the Yucatan Peninsula: Testing Modes and Causes of Variability in the North American Tropics,Auburn University
1663108,2016-10-11,29515,Continuing Grant,CAREER: Drought Predictability and the Role of Land-Atmosphere Interactions in the U.S. Great Plains,"OHIO STATE UNIVERSITY, THE"
1665456,2016-10-20,767980,Continuing Grant,CAREER: In Situ Study of Aerosols in the Coarse Mode With Digital Holography,Kansas State University
1565653,2016-10-21,496497,Continuing Grant,Mechanisms for El Nino and La Nina Evolution Asymmetry and Formation of Super El Ninos,University of Hawaii
1602845,2016-10-21,290044,Standard Grant,Collaborative Research: P2C2--Derivation of Ensemble and Joint-Variable Climate Field Reconstructions of the Common Era Using New Random Field Methods,University of Illinois at Urbana-Champaign
1602920,2016-10-21,157085,Standard Grant,Collaborative Research: P2C2--Derivation of Ensemble and Joint-Variable Climate Field Reconstructions of the Common Era Using New Random Field Methods,Columbia University
1624203,2016-10-21,86000,Fellowship Award,AGS-PRF: Wave-mean Flow Interactions in a Moist and Warmer Atmosphere,Yamada                  Ray
1624038,2016-10-24,700985,Standard Grant,"Extreme Weather Events in Mid-latitudes: The Role of Arctic Sea Ice, SST due to AMV and Siberian Snow Cover Through Teleconnections Involving the Stratosphere",University of California-Irvine
1637450,2016-10-24,614219,Standard Grant,Roles of Regional Ocean-Atmosphere Coupling and Remote Forcing in Northwest Pacific Monsoon Variability,University of California-San Diego Scripps Inst of Oceanography
1701225,2016-10-24,479962,Continuing Grant,CAREER:  Impacts of Convective and Stratiform Processes on Tropical Cyclone Intensity Change,Colorado State University
1607348,2016-10-25,602918,Standard Grant,Understanding Forced Asian Monsoon Changes in Observations and Coupled Model Intercomparison Project - Phase 5 (CMIP5) Models,Columbia University
1612904,2016-10-25,590414,Standard Grant,Sea Surface Temperature-Forced Monsoon Evolution and Variability in West Africa,Columbia University
1622985,2016-10-25,104651,Continuing Grant,Collaborative Research: Using a Hierarchy of Models to Constrain the Temperature Dependence of Climate Sensitivity,Harvard University
1623064,2016-10-25,269131,Continuing Grant,Collaborative Research: Using a Hierarchy of Models to Constrain the Temperature Dependence of Climate Sensitivity,University of Chicago
1623218,2016-10-25,269038,Continuing Grant,Collaborative Research: Using a Hierarchy of Models to Constrain the Temperature Dependence of Climate Sensitivity,Massachusetts Institute of Technology
1623912,2016-10-25,453807,Standard Grant,Dynamics of Extreme Precipitation in the Northeast United States in Observations and Models,University of Massachusetts Lowell
1636663,2016-10-28,294608,Standard Grant,Collaborative Research: Impact of Convectively-Generated Gravity Waves on Mesoscale Convective Systems,Colorado State University
1636667,2016-10-28,311849,Standard Grant,Collaborative Research: Impact of Convectively-Generated Gravity Waves on Mesoscale Convective Systems,Atmospheric and Environmental Research Inc
1565522,2016-10-31,711360,Standard Grant,The Essential Dynamics of Tropical Rain Belts: Monsoons and Inter-Tropical Convergence Zone (ITCZ) in a Multi-model Ensemble of Idealized Simulations,Columbia University
1602940,2016-10-31,408273,Standard Grant,P2C2:  Testing the Timing of the Devils Hole Climate Record,University of Minnesota-Twin Cities
1622295,2016-10-31,448195,Continuing Grant,Improving Estimates of Anthropogenic Aerosol Cooling and Climate Sensitivity,George Mason University
1659903,2016-11-04,25000,Standard Grant,"The Eighth International GEOS-Chem Meeting (IGC8); Cambridge, Massachusetts; May 1-4, 2017",Harvard University
1601926,2016-11-08,386714,Continuing Grant,Improving MAGagnetogram (MAG4) Forecasting of Severe Space Weather Drivers by Measuring Magnetic Nonpotentiality of Active Regions Using HMI/SDO Vector Magnetograms,University of Alabama in Huntsville
1643042,2016-11-08,531515,Standard Grant,Atmospheric Biogenic Organic Emissions: Missing Compounds and Unrepresented Processes,University of California-Irvine
1663465,2016-11-08,17500,Standard Grant,"The Twentieth (20th) International Conference on Nucleation and Atmospheric Aerosols (ICNAA); Helsinki, Finland; June 25-30, 2017",Colorado State University
1700805,2016-11-10,63689,Standard Grant,Collaborative Research: Kinetics and Mechanism of Restructuring of Atmospheric Soot and Associated Impact on Light Absorption,University of New Haven
1624814,2016-11-15,86000,Fellowship Award,AGS-PRF: Sensitivity Analysis of Carbonaceous Aerosol Mixing State and Morphology on Spectral Optical Properties,Heinson                 William        R
1703286,2016-11-16,25000,Standard Grant,"Student Support at the 2017 American Meteorological Society (AMS) Annual Meeting; Seattle, Washington; January 22-26, 2017",American Meteorological Society
1633931,2016-11-21,75000,Continuing Grant,Collaborative Research: Combining Heating And Radio Diagnostics On Natural AeronomY (CHARDONAY),Virginia Polytechnic Institute and State University
1633937,2016-11-21,375286,Continuing Grant,Collaborative Research: Combining Heating And Radio Diagnostics On Natural AeronomY (CHARDONAY),University of Alaska Fairbanks Campus
1634014,2016-11-21,75000,Continuing Grant,Collaborative Research: Combining Heating And Radio Diagnostics On Natural AeronomY (CHARDONAY),Cornell University
1647386,2016-12-01,881096,Standard Grant,Developing the Molecular Underpinnings for Mechanisms of Growth of Secondary Organic Aerosol (SOA) Particles in Air,University of California-Irvine
1712718,2016-12-12,46174,Standard Grant,"First International Workshop on Small Satellites for Space Weather Research and Forecasting; Washington, District of Columbia; August 1-4, 2017",Catholic University of America
1663763,2016-12-13,119551,Standard Grant,RAPID: Improving DMSP SSIES-3 data to level-2 quality,University of Texas at Dallas
1624618,2016-12-14,86000,Fellowship Award,AGS-PRF: Constraining Ammonia Emission Sources in Urban Areas Utilizing Nitrogen Stable Isotopes,Walters                 Wendell        W
1702328,2016-12-15,60000,Standard Grant,RAPID: Spatiotemporal Evolution of Radio-induced Aurora at the University of Alaska Fairbanks (UAF) High-frequency Active Auroral Research Program (HAARP) Observatory,University of Alaska Fairbanks Campus
1714026,2016-12-15,15000,Standard Grant,"The University of California at San Diego (UCSD) Worldwide Interplanetary Scintillation Stations (WIPSS) Workshop; San Diego, California; December 18-19, 2016",University of California-San Diego
1719918,2016-12-15,205759,Standard Grant,Development and Deployment of a Novel Peroxy Radical Detector,Drexel University
1705448,2016-12-16,53844,Continuing Grant,"CEDAR:  Exploration of Lower-atmosphere Wave Forcing, Vertical Wave Coupling and Their Impacts on the Ionosphere and Thermosphere Variability Using WAM, Lidar and ISR",Clemson University
1723337,2017-01-11,45000,Standard Grant,RAPID:  Cold Air Pool Exchange Processes during the Utah Wintertime Fine Particulate Study,University of Utah
1623844,2017-01-13,367028,Continuing Grant,A Helioseismic Study of Active Region Flows and their Contribution to Global Dynamics,"NorthWest Research Associates, Incorporated"
1654382,2017-01-13,717365,Continuing Grant,CAREER: Probing Energy Release in Solar Explosive Events with New Generation Radio Telescopes,New Jersey Institute of Technology
1640945,2017-01-17,40000,Standard Grant,Collaborative Research: The Impact of Lower Atmosphere Waves on Ionospheric Irregularities,University of Colorado at Boulder
1640955,2017-01-17,60000,Standard Grant,Collaborative Research: The Impact of Lower Atmosphere Waves on Ionospheric Irregularities,Boston College
1642246,2017-01-18,136761,Continuing Grant,"Collaborative Research: Investigating Thermal Structure, Dynamics, and Dehydration in the Tropical Tropopause Layer with Fiber Optic Temperature Profiling from Strateole-2 Balloons","NorthWest Research Associates, Incorporated"
1642277,2017-01-18,868320,Continuing Grant,"Collaborative Research: Investigating Thermal Structure, Dynamics, and Dehydration in the Tropical Tropopause Layer with Fiber Optic Temperature Profiling from Strateole-2 Balloons",University of Colorado at Boulder
1642644,2017-01-18,372662,Continuing Grant,Collaborative Research: Tropical waves and their effects on circulation from 3D GPS radio occultation sampling from stratospheric balloons in Strateole-2,"NorthWest Research Associates, Incorporated"
1642650,2017-01-18,1103366,Continuing Grant,Collaborative Research: Tropical waves and their effects on circulation from 3D GPS radio occultation sampling from stratospheric balloons in Strateole-2,University of California-San Diego Scripps Inst of Oceanography
1643022,2017-01-23,1258064,Continuing Grant,"Water Vapor, Clouds, and Aerosol in the Tropical Tropopause Layer with in situ and Profiling Measurements from Long Duration Strateole-2 Balloons",University of Colorado at Boulder
1717248,2017-01-26,17279,Standard Grant,Collaborative Research: RAPID: Exocube 2 - A Cubesat to Measure In-situ the Global Distribution of Light Species Densities in the Exosphere,Computational Physics Inc
1717375,2017-01-26,3123,Standard Grant,Collaborative Research: RAPID: Exocube 2 - A Cubesat to Measure In-situ the Global Distribution of Light Species Densities in the Exosphere,Embry-Riddle Aeronautical University
1717866,2017-01-26,100000,Standard Grant,Collaborative Research: RAPID: Exocube 2 - A Cubesat to Measure In-situ the Global Distribution of Light Species Densities in the Exosphere,California Polytechnic State University Foundation
1719200,2017-01-26,3000,Standard Grant,Collaborative Research: RAPID: Exocube 2 - A Cubesat to Measure In-situ the Global Distribution of Light Species Densities in the Exosphere,University of Wisconsin-Madison
1719236,2017-01-26,2000,Standard Grant,Collaborative Research: RAPID: Exocube 2 - A Cubesat to Measure In-situ the Global Distribution of Light Species Densities in the Exosphere,University of Illinois at Urbana-Champaign
1719243,2017-01-26,105481,Standard Grant,EAGER: Exploratory Studies of Wildfire Plume Dynamics and Microphysics,University of Colorado at Boulder
1723548,2017-01-27,15000,Standard Grant,Ice in Clouds Monograph,Droplet Measurement Technologies
1728217,2017-01-27,294869,Standard Grant,Lightning Initiation and Propagation with an Advanced Computer Model and Code,University of New Hampshire
1639868,2017-01-31,477948,Continuing Grant,Correlated Random Processes in Physical and Radar Meteorology,Michigan Technological University
1723342,2017-01-31,54608,Continuing Grant,Collaborative Research:  GEM:  Modulation of Plasma Waves by Thermal Plasma Density Variation in the Inner Magnetosphere,Trustees of Boston University
1723588,2017-01-31,511518,Continuing Grant,Quantifying Energetic Electron Precipitation Driven By Magnetospheric Waves,Trustees of Boston University
1723922,2017-02-09,20000,Standard Grant,"Tropical Cyclone Operations and Research Forum/Interdepartmental Hurricane Conference; March 14-16, 2017; Miami, Florida",University Corporation For Atmospheric Res
1646425,2017-02-10,52646,Standard Grant,General Circulation Studies,University of Washington
1725337,2017-02-13,20071,Standard Grant,"Applied Space Environments Conference 2017; Huntsville, Alabama; May 15-19, 2017",Universities Space Research Association
1624881,2017-02-21,86000,Fellowship Award,AGS-PRF: Reconciling Atmospheric Temperature Observations and Understanding Climate Feedbacks,Po-Chedley              Stephen
1638256,2017-02-21,692446,Continuing Grant,Dynamics of Sub-Seasonal Variability of Macro-Monsoon Circulations,Georgia Tech Research Corporation
1700546,2017-02-22,29419,Standard Grant,"The Thirteenth International Conference on Substorms (ICS13); Portsmouth, New Hampshire; September 24-29, 2017",University of New Hampshire
1624414,2017-02-24,598580,Continuing Grant,Effects of Saharan Dust on the African Easterly Jet-African Easterly Wave System,University of California-Davis
1655193,2017-02-24,443097,Continuing Grant,SuperDARN in Ireland: A Mid-Latitude Geospace Facility to Study Electrodynamic Coupling in the European and Scandinavian Sectors,Dartmouth College
1660374,2017-02-24,507637,Continuing Grant,Measurements of CCN on the NSF/NCAR HIAPER G-V to Study Aerosol-cloud Interactions as Part of the Southern Ocean Clouds Radiation Transport Aerosol Transport Experimental,University of California-San Diego Scripps Inst of Oceanography
1660486,2017-02-24,726281,Continuing Grant,"Ice Nucleating Particle Influence on Southern Ocean Clouds: Measurements and Analyses for Southern Ocean Clouds, Radiation, Aerosol, Transport Experimental Study (SOCRATES)",Colorado State University
1660509,2017-02-24,188026,Continuing Grant,Collaborative Research: Field Measurements of Clouds and Aerosol Particles over the Southern Ocean in SOCRATES,University of California-San Diego Scripps Inst of Oceanography
1660537,2017-02-24,81206,Continuing Grant,Collaborative Research: Field Measurements of Clouds and Aerosol Particles over the Southern Ocean in SOCRATES,University of Colorado at Boulder
1660605,2017-02-24,340870,Continuing Grant,Collaborative Research: Field Measurements of Clouds and Aerosol Particles over the Southern Ocean in SOCRATES,"NorthWest Research Associates, Incorporated"
1733571,2017-02-27,160852,Standard Grant,"CAREER: Impacts of Amazon Deforestation on Earth's Climate, Water, and Ecosystems: The Ebb of the Green Ocean?",University of Notre Dame
1734171,2017-02-27,15660,Standard Grant,"Coordination and Student Travel for the 2017 National Radio Frequency (RF) Ionospheric Effects Workshop; Denver, Colorado; May 14-17, 2017",University of Alaska Fairbanks Campus
1650275,2017-03-02,406648,Continuing Grant,"Collaborative Research:  Western wildfire Experiment for Cloud chemistry, Aerosol absorption and Nitrogen (WE-CAN)",University of Montana
1650288,2017-03-02,416406,Continuing Grant,"Collaborative Research:  Western wildfire Experiment for Cloud chemistry, Aerosol absorption and Nitrogen (WE-CAN)",University of Colorado at Boulder
1650493,2017-03-02,379604,Continuing Grant,"Collaborative Research:  Western wildfire Experiment for Cloud chemistry, Aerosol absorption and Nitrogen (WE-CAN)",University of Wyoming
1650786,2017-03-02,1802356,Continuing Grant,"Collaborative Research:  Western wildfire Experiment for Cloud chemistry, Aerosol absorption and Nitrogen (WE-CAN)",Colorado State University
1652688,2017-03-02,500700,Continuing Grant,"Collaborative Research:  Western wildfire Experiment for Cloud chemistry, Aerosol absorption and Nitrogen (WE-CAN)",University of Washington
1661662,2017-03-03,415936,Continuing Grant,Diagnosis of Simulated Deep Convective Upscale Growth Errors and Their Causes,University of Utah
1643160,2017-03-08,171538,Standard Grant,Solar Influences on Tropical Deep Convection and the Madden-Julian Oscillation (MJO): Observational Analyses and Tests of a Proposed Mechanism,University of Arizona
1661863,2017-03-08,399067,Continuing Grant,"Dual Polarization Radar Observations, Analysis and Retrievals of Convective Lifecycle during RELAMPAGO",Colorado State University
1641167,2017-03-10,476244,Continuing Grant,"RELAMPAGO Hydrometeorology Component:  Land Surface Controls on Heavy Precipitation and Flooding in the Carcarana River Basin, Argentina",University of Illinois at Urbana-Champaign
1650682,2017-03-13,651806,Continuing Grant,CAREER: Improving Our Understanding of Nitrous Oxide Emissions to the Atmosphere,Regents of the University of Michigan - Ann Arbor
1661861,2017-03-13,427747,Continuing Grant,Understanding Measurements of Climate Sensitivity,Texas A&M University
1644375,2017-03-14,253609,Continuing Grant,Collaborative Research: Ultra Fine Particle Deposition onto Vegetated Surfaces Situated on Complex Topography: From Leaf to Landscape,University of California-Los Angeles
1644382,2017-03-14,219817,Continuing Grant,Collaborative Research: Ultra Fine Particle Deposition onto Vegetated Surfaces Situated on Complex Topography: From Leaf to Landscape,Duke University
1660609,2017-03-14,1057513,Continuing Grant,"Analysis of G-V Aircraft and Complementary SOCRATES Observations to Understand Clouds, Aerosols and their Interactions Over the Southern Ocean",University of Washington
1649694,2017-03-15,456107,Continuing Grant,"Collaborative research: Linking gas phase precursors with aerosol size, number and composition in new particle formation",University of Alabama in Huntsville
1649719,2017-03-15,442657,Continuing Grant,"Collaborative research: Linking gas phase precursors with aerosol size, number and composition in new particle formation",University of Delaware
1650037,2017-03-15,738757,Continuing Grant,Coupled Model Biases in the Sea Surface Temperature (SST) Distribution of the Global Tropics and their Influence on Climate Change Projections,University of Maine
1659953,2017-03-15,542905,Continuing Grant,Understanding the Decrease of Precipitation Extremes at High Temperature and its Implications,University of Connecticut
1660594,2017-03-15,821509,Continuing Grant,SOCRATES: Microphysical Processes in Southern Ocean Clouds,University of Illinois at Urbana-Champaign
1638936,2017-03-16,666884,Continuing Grant,Understanding the Role of the Low-Level Jet in Land-Atmosphere Interactions and Drought over the Southern Great Plains,SUNY at Albany
1734458,2017-03-23,19000,Standard Grant,"Gordon Research Conferences (GRC) Radiation and Climate: Connecting Observations to Global Circulation Modeling Challenges; Lewiston, Maine; July 15-21, 2017",Gordon Research Conferences
1636799,2017-03-24,574167,Continuing Grant,Physics and Dynamics of the Tropical Cyclone Cirrus Canopy,SUNY at Albany
1640452,2017-03-24,539093,Continuing Grant,Does Northern Hemisphere Snow Cover Influence Mid-latitude Cyclone Trajectories? Weather System Implications for a Changing Climate,University of Wisconsin-Madison
1660049,2017-03-24,446104,Continuing Grant,Mechanisms for the Seasonal Transition of Precipitation Organization in the Southeastern United States: Current and Future Climate,East Carolina University
1644998,2017-03-27,424870,Continuing Grant,Collaborative Research: Improving our Understanding of Chinese Haze Events by Quantifying the Formation Mechanisms of Sulfate and Nitrate Aerosol in Beijing,University of Washington
1645062,2017-03-27,57279,Continuing Grant,Collaborative Research: Improving our Understanding of Chinese Haze Events by Quantifying the Formation Mechanisms of Sulfate and Nitrate Aerosol in Beijing,University of Houston
1653625,2017-03-28,623985,Continuing Grant,CAREER: Air-Quality Effects of Atmospheric Chlorine Chemistry,University of Texas at Austin
1661548,2017-04-03,887329,Continuing Grant,Collaborative Research:  An Integrated Understanding of the Initiation and Subsequent Dynamical and Microphysical Characteristics of Deep Convective Storms during RELAMPAGO,The Center for Severe Weather Research
1661679,2017-04-03,367691,Continuing Grant,Collaborative Research:  An Integrated Understanding of the Initiation and Subsequent Dynamical and Microphysical Characteristics of Deep Convective Storms during RELAMPAGO,Pennsylvania State Univ University Park
1661707,2017-04-03,694277,Continuing Grant,Collaborative Research:  An Integrated Understanding of the Initiation and Subsequent Dynamical and Microphysical Characteristics of Deep Convective Storms during RELAMPAGO,University of Colorado at Boulder
1661800,2017-04-03,636947,Continuing Grant,Collaborative Research:  An Integrated Understanding of the Initiation and Subsequent Dynamical and Microphysical Characteristics of Deep Convective Storms during RELAMPAGO,University of Illinois at Urbana-Champaign
1624831,2017-04-06,86000,Fellowship Award,AGS-PRF: Atmospheric Blocking Variability Associated with the Madden-Julian Oscillation in Present and Future Climates,"Henderson, Stephanie A"
1624777,2017-04-10,86000,Fellowship Award,AGS-PRF: Inferring Predictability and Dynamics of Atlantic Multidecadal Climate Variability from Marine and Terrestrial Paleoclimate Records,Amrhein                 Daniel         E
1649212,2017-04-13,800903,Continuing Grant,Phenol Reactions in Aqueous Particles as a Source of Secondary Organic Aerosol,University of California-Davis
1661657,2017-04-13,382845,Continuing Grant,Collaborative Research: Radar Observations of Convective Lifecycle near Argentina's Sierras de Cordoba,Colorado State University
1661768,2017-04-13,784576,Continuing Grant,Collaborative Research: Radar Observations of Convective Lifecycle near Argentina's Sierras de Cordoba,University of Washington
1733978,2017-04-14,24999,Standard Grant,"Space Weather Workshop; Broomfield, Colorado; May 1-5, 2017",University Corporation For Atmospheric Res
1724566,2017-04-17,101648,Standard Grant,RAPID:   Testing Storm Track Sensitivity to Resolution and Climate Change Using UPSCALE Global Model Output,North Carolina State University
1727575,2017-04-17,20000,Standard Grant,"2017 Graduate Climate Conference; Woods Hole, Massachusetts; November 10-12, 2017",Massachusetts Institute of Technology
1649770,2017-04-21,189688,Continuing Grant,"Collaborative Research: Dynamics of Unsaturated Downdrafts, Cold Pools, and Their Roles in Convective Initiation and Organization",Columbia University
1649819,2017-04-21,461274,Continuing Grant,"Collaborative Research: Dynamics of Unsaturated Downdrafts, Cold Pools, and Their Roles in Convective Initiation and Organization",Harvard University
1643297,2017-04-23,407622,Continuing Grant,Zonal Asymmetry of Moist Static Energy Tendency and Madden-Julian Oscillation (MJO) Eastward Propagation in Climate Models,University of Hawaii
1737823,2017-04-23,445863,Continuing Grant,Properties of Meso-scale Polar Cap Structures and their Coupling to Nightside Auroral Dynamics,Trustees of Boston University
1739188,2017-04-23,122543,Continuing Grant,Collaborative Research: Impacts of Ion-Neutral Coupling on Ion Upflow and Outflow in the Polar Cusp,University Corporation For Atmospheric Res
1742178,2017-04-23,613044,Standard Grant,CAREER:   Understanding the Transport Circulation of the Troposphere,University of California-Los Angeles
1642232,2017-04-24,354895,Continuing Grant,RUI: Traveling Planetary-Scale Waves during Major Stratospheric Sudden Warming,Coastal Carolina University
1643167,2017-04-24,637741,Continuing Grant,Aspects of the Dynamics of the Coupled Tropsphere-Stratosphere System,Colorado State University
1737571,2017-04-24,25000,Standard Grant,"2017 Atmospheric Chemistry Gordon Research Conference (GRC) on Addressing the Complexity of Our Atmosphere Through Integration Across Scales; Newry, Maine; July 30 - August 3, 2017",Gordon Research Conferences
1663726,2017-04-25,18822,Continuing Grant,Collaborative Research: Heterogeneous Chlorine Activation from Saline Playas,University of Texas at El Paso
1663740,2017-04-25,462568,Continuing Grant,Collaborative Research: Heterogeneous Chlorine Activation from Saline Playas,University of Miami
1659655,2017-04-27,429726,Continuing Grant,REU Site: Atmospheric Science Experiences in Portland State Univeristy's Center for Climate and Aerosol Research,Portland State University
1659878,2017-04-27,526609,Standard Grant,REU Site: Solar and Space Physics with the Boulder Solar Alliance,University of Colorado at Boulder
1650209,2017-05-10,508929,Continuing Grant,Tropical-Extratropical Interactions in a Hierarchy of Model Complexity,University of Miami
1661726,2017-05-10,550643,Continuing Grant,"Collaborative Research: Kinematic, Microphysical and Electrical Processes Leading to Extreme Lightning Flash Rates over Argentina Using RELAMPAGO Observations",University of Colorado at Boulder
1661785,2017-05-10,579822,Continuing Grant,"Collaborative Research:  Kinematic, Microphysical and Electrical Processes Leading to Extreme Lightning Flash Rates over Argentina Using RELAMPAGO Observations",University of Alabama in Huntsville
1629773,2017-05-11,144159,Continuing Grant,SCOSTEP:  U.S. Participation in International Council for Science (ICSU)'s Scientific Committee on Solar-Terrestrial Physics,National Academy of Sciences
1653878,2017-05-11,776640,Continuing Grant,CAREER:  Monsoon and the Upper Troposphere Lower Stratosphere,Purdue University
1700725,2017-05-11,30000,Standard Grant,"American Geophysical Union (AGU) Chapman Conference on Dayside Magnetosphere Interactions; Chengdu, China; July 10-14, 2017",American Geophysical Union
1703029,2017-05-11,501014,Standard Grant,P2C2:   Decomposition and Reconstruction of Drought Variability Across the Continental United States and Northern Mexico,Columbia University
1741152,2017-05-11,15000,Standard Grant,"2017 Interdisciplinary Biomass Burning Initiative (IBBI) Workshop; Boulder, Colorado; July 10-12, 2017",University of Colorado at Boulder
1602633,2017-05-12,41660,Standard Grant,Collaborative Research: P2C2--Multi-proxy Reconstructions of North Pacific Decadal Variability from Bivalve Mollusks and Trees,University of Minnesota-Twin Cities
1602751,2017-05-12,108551,Standard Grant,Collaborative Research: P2C2--Multi-proxy Reconstructions of North Pacific Decadal Variability from Bivalve Mollusks and Trees,Iowa State University
1602828,2017-05-12,435387,Standard Grant,Collaborative Research: P2C2--Multi-proxy Reconstructions of North Pacific Decadal Variability from Bivalve Mollusks and Trees,University of Texas at Austin
1621554,2017-05-12,415660,Continuing Grant,Non-Gaussian Temperature Distribution Tails in Observations and Models:  Implications for Future Extreme Temperature Exceedances,Portland State University
1656889,2017-05-12,404600,Continuing Grant,Volatile Product Formation and Atmospheric Lifetimes of Biogenic Organic Aerosols,University of California-Davis
1640989,2017-05-16,506652,Continuing Grant,Applying Statistical State Dynamics to Explain Spontaneous Shear/Buoyancy Layering in Stratified Turbulence,Harvard University
1651464,2017-05-16,850476,Continuing Grant,CEDAR: Establishing a Meteor Radar at Poker Flat Research Range to Understand the Wind-Driven Circulation and Coupling of the Arctic Atmosphere,University of Alaska Fairbanks Campus
1661799,2017-05-16,572600,Continuing Grant,"Collaborative Research:  Using RELAMPAGO Observations to Understand the Thermodynamic, Kinematic, and Dynamic Processes Leading to Heavy Precipitation",University of Illinois at Urbana-Champaign
1661862,2017-05-16,552534,Continuing Grant,"Collaborative Research:  Using RELAMPAGO Observations to Understand the Thermodynamic, Kinematic, and Dynamic Processes Leading to Heavy Precipitation",Colorado State University
1730075,2017-05-16,30945,Standard Grant,"The United Nations/United States International Space Weather Initiative Workshop; Chestnut Hill, Massachusetts; July 31 - August 4, 2017",Boston College
1665247,2017-05-18,594498,Continuing Grant,Hemispheric Energy Balance and Tropical Precipitation Shifts: The Impacts of Forcing Location,University of Washington
1624738,2017-05-22,86000,Fellowship Award,"AGS-PRF: Changing Sources of Sea-salt Aerosol in Polar Regions: Climate Change Feedbacks and Implications for Atmospheric Oxidative Capacity in a Future, Warmer World",Horowitz                Hannah         M
1659338,2017-05-22,674406,Continuing Grant,REU Site: Environmental Change in the Great Lakes Region: Atmosphere-Hydrosphere-Biosphere Interactions,Regents of the University of Michigan - Ann Arbor
1640903,2017-05-23,603971,Continuing Grant,"Towards a Better Representation of Cloud-Aerosol Interactions in the Community Earth System Model: With Applications to Heterogeneous Nucleation of Cirrus, and Aerosol-Cloud Intera",University of Colorado at Boulder
1652289,2017-05-25,749232,Continuing Grant,CAREER: Understanding the Source of the Madden-Julian Oscillation (MJO) Predictability and its Impact on the Mid-latitudes,SUNY at Stony Brook
1624696,2017-05-30,86000,Fellowship Award,AGS-PRF: Experimentally Determined Volatility of Secondary Organic Aerosol Formed Through Aqueous Oxidation,Petters                 Sarah          S
1712828,2017-05-30,103148,Standard Grant,Collaborative Research: New Measurements to Understand Coastal Ozone Production During the 2017 Lake Michigan Ozone Study,University of Minnesota-Twin Cities
1712909,2017-05-30,138483,Standard Grant,Collaborative Research: New Measurements to Understand Coastal Ozone Production During the 2017 Lake Michigan Ozone Study,University of Iowa
1713001,2017-05-30,100000,Standard Grant,Collaborative Research: New Measurements to Understand Coastal Ozone Production During the 2017 Lake Michigan Ozone Study,University of Wisconsin-Madison
1651394,2017-06-05,298811,Standard Grant,CEDAR: Polar Summer Mesospheric Dynamics from Cloud Tracking with AIM CIPS (Aeronomy of Ice Cloud Imaging and Particle Size) Imagery,Hampton University
1743832,2017-06-06,83851,Standard Grant,Solar Eclipse Observations with a Dense Network of Single-frequency Global Navigation Satellite System (GNSS) Receivers,Trustees of Boston University
1656406,2017-06-09,398517,Continuing Grant,"Climatological, Composite, and Case Study Analyses Linking Rossby Wave Breaking to Potential Vorticity Streamer and Cutoff Cyclone Formation in the Subtropical North Atlantic Basin",SUNY at Albany
1659248,2017-06-09,334830,Standard Grant,REU Site: Program in Climate and Space Science Observation (PICASSO) at the University of Michigan,Regents of the University of Michigan - Ann Arbor
1724555,2017-06-09,310313,Continuing Grant,The Dynamics and Predictability of Midlatitude Sub-monthly Retrograde Waves,Arizona State University
1654104,2017-06-13,686802,Continuing Grant,CAREER: Interplay of Particle Phase State and Thermodynamic Mixing in Secondary Organic Aerosol Formation and Partitioning,University of California-Irvine
1660538,2017-06-15,235667,Continuing Grant,"Collaborative Research:  Using SOCRATES Datasets to Improve Simulations of Clouds, Aerosols and their Climate Impacts",Princeton University
1660604,2017-06-15,484108,Continuing Grant,"Collaborative Research:  Using SOCRATES Datasets to Improve Simulations of Clouds, Aerosols and their Climate Impacts",University of Washington
1624316,2017-06-19,86000,Fellowship Award,AGS-PRF: Antecedent Remote and Local Synoptic Environments Most Conducive to North American Polar/Subtropical Jet Superpositions,Winters                 Andrew         C
1649784,2017-06-23,670585,Standard Grant,Analysis of Convection Observed in Dynamics of the Madden-Julian Oscillation (MJO) (DYNAMO),Colorado State University
1743068,2017-06-23,68622,Standard Grant,Multispectral Airglow Observations of Gravity Waves during the August 2017 Total Solar Eclipse,University of Massachusetts Lowell
1745332,2017-06-23,48439,Standard Grant,"Workshop on Long-Term Measurements of Biosphere-Atmosphere Chemical Interactions; Irvine, California; Two Days in October or November of 2017",University of California-Irvine
1649783,2017-06-27,455870,Continuing Grant,Studies of Light Scattering by Particles of Arbitrary Shape,Kansas State University
1733818,2017-06-27,368228,Standard Grant,Global Atmospheric Modeling Hierarchy Development,Princeton University
1655693,2017-06-28,650000,Continuing Grant,Experiments in X-band Phased-Array Weather Radar Polarimetry,University of Massachusetts Amherst
1702488,2017-06-28,482391,Standard Grant,A Laboratory Study to Investigate Inorganic and Organic Sulfate Formation in Multiphase Processes Involving Mineral Dust and Other Metal-Containing Aerosols,University of California-San Diego
1703019,2017-06-28,261204,Standard Grant,"Collaborative Research: Impact of Aerosol Viscosity, Phase Separation, and Internal Structure on Isoprene-Derived SOA (Secondary Organic Aerosol) Formation",Regents of the University of Michigan - Ann Arbor
1703535,2017-06-28,290000,Standard Grant,"Collaborative Research: Impact of Aerosol Viscosity, Phase Separation, and Internal Structure on Isoprene-Derived SOA (Secondary Organic Aerosol) Formation",University of North Carolina at Chapel Hill
1723300,2017-06-28,540812,Standard Grant,Spatiotemporal Inhomogeneity of Tropical Waves and Their Interactions,Florida State University
1700711,2017-06-29,470885,Standard Grant,Collaborative Research: Refining and Testing Methods for Identifying and Quantifying Gaseous Oxidized Mercury in Air,"Board of Regents, NSHE, obo University of Nevada, Reno"
1700722,2017-06-29,342299,Standard Grant,Collaborative Research: Refining and Testing Methods for Identifying and Quantifying Gaseous Oxidized Mercury in Air,Utah State University
1719245,2017-06-30,298191,Standard Grant,Collaborative Research: Effects of Ammonia on the Chemical and Physical Properties of Atmospheric Secondary Organic Aerosol,University of California-Irvine
1719252,2017-06-30,335713,Standard Grant,Collaborative Research: Effects of Ammonia on the Chemical and Physical Properties of Atmospheric Secondary Organic Aerosol,University of Maryland Baltimore County
1734251,2017-06-30,697861,Standard Grant,Analyses of Large-scale Climate Variability: Understanding Periodicity in the Extratropical Storm Tracks,Colorado State University
1744537,2017-06-30,199973,Standard Grant,RAPID: Testing the Solar Occultation Flux Instrument on the Wyoming King Air,University of Colorado at Boulder
1735245,2017-07-03,674245,Standard Grant,"Evaluating the Roles of the Ocean, the Atmosphere, and External Forcing in Atlantic Multi-Decadal Variability",University of Miami
1656237,2017-07-05,407304,Standard Grant,"Collaborative Research:  Mechanisms Governing Synoptic-scale, Rapid Cloud Dissipation in Subtropical Marine Low Clouds",University of Kansas Center for Research Inc
1656314,2017-07-05,460187,Standard Grant,"Collaborative Research:  Mechanisms Governing Synoptic-scale, Rapid Cloud Dissipation in Subtropical Marine Low Clouds",North Carolina State University
1747559,2017-07-06,33953,Standard Grant,"Collaborative Research: RAPID--Smoke Forecasting Support for the Western Wildfire Experiment for Cloud Chemistry, Aerosol absorption and Nitrogen (WE-CAN) Field Intensive",Colorado State University
1747646,2017-07-06,31169,Standard Grant,"Collaborative Research: RAPID--Smoke Forecasting Support for the Western Wildfire Experiment for Cloud Chemistry, Aerosol absorption and Nitrogen (WE-CAN) Field Intensive",University of Colorado at Boulder
1651298,2017-07-07,224893,Continuing Grant,"CEDAR:  Winds Over Africa - Investigation of Thermospheric Dynamics via Multi-site, Multi-instrument Observations",University of Illinois at Urbana-Champaign
1734693,2017-07-09,100000,Standard Grant,Collaborative Research:   Coordinated Resonance and Rayleigh Lidar Studies of the Arctic Atmosphere and Geospace Environment,"GLOBAL ATMOSPHERIC TECHNOLOGIES AND SCIENCES, INC."
1734852,2017-07-09,200000,Standard Grant,Collaborative Research:   Coordinated Resonance and Rayleigh Lidar Studies of the Arctic Atmosphere and Geospace Environment,University of Alaska Fairbanks Campus
1602588,2017-07-12,539003,Continuing Grant,GEM:  A Statistical Study of the Substorm Sequence and Phenomena Associated with Expansion Onset,University of California-Los Angeles
1744216,2017-07-12,308112,Continuing Grant,"CAREER:  Toward an Understanding of Secondary Aerosol Formation, Particle Ageing in Droplets, and Cloud Processing","University of Maryland, College Park"
1651233,2017-07-13,269236,Continuing Grant,CEDAR:  Mesospheric Investigation of Gravity Wave and Mountain Wave Activities and Impacts in the Lee Side of the Southern Andes,Utah State University
1651459,2017-07-13,389940,Continuing Grant,"Relative Contribution of Extreme Ultraviolet (EUV) Radiation, Lower Atmosphere Waves, and Geomagnetic Activity on Thermosphere-ionosphere Spatial Structure and Temporal Variability",University of Colorado at Boulder
1659754,2017-07-13,447490,Continuing Grant,"REU Site: Weather, Climate and Society: An Interdisciplinary Approach Integrating Physical and Social Sciences",University of South Florida
1748012,2017-07-13,51466,Standard Grant,EAGER:   Cloud Microphysics Measurements Using Unmanned Aircraft Systems,University of Nebraska-Lincoln
1602738,2017-07-14,256003,Continuing Grant,GEM:   Quantifying the Effects of Inductive Electric Fields in the Terrestrial Magnetosphere,University of Illinois at Urbana-Champaign
1742760,2017-07-14,150000,Standard Grant,EAGER: Deploying the Colorado State University (CSU) SEA-POL Radar to SPURS-2,Colorado State University
1651393,2017-07-19,34991,Continuing Grant,Collaborative Research:  CEDAR--Assimilative Analysis of Low- and Mid-latitude Ionospheric Electrodynamics,University of Texas at Dallas
1651411,2017-07-19,35000,Continuing Grant,Collaborative Research:   CEDAR--Assimilative Analysis of Low- and Mid-latitude Ionospheric Electrodynamics,University Corporation For Atmospheric Res
1651428,2017-07-19,488505,Continuing Grant,CEDAR: Atmospheric Coupling via Energetic Electron Precipitation (EEP),University of Colorado at Boulder
1651469,2017-07-19,250000,Continuing Grant,Collaborative Research:   CEDAR--Assimilative Analysis of Low- and Mid-latitude Ionospheric Electrodynamics,University of Colorado at Boulder
1602403,2017-07-20,274913,Continuing Grant,"GEM: The Dynamics of a Substorm: Auroral Streamers, Plasmasheet Flows, and Substorm Onset","University of Maryland, College Park"
1650854,2017-07-20,385866,Standard Grant,Why Do Active Regions Erupt?  Modeling of Active Region from Pre-Eruptive to Eruptive Processes,University of Alabama in Huntsville
1746160,2017-07-21,316829,Standard Grant,Zonal Asymmetries in the Low-Latitude Hydrological Cycle over a Broad Range of Climates,University of California-Berkeley
1623780,2017-07-25,361270,Continuing Grant,Simulations and Theory of Streamer Discharges in Transient Luminous Events,Pennsylvania State Univ University Park
1657686,2017-07-25,363065,Continuing Grant,Collaborative Research: Laboratory Measurements of O and N2 Ultraviolet (UV) Cross Sections by Particle Impact for Remote Sensing of Thermosphere O/N2 Variation,University of Colorado at Boulder
1657697,2017-07-25,197602,Continuing Grant,Collaborative Research: Laboratory Measurements of O and N2 Ultraviolet (UV) Cross Sections by Particle Impact for Remote Sensing of Thermosphere O/N2 Variation,The University of Central Florida Board of Trustees
1658813,2017-07-25,90039,Continuing Grant,Collaborative Research: Laboratory Measurements of O and N2 Ultraviolet (UV) Cross Sections by Particle Impact for Remote Sensing of Thermosphere O/N2 Variation,Computational Physics Inc
1627109,2017-07-26,21435,Standard Grant,OTREC: Organization of Tropical East Pacific Convection,New Mexico Institute of Mining and Technology
1651263,2017-07-26,512043,Continuing Grant,Collaborative Research:  Studies of Magnetospheric and Ionospheric Dynamics Using the Magnetometer Array for Cusp and Cleft Studies (MACCS),Augsburg University
1654044,2017-07-26,219853,Continuing Grant,Collaborative Research:  Studies of Magnetospheric and Ionospheric Dynamics Using the Magnetometer Array for Cusp and Cleft Studies (MACCS),Regents of the University of Michigan - Ann Arbor
1602560,2017-07-27,63163,Continuing Grant,Collaborative Research: GEM--Global Propagation Characteristics of Electromagnetic Ion Cyclotron Waves,New Jersey Institute of Technology
1602855,2017-07-27,87021,Interagency Agreement,Collaborative Research: GEM--Global Propagation Characteristics of Electromagnetic Ion Cyclotron Waves,"Department of Energy, Princeton Plasma Physics Laboratory"
1656075,2017-07-27,587128,Interagency Agreement,Collaborative Research: Basic Studies in Three-dimensional Tropical Cyclone Intensification,Naval Postgraduate School
1656156,2017-07-27,145804,Standard Grant,Collaborative Research: Basic Studies in Three-dimensional Tropical Cyclone Intensification,"NorthWest Research Associates, Incorporated"
1701520,2017-07-27,683578,Standard Grant,Seasonality of East African Rainfall,University of Texas at Austin
1656898,2017-07-28,100000,Standard Grant,Collaborative Research:   Synergistic Merging of Traditional Aeronomy with Targeted High-Frequency (HF) Heating Diagnostics,Geospace Research Inc
1656912,2017-07-28,50000,Standard Grant,Collaborative Research:  Synergistic Merging of Traditional Aeronomy with Targeted High-Frequency (HF) Heating Diagnostics,Utah State University
1734267,2017-07-31,124765,Standard Grant,Collaborative Research: Turbulence and Wave Dynamics from the Mesosphere to the Lower Thermosphere above the Andes,University of Illinois at Urbana-Champaign
1734553,2017-07-31,49962,Standard Grant,Collaborative Research: Turbulence and Wave Dynamics from the Mesosphere to the Lower Thermosphere above the Andes,Embry-Riddle Aeronautical University
1654576,2017-08-01,705332,Continuing Grant,"CAREER: Wideband, Integrated Instrumentation to Investigate the Electrical Properties of Lightning",University of Alabama in Huntsville
1720600,2017-08-01,953856,Continuing Grant,Lightning and Thunderstorm Studies,New Mexico Institute of Mining and Technology
1602862,2017-08-02,342000,Continuing Grant,GEM: Assessing the Relative Importance of Convection and Induced Electric Fields for Particle Transport and Energization in the Inner Magnetosphere,Aerospace Corporation
1702271,2017-08-02,559474,Standard Grant,Collaborative Resesarch: P2C2--The Flavors of Southwest Hydroclimatic Extremes,University of Arizona
1703009,2017-08-02,360594,Standard Grant,Collaborative Resesarch: P2C2--The Flavors of Southwest Hydroclimatic Extremes,University of Texas at Austin
1653114,2017-08-03,576020,Continuing Grant,CAREER: Exploiting the Low/Medium Frequency (LF/MF) Radio Band for Ionospheric Remote Sensing,Georgia Tech Research Corporation
1723409,2017-08-03,95126,Standard Grant,Collaborative Research: SHINE--Magnetic Energy Release During Solar Eruptions - From Large to Small Scales,Bay Area Environmental Research Institute
1723425,2017-08-03,215114,Standard Grant,Collaborative Research: SHINE--Magnetic Energy Release During Solar Eruptions - From Large to Small Scales,Smithsonian Institution Astrophysical Observatory
1723436,2017-08-03,110880,Standard Grant,Collaborative Research: SHINE--Magnetic Energy Release During Solar Eruptions - From Large to Small Scales,New Jersey Institute of Technology
1738206,2017-08-03,674937,Standard Grant,Establishing Links between Atmospheric Dynamics and Non-Gaussian Distributions and Quantifying Their Effects on Numerical Weather Prediction,Colorado State University
1657251,2017-08-04,619785,Continuing Grant,West Coast Precipitation Processes as Modulated by Storm Structure and Terrain,University of Washington
1660367,2017-08-04,724164,Continuing Grant,Understanding and Modeling the Role of Horizontal Heterogeneity on the Dynamics of the Nocturnal Boundary Layer Across Scales,University of Utah
1712290,2017-08-04,683131,Continuing Grant,"Coupling of Gravity Waves and Convection, and Their Impacts on the Dynamics and Predictability of Multiscale Processes Associated with Moist Baroclinic JetFront Systems",Pennsylvania State Univ University Park
1734333,2017-08-04,176065,Standard Grant,"Fundamental Coupling Processes in the Mesosphere, Lower Thermosphere (MLT) Using Enhanced Na Wind-temperature Lidar Measurements at the Atmospheric Lidar Observatory",Utah State University
1738588,2017-08-04,495867,Standard Grant,Snowpack Chlorine Chemistry in Wintertime Urban Boundary Layer,Regents of the University of Michigan - Ann Arbor
1602941,2017-08-07,96231,Continuing Grant,Collaborative Research: GEM--Comparing Simulations of Electron Acceleration in Kinetic Alfven Waves with Observations from the Van Allen Probes in the Inner Magnetosphere,University of California-Berkeley
1602972,2017-08-07,85520,Interagency Agreement,Collaborative Research: GEM--Comparing Simulations of Electron Acceleration in Kinetic Alfven Waves with Observations from the Van Allen Probes in the Inner Magnetosphere,"Department of Energy, Princeton Plasma Physics Laboratory"
1701484,2017-08-07,698878,Continuing Grant,Infrared and Visible-Range Optical Observations of Lightning at LOG (Lightning Observatory at Gainesville) and Associated Modeling,University of Florida
1748340,2017-08-08,171468,Continuing Grant,EAGER:   Geoscience Opportunities for Leadership in Diversity and Equity Network (GOLDEN),University Corporation For Atmospheric Res
1648629,2017-08-09,330829,Standard Grant,Collaborative Research: Understanding the Origins of Hazardous Convective Weather Environments through Reduced-complexity Climate Modeling Experiments,SUNY at Stony Brook
1648681,2017-08-09,501944,Standard Grant,Collaborative Research: Understanding the Origins of Hazardous Convective Weather Environments through Reduced-complexity Climate Modeling Experiments,Purdue University
1657748,2017-08-09,239833,Standard Grant,"Collaborative Research:  Structure and Influence of Coherent Vertical Pulses of Wave Activity Flux in Observations and Models, from Daily to Seasonal Timescales",Atmospheric and Environmental Research Inc
1657905,2017-08-09,231521,Standard Grant,"Collaborative Research:  Structure and Influence of Coherent Vertical Pulses of Wave Activity Flux in Observations and Models, from Daily to Seasonal Timescales",University of Oklahoma Norman Campus
1657921,2017-08-09,215877,Standard Grant,"Collaborative Research:  Structure and Influence of Coherent Vertical Pulses of Wave Activity Flux in Observations and Models, from Daily to Seasonal Timescales",University of Massachusetts Lowell
1664404,2017-08-09,92969,Interagency Agreement,Hyperspectral Imaging and Analysis of Natural Rainbows,United States Naval Academy- DO NOT USE
1602769,2017-08-10,268660,Continuing Grant,GEM: Global versus Local Control of Solar Wind-Magnetospheric Coupling,West Virginia University Research Corporation
1702776,2017-08-11,105561,Standard Grant,Collaborative Research: P2C2--Expansion/Contraction of the Intertropical Convergence Zone; An Emerging Mechanism of Tropical Precipitation Changes for Reinterpreting Paleoclimate,University of California-Berkeley
1702827,2017-08-11,269534,Standard Grant,Collaborative Research: P2C2--Expansion/Contraction of the Intertropical Convergence Zone; An Emerging Mechanism of Tropical Precipitation Changes for Reinterpreting Paleoclimate,University of Washington
1737813,2017-08-11,41388,Standard Grant,Collaborative Research:  Improving Constraints on Tropical Climate Feedbacks with Inverse Modeling of the Stable Isotopic Composition of Atmospheric Water Vapor,Columbia University
1738075,2017-08-11,284246,Standard Grant,Collaborative Research:  Improving Constraints on Tropical Climate Feedbacks with Inverse Modeling of the Stable Isotopic Composition of Atmospheric Water Vapor,University of New Mexico
1747683,2017-08-11,29977,Standard Grant,"Travel Support for Early Career Scientists for the Chapman Conference on Non- Volcanic Stratospheric Aerosol; Tenerife, Canary Islands, Spain; March 18-23, 2018",University of Colorado at Boulder
1651786,2017-08-12,241336,Standard Grant,The Origin of Rotation in Tornadoes,Texas Tech University
1712530,2017-08-13,84604,Standard Grant,Collaborative Research: Unfolding the Link between Forest Canopy Structure and Flow Morphology: A Physics-based Representation for Numerical Weather Prediction Simulations,Oregon State University
1712532,2017-08-13,343552,Standard Grant,Collaborative Research: Unfolding the Link between Forest Canopy Structure and Flow Morphology: A Physics-based Representation for Numerical Weather Prediction Simulations,Portland State University
1712538,2017-08-13,228528,Standard Grant,Collaborative Research: Unfolding the Link between Forest Canopy Structure and Flow Morphology: A Physics-based Representation for Numerical Weather Prediction Simulations,University of Utah
1649049,2017-08-14,299999,Standard Grant,Collaborative Research: Parameterization of the Land-Surface Thermal and Moisture Heterogeneities,Princeton University
1649067,2017-08-14,614921,Standard Grant,Collaborative Research: Parameterization of the Land-Surface Thermal and Moisture Heterogeneities,University of Utah
1723290,2017-08-14,299317,Standard Grant,"Collaborative Research: Effects of Aerosol Phase, Morphology, and Mixing State on Droplet Formation",Pennsylvania State Univ University Park
1723874,2017-08-14,103031,Standard Grant,"Collaborative Research: Effects of Aerosol Phase, Morphology, and Mixing State on Droplet Formation",Bucknell University
1723920,2017-08-14,299897,Standard Grant,"Collaborative Research: Effects of Aerosol Phase, Morphology, and Mixing State on Droplet Formation","University of Maryland, College Park"
1745542,2017-08-14,12416,Standard Grant,"Space Environment Effects and Science Applications Workshop; Boulder, Colorado; September 5-8, 2017",University Corporation For Atmospheric Res
1642289,2017-08-15,457656,Standard Grant,Collaborative Research: Cirrus Cloud Formation and Microphysical Properties from In-situ Observed Characteristics to Global Climate Impacts,University of Wyoming
1642291,2017-08-15,338940,Standard Grant,Collaborative Research: Cirrus Cloud Formation and Microphysical Properties from In-situ Observed Characteristics to Global Climate Impacts,San Jose State University Foundation
1651467,2017-08-15,269125,Continuing Grant,CEDAR:  Probing the Upper E-region and Lower F-region Neutral Winds Using Ionospheric Heating,University of Alaska Fairbanks Campus
1702805,2017-08-15,203068,Standard Grant,Collaborative Research:   GEM--The Effect of Magnetosonic Waves on Energetic Electrons in the Earth's Magnetosphere,University of Texas at Dallas
1702960,2017-08-15,75000,Standard Grant,Collaborative Research:   GEM--The Effect of Magnetosonic Waves on Energetic Electrons in the Earth's Magnetosphere,Aerospace Corporation
1748910,2017-08-15,355414,Continuing Grant,Improving MAGagnetogram (MAG4) Forecasting of Severe Space Weather Drivers by Measuring Magnetic Nonpotentiality of Active Regions Using HMI/SDO Vector Magnetograms,Bay Area Environmental Research Institute
1647354,2017-08-16,524995,Continuing Grant,Collaborative Research: Expanded Correlative Dynamics and Meteor Studies Using the Southern Argentina Agile MEteor Radar,"GLOBAL ATMOSPHERIC TECHNOLOGIES AND SCIENCES, INC."
1647506,2017-08-16,75090,Continuing Grant,Collaborative Research: Expanded Correlative Dynamics and Meteor Studies Using the Southern Argentina Agile MEteor Radar,Trustees of Boston University
1637212,2017-08-17,49537,Standard Grant,Collaborative Research:  Observed and Future Dynamically Downscaled Estimates of Precipitation Associated with Mesoscale Convective Systems,Community College District 502
1637225,2017-08-17,321074,Standard Grant,Collaborative Research:  Observed and Future Dynamically Downscaled Estimates of Precipitation Associated with Mesoscale Convective Systems,Northern Illinois University
1637244,2017-08-17,86467,Standard Grant,Collaborative Research:  Observed and Future Dynamically Downscaled Estimates of Precipitation Associated with Mesoscale Convective Systems,Colorado State University
1740552,2017-08-18,163798,Standard Grant,Collaborative Research: ICARUS - Index of Chamber Atmospheric Research in the United States,California Institute of Technology
1740568,2017-08-18,71235,Standard Grant,Collaborative Research: ICARUS - Index of Chamber Atmospheric Research in the United States,Georgia Tech Research Corporation
1740571,2017-08-18,564402,Standard Grant,Collaborative Research: ICARUS - Index of Chamber Atmospheric Research in the United States,University of California-Davis
1740587,2017-08-18,73190,Standard Grant,Collaborative Research: ICARUS - Index of Chamber Atmospheric Research in the United States,University of Texas at Austin
1740610,2017-08-18,190505,Standard Grant,Collaborative Research: ICARUS - Index of Chamber Atmospheric Research in the United States,University of Colorado at Boulder
1740625,2017-08-18,184588,Standard Grant,Collaborative Research: ICARUS - Index of Chamber Atmospheric Research in the United States,University of California-Riverside
1740640,2017-08-18,44360,Standard Grant,Collaborative Research: ICARUS - Index of Chamber Atmospheric Research in the United States,University of California-Irvine
1740665,2017-08-18,100735,Standard Grant,Collaborative Research: ICARUS - Index of Chamber Atmospheric Research in the United States,Carnegie Mellon University
1748578,2017-08-18,25861,Standard Grant,RAPID:  Novel Experimental Quantification of Energetic Electron Properties During Ionospheric Modification,University of Illinois at Urbana-Champaign
1753278,2017-08-18,24930,Standard Grant,"RAPID:  Supporting Cloud Water Collection at Whiteface Mountain Research Observatory, Pilot Study to Assess Chemical Processing of Organics within Clouds",SUNY at Albany
1702407,2017-08-19,59990,Standard Grant,"Collaborative Research: P2C2--Cave Climate Histories of East/Central Asia: Deeper in Time, Wider Geographically, New Analytical Approaches, and New Tests of Climate Interpretations",University of Wisconsin-Madison
1702816,2017-08-19,402508,Standard Grant,"Collaborative Research: P2C2--Cave Climate Histories of East/Central Asia: Deeper in Time, Wider Geographically, New Analytical Approaches, and New Tests of Climate Interpretations",University of Minnesota-Twin Cities
1654831,2017-08-21,547809,Continuing Grant,"The Spectrum of Gravity Waves Radiating from Tropical Cyclones with Observations, Simulations, and Theoretical Modeling",University of Miami
1661502,2017-08-21,43988,Standard Grant,Collaborative Research: Large Hail Accumulations in Thunderstorms,University Corporation For Atmospheric Res
1661583,2017-08-21,426187,Standard Grant,Collaborative Research: Large Hail Accumulations in Thunderstorms,University of Colorado at Boulder
1700727,2017-08-21,90000,Standard Grant,Collaborative Research: Evaluating the Influences of Aerosols on Low-level Cloud-precipitation Properties over Land and Ocean using Ground-based Observations and WRF Simulations,California Institute of Technology
1700728,2017-08-21,395393,Standard Grant,Collaborative Research: Evaluating the Influences of Aerosols on Low-level Cloud-precipitation Properties over Land and Ocean using Ground-based Observations and WRF Simulations,University of Arizona
1700796,2017-08-21,85163,Standard Grant,Collaborative Research: Evaluating the Influences of Aerosols on Low-level Cloud-precipitation Properties over Land and Ocean using Ground-based Observations and WRF Simulations,Texas A&M University
1701526,2017-08-21,279999,Standard Grant,Impact of Anthropogenic Air Pollution on Ice Clouds and Regional Radiative Forcing,University of California-Los Angeles
1725190,2017-08-21,549738,Continuing Grant,"Quantifying Entrainment and its Effects in Isolated, Sheared Cumuli and Thunderstorms",University of Illinois at Urbana-Champaign
1744353,2017-08-21,643604,Standard Grant,Interfacial Fenton Chemistry on Aqueous Organic Aerosols,California Institute of Technology
1660587,2017-08-22,600000,Continuing Grant,Radiative Transfer through the Black Carbon-Snow System: Fundamentals and Applications,University of California-Los Angeles
1702134,2017-08-22,279038,Standard Grant,GEM: Simulation Studies of Plasma Redistribution in the Ionosphere and Plasma Supply to the Magnetosphere in Geomagnetic Active Periods,University of Massachusetts Lowell
1702814,2017-08-22,447557,Standard Grant,Collaborative Research:  P2C2--ICECAP (Ice Age Chemistry and Proxies) Phase 3: Investigating Fire Activity and its Implications for Climate Across Multiple Timescales,Harvard University
1702830,2017-08-22,264845,Standard Grant,Collaborative Research:  P2C2--ICECAP (Ice Age Chemistry and Proxies) Phase 3: Investigating Fire Activity and its Implications for Climate Across Multiple Timescales,"Nevada System of Higher Education, Desert Research Institute"
1602629,2017-08-23,267428,Standard Grant,Collaborative Research: P2C2--Calibrating South East Asian Proxies: Speleothems and Tree-Rings,Columbia University
1602947,2017-08-23,233684,Standard Grant,Collaborative Research: P2C2--Calibrating South East Asian Proxies: Speleothems and Tree-Rings,William Paterson University
1603056,2017-08-23,329476,Standard Grant,Collaborative Research: P2C2--Calibrating South East Asian Proxies: Speleothems and Tree-Rings,University of California-Irvine
1703123,2017-08-23,483256,Standard Grant,P2C2: Orbital Forcing of South Indian Hydroclimate,University of Texas at Austin
1708855,2017-08-24,276127,Continuing Grant,Long Wavelength Array (LWA) Observations of Meteor Trail Radio Emission: A Laboratory for Terrestrial Plasma Physics,University of New Mexico
1734156,2017-08-24,420442,Standard Grant,Collaborative Research: Role of Cloud Albedo and Land-Atmosphere Interactions on Continental Tropical Climates,Columbia University
1734164,2017-08-24,261093,Standard Grant,Collaborative Research: Role of Cloud Albedo and Land-Atmosphere Interactions on Continental Tropical Climates,University of California-Irvine
1738629,2017-08-24,414275,Standard Grant,Identifying the Origins of Summertime Arctic Cloud Condensation Nuclei Using Online Fine Aerosol Composition Measurements,University of California-Irvine
1742956,2017-08-24,599951,Standard Grant,Pre-Ignition Biomass Emissions: Causes and Characterization,University of Illinois at Urbana-Champaign
1602388,2017-08-25,297357,Continuing Grant,Collaborative Research:   GEM--The Excitation and Propagation of Fast Magnetosonic Waves and Their Effect on Radiation Belt Electrons,Johns Hopkins University
1602469,2017-08-25,58733,Continuing Grant,Collaborative Research:   GEM--The Excitation and Propagation of Fast Magnetosonic Waves and Their Effect on Radiation Belt Electrons,Dartmouth College
1733746,2017-08-28,410865,Continuing Grant,Collaborative Research:  SAVANT--Stable Atmospheric Variability ANd Transport,University of South Carolina at Columbia
1733877,2017-08-28,493689,Continuing Grant,Collaborative Research:  SAVANT--Stable Atmospheric Variability ANd Transport,University of Illinois at Urbana-Champaign
1720417,2017-08-29,298986,Continuing Grant,Collaborative Research: The Great Plains Irrigation Experiment (GRAINEX) for Understanding the Influence of Irrigation on the Planetary Boundary Layer and Weather Events,Western Kentucky University Research Foundation
1720424,2017-08-29,111096,Continuing Grant,Collaborative Research: The Great Plains Irrigation Experiment (GRAINEX) for Understanding the Influence of Irrigation on the Planetary Boundary Layer and Weather Events,University of Colorado at Boulder
1720477,2017-08-29,253477,Continuing Grant,Collaborative Research: The Great Plains Irrigation Experiment (GRAINEX) for Understanding the Influence of Irrigation on the Planetary Boundary Layer and Weather Events,University of Alabama in Huntsville
1734760,2017-08-29,922707,Standard Grant,Mechanisms of Mediterranean Region Hydroclimate Variability and Change,Columbia University
1740533,2017-08-29,350393,Standard Grant,Collaborative Research: Convection and Rainfall Enhancement over Mountainous Tropical Islands,Massachusetts Institute of Technology
1740536,2017-08-29,59373,Standard Grant,Collaborative Research: Convection and Rainfall Enhancement over Mountainous Tropical Islands,University of Colorado at Boulder
1651410,2017-08-30,118191,Continuing Grant,Collaborative Research:  CEDAR:  Comparative Investigation of Kilometer-scale Auroral E and F Region Irregularities with a Global Positioning System (GPS) Scintillation Array,Embry-Riddle Aeronautical University
1651448,2017-08-30,73719,Continuing Grant,Collaborative Research:  CEDAR:  Comparative Investigation of Kilometer-scale Auroral E and F Region Irregularities with a Global Positioning System (GPS) Scintillation Array,Johns Hopkins University
1651465,2017-08-30,148833,Continuing Grant,Collaborative Research:  CEDAR:   Comparative Investigation of Kilometer-scale Auroral E and F Region Irregularities with a Global Positioning System (GPS) Scintillation Array,Illinois Institute of Technology
1651466,2017-08-30,48707,Continuing Grant,Collaborative Research:  CEDAR:  Comparative Investigation of Kilometer-scale Auroral E and F Region Irregularities with a Global Positioning System (GPS) Scintillation Array,University of Alaska Fairbanks Campus
1701278,2017-08-30,690206,Continuing Grant,Forced and Natural Turbulence Allowing Studies of Turbulent anIsotropic Conditions (FaNTASTIC- 1),Iowa State University
1702184,2017-08-30,248208,Continuing Grant,Collaborative Research: P2C2--Inferring Spatio-Temporal Variations in the Risk of Extreme Precipitation in the Western United States from Tree Ring Chronologies,Columbia University
1602816,2017-08-31,269454,Standard Grant,GEM: Construction of a Storm-Time Plasma Sheet Model Including Effects of Bubble Injections,William Marsh Rice University
1651461,2017-08-31,162395,Continuing Grant,CEDAR: The Role of Neutral Winds in the Day-to-day Variability of the Ionospheric Mid-Latitude Evening Anomalies,Utah State University
1702106,2017-08-31,201549,Standard Grant,Collaborative Research: P2C2--Drivers for Past Variability in Tropospheric Reactive Halogens: Implications for Climate and Evaluation of Ice Core Proxies,University of Rochester
1702147,2017-08-31,335193,Standard Grant,GEM: Multi-scale Empirical Geomagnetic Field Modeling,Johns Hopkins University
1702266,2017-08-31,364209,Standard Grant,Collaborative Research: P2C2--Drivers for Past Variability in Tropospheric Reactive Halogens: Implications for Climate and Evaluation of Ice Core Proxies,University of Washington
1702273,2017-08-31,320527,Continuing Grant,Collaborative Research: P2C2--Inferring Spatio-Temporal Variations in the Risk of Extreme Precipitation in the Western United States from Tree Ring Chronologies,Cornell University
1703076,2017-08-31,332863,Standard Grant,P2C2: Evaluating the Causes and Consequences of Extreme Holocene Paleo-Droughts in North America,University of Miami
1707521,2017-08-31,309761,Standard Grant,GEM: Experimental Identification of Plasma Wave Modes in Vicinity of Kelvin-Helmholtz (KH) Vortices and in Plasma 'Mixing' Regions in Low Latitude Boundary Layer,Embry-Riddle Aeronautical University
1722727,2017-08-31,411124,Standard Grant,Long-Term Solar Variability Studies with a Unique Solar Synoptic Archive,Boston College
1723313,2017-08-31,359537,Standard Grant,SHINE: Exploring Time-Dependent Ionization in Magnetic Reconnection During Solar Eruptions,Smithsonian Institution Astrophysical Observatory
1723416,2017-08-31,360000,Standard Grant,SHINE: Physics of the Interplanetary Electric Potential and Modifications to Exosphere Models of the Solar Wind,SPACE SCIENCE INSTITUTE
1724741,2017-08-31,436867,Standard Grant,NSFGEO-NERC: Equatorial Line Observations (ELO) Field Campaign during the International Years of Maritime Continent Program: Oceanography and Atmospheric Perspective,University of California-San Diego Scripps Inst of Oceanography
1726377,2017-09-01,698287,Standard Grant,MRI: Development of Monitors for Alaskan and Canadian Auroral Weather in Space (MACAWS),Northeast Radio Observatory Corp
1727052,2017-09-01,684462,Standard Grant,MRI: Acquisition of a Multi-purpose Cloud Radar,San Jose State University Foundation
1727095,2017-09-01,2062724,Standard Grant,MRI: Development of Mees Massively-multipleXed Coronal Spectropolarimetric Magnetometer (mxCSM) for Ground and Space Coronal Magnetometry,University of Hawaii
1732359,2017-09-01,120791,Continuing Grant,Collaborative Research: Energetic Particle Precipitation Mechanisms in the Inner Magnetosphere: Van Allen Probes and Incoherent Scatter Radar Coordinated Measurements,University of Colorado at Boulder
1732365,2017-09-01,355916,Continuing Grant,Collaborative Research: Energetic Particle Precipitation Mechanisms in the Inner Magnetosphere: Van Allen Probes and Incoherent Scatter Radar Coordinated Measurements,SRI International
1732367,2017-09-01,121418,Continuing Grant,Collaborative Research: Energetic Particle Precipitation Mechanisms in the Inner Magnetosphere: Van Allen Probes and Incoherent Scatter Radar Coordinated Measurements,University of California-Los Angeles
1740693,2017-09-06,1100000,Standard Grant,EarthCube Integration: CyberWay--Integrated Capabilities of EarthCube Building Blocks for Facilitating Cyber-based Innovative Way of Interdisciplinary Geoscience Studies,George Mason University
1651268,2017-09-08,205349,Continuing Grant,Collaborative Research: CEDAR: Characterization of Ionospheric-Thermospheric Long-lasting SED (Storm Enhanced Density) Dynamics,Catholic University of America
1651407,2017-09-08,115315,Continuing Grant,Collaborative Research: CEDAR: Characterization of Ionospheric-Thermospheric Long-lasting SED (Storm Enhanced Density) Dynamics,"ATMOSPHERIC & SPACE TECHNOLOGY RESEARCH ASSOCIATES, L.L.C."
1724198,2017-09-08,335055,Continuing Grant,Mechanisms for Hurricane Motion and Intensity Change,Florida International University
1741712,2017-09-08,367764,Standard Grant,"Construction of Mobile C-band, Narrow-Beam, Dual-Frequency, Dual-Polarization, High-Power Radar",The Center for Severe Weather Research
1724133,2017-09-13,239999,Standard Grant,Collaborative Research: The Thermosphere-Ionosphere Coupling Using the Low-latitude Ionospheric Sensor Network (LISN) Distributed Observatory,University of Texas at Dallas
1724193,2017-09-13,10036,Standard Grant,Collaborative Research: The Thermosphere-Ionosphere Coupling Using the Low-latitude Ionospheric Sensor Network (LISN) Distributed Observatory,University of Colorado at Boulder
1750497,2017-09-13,50052,Standard Grant,Collaborative Research:  Atmospheric Mixed Phase Chemistry for Improved Climate Predictions:  Field Measurements and Modeling of the Southern Oxidant and Aerosol Study,University of California-Irvine
1651450,2017-09-14,209007,Continuing Grant,CEDAR: Critical Evaluation of the Hydroxyl Radical (OH) Meinel Band Einstein A Coefficients,SRI International
1759461,2017-09-14,184777,Standard Grant,RAPID:  Collection and Analysis of Data in Major Landfalling Hurricanes (2017),The Center for Severe Weather Research
1759479,2017-09-14,60910,Standard Grant,RAPID:   Study of Landfalling Tropical Cyclones,University of Oklahoma Norman Campus
1740627,2017-09-15,326435,Standard Grant,Collaborative Research: EarthCube Integration--Brokered Alignment of Long-Tail Observations (BALTO),Open Source Project for Network Data Access Protocols
1740696,2017-09-15,501223,Standard Grant,Collaborative Research: EarthCube Integration--Brokered Alignment of Long-Tail Observations (BALTO),University of Colorado at Boulder
1740704,2017-09-15,572342,Standard Grant,Collaborative Research: EarthCube Integration--Brokered Alignment of Long-Tail Observations (BALTO),Virginia Polytechnic Institute and State University
1723086,2017-09-18,267683,Standard Grant,Collaborative Research: Balloon Campaign to Quantify Thunderstorm Effects on the Global Electric Circuit,"NorthWest Research Associates, Incorporated"
1724558,2017-09-18,514311,Standard Grant,Collaborative Research: Balloon Campaign to Quantify Thunderstorm Effects on the Global Electric Circuit,University of Washington
1755513,2017-09-21,298371,Continuing Grant,"CEDAR: High Speed Spectroscopic Studies of lightning bolts: Starters, Jets, and Gigantic Jets",University of New Hampshire
1762096,2017-09-21,821509,Continuing Grant,SOCRATES: Microphysical Processes in Southern Ocean Clouds,University of Oklahoma Norman Campus
1754785,2017-10-16,199998,Standard Grant,RAPID: Ozone Loss Over the United States in Summer: Advancing Innovative Climate-Chemistry Research via In Situ Observations of ClO and BrO on Solar Powered Stratospheric Aircraft,Harvard University
1762255,2017-10-16,295956,Standard Grant,DYNAmics of the Madden-Julian Oscillation (DYNAMO) Legacy Data Products,University of Washington
1800582,2017-10-23,49537,Standard Grant,Collaborative Research:  Observed and Future Dynamically Downscaled Estimates of Precipitation Associated with Mesoscale Convective Systems,Northern Illinois University
1762166,2017-10-24,135961,Standard Grant,EAGER: A New Method for Sampling Sea-Salt Aerosols,University of Hawaii
1763169,2017-10-24,124478,Standard Grant,RAPID: ANDESITE Cubesat,Trustees of Boston University
1802226,2017-10-24,174895,Standard Grant,RAPID: Impacts of Post-Hurricane Land-Atmosphere Interactions on Convective and Precipitation Processes in the Caribbean Region,CUNY City College
1763277,2017-10-25,241536,Standard Grant,CAREER:  The Influence of Desert Heat Lows on Monsoon Precipitation,University of California-Berkeley
1801373,2017-10-26,212003,Continuing Grant,SHINE:  A Vlasov-Maxwell Study of Solar Wind Turbulence Heating and Distribution Function Dynamics,Princeton University
1735978,2017-11-01,360303,Standard Grant,A Modeling Study of Easterly Waves and Their Intraseasonal Variability in the East Pacific,Colorado State University
1802248,2017-11-03,776640,Continuing Grant,CAREER:  Monsoon and the Upper Troposphere Lower Stratosphere,Columbia University
1802627,2017-11-03,168517,Standard Grant,EAGER: Improving our Understanding of Supercell Storms through Data Science,University of Oklahoma Norman Campus
1741003,2017-11-07,592759,Standard Grant,Collaborative Research: Polarimetric Tornado Precursor Signatures,Purdue University
1741088,2017-11-07,311963,Standard Grant,Collaborative Research: Polarimetric Tornado Precursor Signatures,University of Massachusetts Amherst
1702691,2017-11-08,135540,Continuing Grant,"Collaborative Research: P2C2--Madagascar Caves and Paleoclimate (MADCAP), Investigating Climate Variability in the Southern Hemisphere of the Western Indian Ocean",Massachusetts Institute of Technology
1702891,2017-11-08,491563,Continuing Grant,"Collaborative Research: P2C2--Madagascar Caves and Paleoclimate (MADCAP), Investigating Climate Variability in the Southern Hemisphere of the Western Indian Ocean",University of Massachusetts Amherst
1807774,2017-11-08,121906,Standard Grant,RAPID: The Diablo Wind and Extreme Fire Behavior during the 2017 Wine Country Fires,San Jose State University Foundation
1745243,2017-11-13,493141,Standard Grant,"Lake-effect Snow: Understanding Predictability and Dynamics through Ensemble-Based Convective-Permitting Data Assimilation, Modeling, and Sensitivity Analysis",Pennsylvania State Univ University Park
1764340,2017-11-15,99557,Standard Grant,RAPID: Coordinated Rainfall Analysis of Hurricane Harvey,Texas A&M University
1659304,2017-11-17,1067833,Continuing Grant,Studies of Atmospheric Processes Using Imaging Science Techniques,Trustees of Boston University
1806422,2017-11-17,95794,Standard Grant,EAGER: Exploration of the Denali Basal Ice Core Archive,University of Maine
1807533,2017-11-17,197375,Standard Grant,RAPID: Tipping the Greenhouse C Balance: Hurricane Irma's Role in Increasing the Global Warming Potential in Everglades Ecosystems,University of Alabama Tuscaloosa
1810641,2017-11-17,187893,Standard Grant,RAPID: Northern California Wildfire Emissions and their Atmospheric Chemical Transformations in a Highly Populated Urban Region,University of California-Berkeley
1753874,2017-11-20,30096,Standard Grant,"Conference on Fundamental Physical Processes in Solar-Terrestrial Research and Their Relevance to Planetary Physics; Kona, Hawaii; January 7-13, 2018",University of Alaska Fairbanks Campus
1748266,2017-11-21,384518,Standard Grant,Wildfire Impacts on Air Quality and Nighttime Brown Carbon Formation,University of Montana
1808722,2017-12-05,13416,Standard Grant,"Third Workshop on New Opportunities in the AMS Era: Solar Energetic Particles, Solar Modulation, and Space Radiation; Washington, District of Columbia; June 25-28, 2018",University of Hawaii
1755331,2017-12-08,10000,Standard Grant,"Support for the Workshop on Meteorological Sensitivity Analysis and Data Assimilation; Aveiro, Portugal; July 2-6, 2018",Morgan State University
1812964,2017-12-18,49976,Standard Grant,"Workshop:  Roadmap for Reliable Ensemble Forecasting of the Sun-Earth System; NJIT, March, 2018",New Jersey Institute of Technology
1702848,2017-12-19,144821,Standard Grant,Collaborative Research:  P2C2--Testing the Tropical Storm and Tropical Cyclone Masking Hypotheses: Advancing Speleothem Reconstruction of Paleotempestology and Paleohydrology,Auburn University
1703041,2017-12-19,563483,Standard Grant,Collaborative Research:  P2C2--Testing the Tropical Storm and Tropical Cyclone Masking Hypotheses: Advancing Speleothem Reconstruction of Paleotempestology and Paleohydrology,Skidmore College
1815138,2017-12-21,206329,Standard Grant,Assessing the Impacts of Arctic Amplification on the Midlatitude Circulation with a Hierarchy of Atmospheric General Circulation Models,Columbia University
1748080,2018-01-02,420528,Continuing Grant,Investigating the light-absorbing carbonaceous aerosol lineage: The brown carbon - black carbon continuum,University of Georgia Research Foundation Inc
1810682,2018-01-02,134957,Standard Grant,"Collaborative Research:  P2C2--isotope-enabled TRAnsient Climate Evolution of the last 21,000 years (iTRACE21)----Understanding Deglacial Climate/Isotope Changes Using iCESM","OHIO STATE UNIVERSITY, THE"
1821118,2018-01-05,10000,Standard Grant,"Tropical Cyclone Operations and Research Forum/Interdepartmental Hurricane Conference (TCORF/IHC); Miami, Florida; March 13-15, 2018",University Corporation For Atmospheric Res
1807199,2018-01-11,35050,Standard Grant,"International Society for Atmospheric Research Using Remotely-Piloted Aircraft (ISARRA) Meeting Support; Boulder, Colorado; July 9-12, 2018",University of Colorado at Boulder
1802531,2018-01-12,15000,Standard Grant,"The Eighth (8th) International Symposium on Environmental Hydraulics; Notre Dame, Indiana; June 4-7, 2018",University of Notre Dame
1742944,2018-01-31,450352,Standard Grant,Understanding Storm Track Position and Intensity Across a Range of Timescales,University of Chicago
1656907,2018-02-02,499788,Standard Grant,Assessing and Understanding Extratropical Control on Tropical Climate,"OHIO STATE UNIVERSITY, THE"
1818552,2018-02-02,21391,Standard Grant,"Two Days Workshop to Study Wintertime Urban Atmospheric Pollution Processes; Fairbanks, Alaska; Mid-May 2018",University of Alaska Fairbanks Campus
1732209,2018-02-06,4288100,Continuing Grant,Space Weather Research at the Jicamarca Radio Observatory,Cornell University
1808291,2018-02-07,30000,Standard Grant,"American Geophysical Union (AGU) Chapman Conference on Particle Dynamics in the Earth's Radiation Belts; Cascais, Portugal; March 4-9, 2018",American Geophysical Union
1826924,2018-02-08,200000,Standard Grant,"RAPID: Reconstruction of Atmospheric Observatory at Pico Este, Puerto Rico, After the Impact of Hurricane Maria",University of Puerto Rico-Rio Piedras
1743401,2018-02-13,632502,Continuing Grant,Understanding Photochemistry and Export of Ozone and Its Precursors from China,Georgia Tech Research Corporation
1749986,2018-02-16,412144,Standard Grant,Improved Understanding of Changes in Convective Available Potential Energy and Links to the Large-scale Circulation,Massachusetts Institute of Technology
1750328,2018-02-20,692975,Continuing Grant,CAREER: Air Quality Impacts of Dynamic Forest-Atmosphere-Chemistry Interactions,Trustees of Boston University
1754019,2018-02-20,1050830,Continuing Grant,Biomass Burning Flux Measurements of Trace Gases and Aerosols (BB-FLUX) Using Solar Occultation Flux (SOF) on the Wyoming King Air,University of Colorado at Boulder
1702439,2018-02-26,231438,Continuing Grant,Collaborative Research: P2C2--Reconstructing South American Monsoon Sensitivity to Internal and External Forcing: Reconciling Models and Tree-ring Proxies in the Central Andes,SUNY at Albany
1702789,2018-02-26,544853,Continuing Grant,Collaborative Research: P2C2--Reconstructing South American Monsoon Sensitivity to Internal and External Forcing: Reconciling Models and Tree-ring Proxies in the Central Andes,Columbia University
1703035,2018-02-26,65919,Continuing Grant,Collaborative Research: P2C2--Reconstructing South American Monsoon Sensitivity to Internal and External Forcing: Reconciling Models and Tree-ring Proxies in the Central Andes,University of California-Irvine
1741250,2018-03-02,430581,Continuing Grant,Wind-driven Rainfall Microphysics: Raindrop Shape - Fall Velocity - Size Distribution under Wind Shear and Turbulence,University of Texas at San Antonio
1743854,2018-03-02,324042,Continuing Grant,Mesoscale Vortex Dynamics in Tropical Weather Systems,"NorthWest Research Associates, Incorporated"
1748779,2018-03-02,397626,Continuing Grant,Ventilation Processes and Effects on Tropical Cyclones,SUNY at Albany
1758513,2018-03-02,667101,Continuing Grant,The Organization of Tropical East Pacific Convection (OTREC) Field Campaign:  Support for Field Activities and Post-Campaign Analysis,New Mexico Institute of Mining and Technology
1758603,2018-03-02,532041,Standard Grant,Dynamic and Thermodynamic Controls on Deep Convection in Organization of Tropical East Pacific Convection (OTREC),Columbia University
1746119,2018-03-05,427827,Continuing Grant,Collaborative Research: Increasing Understanding of 30-60 Sec Resolution Satellite Observations with Respect to Convective Initiation and Improving Microphysical Parameterizations,University of Alabama in Huntsville
1746475,2018-03-05,278796,Continuing Grant,Collaborative Research: Increasing Understanding of 30-60 Sec Resolution Satellite Observations with Respect to Convective Initiation and Improving Microphysical Parameterizations,University of Wisconsin-Madison
1800948,2018-03-05,1010958,Continuing Grant,National Science Foundation (NSF) Geospace Environment Modeling (GEM) Workshop Coordination: 2019-2023,University of New Hampshire
1754244,2018-03-08,719035,Continuing Grant,Laboratory Studies of the Effect of Turbulence on Aerosol-Cloud Interactions,Michigan Technological University
1808166,2018-03-08,24999,Standard Grant,"Space Weather Workshop 2018; Westminster, Colorado; April 16-20, 2018",University Corporation For Atmospheric Res
1810964,2018-03-08,50000,Standard Grant,"Rossbypalooza 2018: A Student-led Workshop on Understanding Climate through Simple Models; Chicago, Illinois; June 11-23, 2018",University of Chicago
1824715,2018-03-08,20000,Standard Grant,"Travel Support for an International Meeting on Monsoons and Tropical Rain Belts; Trieste, Italy; July 2-5, 2018",Columbia University
1753735,2018-03-09,392400,Continuing Grant,"American Meteorological Society Summer Policy Colloquium 2018-2020; Washington, DC",American Meteorological Society
1822128,2018-03-09,81244,Standard Grant,Collaborative Research: EAGER--Effect of Eddy Forcing Induced by Eyewall and Rainband Convection on Tropical Cyclone Rapid Intensification,University of Miami
1822238,2018-03-09,151816,Standard Grant,Collaborative Research: EAGER--Effect of Eddy Forcing Induced by Eyewall and Rainband Convection on Tropical Cyclone Rapid Intensification,Florida International University
1744067,2018-03-12,225760,Standard Grant,Pacific Decadal Variability: Modulation of Global- to Regional-scale Climate over the Last Millennium,"OHIO STATE UNIVERSITY, THE"
1752900,2018-03-12,505812,Standard Grant,CAREER: Understanding the Coupling between Clouds and Midlatitude Dynamics at Synoptic and Global Scales,University of Virginia Main Campus
1758666,2018-03-12,410260,Continuing Grant,"Characterization of Convective Interactions with Easterly Waves, the Caribbean Low-Level Jet and Central American Topography During OTREC",University of Washington
1759793,2018-03-12,373702,Standard Grant,Why Bottom-Heaviness of Vertical Motion Profiles Varies during Organization of Tropical East Pacific Convection (OTREC),University of Wisconsin-Madison
1752796,2018-03-13,799815,Continuing Grant,CAREER: Understanding the Time- and State-Dependence of Climate Sensitivity,University of Washington
1753364,2018-03-15,572581,Continuing Grant,CAREER: Mechanistic Studies of Secondary Organic Aerosol Production from Biomass Burning Derived Precursors,University of California-Riverside
1747781,2018-03-16,383398,Standard Grant,Collaborative Research: Mechanisms and Predictability of Interactions between Convectively Coupled Kelvin Waves and African Easterly Waves Leading to Tropical Cyclogenesis,University of Miami
1747844,2018-03-16,358184,Standard Grant,Collaborative Research: Mechanisms and Predictability of Interactions between Convectively Coupled Kelvin Waves and African Easterly Waves Leading to Tropical Cyclogenesis,SUNY at Albany
1748177,2018-03-16,359465,Continuing Grant,Collaborative Research: A Polarimetric Radar Climatology of Supercell Thunderstorms in the United States,SUNY at Stony Brook
1748191,2018-03-16,120671,Continuing Grant,Collaborative Research: A Polarimetric Radar Climatology of Supercell Thunderstorms in the United States,University of Colorado at Boulder
1748715,2018-03-16,587109,Standard Grant,Mechanisms Controlling the Probability of Tornadogenesis in Supercell Thunderstorms,North Carolina State University
1733946,2018-03-19,596574,Continuing Grant,Data-constrained Numerical Modeling of the Distribution and Kinetics of Hydrogen (H) Atoms in the Terrestrial Atmosphere,University of Illinois at Urbana-Champaign
1749851,2018-03-19,599601,Continuing Grant,Collaborative Research: An in situ Closure Study of Mixed Phase Clouds at Storm Peak,Massachusetts Institute of Technology
1749865,2018-03-19,215465,Standard Grant,Collaborative Research: An in situ Closure Study of Mixed Phase Clouds at Storm Peak,"Nevada System of Higher Education, Desert Research Institute"
1753656,2018-03-23,539210,Standard Grant,The Fast and Slow Response of the Hydrological Cycle,University of Miami
1749261,2018-03-27,860018,Standard Grant,CAREER: Causal Connections Between the Arctic and Mid-latitudes,Colorado State University
1822444,2018-03-30,499506,Standard Grant,"Effectively Communicating Science Workshops (2018-2020); Saint Paul, Minnesota",Mitchell Hamline School of Law
1742930,2018-04-02,345060,Continuing Grant,Lightning Initiation and In-Cloud Electromagnetic Activity in Mississippi Thunderstorms,University of Mississippi
1745384,2018-04-09,747197,Standard Grant,Air-Sea Momentum Transfer in Extreme Wind Conditions,University of Miami
1752268,2018-04-09,819697,Continuing Grant,CAREER: Focused Hard X-ray Study of Energy Releases on the Sun and Stellar Objects,University of Minnesota-Twin Cities
1752827,2018-04-09,747359,Continuing Grant,CAREER: Toward Understanding Solar Wind Turbulence in the Inner Heliosphere,Florida Institute of Technology
1833008,2018-04-09,103735,Standard Grant,RAPID: Airborne Measurements of Black Carbon Aerosol and Its Mixing State over the Eastern Pacific/Central Coast of California,Clemson University
1743321,2018-04-12,299754,Standard Grant,"EarthCube RCN: Towards Integration of Heliophysics Data, Modeling, and Analysis Tools",New Jersey Institute of Technology
1757501,2018-04-13,557826,Continuing Grant,The Boulder Space Weather Summer School,University Corporation For Atmospheric Res
1833749,2018-04-13,30000,Standard Grant,"2018 Graduate Climate Conference: Pack Center, University of Washington, November 2-4 2018",University of Washington
1818584,2018-04-16,780000,Continuing Grant,CEDAR Workshop 2018 - 2020 and Community Web Pages and Email Services,University Corporation For Atmospheric Res
1749504,2018-04-17,360323,Standard Grant,"The Correlation between Tornado Formation, Intensification, and Decay and Ground Features using Rapid-Scan Mobile Radar Observations, Damage Surveys, and GIS",Ohio University
1757342,2018-04-17,357566,Standard Grant,Effects of Background Wind on the Eastward Propagation of Madden Julian Oscillation (MJO),SUNY at Albany
1749729,2018-04-18,583701,Continuing Grant,CAREER: The Response of Coastal Squall Line Dynamics to Climate Change,University of Connecticut
1744099,2018-04-19,534124,Continuing Grant,Simulations and Theory of Lightning Initiation in Low Thundercloud Fields,Pennsylvania State Univ University Park
1834748,2018-04-19,166563,Standard Grant,EAGER: Observations of Falling and Lofted Snow in Windy Environments,University of North Dakota Main Campus
1762098,2018-04-23,459290,Standard Grant,Collaborative Research: Atmospheric Nanoparticle Growth from Nitrate (NO3) Radical Initiated Oxidation of Monoterpenes,University of California-Irvine
1762106,2018-04-23,162727,Standard Grant,Collaborative Research: Atmospheric Nanoparticle Growth from Nitrate (NO3) Radical Initiated Oxidation of Monoterpenes,Reed College
1822272,2018-04-24,99946,Standard Grant,"2018 Unidata Users Workshop Reducing Time to Science: Evolving Workflows for Geoscience Research and Education; Boulder, Colorado; June 25-28, 2018",University Corporation For Atmospheric Res
1745931,2018-05-01,440314,Continuing Grant,Collaborative Research: High-Speed Slitless Spectroscopy Studies of Natural Lightning Flashes,University of Mississippi
1745933,2018-05-01,374114,Continuing Grant,Collaborative Research: High-Speed Slitless Spectroscopy Studies of Natural Lightning Flashes,Texas A&M University
1750447,2018-05-01,325726,Standard Grant,Effect of Molecular Structure on the Atmospheric Oxidation of Organic Compounds and Aerosol Formation,University of Colorado at Boulder
1752736,2018-05-01,657665,Continuing Grant,CAREER: Understanding and Modeling the Mysterious Dropout of Radiation Belt Electrons,West Virginia University Research Corporation
1753034,2018-05-01,798235,Standard Grant,CAREER: The Lapse Rate Feedback and Other Mechanisms of High-Latitude Climate Change,University of California-Santa Cruz
1755606,2018-05-01,549034,Standard Grant,RUI: Bulk Water Adsorption and Aerosol Cloud Condensation Nuclei (CCN) Activation of Insoluble Aerosol: Toward Experimental Closure and Accurate Model Parameters,Hendrix College
1760402,2018-05-02,599257,Standard Grant,Midlatitude Storm Track Dynamics on a Cloudy Earth,California Institute of Technology
1833370,2018-05-02,28540,Standard Grant,"2018 Gordon Research Conference on Biogenic Hydrocarbons and the Atmosphere: Connecting Volatiles and the Climate System from Leaf to Planet; Switzerland; June 10-15, 2018",Gordon Research Conferences
1760328,2018-05-03,495039,Standard Grant,Atmospheric Chemistry of Bioaerosols,"Nevada System of Higher Education, Desert Research Institute"
1821437,2018-05-03,594980,Standard Grant,Stratosphere-to-troposphere Ozone Flux and Surface Ultraviolet Radiation during Cold Climates and Impact on Tropospheric Oxidants,University of Washington
1822314,2018-05-03,472085,Standard Grant,Airborne InfraRed Spectrograph (AIR-Spec) 2019 Eclipse Flight,Smithsonian Institution Astrophysical Observatory
1832207,2018-05-03,279460,Standard Grant,Collaborative Research: GEM--Comparing Simulations of Electron Acceleration in Kinetic Alfven Waves with Observations from the Van Allen Probes in the Inner Magnetosphere,University of Alaska Fairbanks Campus
1757009,2018-05-14,174970,Standard Grant,Collaborative Research: REU Site--Northeast Partnership for Atmospheric and Related Sciences (NEPARS),Plymouth State University
1757010,2018-05-14,212272,Standard Grant,Collaborative Research: REU Site--Northeast Partnership for Atmospheric and Related Sciences (NEPARS),Hobart and William Smith Colleges
1834662,2018-05-14,179875,Standard Grant,RAPID: Exploring the Dynamics and Thermodynamics of the Sun's Corona with Total Solar Eclipse Observations,University of Hawaii
1806194,2018-05-17,360274,Standard Grant,The International Global Atmospheric Chemistry (IGAC) International Project Office (IPO),University of Colorado at Boulder
1834772,2018-05-17,35000,Standard Grant,"Support for a Symposium Honoring Isaac Held's Contributions to Atmospheric and Climate Dynamics; Princeton, New Jersey; October 29-31, 2018",Princeton University
1759255,2018-05-21,382201,Standard Grant,OTREC: Convective Heating Profiles and the Transition from Shallow to Deep Convection over the Tropical East Pacific and Southwest Caribbean,Harvard University
1761638,2018-05-22,384080,Standard Grant,New Particle Formation Experiments: Nucleation and Growth,Augsburg University
1656955,2018-05-29,360886,Continuing Grant,Development of an Integrated View of Plasma Instability Processes in the Lower Ionosphere,University of Alaska Fairbanks Campus
1664885,2018-05-29,414751,Continuing Grant,Characterizing Mesoscale Thermospheric F-region Winds Associated with Quasi-steady and Transient Nightside Auroral Arcs,University of California-Los Angeles
1801280,2018-05-29,271197,Standard Grant,Collaborative Research: Cosmics Leaving OUtdoor Droplets (CLOUD) Consortium Membership,University of Colorado at Boulder
1801329,2018-05-29,282543,Standard Grant,Collaborative Research: Cosmics Leaving OUtdoor Droplets (CLOUD) Consortium Membership,California Institute of Technology
1801574,2018-05-29,261706,Standard Grant,Collaborative Research: Cosmics Leaving OUtdoor Droplets (CLOUD) Consortium Membership,Carnegie Mellon University
1817277,2018-05-29,517801,Standard Grant,Revealing Evolution of Electrons and Magnetic Field in Solar Flares,New Jersey Institute of Technology
1822015,2018-05-29,613489,Standard Grant,Tropical/Extratropical Interaction Mechanisms at the Intraseasonal Time Scale,Pennsylvania State Univ University Park
1702423,2018-06-04,145127,Standard Grant,Collaborative Research: P2C2--Assimilation of Cool and Warm Season Moisture Reconstructions and Atmospheric Conditions Over North America for the Past Millennium,University of Washington
1702894,2018-06-04,299088,Standard Grant,Collaborative Research: P2C2--Assimilation of Cool and Warm Season Moisture Reconstructions and Atmospheric Conditions Over North America for the Past Millennium,University of Arkansas
1822221,2018-06-04,459667,Standard Grant,Advancing Sub-Seasonal Weather Predictability Through Machine Learning Techniques,George Mason University
1834451,2018-06-04,319837,Continuing Grant,GEM:  Cold Dense and/or Heavy Plasma Controlling the Magnetopause Dynamics,Southwest Research Institute
1813981,2018-06-07,389131,Standard Grant,On the Impacts of Cloud Radiative Heating on General Circulation and Extreme Events,Indiana University
1839012,2018-06-07,37724,Continuing Grant,Collaborative Research:   New Directions in Optical-Instrument-Driven Aeronomy at Arecibo Observatory,The University of Central Florida Board of Trustees
1764171,2018-06-08,532412,Standard Grant,"Evaluating the Impact of Future Volcanic Eruptions on Stratospheric Ozone:  Influence of Multicomponent Injection, Climate Change, Latitude, and Seasonality",Harvard University
1813611,2018-06-08,608703,Standard Grant,Further Studies of Dynamics for El Nino-Southern Oscillation (ENSO) Diversity and Complexity,University of Hawaii
1823478,2018-06-08,787353,Continuing Grant,Understanding the Relationship Between Tornadoes and Debris Through Observed and Simulated Radar Data,University of Oklahoma Norman Campus
1838512,2018-06-08,35000,Standard Grant,RAPID: Rejuvenation of the University of New Hampshire (UNH)'s Neutron Monitor Network,University of New Hampshire
1805141,2018-06-11,317221,Standard Grant,Collaborative Research: P2C2--A Model/Proxy Synthesis of Walker Circulation Trends During the Last Millennium,Washington University
1805143,2018-06-11,341402,Standard Grant,Collaborative Research: P2C2--A Model/Proxy Synthesis of Walker Circulation Trends During the Last Millennium,University of California-Santa Barbara
1805480,2018-06-11,201727,Standard Grant,Collaborative Research: P2C2--A Model/Proxy Synthesis of Walker Circulation Trends During the Last Millennium,Woods Hole Oceanographic Institution
1821294,2018-06-11,2299925,Standard Grant,High Resolution Studies of Solar Activity Using the 1.6-meter Telescope in Big Bear,New Jersey Institute of Technology
1763257,2018-06-12,17967,Standard Grant,Creating Standards for Evaluating Ground Magnetometer Arrays,Augsburg University
1824243,2018-06-13,757139,Continuing Grant,Laboratory and Modeling Studies of the Growth Efficiency of Vapor Grown Ice,Pennsylvania State Univ University Park
1826635,2018-06-13,411661,Standard Grant,Collaborative Research: A Teleconnection between the Tropical Madden-Julian Oscillation and Arctic Sudden Stratospheric Warming Events in Warm Climates,Harvard University
1826643,2018-06-13,418199,Standard Grant,Collaborative Research: A Teleconnection between the Tropical Madden-Julian Oscillation and Arctic Sudden Stratospheric Warming Events in Warm Climates,Colorado State University
1830724,2018-06-15,343409,Standard Grant,Collaborative Research: Climate Feedbacks in Radiative-Convective Equilibrium--The Role of Self-Aggregation of Convection in A Multi-Model Ensemble of Idealized Simulations,Florida State University
1830729,2018-06-15,328100,Standard Grant,Collaborative Research: Climate Feedbacks in Radiative-Convective Equilibrium--The Role of Self-Aggregation of Convection in A Multi-Model Ensemble of Idealized Simulations,SUNY at Stony Brook
1748097,2018-06-20,474083,Standard Grant,"Collaborative Research: Improved Characterization of Internal Decadal-Multidecadal Climate Variability Using Paleoclimate Archives, Observational Climate Data and Model Simulations",Pennsylvania State Univ University Park
1748115,2018-06-20,210962,Standard Grant,"Collaborative Research: Improved Characterization of Internal Decadal-Multidecadal Climate Variability Using Paleoclimate Archives, Observational Climate Data and Model Simulations",University of Minnesota Duluth
1804132,2018-06-25,117616,Standard Grant,"Collaborative Research: P2C2--Bridging the Gap from Northern Iberia to Northwest Africa to Reconstruct Atmospheric Dynamics and Hydroclimate for the Last 2,500 Years",Woods Hole Oceanographic Institution
1804528,2018-06-25,300251,Standard Grant,"Collaborative Research: P2C2--Bridging the Gap from Northern Iberia to Northwest Africa to Reconstruct Atmospheric Dynamics and Hydroclimate for the Last 2,500 Years",Iowa State University
1804635,2018-06-25,78571,Standard Grant,"Collaborative Research: P2C2--Bridging the Gap from Northern Iberia to Northwest Africa to Reconstruct Atmospheric Dynamics and Hydroclimate for the Last 2,500 Years",Cornell College
1805163,2018-06-25,64684,Standard Grant,"Collaborative Research: P2C2--Bridging the Gap from Northern Iberia to Northwest Africa to Reconstruct Atmospheric Dynamics and Hydroclimate for the Last 2,500 Years",Union College
1806025,2018-06-25,120369,Standard Grant,"Collaborative Research: P2C2--Bridging the Gap from Northern Iberia to Northwest Africa to Reconstruct Atmospheric Dynamics and Hydroclimate for the Last 2,500 Years",University of New Mexico
1757711,2018-06-28,613051,Continuing Grant,"REU Site: Regional Atmospheric Chemistry:  Measurement, Modeling and Big Data in the Pacific Northwest",Washington State University
1835141,2018-06-29,49995,Standard Grant,"Undergraduate Sounding Rocket Field School Training Workshop at the Andoya Space Center in Northern Norway: Andenes, Norway - Fall 2018 and Winter 2019",University of Iowa
1836370,2018-07-02,372423,Standard Grant,The Large-Scale Solar Magnetic Field During the Transition to Solar Cycle 25,Stanford University
1839611,2018-07-02,57578,Contract Interagency Agreement,Sherri W. Hunt's Reimbursable Detail Assignment Cost through Memorandum of Understanding Interagency Agreement between Environmental Protection Agency & National Science Foundation,"U.S. EPA, NERL, Ecosystems Research Division"
1805819,2018-07-03,1424990,Continuing Grant,"P2C2: A 20,000 Year Ice Core-Derived Record of Paleoclimate and Environmental Variability in the Tropical Andes: Nevado Huascaran, Cordillera Blanca, Peru","OHIO STATE UNIVERSITY, THE"
1755350,2018-07-05,395973,Continuing Grant,"Collaborative Research: Exploring Low-Latitude Ionospheric Irregularities in the Upper E-Region Valley Using Observations, Theory, And Simulations",Trustees of Boston University
1755501,2018-07-05,309013,Continuing Grant,"Collaborative Research: Exploring Low-Latitude Ionospheric Irregularities in the Upper E-Region Valley Using Observations, Theory, And Simulations",University of Illinois at Urbana-Champaign
1764126,2018-07-05,373195,Standard Grant,Developing Novel Analytical Systems for Deciphering Complex Mixtures of Organic Compounds and Training the Next Generation of Scientists,Yale University
1758293,2018-07-09,251124,Continuing Grant,Collaborative Research: Modeling the Nonlinear Dynamics of Deep Gravity Waves in the Mesosphere and Thermosphere,"GLOBAL ATMOSPHERIC TECHNOLOGIES AND SCIENCES, INC."
1758454,2018-07-09,120089,Continuing Grant,Collaborative Research: Modeling the Nonlinear Dynamics of Deep Gravity Waves in the Mesosphere and Thermosphere,"NorthWest Research Associates, Incorporated"
1759471,2018-07-09,1096035,Continuing Grant,Collaborative Research: Instabilities and Turbulence in Gravity Wave Dissipation and Formation of Thermospheric Sodium Layers above the Andes,Embry-Riddle Aeronautical University
1759573,2018-07-09,837750,Continuing Grant,Collaborative Research: Instabilities and Turbulence in Gravity Wave Dissipation and Formation of Thermospheric Sodium Layers above the Andes,University of Illinois at Urbana-Champaign
1834714,2018-07-09,250000,Standard Grant,"Outreach, Mentoring and Training in Climate Dynamics",University Corporation For Atmospheric Res
1744269,2018-07-10,445183,Standard Grant,Spontaneous Magnetotail Reconnection,Johns Hopkins University
1823394,2018-07-11,12831,Standard Grant,Asian summer monsoon Chemical and Climate Impact Project (ACCLIP),University Corporation For Atmospheric Res
1837033,2018-07-12,29848,Standard Grant,"The Fifteen (15th) International Symposium on Equatorial Aeronomy (ISEA); Ahmedabad, India; October 22-26, 2018",Massachusetts Institute of Technology
1751535,2018-07-16,939971,Standard Grant,CAREER: Understanding the Predictability and Dynamics of Spring Onset in North America,Cornell University
1801897,2018-07-16,721501,Standard Grant,Understanding Formation of Condensible Organics from Photochemical Oxidation During New-Particle Formation Experiments,Carnegie Mellon University
1802018,2018-07-16,224307,Standard Grant,Collaborative Research: P2C2--High Frequency Hydroclimate Extremes and Synoptic Climate Drivers in Western North America at the End of the Little Ice Age,University of South Carolina at Columbia
1802024,2018-07-16,230502,Standard Grant,Collaborative Research: P2C2--High Frequency Hydroclimate Extremes and Synoptic Climate Drivers in Western North America at the End of the Little Ice Age,University of North Carolina at Chapel Hill
1822420,2018-07-16,1495767,Continuing Grant,Chequamegon Heterogeneous Ecosystem Energy-balance Study Enabled by a High-density Extensive Array of Detectors,University of Wisconsin-Madison
1829138,2018-07-16,349103,Standard Grant,Collaborative Research: Lidar Studies of Coupling in the Arctic Atmosphere and Geospace,"GLOBAL ATMOSPHERIC TECHNOLOGIES AND SCIENCES, INC."
1829161,2018-07-16,730891,Standard Grant,Collaborative Research: Lidar Studies of Coupling in the Arctic Atmosphere and Geospace,University of Alaska Fairbanks Campus
1753214,2018-07-17,657633,Continuing Grant,CAREER: Integrated Studies of Polar Wave and Magnetosphere-Ionosphere-Thermosphere Couplings from New Observations and Whole Atmosphere Modeling,Clemson University
1757944,2018-07-20,489626,Standard Grant,Laboratory Study of H + O3 Product Yields Relevant to the Mesosphere,SRI International
1803995,2018-07-20,397055,Standard Grant,P2C2: Spatiotemporal Variability in Western United States Snowpack During the Common Era,University of Arizona
1822192,2018-07-24,562635,Continuing Grant,Collaborative Research: Effects of Air Turbulence and Snowflake Morphology on Snow Fall Speed,University of Minnesota-Twin Cities
1822268,2018-07-24,200733,Continuing Grant,Collaborative Research: Effects of Air Turbulence and Snowflake Morphology on Snow Fall Speed,University of Wyoming
1823072,2018-07-24,211658,Standard Grant,Collaborative Research: The Relationship of the Spatial/Temporal Variability of Rain to Scaling,RJH Scientific Incorporated
1823334,2018-07-24,142244,Standard Grant,Collaborative Research: The Relationship of the Spatial/Temporal Variability of Rain to Scaling,College of Charleston
1826936,2018-07-26,593862,Continuing Grant,Development of Community Light Scattering Computational Capabilities,Texas A&M University
1844590,2018-07-26,3278847,Cooperative Agreement,"DOE Support to Analyze Variability, Change and Predictability in the Earth System",University Corporation For Atmospheric Res
1744033,2018-07-27,261524,Standard Grant,"Incoherent Scatter Radar Study of the F1 Region Composition, Coupling, Dynamics and Energetics",Miami University
1842963,2018-07-27,29911,Standard Grant,"Travel Support for RF Ionospheric Interactions Workshop; Arlington, VA; July 29 - August 1, 2018",University of Florida
1818216,2018-07-30,482594,Standard Grant,Theoretical and Experimental Studies of Auroral Farley-Buneman Waves,Cornell University
1822664,2018-07-30,544283,Standard Grant,The Chemistry of Oxidation Flow Reactors (OFR) and the Sources of Semivolatile and Intermediate Volatility Secondary Organic Aerosol (SOA) Precursors in Recent NSF Field Studies,University of Colorado at Boulder
1827450,2018-07-30,766198,Standard Grant,Measurements of Hydrogen Oxide (HOx) Radical Chemistry Above and Below the Forest Canopy,Indiana University
1832988,2018-07-30,389634,Standard Grant,Collaborative Research: Modeling of Secondary and Tertiary Gravity Waves from Orographic Gravity Wave Forcing and Comparison with Satellite Observations,"NorthWest Research Associates, Incorporated"
1834222,2018-07-30,75138,Standard Grant,Collaborative Research: Modeling of Secondary and Tertiary Gravity Waves from Orographic Gravity Wave Forcing and Comparison with Satellite Observations,Hampton University
1805276,2018-07-31,54545,Standard Grant,Collaborative Research: P2C2--Paleo-Perspectives of Streamflow Variability for Southeastern Interstate Rivers,Regents of the University of Idaho
1805617,2018-07-31,49098,Standard Grant,Collaborative Research: P2C2--Paleo-Perspectives of Streamflow Variability for Southeastern Interstate Rivers,Indiana University
1805959,2018-07-31,348767,Standard Grant,Collaborative Research: P2C2--Paleo-Perspectives of Streamflow Variability for Southeastern Interstate Rivers,University of Alabama Tuscaloosa
1822056,2018-07-31,367381,Standard Grant,Testing the Traditional Paradigm of the Sub-Auroral Polarization Stream During Storm and Non-storm Conditions,Virginia Polytechnic Institute and State University
1844426,2018-07-31,47293,Standard Grant,EAGER: Surface Skin Temperature Mapping by Ultralight Aircraft and Undergraduate Participation for Stable Atmospheric Variability ANd Transport (SAVANT),University of Wisconsin-Madison
1821135,2018-08-01,375974,Standard Grant,Geospace Energy Exchange in Structured Electrodynamic Environments,Trustees of Boston University
1833209,2018-08-01,645134,Standard Grant,"Improved Meteoroid Characterization through Laboratory Experiments, Modeling, and Ground-based Observations",University of Colorado at Boulder
1805629,2018-08-02,359231,Continuing Grant,"P2C2: Speleothem Records of Permafrost and Climate from an Ice-Proximal, Mid-Continent Cave",University of Wisconsin-Madison
1821095,2018-08-04,357620,Standard Grant,Collaborative Research: Quantifying the Role of Pollen in Cloud Formation through Measurements and Modeling,Texas A&M University
1821173,2018-08-04,399940,Standard Grant,Collaborative Research: Quantifying the Role of Pollen in Cloud Formation through Measurements and Modeling,Regents of the University of Michigan - Ann Arbor
1804263,2018-08-07,479099,Continuing Grant,Collaborative Research:  P2C2--What is the Driver of Orbital-Scale Central American Monsoon Variations? Tests of the Insolation and Sea Surface Temperature Hypotheses,University of Nevada Las Vegas
1804900,2018-08-07,218727,Continuing Grant,Collaborative Research:  P2C2--What is the Driver of Orbital-Scale Central American Monsoon Variations? Tests of the Insolation and Sea Surface Temperature Hypotheses,Indiana State University
1842543,2018-08-07,164162,Standard Grant,"EAGER: Understanding the Dynamics of Past, Present, and Future Climates on Subseasonal to Multidecadal Timescales Based on Operator-Theoretic Techniques for Dynamical Systems",Rutgers University New Brunswick
1829373,2018-08-13,547093,Continuing Grant,Tropical Gravity Waves and Latent Heating: Making the Invisible Visible,"NorthWest Research Associates, Incorporated"
1833173,2018-08-14,599010,Continuing Grant,Meteorological Controls on Dust Emission and Transport in a Closed Basin,University of California-San Diego Scripps Inst of Oceanography
1842139,2018-08-14,183508,Standard Grant,RAPID: Airborne LiDAR and Hyperspectral Observations to Support Ecological Characterization of Wildfire Affected Areas in Partnership with BB-FLUX,Battelle Memorial Institute
1842538,2018-08-14,300000,Standard Grant,EAGER: Data-driven Koopman Operator Techniques for Chaotic and Non-Autonomous Dynamical Systems,New York University
1849409,2018-08-14,184508,Standard Grant,RAPID: A Scientific Deployment of a C-Band Radar to Observe Heavy Precipitation and Convective System Dynamic Processes in RELAMPAGO,University of Illinois at Urbana-Champaign
1849522,2018-08-14,200000,Standard Grant,"RAPID: Radar Deployment for RELAMPAGO (Remote sensing of Electrification, Lightning, And Mesoscale/microscale Processes with Adaptive Ground Observations)",Colorado State University
1803702,2018-08-15,269424,Standard Grant,Magnetospheric Resonances at Middle and Low Latitudes,Embry-Riddle Aeronautical University
1810869,2018-08-15,521620,Continuing Grant,Examining the Dynamics of Rainbands and Secondary Eyewall Formation in Tropical Cyclones,Pennsylvania State Univ University Park
1762141,2018-08-16,4000041,Standard Grant,A Next Generation Geospace Facility at Millstone Hill,Massachusetts Institute of Technology
1828157,2018-08-16,274857,Standard Grant,MRI: Acquisition of a Portable Doppler Wind Lidar for Atmospheric Science Research and Education,The University of Louisiana at Monroe
1829025,2018-08-16,594672,Standard Grant,Collaborative Research: Unmanned Aerial Vehicles for Emissions and Chemistry of Volatile Organic Compounds over the Amazon Tropical Forest,Harvard University
1829074,2018-08-16,353762,Standard Grant,Collaborative Research: Unmanned Aerial Vehicles for Emissions and Chemistry of Volatile Organic Compounds over the Amazon Tropical Forest,University of California-Irvine
1832011,2018-08-16,299892,Standard Grant,HBCU-Excellence in Research: Vertical Profiles of Aerosols and Their Radiative Impacts,Howard University
1832089,2018-08-16,499906,Standard Grant,HBCU: Excellence in Research: Analysis and Modeling of the Ocean Spray Effects on Tropical Cyclone Dynamics,North Carolina Agricultural & Technical State University
1832842,2018-08-16,596513,Standard Grant,Quantifying Transport and Mixing in the Stratosphere and Upper Troposphere,University of California-Los Angeles
1743030,2018-08-17,453769,Standard Grant,SuperMAG: High Time-resolution Data Enabling Global UltraLow Frequency (ULF) Studies,Johns Hopkins University
1832121,2018-08-17,299827,Standard Grant,HBCU-Excellence in Research: Understanding Atmospheric Moist Convection and Organization Using Automatic Feature Identification and Tracking,Morgan State University
1822551,2018-08-20,109170,Standard Grant,Collaborative Research:  Characterizing Secondary Gravity Waves and Influences on Momentum Transport,Embry-Riddle Aeronautical University
1822585,2018-08-20,152022,Standard Grant,Collaborative Research: Characterizing Secondary Gravity Waves and Influences on Momentum Transport,University of Alaska Fairbanks Campus
1822867,2018-08-20,68674,Standard Grant,Collaborative Research:  Characterizing Secondary Gravity Waves and Influences on Momentum Transport,"NorthWest Research Associates, Incorporated"
1826956,2018-08-20,259829,Standard Grant,Collaborative Research:  An Investigation into Daytime HONO Chemistry in the Marine Boundary Layer,University of Colorado at Boulder
1826989,2018-08-20,576101,Standard Grant,Collaborative Research:  An Investigation into Daytime HONO Chemistry in the Marine Boundary Layer,Health Research Incorporated/New York State Department of Health
1829803,2018-08-20,90126,Standard Grant,"Collaborative Research: Aerosols, Nitrogen Oxides, and Ozone at the Mt. Bachelor Observatory",University of California-Davis
1829893,2018-08-20,873270,Standard Grant,"Collaborative Research: Aerosols, Nitrogen Oxides, and Ozone at the Mt. Bachelor Observatory",University of Washington
1830047,2018-08-20,9360,Standard Grant,"Collaborative Research: Aerosols, Nitrogen Oxides, and Ozone at the Mt. Bachelor Observatory",Oregon State University
1830727,2018-08-20,379013,Standard Grant,Collaborative Research: The Secondary Organic Aerosol Formation from the Oxidation of Furan-compounds to Understand the Atmospheric Impacts of Biomass Burning Smoke,Georgia Tech Research Corporation
1830748,2018-08-20,235928,Standard Grant,Collaborative Research: The Secondary Organic Aerosol Formation from the Oxidation of Furan-compounds to Understand the Atmospheric Impacts of Biomass Burning Smoke,Atmospheric and Environmental Research Inc
1821885,2018-08-21,1168436,Standard Grant,Improving our understanding of vorticity development in supercells through novel thermodynamic observations and an improved treatment of the near-surface layer in simulations,Pennsylvania State Univ University Park
1804262,2018-08-22,497264,Continuing Grant,"Collaborative Research:  P2C2--Multi-Time-Scale Climate Dynamics in California (CA): An Integrated Multi-Proxy Stalagmite, Monitoring, and Modeling Approach",University of California-Davis
1804747,2018-08-22,133319,Continuing Grant,"Collaborative Research:  P2C2--Multi-Time-Scale Climate Dynamics in California (CA): An Integrated Multi-Proxy Stalagmite, Monitoring, and Modeling Approach",University of Connecticut
1805213,2018-08-22,98859,Continuing Grant,"Collaborative Research:  P2C2--Multi-Time-Scale Climate Dynamics in California (CA): An Integrated Multi-Proxy Stalagmite, Monitoring, and Modeling Approach",University of Miami
1833075,2018-08-22,792053,Standard Grant,Understanding the Dynamics of El Nino-Southern Oscillation (ENSO) Complexity,University of California-Irvine
1829667,2018-08-23,553377,Standard Grant,Field Measurements of Trace Gas Reactions at the Air-Ocean Interface,University of Wisconsin-Madison
1831013,2018-08-23,1000000,Standard Grant,HBCU-Excellence in Research: Radiative Effects of Biomass Burning Aerosols Laboratory and Field Measurements and Modeling of Climate and Health Impacts,North Carolina Agricultural & Technical State University
1824609,2018-08-24,523488,Continuing Grant,Collaborative Research: Targeted Observation by Radars and UAS (Unmanned Aircraft Systems) of Supercells (TORUS),University of Colorado at Boulder
1824649,2018-08-24,725926,Continuing Grant,Collaborative Research: Targeted Observation by Radars and UAS (Unmanned Aircraft Systems) of Supercells (TORUS),University of Nebraska-Lincoln
1824713,2018-08-24,698823,Continuing Grant,Collaborative Research: Targeted Observation by Radars and UAS (Unmanned Aircraft Systems) of Supercells (TORUS),Texas Tech University
1824811,2018-08-24,461798,Continuing Grant,Collaborative Research: Targeted Observation by Radars and UAS (Unmanned Aircraft Systems) of Supercells (TORUS),University of Oklahoma Norman Campus
1743118,2018-08-27,303142,Standard Grant,Statistical Comparison of Auroras in Northern and Southern Hemispheres,Johns Hopkins University
1832778,2018-08-27,25000,Standard Grant,"The Thirteenth (13th) International School/Symposium for Space Simulations; Los Angeles, California; September 6-14, 2018",University of California-Los Angeles
1757892,2018-08-29,407816,Standard Grant,REU Site: Remote Sensing of Land-Atmosphere Systems,University of Alabama in Huntsville
1844584,2018-08-29,5000,Standard Grant,"The Deep Learning for Multi-phase Organic Chemistry Conference; Irvine, California; September 27-28, 2018",University of California-Irvine
1848717,2018-08-30,24261,Standard Grant,"Workshop on Evolutions in Urban Chemistry: Growing Influence of Non-Traditional Emission Sources Workshop; Boulder, Colorado; Fall of 2018",University of Colorado at Boulder
1754895,2018-08-31,198989,Standard Grant,Collaborative Research: Meteor Plasma Formation and Dynamics with Implication for Radar Measurements,University of Colorado at Boulder
1755020,2018-08-31,382770,Standard Grant,Collaborative Research: Meteor Plasma Formation and Dynamics with Implication for Radar Measurements,Trustees of Boston University
1837882,2018-08-31,295577,Standard Grant,Collaborative Research: Understanding Ozone-Ecosystem Controls and Feedbacks across Landscapes through Leaf- and Canopy-Scale Measurements,Virginia Polytechnic Institute and State University
1837891,2018-08-31,366619,Standard Grant,Collaborative Research: Understanding Ozone-Ecosystem Controls and Feedbacks across Landscapes through Leaf- and Canopy-Scale Measurements,University of Virginia Main Campus
1834711,2018-09-06,536373,Standard Grant,Lightning HOx: Laboratory and Photochemical Modeling Studies of Hydroxyl (OH) and Hydroperoxyl (HO2) Generated by Atmospheric Electrical Activity,Pennsylvania State Univ University Park
1827264,2018-09-07,750000,Continuing Grant,Board on Atmospheric Sciences and Climate (BASC) in Support of National Science Foundation (NSF)'s Missions,National Academy of Sciences
1835576,2018-09-07,1250000,Continuing Grant,Collaborative Research: HDR: Data-Driven Earth System Modeling,Massachusetts Institute of Technology
1835860,2018-09-07,2499842,Continuing Grant,Collaborative Research: HDR: Data-Driven Earth System Modeling,California Institute of Technology
1835881,2018-09-07,1250000,Interagency Agreement,Collaborative Research: HDR: Data-Driven Earth System Modeling,Naval Postgraduate School
1650738,2018-09-10,143591,Standard Grant,Collaborative Research: CEDAR--Quantifying the Impact of Radiation Belt Electron Precipitation on Atmospheric Reactive Nitrogen Oxides (NOx) and Ozone (O3),University of New Hampshire
1650918,2018-09-10,132144,Standard Grant,Collaborative Research: CEDAR--Quantifying the Impact of Radiation Belt Electron Precipitation on Atmospheric Reactive Nitrogen Oxides (NOx) and Ozone (O3),University Corporation For Atmospheric Res
1828565,2018-09-10,991762,Standard Grant,MRI: Development of A Novel Instrument that Minimizes Uncertainties in Airborne Measurements of Precipitation,University Corporation For Atmospheric Res
1828589,2018-09-10,683281,Standard Grant,MRI: Acquisition of A Meteor Radar for the Andes Lidar Observatory,Embry-Riddle Aeronautical University
1829297,2018-09-10,1000000,Standard Grant,MRI: Development--An Aerosol and Cloud Analysis System for the Caribbean,University of Puerto Rico-Rio Piedras
1853000,2018-09-17,120089,Continuing Grant,Collaborative Research: Modeling the Nonlinear Dynamics of Deep Gravity Waves in the Mesosphere and Thermosphere,"GLOBAL ATMOSPHERIC TECHNOLOGIES AND SCIENCES, INC."
1853390,2018-09-17,287636,Continuing Grant,Collaborative Research: The Great Plains Irrigation Experiment (GRAINEX) for Understanding the Influence of Irrigation on the Planetary Boundary Layer and Weather Events,University of Nebraska-Lincoln
1853408,2018-09-17,144653,Continuing Grant,Collaborative Research: CEDAR--A Long-term Investigation of Auroral and Tidal Forcing of E-region Thermospheric Winds at High Latitudes,Clemson University
1853618,2018-09-17,197602,Continuing Grant,Collaborative Research: Laboratory Measurements of O and N2 Ultraviolet (UV) Cross Sections by Particle Impact for Remote Sensing of Thermosphere O/N2 Variation,University of Colorado at Boulder
1755088,2018-09-19,630000000,Cooperative Agreement,The Management and Operation of the National Center for Atmospheric Research,University Corporation For Atmospheric Res
1852977,2018-09-19,1,Cooperative Agreement,The Management and Operation of the National Center for Atmoshperic Research (NCAR),University Corporation For Atmospheric Res
1854440,2018-09-21,64446,Standard Grant,Collaborative Research:   GEM--The Effect of Magnetosonic Waves on Energetic Electrons in the Earth's Magnetosphere,University of California-Los Angeles
1855628,2018-10-22,403710,Standard Grant,Collaborative Research: P2C2--Multi-proxy Reconstructions of North Pacific Decadal Variability from Bivalve Mollusks and Trees,University of Arizona
1900795,2018-10-23,259829,Standard Grant,Collaborative Research:  An Investigation into Daytime HONO Chemistry in the Marine Boundary Layer,University of South Florida
1848885,2018-10-29,25000,Standard Grant,"American Geophysical Union (AGU) Chapman Conference on Scientific Challenges Pertaining to Forecasting Space Weather Including Extremes; Pasadena, California; February 11-15, 2019",American Geophysical Union
1850774,2018-11-01,99411,Standard Grant,EAGER: Novel Approach to Acceleration and Escape of Charged Particles at Interplanetary and Astrophysical Shock Waves,University of Arizona
1853530,2018-11-01,153784,Standard Grant,EAGER: Influence of Coronal Magnetic Structure and Environment of Solar Filaments on the Early Deflection of Coronal Mass Ejections (CMEs): New Observations and Modeling,University of California-Los Angeles
1848250,2018-11-05,620590,Continuing Grant,CAREER: Probing Stressed Magnetic Fields in Solar Active Regions,University of Hawaii
1841019,2018-11-16,394671,Standard Grant,RUI:  Assessing Mechanisms for Organosulfate Formation in Secondary Organic Aerosol,Oberlin College
1855750,2018-11-16,25000,Standard Grant,"The Ninth International GEOS-Chem Meeting (IGC9); Cambridge, Massachusetts; May 6-9, 2019",Harvard University
1902593,2018-11-16,143222,Standard Grant,RAPID: 2018 Hurricane Season -- Study of Hurricane Florence at Landfall,University of Oklahoma Norman Campus
1906091,2018-11-16,300000,Standard Grant,EAGER: Characterization of Atmospheric Pollen under Weather Extremes,University of Iowa
1756958,2018-11-29,312334,Standard Grant,The Influence of Climate Variability and Change on Stratospheric Intrusions of Ozone over North America,University of Colorado at Boulder
1848212,2018-11-30,622344,Continuing Grant,Collaborative Research: Magnitude and Pathway of Gaseous Atmospheric Mercury Deposition in Forests,University of Massachusetts Lowell
1848618,2018-11-30,250936,Continuing Grant,Collaborative Research: Magnitude and Pathway of Gaseous Atmospheric Mercury Deposition in Forests,Columbia University
1902642,2018-12-11,130280,Standard Grant,RAPID: 2018 Hurricane Season -- Assessing the Role of Antecedent Land State on Hurricane Post-landfall Rainfall,Purdue University
1837811,2018-12-13,596812,Continuing Grant,Impact of Aerosol and Boundary-Layer Interactions on the Development of Convective Clouds,"University of Maryland, College Park"
1912674,2018-12-14,68914,Standard Grant,"Urbino Summer School in Paleoclimatology for 2019 United States Graduate Student Participation; Urbino, Italy; July 9-26, 2019",University of California-Santa Cruz
1853339,2018-12-18,16499,Standard Grant,"Applied Space Environments Conference (ASEC) 2019; Los Angeles, California; May 13-17, 2019",Universities Space Research Association
1912382,2018-12-18,10000,Standard Grant,"Tropical Cyclone Operations and Research Forum/Interdepartmental Hurrican Conference; Miami, Florida; March 12-13, 2019",University Corporation For Atmospheric Res
1834300,2019-01-28,400750,Continuing Grant,Toward Quantitative Understanding of Tropical Cyclone Intensification: A physically Based Dynamical System Model Approach,University of Hawaii
1912100,2019-01-28,180106,Standard Grant,Collaborative Research: Assessing climate-biosphere linkages using Late Holocene records of climate variability and vegetation dynamics from the Brazilian Amazon and Savanna,University of Texas at Austin
1803946,2019-01-29,149929,Standard Grant,Collaborative Research: P2C2--2000 Years of Variability in the Southern Annular Mode from Tree Rings and Ice,University of Arizona
1804121,2019-01-29,219263,Standard Grant,Collaborative Research: P2C2--2000 Years of Variability in the Southern Annular Mode from Tree Rings and Ice,West Virginia University Research Corporation
1805544,2019-01-29,297943,Standard Grant,P2C2: Dry or Wet in East Asia During Heinrich Events? New Perspectives from Multiproxy Cave Records and Coupled Model Simulations,William Paterson University
1908862,2019-01-29,89525,Standard Grant,Collaborative Research: RAPID--Forensic Analysis of Flood-Wind-Rainfall Interactions during Hurricanes Florence and Michael,Colorado State University
1909367,2019-01-29,30611,Standard Grant,Collaborative Research: RAPID--Forensic Analysis of Flood-Wind-Rainfall Interactions during Hurricanes Florence and Michael,University of Texas at Arlington
1841559,2019-01-30,534785,Standard Grant,Interactions between Tropospheric Water Vapor and Potential Vorticity in Tropical Disturbances,Regents of the University of Michigan - Ann Arbor
1848324,2019-01-30,599897,Standard Grant,Secondary Organic Aerosol Production from Volatile Chemical Products,Carnegie Mellon University
1856426,2019-01-30,230980,Standard Grant,EAGER: MethaneAIR,Harvard University
1911694,2019-01-30,296312,Standard Grant,EAGER: Ideas Lab: CubeSat Innovations,University Corporation For Atmospheric Res
1840944,2019-01-31,438003,Standard Grant,Collaborative Research: CubeSat: High-Cadence Measurement of Solar Flare Hard X-rays,Montana State University
1841006,2019-01-31,663607,Standard Grant,Collaborative Research: CubeSat: High-Cadence Measurement of Solar Flare Hard X-rays,University of Minnesota-Twin Cities
1841039,2019-01-31,98386,Standard Grant,Collaborative Research: CubeSat: High-Cadence Measurement of Solar Flare Hard X-rays,Southwest Research Institute
1847818,2019-01-31,764558,Continuing Grant,CAREER: Exploring Mysterious Whistler Mode Waves in Earth's Plasmaspheric Plumes,Trustees of Boston University
1804512,2019-02-01,103374,Standard Grant,Collaborative Research: P2C2: Reconstructing Northeast Mexico Hydroclimate since the Last Interglacial Period,Massachusetts Institute of Technology
1806090,2019-02-01,390299,Standard Grant,Collaborative Research: P2C2: Reconstructing Northeast Mexico Hydroclimate since the Last Interglacial Period,University of California-Irvine
1841011,2019-02-01,1196654,Standard Grant,CubeSat: Climatology of Anthropogenic and Natural VLF wave Activity in Space (CANVAS),University of Colorado at Boulder
1913325,2019-02-13,24999,Standard Grant,"Space Weather Workshop 2019; Boulder, Colorado; April 1-5, 2019",University Corporation For Atmospheric Res
1916690,2019-02-13,49966,Standard Grant,"Ham Radio Science Citizen Investigation (HamSCI) Workshop 2019; Cleveland, Ohio; March 22-23, 2019",New Jersey Institute of Technology
1915782,2019-02-19,21040,Standard Grant,"2019 Gordon Research Conference and Gordon Research Seminar (GRC)/(GRS) on Radiation and Climate; Lewiston, Maine; July 20-26, 2019",Gordon Research Conferences
1836821,2019-02-26,249353,Standard Grant,Space Weather Operations-to-Research (O2R): Physics-Based Extension of the Wang-Sheeley-Arge (WSA) Model Capabilities,Regents of the University of Michigan - Ann Arbor
1921774,2019-02-26,49999,Standard Grant,"Pathways to the Future of the Arecibo Observatory (AO) Workshop; San Juan, Puerto Rico; February 17-20, 2019",The University of Central Florida Board of Trustees
1840962,2019-03-05,15000000,Cooperative Agreement,Advanced Modular Incoherent Scatter Radar (AMISR) Operations and Maintenance,SRI International
1848544,2019-03-05,599710,Continuing Grant,CAREER: Predictability of the Whole Atmosphere from Ground to Geospace,University of Colorado at Boulder
1848372,2019-03-07,524615,Continuing Grant,CAREER: Chemistry-Climate Interactions and Feedbacks through Coupled Atmosphere-Biosphere Processes,Florida State University
1912664,2019-03-08,25779,Standard Grant,"The AQUARIUS (Air QUAlity Research In the western US) Workshop; Salt Lake City, Utah; April 2019",University of Utah
1850750,2019-03-11,513152,Continuing Grant,REU Site: Solar Physics at the Harvard-Smithsonian Center for Astrophysics,Smithsonian Institution Astrophysical Observatory
1916967,2019-03-12,62105,Standard Grant,EAGER: Ice Core Site Selection Attempt on the Mt. Logan Summit Plateau,University of Maine
1922918,2019-03-12,199429,Standard Grant,RAPID:  Upper-Air Observations over the Far Eastern Pacific (OTREC; ChocoJEX II),"Nevada System of Higher Education, Desert Research Institute"
1832326,2019-03-14,409999,Continuing Grant,"Collaborative Research:  Understanding Tornado Development and Maintenance in Supercells with an Emphasis on ""High-End"" Events",University of North Dakota Main Campus
1832327,2019-03-14,590369,Continuing Grant,"Collaborative Research:  Understanding Tornado Development and Maintenance in Supercells with an Emphasis on ""High-End"" Events",University of Wisconsin-Madison
1924949,2019-03-14,701025,Cooperative Agreement,Defense Threat Reduction Agency (DTRA) Support for the National Center for Atmospheric Research,University Corporation For Atmospheric Res
1926711,2019-03-14,2655497,Cooperative Agreement,Army Test and Evaluation Command Support of the National Center for Atmospheric Research Activities,University Corporation For Atmospheric Res
1847019,2019-03-15,694646,Continuing Grant,CAREER: Comprehensive Evaluation of Critical Properties of Amine Salts and Their Impacts on Ambient Aerosol,University of New Haven
1925016,2019-03-26,165983,Standard Grant,RAPID: Neutron Monitors in the Twenty-First-Century,University of Delaware
1805490,2019-03-29,371596,Standard Grant,P2C2: Diagnosing the Dynamics of Past and Future North American Megadroughts,Columbia University
1834971,2019-03-29,352180,Standard Grant,On the Source and Loss of Inner Belt Electrons,University of Colorado at Boulder
1841215,2019-03-29,330359,Standard Grant,Collaborative Research: Studies of the Microphysical Processes in Ice and Mixed-Phase Clouds and Precipitation Using Multiparameter Radar Observations Combined with Cloud Modeling,SUNY at Stony Brook
1841246,2019-03-29,214562,Standard Grant,Collaborative Research: Studies of the Microphysical Processes in Ice and Mixed-Phase Clouds and Precipitation Using Multiparameter Radar Observations Combined with Cloud Modeling,University of Oklahoma Norman Campus
1841260,2019-03-29,116076,Standard Grant,Collaborative Research: Studies of the Microphysical Processes in Ice and Mixed-Phase Clouds and Precipitation Using Multiparameter Radar Observations Combined with Cloud Modeling,University of Colorado at Boulder
1848363,2019-03-29,548220,Continuing Grant,"CAREER: Improving Convective-Scale Weather Prediction through Advanced Bayesian Filtering, Verification, and Uncertainty Quantification","University of Maryland, College Park"
1837848,2019-04-04,405310,Standard Grant,"The Structure, Dynamics, and Expected Future Changes in Diablo Winds Over Central/Northern California",University of Washington
1925977,2019-04-04,32484,Standard Grant,"A Space Physics PhD (Doctoral Degree) Data Analysis Summer School Program; Kananaskis, Canada; June-July, 2019",University of Iowa
1927950,2019-04-05,296503,Standard Grant,EAGER: The Presence of a Clumped Isotope Signal in Atmospheric Carbon Monoxide (CO),SUNY at Stony Brook
1929662,2019-04-05,57720,Standard Grant,RAPID:  Deployment of the UMass Simultaneous Frequency Microwave Radiometer (USFMR) for the 2019 Hurricane Season,University of Massachusetts Amherst
1841870,2019-04-12,498961,Standard Grant,Observational and Theoretical Investigations Related to Hydrometeor Settling in Turbulent Air,University of Utah
1844380,2019-04-12,814219,Standard Grant,CAREER: Understanding Cloud Feedback and Natural Aerosol Fingerprints to Interpret Past Warm Climate Forcing and Constrain Tropical Climate Sensitivity,George Mason University
1853639,2019-04-12,679907,Standard Grant,Condensed-Phase Organic Photochemistry in Aerosol Particles and in Aerosol Liquid Water,University of California-Irvine
1928989,2019-04-24,25000,Standard Grant,"2019 Atmospheric Chemistry Gordon Research Conference (GRC); Sunday River, Maine; July 28-August 2, 2019",Gordon Research Conferences
1841674,2019-04-25,300000,Interagency Agreement,Improving Our Understanding of Pressure Perturbations in Cumulus Convection,Naval Postgraduate School
1901712,2019-04-29,21500000,Continuing Grant,Unidata: Next-generation Data Services and Workflows to Advance Geoscience Research and Education,University Corporation For Atmospheric Res
1841326,2019-05-01,624740,Standard Grant,Fundamental Tropical Dynamics,Colorado State University
1844306,2019-05-01,733382,Continuing Grant,Downward Gamma Ray Showers from Natural Lightning,University of Utah
1914903,2019-05-01,517846,Standard Grant,Collaborative Research: Integrating GEOS-Chem Atmospheric Chemistry into the  Community Earth System Model (CESM),Harvard University
1914920,2019-05-01,464371,Standard Grant,Collaborative Research: Integrating GEOS-Chem Atmospheric Chemistry into the  Community Earth System Model (CESM),Massachusetts Institute of Technology
1841962,2019-05-02,341489,Standard Grant,Critical Assessment of the Three-dimensional (3D) Standard Model of Solar Eruptions Using a Data-driven MagnetoHydroDynamic (MHD) Approach,"NorthWest Research Associates, Incorporated"
1841966,2019-05-02,349688,Standard Grant,"Collaborative Research: Impacts of Microphysical, Thermodynamic, and Dynamical Processes on Nocturnal and Oceanic Convective Systems via Analyses from PECAN and HAIC/HIWC",University of Illinois at Urbana-Champaign
1842094,2019-05-02,549783,Standard Grant,"Collaborative Research: Impacts of Microphysical, Thermodynamic, and Dynamical Processes on Nocturnal and Oceanic Convective Systems via Analyses from PECAN and HAIC/HIWC",University of Oklahoma Norman Campus
1842561,2019-05-02,314695,Standard Grant,Collaborative Research: Particle Energization in Turbulence and Magnetic Reconnection,University of Iowa
1842638,2019-05-02,216843,Standard Grant,Collaborative Research: Particle Energization in Turbulence and Magnetic Reconnection,Princeton University
1848019,2019-05-02,683905,Continuing Grant,CAREER:  USTAR-ST--Universalizing Similarity Theories coupling the AtmospheRe and Sloping Terrain,University of California-Davis
1851152,2019-05-02,860978,Standard Grant,Diagnosis of the Sensitivity of Type B Cyclones to the Structure and Evolution of Their Upper-Tropospheric Precursors,University of Wisconsin-Madison
1851822,2019-05-02,301666,Standard Grant,REU Site: Solar Physics Program at Montana State University,Montana State University
1853929,2019-05-02,596750,Standard Grant,"Collaborative Research: Analyses, Measurements and Modeling in Support of the Asian Monsoon Chemical and Climate Impact Project (ACCLIP)",University Corporation For Atmospheric Res
1853930,2019-05-02,522326,Standard Grant,"Collaborative Research: Analyses, Measurements and Modeling in Support of the Asian Monsoon Chemical and Climate Impact Project (ACCLIP)",Georgia Tech Research Corporation
1853932,2019-05-02,1246617,Standard Grant,"Collaborative Research: Analyses, Measurements and Modeling in Support of the Asian Monsoon Chemical and Climate Impact Project (ACCLIP)",University of Colorado at Boulder
1853948,2019-05-02,595450,Standard Grant,"Collaborative Research: Analyses, Measurements and Modeling in Support of the Asian Monsoon Chemical and Climate Impact Project (ACCLIP)",University of Miami
1929918,2019-05-02,50000,Standard Grant,"2019 Graduate Climate Conference; Woods Hole, Massachusetts; November 7-10, 2019",Massachusetts Institute of Technology
1834822,2019-05-03,418387,Standard Grant,Understanding Wave Energy Transport Through the Complex Chromosphere and Transition Region,Columbia University
1842643,2019-05-03,360000,Standard Grant,Coupled Kinetic Physics of Protons and Electrons in the Solar Wind,"University of Maryland, College Park"
1915058,2019-05-03,198994,Standard Grant,Auroral Radio Emissions: A Window Into Electron Acceleration Processes,Dartmouth College
1851945,2019-05-06,585374,Standard Grant,Using Remote Sensing and In-situ Observations to Advance Numerical MagnetoHydroDynamic (MHD) Simulations of Coronal Mass Ejection Eruptions,University of California-Berkeley
1852715,2019-05-07,971725,Continuing Grant,SuperMAG: New Science Capabilities and Continued Operation,Johns Hopkins University
1906719,2019-05-07,627604,Standard Grant,Advancing the Understanding of the Impacts of Wave-Induced Temperature Fluctuations on Atmospheric Chemistry,Massachusetts Institute of Technology
1911671,2019-05-07,408577,Standard Grant,Thermodynamics of Tropical Cyclone Overland Maintenance and Intensification,University of Wisconsin-Milwaukee
1926022,2019-05-08,153332,Continuing Grant,Collaborative Research: CEDAR: Characterization of Ionospheric-Thermospheric Long-lasting SED (Storm Enhanced Density) Dynamics,"ATMOSPHERIC & SPACE TECHNOLOGY RESEARCH ASSOCIATES, L.L.C."
1911272,2019-05-09,150000,Contract Interagency Agreement,Wallops Flight Facility Support for Cubesat-based Science Mission,NASA/Goddard Space Flight Center/Wallops Flight Facility
1933216,2019-05-09,907146,Continuing Grant,SHINE Workshop Coordination: 2016-2020,Catholic University of America
1934007,2019-05-20,542302,Cooperative Agreement,National Oceanic and Atmospheric Administration Support of the National Center for Atmospheric Research Activities,University Corporation For Atmospheric Res
1845151,2019-05-21,667089,Continuing Grant,CAREER: Spreading of Three-Dimensional (3D) Magnetic Reconnection,Trustees of Boston University
1916993,2019-05-21,648797,Standard Grant,Probing the Roles of the Surface versus the Bulk in Uptake of Gases Into Atmospherically Relevant Particles,University of California-Irvine
1839509,2019-05-22,346976,Standard Grant,Testing the Validity of Inner-magnetosphere Shielding by the Region-2 Field-aligned Currents,Virginia Polytechnic Institute and State University
1853050,2019-05-22,406458,Continuing Grant,Collaborative Research: The Role of Coherent Structures in Scalar Transport over Heterogeneous Landscapes,Washington State University
1853354,2019-05-22,306191,Continuing Grant,Collaborative Research: The Role of Coherent Structures in Scalar Transport over Heterogeneous Landscapes,Trustees of Boston University
1856389,2019-05-22,796536,Standard Grant,Solving the Coarse Dust Conundrum: What Processes Cause Large-scale Models to Underestimate Coarse Dust Transport?,University of California-Los Angeles
1903500,2019-05-22,251408,Standard Grant,RUI: Coronal Plasma Observed at Eclipses and Otherwise Simultaneously,Williams College
1909522,2019-05-22,922503,Standard Grant,Large Wave Events in a Changing Climate,University of Chicago
1906679,2019-05-23,365309,Standard Grant,Collaborative Research: Physics of and Climate Regulation by Convective Aggregation,SUNY at Stony Brook
1906768,2019-05-23,562802,Standard Grant,Collaborative Research: Physics of and Climate Regulation by Convective Aggregation,Massachusetts Institute of Technology
1850089,2019-05-24,343174,Standard Grant,Collaborative Research: Design of a Nanosat Constellation for Measuring Internal Gravity Wave Fluxes in the Earth's Stratosphere,Massachusetts Institute of Technology
1850276,2019-05-24,279372,Standard Grant,Collaborative Research: Design of a Nanosat Constellation for Measuring Internal Gravity Wave Fluxes in the Earth's Stratosphere,Atmospheric and Environmental Research Inc
1852727,2019-05-24,537703,Standard Grant,The Jet Streams in a Warming World: Incorporating Moisture into Our Understanding of Midlatitude Circulation Change,New York University
1854559,2019-05-24,1244477,Continuing Grant,"Collaborative Research: Dynamics, Thermodynamics, and Microphysics of Extreme Rainfall Observed during PRECIP (Prediction of Rainfall Extremes Campaign In the Pacific)",Colorado State University
1854607,2019-05-24,318473,Continuing Grant,"Collaborative Research: Dynamics, Thermodynamics, and Microphysics of Extreme Rainfall Observed during PRECIP (Prediction of Rainfall Extremes Campaign In the Pacific)",Pennsylvania State Univ University Park
1902409,2019-05-24,567995,Standard Grant,Hadley Cell and Subtropical Jet: Dynamics and Tracer Transport,Johns Hopkins University
1907207,2019-05-24,24872,Standard Grant,Stratospheric Gravity Wave Study During the 2019 South American Solar Eclipse,University of Montana
1923126,2019-05-24,352292,Standard Grant,The Generation of Banded Chorus Waves in the Earth's Radiation Belt,University of California-Los Angeles
1924679,2019-05-24,204515,Standard Grant,EAGER: Lift in the Vertical Shear of Southerly Winds: A Mechanism of Elevated Convection at Night in the United States Great Plains,University of Nebraska-Lincoln
1839741,2019-05-28,555845,Standard Grant,Moist Tropical Waves and the Basic State,University of Colorado at Boulder
1841308,2019-05-28,520107,Standard Grant,Using Large Ensemble Simulations from Multiple Global Climate Models to Quantify the Internal Decadal Climate Variability,Texas A&M University
1929382,2019-05-28,252243,Standard Grant,"NSFGEO-NERC:  CHANCE - understanding Compound flooding in the past, present and future for nortH AtlaNtic CoastlinEs",The University of Central Florida Board of Trustees
1913504,2019-05-29,606253,Continuing Grant,"Measuring Sulfuric Acid Nucleation Potential to Develop a Generalized, Semi-Empirical Nucleation Model for the Atmosphere",Carnegie Mellon University
1928446,2019-05-29,22513,Standard Grant,"The International Beacon Satellite Symposium 2019; Olsztyn, Poland; August 18-23, 2019",Boston College
1840891,2019-05-30,446132,Standard Grant,GEM: Modeling Ultra-Low-Frequency (ULF) Waves in the Near-Earth Magnetosphere,University of Minnesota-Twin Cities
1901786,2019-05-30,569054,Standard Grant,Towards an Improved Understanding of Winter Air Pollution,University of Washington
1841754,2019-05-31,538058,Standard Grant,Changes to Madden-Julian Oscillation Winds and Convection in a Future Warmer Climate,Colorado State University
1852707,2019-05-31,233405,Standard Grant,Collaborative Research: Dynamic Roots as the Biophysical Link Between Deep Moisture and the Atmosphere,Rutgers University New Brunswick
1852709,2019-05-31,366318,Standard Grant,Collaborative Research: Dynamic Roots as the Biophysical Link Between Deep Moisture and the Atmosphere,University of Illinois at Urbana-Champaign
1900621,2019-05-31,498373,Standard Grant,HBCU-Excellence in Research: Dynamics of Orographic Effects on Major Wildfires that Occurred in the Southwest United States under Diverse Mesoscale Environments,North Carolina Agricultural & Technical State University
1902684,2019-05-31,209973,Standard Grant,Collaborative Research: GEM--Thermal Electron Anisotropy in the Earth's Magnetotail,University of California-Berkeley
1902699,2019-05-31,242378,Standard Grant,Collaborative Research: GEM--Thermal Electron Anisotropy in the Earth's Magnetotail,University of California-Los Angeles
1912130,2019-05-31,418847,Standard Grant,Collaborative Research: Advancing Understanding of Aerosol-Cloud Feedback Using the World's First Global Climate Model with Explicit Boundary Layer Turbulence,University of Washington
1912134,2019-05-31,472314,Standard Grant,Collaborative Research: Advancing Understanding of Aerosol-Cloud Feedback Using the World's First Global Climate Model with Explicit Boundary Layer Turbulence,University of California-Irvine
1914594,2019-05-31,247333,Standard Grant,Collaborative Research: Quantifying the Effects of Nonlinear Wave-particle Interaction in the Inner Magnetosphere,University of California-Los Angeles
1914670,2019-05-31,393050,Standard Grant,Collaborative Research: Quantifying the Effects of Nonlinear Wave-particle Interaction in the Inner Magnetosphere,University of California-Berkeley
1935447,2019-06-04,93110,Cooperative Agreement,Department of Interior Bureau of Reclamation Support of the National Center for Atmospheric Research Activities,University Corporation For Atmospheric Res
1840970,2019-06-05,472475,Standard Grant,Observation and Modeling of Global Propagation of Pi2 Waves,Johns Hopkins University
1854391,2019-06-06,260439,Continuing Grant,Collaborative Research: Topographic Influences on Extreme Warm-Season Precipitation,University of Washington
1854399,2019-06-06,363271,Continuing Grant,Collaborative Research: Topographic Influences on Extreme Warm-Season Precipitation,Colorado State University
1854443,2019-06-06,336587,Standard Grant,Collaborative Research: Topographic Influences on Extreme Warm-Season Precipitation,University of Hawaii
1916604,2019-06-06,611472,Standard Grant,Extraction and Transport to the Magnetosphere of Solar Wind Energy during Periods of Low Mach Number Solar Wind Flow,University of Texas at Arlington
1834894,2019-06-07,322823,Standard Grant,The Impact of Energetic Neutral Particles Raining Down on the Thermosphere due to Charge Exchange Reactions in the Upper Ionosphere and Polar Wind,Utah State University
1908237,2019-06-07,268200,Standard Grant,CEDAR: Global and Seasonal Occurrence and Characteristics of Mesospheric Bores,Trustees of Boston University
1922930,2019-06-07,192100,Standard Grant,Collaborative Research: CEDAR: Why is the High-Latitude Ionosphere More Variable in January than in July?,Johns Hopkins University
1924736,2019-06-07,89576,Standard Grant,Collaborative Research: CEDAR: Why is the High-Latitude Ionosphere More Variable in January than in July?,Illinois Institute of Technology
1849654,2019-06-11,688165,Standard Grant,Spring Land Surface and Subsurface Temperature Anomalies and Subsequent Downstream Late Spring-Summer Droughts/Floods in North America and East Asia,University of California-Los Angeles
1848785,2019-06-12,523678,Standard Grant,Collaborative Research: Understanding the Role of Coupled Chemistry-climate Interactions in Internal Climate Variability,Colorado State University
1848863,2019-06-12,428618,Standard Grant,Collaborative Research: Understanding the Role of Coupled Chemistry-climate Interactions in Internal Climate Variability,Massachusetts Institute of Technology
1901585,2019-06-13,380000,Standard Grant,Collaborative Research: Observational and Numerical Modeling Studies of Rain Microphysics,Colorado State University
1901593,2019-06-13,318749,Standard Grant,Collaborative Research: Observational and Numerical Modeling Studies of Rain Microphysics,University of Oklahoma Norman Campus
1920383,2019-06-14,609557,Standard Grant,CEDAR: Atmospheric Neutral Density Dynamics through Meteor Observations,Stanford University
1923651,2019-06-14,582147,Standard Grant,Prediction of Organic-Vapor Wall Deposition Using a Qualitative Structure Activity Relationship and its Application to the Secondary Organic Aerosol (SOA) Model,University of Florida
1849014,2019-06-17,455335,Standard Grant,Resolving Long-Standing E-region Data/Model Discrepancies,Computational Physics Inc
1916509,2019-06-17,452832,Standard Grant,Collaborative Research: Energy Release and Transport in Impulsive Phase of Solar Flares,New Jersey Institute of Technology
1916511,2019-06-17,276633,Standard Grant,Collaborative Research: Energy Release and Transport in Impulsive Phase of Solar Flares,University of Colorado at Boulder
1916758,2019-06-17,299676,Standard Grant,Collaborative Research: Evolution and Impact of Aerosol Phase and Morphology,Pennsylvania State Univ University Park
1916771,2019-06-17,249838,Standard Grant,Collaborative Research: Evolution and Impact of Aerosol Phase and Morphology,University of Illinois at Urbana-Champaign
1916819,2019-06-17,251194,Standard Grant,Collaborative Research: Evolution and Impact of Aerosol Phase and Morphology,University of Delaware
1935490,2019-06-17,81517,Standard Grant,EAGER: Constraining the Y-axis: Towards Quantitative Constraints for Precipitation and Temperature Using Speleothem Isotope and Trace Element Data,University of New Mexico
1848207,2019-06-21,487899,Continuing Grant,CAREER: Characterization of Sources of Ionospheric Scintillation and Space Weather Prediction through Analytics and Machine Learning,Embry-Riddle Aeronautical University
1903687,2019-06-21,181857,Standard Grant,Collaborative Research: P2C2--Reconstructing Atmospheric 14C across the Inter Tropical Convergence Zone Using Tropical Tree Rings from South America and Central Africa,Columbia University
1903690,2019-06-21,286219,Standard Grant,Collaborative Research: P2C2--Reconstructing Atmospheric 14C across the Inter Tropical Convergence Zone Using Tropical Tree Rings from South America and Central Africa,University of California-Irvine
1918850,2019-06-21,207477,Continuing Grant,Collaborative Research: RUI--Lake Breeze Influence on Ozone Transport as Captured by an Unmanned Aircraft System,University of Wisconsin-Eau Claire
1918983,2019-06-21,139467,Continuing Grant,Collaborative Research: RUI--Lake Breeze Influence on Ozone Transport as Captured by an Unmanned Aircraft System,Purdue University
1914599,2019-06-24,450000,Standard Grant,Determining the Cross-Scale Coupling whereby Magnetohydrodynamics (MHD) Solar Eruptions Produce Energetic Electrons and X-Rays,California Institute of Technology
1922713,2019-06-24,494705,Standard Grant,Prediction of Solar Eruptions with Machine-Learning Algorithms Combining Physical Models and Observations,Stanford University
1931062,2019-06-24,728783,Standard Grant,Early Detection of Solar Flares Using High Sensitivity Extreme-UltraViolet (EUV) Data,University of Colorado at Boulder
1931252,2019-06-24,470835,Standard Grant,Collaborative Research: Transport Processes Affecting High-Energy Solar Energetic Particles Observed at Earth,University of Arizona
1931300,2019-06-24,120967,Standard Grant,Collaborative Research: Transport Processes Affecting High-Energy Solar Energetic Particles Observed at Earth,University of New Hampshire
1920523,2019-06-25,404106,Standard Grant,Computational Study of Symmetry-Driven Isotope Effect and Oxygen Mass-Independent Fractionation (O-MIF),Marquette University
1922619,2019-06-25,559175,Standard Grant,Tropospheric Photochemistry of Carbonyls: Elucidation of Quantum Yields to Quantify the Role of Ketones in Production of HOx and PAN-type Compounds in the Atmosphere,Colorado State University
1936028,2019-06-26,15000,Standard Grant,"The Thirteenth (13th) International Meeting on Light and Color in Nature; Bar Harbor, Maine; July 15-19, 2019",Montana State University
1903528,2019-06-28,241189,Standard Grant,Collaborative Research: P2C2--Elucidating the Drivers and Consequences of Changes in Atmospheric Rivers from the Last Glacial Maximum to the Present Day,Yale University
1903600,2019-06-28,224310,Standard Grant,Collaborative Research: P2C2--Elucidating the Drivers and Consequences of Changes in Atmospheric Rivers from the Last Glacial Maximum to the Present Day,University of Massachusetts Lowell
1925191,2019-07-01,433576,Standard Grant,Collaborative Research: Exploring the Role of Organics in Atmospheric Contact Nucleation,University of Colorado at Boulder
1925208,2019-07-01,127533,Standard Grant,Collaborative Research: Exploring the Role of Organics in Atmospheric Contact Nucleation,Trinity University
1823622,2019-07-02,344038,Standard Grant,Innovative Advances in Understanding Auroral Phenomena by Harnessing the Power of Citizen Science,New Mexico Consortium
1840979,2019-07-02,343349,Standard Grant,Stratospheric Anticyclones and their Interactions with the Troposphere,Cornell University
1850809,2019-07-02,306227,Continuing Grant,Hotplate Precipitation and Wind Measurement Improvement,University of Wyoming
1928252,2019-07-02,612477,Standard Grant,Understanding the Contribution of Methanesulfonic Acid to New Particle Formation and Growth in the Troposphere,University of California-Irvine
1936123,2019-07-02,24724,Standard Grant,"Chemistry of Atmospheric Aerosols at Pacifichem 2020 Congress; Honolulu, Hawaii;  December 15-20, 2020",University of California-Irvine
1901126,2019-07-05,500000,Standard Grant,HBCU-Excellence in Research: Long-term Trends in Data from Hampton University (HU)-led Satellite Experiments,Hampton University
1903377,2019-07-05,61835,Standard Grant,Collaborative Research: P2C2--Quantifying Holocene Climate Variations through Data Assimilation using Proxies and General Circulation Models (GCMs) Output,William Marsh Rice University
1903465,2019-07-05,73328,Standard Grant,Collaborative Research: P2C2--Quantifying Holocene Climate Variations through Data Assimilation using Proxies and General Circulation Models (GCMs) Output,Columbia University
1903548,2019-07-05,441947,Standard Grant,Collaborative Research: P2C2--Quantifying Holocene Climate Variations through Data Assimilation using Proxies and General Circulation Models (GCMs) Output,Northern Arizona University
1903601,2019-07-05,259310,Standard Grant,P2C2: New Analyses of Paleo-Seasonality and Climate Variability Using Fossil Wood,University of Louisiana at Lafayette
1850661,2019-07-08,640241,Standard Grant,Lake-Effect Rainfall over Three East African Lakes,Florida State University
1855476,2019-07-08,440005,Standard Grant,CEDAR: Downward Progression of Temperature Anomalies during Sudden Stratospheric Warmings,University of California-Berkeley
1921587,2019-07-08,728007,Continuing Grant,Explaining the Nocturnal Maximum in Convection over the Great Plains Through Understanding the Interactions Between the Nocturnal Low-level Jet and Mesoscale Convective Systems,University of Oklahoma Norman Campus
1929602,2019-07-08,512763,Continuing Grant,Lake- and Sea-Effect Precipitation Systems in Complex Terrain,University of Utah
1938772,2019-07-08,41395,Standard Grant,"The First Conference on Machine Learning in Heliophysics; Amsterdam, Netherlands; September 16-20, 2019",University of Illinois at Urbana-Champaign
1929866,2019-07-09,155543,Standard Grant,Collaborative Research: Anomalous Plasma Cooling in the Topside Ionosphere During Solar Eclipses,University of Texas at Dallas
1929879,2019-07-09,277960,Standard Grant,Collaborative Research: Anomalous Plasma Cooling in the Topside Ionosphere During Solar Eclipses,Trustees of Boston University
1936418,2019-07-09,60521,Cooperative Agreement,United States (U.S.) Army Support of the National Center for Atmospheric Research Activities,University Corporation For Atmospheric Res
1940618,2019-07-09,303427,Cooperative Agreement,National Ground Intelligence Center (NGIC) Support of the National Center for Atmospheric Research Activities,University Corporation For Atmospheric Res
1931415,2019-07-11,158531,Standard Grant,Global Modeling of Plasma Plumes in the Equatorial Upper Atmosphere,SYNTEK TECHNOLOGIES INC.
1903132,2019-07-12,271988,Standard Grant,P2C2: Paleoclimatology of Cuba based on Stalagmite Oxygen Isotope Records--Hydrological Sensitivity and Causes of Variability in the Caribbean Region,Auburn University
1914569,2019-07-12,999346,Standard Grant,Understanding the Direct and Ozone-Mediated Impacts of (CO2) and Ozone Depleting Substances (ODS) on the Climate System,Columbia University
1902970,2019-07-15,531727,Standard Grant,P2C2: High-resolution dynamical and statistical downscaling of El Nino Southern Oscillation (ENSO) response in proxy-critical locations across the tropical Pacific,University of Hawaii
1907483,2019-07-15,185364,Standard Grant,"Collaborative Research: Supersubstorms--Their Driving and Responses in the Magnetosphere, Ionosphere, and Thermosphere",University of California-Los Angeles
1907698,2019-07-15,196499,Standard Grant,"Collaborative Research: Supersubstorms--Their Driving and Responses in the Magnetosphere, Ionosphere, and Thermosphere",Trustees of Boston University
1923042,2019-07-15,625498,Standard Grant,Study of Convective Hazards under Anthropogenic Climate Change using innovative approaches,University of Illinois at Urbana-Champaign
1926817,2019-07-15,410856,Standard Grant,Changes in Biomass Burning Aerosol Radiative Properties Due to Atmospheric Processing of Wildfire Plumes Over the Northwestern United States,Washington University
1912673,2019-07-16,601467,Continuing Grant,Terrestrial Planetary Atmospheres and Climate Extremes:  From Earth to Titan,University of California-Los Angeles
1929074,2019-07-16,657103,Continuing Grant,Understanding High-Impact Rainfall Events over the West African Sahel: Resolving the Role of Environmental Conditions on Storm Processes,University of Texas at Austin
1940035,2019-07-17,137579,Standard Grant,EAGER: Development of a Bulk-Emulating Microphysics Scheme,University of California-Davis
1903197,2019-07-18,548773,Standard Grant,P2C2: Impact of Coupled Climate-Ice Sheet Processes on Past and Future Sea Level Trajectories,University of Hawaii
1904809,2019-07-18,405812,Continuing Grant,Collaborative Research: Extensive Field Observations and Modeling to Understand Multi-band Precipitation Processes within Winter Storms,SUNY at Stony Brook
1905736,2019-07-18,404434,Continuing Grant,Collaborative Research: Extensive Field Observations and Modeling to Understand Multi-band Precipitation Processes within Winter Storms,North Carolina State University
1926078,2019-07-18,252060,Standard Grant,Quantifying the Effect of Surface Heating and Aerosols on Sea-Breeze Forced Deep Convection,Sacred Heart University
1917069,2019-07-19,343976,Standard Grant,Unraveling the Runaway Electron Distribution Emitted by Lightning and Laboratory Discharges,New Mexico Institute of Mining and Technology
1915925,2019-07-20,91578,Standard Grant,"Collaborative Research: Multi-instrumented, Two-Dimensional (2D) Studies of Equatorial Spread F",Trustees of Boston University
1916055,2019-07-20,447129,Standard Grant,"Collaborative Research: Multi-instrumented, Two-Dimensional (2D) Studies of Equatorial Spread F",University of Texas at Dallas
1924538,2019-07-23,480246,Standard Grant,NSFGEO-NERC: Dynamics of Warm Past and Future Climates,Harvard University
1921504,2019-07-24,315882,Continuing Grant,"Collaborative Research: Sundowner Winds EXperiment (SWEX) in Santa Barbara, California",University of Virginia Main Campus
1921546,2019-07-24,220788,Continuing Grant,"Collaborative Research: Sundowner Winds EXperiment (SWEX) in Santa Barbara, California",SUNY at Albany
1921554,2019-07-24,434999,Continuing Grant,"Collaborative Research: Sundowner Winds EXperiment (SWEX) in Santa Barbara, California",University of Notre Dame
1921583,2019-07-24,379549,Continuing Grant,"Collaborative Research: Sundowner Winds EXperiment (SWEX) in Santa Barbara, California",San Jose State University Foundation
1921595,2019-07-24,1029168,Continuing Grant,"Collaborative Research: Sundowner Winds EXperiment (SWEX) in Santa Barbara, California",University of California-Santa Barbara
1921596,2019-07-24,136814,Standard Grant,"Collaborative Research: Sundowner Winds EXperiment (SWEX) in Santa Barbara, California",University of Colorado at Boulder
1934066,2019-07-29,604016,Standard Grant,Characterization of Upward Leaders and the Attachment Process in Downward Cloud-to-Ground Lightning,Florida Institute of Technology
1854486,2019-07-30,598447,Standard Grant,Collaborative Research: Linking the Long-Term Congo Drought to Changes in Walker-Type Circulations Affecting Equatorial Africa,SUNY at Albany
1854511,2019-07-30,141352,Standard Grant,Collaborative Research: Linking the Long-Term Congo Drought to Changes in Walker-Type Circulations Affecting Equatorial Africa,Florida State University
1903535,2019-07-30,209831,Standard Grant,Collaborative Research:  P2C2--Where Has the water Gone? Results from a Watershed Model with Dendroclimatic Inputs,University of Arizona
1903561,2019-07-30,216883,Standard Grant,Collaborative Research:  P2C2--Where Has the water Gone? Results from a Watershed Model with Dendroclimatic Inputs,"Board of Regents, NSHE, obo University of Nevada, Reno"
1903657,2019-07-30,265609,Standard Grant,Collaborative Research: P2C2--Does Liebig's Law Allow for Capturing More Signal from the Forest?,Harvard University
1903674,2019-07-30,223370,Standard Grant,Collaborative Research: P2C2--Does Liebig's Law Allow for Capturing More Signal from the Forest?,San Francisco State University
1917693,2019-07-30,325810,Standard Grant,Collaborative Research: Observing and Understanding Planetary Boundary Layer (PBL) Heterogeneities and Their Impacts on Tornadic Storms during VORTEX-SE 2018 Field Experiment,University of Colorado at Boulder
1917701,2019-07-30,524142,Standard Grant,Collaborative Research: Observing and Understanding Planetary Boundary Layer (PBL) Heterogeneities and Their Impacts on Tornadic Storms during VORTEX-SE 2018 Field Experiment,University of Oklahoma Norman Campus
1928883,2019-07-30,486287,Standard Grant,Estimating the Earth's Dayside Exospheric Neutral Density Using XMM-Newton Soft X-ray Data,University of Alaska Fairbanks Campus
1916689,2019-07-31,3025366,Continuing Grant,Improving Modeled Momentum Flux in the Atmospheric Boundary Layer,Pennsylvania State Univ University Park
1945358,2019-07-31,195456,Cooperative Agreement,National Aeronautics and Space Administration (NASA) Support of the National Center for Atmospheric Research Activities,University Corporation For Atmospheric Res
1903336,2019-08-01,103949,Standard Grant,Collaborative Research: Gravity Wave-Airglow Interactions in Multiple Emission Layers,University of Illinois at Urbana-Champaign
1903346,2019-08-01,374584,Standard Grant,Collaborative Research: Gravity Wave-Airglow Interactions in Multiple Emission Layers,Pennsylvania State Univ University Park
1916619,2019-08-01,3514611,Continuing Grant,From Boundary Layer to Deep Convection: The Multi-Plume Eddy-Diffusivity/Mass-Flux (EDMF) Fully Unified Parameterization,University of California-Los Angeles
1903626,2019-08-02,253878,Standard Grant,Collaborative Research:  P2C2--Hydroclimatic Response of El Nino-Southern Oscillation to Natural and Anthropogenic Radiative Forcing,"University of Maryland, College Park"
1903634,2019-08-02,27685,Standard Grant,Collaborative Research:  P2C2--Hydroclimatic Response of El Nino-Southern Oscillation to Natural and Anthropogenic Radiative Forcing,Columbia University
1920602,2019-08-02,824193,Standard Grant,Assessing the Ability of Measurements of Carbon-14 of Atmospheric Carbon Monoxide in a Global Network to Improve Understanding of Spatial and Temporal Hydroxyl Radical Variability,University of Rochester
1929466,2019-08-02,705041,Standard Grant,Mountain-Wave Evolution and Orographic Precipitation II,University of Washington
1936336,2019-08-02,1449022,Continuing Grant,FDSS: A Faculty Position in Space Sciences at New Mexico State University (NMSU) to Integrate Research and Education in Solar Magnetic Fields,New Mexico State University
1902625,2019-08-04,341635,Standard Grant,"Collaborative Research: P2C2--Past Precipitation, Temperature, and Volcanism: Multi-Millennial Records from Three Co-located Bristlecone Pine Proxies",University of Arizona
1902659,2019-08-04,75085,Standard Grant,"Collaborative Research: P2C2--Past Precipitation, Temperature, and Volcanism: Multi-Millennial Records from Three Co-located Bristlecone Pine Proxies",Western Washington University
1929775,2019-08-04,282370,Standard Grant,Variability in the Rate and Pattern of Global Warming: Forced and Unforced Components,University of Washington
1903504,2019-08-06,190287,Standard Grant,Collaborative Research: P2C2--Winter Climate Anomalies across North America: Benchmarking Instrumental Trends and Model Projections with High Resolution Paleoclimatology,University of Minnesota-Twin Cities
1903721,2019-08-06,504060,Standard Grant,Collaborative Research: P2C2--Winter Climate Anomalies across North America: Benchmarking Instrumental Trends and Model Projections with High Resolution Paleoclimatology,Utah State University
1921409,2019-08-06,363759,Standard Grant,Collaborative Research: Revisiting the Low-Frequency Variability of the Extratropical Circulation Using Non-Empirical Orthogonal Function (EOF) Modes and Linear Response Functions,Stanford University
1921413,2019-08-06,386030,Standard Grant,Collaborative Research: Revisiting the Low-Frequency Variability of the Extratropical Circulation Using Non-Empirical Orthogonal Function (EOF) Modes and Linear Response Functions,William Marsh Rice University
1936361,2019-08-06,1499966,Continuing Grant,FDSS: Faculty and Curricular Development at the Solar-stellar Informatics Cluster of Georgia State University,"Georgia State University Research Foundation, Inc."
1920361,2019-08-07,302103,Standard Grant,MRI: Development of an Automated Collection and Extraction System (ACES) for Off- or On-line Chemical Analysis of Organic Aerosol Species,"Nevada System of Higher Education, Desert Research Institute"
1936373,2019-08-07,1488347,Continuing Grant,FDSS: Implementing an Interdisciplinary Space Physics Program at Arizona State University,Arizona State University
1936642,2019-08-07,598754,Standard Grant,Integrating Observational Constraints and Modeling of Atmospheric Reactive Organic Carbon,Massachusetts Institute of Technology
1917369,2019-08-08,12767424,Cooperative Agreement,Wyoming King Air as a National Facility,University of Wyoming
1928319,2019-08-08,437757,Standard Grant,Collaborative Research: Processes that Regulate Vertical Accelerations in Supercell Updrafts,Texas A&M University
1928666,2019-08-08,179992,Interagency Agreement,Collaborative Research: Processes that Regulate Vertical Accelerations in Supercell Updrafts,Naval Postgraduate School
1936343,2019-08-12,1483166,Continuing Grant,FDSS: Faculty Development in the Space Sciences at Montana State University,Montana State University
1927578,2019-08-13,841185,Standard Grant,EarthCube Data Capabilities:  Machine Learning Enhanced Cyberinfrastructure for Understanding and Predicting the Onset of Solar Eruptions,New Jersey Institute of Technology
1936393,2019-08-13,1500000,Continuing Grant,FDSS: Solar and Space Physics Development at the Institute for Astronomy,University of Hawaii
1903646,2019-08-14,390841,Continuing Grant,P2C2: Evaluating Mean Annual Precipitation in the Southwestern United States (US) during the Pliocene-Pleistocene Transition Using Nitrate D17O Anomalies,Purdue University
1936512,2019-08-14,258069,Continuing Grant,Collaborative Research: CubeSat Ideas Lab: Space Weather Atmospheric Reconfigurable Multiscale Experiment (SWARM-EX) CubeSats,Stanford University
1936518,2019-08-14,224468,Continuing Grant,Collaborative Research: CubeSat Ideas Lab: Space Weather Atmospheric Reconfigurable Multiscale Experiment (SWARM-EX) CubeSats,Western Michigan University
1936537,2019-08-14,218000,Continuing Grant,Collaborative Research: CubeSat Ideas Lab: Space Weather Atmospheric Reconfigurable Multiscale Experiment (SWARM-EX) CubeSats,University of South Alabama
1936538,2019-08-14,330956,Continuing Grant,Collaborative Research: CubeSat Ideas Lab: Space Weather Atmospheric Reconfigurable Multiscale Experiment (SWARM-EX) CubeSats,Franklin W. Olin College of Engineering
1936550,2019-08-14,497677,Continuing Grant,Collaborative Research: CubeSat Ideas Lab: Space Weather Atmospheric Reconfigurable Multiscale Experiment (SWARM-EX) CubeSats,Georgia Tech Research Corporation
1936665,2019-08-14,2470673,Continuing Grant,Collaborative Research: CubeSat Ideas Lab: Space Weather Atmospheric Reconfigurable Multiscale Experiment (SWARM-EX) CubeSats,University of Colorado at Boulder
1917781,2019-08-15,679391,Continuing Grant,The Cross-equatorial Influences of South American Rainfall on the North Atlantic and Adjacent Continents,University of California-Los Angeles
1919809,2019-08-15,697975,Standard Grant,MRI: Development of an Airborne Stabilized Platform for InfraRed Experiments (ASPIRE),Smithsonian Institution Astrophysical Observatory
1934410,2019-08-15,2117262,Continuing Grant,"Collaborative Research: Super Dual Auroral Radar Network (SuperDARN) Operations, Research and Community Support",University of Alaska Fairbanks Campus
1934973,2019-08-15,391912,Continuing Grant,"Collaborative Research: Super Dual Auroral Radar Network (SuperDARN)  Operations, Research and Community Support",Johns Hopkins University
1934997,2019-08-15,1203882,Continuing Grant,"Collaborative Research: Super Dual Auroral Radar Network (SuperDARN)  Operations, Research and Community Support",Dartmouth College
1935110,2019-08-15,2947589,Continuing Grant,"Collaborative Research: Super Dual Auroral Radar Network (SuperDARN) Operations, Research and Community Support",Virginia Polytechnic Institute and State University
1941900,2019-08-15,199939,Standard Grant,RAPID: Examining the relation between trace gas emissions and seismic activity of the 2019 Searles Valley Earthquake,University of California-Irvine
1947284,2019-08-15,209404,Cooperative Agreement,Office of Naval Research (ONR) Support of the National Center for Atmospheric Research Activities,University Corporation For Atmospheric Res
1848724,2019-08-16,748074,Standard Grant,Collaborative Research: A New Ground-magnetometer for inner Magnetospheric Array Geospace Studies (iMAGS),Regents of the University of Michigan - Ann Arbor
1848730,2019-08-16,650962,Standard Grant,Collaborative Research: A New Ground-magnetometer for inner Magnetospheric Array Geospace Studies (iMAGS),Aerospace Corporation
1851943,2019-08-16,344992,Standard Grant,REU Site: An Inclusive Research Experience in ALpine Meteorology (REALM),University of Utah
1853633,2019-08-16,626639,Continuing Grant,Studies of the Maritime Atmospheric Boundary Layer during DYNAMO,Colorado State University
1917328,2019-08-16,203042,Standard Grant,Completing the Single-Column Root of a Hierarchy of Configurations for the Community Atmosphere Model,University of Miami
1928374,2019-08-16,244271,Standard Grant,Collaborative Research: EarthCube Data Capabilities--Jupyter Meets the Earth: Enabling Discovery in Geoscience through Interactive Computing at Scale,University Corporation For Atmospheric Res
1928406,2019-08-16,1712604,Standard Grant,Collaborative Research: EarthCube Data Capabilities--Jupyter Meets the Earth: Enabling Discovery in Geoscience through Interactive Computing at Scale,University of California-Berkeley
1932771,2019-08-16,564054,Continuing Grant,Collaborative Research: Forest-Atmosphere Volatile Organic Compound (VOC) Exchange for a Coniferous Ecosystem - Closing the Flux Budget,University of Minnesota-Twin Cities
1932849,2019-08-16,419747,Continuing Grant,Collaborative Research: Forest-Atmosphere Volatile Organic Compound (VOC) Exchange for a Coniferous Ecosystem - Closing the Flux Budget,Colorado State University
1932953,2019-08-16,668212,Standard Grant,Collaborative Research: DASI Track 2: An Optical Network to Study the Vertical Propagation Resulting in Spatio-temporal Variability in the Thermosphere,University of Illinois at Urbana-Champaign
1933013,2019-08-16,999943,Standard Grant,Collaborative Research: DASI Track 2: An Optical Network to Study the Vertical Propagation Resulting in Spatio-temporal Variability in the Thermosphere,SRI International
1933077,2019-08-16,308512,Standard Grant,Collaborative Research: DASI Track 2: An Optical Network to Study the Vertical Propagation Resulting in Spatio-temporal Variability in the Thermosphere,University of California-Berkeley
1936251,2019-08-16,1500000,Continuing Grant,FDSS: Faculty Development in a Multifaceted Geospace Program at West Virginia University,West Virginia University Research Corporation
1936521,2019-08-16,180000,Continuing Grant,Collaborative Research: CubeSat Ideas Lab: VIrtual Super-resolution Optics with Reconfigurable Swarms (VISORS),Washington State University
1936531,2019-08-16,127121,Continuing Grant,Collaborative Research: CubeSat Ideas Lab: VIrtual Super-resolution Optics with Reconfigurable Swarms (VISORS),Purdue University
1936542,2019-08-16,238630,Continuing Grant,Collaborative Research: CubeSat Ideas Lab: VIrtual Super-resolution Optics with Reconfigurable Swarms (VISORS),Stanford University
1936547,2019-08-16,91729,Continuing Grant,Collaborative Research: CubeSat Ideas Lab: VIrtual Super-resolution Optics with Reconfigurable Swarms (VISORS),Montana State University
1936552,2019-08-16,288800,Continuing Grant,Collaborative Research: CubeSat Ideas Lab: VIrtual Super-resolution Optics with Reconfigurable Swarms (VISORS),University of Colorado at Boulder
1936557,2019-08-16,97748,Continuing Grant,Collaborative Research: CubeSat Ideas Lab: VIrtual Super-resolution Optics with Reconfigurable Swarms (VISORS),University of California-San Diego
1936567,2019-08-16,70014,Continuing Grant,Collaborative Research: CubeSat Ideas Lab: VIrtual Super-resolution Optics with Reconfigurable Swarms (VISORS),New Mexico State University
1936576,2019-08-16,449870,Continuing Grant,Collaborative Research: CubeSat Ideas Lab: VIrtual Super-resolution Optics with Reconfigurable Swarms (VISORS),Georgia Tech Research Corporation
1936585,2019-08-16,120000,Continuing Grant,Collaborative Research: CubeSat Ideas Lab: VIrtual Super-resolution Optics with Reconfigurable Swarms (VISORS),"OHIO STATE UNIVERSITY, THE"
1936663,2019-08-16,2729140,Continuing Grant,Collaborative Research: CubeSat Ideas Lab: VIrtual Super-resolution Optics with Reconfigurable Swarms (VISORS),University of Illinois at Urbana-Champaign
1945681,2019-08-16,25840,Standard Grant,"Workshop to Explore Science Opportunities and Concepts for a US Aerosol-Cloud-Microphysics Research Facility; Boulder, Colorado - Fall 2019",Michigan Technological University
1933005,2019-08-22,735847,Continuing Grant,Collaborative Research: DASI Track 1: Development of a Distributed Multiple-Input Multiple-Output (MIMO) Meteor Radar Network for Space Weather Research,Massachusetts Institute of Technology
1933007,2019-08-22,1231988,Continuing Grant,Collaborative Research: DASI Track 1: Development of a Distributed Multiple-Input Multiple-Output (MIMO) Meteor Radar Network for Space Weather Research,University of Colorado at Boulder
1946340,2019-08-22,100000,Standard Grant,EAGER: Exploring the Ground-Level and Elevated Sources of New Particle Formation Using Aerosol Size- and Hygroscopicity-Resolved Turbulent Flux Measurement Technique,North Carolina State University
1947282,2019-08-22,3439946,Cooperative Agreement,Department of Energy (DoE) Support of the National Center for Atmospheric Research Activities,University Corporation For Atmospheric Res
1919310,2019-08-23,602942,Standard Grant,"MRI: Acquisition of a Computer Cluster for the Study of Fluids, Heliophysics, and Astrophysical Plasmas",University of New Hampshire
1936194,2019-08-23,37877,Standard Grant,"Collaborative Research: A Strategic Vision for Incoherent Scatter Radar Workshop; Ithaca, New York; March 30-April 1, 2020",The University of Central Florida Board of Trustees
1936803,2019-08-23,4542,Standard Grant,"Collaborative Research: A Strategic Vision for Incoherent Scatter Radar Workshop; Ithaca, New York; March 30-April 1, 2020",Cornell University
1943191,2019-08-23,33819,Standard Grant,"Women in the Sciences Leadership Workshop; Boulder, Colorado; November 4-8, 2019",University Corporation For Atmospheric Res
1903109,2019-08-26,953820,Standard Grant,Upgrading the Jicamarca Radio Observatory,Cornell University
1933040,2019-08-26,1216623,Standard Grant,DASI Track 2: MagStar- Improving the Spatial Coverage of United States Magnetometers for Space Weather Research and Operations,Computational Physics Inc
1933075,2019-08-26,505853,Standard Grant,DASI Track 2: Space Weather UnderGround (SWUG),University of New Hampshire
1947275,2019-08-26,153997,Cooperative Agreement,Defense Advanced Research Projects Agency (DARPA) Support of the National Center for Atmospheric Research Activities,University Corporation For Atmospheric Res
1947285,2019-08-26,437508,Cooperative Agreement,United States Air Force (USAF) Support of the National Center for Atmospheric Research Activities,University Corporation For Atmospheric Res
1948123,2019-08-26,274095,Cooperative Agreement,The United States Nuclear Regulatory Commission (U.S. NRC) Support of the National Center for Atmospheric Research Activities,University Corporation For Atmospheric Res
1933056,2019-08-27,899997,Standard Grant,DASI Track 2: Low-latitude Ionospheric Sensor Network (LISN) Investigations of Traveling Ionospheric Disturbances and Plasma Irregularities,University of Texas at Dallas
1932972,2019-08-28,402832,Standard Grant,Collaborative Research: DASI Track 1--Personal Space Weather Station,University of Alabama Tuscaloosa
1932973,2019-08-28,692730,Standard Grant,Collaborative Research: DASI Track 1--Personal Space Weather Station,New Jersey Institute of Technology
1932997,2019-08-28,179995,Standard Grant,Collaborative Research: DASI Track 1--Personal Space Weather Station,Case Western Reserve University
1911952,2019-08-29,195000,Standard Grant,Collaborative Research: CEDAR--Airglow Imaging of Gravity Wave and Instability Dynamics,Aerospace Corporation
1911970,2019-08-29,231369,Standard Grant,Collaborative Research: CEDAR--Airglow Imaging of Gravity Wave and Instability Dynamics,Utah State University
1929757,2019-08-29,119386,Standard Grant,"Collaborative Research:  EarthCube RCN: ""What About Model Data?"": Determining Best Practices for Archiving and Reproducibility",University Corporation For Atmospheric Res
1929773,2019-08-29,143199,Standard Grant,"Collaborative Research:  EarthCube RCN: ""What About Model Data?"": Determining Best Practices for Archiving and Reproducibility",University of North Dakota Main Campus
1923365,2019-09-06,352588,Standard Grant,Collaborative Research: Plasma Heating and Energy Partition in Flares and Coronal Mass Ejections (CMEs),Smithsonian Institution Astrophysical Observatory
1923377,2019-09-06,396772,Standard Grant,Collaborative Research: Plasma Heating and Energy Partition in Flares and Coronal Mass Ejections (CMEs),Predictive Science Incorporated
1949605,2019-09-09,40541,Standard Grant,Collaborative Research: P2C2--Expansion/Contraction of the Intertropical Convergence Zone; An Emerging Mechanism of Tropical Precipitation Changes for Reinterpreting Paleoclimate,Florida State University
1852040,2019-09-11,332745,Standard Grant,"REU Site: Broadening Participation in Atmospheric Science, Oceanography and Geosciences Research: A Multi-Institution Research Experiences for Undergraduates (REU) Program",Georgia Tech Research Corporation
1852428,2019-09-13,1015245,Continuing Grant,REU Site: Interdisciplinary Climate Science Research at The Pennsylvania State University,Pennsylvania State Univ University Park
1935930,2019-09-16,15810587,Continuing Grant,Mid-scale RI-1 (M1:IP): The Next Generation Wyoming King Air Atmospheric Research Aircraft,University of Wyoming
1950755,2019-09-16,89810,Standard Grant,"Workshop in Measurements, Modeling and Data Analysis of the Planetary Boundary Layer; Beltsville, Maryland; Summer 2020",Howard University
1917510,2019-09-17,499949,Standard Grant,Collaborative Research: Secondary Production of Ice in CUmuLus Experiment (SPICULE),"STRATTON PARK ENGINEERING CO., INC."
1917519,2019-09-17,162771,Standard Grant,Collaborative Research: Secondary Production of Ice in CUmuLus Experiment (SPICULE),Colorado State University
1952926,2019-09-18,414751,Continuing Grant,Characterizing Mesoscale Thermospheric F-region Winds Associated with Quasi-steady and Transient Nightside Auroral Arcs,University of Alabama in Huntsville
2000503,2019-10-10,19294,Continuing Grant,Toward a Further Understanding and Improved Forecasting of Coastal Quasi-linear Convective Systems,Pennsylvania State Univ University Park
1930907,2019-10-18,198323,Standard Grant,Extending Micro-Pulse DIAL (MPD) Water Vapor Estimation Capability for Increased and Enhanced Weather Applications by Leveraging Advanced Signal Processing Techniques,University of Wisconsin-Madison
1954308,2019-10-18,287545,Standard Grant,EAGER: Exploratory Measurements of Large Winds and Shears in the Lower Thermosphere and Their Variability Using an Enhanced Sodium Lidar,Utah State University
1945573,2019-10-29,773989,Continuing Grant,CAREER: Understanding the Role of Inductive Electric Fields in Particle Energization,University of Illinois at Urbana-Champaign
1917851,2019-11-05,230517,Standard Grant,Networkable Diode Laser Based Differential Absorption Lidar (DIAL) for Temperature Profiling in the Lower Troposphere,Montana State University
1937583,2019-11-12,344836,Continuing Grant,"Collaborative Research:  EUREC4A-iso--Constraining the Interplay between Clouds, Convection, and Circulation with Stable Isotopologues of Water Vapor",University of New Mexico
1937780,2019-11-12,453602,Continuing Grant,"Collaborative Research:  EUREC4A-iso--Constraining the Interplay between Clouds, Convection, and Circulation with Stable Isotopologues of Water Vapor",Oregon State University
1938108,2019-11-12,388583,Continuing Grant,"Collaborative Research:  EUREC4A-iso--Constraining the Interplay between Clouds, Convection, and Circulation with Stable Isotopologues of Water Vapor",University of Washington
2002268,2019-11-12,49944,Standard Grant,"Ham Radio Science Citizen Investigation (HamSCI) Workshop 2020; Scranton, Pennsylvania; March 20-21, 2020",University of Scranton
1940361,2019-11-13,528788,Continuing Grant,Measurement of Atmospheric He/N2 (Helium to Nitrogen) Ratio as a Tracer of Stratospheric-Tropospheric Exchange,University of California-San Diego Scripps Inst of Oceanography
2002278,2019-11-13,692730,Standard Grant,Collaborative Research: DASI Track 1--Personal Space Weather Station,University of Scranton
1934345,2019-11-15,196601,Continuing Grant,Collaborative Research: A Halogen Oxidant Flow Reactor: Development and Use in Laboratory and Field Studies,Pennsylvania State Univ University Park
1934352,2019-11-15,278770,Continuing Grant,Collaborative Research: A Halogen Oxidant Flow Reactor: Development and Use in Laboratory and Field Studies,Aerodyne Research Inc
1934369,2019-11-15,191367,Continuing Grant,Collaborative Research: A Halogen Oxidant Flow Reactor: Development and Use in Laboratory and Field Studies,University of Texas at Austin
1945306,2019-11-15,874082,Continuing Grant,CAREER: Toward Improved Understanding of Solar Eruptive Events,University of Colorado at Boulder
1936186,2019-11-18,1138088,Continuing Grant,FDSS: University of California-Los Angeles (UCLA) Faculty Recruitment in the Space Sciences,University of California-Los Angeles
1951046,2019-11-21,14931,Standard Grant,16th Spacecraft Charging and Technology Conference 2020,Universities Space Research Association
2002660,2019-11-22,568757,Continuing Grant,CAREER: The Response of Coastal Squall Line Dynamics to Climate Change,Pennsylvania State Univ University Park
1938599,2019-11-24,414767,Standard Grant,GEM: Integration of Plasma Sheet Bubbles into Modeling of the Inner Magnetosphere,University of New Hampshire
2003360,2019-11-24,10000,Standard Grant,"Tropical Cyclone Operations and Research Forum/Interdepartmental Hurricane Conference; Lakeland, Florida; February 25-26, 2020",University Corporation For Atmospheric Res
1930629,2019-12-02,150000,Standard Grant,Co-evolution of Anthropogenic Stressors and Regional Urban Hydroclimate through Multiscale Land-Atmosphere Interactions,Arizona State University
1939889,2019-12-09,79992,Standard Grant,"Articulating Complex Science: The Case of Sea Level Rise; Washington, District Columbia; Spring or Fall 2020",Environmental Law Institute
1941110,2019-12-09,653128,Continuing Grant,Multiphase Atmospheric Chemistry Impacts with PartMC and MultiChem,University of Illinois at Urbana-Champaign
1941498,2019-12-09,858495,Standard Grant,On the Influence of Oceanic Variability on Air-Sea Heat Fluxes and Boundary Layer Recovery in Hurricanes,University of Miami
1952903,2019-12-09,347266,Standard Grant,GEM: Quantifying the Role of Radial Diffusion on the Energy-dependent Acceleration of Ultrarelativistic Electrons in the Center of Outer Radiation Belt,University of Colorado at Boulder
2002695,2019-12-12,160904,Standard Grant,Collaborative Research: RAPID--Atmospheric Chlorine Oxidation of Hydrocarbons Emitted from the North Slope of Alaska Oil Fields,Regents of the University of Michigan - Ann Arbor
2002696,2019-12-12,38888,Standard Grant,Collaborative Research: RAPID--Atmospheric Chlorine Oxidation of Hydrocarbons Emitted from the North Slope of Alaska Oil Fields,Aerodyne Research Inc
2011670,2019-12-12,15581,Standard Grant,"The Eighth International Symposium on Data Assimilation (ISDA); Fort Collins, Colorado;  June 8-12, 2020",Colorado State University
1944958,2019-12-16,783642,Continuing Grant,CAREER: Characterizing African Dust Aging and Seasonal Contributions of Dust and Biomass Burning to Aerosol Biogeochemical Cycles,University of Miami
1947146,2019-12-31,575731,Standard Grant,Enhanced Radar Studies of Severe Convective Storms and Tornadoes,University of Oklahoma Norman Campus
2013743,2020-01-03,260439,Continuing Grant,Collaborative Research: Topographic Influences on Extreme Warm-Season Precipitation,University of Wisconsin-Madison
1933280,2020-01-14,699972,Standard Grant,Advancing Carbonyl Sulfide (OCS) as an Independent Atmospheric Ttracer for Global Photosynthesis through Quantification of Microbial-mediated Sources and Sinks in Soils,University of Arizona
1939988,2020-01-14,619945,Standard Grant,The factors governing daily near-surface air temperature variability over land,University of California-Los Angeles
1940645,2020-01-14,346279,Standard Grant,Microphysics Contrasts between Stratus and Cumulus Clouds,"Nevada System of Higher Education, Desert Research Institute"
1950327,2020-01-15,470016,Standard Grant,Collaborative Research: Understanding the chemical and physical variability of smoke using plume spatial gradients: analysis and parameterization for air quality and climate models,Colorado State University
1950333,2020-01-15,228663,Standard Grant,Collaborative Research: Understanding the chemical and physical variability of smoke using plume spatial gradients: analysis and parameterization for air quality and climate models,Atmospheric and Environmental Research Inc
1941012,2020-01-17,466355,Standard Grant,GEM: Particle Acceleration by Foreshock Transients,University of Alaska Fairbanks Campus
1945563,2020-01-21,683701,Continuing Grant,CAREER: Revitalizing aerosol-cloud-chemistry research at Whiteface Mountain,SUNY at Albany
1945587,2020-01-21,550728,Standard Grant,Common Variability in the Stable Atmospheric Boundary Layer on Small Space and Time Scales,"NorthWest Research Associates, Incorporated"
2001187,2020-01-23,514307,Standard Grant,Understanding the Burst of Hydroxyl Radicals (OH) in Newly Formed Cloud Droplets,University of California-Los Angeles
2016646,2020-01-23,103950,Standard Grant,RAPID: Emissions and Fate of Volatile Organic Compounds (VOCs) Emitted from Australian Wildfires during the COALA-JOEYS Campaign,Georgia Tech Research Corporation
1934363,2020-01-26,625151,Standard Grant,Collaborative Research: Interhemispheric and Zonal Asymmetries of the ITCZ,Columbia University
1934392,2020-01-26,97770,Standard Grant,Collaborative Research: Interhemispheric and Zonal Asymmetries of the ITCZ,University of California-San Diego Scripps Inst of Oceanography
1953905,2020-01-27,699288,Standard Grant,Formation and Evolution of Atmospheric Brown Carbon from Nitrate Radical Initiated Oxidation of Heterocyclic Volatile Organic Compounds,University of California-Riverside
2001903,2020-01-27,360733,Standard Grant,Collaborative Research: Cirrus Cloud Formation and Microphysical Properties from In-situ Observed Characteristics to Global Climate Impacts,Texas A&M University
1953791,2020-01-28,337676,Standard Grant,Understanding the Consequences of Interactions between Deep Convective Storms and Large Cities,University of Louisville Research Foundation Inc
1935986,2020-01-30,259369,Standard Grant,Collaborative Research: Strategic Observations of Terrestrial Gamma-Ray Flashes and Related Phenomena,Montana State University
1935989,2020-01-30,649999,Standard Grant,Collaborative Research: Strategic Observations of Terrestrial Gamma-Ray Flashes and Related Phenomena,University of California-Santa Cruz
2001027,2020-01-30,596470,Standard Grant,Comparison of Thermal and Non-Thermal Protocols for Analysis of Isoprene Secondary Organic Aerosol (SOA) Generated under Conditions of Low Nitrogen Oxides (NOx),University of North Carolina at Chapel Hill
1944177,2020-01-31,940377,Standard Grant,CAREER: Precipitation Variability Across Multiple Timescales,University of Oklahoma Norman Campus
1949802,2020-02-10,190000,Fellowship Award,AGS-PRF: The Effects of Nonlinearities on the Onset and Evolution of Microinstabilities in Solar Plasma,"Lichko, Emily R"
1947304,2020-02-13,238720,Standard Grant,Examining the Rainfall Distribution and Asymmetries during the Landfalling Process of Tropical Cyclones,Florida International University
2002928,2020-02-13,429097,Standard Grant,Development of Methods for Quantifying Speciated Peroxy Radicals by Chemical Ionization Mass Spectrometry,Drexel University
1901426,2020-02-14,499489,Standard Grant,HBCU-Excellence in Research: Improved Understanding of the Changing Seasonality and Magnitude of Precipitation Extremes in the Eastern United States,Spelman College
1941317,2020-02-14,500000,Continuing Grant,CAREER: The Role of Ice-Nucleating Particles and Their Feedback on Clouds in Warming Arctic Climate,West Texas A&M University
2002414,2020-02-14,91636,Standard Grant,Collaborative Research: P2C2--Interrogating the Free Troposphere during the Last Deglaciation,University of Rochester
2002422,2020-02-14,274639,Standard Grant,Collaborative Research: P2C2--Interrogating the Free Troposphere during the Last Deglaciation,William Marsh Rice University
1933523,2020-02-18,728814,Standard Grant,Forced Precipitation Response in a Single Column Model with Parameterized Dynamics,Columbia University
2002539,2020-02-18,499155,Standard Grant,"P2C2: Leveraging Bayesian Approaches to Link Reconstructed, Observed, and Projected Meteorological Drought while Accounting for Inherent Data Biases","OHIO STATE UNIVERSITY, THE"
1945871,2020-02-21,805788,Standard Grant,The Global Circuits Paradox,Massachusetts Institute of Technology
1945113,2020-02-24,711235,Standard Grant,CAREER: Climate Controls on Hurricane Landfall via the Subtropical High,Purdue University
2002482,2020-02-24,124787,Standard Grant,Collaborative Research: P2C2--Summer Temperature Reconstructions for Eastern North America,Indiana University
2002494,2020-02-24,118682,Standard Grant,Collaborative Research: P2C2--Summer Temperature Reconstructions for Eastern North America,University of Vermont & State Agricultural College
2002524,2020-02-24,117607,Standard Grant,Collaborative Research: P2C2--Summer Temperature Reconstructions for Eastern North America,Regents of the University of Idaho
2021651,2020-02-25,29750,Standard Grant,"The Conference on Molecular-Level Understanding of Atmospheric Aerosols (MUOAA 2020); Lake Arrowhead, California; September 20-25, 2020",University of Minnesota-Twin Cities
2023083,2020-02-25,25000,Standard Grant,"Space Weather Workshop 2020; Boulder, Colorado; April 20-24, 2020",University Corporation For Atmospheric Res
2002454,2020-02-26,130265,Standard Grant,Collaborative Research:RUI:P2C2: Extending Key Records of Holocene Climate Change and Glacier Fluctuations in the North Pacific Region Using Subfossil Wood from Southeastern Alaska,College of Wooster
2002561,2020-02-26,327985,Standard Grant,Collaborative Research: P2C2: Extending Key Records of Holocene Climate Change and Glacier Fluctuations in the North Pacific Region Using Subfossil Wood from Southeastern Alaska,University of Alaska Fairbanks Campus
1916908,2020-02-28,1023287,Standard Grant,Collaborative Research: A Flexible Framework for Radiation Parameterizations Traceable to Benchmarks,Columbia University
1916927,2020-02-28,473498,Standard Grant,Collaborative Research: A Flexible Framework for Radiation Parameterizations Traceable to Benchmarks,Atmospheric and Environmental Research Inc
1936810,2020-02-28,1112585,Standard Grant,Studies in the Climate Dynamics of Moist Process Variability and Change,University of California-Los Angeles
1951513,2020-02-28,488170,Standard Grant,Collaborative Research: Mercury Oxidation Pathways in a Continental Atmosphere: High Temporal Resolution Measurements of Mercury and Oxidants at Storm Peak Laboratory,Utah State University
1951514,2020-02-28,620800,Standard Grant,Collaborative Research: Mercury Oxidation Pathways in a Continental Atmosphere: High Temporal Resolution Measurements of Mercury and Oxidants at Storm Peak Laboratory,University of Colorado at Boulder
1951515,2020-02-28,254471,Standard Grant,Collaborative Research: RUI: Mercury Oxidation Pathways in a Continental Atmosphere: High Temporal Resolution Measurements of Mercury and Oxidants at Storm Peak Laboratory,Colorado College
1951632,2020-02-28,231462,Standard Grant,Collaborative Research: Mercury Oxidation Pathways in a Continental Atmosphere: High Temporal Resolution Measurements of Mercury and Oxidants at Storm Peak Laboratory,University of Utah
2002397,2020-02-28,384686,Standard Grant,P2C2: Constraining the Physics that Regulate Equilibrium Climate Sensitivity through Simulation of Last Glacial Maximum (LGM) and Eocene Paleoclimates,Regents of the University of Michigan - Ann Arbor
2000222,2020-03-02,544734,Standard Grant,Magnetic Reconnection in Kinetic Turbulent Plasmas,Dartmouth College
2000994,2020-03-02,295947,Standard Grant,Calibration and Analysis of Mount Wilson Magnetograms and Dopplergrams for the Years 1967 to 2013,University of California-Los Angeles
2022828,2020-03-02,82048,Standard Grant,RAPID: In Situ Measurements of Australian Bushfire Smoke in the Stratosphere,University of Colorado at Boulder
2023027,2020-03-04,134104,Standard Grant,"EAGER: Testing Late-Pleistocene and Holocene Climate Change in Southeastern Australia with Multi-proxy Analyses of Alpine Lake Sediments, Kosciuszko National Park, Australia",Western Washington University
1943553,2020-03-06,914180,Continuing Grant,CAREER: The Upstream Impacts of Mountains on Frontal Precipitation Using  Olympic Mountain Experiment (OLYMPEX) Observations,University of Illinois at Urbana-Champaign
2002521,2020-03-06,387135,Standard Grant,"P2C2: Paleo-synoptic Changes as Recorded in the Mineral Dust in the Guliya Ice Cap, Northwestern Tibetan Plateau","OHIO STATE UNIVERSITY, THE"
2025215,2020-03-06,29886,Standard Grant,Workshop on the proposed Network of Mountain Observatories for Composition of the Atmosphere,SUNY at Albany
1935279,2020-03-09,550867,Standard Grant,The Role of Indian Ocean Internal Processes in Generating Decadal Climate Variability,University of Colorado at Boulder
1950911,2020-03-09,886518,Standard Grant,REU Site: Solar and Space Physics with the Boulder Solar Alliance,University of Colorado at Boulder
1952465,2020-03-09,82931,Standard Grant,Collaborative Research: Ground-based Very Low Frequency (VLF) and High Frequency (HF) Measurements in Support of the VIPER Sounding Rocket Experiment,University of Colorado at Boulder
1952498,2020-03-09,121221,Standard Grant,Collaborative Research: Ground-based Very Low Frequency (VLF) and High Frequency (HF) Measurements in Support of the VIPER Sounding Rocket Experiment,University of California-Berkeley
2001670,2020-03-09,792387,Standard Grant,Harnessing the Data Revolution in Space Physics: Topological Data Analysis and Deep Learning for Improved Solar Eruption Prediction,University of Colorado at Boulder
2002750,2020-03-09,485674,Continuing Grant,Evaluating the Atmospheric Dynamics of Nitrate and Sulfate in Southern New England in Response to Emission Regulations,Brown University
2005982,2020-03-09,552964,Standard Grant,Quasilinear Dissipation of Turbulently-Generated Kinetic Alfven Waves:  Kinetics of Ion Heating and Solar Wind Acceleration in Coronal Holes,University of New Hampshire
2012479,2020-03-09,149897,Standard Grant,EAGER: Data-driven Physical Model for Hurricanes' Intensity-size Relation,Florida State University
2018182,2020-03-11,672265,Standard Grant,Atmospheric Gravity Wave Radiosonde Field Campaign for Eclipse 2020,Montana State University
2023920,2020-03-17,29988,Standard Grant,EAGER: Collaborative Research: Laminar Flow Inlet and Inertia Navigation System  Innovation for the NSF/NCAR G-V Aircraft,Clarkson University
2023961,2020-03-17,270000,Standard Grant,EAGER: Collaborative Research: Laminar Flow Inlet and Inertia Navigation System  Innovation for the NSF/NCAR G-V Aircraft,University of Colorado at Boulder
1934358,2020-03-19,720984,Standard Grant,Collaborative Research: Dynamic and Thermodynamic Mechanisms of Heat Extremes in the Northern Hemisphere,Columbia University
1934383,2020-03-19,278386,Standard Grant,Collaborative Research: Dynamic and Thermodynamic Mechanisms of Heat Extremes in the Northern Hemisphere,Washington State University
1952745,2020-03-19,696071,Standard Grant,Dynamic and thermodynamic mechanisms of desert amplification in a warming climate,SUNY at Albany
2002452,2020-03-19,485398,Standard Grant,Collaborative Research: P2C2--Insights into Tropical Pacific Climate from Paleoproxy Data Assimilation into an Intermediate Complexity Dynamical Model,Columbia University
2002469,2020-03-19,65576,Standard Grant,Collaborative Research: P2C2--Insights into Tropical Pacific Climate from Paleoproxy Data Assimilation into an Intermediate Complexity Dynamical Model,"University of Maryland, College Park"
2025986,2020-03-19,18752,Standard Grant,Travel Support for Hinode-14/IRIS-11 Joint Science Meeting,George Mason University
1950172,2020-03-23,675000,Standard Grant,REU Site: Research Experiences for Undergraduates in Earth System Science at Colorado State University,Colorado State University
1945286,2020-03-24,659360,Standard Grant,CAREER: Toward a Global Understanding of Severe Convective Environments,Central Michigan University
1945972,2020-03-24,299971,Standard Grant,A Lagrangian investigation of stable water vapor isotopes in deep convective systems,University of Hawaii
1949185,2020-03-25,183898,Standard Grant,Understanding Electric Field Oscillations in Narrow Bipolar Events,New Mexico Institute of Mining and Technology
2005593,2020-03-25,190000,Fellowship Award,AGS-PRF: Constraining and Modeling the Contribution of Organic Nitrate to Fine Mode Particulate Matter,"Haskins, Jessica Danielle"
1948667,2020-03-26,688685,Standard Grant,The Mechanisms that Drive Summer Teleconnections: Patterns Associated with High Surface Temperatures,Pennsylvania State Univ University Park
2001753,2020-03-26,177382,Standard Grant,Collaborative Research:  P2C2--Multi-Century Perspectives on Current and Future Flow in the Lower Missouri River Basin,University of Iowa
2002060,2020-03-26,113853,Standard Grant,Collaborative Research:  P2C2--Multi-Century Perspectives on Current and Future Flow in the Lower Missouri River Basin,University of Arizona
2002073,2020-03-26,150000,Standard Grant,Collaborative Research:  P2C2--Multi-Century Perspectives on Current and Future Flow in the Lower Missouri River Basin,Columbia University
2002259,2020-03-26,140252,Standard Grant,Collaborative Research:  P2C2--Multi-Century Perspectives on Current and Future Flow in the Lower Missouri River Basin,University of North Carolina at Chapel Hill
2027199,2020-03-26,128339,Standard Grant,RAPID: Coronavirus-Driven Aerosol Reductions in East Asia and the Effect on Atmospheric Dynamics,Louisiana State University
1947658,2020-03-27,729945,Standard Grant,Numerical and Observational Studies of UTLS Potential Vorticity Dipoles in Midlatitude and Tropical Cyclones,University of Wisconsin-Madison
2001343,2020-03-27,394580,Standard Grant,Collaborative Research to Explore the Spatial/Temporal Statistical-Physical Structures of Rain in the Vertical Plane,RJH Scientific Incorporated
2001490,2020-03-27,399196,Standard Grant,Collaborative Research to Explore the Spatial/Temporal Statistical-Physical Structures of Rain in the Vertical Plane,College of Charleston
2002419,2020-03-27,79750,Standard Grant,Collaborative Research: P2C2--Unravelling the Signals in Tropical Pacific Lake Archives: Towards Improved Holocene Hydroclimate Reconstructions,Florida Institute of Technology
2002460,2020-03-27,547191,Standard Grant,Collaborative Research: P2C2--Unravelling the Signals in Tropical Pacific Lake Archives: Towards Improved Holocene Hydroclimate Reconstructions,University of Arizona
2002504,2020-03-27,124521,Standard Grant,Collaborative Research: P2C2--Unravelling the Signals in Tropical Pacific Lake Archives: Towards Improved Holocene Hydroclimate Reconstructions,Union College
1940027,2020-03-31,583262,Continuing Grant,The Incoherent Scatter Radar Summer School,The University of Central Florida Board of Trustees
1954503,2020-04-01,298366,Standard Grant,Collaborative Research: Dynamic and Non-Force-Free Properties of Solar Active Regions and Subsequent Initiation of Flares,University of Alabama in Huntsville
1954737,2020-04-01,384826,Standard Grant,Collaborative Research: Dynamic and Non-Force-Free Properties of Solar Active Regions and Subsequent Initiation of Flares,New Jersey Institute of Technology
2001949,2020-04-01,184301,Standard Grant,Collaborative Research: P2C2--Synthesizing Asian Monsoon Hydroclimate & Indo-Pacific Variability on Seasonal to Multi-Decadal Timescales Using Tree-Rings & Coupled Climate Models,Columbia University
2002083,2020-04-01,379184,Standard Grant,Collaborative Research: P2C2--Synthesizing Asian Monsoon Hydroclimate & Indo-Pacific Variability on Seasonal to Multi-Decadal Timescales Using Tree-Rings & Coupled Climate Models,Woods Hole Oceanographic Institution
2002518,2020-04-02,54449,Standard Grant,Collaborative Research: A Big Data Approach to Fundamental Paleoclimate Questions,University of Texas at Austin
2002556,2020-04-02,398099,Standard Grant,Collaborative Research: A Big Data Approach to Fundamental Paleoclimate Questions,University of Southern California
2002558,2020-04-02,151560,Standard Grant,Collaborative Research: A Big Data Approach to Fundamental Paleoclimate Questions,University of California-Los Angeles
1933630,2020-04-03,730401,Standard Grant,Climate Impacts of Land Use and Land Cover Using Subgrid Information from Earth System Models,Yale University
2009960,2020-04-03,566367,Standard Grant,Production Pathways and Yields of Excited O2 Important for Mesospheric Nightglow,SRI International
1937899,2020-04-06,486848,Standard Grant,The Dynamics and Variability of the South American Low-Level Jet (SALLJ),University of California-Santa Barbara
1953944,2020-04-07,315896,Standard Grant,Nonlinear Dynamics of Daily-weekly Boreal Spring InterTropical Convergence Zone (ITCZ) Shifts over the Eastern Pacific Ocean,Iowa State University
2028441,2020-04-07,329702,Continuing Grant,Development of an Integrated View of Plasma Instability Processes in the Lower Ionosphere,"ATMOSPHERIC & SPACE TECHNOLOGY RESEARCH ASSOCIATES, L.L.C."
2029069,2020-04-09,198943,Standard Grant,RAPID:  Aerosolization of Viruses and Bacteria in the Coastal Atmosphere,University of California-San Diego Scripps Inst of Oceanography
1944545,2020-04-10,655366,Standard Grant,CAREER: The onset of the rainy season in Amazonia,Brown University
1951757,2020-04-16,521911,Standard Grant,"The Structure, Evolution, Dynamics and Cloud and Precipitation Characteristics of Extreme Summer Arctic Cyclones Revealed Through Comprehensive Life Cycle Studies",University of Wisconsin-Madison
2002528,2020-04-20,743371,Standard Grant,P2C2: Tropical Response to Hemispheric Forcing--Testing Mechanisms Using Paleoclimate Data and Climate Models,University of Colorado at Boulder
2025481,2020-04-23,45039,Standard Grant,"STEVE Community Workshop: Advancing Understanding of a New Atmospheric Phenomenon; Westford, Massachusetts; Fall 2020",Massachusetts Institute of Technology
1954660,2020-04-27,310960,Continuing Grant,"Collaborative Research: Testing Controls on Source, Sink, and Lifetime of Atmospheric Water with Numerical Tags and Stable Isotope Ratios",University of Utah
1954663,2020-04-27,445961,Continuing Grant,"Collaborative Research: Testing Controls on Source, Sink, and Lifetime of Atmospheric Water with Numerical Tags and Stable Isotope Ratios",Oregon State University
2000103,2020-04-27,998935,Standard Grant,HBCU-Excellence in Research: Howard University Beltsville Center for Planetary  Boundary Layer Studies,Howard University
2002483,2020-04-27,333031,Standard Grant,P2C2: Evaluating North Pacific Hydroclimate during the Holocene Using the Denali Ice Core Archive,University of Maine
2016788,2020-04-27,446404,Standard Grant,Quantifying the Global Spatial and Temporal Behavior of Kinetic Alfven Waves in the Auroral Zone,University of California-Berkeley
2024198,2020-04-27,268659,Standard Grant,Collaborative Research: GEM--Transition from Ion-Coupled to Electron-Only Reconnection,University of Delaware
2024211,2020-04-27,171000,Standard Grant,Collaborative Research: GEM--Transition from Ion-Coupled to Electron-Only Reconnection,University of California-Berkeley
2030098,2020-04-27,51763,Standard Grant,"RAPID: Preliminary Scientific Assessment of the Monroe, Louisiana Tornado on 12 April 2020",The University of Louisiana at Monroe
2002474,2020-05-01,109221,Standard Grant,Collaborative Research: P2C2--South African Hydroclimate Reconstructions Using Speleothem Multiproxy Analyses,University of Minnesota-Twin Cities
2002486,2020-05-01,493602,Standard Grant,Collaborative Research: P2C2--South African Hydroclimate Reconstructions Using Speleothem Multiproxy Analyses,Arizona State University
2010150,2020-05-01,383200,Standard Grant,GEM: Multipoint Observations and Global Modeling of Energetic Particle Deep Penetration into the Low L Region of Earth's Inner Magnetosphere,University of Colorado at Boulder
2015672,2020-05-01,511494,Standard Grant,Influence of Natural Cloud Seeding on Lake-effect Snow System Microphysical and Entrainment Processes,University of Illinois at Urbana-Champaign
2015765,2020-05-01,569817,Standard Grant,Magnetospheric Ducts and Their Role and Importance in Whistler Mode Wave Propagation and Wave-particle Interactions in the Inner Magnetosphere,University of Alaska Fairbanks Campus
2019914,2020-05-01,387626,Standard Grant,Collaborative Research:  Causes and Consequences of Relativistic Electron Precipitation as Revealed by the CubeSat Mission ELFIN’s Pitch-Angle Resolved Loss Cone Measurements,University of California-Los Angeles
2019950,2020-05-01,120317,Standard Grant,Collaborative Research:  Causes and Consequences of Relativistic Electron Precipitation as Revealed by the CubeSat Mission ELFIN’s Pitch-Angle Resolved Loss Cone Measurements,Trustees of Boston University
2030049,2020-05-01,101072,Standard Grant,Collaborative Research:  RAPID--Urban Air Quality during the Coronavirus (COVID-19) Shelter-In-Place Orders,University of California-Riverside
2030112,2020-05-01,94495,Standard Grant,Collaborative Research:  RAPID--Urban Air Quality during the Coronavirus (COVID-19) Shelter-In-Place Orders,University of California-Irvine
2030425,2020-05-01,199811,Standard Grant,RAPID: Development of a Nonlinear Activity Response Model for Coronavirus (COVID-19) Scenario Projections Based on the Observations of the Shutdown-Reopening Cycle of China,Georgia Tech Research Corporation
1951713,2020-05-04,643860,Standard Grant,Mechanisms of Intrinsic and Anthropogenically Forced Climate Variations,North Carolina State University
2002328,2020-05-04,443211,Standard Grant,"P2C2: Monsoon 21K--A Global Monsoon Synthesis, Reconstruction, and Data-Model Comparison",Northern Arizona University
2010088,2020-05-04,351219,Standard Grant,A Theoretical Framework for Photoionization and Photodetachment Rate Calculations in the Lower Ionosphere,Pennsylvania State Univ University Park
2010231,2020-05-04,274266,Standard Grant,Generation and Evolution of Magnetic Pulsations in the Terrestrial Foreshock Region,"University of Maryland, College Park"
2013433,2020-05-04,624428,Continuing Grant,Collaborative Research: Ground-Based Studies of High-Latitude Magnetospheric and Ionospheric Dynamics Using the Magnetometer Array for Cusp and Cleft Studies (MACCS),Regents of the University of Michigan - Ann Arbor
2013648,2020-05-04,805744,Continuing Grant,Collaborative Research: Ground-Based Studies of High-Latitude Magnetospheric and Ionospheric Dynamics Using the Magnetometer Array for Cusp and Cleft Studies (MACCS),Augsburg University
2021749,2020-05-04,469586,Standard Grant,Combined Effects of ElectroMagnetic Ion Cyclotron (EMIC) and Whistler Mode Waves on Relativistic Electron Scattering in the Earth's Inner Magnetosphere,University of California-Los Angeles
2025570,2020-05-04,293935,Standard Grant,Collaborative Research: Local Time Extent of Dayside Magnetopause Reconnection and Controlling Factors,University of Alabama in Huntsville
2025787,2020-05-04,146894,Standard Grant,Collaborative Research: Local Time Extent of Dayside Magnetopause Reconnection and Controlling Factors,Trustees of Boston University
2006553,2020-05-05,599339,Standard Grant,El Nino-Southern Oscillation (ENSO) Interactions with Tropical Atlantic and Indian Oceans,University of Hawaii
2026375,2020-05-07,247579,Standard Grant,"Collaborative Research:  GEM--Multi-harmonic Whistler Waves, Their Origin and Contribution to Electron Scattering",University of California-Los Angeles
2026680,2020-05-07,269955,Standard Grant,"Collaborative Research:  GEM--Multi-harmonic Whistler Waves, Their Origin and Contribution to Electron Scattering",University of California-Berkeley
1950702,2020-05-12,456141,Standard Grant,REU Site: Climate and Atmospheric Science Research Experience in the Center for Climate and Aerosol Research at Portland State University,Portland State University
2025706,2020-05-12,397386,Standard Grant,GEM: From the Micro to the Macro--Identifying the Mechanisms Responsible for Megaelectron-Volt (MeV) Electron Microbursts and Quantifying Their Role in Global Radiation Belt Losses,University of California-Los Angeles
2022996,2020-05-15,84672,Standard Grant,EAGER: System for Integrated Modeling of the Atmosphere Workshop,University Corporation For Atmospheric Res
1952737,2020-05-18,11803326,Continuing Grant,Scientific and Technical Discovery at the Millstone Hill Geospace Facility,Massachusetts Institute of Technology
2016809,2020-05-19,474969,Standard Grant,The UMass Simultaneous Frequency Microwave Radiometer (USFMR): Improvements for Retrieval of Winds and Precipitation in Non-tropical Cyclone Environments,University of Massachusetts Amherst
1950629,2020-05-22,367152,Standard Grant,REU Site: Research Experience for Undergraduates in Satellite and Ground-Based Remote Sensing at NOAA-CREST: Expanded Opportunities2,CUNY New York City College of Technology
2011557,2020-05-22,55139,Standard Grant,Collaborative Research: Understanding Predictions of Wildfire Smoke Emissions for Air Quality Models,National Institute of Aerospace Associates
2013461,2020-05-22,632398,Standard Grant,Collaborative Research: Understanding Predictions of Wildfire Smoke Emissions for Air Quality Models,University of California-Los Angeles
2020305,2020-05-26,190000,Fellowship Award,AGS-PRF: Understanding Tropical High Cloud Feedbacks via Machine Learning and Super Parameterization,"Martin, Zane Karas"
2024248,2020-05-28,181309,Standard Grant,Pilot Project: Exploring the Paleoenvironmental Data Archived in Ice Deposits from Lava Tubes before Its Imminent Loss  to Ice Melting,University of South Florida
1944027,2020-06-01,794865,Continuing Grant,CAREER: The Role of Gravity Instability and Breakdown on Subsequent Gravity Wave Generation and Coupling,Arizona State University
2027322,2020-06-01,295812,Standard Grant,EAGER: Developing an Ab initio Model of Coronal Mass Ejections (CMEs) Incorporating All Forms of Helicity,University of New Hampshire
1950432,2020-06-02,457020,Standard Grant,"REU Site: Climate Change Science, Impacts, and Resilience",University of North Carolina at Asheville
2031024,2020-06-03,228137,Continuing Grant,Collaborative Research: GEM: The Excitation and Propagation of Fast Magnetosonic Waves and Their Effect on Radiation Belt Electrons,SPACE SCIENCE INSTITUTE
2015829,2020-06-04,690663,Standard Grant,Collaborative Research: Further Investigations from the Seeded and Natural Orographic Wintertime clouds: the Idaho Experiment (SNOWIE),University of Colorado at Boulder
2016077,2020-06-04,525740,Standard Grant,Collaborative Research: Further Investigations from the Seeded and Natural Orographic Wintertime clouds: the Idaho Experiment (SNOWIE),University of Wyoming
2016106,2020-06-04,372349,Standard Grant,Collaborative Research: Further Investigations from the Seeded and Natural Orographic Wintertime clouds: the Idaho Experiment (SNOWIE),University of Illinois at Urbana-Champaign
2024170,2020-06-04,498449,Standard Grant,Collaborative Research: Ionic Solutions and the Partitioning of Oxygenated Organic Compounds in the Troposphere,University of California-Irvine
2024178,2020-06-04,355745,Standard Grant,Collaborative Research: Ionic Solutions and the Partitioning of Oxygenated Organic Compounds in the Troposphere,University of Maryland Baltimore County
2026821,2020-06-04,454019,Standard Grant,Collaborative Research: Measurement and Modeling of Brown Carbon (BrC) from Boreal Forest Wildfires in Alaska,University of Alaska Fairbanks Campus
2026824,2020-06-04,134526,Standard Grant,Collaborative Research: Measurement and Modeling of Brown Carbon (BrC) from Boreal Forest Wildfires in Alaska,University of Nevada Las Vegas
2035153,2020-06-05,199418,Standard Grant,RAPID: Time-critical Airborne Measurements to Quantify Ozone Impacts of Emissions Changes during the COVID-19 Pandemic Response in the United States,Regents of the University of Michigan - Ann Arbor
2002574,2020-06-08,6127590,Continuing Grant,Active Magnetosphere and Planetary Electrodynamics Response Experiment-III (AMPERE-III),Johns Hopkins University
2019828,2020-06-08,190000,Fellowship Award,AGS-PRF: A Continuum Kinetic Study of Heliospheric Collisionless Shocks,"Juno, James L"
2000201,2020-06-09,199902,Standard Grant,Collaborative Research: HBCU-Excellence in Research--Planetary Boundary Layer Processes from an Incipient Surface/Upper Air Mesonet Network in the Baltimore-Washington Region,Howard University
2000219,2020-06-09,209360,Standard Grant,Collaborative Research: HBCU-Excellence in Research--Planetary Boundary Layer Processes from an Incipient Surface/Upper Air Mesonet Network in the Baltimore-Washington Region,Morgan State University
2027569,2020-06-10,359679,Standard Grant,GEM: Developing a Highly Predictable Canonical Geomagnetic Index to Gauge Space Weather,SPACE SCIENCE INSTITUTE
2012202,2020-06-11,792238,Standard Grant,Ground-based Magnetoseismic Observations with Surface Magnetic Assessment in Real Time (SMART) Network,University of California-Los Angeles
2020127,2020-06-11,774920,Standard Grant,Collaborative Research:  Ammonia Phase PARtitioning and Transport (APART),Colorado State University
2020151,2020-06-11,224786,Standard Grant,Collaborative Research:  Ammonia Phase PARtitioning and Transport (APART),University of Wyoming
1947703,2020-06-17,531693,Standard Grant,Collaborative Research: REU Site--Northeast Partnership for Atmospheric and Related Sciences (NEPARS),Hobart and William Smith Colleges
1947706,2020-06-17,528548,Standard Grant,Collaborative Research: REU Site--Northeast Partnership for Atmospheric and Related Sciences (NEPARS),Plymouth State University
2011812,2020-06-24,203960,Standard Grant,Collaborative Research: An Object-Oriented Approach to Assess the Rainfall Evolution of Tropical Cyclones in Varying Moisture Environments,Mississippi State University
2011981,2020-06-24,185677,Standard Grant,Collaborative Research: An Object-Oriented Approach to Assess the Rainfall Evolution of Tropical Cyclones in Varying Moisture Environments,Virginia Polytechnic Institute and State University
2012008,2020-06-24,212401,Standard Grant,Collaborative Research: An Object-Oriented Approach to Assess the Rainfall Evolution of Tropical Cyclones in Varying Moisture Environments,University of Florida
2002374,2020-06-28,399747,Standard Grant,P2C2: Pan-American Precipitation Extremes and Multi-Decadal Regimes Reconstructed with Tree Ring Chronologies from the Amazon,University of Arkansas
2017113,2020-06-28,714708,Standard Grant,Stratospheric Aerosol Climate Intervention Designed to Minimize Negative Impacts,Rutgers University New Brunswick
2022159,2020-06-28,560312,Standard Grant,Multi-Scale Experimental Investigations of Extreme Plasma Density Depletions in the Polar Ionosphere,"ATMOSPHERIC & SPACE TECHNOLOGY RESEARCH ASSOCIATES, L.L.C."
2037541,2020-06-28,199997,Standard Grant,RAPID:  Airborne CoV-2 Viability and Oxidation,University of North Carolina at Chapel Hill
2001961,2020-06-29,246865,Continuing Grant,"Collaborative Research: P2C2--Ice Core and Firn Aquifer Studies at Combatant Col, British Columbia, Canada",University of Washington
2002441,2020-06-29,105511,Standard Grant,"Collaborative Research: P2C2--Ice Core and Firn Aquifer Studies at Combatant Col, British Columbia, Canada",University of Minnesota-Twin Cities
2019465,2020-06-29,257836,Standard Grant,CEDAR: Resolving Thermosphere Response Times to Auroral and Solar Energy Inputs and Improving Neutral Density Predictions,Virginia Polytechnic Institute and State University
2026304,2020-06-29,740316,Standard Grant,Continent-Scale Low Frequency Lightning Remote Sensing,Duke University
2026579,2020-06-29,585664,Standard Grant,A Neural Network Model for Predicting the Solar Energetic Particle Events,University of New Hampshire
2029162,2020-06-29,301360,Standard Grant,NSFGEO-NERC: WAVE-induced Transport of Chemically Active Species in the Mesosphere and Lower Thermosphere (WAVECHASM),University of Illinois at Urbana-Champaign
2030679,2020-06-29,420807,Standard Grant,Measurements of Midlatitude Thermospheric Dynamics and Temperature,Computational Physics Inc
2035847,2020-06-29,174492,Standard Grant,Collaborative Research: EAGER--Condensed Matrix Assisted Laser Desorption Ionization (cMALDI) Towards Online Detection of Viral Nucleic Acids and Proteins in Aerosols,University of Minnesota-Twin Cities
2035870,2020-06-29,124999,Standard Grant,Collaborative Research: EAGER--Condensed Matrix Assisted Laser Desorption Ionization (cMALDI) Towards Online Detection of Viral Nucleic Acids and Proteins in Aerosols,University of California-San Diego Scripps Inst of Oceanography
2037034,2020-06-29,79821,Standard Grant,RAPID: Supporting Universities with Online Educational Materials through the MetEd Website,University Corporation For Atmospheric Res
2020703,2020-06-30,437188,Standard Grant,Development of a Data-driven Magnetohydrodynamic Simulation Model for Flux-Emerging Active Regions Leading to Coronal Mass Ejections,University of Alabama in Huntsville
2024212,2020-06-30,431782,Standard Grant,Understanding Future Changes in Midlatitude Orographic Precipitation,Oregon State University
1939880,2020-07-01,822693,Standard Grant,Multi-scale Analysis of Congo Basin Precipitation: Understanding the Regional Rainfall Climatology and the Potential for Change,University of Texas at Austin
2002446,2020-07-01,54873,Standard Grant,"Collaborative Research:  P2C2--East African Monsoon Hydroclimate over the Last 11,500 Years",Georgia Tech Research Corporation
2002509,2020-07-01,298475,Standard Grant,"Collaborative Research:  P2C2--East African Monsoon Hydroclimate over the Last 11,500 Years","Georgia State University Research Foundation, Inc."
2022888,2020-07-09,555029,Standard Grant,Enhancing the Understanding of Nocturnal Convective System Morphological Evolution,Iowa State University
2030043,2020-07-09,447741,Continuing Grant,"Effectively Communicating Science Workshops (2021-2024); Saint Paul, Minnesota",Mitchell Hamline School of Law
2038111,2020-07-09,18000,Standard Grant,"Interdisciplinary Science Session: Can Machine Learning and Data-driven Science Lead to Breakthroughs in Earth System Modeling and Analysis?; Aspen, Colorado; June 7-11, 2021",Aspen Global Change Institute
2015906,2020-07-10,509518,Standard Grant,Winds and the Weather: Evaluating Three Dimensional (3D) Stratospheric / Tropospheric Jet Relationships and Their Roles in Extreme Cool-Season Weather Events,"NorthWest Research Associates, Incorporated"
2028151,2020-07-10,498590,Standard Grant,The Impact of Ambient Deep-Tropospheric Vertical Wind Shear on Tornadoes and Their Attendant Supercells within Tropical Cyclones,University of Oklahoma Norman Campus
2028492,2020-07-13,190000,Fellowship Award,AGS-PRF: An Observational-based Modeling Approach for Solar Energetic Particle Access to the Equatorial Inner Magnetosphere,"Filwett, Rachael"
2015780,2020-07-14,576498,Continuing Grant,The Causes of Arctic Amplification and its Impact on Mid-latitudes,SUNY at Albany
2019042,2020-07-17,331884,Standard Grant,MRI: Cluster Computing for Artificial Intelligence-Enabled Data Analytics and Earth Systems Modeling,Millersville University
2016368,2020-07-22,28156,Standard Grant,Scientific Program Overview (SPO): Cold Air Outbreak Experiment in the Sub-Arctic Region,University of Miami
2019234,2020-07-22,2518484,Standard Grant,MRI: Development of a Tristatic Network of Ground-based Aeronomic Observatories to Operate in Synergy with the EISCAT-3D Facility,University of Alaska Fairbanks Campus
2029804,2020-07-22,144187,Standard Grant,Ionospheric Response to the 2020 South American Total Solar Eclipse: Observing Atmospheric Gravity Waves and Total Electron Content Interactions,"OHIO STATE UNIVERSITY, THE"
2011304,2020-07-23,412839,Standard Grant,Collaborative Research:  CEDAR--Experimental and Theoretical Investigation of Midlatitude Ionospheric Instability,Cornell University
2012994,2020-07-23,270280,Standard Grant,Collaborative Research:  CEDAR--Experimental and Theoretical Investigation of Midlatitude Ionospheric Instability,Clemson University
2027252,2020-07-23,1991148,Standard Grant,Collaborative Research:  TI3GER--Technological Innovation Into Iodine and Gv-aircraft Environmental Research,University of Colorado at Boulder
2027262,2020-07-23,100000,Standard Grant,Collaborative Research:  TI3GER--Technological Innovation Into Iodine and Gv-aircraft Environmental Research,Clarkson University
2028633,2020-07-24,243176,Standard Grant,Collaborative Research: CAS-MNP--Precursors of Long-Distance Aerial Transport of Microplastics from Urban Environments,Duke University
2028644,2020-07-24,280073,Standard Grant,Collaborative Research: CAS-MNP--Precursors of Long-Distance Aerial Transport of Microplastics from Urban Environments,Cornell University
2025103,2020-07-27,369418,Standard Grant,AMPlifying the Simulation of Clouds and Precipitation,University of California-Davis
1950831,2020-07-28,658293,Standard Grant,REU Site: Solar and Heliospheric Physics at University of Alabama in Huntsville (UAH) and Marshall Space Flight Center (MSFC),University of Alabama in Huntsville
2041491,2020-07-31,225000,Standard Grant,EAGER: An Oasis for Surface Life on the Ocean of Snowball Earth,University of Washington
2023574,2020-08-04,616427,Standard Grant,"Collaborative Research: Greater New York (NY) Oxidant, Trace gas, Halogen, and Aerosol Airborne Mission (GOTHAAM)",SUNY at Stony Brook
2023584,2020-08-04,433125,Standard Grant,"Collaborative Research: Greater New York (NY) Oxidant, Trace gas, Halogen, and Aerosol Airborne Mission (GOTHAAM)",Colorado State University
2023605,2020-08-04,382906,Standard Grant,"Collaborative Research: Greater New York (NY) Oxidant, Trace gas, Halogen, and Aerosol Airborne Mission (GOTHAAM)",University of Maryland Baltimore County
2023641,2020-08-04,596994,Standard Grant,"Collaborative Research: Greater New York (NY) Oxidant, Trace gas, Halogen, and Aerosol Airborne Mission (GOTHAAM)",University of Colorado at Boulder
2023670,2020-08-04,918021,Standard Grant,"Collaborative Research: Greater New York (NY) Oxidant, Trace gas, Halogen, and Aerosol Airborne Mission (GOTHAAM)",University of Washington
2023719,2020-08-04,165587,Standard Grant,"Collaborative Research: Greater New York (NY) Oxidant, Trace gas, Halogen, and Aerosol Airborne Mission (GOTHAAM)",University of California-Irvine
2023761,2020-08-04,384478,Standard Grant,"Collaborative Research: Greater New York (NY) Oxidant, Trace gas, Halogen, and Aerosol Airborne Mission (GOTHAAM)",Regents of the University of Michigan - Ann Arbor
2029611,2020-08-04,692356,Standard Grant,Spatiotemporal Variability in Cold Pool Properties and Processes,Colorado State University
2029806,2020-08-04,647003,Standard Grant,Novel Integrated Characterization of Microphysical Properties of Ice Particles Using In-Situ Field Measurements and Polarimetric Radar Observations,Colorado State University
2029840,2020-08-04,532697,Standard Grant,The Role of the Fountain Effect in the Evolution of Ionospheric Structures in Low and Mid Latitudes,Johns Hopkins University
2033405,2020-08-04,582475,Standard Grant,Improving Weather Forecasting through non-Gaussian Data Assimilation with Machine Learning,Colorado State University
2030175,2020-08-05,869455,Continuing Grant,"Probing the Molecular Basis of the ""Burying"" Mechanism: An Additional Route to Secondary Organic Aerosol (SOA) Particle Growth",University of California-Irvine
2031750,2020-08-05,415831,Standard Grant,Collaborative Research: Contrasting the Effects of Aerosols on Marine Boundary Layer (MBL) Cloud-precipitation Properties and Processes in Boreal and Austral Mid-latitude Regions,University of Arizona
2031751,2020-08-05,150000,Standard Grant,Collaborative Research: Contrasting the Effects of Aerosols on Marine Boundary Layer (MBL) Cloud-precipitation Properties and Processes in Boreal and Austral Mid-latitude Regions,California Institute of Technology
2031752,2020-08-05,78269,Standard Grant,Collaborative Research: Contrasting the Effects of Aerosols on Marine Boundary Layer (MBL) Cloud-precipitation Properties and Processes in Boreal and Austral Mid-latitude Regions,Texas A&M University
2035238,2020-08-07,214309,Standard Grant,Identifying New Community-Driven Science Themes for National Science Foundation (NSF)’s Support of Paleo Perspectives on Climate Change (P2C2): A Workshop,National Academy of Sciences
2027300,2020-08-12,304124,Standard Grant,Collaborative Research: Characterizing High-latitude Ionospheric Fluid Turbulence and Radio Scintillation with New Observations and Data-Driven Modeling,SRI International
2027308,2020-08-12,303939,Standard Grant,Collaborative Research: Characterizing High-latitude Ionospheric Fluid Turbulence and Radio Scintillation with New Observations and Data-Driven Modeling,Embry-Riddle Aeronautical University
2041281,2020-08-13,149385,Standard Grant,Collaborative Research: P2C2--A Model/Proxy Synthesis of Walker Circulation Trends During the Last Millennium,University of Hawaii
2031346,2020-08-19,91902,Standard Grant,Collaborative Research: Laboratory Measurements of Oxygen (O) and Nitrogen (N2) Ultraviolet (UV) Cross Sections by Particle Impact for Remote Sensing of Thermosphere O/N2 Variation,Computational Physics Inc
2031349,2020-08-19,698000,Standard Grant,Collaborative Research: Laboratory Measurements of Oxygen (O) and Nitrogen (N2) Ultraviolet (UV) Cross Sections by Particle Impact for Remote Sensing of Thermosphere O/N2 Variation,University of Colorado at Boulder
2028173,2020-08-20,190000,Fellowship Award,AGS-PRF: Novel Analyses of Total Solar Eclipse Data as a Tool for Coronal Physics,"Boe, Benjamin R"
2031312,2020-08-20,190000,Fellowship Award,AGS-PRF: The Building Blocks of Shear-Driven Atmospheric Turbulence,"Heisel, Michael"
2033787,2020-08-21,320000,Standard Grant,Collaborative Research: CEDAR--Three-dimensional Large Electron Density Gradients at Mid-latitudes from a TEC-based Ionospheric Data Assimilation system (TIDAS),Massachusetts Institute of Technology
2033843,2020-08-21,118239,Standard Grant,Collaborative Research: CEDAR--Three-dimensional Large Electron Density Gradients at Mid-latitudes from a TEC-based Ionospheric Data Assimilation system (TIDAS),University Corporation For Atmospheric Res
2019649,2020-08-26,270735,Standard Grant,"Collaborative Research: Experiment of Sea Breeze Convection, Aerosols, Precipitation and Environment (ESCAPE)",Michigan Technological University
2019858,2020-08-26,293489,Standard Grant,"Collaborative Research: Experiment of Sea Breeze Convection, Aerosols, Precipitation and Environment (ESCAPE)",Texas A&M University
2019932,2020-08-26,1323126,Standard Grant,"Collaborative Research: Experiment of Sea Breeze Convection, Aerosols, Precipitation and Environment (ESCAPE)",SUNY at Stony Brook
2019939,2020-08-26,157644,Standard Grant,"Collaborative Research: Experiment of Sea Breeze Convection, Aerosols, Precipitation and Environment (ESCAPE)",Texas Tech University
2019947,2020-08-26,1231807,Standard Grant,"Collaborative Research: Experiment of Sea Breeze Convection, Aerosols, Precipitation and Environment (ESCAPE)",Colorado State University
2019965,2020-08-26,517355,Standard Grant,"Collaborative Research: Experiment of Sea Breeze Convection, Aerosols, Precipitation and Environment (ESCAPE)",University of California-San Diego Scripps Inst of Oceanography
2019968,2020-08-26,605210,Standard Grant,"Collaborative Research: Experiment of Sea Breeze Convection, Aerosols, Precipitation and Environment (ESCAPE)",University of Oklahoma Norman Campus
2019991,2020-08-26,367810,Standard Grant,"Collaborative Research: Experiment of Sea Breeze Convection, Aerosols, Precipitation and Environment (ESCAPE)",University of Wyoming
2020000,2020-08-26,360713,Standard Grant,"Collaborative Research: Experiment of Sea Breeze Convection, Aerosols, Precipitation and Environment (ESCAPE)",Pennsylvania State Univ University Park
2028032,2020-08-28,2398603,Standard Grant,SWQU: Forecasting Small-Scale Plasma Structures in Earth's Ionosphere-Thermosphere System,University of Colorado at Boulder
2028154,2020-08-28,799611,Standard Grant,SWQU: Improving Space Weather Predictions with Data-Driven Models of the Solar Atmosphere and Inner Heliosphere,University of Alabama in Huntsville
2027168,2020-08-30,794406,Standard Grant,Collaborative Research: NSFGEO-NERC:Conjugate Experiment to Investigate Sources of High-Latitude Magnetic Perturbations in Coupled Solar Wind-Magnetosphere-Ionosphere-Ground System,Virginia Polytechnic Institute and State University
2027190,2020-08-30,238875,Standard Grant,Collaborative Research: NSFGEO-NERC:Conjugate Experiment to Investigate Sources of High-Latitude Magnetic Perturbations in Coupled Solar Wind-Magnetosphere-Ionosphere-Ground System,University of California-Los Angeles
2027210,2020-08-30,295128,Standard Grant,Collaborative Research: NSFGEO-NERC:Conjugate Experiment to Investigate Sources of High-Latitude Magnetic Perturbations in Coupled Solar Wind-Magnetosphere-Ionosphere-Ground System,SPACE SCIENCE INSTITUTE
2017263,2020-09-09,1699858,Continuing Grant,Collaborative Research: Convective Gravity Waves in the Stratosphere (CGWaveS),"GLOBAL ATMOSPHERIC TECHNOLOGIES AND SCIENCES, INC."
2017270,2020-09-09,509635,Continuing Grant,Collaborative Research: Convective Gravity Waves in the Stratosphere (CGWaveS),University of Colorado at Boulder
2017319,2020-09-09,729380,Continuing Grant,Collaborative Research: Convective Gravity Waves in the Stratosphere (CGWaveS),University of Miami
2017339,2020-09-09,455003,Continuing Grant,Collaborative Research: Convective Gravity Waves in the Stratosphere (CGWaveS),Embry-Riddle Aeronautical University
2032678,2020-09-09,299998,Standard Grant,Modeling and Radiosonde Data Investigations of Turbulence and Mixing in the Vicinity of the Tropopause,"GLOBAL ATMOSPHERIC TECHNOLOGIES AND SCIENCES, INC."
2052993,2020-09-10,108600,Standard Grant,Collaborative Research: Characterizing Secondary Gravity Waves and Influences on Momentum Transport,Arizona State University
2042680,2020-09-15,1182632,Cooperative Agreement,U.S. Army Corps of Engineers (USACE) Support of the National Center for Atmospheric Research,University Corporation For Atmospheric Res
2025057,2020-10-22,672898,Standard Grant,Diversity of Tropical Intraseasonal Oscillation,University of Hawaii
2026410,2020-10-22,424829,Standard Grant,Understanding Carbon Fluxes in a Changing Amazon from 2014 to 2020,Atmospheric and Environmental Research Inc
2054677,2020-10-22,34515,Standard Grant,Collaborative Research: RAPID--Multi-Scale Investigation into the Storm Processes of the 10 August 2020 Midwest Derecho,University of Oklahoma Norman Campus
2054688,2020-10-22,23500,Standard Grant,Collaborative Research: RAPID--Multi-Scale Investigation into the Storm Processes of the 10 August 2020 Midwest Derecho,University of Nebraska-Lincoln
2054706,2020-10-22,21976,Standard Grant,Collaborative Research: RAPID--Multi-Scale Investigation into the Storm Processes of the 10 August 2020 Midwest Derecho,University of Illinois at Urbana-Champaign
1954983,2020-10-27,381245,Standard Grant,Improving Models to Better Represent the Complex Structure of Coronal Mass Ejections,University of New Hampshire
2019647,2020-10-27,729263,Standard Grant,Downgradient Energy Transport and the Atmospheric Circulation,University of Washington
2022941,2020-10-29,556103,Standard Grant,New Tools for Quantifying Cloud Response to Varying Climate States,University of Utah
2033563,2020-10-30,426406,Standard Grant,GEM: Magnetosheath Transport from Local Kinetics to Global Dynamics,Regents of the University of Michigan - Ann Arbor
2054847,2020-10-30,342319,Continuing Grant,Collaborative Research: An in situ Closure Study of Mixed Phase Clouds at Storm Peak,Purdue University
2029730,2020-11-03,411945,Standard Grant,"Collaborative Research:  Formation of Sulfur Aerosols in Fairbanks, Alaska",Georgia Tech Research Corporation
2029747,2020-11-03,316576,Standard Grant,"Collaborative Research:  Formation of Sulfur Aerosols in Fairbanks, Alaska",University of Alaska Fairbanks Campus
2029770,2020-11-03,83621,Standard Grant,"Collaborative Research:  Formation of Sulfur Aerosols in Fairbanks, Alaska",University of Maryland Baltimore County
2032358,2020-11-05,230524,Standard Grant,Collaborative Research: Improving Process-Level Understanding of Surface-Atmosphere Interactions Leading to Convection Initiation in the Central United States,University of Illinois at Urbana-Champaign
2032559,2020-11-05,243199,Standard Grant,Collaborative Research: Improving Process-Level Understanding of Surface-Atmosphere Interactions Leading to Convection Initiation in the Central United States,"OHIO STATE UNIVERSITY, THE"
2040319,2020-11-05,417305,Standard Grant,Collaborative Research: Substorm Particle Injection into the Ring Current--MagnetoHydroDynamic (MHD) with Embedded Particle-In-Cell (PIC) Simulation Approach,University of California-Los Angeles
2040330,2020-11-05,54000,Standard Grant,Collaborative Research: Substorm Particle Injection into the Ring Current--MagnetoHydroDynamic (MHD) with Embedded Particle-In-Cell (PIC) Simulation Approach,SPACE SCIENCE INSTITUTE
2035125,2020-11-16,434841,Standard Grant,Aerosol Chemistry of Complex Plant Volatile Systems,University of California-Irvine
2037704,2020-11-16,484050,Standard Grant,Laboratory Studies Investigating the Influence of Particle Diameter on Viscosity,North Carolina State University
2015618,2020-12-02,498733,Standard Grant,Coherent Precipitation Extremes in a Supermodel of Future Climate,University of Colorado at Boulder
2039384,2020-12-02,358647,Standard Grant,Collaborative Research: The Quasi-Biennial Oscillation and Madden-Julian Oscillation (QBO-MJO) Connection: Positive Feedbacks from Extratropical Wave Forcing,University of Arizona
2039388,2020-12-02,122204,Standard Grant,Collaborative Research: The Quasi-Biennial Oscillation and Madden-Julian Oscillation (QBO-MJO) Connection: Positive Feedbacks from Extratropical Wave Forcing,University of Oklahoma Norman Campus
2037091,2020-12-07,147411,Standard Grant,Collaborative Research: A Comprehensive Evaluation of the Interactions between Pollution and Hazardous Ice Fog in Interior Alaska,Regents of the University of Michigan - Ann Arbor
2037119,2020-12-07,662701,Standard Grant,Collaborative Research: A Comprehensive Evaluation of the Interactions between Pollution and Hazardous Ice Fog in Interior Alaska,Colorado State University
2032211,2020-12-11,190000,Fellowship Award,AGS-PRF: Peroxy Radical (RO2) Reactivity through Functionalized Organic Iodides,"Rivera-Rios, Jean C"
2045755,2020-12-11,616054,Continuing Grant,CAREER: Amateur Radio as a Tool for Studying Traveling Ionospheric Disturbances and Atmosphere-Ionosphere Coupling,University of Scranton
2105881,2020-12-11,271988,Standard Grant,P2C2: Paleoclimatology of Cuba based on Stalagmite Oxygen Isotope Records--Hydrological Sensitivity and Causes of Variability in the Caribbean Region,University of Massachusetts Amherst
2107792,2020-12-11,144821,Standard Grant,Collaborative Research:  P2C2--Testing the Tropical Storm and Tropical Cyclone Masking Hypotheses: Advancing Speleothem Reconstruction of Paleotempestology and Paleohydrology,University of Massachusetts Amherst
2102889,2020-12-15,150000,Contract Interagency Agreement,Wallops Flight Facility Support for Cubesat-based Science Mission,NASA/Goddard Space Flight Center/Wallops Flight Facility
2035225,2020-12-18,569010,Standard Grant,Reconciling Atmospheric OH Reactivity Measurements with PTR-ToF-MS Observations and Photochemical Box Model Simulations,University of California-Irvine
2048770,2021-01-04,474682,Standard Grant,Advancing Our Understanding of Intraseasonal United States Severe Convective Storm Variability,Northern Illinois University
2053689,2021-01-04,225521,Standard Grant,RUI: Characterization and Modeling of Space Weather Geomagnetic Fluctuations,Presbyterian College
2045016,2021-01-07,681923,Continuing Grant,CAREER: Revealing the Connection between Pulsating Aurora and the Dynamics of the Inner Magnetosphere,University of Iowa
2040594,2021-01-12,514733,Standard Grant,Multi-scale Interactions Influencing Lake-Effect Systems,Hobart and William Smith Colleges
2049536,2021-01-19,223921,Standard Grant,Collaborative Research: CEDAR--Upper Atmospheric Hydrogen Variability on Timescales from Dusk-Dawn to Multidecadal,University Corporation For Atmospheric Res
2050072,2021-01-19,287912,Standard Grant,Collaborative Research: CEDAR--Upper Atmospheric Hydrogen Variability on Timescales from Dusk-Dawn to Multidecadal,University of Wisconsin-Madison
2050077,2021-01-19,258341,Standard Grant,Collaborative Research: CEDAR--Upper Atmospheric Hydrogen Variability on Timescales from Dusk-Dawn to Multidecadal,Embry-Riddle Aeronautical University
2028764,2021-01-25,855795,Continuing Grant,Collaborative Research: Photochemical Silicon Aerosols: Establishing Atmospheric Sources and Significance,University of Iowa
2029017,2021-01-25,217400,Continuing Grant,Collaborative Research: Photochemical Silicon Aerosols: Establishing Atmospheric Sources and Significance,University of Colorado at Boulder
2031472,2021-01-25,440059,Standard Grant,Improved Understanding of the Moist Dynamics of the Extratropical Storm Tracks and Their Response to Climate Change,Massachusetts Institute of Technology
2033467,2021-01-25,574359,Standard Grant,"Understanding Heat-transfer Regimes in Past, Present and Future Climates",University of Chicago
2034817,2021-01-25,538727,Standard Grant,Organization of Tropical East Pacific Convection (OTREC) - Post-Campaign Analysis,New Mexico Institute of Mining and Technology
2044846,2021-01-25,605354,Continuing Grant,CAREER: Quantifying Radiation Belt Precipitation and Atmospheric Impacts through D-region Ionosphere Imaging,University of Colorado at Boulder
2112980,2021-01-25,98876,Standard Grant,RAPID:  Dual-Doppler Analysis of the Boundary Layer in Category-4 Hurricane Laura,University of Illinois at Urbana-Champaign
2040073,2021-01-26,860285,Standard Grant,NSFGEO-NERC: Large-Scale Atmospheric Circulation Response to Oyashio Extension Frontal Variability,Woods Hole Oceanographic Institution
2045504,2021-01-27,768013,Continuing Grant,Using Dual-Polarization Radar Observations to Detect Entrainment Zone Depth and Verify Model Forecasts of Convective Boundary Layer Evolution,Pennsylvania State Univ University Park
2039985,2021-01-28,583166,Continuing Grant,NSF-BSF: Understanding Evolution of Atmospheric Brown Carbon,Purdue University
2039234,2021-01-29,603364,Continuing Grant,Collaborative Research:  Geologic Methane Emissions to the Atmosphere--Improving the Bottom-Up Estimates of Microseepage,University of Rochester
2039276,2021-01-29,46647,Continuing Grant,Collaborative Research:  Geologic Methane Emissions to the Atmosphere--Improving the Bottom-Up Estimates of Microseepage,University of Alaska Fairbanks Campus
2037697,2021-02-01,409933,Continuing Grant,Collaborative Research: Reframing Modeling Approaches for Multiphase Chemistry--Isoprene and Beyond,University of North Carolina at Chapel Hill
2037698,2021-02-01,150000,Continuing Grant,Collaborative Research: Reframing Modeling Approaches for Multiphase Chemistry--Isoprene and Beyond,University of California-Riverside
2114219,2021-02-02,10000,Standard Grant,"A Virtual Conference on Applications of Statistical Methods and Machine Learning in the Space Sciences; Boulder, Colorado; March 22-26, 2021 or June 28 - July 2, 2021",SPACE SCIENCE INSTITUTE
2041971,2021-02-03,518204,Standard Grant,Rapid Radiation Belt Scattering in Electromagnetic Turbulence,University of California-Berkeley
2027951,2021-02-10,600004,Interagency Agreement,GEM: Role of Ion Precipitation in Inner Magnetosphere Dynamics,Department of Energy Albuquerque Operations Office
2039788,2021-02-11,474387,Continuing Grant,Collaborative Research:  Organosulfate Multiphase Chemistry and Physicochemcal Properties--Oxidation and Sulfate Recycling in Aerosols and Cloud Droplets,University of North Carolina at Chapel Hill
2040610,2021-02-11,425014,Continuing Grant,Collaborative Research:  Organosulfate Multiphase Chemistry and Physicochemcal Properties--Oxidation and Sulfate Recycling in Aerosols and Cloud Droplets,Regents of the University of Michigan - Ann Arbor
2046043,2021-03-01,523159,Standard Grant,CAREER: Self-consistent and Data-constrained Simulations of the Leader and Return Stroke Processes in Lightning Discharges,New Mexico Institute of Mining and Technology
2043042,2021-03-04,925541,Continuing Grant,"Collaborative Research: Development of a Better Understanding of Ambient RM Chemistry, Reactions Forming, and Methods for Measurement","Board of Regents, NSHE, obo University of Nevada, Reno"
2043165,2021-03-04,44185,Continuing Grant,"Collaborative Research: Development of a Better Understanding of Ambient RM Chemistry, Reactions Forming, and Methods for Measurement",University of Utah
2043321,2021-03-04,30000,Continuing Grant,"Collaborative Research: Development of a Better Understanding of Ambient RM Chemistry, Reactions Forming, and Methods for Measurement",Georgia Tech Research Corporation
2044537,2021-03-04,402627,Continuing Grant,"Collaborative Research: Development of a Better Understanding of Ambient RM Chemistry, Reactions Forming, and Methods for Measurement",Utah State University
2050267,2021-03-05,1156062,Continuing Grant,REU Site: Research Experiences for Undergraduates at the National Weather Center,University of Oklahoma Norman Campus
2043142,2021-03-08,227438,Standard Grant,Collaborative Research: The Relationship between El Niño-Southern Oscillation (ENSO) Diversity and Tropical Cyclones in a Hierarchy of Models,Columbia University
2043272,2021-03-08,221003,Standard Grant,Collaborative Research: The Relationship between El Niño-Southern Oscillation (ENSO) Diversity and Tropical Cyclones in a Hierarchy of Models,Iowa State University
2043282,2021-03-08,229504,Standard Grant,Collaborative Research: The Relationship between El Niño-Southern Oscillation (ENSO) Diversity and Tropical Cyclones in a Hierarchy of Models,University of Hawaii
2125712,2021-03-12,55025,Standard Grant,RAPID: Sodium (Na) Lidar Validation of MIGHTI Daytime Temperature Observations Onboard NASA ICON Satellite,Utah State University
2050792,2021-03-15,422639,Standard Grant,"REU Site: Solar, Terrestrial, and Space Weather Sciences at New Jersey Institute of Technology",New Jersey Institute of Technology
2054514,2021-03-15,121944,Standard Grant,Collaborative Research: OpenDendro - Advanced Open-source Tools for Paleoenvironmental Reconstruction,Western Washington University
2054515,2021-03-15,73538,Standard Grant,Collaborative Research: OpenDendro - Advanced Open-source Tools for Paleoenvironmental Reconstruction,Columbia University
2054516,2021-03-15,143148,Standard Grant,Collaborative Research: OpenDendro - Advanced Open-source Tools for Paleoenvironmental Reconstruction,University of Arizona
2102812,2021-03-15,45970,Standard Grant,"Collaborative Research: P2C2--Variability, Impacts and Extremes of the ENSO-Asian Monsoon Relationship over the Common Era",University of Arizona
2102814,2021-03-15,294464,Standard Grant,"Collaborative Research: P2C2--Variability, Impacts and Extremes of the ENSO-Asian Monsoon Relationship over the Common Era",William Marsh Rice University
2102993,2021-03-15,471704,Standard Grant,Collaborative Research: P2C2--High-Resolution Reconstruction of Last Millennium North American Arctic Temperatures Using Quantitative Wood Anatomy,University of Arizona
2102994,2021-03-15,99707,Standard Grant,Collaborative Research: P2C2--High-Resolution Reconstruction of Last Millennium North American Arctic Temperatures Using Quantitative Wood Anatomy,"Board of Regents, NSHE, obo University of Nevada, Reno"
2045025,2021-03-16,641239,Continuing Grant,CAREER: Multiphase Oxidation and Fate of Pesticides in Dry and Wet Deposition,College of Wooster
2032532,2021-03-17,462376,Standard Grant,Collaborative Research: Fingerprinting Energy and Water Cycle Extremes through a Scale-Interaction Lens,Georgia Tech Research Corporation
2032542,2021-03-17,430426,Standard Grant,Collaborative Research: Fingerprinting Energy and Water Cycle Extremes through a Scale-Interaction Lens,Florida State University
2104299,2021-03-17,449955,Standard Grant,RUI: Characterization of Aerosol Effects within an Urban Lightning Climatology across a North American Climatic Gradient,James Madison University
2109341,2021-03-17,99623,Standard Grant,Collaborative Research: GEM: Understanding Connections between Earth’s Magnetotail and Ionosphere through Imaging,Eastern Michigan University
2109543,2021-03-17,287063,Standard Grant,Collaborative Research: GEM: Understanding Connections between Earth’s Magnetotail and Ionosphere through Imaging,University of New Hampshire
2035267,2021-03-22,500000,Standard Grant,Studies of Atmospheric Processes Using Imaging Science Techniques,Trustees of Boston University
2047863,2021-03-22,676409,Continuing Grant,CAREER: Atmospheric Electricity on Earth and Mars,Florida Institute of Technology
2045332,2021-03-25,757945,Continuing Grant,CAREER: Unearthing the Role of Belowground Biology in Biosphere-Atmosphere Volatile Organic Compound (VOC) Exchange,University of Arizona
2046367,2021-03-25,508418,Continuing Grant,CAREER: Understanding the Fate of Reactive Organic Carbon in the Atmosphere,Virginia Polytechnic Institute and State University
2050718,2021-03-25,408402,Standard Grant,REU Site: Program in Climate and Space Science Observation (PICASSO) at the University of Michigan,Regents of the University of Michigan - Ann Arbor
2102844,2021-03-25,149067,Standard Grant,Collaborative Research: P2C2--Evaluating the Origins of Multidecadal Variability in Late Holocene Indian Summer Monsoon Rainfall in Nepal,Woods Hole Oceanographic Institution
2102864,2021-03-25,141930,Standard Grant,Collaborative Research: P2C2--Evaluating the Origins of Multidecadal Variability in Late Holocene Indian Summer Monsoon Rainfall in Nepal,Cornell College
2102887,2021-03-25,113228,Standard Grant,Collaborative Research: P2C2--Evaluating the Origins of Multidecadal Variability in Late Holocene Indian Summer Monsoon Rainfall in Nepal,University of New Mexico
2102893,2021-03-25,85724,Standard Grant,Collaborative Research: P2C2--Evaluating the Origins of Multidecadal Variability in Late Holocene Indian Summer Monsoon Rainfall in Nepal,Iowa State University
2127071,2021-03-25,214606,Standard Grant,EAGER: The Dynamics of Large Buoyant Plumes,University of California-Berkeley
2042619,2021-03-26,491206,Continuing Grant,CAREER: Multi-Generational Aging of Atmospheric Organic Mixtures,College of William and Mary
2054361,2021-03-29,9309997,Continuing Grant,"Establishing a Subauroral Geophysical Observatory for Space Physics and Radio Science at Gakona, Alaska",University of Alaska Fairbanks Campus
2048422,2021-03-31,285171,Continuing Grant,Collaborative Research: Establishing an Iron Resonance Wind-Temperature Lidar at High-Frequency Active Auroral Research Program (HAARP) for Active Studies of Polar Aeronomy,Virginia Polytechnic Institute and State University
2048464,2021-03-31,74180,Continuing Grant,Collaborative Research: Establishing an Iron Resonance Wind-Temperature Lidar at High-Frequency Active Auroral Research Program (HAARP) for Active Studies of Polar Aeronomy,University of Colorado at Denver-Downtown Campus
2048628,2021-03-31,1415688,Continuing Grant,Collaborative Research: Establishing an Iron Resonance Wind-Temperature Lidar at High-Frequency Active Auroral Research Program (HAARP) for Active Studies of Polar Aeronomy,University of Alaska Fairbanks Campus
2048810,2021-03-31,112694,Continuing Grant,Collaborative Research: Establishing an Iron Resonance Wind-Temperature Lidar at High-Frequency Active Auroral Research Program (HAARP) for Active Studies of Polar Aeronomy,"GLOBAL ATMOSPHERIC TECHNOLOGIES AND SCIENCES, INC."
2102949,2021-03-31,388538,Standard Grant,P2C2: Bayesian Detection of Holocene Abrupt Transitions in Proxy Records and Climate Model Simulations,University of Colorado at Boulder
2041979,2021-04-01,526946,Standard Grant,Collaborative Research: Atmospheric Formation and Implications of Secondary Organic Aerosol from Glycols and Glycol Ethers,Colorado State University
2041980,2021-04-01,89853,Standard Grant,Collaborative Research: Atmospheric Formation and Implications of Secondary Organic Aerosol from Glycols and Glycol Ethers,University of Montana
2041981,2021-04-01,200769,Standard Grant,Collaborative Research: Atmospheric Formation and Implications of Secondary Organic Aerosol from Glycols and Glycol Ethers,University of Colorado at Boulder
2041982,2021-04-01,35092,Standard Grant,Collaborative Research: Atmospheric Formation and Implications of Secondary Organic Aerosol from Glycols and Glycol Ethers,University of California-Davis
2045542,2021-04-01,652041,Standard Grant,CAREER: The Atmospheric Energy Variability of Tropical-Extratropical Interactions Associated with the Madden–Julian Oscillation and Equatorial Waves,University of Oklahoma Norman Campus
2125323,2021-04-01,2117262,Continuing Grant,"Collaborative Research: Super Dual Auroral Radar Network (SuperDARN) Operations, Research and Community Support",Pennsylvania State Univ University Park
2102983,2021-04-02,496081,Standard Grant,P2C2: A Speleothem and Cave Monitoring Research Program to Reconstruct the Paleoclimatology of the Yucatan Peninsula--Testing Modes and Causes of Variability in the North American,University of Massachusetts Amherst
2110709,2021-04-02,297501,Standard Grant,Observational and Numerical Modeling Study of Downburst Generation Using Dual-Polarization Radar,University of Oklahoma Norman Campus
2035710,2021-04-06,525490,Standard Grant,Connecting Solar Physics Past to Its Machine Learning Future,"ATMOSPHERIC & SPACE TECHNOLOGY RESEARCH ASSOCIATES, L.L.C."
2043131,2021-04-06,353740,Standard Grant,Coronal-Mass-Ejection-Driven Shocks and Sustained Gamma-Ray Emission Events,Catholic University of America
2050340,2021-04-07,388769,Standard Grant,RUI: Multi-wavelength Spectroscopic and Spectropolarimetric Diagnostics of the Solar Atmosphere,"The University Corporation, Northridge"
2105938,2021-04-09,1371771,Standard Grant,Collaborative Research: Interactions and Feedbacks between Storms and Bioaerosols,Colorado State University
2106370,2021-04-09,363731,Standard Grant,Collaborative Research: Interactions and Feedbacks between Storms and Bioaerosols,University of Iowa
2102884,2021-04-14,291862,Standard Grant,Collaborative Research: P2C2--Western United States Hydroclimate during the Last Interglacial: Developing Proxy Records and Using Model Intercomparison to Glimpse the Future,Vanderbilt University
2102885,2021-04-14,228107,Standard Grant,Collaborative Research: P2C2--Western United States Hydroclimate during the Last Interglacial: Developing Proxy Records and Using Model Intercomparison to Glimpse the Future,Berkeley Geochronology Center
2102901,2021-04-14,298664,Standard Grant,Collaborative Research: P2C2--Western United States Hydroclimate during the Last Interglacial: Developing Proxy Records and Using Model Intercomparison to Glimpse the Future,Brown University
2102976,2021-04-14,164055,Standard Grant,Collaborative Research:  P2C2--Speleothem Constraints on Seasonal Hydroclimate Variability in Mainland Southeast Asia since the Late Pleistocene,Massachusetts Institute of Technology
2103051,2021-04-14,74606,Standard Grant,Collaborative Research:  P2C2--Speleothem Constraints on Seasonal Hydroclimate Variability in Mainland Southeast Asia since the Late Pleistocene,William Paterson University
2103129,2021-04-14,607706,Standard Grant,Collaborative Research:  P2C2--Speleothem Constraints on Seasonal Hydroclimate Variability in Mainland Southeast Asia since the Late Pleistocene,University of California-Irvine
2046309,2021-04-15,735001,Standard Grant,CAREER: Quantifying the Dynamics and Spatiotemporal Variability of Blocking Events Using Linear Response Functions and the Buckingham-Pi Theorem,William Marsh Rice University
2103007,2021-04-16,343424,Continuing Grant,Collaborative Research:  P2C2--El Niño Southern Oscillation (ENSO) Variability Changes during Abrupt Climate Events,University of Colorado at Boulder
2103016,2021-04-16,132915,Continuing Grant,Collaborative Research:  P2C2--El Niño Southern Oscillation (ENSO) Variability Changes during Abrupt Climate Events,Citadel Military College of South Carolina
2103092,2021-04-16,1150800,Continuing Grant,Collaborative Research:  P2C2--El Niño Southern Oscillation (ENSO) Variability Changes during Abrupt Climate Events,University of Texas at Austin
2049100,2021-04-20,1171902,Continuing Grant,Cold Fog Amongst Complex Terrain (CFACT),University of Utah
2129586,2021-04-22,109869,Standard Grant,"RAPID: Science Mission Planning, On-orbit Commissioning and Science Activation of the Ionosphere Thermosphere Scanning Photometer for Ion-Neutral Studies (IT-SPINS) Cubesat Mission",Montana State University
2048349,2021-04-26,594254,Standard Grant,Characterization of Meteoroids and Meteors through Simulations and Remote Sensing Using High-Power Large-Aperture Radars,Stanford University
2131063,2021-04-26,116083,Standard Grant,RAPID: Measuring the Variable Composition and Chemistry of a Volcanic Plume Using a Distributed Sensor Network,University of Colorado at Denver-Downtown Campus
2050736,2021-05-17,159728,Standard Grant,REU Site: Advancing Space Sciences through Undergraduate Research Experiences (ASSURE),University of California-Berkeley
2044616,2021-05-18,799869,Continuing Grant,CAREER: Back to the Future--Integrating Research on the Mid-latitude Climate Response to Rapid Warming with Experiential Curriculum that Turns Knowledge into Action,SUNY at Buffalo
2040626,2021-05-20,671979,Standard Grant,Understanding the Mesoscale Response to Climate Change Using a Regional Climate Model Ensemble,University of Washington
2047150,2021-05-20,677633,Continuing Grant,"CAREER: Observational Constraints on Neighborhood-level Air Quality in Major United States cities and Dakar, Senegal",University of Virginia Main Campus
2055178,2021-05-20,399885,Standard Grant,"CEDAR: Modification of Ionosphere by Lightning ElectroMagnetic Pulse (LEMP): Dependence on Lightning Type, Stroke Order, and Other Factors",University of Florida
2103077,2021-05-20,416602,Standard Grant,Collaborative Research:  P2C2--Subdecadal Pleistocene Indian Monsoon Variability: A Dual Archive Perspective,University of Arizona
2103078,2021-05-20,88581,Standard Grant,Collaborative Research:  P2C2--Subdecadal Pleistocene Indian Monsoon Variability: A Dual Archive Perspective,University of Texas at Austin
2103714,2021-05-20,174443,Standard Grant,Collaborative Research: A Synergistic Study of Aerosol Vertical Distributions and their Effects on Convective Clouds and Precipitation,California Institute of Technology
2103820,2021-05-20,426986,Standard Grant,Collaborative Research: A Synergistic Study of Aerosol Vertical Distributions and their Effects on Convective Clouds and Precipitation,University of California-Los Angeles
2107715,2021-05-20,399196,Standard Grant,Multi-Spectral Digital Holography for Aerosol Material Characterization,Kansas State University
2113888,2021-05-20,315462,Standard Grant,CEDAR: The Coupled OH Meinel and O2 Atmospheric Band Nightglow Emissions,SRI International
2116971,2021-05-20,449751,Standard Grant,Systematic Investigation of Alfvenic Magnetosphere-Ionosphere Coupling in the Dayside Magnetosphere,University of California-Berkeley
2126097,2021-05-20,754830,Standard Grant,Tracking Urban Nitrous Acid (HONO) Emissions and Secondary Production in the Great Lakes Region during Michigan-Ontario Ozone Source Experiment (MOOSE),Brown University
2044771,2021-05-24,224181,Standard Grant,Collaborative Research: Effects of Thermospheric Winds on Equatorial Spread-F,Computational Physics Inc
2044782,2021-05-24,224797,Standard Grant,Collaborative Research: Effects of Thermospheric Winds on Equatorial Spread-F,Johns Hopkins University
2114251,2021-05-24,520317,Standard Grant,Identifying the Physical Drivers and Radar Signatures of Fire-Generated Tornadic Vortices,"Board of Regents, NSHE, obo University of Nevada, Reno"
2102829,2021-05-27,471434,Standard Grant,Collaborative Research:  P2C2--Fingerprinting Forced and Unforced Variability in Holocene Paleoclimate Record,University of Washington
2102931,2021-05-27,417928,Standard Grant,Collaborative Research:  P2C2--Coral Proxy and Climate Model Comparison to understand Climate Variability in the Intra-Americas Sea Region,Louisiana State University
2102936,2021-05-27,304546,Standard Grant,Collaborative Research:  P2C2--Fingerprinting Forced and Unforced Variability in Holocene Paleoclimate Record,University of Illinois at Urbana-Champaign
2102970,2021-05-27,335145,Standard Grant,Collaborative Research:  P2C2--Coral Proxy and Climate Model Comparison to understand Climate Variability in the Intra-Americas Sea Region,University of Oklahoma Norman Campus
2109323,2021-05-28,899956,Standard Grant,Collaborative Research: NSFGEO-NERC--Coupled Tropospheric Reactive Halogen Chemistry in the Subtropical Marine Boundary Layer,University of Washington
2109331,2021-05-28,473163,Standard Grant,Collaborative Research: NSFGEO-NERC--Coupled Tropospheric Reactive Halogen Chemistry in the Subtropical Marine Boundary Layer,University of California-Los Angeles
2109352,2021-05-28,24969,Standard Grant,Collaborative Research: NSFGEO-NERC--Coupled Tropospheric Reactive Halogen Chemistry in the Subtropical Marine Boundary Layer,"Bermuda Institute of Ocean Sciences (BIOS), Inc."
2113494,2021-05-28,489380,Standard Grant,"NSF-BSF: Quantitative Evaluation of Aerosol Impacts on the Microphysical Composition, Electrification and Radiative Forcing of Deep Tropical Convective Clouds",University of Washington
2113411,2021-06-01,360306,Standard Grant,Collaborative Research: CEDAR--A Whole-Atmospheric Perspective on Connections between Intra-Seasonal Variations in the Troposphere and Thermosphere,"ATMOSPHERIC & SPACE TECHNOLOGY RESEARCH ASSOCIATES, L.L.C."
2113412,2021-06-01,19998,Standard Grant,Collaborative Research: CEDAR--A Whole-Atmospheric Perspective on Connections between Intra-Seasonal Variations in the Troposphere and Thermosphere,University Corporation For Atmospheric Res
2130009,2021-06-01,199926,Standard Grant,RAPID: Multiwavelength Imaging and Spectroscopy of the Corona During the 2021 December 4 Total Solar Eclipse,University of Hawaii
2040708,2021-06-09,450000,Interagency Agreement,GEM: Using Van Allen Probes and Arase Density and Wave Data to Build a Model of Wave-Particle Interactions for Relativistic Electrons in the Inner Belt,Department of Energy Albuquerque Operations Office
2109011,2021-06-10,613490,Standard Grant,Collaborative Research: Multi-phase Sulfur and Nitrogen Chemistry in Air and Snow during Alaskan Layered Pollution and Chemical Analysis (ALPACA),University of California-Davis
2109023,2021-06-10,194683,Standard Grant,Collaborative Research: Multi-phase Sulfur and Nitrogen Chemistry in Air and Snow during Alaskan Layered Pollution and Chemical Analysis (ALPACA),University of New Hampshire
2109098,2021-06-10,40072,Standard Grant,Collaborative Research: Multi-phase Sulfur and Nitrogen Chemistry in Air and Snow during Alaskan Layered Pollution and Chemical Analysis (ALPACA),University of Houston
2109134,2021-06-10,50747,Standard Grant,Collaborative Research: Multi-phase Sulfur and Nitrogen Chemistry in Air and Snow during Alaskan Layered Pollution and Chemical Analysis (ALPACA),University of Alaska Fairbanks Campus
2109240,2021-06-10,362219,Standard Grant,Collaborative Research: Multi-phase Sulfur and Nitrogen Chemistry in Air and Snow during Alaskan Layered Pollution and Chemical Analysis (ALPACA),University of California-Los Angeles
2125760,2021-06-16,122780,Standard Grant,EAGER: What is the Cause of Strong Carbon Dioxide 15 Micron Emission in the Mesosphere and Lower Thermosphere? Resolving the Puzzle,Catholic University of America
2054356,2021-06-24,4999958,Continuing Grant,"Exploring the Tropical Atmosphere with Advanced Radio Occultation: Processing, Serving, and Analyzing Radio Occultation Data to Advance Atmospheric Science",University Corporation For Atmospheric Res
2126142,2021-06-28,50000,Standard Grant,"National Academies Space Weather Operations and Research Infrastructure Workshop, Phase II; 2021-22; Washington, District of Columbia",National Academy of Sciences
2134890,2021-06-29,163327,Cooperative Agreement,Bureau of Transportation Statistics (BTS) Support of the National Center for Atmospheric Research Activities,University Corporation For Atmospheric Res
2054697,2021-07-06,680406,Standard Grant,Process-oriented Investigation of Double InterTropical Convergence Zone (ITCZ) Biases in National Center for Atmospheric Research Community Earth System Model (NCAR CESM),University of California-San Diego Scripps Inst of Oceanography
2100708,2021-07-06,869910,Standard Grant,HBCU-Excellence in Research: Biomass Burning Aerosol-Molecular Level Characterization of Aging Conditions on Optical and Chemical Properties,North Carolina Agricultural & Technical State University
2047270,2021-07-08,854388,Standard Grant,CAREER: Hydrological Sensitivity Across Timescales,Georgia Tech Research Corporation
2101214,2021-07-08,871446,Standard Grant,"Decadal Regime Shifts in the Pacific Ocean: Mechanisms, Hydroclimatic Imprints, and Predictability",Columbia University
2103115,2021-07-08,327532,Standard Grant,P2C2: Integrating Multiproxy Records of Tropical Cyclone Activity over the Last Millennia to Contextualize 21st (twenty-first) Century Events in the Northern Gulf of Mexico,University of Alabama Tuscaloosa
2108233,2021-07-08,495031,Standard Grant,Variability of African Easterly Waves and Their Interactions with Saharan Mineral Dust Aerosols,SUNY at Albany
2114471,2021-07-08,1006890,Standard Grant,Lightning Studies Based on Measurements Spanning the Ranges from Radio Frequency to Optical (including Infrared and Ultraviolet) to Gamma-Rays,University of Florida
2102759,2021-07-09,552562,Standard Grant,Collaborative Research: NSFGEO-NERC: P2C2--Understanding Trans-Hemispheric Modes of Climate Variability: A Novel Tree-Ring Data Transect spanning the Himalaya to the Southern Ocean,Columbia University
2102790,2021-07-09,93133,Standard Grant,Collaborative Research: NSFGEO-NERC: P2C2--Understanding Trans-Hemispheric Modes of Climate Variability: A Novel Tree-Ring Data Transect spanning the Himalaya to the Southern Ocean,Rider University
2116804,2021-07-09,437238,Standard Grant,Mechanisms and Variability of Tropical Cyclone Formation under the Upper-Tropospheric Influence,University of Illinois at Urbana-Champaign
2117273,2021-07-09,11793,Standard Grant,In-situ Collaborative Experiment for the Collection of Hail In the Plains (ICECHIP),Atmospheric and Environmental Research Inc
2047721,2021-07-12,539824,Standard Grant,"CAREER: Understanding the Variability, Predictability and Changes of Tropical Cyclone Genesis Frequency in the North Atlantic: From Basin to Sub-basin Scales",University of North Carolina at Chapel Hill
2102923,2021-07-12,441470,Standard Grant,"Collaborative Research:  P2C2--MADagascar Caves And Paleoclimate II (MADCAP II), Continuing Study of Climate Variability in the Southern Hemisphere of the Western Indian Ocean",University of Massachusetts Amherst
2102975,2021-07-12,258922,Standard Grant,"Collaborative Research:  P2C2--MADagascar Caves And Paleoclimate II (MADCAP II), Continuing Study of Climate Variability in the Southern Hemisphere of the Western Indian Ocean",Massachusetts Institute of Technology
2109539,2021-07-12,814240,Standard Grant,"Understanding the Multi-year El Nino-Southern Oscillation (ENSO): Its Dynamics, El Nino-La Nina Asymmetries, and Climate Impacts",University of California-Irvine
2114638,2021-07-12,658934,Standard Grant,Improved Representation of Cloud-Aerosol Interactions in the Community Earth System Model: A New Sectional Cloud Model that Interacts with Modal and Sectional Aerosol Models,University of Colorado at Boulder
2127489,2021-07-12,356100,Continuing Grant,"American Meteorological Society Summer Policy Colloquium 2021-2023; Washington, DC",American Meteorological Society
2128133,2021-07-12,924879,Standard Grant,Identification of Ice Nucleation Sources from Marine Phytoplankton,Texas A&M University
2128617,2021-07-12,661673,Standard Grant,Improving the Understanding of Halocarbon Lifetimes and Emissions,Massachusetts Institute of Technology
2108582,2021-07-13,534210,Standard Grant,Time Domain Structures Driven by Whistler and Kinetic Alfven Waves in a Laboratory Plasma,University of California-Los Angeles
2114201,2021-07-13,357172,Standard Grant,Small-scale Ejections in the Sun’s Photosphere through Chromosphere and Corona,New Jersey Institute of Technology
2122639,2021-07-13,474240,Standard Grant,CEDAR: Advancing Observations and Understanding of Intermediate Scale Ionospheric Irregularities and Scintillation over the United States,University of Texas at Dallas
2128347,2021-07-13,915957,Standard Grant,Laboratory Studies of Vapor Grown Ice at Low and High Supersaturations,Pennsylvania State Univ University Park
2130832,2021-07-13,1720328,Standard Grant,The Expanded Owens Valley Solar Array as a Community Facility,New Jersey Institute of Technology
2048268,2021-07-14,810286,Standard Grant,"CAREER: Exploring the Role of Vapor Buoyancy in Clouds, Circulation and Climate",University of California-Davis
2053096,2021-07-15,323795,Standard Grant,Collaborative research: Quantifying Global and Regional Impacts of the Atlantic Meridional Overturning Circulation (AMOC) Slowdown in the 21st (twenty-first) Century,Yale University
2053121,2021-07-15,324994,Standard Grant,Collaborative research: Quantifying Global and Regional Impacts of the Atlantic Meridional Overturning Circulation (AMOC) Slowdown in the 21st (twenty-first) Century,University of California-Riverside
2105641,2021-07-15,299130,Standard Grant,Collaborative Research:  Dynamics of Seasonal Forecast Uncertainty: Cross-Basin Ocean-Atmosphere Interactions,University of Texas at Austin
2105654,2021-07-15,482252,Standard Grant,Collaborative Research:  Dynamics of Seasonal Forecast Uncertainty: Cross-Basin Ocean-Atmosphere Interactions,University of California-San Diego Scripps Inst of Oceanography
2110243,2021-07-15,292448,Standard Grant,Thermodynamic Modification of Winter Storms in a Warmer Climate,University of Florida
2112709,2021-07-15,505230,Standard Grant,The Microphysics of Lightning: Observing the Optical Emission from Downward Terrestrial Gamma-ray Flashes,Loyola University of Chicago
2113854,2021-07-15,659950,Standard Grant,Improving Understanding of Non-Equilibrium Surface-Layer Stress-Strain-Rate Relationships Using a Novel Stationarity-Analysis Technique and Large-Eddy Simulation,Pennsylvania State Univ University Park
2114757,2021-07-15,341452,Standard Grant,Collaborative Research: Detection and Estimation of Multi-Scale Complex Spatiotemporal Processes in Tornadic Supercells from High Resolution Simulations and Multiparameter Radar,University of Wisconsin-Madison
2114817,2021-07-15,403045,Standard Grant,Collaborative Research: Detection and Estimation of Multi-Scale Complex Spatiotemporal Processes in Tornadic Supercells from High Resolution Simulations and Multiparameter Radar,University of Oklahoma Norman Campus
2114860,2021-07-15,802260,Standard Grant,Collaborative Research: Detection and Estimation of Multi-Scale Complex Spatiotemporal Processes in Tornadic Supercells from High Resolution Simulations and Multiparameter Radar,University of California-San Diego
2117932,2021-07-15,449411,Standard Grant,GEM: Modeling and Analysis of Extreme Geomagnetically Induced Currents (GICs),"ATMOSPHERIC & SPACE TECHNOLOGY RESEARCH ASSOCIATES, L.L.C."
2121366,2021-07-15,393310,Standard Grant,Collaborative Research: Understanding the Turbulent Dynamics of Convective Bursts and Tropical Cyclone Intensification Using Large Eddy Simulations and High-Order Numerics,University of Maryland Baltimore County
2121367,2021-07-15,289005,Standard Grant,Collaborative Research: Understanding the Turbulent Dynamics of Convective Bursts and Tropical Cyclone Intensification Using Large Eddy Simulations and High-Order Numerics,New Jersey Institute of Technology
2129594,2021-07-15,702867,Standard Grant,Coupled Model Inter-comparison Project Phase-5 Weather Research and Forecasting (CMIP5-WRF) Simulations Quantifying Anthropogenic Forcing and Saharan Long-range Dust Transport,Pennsylvania State Univ University Park
2130749,2021-07-15,467069,Standard Grant,CEDAR: Evaluating the Molecular Viscosity Assumption for Gravity Waves in the Upper Thermosphere Using Ground-Based Airglow Observations,Computational Physics Inc
2131350,2021-07-15,767973,Standard Grant,"Mesosphere and Lower Thermosphere Dynamics Studies Employing the Southern Argentina Agile MEteor Radar (SAAMER), Correlative Measurements, and Modeling","GLOBAL ATMOSPHERIC TECHNOLOGIES AND SCIENCES, INC."
2102917,2021-07-16,695256,Standard Grant,"Collaborative Research:  P2C2--ICECAP (ICE age Chemistry And Proxies) Phase-4: Studying Aerosol Transport, Forcing, and Climate Feedbacks during the Common and Last Glacial Eras","Nevada System of Higher Education, Desert Research Institute"
2102918,2021-07-16,357785,Standard Grant,"Collaborative Research:  P2C2--ICECAP (ICE age Chemistry And Proxies) Phase-4: Studying Aerosol Transport, Forcing, and Climate Feedbacks during the Common and Last Glacial Eras",Georgia Tech Research Corporation
2120503,2021-07-16,238053,Standard Grant,Collaborative Research: CEDAR: Searching for the Strongest Thermospheric Wind and Highest Temperature inside Strong Thermal Emission Velocity Enhancements,University of Alabama in Huntsville
2120511,2021-07-16,320087,Standard Grant,Collaborative Research: CEDAR: Searching for the Strongest Thermospheric Wind and Highest Temperature inside Strong Thermal Emission Velocity Enhancements,University Corporation For Atmospheric Res
2114198,2021-07-20,663301,Standard Grant,Convective Cloud Urban Boundary-layer Experiment,CUNY City College
2131012,2021-07-20,599007,Standard Grant,Collaborative Research:  GEM--Radiation Belt Losses Using Combined Global Hybrid and Test Particle Simulations,Auburn University
2131013,2021-07-20,385656,Standard Grant,Collaborative Research:  GEM--Radiation Belt Losses Using Combined Global Hybrid and Test Particle Simulations,Andrews University
2102886,2021-07-21,105497,Standard Grant,Collaborative Research: P2C2--Reconstructing Tropical Cyclone Precipitation throughout the Southeastern United States,University of North Carolina at Wilmington
2102888,2021-07-21,258774,Standard Grant,Collaborative Research: P2C2--Reconstructing Tropical Cyclone Precipitation throughout the Southeastern United States,Indiana University
2102938,2021-07-21,128702,Standard Grant,Collaborative Research: P2C2--Reconstructing Tropical Cyclone Precipitation throughout the Southeastern United States,Regents of the University of Idaho
2110241,2021-07-21,400031,Standard Grant,Collaborative Research: Isotopic Fingerprinting of Nitrous Oxide Emissions from the United States Corn Belt,University of Minnesota-Twin Cities
2110430,2021-07-21,360970,Standard Grant,Collaborative Research: Isotopic Fingerprinting of Nitrous Oxide Emissions from the United States Corn Belt,University of Illinois at Urbana-Champaign
2114657,2021-07-21,190000,Fellowship Award,AGS-PRF: The Impacts of Hemispheric Moisture Transport and Atmospheric Dynamics on Millennial-Scale Arctic Hydroclimate through the Holocene,"Cluett, Allison A"
2134451,2021-07-26,247566,Standard Grant,Analysis and Prediction of Magnetospheric Plasma Energy Dynamics with the Wind Driven Magnetospheric-Ionospheric (WINDMI) Model,University of South Alabama
2140031,2021-07-27,2554800,Continuing Grant,"Community Coordinated Modeling Center: Facilitating Space Weather Research, Advancing Forecasting, and Providing Hands-On Opportunities for Education",Catholic University of America
2140598,2021-07-27,231851,Cooperative Agreement,The National Center for Atmospheric Research (NCAR) Activities Supported by the Centers for Disease Control and Prevention (CDC),University Corporation For Atmospheric Res
2123253,2021-07-29,387866,Continuing Grant,Collaborative Research: Energetic Particle Precipitation from the Magnetosphere and Effects on Ozone Dynamics in the Mesosphere and Stratosphere,University of Colorado at Boulder
2123279,2021-07-29,534010,Standard Grant,Collaborative Research: Energetic Particle Precipitation from the Magnetosphere and Effects on Ozone Dynamics in the Mesosphere and Stratosphere,SPACE SCIENCE INSTITUTE
2113324,2021-07-30,190000,Standard Grant,Collaborative Research: Mesoscale Airmasses with High Theta-E (MAHTE),Central Michigan University
2113341,2021-07-30,248795,Standard Grant,Collaborative Research: Mesoscale Airmasses with High Theta-E (MAHTE),University of Nebraska-Lincoln
2103624,2021-08-01,488466,Standard Grant,How Atmospheric Synoptic Kelvin Waves Influenced the Propagation of the Madden-Julian Oscillation (MJO),SUNY at Albany
2113076,2021-08-01,1249926,Continuing Grant,CIF: Supporting the Space Science and Engineering Center (SSEC) Portable Atmospheric Research Center (SPARC),University of Wisconsin-Madison
2114655,2021-08-01,398641,Continuing Grant,Ambient Level Hydroxyl Radical (OH) Detection Using Broadband Cavity Enhanced Absorption Spectroscopy (BBCEAS) in an Open-Path Configuration,Brigham Young University
2116186,2021-08-01,795202,Standard Grant,Understanding the Influence of Climate Change on Temperature Persistence,Colorado State University
2031999,2021-08-02,4450000,Continuing Grant,Geospace Facilities: Improving Millstone Geospace Radar Performance and Lifetime,Massachusetts Institute of Technology
2111428,2021-08-02,332689,Standard Grant,Improving Chemical Mechanisms of Reactive Nitrogen from Snowpack and Transportation in a Global Chemical Transport Model,Wayne State University
2113201,2021-08-02,468134,Continuing Grant,CIF: Storm Peak Laboratory – Facility for Research and Research Training in Atmospheric Sciences,University of Utah
2113247,2021-08-02,1222758,Continuing Grant,CIF: Mobile Atmospheric Profiling Network (MAPNet) Facility for Boundary Layer and Precipitation Investigations,University of Alabama in Huntsville
2114620,2021-08-02,1170770,Standard Grant,Sensitivity of Hurricane Intensity Change to Outflow Interactions with the Environment,University of Wisconsin-Madison
2114658,2021-08-02,190000,Fellowship Award,AGS-PRF: Big Data Analytics: Elucidation of Volatile Organic Compounds in Urban Atmosphere,"Zhao, Zixu"
2119740,2021-08-02,595996,Standard Grant,Development of a Polarimeter System for Solar Synoptic High-Sensitivity Observations,"The University Corporation, Northridge"
2144406,2021-08-02,9660,Standard Grant,"Ice Storm Risk Workshop; West Lafayette, Indiana; October 11-12, 2021",Purdue University
2101044,2021-08-03,359379,Standard Grant,HBCU-Excellence in Research: Estimate of Ground Nitrogen Dioxide (NO2) and Ozone Concentrations by Using Multiple Satellite Data and Machine Learning Techniques,Spelman College
2128443,2021-08-03,748570,Standard Grant,Collaborative Research: New Pathways to Enhanced Turbulence and Mixing via Kelvin-Helmholtz Instability Tube and Knot Dynamics,"GLOBAL ATMOSPHERIC TECHNOLOGIES AND SCIENCES, INC."
2128444,2021-08-03,458858,Standard Grant,Collaborative Research: New Pathways to Enhanced Turbulence and Mixing via Kelvin-Helmholtz Instability Tube and Knot Dynamics,University of Colorado at Boulder
2054969,2021-08-04,499999,Continuing Grant,Collaborative Research: Theoretical and observational investigations of multi-point Monin-Obukhov similarity in the convective atmospheric surface layer,Chico State Enterprises
2054983,2021-08-04,1212372,Continuing Grant,Collaborative Research: Theoretical and observational investigations of multi-point Monin-Obukhov similarity in the convective atmospheric surface layer,Clemson University
2112437,2021-08-04,453164,Standard Grant,Collaborative Research:  The Simpson Neutron Monitor Network,University of Wisconsin-River Falls
2112439,2021-08-04,1194735,Standard Grant,Collaborative Research:  The Simpson Neutron Monitor Network,University of Delaware
2112441,2021-08-04,730638,Standard Grant,Collaborative Research: The Simpson Neutron Monitor Network,University of New Hampshire
2113042,2021-08-04,1242091,Continuing Grant,AGS-CIF: A Sea-Going and Land Deployable Polarimetric (SEA-POL) Radar for the Science Community,Colorado State University
2129221,2021-08-04,156447,Standard Grant,Collaborative Research: Processes Determining the Climatology of Atmospheric Unstable Layers,SUNY at Stony Brook
2129222,2021-08-04,117746,Standard Grant,Collaborative Research: Processes Determining the Climatology of Atmospheric Unstable Layers,"GLOBAL ATMOSPHERIC TECHNOLOGIES AND SCIENCES, INC."
2129223,2021-08-04,72321,Standard Grant,Collaborative Research: Processes Determining the Climatology of Atmospheric Unstable Layers,Columbia University
2131369,2021-08-04,362310,Standard Grant,Collaborative Research: Characterizing the Cloud Formation Properties of Secondary Organic Aerosol (SOA) Formed from Aqueous Multiphase Chemical Processes,Texas A&M University
2131370,2021-08-04,195299,Standard Grant,Collaborative Research: Characterizing the Cloud Formation Properties of Secondary Organic Aerosol (SOA) Formed from Aqueous Multiphase Chemical Processes,University of North Carolina at Chapel Hill
2131371,2021-08-04,341374,Standard Grant,Collaborative Research: Characterizing the Cloud Formation Properties of Secondary Organic Aerosol (SOA) Formed from Aqueous Multiphase Chemical Processes,Purdue University
2055667,2021-08-05,846897,Standard Grant,"Continued Investigations of the Structure, Evolution, and Life Cycles of Intraseasonal Fluctuations of the North Pacific Jet Stream",University of Wisconsin-Madison
2117971,2021-08-05,224415,Standard Grant,NSF-MRI: Acquisition of a Microwave Radiometer for Arctic Atmospheric Boundary Layer Research & Education,University of Alaska Fairbanks Campus
2124993,2021-08-05,533419,Standard Grant,Precipitation and Coalescence Scavenging in Shallow Southern Ocean Clouds,University of Washington
2126098,2021-08-05,788779,Standard Grant,Impact of Surface-Cloud Coupling on Aerosol-Radiation- Cloud-Interactions for Boundary-layer Clouds over Land and Oceans,"University of Maryland, College Park"
2128345,2021-08-05,557420,Standard Grant,Meteorological Islands: How the Atmosphere Interacts with Large Individual Patches of Heterogeneity,Princeton University
2131199,2021-08-05,488406,Standard Grant,Atmospheric Lifecycle of Highly Oxygenated Multifunctional Compounds,University of California - Merced
2117389,2021-08-06,349440,Standard Grant,MRI: Acquisition of Instrumentation for Real-Time Molecular Level Measurement of Atmospheric Gas- and Particle-Phase Com pounds,University of Alabama in Huntsville
2120717,2021-08-09,190000,Fellowship Award,AGS-PRF: Establishing Causality in the Angular Momentum Budget of the Atmosphere: Insights from the Quasi-Biennial Oscillation,"Match, Aaron L"
2103776,2021-08-11,297959,Standard Grant,Collaborative Research: ELEMENTS: The LROSE Science Gateway LIDAR/RADAR Analysis In The Cloud,Colorado State University
2103785,2021-08-11,295965,Standard Grant,Collaborative Research: ELEMENTS: The LROSE Science Gateway LIDAR/RADAR Analysis In The Cloud,University Corporation For Atmospheric Res
2121632,2021-08-11,564918,Standard Grant,Advancing Understanding of Solar Flares With Microwave Imaging Spectroscopy,New Jersey Institute of Technology
2146929,2021-08-12,120391,Standard Grant,EAGER: A Closure Experiment for Radiative Boundary Layers,University of Alaska Fairbanks Campus
2147125,2021-08-12,45000,Standard Grant,RAPID: North Dakota Field Measurement Campaign to Improve Understanding of Fog Processes,University of North Dakota Main Campus
2055121,2021-08-14,959588,Standard Grant,Collaborative Research: Quantifying the Role of the Ocean Circulation in Climate Variability,Colorado State University
2055236,2021-08-14,165914,Standard Grant,Collaborative Research: Quantifying the Role of the Ocean Circulation in Climate Variability,Woods Hole Oceanographic Institution
2103013,2021-08-14,328743,Continuing Grant,"Collaborative Research: P2C2--The Changing Width of the Tropics in Past, Present and Future Climate",University of Utah
2103120,2021-08-14,346427,Continuing Grant,"Collaborative Research: P2C2--The Changing Width of the Tropics in Past, Present and Future Climate",Colorado School of Mines
2130936,2021-08-14,686966,Standard Grant,Storm-environment interactions controlling the probability of supercell tornadogenesis,North Carolina State University
2133229,2021-08-14,2903682,Standard Grant,A Community Laboratory Facility for Exploring and Sensing of Aerosol-Cloud-Drizzle Processes: The Aerosol-Cloud-Drizzle Convection Chamber,Michigan Technological University
2113070,2021-08-16,334797,Continuing Grant,CIF: Millimeter-wavelength Radar Facility for Cloud and Precipitation Research,SUNY at Stony Brook
2133837,2021-08-16,848662,Continuing Grant,Collaborative Research: Studies of ULF Waves and Support for the Magnetic Induction Coil Array (MICA),New Jersey Institute of Technology
2133897,2021-08-16,1620181,Standard Grant,Collaborative Research: Studies of ULF Waves and Support for the Magnetic Induction Coil Array (MICA),University of New Hampshire
2124489,2021-08-17,320170,Standard Grant,Collaborative Research: The role of interactions between organic components on aerosol hygroscopicity,"University of Maryland, College Park"
2124490,2021-08-17,321590,Standard Grant,Collaborative Research: The role of interactions between organic components on aerosol hygroscopicity,Pennsylvania State Univ University Park
2124491,2021-08-17,175548,Standard Grant,Collaborative Research: RUI: The role of interactions between organic components on aerosol hygroscopicity,Bucknell University
2042105,2021-08-18,190000,Fellowship Award,AGS-PRF:  Warm Rain in Complex Coastal Terrain--Improving Process-level Understanding and Model Representation,"Conrick, Robert John Cuson"
2113075,2021-08-18,601235,Continuing Grant,CIF: Mobile Rapid Scanning Radar for Enhancing Weather Radar Research and Education,University of Oklahoma Norman Campus
2128446,2021-08-18,413796,Standard Grant,International Global Atmospheric Chemistry International Project Office (IGAC-IPO) 2021-2024,University of Colorado at Boulder
2112978,2021-08-19,132755,Continuing Grant,CIF: An Ice Nucleation Cold-Stage for Research and Teaching,North Carolina State University
2132089,2021-08-19,849186,Standard Grant,Interactions between Organic Oxidation and Acid-base Chemistry during Particle Formation and Growth,Carnegie Mellon University
2109996,2021-08-22,59932,Standard Grant,Collaborative Research: Improving the representation of the Quasi-biennial Oscillation and its surface impacts in NCAR climate models,Texas A&M University Corpus Christi
2110002,2021-08-22,452419,Standard Grant,Collaborative Research: Improving the representation of the Quasi-biennial Oscillation and its surface impacts in NCAR climate models,"NorthWest Research Associates, Incorporated"
2113060,2021-08-22,1133045,Continuing Grant,CIF: Making the Pi Convection-Cloud Chamber Available to the Community for Aerosol-Cloud-Turbulence Research,Michigan Technological University
2113160,2021-08-22,529127,Continuing Grant,CIF: Single-Particle Measurements of Soot and Incandescing Aerosol,Clemson University
2055192,2021-08-23,379856,Continuing Grant,Collaborative Research: Flow Channel Control of Substorm Expansion Phase Spatial Coverage and Duration,University of California-Los Angeles
2100975,2021-08-23,79984,Standard Grant,Collaborative Research: Flow Channel Control of Substorm Expansion Phase Spatial Coverage and Duration,Trustees of Boston University
2117582,2021-08-23,989876,Standard Grant,MRI: Development of an Airborne Coronal Emission Surveyor (ACES),Smithsonian Institution Astrophysical Observatory
2117649,2021-08-24,501183,Standard Grant,MRI: Acquisition of a Chemical Ionization Mass Spectrometer for Measuring Organic Compounds at the Interfaces of Earth’s Systems,Virginia Polytechnic Institute and State University
2117844,2021-08-24,199840,Standard Grant,MRI: Acquisition of a Single Particle Soot Photometer system optimized to quantify black carbon and iron oxide aerosols,"Nevada System of Higher Education, Desert Research Institute"
2131047,2021-08-25,49999,Standard Grant,Simulating Space Weather Extremes: A Workshop to Identify Research Needs to Improve Power Grid Resilience to Geomagnetic Activity; Fall 2021 in Washington DC,"ATMOSPHERIC & SPACE TECHNOLOGY RESEARCH ASSOCIATES, L.L.C."
2140933,2021-08-25,347266,Standard Grant,GEM: Quantifying the Role of Radial Diffusion on the Energy-dependent Acceleration of Ultrarelativistic Electrons in the Center of Outer Radiation Belt,Auburn University
2117975,2021-08-27,1334481,Standard Grant,MRI: Acquisition of a Hawaii Statewide Mesonet,University of Hawaii
2020462,2021-09-01,3634406,Continuing Grant,"Collaborative Research: Propagation, Evolution and Rotation in Linear Storms (PERiLS)",University of Illinois at Urbana-Champaign
2020588,2021-09-01,545151,Continuing Grant,"Collaborative Research: Propagation, Evolution and Rotation in Linear Storms (PERiLS)",North Carolina State University
2113207,2021-09-01,747246,Continuing Grant,CIF: Community Instruments and Facilities: Mobile and Quickly Deployable Radars,University of Illinois at Urbana-Champaign
2113995,2021-09-01,1319548,Continuing Grant,Collaborative Research: WINTRE-MIX:  Winter Precipitation Type Research Multi-scale Experiment,SUNY at Albany
2114006,2021-09-01,507753,Continuing Grant,Collaborative Research: WINTRE-MIX:  Winter Precipitation Type Research Multi-scale Experiment,University of Wyoming
2114011,2021-09-01,1827602,Continuing Grant,Collaborative Research: WINTRE-MIX:  Winter Precipitation Type Research Multi-scale Experiment,University of Colorado at Boulder
2146763,2021-09-02,99999,Standard Grant,Second Workshop to Promote Educating the Next Generation of Atmospheric Scientists for Industry Needs,SUNY at Albany
2140934,2021-09-03,383200,Standard Grant,GEM: Multipoint Observations and Global Modeling of Energetic Particle Deep Penetration into the Low L Region of Earth's Inner Magnetosphere,Auburn University
2123372,2021-09-08,190000,Fellowship Award,AGS-PRF: Leveraging High-Resolution Modeling and Dynamical Theory to Elucidate Changes in Extreme Precipitation in a Monsoonal Regime,"Smyth, Jane E"
2019625,2021-09-09,25000000,Cooperative Agreement,STC: Center for Learning the Earth with Artificial Intelligence and Physics (LEAP),Columbia University
2139216,2021-09-10,717585,Contract Interagency Agreement,Naval Postgraduate School (NPS) CIRPAS Twin Otter Support of the NSF Sundowner Winds Experiment (SWEX),Naval Postgraduate School
2131914,2021-09-20,12136232,Continuing Grant,Mid-scale RI-1 (M1:IP): Atmospheric Science and Chemistry mEasurement NeTwork (ASCENT),Georgia Tech Research Corporation
2137351,2021-11-02,324827,Standard Grant,Mesoscale to Microscale Coupling Using Continuous Eddy Simulation,University of Wyoming
2201828,2021-11-02,275000,Standard Grant,EAGER: A Vertical Wind Tunnel for Determination of Scavenging Efficacy and Hydrometeor Physics,University of Tennessee Knoxville
2124496,2021-11-03,920171,Standard Grant,"Convection, Clouds and Sea Surface Temperature",University of Washington
2153239,2021-11-03,199628,Standard Grant,EAGER: Develop Robust Light-Scattering Computational Capability Based on the Method of Separation of Variables in Spheroidal Coordinates for Small-to-Large Spheroids,Texas A&M University
2203248,2021-11-03,274673,Standard Grant,EAGER: Impacts of Fundamental Understanding of Atmospheric Energetics and Non-local Eddies on Frontier Atmospheric Research,"NorthWest Research Associates, Incorporated"
2128409,2021-11-04,341245,Standard Grant,Variable Resolution Modeling of the Large-Scale Atmospheric Circulation Response to North Atlantic Sea-Surface Temperature (SST) Anomalies,University of Washington
2203165,2021-11-04,294554,Standard Grant,"EAGER: Coronas, Hydrogen Oxides, and Ozone Produced in the Atmosphere by Trees under Thunderstorms and by High Voltage Electrical Power Transmission Lines",Pennsylvania State Univ University Park
2136161,2021-11-08,655096,Continuing Grant,Hybrid Ensemble Variational Analysis of Polarimetric Radar Data to Improve Microphysical Parameterization and Short-term Weather Prediction,University of Oklahoma Norman Campus
2129576,2021-11-09,310789,Standard Grant,Explaining the Surprising Simplicity of Continental Evapotranspiration,Harvard University
2136969,2021-11-16,413677,Standard Grant,Online Uncertainty Quantification for Novel Atmospheric Measurements,"University of Maryland, College Park"
2141492,2021-11-16,390804,Standard Grant,Atmospheric Lakes of Vapor Drifting Over the East Coast of Africa,University of Miami
2145253,2021-11-16,842846,Continuing Grant,CAREER: Novel Data-Based Magnetohydrodynamic Simulations of Solar Eruptions,New Jersey Institute of Technology
2152015,2021-11-17,49995,Standard Grant,"The Ham Radio Science Citizen Investigation (HamSCI) 2022 Workshop; Scranton, Pennsylvania; March 18-19, 2022",University of Scranton
2129833,2021-11-18,224940,Standard Grant,Collaborative Research: Laboratory Studies of the Role of Organic Peroxy Radicals (RO2) Chemistry on the Evolution of Atmospheric Organic Carbon,Aerodyne Research Inc
2129835,2021-11-18,582732,Standard Grant,Collaborative Research: Laboratory Studies of the Role of Organic Peroxy Radicals (RO2) Chemistry on the Evolution of Atmospheric Organic Carbon,Massachusetts Institute of Technology
2140281,2021-11-18,434861,Standard Grant,Mechanism and Impacts of Intensifying Madden-Julian Oscillations,Yale University
2142430,2021-11-18,541637,Continuing Grant,CAREER: Furthering Our Understanding of Fast Magnetic Reconnection in the Geospace Environment — from Electron-only Reconnection to Turbulent Reconnection,Dartmouth College
2127684,2021-11-30,946792,Standard Grant,Changes in Impacts-relevant Climate in the World’s Mediterranean Climate Regions: A Mechanisms-based Investigation of Atmosphere-Ocean-Land Processes Across Seasons,Columbia University
2123327,2021-12-01,682038,Standard Grant,How Do Energy Fluxes Link Precipitation Variability across the Tropical Weather-Climate Continuum?,Princeton University
2152109,2021-12-07,649900,Standard Grant,"An Integrated Project on Arecibo Incoherent Scatter Radar Data Processing, Archiving and Investigation of Ionosphere Dynamics, Energetics and Composition",Miami University
2140204,2021-12-09,640665,Continuing Grant,"CAREER: Self-Consistent Density Estimates from Accelerometers for Improved Understanding, Modeling, and Forecasting of Upper Atmosphere Variability",West Virginia University Research Corporation
2146708,2021-12-16,320688,Standard Grant,Collaborative Research: Convective Upscale Growth Processes during RELAMPAGO,University of Wisconsin-Madison
2146709,2021-12-16,459465,Standard Grant,Collaborative Research: Convective Upscale Growth Processes during RELAMPAGO,Colorado State University
2146710,2021-12-16,479495,Standard Grant,Collaborative Research: Convective Upscale Growth Processes during RELAMPAGO,University of Washington
2139916,2022-01-03,598956,Standard Grant,D-Region Ionosphere Inferred Maps of Electron-density (DRIIME),Georgia Tech Research Corporation
2149483,2022-01-03,363521,Standard Grant,CEDAR: Characteristics of Front Like Structures in Polar Mesospheric Clouds,Virginia Polytechnic Institute and State University
2139809,2022-01-07,199666,Continuing Grant,Collaborative Research:  Sublimation of Snow (SOS),Aspen Global Change Institute
2139836,2022-01-07,470573,Continuing Grant,Collaborative Research:  Sublimation of Snow (SOS),University of Washington
2144942,2022-01-10,767072,Interagency Agreement,CAREER: Physical Mechanisms and Operational Effects of Ionospheric Interference on Unencrypted Navigation Solution Parameters,W1FB US MILITARY ACADEMY
2210319,2022-01-14,466355,Standard Grant,GEM: Particle Acceleration by Foreshock Transients,University of California-Los Angeles
2131749,2022-01-19,190000,Fellowship Award,AGS-PRF: Hydroclimate Response of the Southwestern United States (US) to Past and Future Atlantic Meridional Overturning Circulation (AMOC) Weakening,"Macarewich, Sophia Isabel"
2143664,2022-01-20,549444,Continuing Grant,CAREER: Multi-Scalar Transport and Similarity in the Urban Boundary Layer,Cornell University
2146262,2022-01-21,651653,Continuing Grant,CAREER: Variability of Severe Convective Storm Mode and Hazards as a Function of Environment and Pre-convective Updraft Forcing,Purdue University
2146520,2022-01-21,600000,Continuing Grant,CAREER: CONIFER: Role of Canopy Turbulence in Wildland Fire Behavior,University of California-Irvine
2207157,2022-01-21,25000,Standard Grant,"Space Weather Workshop; Boulder, Colorado; April 25–29, 2022",University Corporation For Atmospheric Res
2131084,2022-01-24,126091,Standard Grant,Collaborative Research: A Nitrate Radical Oxidation Flow Reactor: Development and Use in Laboratory and Field Studies,Yale University
2131368,2022-01-24,214924,Standard Grant,Collaborative Research: A Nitrate Radical Oxidation Flow Reactor: Development and Use in Laboratory and Field Studies,Aerodyne Research Inc
2131458,2022-01-24,334376,Standard Grant,Collaborative Research: A Nitrate Radical Oxidation Flow Reactor: Development and Use in Laboratory and Field Studies,Georgia Tech Research Corporation
2147781,2022-01-28,441342,Standard Grant,"Collaborative Research: Evaluating the Past and Future of Mississippi River Hydroclimatology to Constrain Risk via Integrated Climate Modeling, Observations, and Reconstructions",William Marsh Rice University
2147782,2022-01-28,284111,Standard Grant,"Collaborative Research: Evaluating the Past and Future of Mississippi River Hydroclimatology to Constrain Risk via Integrated Climate Modeling, Observations, and Reconstructions",Northeastern University
2148115,2022-01-28,233500,Standard Grant,Space Weather Roundtable,National Academy of Sciences
2202035,2022-01-28,500000,Standard Grant,Decadal Survey for Solar and Space Physics 2024-2033,National Academy of Sciences
2144324,2022-01-31,616456,Continuing Grant,CAREER:  Particle Acceleration and Transport in the Solar Corona,University of Alabama in Huntsville
2139316,2022-02-01,597574,Standard Grant,"Collaborative Research: Interactions of Urban Systems with Storms and Heatwaves, and Resulting Impacts",University of Illinois at Urbana-Champaign
2143276,2022-02-02,425395,Standard Grant,CAREER: Understanding Low-cloud Feedbacks Using Large-eddy Simulation of Spatially Developing Cloud Transitions,University of Connecticut
2152537,2022-02-02,320846,Standard Grant,The Vorticity Dynamics of Tornadoes: Formation and Maintenance Mechanisms,Texas Tech University
2154523,2022-02-02,974298,Standard Grant,Quantifying Sources and Sinks of Rossby Wave Activity in the Atmosphere,University of Chicago
2133183,2022-02-03,298825,Standard Grant,Collaborative Research: Coastal Cloud Chemistry during the Eastern Pacific Cloud Aerosol Precipitation Experiment (EPCAPE-CCC),North Carolina State University
2133424,2022-02-03,291231,Standard Grant,Collaborative Research: Coastal Cloud Chemistry during the Eastern Pacific Cloud Aerosol Precipitation Experiment (EPCAPE-CCC),University of California-Los Angeles
2133441,2022-02-03,522605,Standard Grant,Collaborative Research: Coastal Cloud Chemistry during the Eastern Pacific Cloud Aerosol Precipitation Experiment (EPCAPE-CCC),University of California-San Diego Scripps Inst of Oceanography
2142982,2022-02-03,763930,Continuing Grant,CAREER: Advancing the Understanding of Turbulence-Microphysics Interactions in Clouds Through Multiscale Numerical Modeling,University of Oklahoma Norman Campus
2217461,2022-02-04,440005,Standard Grant,CEDAR: Downward Progression of Temperature Anomalies during Sudden Stratospheric Warmings,University of Colorado at Boulder
2134961,2022-02-08,696113,Standard Grant,Atmospheric Reactive Gases and Particles Generated by Electrical Discharges: Laboratory and Modeling Studies,Pennsylvania State Univ University Park
2135749,2022-02-08,616131,Standard Grant,Relational Metrics to Evaluate Chemistry-Transport and Chemistry-Climate Models,University of California-Irvine
2201767,2022-02-08,416660,Continuing Grant,A Statistical Study of Coronal Holes and Active Regions Producing Intense Geomagnetic Storms over Four Solar Cycles,Smithsonian Institution Astrophysical Observatory
2140419,2022-02-15,644561,Standard Grant,"CAREER: Convective Aggregation and the Hydrological Cycle, Cloud Feedbacks, and Climate Sensitivity",Florida State University
2143550,2022-02-15,696515,Standard Grant,CAREER: Space-time Variations in the Pace of Surface Temperature Change,University of California-Santa Cruz
2134617,2022-02-16,582172,Standard Grant,The Development of Optical Classification Models for Ambient Aerosols Using Machine Learning,University of Georgia Research Foundation Inc
2139848,2022-02-16,667306,Standard Grant,Atmospheric Chemistry of Methylated Selenium Compounds and Physicochemical Properties of the Resulting Aerosols,University of California-Riverside
2218009,2022-02-17,200000,Standard Grant,RAPID: Sustained Air Quality Impacts of the Marshall Fire in Boulder County,University of Colorado at Boulder
2150792,2022-02-18,1114048,Standard Grant,"Collaborative Research: Improving Our Understanding of Supercells from Convection Initiation to Tornadogenesis via Innovative Observations, Simulations, and Analysis Techniques",Pennsylvania State Univ University Park
2150793,2022-02-18,62837,Standard Grant,"Collaborative Research: Improving Our Understanding of Supercells from Convection Initiation to Tornadogenesis via Innovative Observations, Simulations, and Analysis Techniques",University of Oklahoma Norman Campus
2152233,2022-02-18,417085,Standard Grant,Radiative Cooling and Homogeneous Droplet Freezing in Laboratory Clouds,University of Illinois at Urbana-Champaign
2216819,2022-02-18,22944,Standard Grant,"Conference Support for the Twentieth (20th) International Beacon Satellite Symposium; Chestnut Hill, Massachusetts; August 1-5, 2022",Boston College
2141467,2022-02-23,533747,Standard Grant,How Will Post-Landfall Tropical Cyclone Intensity and Impacts Respond to Climate Change?,North Carolina State University
2145502,2022-02-23,899463,Continuing Grant,CAREER: Quantifying the Sea Salt Aerosol Size Distribution in the Coastal Atmosphere: The Role of Wind and Waves,University of Hawaii
2148567,2022-02-23,486069,Standard Grant,"Rossby Wave Breaking Archetypal Patterns, Processes and Projected Changes from the 20th (twentieth) to the 21st (twenty-first) Century",Pennsylvania State Univ University Park
2202991,2022-02-23,792469,Standard Grant,Understanding How Latent Heat Release and Cloud Radiative Effects Shape Jet Variability and Jet Shifts Under Climate Change,University of California-San Diego Scripps Inst of Oceanography
2214901,2022-02-24,50000,Standard Grant,"American Geophysical Union (AGU) Chapman Conference on Climate and Health in Africa; Washington, District of Columbia; June 7-10, 2022",American Geophysical Union
2135218,2022-02-25,532742,Standard Grant,Understanding the Fate of Plastic Additives in Marine Aerosol Mimics,University of California-San Diego
2218241,2022-02-25,35000,Standard Grant,"The Tenth (10th) International GEOS-Chem Meeting (IGC10); Saint Louis, Missouri; June 7-10, 2022",Harvard University
2211345,2022-02-28,250059,Standard Grant,EAGER: Machine Learning and Data Assimilation for Discovery of Generalized Fokker-Planck Equation for Radiation Belt Modeling,University of California-Los Angeles
2144062,2022-03-03,699685,Continuing Grant,CAREER: Toward Improved Parameterizations of Brown Carbon in Wildland-Fire Emissions,University of Georgia Research Foundation Inc
2152365,2022-03-03,2000884,Continuing Grant,Studies of Atmospheric Processes Using Imaging Science Techniques,Trustees of Boston University
2154653,2022-03-03,747423,Standard Grant,"The True Relationship between ""Precursor"" Phenomena, Magnetic Topology, and Solar Energetic Events","NorthWest Research Associates, Incorporated"
2144005,2022-03-08,679430,Continuing Grant,CAREER: Exploring the Physical and Chemical Properties of Light-Absorbing Aerosol:  A Single Particle Approach,University of California-Riverside
2144896,2022-03-08,799154,Continuing Grant,CAREER: Emissions and Chemical Impacts of Atmospheric Volatile Organic Compounds (VOCs) from Western United States Wildfires,University of Montana
2203319,2022-03-08,287335,Standard Grant,Collaborative Research: Electron Heat Flux Regulation in the Solar Wind,University of California-Berkeley
2203321,2022-03-08,426760,Standard Grant,Collaborative Research: Electron Heat Flux Regulation in the Solar Wind,"University of Maryland, College Park"
2137238,2022-03-10,190000,Fellowship Award,AGS-PRF: Contribution of Oxygenated Volatile Organic Compounds (VOCs) from Chlorine Chemistry to Arctic Aerosol Production,"Kenagy, Hannah S"
2147399,2022-03-10,620904,Standard Grant,Numerical Modeling of Reconnection-Generated Transients in the Solar Corona,University of California-Berkeley
2204363,2022-03-10,527129,Standard Grant,Combining Physics and Machine Learning-based Models for Full-Energy-Range Solar Energetic Particles Events Prediction,Utah State University
2204474,2022-03-10,263928,Standard Grant,Collaborative Research: EAGER--Novel Sampling and Isotopic Characterization of Upper Strato- to Mesospheric Photochemistry,University of California-San Diego
2204475,2022-03-10,36071,Standard Grant,Collaborative Research: EAGER--Novel Sampling and Isotopic Characterization of Upper Strato- to Mesospheric Photochemistry,Harvard University
2052633,2022-03-17,190000,Fellowship Award,AGS-PRF: Resolving High-Resolution Paleoclimate Variability in Subarctic Canada across the Mid Pleistocene Transition and Interglacial Periods of the Last 1.5 Ma,"Batchelor, Cameron J"
2151806,2022-03-21,191857,Standard Grant,Collaborative Research: Multiparametric Analyses of Volcanic Aerosols and the Effects on Lightning Generation,University of Alabama Tuscaloosa
2151807,2022-03-21,300675,Standard Grant,Collaborative Research: Multiparametric Analyses of Volcanic Aerosols and the Effects on Lightning Generation,University of Alabama in Huntsville
2221974,2022-03-21,60997,Standard Grant,Collaborative Research: RAPID--The Influence of Terrain on Tornado Characteristics Following the 10-11 December 2021 Tornado Outbreak,University of Nebraska-Lincoln
2221975,2022-03-21,40951,Standard Grant,Collaborative Research: RAPID--The Influence of Terrain on Tornado Characteristics Following the 10-11 December 2021 Tornado Outbreak,University of Georgia Research Foundation Inc
2221976,2022-03-21,35000,Standard Grant,Collaborative Research: RAPID--The Influence of Terrain on Tornado Characteristics Following the 10-11 December 2021 Tornado Outbreak,University of Illinois at Urbana-Champaign
2221977,2022-03-21,35095,Standard Grant,Collaborative Research: RAPID--The Influence of Terrain on Tornado Characteristics Following the 10-11 December 2021 Tornado Outbreak,University of North Carolina at Asheville
2213598,2022-03-22,30130,Standard Grant,"Gordon Research Conference (GRC) on Biogenic Hydrocarbons and the Atmosphere Bridging Ecology, Chemistry and Climate; Ventura, California; June 12-17, 2022",Gordon Research Conferences
2201441,2022-04-13,190000,Fellowship Award,AGS-PRF: A Theoretical Framework to Investigate the Madden Julian Oscillation-Quasi Biennial Oscillation (MJO-QBO) Relationship--Upward Wave Radiation and Thin-Cirrus Feedbacks,"Lin, Jonathan"
2141728,2022-04-14,718487,Standard Grant,CAREER: Understanding the Local and Remote Drivers of Regional Climate Change,University of Hawaii
2140235,2022-04-18,505233,Standard Grant,Observing and Modeling the Upper-Troposphere-Lower-Stratosphere Moistening Processes across Scales,Indiana University
2202766,2022-04-21,372445,Continuing Grant,Collaborative Research: On the Intensity and Size Relationship of Tropical Cyclones,"University of Maryland, College Park"
2202875,2022-04-21,701663,Continuing Grant,Collaborative Research: On the Intensity and Size Relationship of Tropical Cyclones,Florida State University
2149695,2022-04-22,523833,Standard Grant,Collaborative Research: ANSWERS: Impacts of Atmospheric Waves and Geomagnetic Disturbances on Quiet-time and Storm-time Space Weather,Clemson University
2149696,2022-04-22,71063,Standard Grant,Collaborative Research: ANSWERS: Impacts of Atmospheric Waves and Geomagnetic Disturbances on Quiet-time and Storm-time Space Weather,Embry-Riddle Aeronautical University
2149697,2022-04-22,92983,Standard Grant,Collaborative Research: ANSWERS: Impacts of Atmospheric Waves and Geomagnetic Disturbances on Quiet-time and Storm-time Space Weather,Virginia Polytechnic Institute and State University
2149698,2022-04-22,212120,Standard Grant,Collaborative Research: ANSWERS: Impacts of Atmospheric Waves and Geomagnetic Disturbances on Quiet-time and Storm-time Space Weather,Massachusetts Institute of Technology
2149747,2022-04-22,539988,Standard Grant,"Collaborative Research: ANSWERS: Prediction of Geoeffective Solar Eruptions,  Geomagnetic Indices, and Thermospheric Density Using Machine Learning Methods",Rutgers University New Brunswick
2149748,2022-04-22,314692,Standard Grant,"Collaborative Research: ANSWERS: Prediction of Geoeffective Solar Eruptions,  Geomagnetic Indices, and Thermospheric Density Using Machine Learning Methods",New Jersey Institute of Technology
2149750,2022-04-22,44947,Standard Grant,"Collaborative Research: ANSWERS: Prediction of Geoeffective Solar Eruptions,  Geomagnetic Indices, and Thermospheric Density Using Machine Learning Methods",Montclair State University
2149771,2022-04-22,2301264,Continuing Grant,ANSWERS: Understanding and Forecasting Solar Energetic Particles in the Inner Solar System and Earth's Magnetosphere,University of Alabama in Huntsville
2149779,2022-04-22,1627940,Continuing Grant,Collaborative Research: ANSWERS: Ion-Neutral Coupling in Geospace and its Impact on Space Weather,West Virginia University Research Corporation
2149780,2022-04-22,463797,Continuing Grant,Collaborative Research: ANSWERS: Ion-Neutral Coupling in Geospace and its Impact on Space Weather,University of Texas at Arlington
2149781,2022-04-22,232277,Continuing Grant,Collaborative Research: ANSWERS: Ion-Neutral Coupling in Geospace and its Impact on Space Weather,Bay Area Environmental Research Institute
2149782,2022-04-22,1704252,Continuing Grant,"Collaborative Research: ANSWERS: The Satellite Surface Charging Observatory for Prediction, Understanding, Learning, and Industry",University of California-Los Angeles
2149783,2022-04-22,503919,Continuing Grant,"Collaborative Research: ANSWERS: The Satellite Surface Charging Observatory for Prediction, Understanding, Learning, and Industry",University of Colorado at Boulder
2149787,2022-04-22,899669,Standard Grant,ANSWERS: Dynamics and Impacts of Electrons and Ions in the Earth’s Magnetosphere-Ionosphere System,Princeton University
2149809,2022-04-22,1229153,Continuing Grant,"Collaborative Research: ANSWERS: Solar Energetic Particles, Solar Neutrons, and a New Space Weather Facility in Hawaii",University of Hawaii
2149810,2022-04-22,364987,Continuing Grant,"Collaborative Research: ANSWERS: Solar Energetic Particles, Solar Neutrons, and a New Space Weather Facility in Hawaii",University of Arizona
2149811,2022-04-22,665884,Continuing Grant,"Collaborative Research: ANSWERS: Solar Energetic Particles, Solar Neutrons, and a New Space Weather Facility in Hawaii",University of New Hampshire
2147747,2022-04-25,457778,Standard Grant,"New Particle Formation in the Marine Boundary Layer: The Frequency, Mechanism, and Impact on Cloud Condensation Nuclei",Washington University
2203610,2022-04-27,453861,Standard Grant,"Turbulence in the Long-lived, Very Stable Atmospheric Boundary Layer",University of Pittsburgh
2151093,2022-05-02,677961,Standard Grant,Constraining the Direct Radiative Forcing of Desert Dust,University of California-Los Angeles
2202913,2022-05-02,495062,Standard Grant,"P2C2: Testing Interpretations of the Oxygen Isotopic Composition of Asian Cave Calcite at Abrupt, Millennial, and Orbital Timescales",University of Minnesota-Twin Cities
2227037,2022-05-03,164949,Standard Grant,"EAGER: Ideas Lab on Geomagnetically Induced Currents; Golden, Colorado; Mid to Late September 2022",University Corporation For Atmospheric Res
2228004,2022-05-03,130280,Standard Grant,RAPID: 2018 Hurricane Season -- Assessing the Role of Antecedent Land State on Hurricane Post-landfall Rainfall,University of Texas at Austin
2224243,2022-05-05,45000,Standard Grant,"2022 Graduate Climate Conference (GCC); Eatonville, Washington; October 28-30, 2022",University of Washington
2202772,2022-05-06,313105,Standard Grant,High Spatial Resolution Assessment of the Speleothem Magnetization Proxy,Harvard University
2208205,2022-05-06,399852,Standard Grant,Modeling Studies of Transitions from Slow to Fast Tropical Cyclone Intensification,"NorthWest Research Associates, Incorporated"
2150194,2022-05-09,388259,Standard Grant,REU Site: Atmospheric Measurements and Data Analysis at Hampton University,Hampton University
2200531,2022-05-09,108323,Standard Grant,HBCU-Excellence in Research: Urban Atmospheric Measurements and City-Scale Radiative Effects,North Carolina Central University
2202113,2022-05-09,1045206,Standard Grant,AGS-FIRP Track 3: Methane Emissions Quantification at Scales from 20m to 200km Using the MethaneAIR Imaging Spectrometer on the NSF Gulfstream-V (MAIR-E),Harvard University
2202783,2022-05-10,313387,Standard Grant,Collaborative Research:  P2C2--Assessing Climate and Stochastic Forcing of North Atlantic Tropical Cyclone Activity over the Past Millennium,William Marsh Rice University
2202784,2022-05-10,126436,Standard Grant,Collaborative Research:  P2C2--Assessing Climate and Stochastic Forcing of North Atlantic Tropical Cyclone Activity over the Past Millennium,Princeton University
2202785,2022-05-10,76532,Standard Grant,Collaborative Research:  P2C2--Assessing Climate and Stochastic Forcing of North Atlantic Tropical Cyclone Activity over the Past Millennium,Massachusetts Institute of Technology
2147893,2022-05-18,660762,Standard Grant,Collaborative Research: Atmospheric Chlorine Oxidation of Hydrocarbons Emitted from the North Slope of Alaska Oil Fields,Regents of the University of Michigan - Ann Arbor
2148439,2022-05-18,120981,Standard Grant,Collaborative Research: Atmospheric Chlorine Oxidation of Hydrocarbons Emitted from the North Slope of Alaska Oil Fields,Aerodyne Research Inc
2132296,2022-05-24,190000,Fellowship Award,AGS-PRF: Evaluating the Changing Role of Monoterpenes in Regulating Atmospheric Reactive Nitrogen Budgets,"Kenseth, Christopher M"
2202919,2022-05-26,318549,Standard Grant,Collaborative Research:  P2C2--Paleowind Synthesis of Models and Data to Constrain the Response of Extratropical Atmospheric Circulation to External Forcing,University of Illinois at Urbana-Champaign
2202920,2022-05-26,111643,Standard Grant,Collaborative Research:  P2C2--Paleowind Synthesis of Models and Data to Constrain the Response of Extratropical Atmospheric Circulation to External Forcing,University of Hawaii
2213849,2022-05-26,8653217,Continuing Grant,Frontier Research at the Jicamarca Radio Observatory,Cornell University
2150055,2022-05-31,154299,Standard Grant,REU Site: Advancing Space Sciences through Undergraduate Research Experiences (ASSURE),University of California-Berkeley
2153486,2022-05-31,784389,Standard Grant,"Aerosol-Atmosphere-Ocean Interactions: Responses, Mechanisms and Feedbacks in the North Atlantic",University of California-Riverside
2202812,2022-05-31,622435,Standard Grant,Stratosphere-troposphere Exchange of Ozone and its Changes in the Future,University of Washington
2210179,2022-05-31,747029,Standard Grant,Observational Evaluation of the Effects of Atmospheric Temperature and Turbulence on Hydrometeor Fallspeed,University of Utah
2229584,2022-05-31,34846,Standard Grant,"Conference Support for the 60th Anniversary Workshop at the Jicamarca Radio Observatory; Lima, Peru; July 25-27, 2022",Cornell University
2146187,2022-06-01,490643,Standard Grant,Aeronomy Research Using Ionospheric Modifications,Cornell University
2202400,2022-06-01,195264,Standard Grant,Collaborative Research: P2C2--Reconstructing Southern Rocky Mountains Warm Season Temperature for the Past 2000 Years,Northern Arizona University
2202406,2022-06-01,271417,Standard Grant,Collaborative Research: P2C2--Reconstructing Southern Rocky Mountains Warm Season Temperature for the Past 2000 Years,University of Arizona
2202857,2022-06-01,400335,Standard Grant,Collaborative Research: P2C2--Extending Tree-Ring Based Reconstructions of Atlantic Gulf Basin Hydroclimate over the Common Era Using Old-Growth Sinker Wood,University of Arizona
2202858,2022-06-01,116659,Standard Grant,Collaborative Research: P2C2--Extending Tree-Ring Based Reconstructions of Atlantic Gulf Basin Hydroclimate over the Common Era Using Old-Growth Sinker Wood,University of Alabama Tuscaloosa
2203052,2022-06-01,662839,Standard Grant,Collaborative Research: P2C2--Paleoaridity Shifts in a Regional Climatological Hotspot During Abrupt Global Change Events: An Observation-Model Approach,University of Texas at Austin
2203053,2022-06-01,73225,Standard Grant,Collaborative Research: P2C2--Paleoaridity Shifts in a Regional Climatological Hotspot During Abrupt Global Change Events: An Observation-Model Approach,William Marsh Rice University
2228923,2022-06-01,265478,Standard Grant,EAGER: Exploring Applications of Graph Theory for Improved Understanding and Predictability of Atmospheric Chemistry,University of Southern California
2202999,2022-06-02,359865,Standard Grant,Collaborative Research: P2C2--Constraining Cloud and Convective Parameterizations Using Paleoclimate Data Assimilation,William Paterson University
2203000,2022-06-02,260330,Standard Grant,Collaborative Research: P2C2--Constraining Cloud and Convective Parameterizations Using Paleoclimate Data Assimilation,University of Arizona
2203001,2022-06-02,255959,Standard Grant,Collaborative Research: P2C2--Constraining Cloud and Convective Parameterizations Using Paleoclimate Data Assimilation,Columbia University
2211307,2022-06-02,316835,Standard Grant,Collaborative Research: Understanding Tropical Cyclone Energetics and Intensification in Environmental Vertical Wind Shear,Florida International University
2211308,2022-06-02,229890,Standard Grant,Collaborative Research: Understanding Tropical Cyclone Energetics and Intensification in Environmental Vertical Wind Shear,University of Miami
2207026,2022-06-03,325080,Standard Grant,Collaborative Research: Dust Entrainment Processes by Convective Vortices and Localized Turbulent Structures: Experimental and Numerical Study,University of Illinois at Urbana-Champaign
2207115,2022-06-03,331622,Standard Grant,Collaborative Research: Dust Entrainment Processes by Convective Vortices and Localized Turbulent Structures: Experimental and Numerical Study,Arizona State University
2219639,2022-06-03,376915,Standard Grant,"Collaborative Research: Quantifying the Global Electric Circuit by Data Mining of Electric Field and Radar Observations from Ground Based, Airborne and Satellite Platforms",Texas A&M University Corpus Christi
2219643,2022-06-03,139000,Standard Grant,"Collaborative Research: Quantifying the Global Electric Circuit by Data Mining of Electric Field and Radar Observations from Ground Based, Airborne and Satellite Platforms",University of Colorado at Boulder
2219663,2022-06-03,17368,Standard Grant,"Collaborative Research: Quantifying the Global Electric Circuit by Data Mining of Electric Field and Radar Observations from Ground Based, Airborne and Satellite Platforms",Universities Space Research Association
2155192,2022-06-05,559027,Continuing Grant,Collaborative Research: Understanding the Drivers and Air-quality Implications of Marine Gas-phase Emissions in Urban Coastal Regions,University of California-Riverside
2155193,2022-06-05,88421,Continuing Grant,Collaborative Research: Understanding the Drivers and Air-quality Implications of Marine Gas-phase Emissions in Urban Coastal Regions,University of Colorado at Boulder
2155194,2022-06-05,696692,Continuing Grant,Collaborative Research: Understanding the Drivers and Air-quality Implications of Marine Gas-phase Emissions in Urban Coastal Regions,University of California-San Diego Scripps Inst of Oceanography
2210757,2022-06-05,396217,Standard Grant,"Using Hothouse Climates to Generalize Understanding of Convection, Clouds, and Circulation",Harvard University
2214697,2022-06-07,741498,Standard Grant,Diagnose and Understand the Mechanisms behind Warm Season Extreme Weather over Central and Intermountain United States,University of California-Los Angeles
2149353,2022-06-08,408606,Standard Grant,Collaborative Research: Understanding Downdrafts in Deep Convection,Pennsylvania State Univ University Park
2149354,2022-06-08,375539,Continuing Grant,Collaborative Research: Understanding Downdrafts in Deep Convection,Texas A&M University
2149355,2022-06-08,94210,Continuing Grant,Collaborative Research: Understanding Downdrafts in Deep Convection,Columbia University
2206655,2022-06-14,941275,Standard Grant,Evolution in Secondary Organic Aerosol Formation in Urban Atmosphere,University of Colorado at Boulder
2206996,2022-06-14,633673,Standard Grant,Collaborative Research: Atmospheric Ridging over Western North America in Current and Future Climates,Washington State University
2206997,2022-06-14,255147,Standard Grant,Collaborative Research: Atmospheric Ridging over Western North America in Current and Future Climates,Portland State University
2207179,2022-06-14,533186,Standard Grant,The Governing Dynamics and Predictability of Recurving Eastern North Pacific Tropical Cyclones,SUNY at Albany
2209052,2022-06-14,450135,Standard Grant,Collaborative Research: Combining Self-organized Maps and Idealized Storm-scale Simulations to Investigate the Effect of Future Climate Change on Severe Convective Storms,Purdue University
2209699,2022-06-14,423391,Standard Grant,Collaborative Research: Combining Self-organized Maps and Idealized Storm-scale Simulations to Investigate the Effect of Future Climate Change on Severe Convective Storms,University of Washington
2201246,2022-06-16,1110908,Interagency Agreement,"Continued Fundamental Studies on Secondary Eyewall Formation, Contraction and Dissipation",Naval Postgraduate School
2226078,2022-06-16,1265342,Standard Grant,Upgrading the Jicamarca Radio Observatory,Cornell University
2230778,2022-06-21,201993,Standard Grant,EAGER: Observing Extreme Fire Behavior in Canyons,San Jose State University Foundation
2231695,2022-06-21,176735,Standard Grant,EAGER: Progressive Derecho Initiation and Propagation in Specific Physical Corridors as Determined by Mesoscale D-PSI Vectors,"Nevada System of Higher Education, Desert Research Institute"
2150432,2022-06-23,590500,Standard Grant,REU Site: Research Experiences for Undergraduates in Satellite and Ground-Based Remote Sensing at NOAA-CESSRST--Enhanced Engagement,CUNY New York City College of Technology
2202663,2022-06-23,654880,Standard Grant,P2C2: Tropical Pacific Influences on Atmospheric Blocking across Climates,University of Hawaii
2225463,2022-06-23,597105,Standard Grant,GEM: Explorative Global-To Kinetic-Scale Modeling of Collisionless Shocks Using Physics-Informed Data Mining and Machine Learning,Johns Hopkins University
2225613,2022-06-23,586504,Standard Grant,GEM: Quantifying Radiation Belt Losses and Their Effects on the Atmosphere,University of Iowa
2224986,2022-06-24,643143,Standard Grant,Revisiting the Stormtime Magnetosphere-Ionosphere Coupling: Enhancement of the Dawnside Auroral Electrojet,Johns Hopkins University
2225121,2022-06-24,484823,Standard Grant,Collaborative Research: GEM--Energetic Electron Nonlinear Interactions with Oblique Whistler-Mode Chorus Waves,University of Texas at Dallas
2225122,2022-06-24,111880,Standard Grant,Collaborative Research: GEM--Energetic Electron Nonlinear Interactions with Oblique Whistler-Mode Chorus Waves,University of California-Los Angeles
2202644,2022-06-27,393452,Standard Grant,Collaborative Research: P2C2--Continental Temperature Variability during Greenland Stadials and Interstadials from Subaqueous Speleothems,University of New Mexico
2202682,2022-06-27,117486,Standard Grant,Collaborative Research: P2C2--Continental Temperature Variability during Greenland Stadials and Interstadials from Subaqueous Speleothems,Regents of the University of Michigan - Ann Arbor
2202683,2022-06-27,268681,Standard Grant,Collaborative Research: P2C2--Constraints on Last Interglacial and Late Holocene Global Mean Sea Level and Fingerprinting Polar Ice Mass Flux from Broadly Distributed Coastal Caves,University of South Florida
2202698,2022-06-27,68389,Standard Grant,Collaborative Research: P2C2--Constraints on Last Interglacial and Late Holocene Global Mean Sea Level and Fingerprinting Polar Ice Mass Flux from Broadly Distributed Coastal Caves,Harvard University
2202712,2022-06-27,348463,Standard Grant,Collaborative Research: P2C2--Constraints on Last Interglacial and Late Holocene Global Mean Sea Level and Fingerprinting Polar Ice Mass Flux from Broadly Distributed Coastal Caves,University of New Mexico
2211153,2022-06-27,756008,Standard Grant,Secondary Marine Aerosol precursors and Links to aerosol growth at ice-melT onset in the Arctic (SMALTA),Colorado State University
2214044,2022-06-27,1092025,Standard Grant,Lightning and Thunderstorm Studies,New Mexico Institute of Mining and Technology
2225445,2022-06-27,497305,Standard Grant,GEM: Suprathermal and Energetic Ion Heating by Electromagnetic Ion Cyclotron Waves and Magnetosonic Waves in the Inner Magnetosphere,Trustees of Boston University
2201243,2022-06-28,198130,Standard Grant,Collaborative Research: P2C2--Medieval to Modern Climate Variability and Climate Change in the Great Plains,University of Arkansas
2201352,2022-06-28,189851,Standard Grant,Collaborative Research: RUI: P2C2--Medieval to Modern Climate Variability and Climate Change in the Great Plains,University of Wisconsin-Platteville
2201498,2022-06-28,190596,Standard Grant,Collaborative Research: P2C2--Medieval to Modern Climate Variability and Climate Change in the Great Plains,University of Missouri-Columbia
2201584,2022-06-28,39786,Standard Grant,Collaborative Research: P2C2--Medieval to Modern Climate Variability and Climate Change in the Great Plains,University of Memphis
2201653,2022-06-28,180000,Standard Grant,Collaborative Research: P2C2--Medieval to Modern Climate Variability and Climate Change in the Great Plains,Columbia University
2103843,2022-06-29,20000000,Cooperative Agreement,"Large-scale CoPe Hub: Rising Voices, Changing Coasts: The National Indigenous and Earth Sciences Convergence Hub",Haskell Foundation
2223602,2022-06-29,40668,Standard Grant,AGS-FIRP Track 1: Graduate Education in Mountain Meteorology at Storm Peak Laboratory Fall 2022,University of Utah
2212177,2022-06-30,1269338,Continuing Grant,Collaborative Research: AGS-FIRP Track 2: Lake-Effect Electrification (LEE) and the Impacts of Wind Turbines on Electrification East of Lake Ontario,SUNY College at Oswego
2212184,2022-06-30,352550,Continuing Grant,Collaborative Research: AGS-FIRP Track 2: Lake-Effect Electrification (LEE) and the Impacts of Wind Turbines on Electrification East of Lake Ontario,Georgia Tech Applied Research Corporation
2212196,2022-06-30,159156,Continuing Grant,Collaborative Research: AGS-FIRP Track 2: Lake-Effect Electrification (LEE) and the Impacts of Wind Turbines on Electrification East of Lake Ontario,University of Alabama in Huntsville
2212199,2022-06-30,404581,Continuing Grant,Collaborative Research: AGS-FIRP Track 2: Lake-Effect Electrification (LEE) and the Impacts of Wind Turbines on Electrification East of Lake Ontario,University of Oklahoma Norman Campus
2212227,2022-06-30,315967,Continuing Grant,Collaborative Research: AGS-FIRP Track 2: Lake-Effect Electrification (LEE) and the Impacts of Wind Turbines on Electrification East of Lake Ontario,Texas Tech University
2218623,2022-07-06,473485,Standard Grant,"Developing a Structural, Morphological, and Microphysical Understanding of Left-moving Supercells",University of Nebraska-Lincoln
2215489,2022-07-07,348116,Standard Grant,Collaborative Research: United States University CLOUD (Cosmics Leaving OUtdoor Droplets) Consortium Membership,Carnegie Mellon University
2215522,2022-07-07,286548,Standard Grant,Collaborative Research: United States University CLOUD (Cosmics Leaving OUtdoor Droplets) Consortium Membership,University of Colorado at Boulder
2215527,2022-07-07,454659,Standard Grant,Collaborative Research: United States University CLOUD (Cosmics Leaving OUtdoor Droplets) Consortium Membership,California Institute of Technology
2232533,2022-07-07,42670,Standard Grant,Conference: CAS Climate: Synthesizing and assessing wholistic urban climate solutions in Texas,Texas A&M University
2204138,2022-07-08,190000,Fellowship Award,AGS-PRF: Examining the Response of Tropical Cyclone Precipitation Structure to Climate Change Using Idealized and Realistic Models,"Stansfield, Alyssa M"
2202287,2022-07-11,486913,Standard Grant,Collaborative proposal: Glacial-interglacial variability in tropospheric reactive halogens,University of Washington
2202708,2022-07-11,254882,Standard Grant,Collaborative proposal: Glacial-interglacial variability in tropospheric reactive halogens,University of Rochester
2218491,2022-07-12,499930,Standard Grant,Laboratory Simulations of Cloud Processing of Smoke,University of San Diego
2220307,2022-07-12,816275,Standard Grant,Formation of photo-oxidants and processing of organic species in aerosol liquid water,University of California-Davis
2220662,2022-07-12,273725,Standard Grant,Collaborative Research: Understanding Interactions between Mesoscale and Microscale Flows in the Stable Boundary Layer over Shallow Terrain,University of South Carolina at Columbia
2220663,2022-07-12,463755,Standard Grant,Collaborative Research: Understanding Interactions between Mesoscale and Microscale Flows in the Stable Boundary Layer over Shallow Terrain,University of Illinois at Urbana-Champaign
2220664,2022-07-12,144071,Standard Grant,Collaborative Research: Understanding Interactions between Mesoscale and Microscale Flows in the Stable Boundary Layer over Shallow Terrain,"NorthWest Research Associates, Incorporated"
2221719,2022-07-13,277610,Standard Grant,Collaborative Research: Comparison between In-situ and Polarimetric Radar Hail Observations in Convective Storms,University of North Dakota Main Campus
2221720,2022-07-13,300000,Standard Grant,Collaborative Research: Comparison between In-situ and Polarimetric Radar Hail Observations in Convective Storms,Colorado State University
2202526,2022-07-18,480579,Standard Grant,Reconstructing Earth Energy Imbalance,University of Washington
2202746,2022-07-18,343657,Standard Grant,Tropical hydroclimate change during the last deglaciation: a synthesis of isotope-enabled transient climate model simulations and proxy data,Brown University
2214926,2022-07-18,438686,Standard Grant,Rapid-scan Polarimetric Radar Data Collection and Analysis of the Wind Field in Severe Convective Storms and Tornadoes,University of Oklahoma Norman Campus
2225604,2022-07-18,658725,Standard Grant,Downshear Reformation of Tropical Cyclones,SUNY at Albany
2217182,2022-07-19,571879,Standard Grant,Texture of Stochastic Processes in Physical and Radar Meteorology,Michigan Technological University
2209155,2022-07-20,590898,Standard Grant,GEM: Modeling Realistic Chorus Generation Using Large-Scale Particle-in-Cell Simulations,New Mexico Consortium
2218893,2022-07-20,750000,Continuing Grant,Activities of the Board on Atmospheric Sciences and Climate (BASC),National Academy of Sciences
2225972,2022-07-21,392140,Standard Grant,GEM: Resolving the Unique Characteristics of Substorms that Precede Strong Thermal Emission Velocity Enhancement (STEVE) Events,New Jersey Institute of Technology
2209772,2022-07-24,499684,Standard Grant,Formation of Urban Ultrafine Particles in Houston,University of Alabama in Huntsville
2217618,2022-07-24,830233,Standard Grant,Collaborative Research: Forced Trends in the Tropical Pacific and Global Tropical Cyclones,Columbia University
2217619,2022-07-24,41376,Standard Grant,Collaborative Research: Forced Trends in the Tropical Pacific and Global Tropical Cyclones,Mississippi State University
2217620,2022-07-24,81286,Standard Grant,Collaborative Research: Forced Trends in the Tropical Pacific and Global Tropical Cyclones,SUNY at Stony Brook
2221765,2022-07-24,217057,Continuing Grant,Collaborative Research: FACTs: Forcing of the upper Atmosphere from Coupling of Troposphere during extreme weather Systems,Georgia Tech Research Corporation
2221768,2022-07-24,332315,Continuing Grant,Collaborative Research: FACTs: Forcing of the upper Atmosphere from Coupling of Troposphere during extreme weather Systems,Pennsylvania State Univ University Park
2221770,2022-07-24,750807,Continuing Grant,Collaborative Research: FACTs: Forcing of the upper Atmosphere from Coupling of Troposphere during extreme weather Systems,The University of Central Florida Board of Trustees
2224108,2022-07-24,587299,Standard Grant,Collaborative Research: GEM--Impact of Solar Wind Dynamic Pressure Enhancement on the Cusp and Polar Cap Ion Source,University of California-Los Angeles
2224109,2022-07-24,396722,Standard Grant,Collaborative Research: GEM--Impact of Solar Wind Dynamic Pressure Enhancement on the Cusp and Polar Cap Ion Source,Auburn University
2224293,2022-07-24,399905,Standard Grant,The Poloidal Convection Model and Multi-Scale Moist Circulations,University of California-Davis
2225270,2022-07-24,478013,Standard Grant,GEM: Numerical Modeling of Ultra-Low-Frequency (ULF) Waves and the Production of Geomagntically Induced Currents,University of Minnesota-Twin Cities
2234815,2022-07-24,313387,Standard Grant,Collaborative Research:  P2C2--Assessing Climate and Stochastic Forcing of North Atlantic Tropical Cyclone Activity over the Past Millennium,Old Dominion University Research Foundation
2225954,2022-07-25,440412,Standard Grant,Collaborative Research: Characterizing interactions between tropical deep convection and the environment using a buoyancy framework,University of Virginia Main Campus
2225955,2022-07-25,371130,Standard Grant,Collaborative Research: Characterizing interactions between tropical deep convection and the environment using a buoyancy framework,University of Wisconsin-Madison
2225956,2022-07-25,163769,Standard Grant,Collaborative Research: Characterizing interactions between tropical deep convection and the environment using a buoyancy framework,University of California-Los Angeles
2225957,2022-07-25,139214,Standard Grant,Collaborative Research: Characterizing interactions between tropical deep convection and the environment using a buoyancy framework,University of Colorado at Boulder
2227012,2022-07-25,372870,Standard Grant,"AGS-FIRP Track 2: Untangling the physics of aerosol activation, turbulence, and drizzle formation: Pi Chamber experiments and numerical simulation",University of Notre Dame
2228770,2022-07-25,46463,Standard Grant,AGS-FIRP Track 1: Undergraduate Field Experience in Atmospheric Chemistry at the Storm Peak Laboratory in Spring 2023,Colorado College
2228967,2022-07-25,508504,Standard Grant,SHINE: Physics-based and Statistical Studies Connecting Surface-field Distributions to the Magnetic Flux Rope Structure in the Corona and Heliosphere,Catholic University of America
2229138,2022-07-25,800000,Continuing Grant,SHINE: Understanding the Physical Connection of the in-situ Properties and Coronal Origins of the Solar Wind with a Novel Artificial Intelligence Investigation,Regents of the University of Michigan - Ann Arbor
2229566,2022-07-25,598184,Standard Grant,SHINE: Structures in the Solar Corona and Solar Wind and Their Interaction With Turbulence,University of California-Los Angeles
2233136,2022-07-25,189543,Standard Grant,"RAPID: Low-cost, Lightweight Instrument for In Situ Measurements of Water Vapor on High-Altitude Balloons",University of Colorado at Boulder
2225363,2022-07-26,518072,Standard Grant,Investigation of the Causes and Effects of the Storm-Time Ion Ring Current Decay,Catholic University of America
2228996,2022-07-26,550926,Standard Grant,SHINE: Exploring the Initiations of Solar Flares using Deep Learning Methods,New Jersey Institute of Technology
2229336,2022-07-26,265312,Standard Grant,Collaborative Research: SHINE: Where Are Particles Accelerated in Coronal Jets?,American University
2229337,2022-07-26,122759,Standard Grant,Collaborative Research: SHINE: Where Are Particles Accelerated in Coronal Jets?,Regents of the University of Michigan - Ann Arbor
2229338,2022-07-26,134443,Standard Grant,Collaborative Research: SHINE: Where Are Particles Accelerated in Coronal Jets?,New Jersey Institute of Technology
2210068,2022-07-27,699998,Standard Grant,State-dependent decadal predictability identified with explainable machine learning,Colorado State University
2229064,2022-07-27,435681,Standard Grant,Collaborative Research: SHINE: Investigation of Mini-filament Eruptions and Their Relationship with Small Scale Magnetic Flux Ropes in Solar Wind,New Jersey Institute of Technology
2229065,2022-07-27,156342,Standard Grant,Collaborative Research: SHINE: Investigation of Mini-filament Eruptions and Their Relationship with Small Scale Magnetic Flux Ropes in Solar Wind,University of Alabama in Huntsville
2220837,2022-07-28,492628,Standard Grant,Collaborative Research: Towards a Better Understanding of the Atmospheric Fate of PFAS,"OHIO STATE UNIVERSITY, THE"
2220845,2022-07-28,254618,Standard Grant,Collaborative Research: Towards a Better Understanding of the Atmospheric Fate of PFAS,Colorado School of Mines
2220919,2022-07-28,24448,Standard Grant,Collaborative Research: Towards a Better Understanding of the Atmospheric Fate of PFAS,College of Wooster
2220948,2022-07-28,646193,Standard Grant,The Impact of Arctic Amplification on the Midlatitude Circulation: Non-linearity and Non-additivity,Columbia University
2230265,2022-07-28,406141,Standard Grant,CEDAR: Examining the vertical structures of ionosphere-atmosphere coupling using decadal observations and ionospheric models,University of California-Riverside
2230363,2022-07-28,219902,Standard Grant,CEDAR:  Euler potentials for field-aligned and shell  currents in the ionosphere,Lamar University
2230345,2022-07-29,174257,Standard Grant,Collaborative Research: CEDAR: Measuring Daily Ionospheric Variability and the 2023 & 2024 Solar Eclipse Ionospheric Impacts Using HamSCI HF Doppler Shift Receivers,University of Scranton
2230346,2022-07-29,224954,Standard Grant,Collaborative Research: CEDAR: Measuring Daily Ionospheric Variability and the 2023 & 2024 Solar Eclipse Ionospheric Impacts Using HamSCI HF Doppler Shift Receivers,Case Western Reserve University
2230365,2022-08-02,289807,Standard Grant,CEDAR: Neutral wind drivers of variability in the prereversal enhancement,University of California-Berkeley
2235524,2022-08-02,48507,Standard Grant,"Conference: Interaction between wildfire, heatwave, clouds and precipitation over complex topography",University of California-Los Angeles
2203515,2022-08-07,888351,Continuing Grant,Collaborative Research: North American Warm-season Extremes in a Changing Climate: Large-scale Drivers and Local Feedbacks,North Carolina State University
2203516,2022-08-07,397337,Standard Grant,Collaborative Research: North American Warm-season Extremes in a Changing Climate: Large-scale Drivers and Local Feedbacks,Northern Illinois University
2203543,2022-08-07,479132,Standard Grant,Identifying Climate Model Biases in the Pattern of Ocean Warming and their Influence on Regional Climate Change,University of Washington
2217785,2022-08-07,400242,Standard Grant,East Pacific Easterly Waves: Interactions With Wind Jets in Current and Future Climate,Colorado State University
2219257,2022-08-07,834774,Standard Grant,Further Studies of Dynamics for El Nino-Southern Oscillation (ENSO) Diversity and Complexity,University of Hawaii
2221933,2022-08-07,327192,Standard Grant,RUI: Chemical phenomena of complex carbonyl-ammonium aqueous aerosol mimics,Lafayette College
2225960,2022-08-07,377334,Standard Grant,RUI: Imaging and Spectra at the 2023 and 2024 Total Solar Eclipses,Williams College
2140793,2022-08-08,320847,Standard Grant,Collaborative Research:  NSF-BSF--Tropospheric Response to Zonal Asymmetry of the Stratospheric Polar Vortex and Its Aapplication to Subseasonal to Seasonal (S2S) Prediction,Massachusetts Institute of Technology
2140909,2022-08-08,345667,Standard Grant,Collaborative Research:  NSF-BSF--Tropospheric Response to Zonal Asymmetry of the Stratospheric Polar Vortex and Its Aapplication to Subseasonal to Seasonal (S2S) Prediction,Atmospheric and Environmental Research Inc
2149860,2022-08-08,495364,Standard Grant,"REU Site: Weather, Climate, and Society: An Interdisciplinary approach integrating physical and social sciences",University of South Florida
2218197,2022-08-08,190000,Standard Grant,AGS-PRF: Physics-Constrained Machine Learning-Based Models for Climate Simulations with Data Assimilation and Uncertainty Quantification,"Bhouri, Mohamed Aziz"
2227071,2022-08-08,666969,Standard Grant,Multiridge Orographic Precipitation in Continental Mountain Environments,University of Utah
2229100,2022-08-08,588728,Standard Grant,Collaborative Research: SHINE: Observational and Theoretical Studies of the Parametric Decay Instability in the Lower Solar Atmosphere,Columbia University
2229101,2022-08-08,300519,Standard Grant,Collaborative Research: SHINE: Observational and Theoretical Studies of the Parametric Decay Instability in the Lower Solar Atmosphere,New Mexico Consortium
2230438,2022-08-08,308440,Continuing Grant,Collaborative Research: CEDAR: Multi-site Fabry-Perot Interferometer Measurements of Thermospheric Neutral Winds and Temperatures in Western South America,University of Colorado at Boulder
2230439,2022-08-08,184196,Continuing Grant,Collaborative Research: CEDAR: Multi-site Fabry-Perot Interferometer Measurements of Thermospheric Neutral Winds and Temperatures in Western South America,New Jersey Institute of Technology
2230440,2022-08-08,326720,Continuing Grant,Collaborative Research: CEDAR: Multi-site Fabry-Perot Interferometer Measurements of Thermospheric Neutral Winds and Temperatures in Western South America,Trustees of Boston University
2230482,2022-08-08,539588,Standard Grant,Modeling Dynamics and Impacts of a new class of Kelvin-Helmholtz Instabilities that Drive Enhanced Turbulence and Mixing in the MLT,"GLOBAL ATMOSPHERIC TECHNOLOGIES AND SCIENCES, INC."
2215857,2022-08-09,587288,Standard Grant,"MRI: Acquisition of a state-of-the-art Fabry-Perot interferometer to measure upper atmosphere winds and temperatures for He, OH, and O nightglow and auroral emissions",New Jersey Institute of Technology
2223930,2022-08-09,289049,Standard Grant,Collaborative Research: CEDAR--Exploring the Response of the Magnetosphere to Terrestrial Weather,"ATMOSPHERIC & SPACE TECHNOLOGY RESEARCH ASSOCIATES, L.L.C."
2223931,2022-08-09,178427,Standard Grant,Collaborative Research: CEDAR--Exploring the Response of the Magnetosphere to Terrestrial Weather,University Corporation For Atmospheric Res
2225405,2022-08-10,558000,Continuing Grant,GEM: Diffuse and Discrete Auroral Electron Precipitation Effects On Magnetosphere-Ionosphere Coupling,Aerospace Corporation
2150262,2022-08-11,524512,Continuing Grant,"REU Site: Atmospheric, Oceanic, and Cryospheric Sciences at the University of Colorado Boulder",University of Colorado at Boulder
2218827,2022-08-11,432903,Standard Grant,Collaborative Research: Towards Better Understanding of the Climate System Using a Global Storm-Resolving Model,SUNY at Stony Brook
2218829,2022-08-11,352990,Standard Grant,Collaborative Research: Towards Better Understanding of the Climate System Using a Global Storm-Resolving Model,University of Washington
2237520,2022-08-11,281037,Standard Grant,"EAGER: Scenario-based COMET Training for Careers in the Weather, Water and Climate Industry",University Corporation For Atmospheric Res
2215567,2022-08-12,2836466,Standard Grant,MRI: Development of a frequency agile multistatic radio system for geospace imaging,University of Texas at Dallas
2230383,2022-08-15,659177,Standard Grant,"Collaborative Research: CEDAR: Investigation of Gigantic Jets, Their Ionospheric Effects, and How They Couple the Troposphere and Ionosphere",Georgia Tech Applied Research Corporation
2230384,2022-08-15,156078,Standard Grant,"Collaborative Research: CEDAR: Investigation of Gigantic Jets, Their Ionospheric Effects, and How They Couple the Troposphere and Ionosphere",SETI Institute
2230385,2022-08-15,120000,Standard Grant,"Collaborative Research: CEDAR: Investigation of Gigantic Jets, Their Ionospheric Effects, and How They Couple the Troposphere and Ionosphere",Duke University
2150290,2022-08-16,523416,Standard Grant,REU Site: Summer Program at Harvard in Earth and Environmental Research (SPHEER): Investigating a changing planet across multiple timescales,Harvard University
2215875,2022-08-19,924381,Standard Grant,MRI: Acquisition of an Aerosol Characterization System for the Caribbean and the Americas,University of Miami
2224006,2022-08-22,97269,Standard Grant,Developing Expertise and Building Collaborations to Advance Atmospheric Science Education Research (ASER),University of Nebraska-Lincoln
2218758,2022-09-13,1969091,Continuing Grant,Collaborative Research: GCR: Generating Actionable Research to Investigate Combined Climate Intervention Strategies for Stakeholder Use,University Corporation For Atmospheric Res
2218777,2022-09-13,595185,Continuing Grant,Collaborative Research: GCR: Generating Actionable Research to Investigate Combined Climate Intervention Strategies for Stakeholder Use,Louisiana State University
2218779,2022-09-13,193877,Continuing Grant,Collaborative Research: GCR: Generating Actionable Research to Investigate Combined Climate Intervention Strategies for Stakeholder Use,Duke University
2218785,2022-09-13,590783,Continuing Grant,Collaborative Research: GCR: Generating Actionable Research to Investigate Combined Climate Intervention Strategies for Stakeholder Use,Arizona State University
2244884,2022-09-14,360323,Standard Grant,"The Correlation between Tornado Formation, Intensification, and Decay and Ground Features using Rapid-Scan Mobile Radar Observations, Damage Surveys, and GIS","OHIO STATE UNIVERSITY, THE"
2245498,2022-10-20,87922,Standard Grant,RAPID: Biogenic Volatile Organic Compounds (BVOC)  Distributions across the Amazon Basin during the Chemistry of the Amazon-Field Experiment (CAFE) Campaign,University of California-Irvine
2228299,2022-10-21,458238,Standard Grant,Unique Turbulence Dynamics in Hurricane Boundary Layers and Improving Their Parameterizations in Numerical Weather Prediction Models,University of Houston
2234047,2022-10-21,336148,Standard Grant,Diode-Laser-Based Doppler Wind Lidar for Vertical Wind Profiling,Montana State University
2232189,2022-10-26,389417,Standard Grant,"Atmospheric Particle Formation in Two Systems: Sulfuric Acid (H2SO4)/Water (H2O) plus Ammonia (NH3) and/or Amines, and Oxidation Products from Organic Compounds",Augsburg University
2222104,2022-10-27,619592,Standard Grant,A Multiscale Model for Restructuring of Atmospheric Soot Particles,New Jersey Institute of Technology
2223070,2022-11-01,649388,Standard Grant,Exploring the Impact of Future Land Use Change on Global Air Quality and Nutrient Deposition,Massachusetts Institute of Technology
2223262,2022-11-01,440785,Standard Grant,Collaborative Research: Untangling the Changing Nature of El Niño-Southern Oscillation (ENSO)-Driven Terrestrial Impacts,University of Miami
2223263,2022-11-01,341117,Standard Grant,Collaborative Research: Untangling the Changing Nature of El Niño-Southern Oscillation (ENSO)-Driven Terrestrial Impacts,North Carolina State University
2228359,2022-11-01,718313,Standard Grant,Collaborative Research: Development and Applications of GEOS-Chem Atmospheric Chemistry in CESM and MUSICA,Harvard University
2228379,2022-11-01,440000,Standard Grant,Collaborative Research: Development and Applications of GEOS-Chem Atmospheric Chemistry in CESM and MUSICA,Massachusetts Institute of Technology
2232138,2022-11-01,613722,Continuing Grant,Understanding the Influences of Microphysical Interactions with Pollution and Water on  Dust Scattering Properties and Radiative Effects,University of Maryland Baltimore County
2300579,2022-11-04,449411,Standard Grant,GEM: Modeling and Analysis of Extreme Geomagnetically Induced Currents (GICs),Catholic University of America
2305408,2022-11-04,463797,Continuing Grant,Collaborative Research: ANSWERS: Ion-Neutral Coupling in Geospace and its Impact on Space Weather,Regents of the University of Michigan - Ann Arbor
2304402,2022-11-16,29973,Standard Grant,"Conference: 9th International Conference on Fog, Fog Collection, and Dew 2023",Colorado State University
2230301,2022-11-17,1886865,Continuing Grant,Significant Opportunities in Atmospheric Research and Science (SOARS),University Corporation For Atmospheric Res
2240022,2022-11-18,691972,Continuing Grant,CAREER: End-to-End Active Region-based Heliospheric Forecasting System Using Multi-spacecraft Data and Machine Learning,Utah State University
2246000,2022-11-18,49960,Standard Grant,"American Geophysical Union (AGU) Chapman Conference on Advances in Understanding Alfven Waves in the Sun and the Heliosphere; Berlin, Germany; May 28-June 2, 2023",American Geophysical Union
2303171,2022-11-28,199523,Standard Grant,RAPID: Multiwavelength Imaging and Spectroscopy of the Corona During the 2023 April 20 Total Solar Eclipse,University of Hawaii
2303105,2022-11-29,29813,Standard Grant,"Conference on Measurement of Atmospheric Mercury: Assessment of New Measurement and Calibration Methods and Development of a Path Forward; Reno, Nevada; October 11-13, 2023","Board of Regents, NSHE, obo University of Nevada, Reno"
2304637,2022-11-29,49999,Standard Grant,"The Ham Radio Science Citizen Investigation (HamSCI) Workshop; Scranton, Pennsylvania; March 17-18, 2023",University of Scranton
2236433,2022-11-30,810537,Standard Grant,CAREER: Understanding How Moist Processes Shape Tropical Motions in Observations and General Circulation Models,University of Wisconsin-Madison
2307926,2022-11-30,49889,Standard Grant,Conference: Greenhouse Gas Source Attribution Workshop,University Corporation For Atmospheric Res
2244917,2022-12-02,409127,Standard Grant,Collaborative Research: NSFGEO-NERC: Hurricane Risk Amplification and Changing North Atlantic Natural Disasters,SUNY at Stony Brook
2244918,2022-12-02,206506,Standard Grant,Collaborative Research: NSFGEO-NERC: Hurricane Risk Amplification and Changing North Atlantic Natural Disasters,Columbia University
2244919,2022-12-02,84365,Standard Grant,Collaborative Research: NSFGEO-NERC: Hurricane Risk Amplification and Changing North Atlantic Natural Disasters,Pennsylvania State Univ University Park
2235177,2022-12-08,998793,Standard Grant,The Role of Evolving Spatial Patterns of Anthropogenic Aerosol Emissions in the Trajectory of Climate Change,University of Texas at Austin
2236771,2022-12-08,874040,Standard Grant,CAREER: Understanding the Impacts of Future Sea Ice Loss on Large-Scale Patterns of Atmospheric Variability and Cold Air Outbreaks,Pennsylvania State Univ University Park
2237743,2022-12-08,799904,Standard Grant,CAREER: Unraveling the Role of the Varying Ocean Circulation in Climate Change,University of California-Riverside
2308409,2022-12-09,243784,Standard Grant,Collaborative Research: EAGER--Evaluation of Optimal Mesonetwork Design for Monitoring and Predicting North American Monsoon (NAM) Convection Using Observing System Simulation,University of Arizona
2308410,2022-12-09,38914,Standard Grant,Collaborative Research: EAGER--Evaluation of Optimal Mesonetwork Design for Monitoring and Predicting North American Monsoon (NAM) Convection Using Observing System Simulation,University Corporation For Atmospheric Res
2232282,2022-12-12,745652,Standard Grant,Boundary-Layers of the Cold and Dark Atmospheres,University of Alaska Fairbanks Campus
2235913,2022-12-12,480039,Standard Grant,"Spatial and Temporal Distribution of Dust Events across the United States over Twenty (20) Years, Insight into Their Meteorological Causes and Conditions",Texas Tech University
2309580,2022-12-12,384686,Standard Grant,P2C2: Constraining the Physics that Regulate Equilibrium Climate Sensitivity through Simulation of Last Glacial Maximum (LGM) and Eocene Paleoclimates,University of Oregon Eugene
2309269,2022-12-15,310960,Continuing Grant,"Collaborative Research: Testing Controls on Source, Sink, and Lifetime of Atmospheric Water with Numerical Tags and Stable Isotope Ratios",New Mexico Consortium
2310413,2022-12-15,10000,Standard Grant,"Conference: Tropical Cyclone Operations and Research Forum/Interdepartmental Hurricane (76th TCORF/IHC); Miami, Florida; March 7-9, 2023",University Corporation For Atmospheric Res
2231229,2022-12-16,562097,Standard Grant,AGS-FIRP Track 2: Understanding Vertical Variation of Energy Dissipation near the Surface for Solving the Mystery of the Observed Surface Energy Imbalance,"NorthWest Research Associates, Incorporated"
2235072,2022-12-16,219980,Standard Grant,AGS-FIRP Track 3: Solar Eclipse Observations with the Airborne Coronal Emission Surveyor (ACES),Smithsonian Institution Astrophysical Observatory
2309219,2022-12-16,152789,Standard Grant,"RAPID: Study Ocean-Ionosphere-Thermosphere Connections Using Data from Transportable Dynasonde System Deployed in Marina, California",University of Colorado at Boulder
2230633,2022-12-20,608966,Standard Grant,SHINE: Joule Heating as a Solar Active Region Atmosphere Heating Mechanism,University of Alabama in Huntsville
2236655,2022-12-28,496245,Continuing Grant,CAREER: From Dust to Drought: Understanding the Multi-Scale Relationship between the Saharan Air Layer and Caribbean Water Stress,Louisiana State University
2239189,2022-12-28,49986,Standard Grant,AGS-FIRP Track 1: The 2023 University of Nebraska DOW (Doppler on Wheels) Education and Outreach (UNDEO-2023) Project,University of Nebraska-Lincoln
2310336,2022-12-28,217144,Standard Grant,Collaborative Research: EAGER--Initial Evaluation of Polarimetric Phased Array Radar for the Study of Storm Electrification and Lightning,University of Oklahoma Norman Campus
2310337,2022-12-28,77584,Standard Grant,Collaborative Research: EAGER--Initial Evaluation of Polarimetric Phased Array Radar for the Study of Storm Electrification and Lightning,Texas Tech University
2233852,2023-01-18,150674,Standard Grant,The Mechanism of the Solar Dynamo Governing Space Climate and Space Weather,University of Colorado at Boulder
2236504,2023-01-18,541016,Continuing Grant,CAREER: A Unified Multiscale Modeling Approach for Processes in the Atmospheric Boundary Layer,University of Notre Dame
2235299,2023-01-19,810271,Standard Grant,Global Exploration of the Conditions of Downward Terrestrial Gamma-ray Flash (TGF) Production,University of California-Santa Cruz
2311170,2023-01-24,625151,Standard Grant,Collaborative Research: Interhemispheric and Zonal Asymmetries of the ITCZ,University of Houston
2233673,2023-01-26,642756,Standard Grant,Collaborative Research: Evolving Hemispheric Albedo Asymmetry,Colorado State University
2233674,2023-01-26,22243,Standard Grant,Collaborative Research: Evolving Hemispheric Albedo Asymmetry,University of Wyoming
2241605,2023-02-06,545885,Standard Grant,A Comprehensive Observational Examination of the Physical Processes that Link Tropical Cyclone Vortex Alignment to Future Intensity Change,University of Miami
2246488,2023-02-06,789423,Continuing Grant,Collaborative Research: Elucidating the Role of Natural Aerosols in Modulating Boundary Layer Clouds and Precipitation in the Southern Ocean,University of Utah
2246489,2023-02-06,715981,Continuing Grant,Collaborative Research: Elucidating the Role of Natural Aerosols in Modulating Boundary Layer Clouds and Precipitation in the Southern Ocean,Colorado State University
2242189,2023-02-08,20843,Standard Grant,"Workshop on Future Storm-Resolving Configurations of Community Earth System Model (CESM); Fort Collins, Colorado; Two days in April 2023",Colorado State University
2301397,2023-02-08,437703,Standard Grant,SHINE: Understanding the Relationships of Photospheric Vector Magnetic Field Parameters in Solar Flare Occurrences using Graph-based Machine Learning Models,Utah State University
2301403,2023-02-08,545775,Standard Grant,SHINE: A Numerical Investigation into Coronal Mass Ejections (CME-CME) Interaction Events,Predictive Science Incorporated
2316026,2023-02-08,20000,Standard Grant,"Travel Grant: The Twenty-first (21st) International Conference on Nucleation and Atmospheric Aerosols (ICNAA); Brisbane, Australia; June 26-30, 2023",Colorado State University
2239105,2023-02-09,730100,Continuing Grant,CAREER: Impacts of the Chemical and Physical Properties of Surfactants on the Hygroscopic Growth of Atmospheric Aerosol Particles,University of Georgia Research Foundation Inc
2302697,2023-02-09,144535,Standard Grant,Collaborative Research: SHINE--Using Photospheric Imprints of Coronal Currents to Understand Coronal Magnetic Structure,University of Wisconsin-Green Bay
2302698,2023-02-09,107634,Standard Grant,Collaborative Research: SHINE--Using Photospheric Imprints of Coronal Currents to Understand Coronal Magnetic Structure,Planetary Science Institute
2227707,2023-02-13,360739,Standard Grant,Understanding the Formation and Impacts of Warm-Season Trans-Atlantic African Dust Extremes,University of Kansas Center for Research Inc
2233181,2023-02-13,400000,Standard Grant,Collaborative Research: Diagnosing the Impacts of Blowing Snow in the Northern Great Plains Using Novel Instrumentation and Coupled Models,University of North Dakota Main Campus
2233182,2023-02-13,400000,Standard Grant,Collaborative Research: Diagnosing the Impacts of Blowing Snow in the Northern Great Plains Using Novel Instrumentation and Coupled Models,"OHIO STATE UNIVERSITY, THE"
2237545,2023-02-13,529705,Continuing Grant,CAREER: A Comprehensive Assessment of Over-Ocean Tropical Cyclone Weakening,Mississippi State University
2239006,2023-02-13,607772,Continuing Grant,CAREER: Constraining Land Carbon Uptake on Regional and Global Scales by Enabling the Interpretation of Two Decades of Trace Gas Measurements,Rutgers University New Brunswick
2238338,2023-02-15,890336,Continuing Grant,CAREER: Advancing Modeling of Wildfire Smoke,University of California-Los Angeles
2239877,2023-02-15,617304,Continuing Grant,CAREER: Land-Atmosphere Coupling and Feedback in the Context of Climate Change,"OHIO STATE UNIVERSITY, THE"
2301365,2023-02-15,710547,Continuing Grant,SHINE: Understanding the Impact of Solar Energetic Particles and Forbush Decreases on the Global Electric Circuit,University of Alabama in Huntsville
2241752,2023-02-16,1185628,Standard Grant,The Evolving Role of the Ocean and the Atmosphere in Decadal to Multidecadal Modes of Climate Variability,University of Miami
2310372,2023-02-17,399374,Standard Grant,SHINE: Faster Boundary-Conforming Simulations of Solar Convection on Unstructured Grids,Clarkson University
2247712,2023-02-23,788524,Continuing Grant,GEM: The Sources and Pathways of Ions in the Warm Plasma Cloak,University of New Hampshire
2238875,2023-02-27,716007,Continuing Grant,CAREER: The State Dependency of Climate Sensitivity during Cenozoic Warm Intervals,University of Connecticut
2313689,2023-03-01,162492,Standard Grant,EAGER: North American Monsoon Prediction Using Causality Informed Machine Learning,Embry-Riddle Aeronautical University
2247265,2023-03-03,600036,Standard Grant,GEM: The Competition Between Waves and Field Line Scattering in Driving Relativistic Electron Precipitation and the Resulting Atmospheric Effects,Trustees of Boston University
2231237,2023-03-06,1925248,Continuing Grant,Understanding the Role of Mesoscale Atmosphere-Ocean Interactions in Seasonal-to-Decadal Climate Prediction,Texas A&M University
2243202,2023-03-06,892601,Standard Grant,Collaborative Research: Understanding Emission Sources and Sinks of Nitrous Acid in North American Forests,Indiana University
2243203,2023-03-06,55555,Standard Grant,Collaborative Research: Understanding Emission Sources and Sinks of Nitrous Acid in North American Forests,Trustees of Boston University
2239242,2023-03-10,897379,Standard Grant,CAREER: Using Tracer Interrelationships to Understand Large-Scale Geophysical Flows and their Changes,Harvard University
2243898,2023-03-10,578671,Standard Grant,A Global Survey of Helium in the Troposphere: Advancing the Application of Helium as a Tracer of Natural Gas Usage and Stratosphere-Troposphere Exchange,University of California-San Diego Scripps Inst of Oceanography
2244984,2023-03-10,499732,Standard Grant,Constraining the Mechanistic Effects of Spatial Resolution on Global Air Quality Modeling,Washington University
2302458,2023-03-10,518808,Standard Grant,Assessing Atmospheric Impacts of the Hunga Tonga-Hunga Ha'apai Volcanic Eruption and Using It as a Natural Experiment to Evaluate an Earth System Model,Regents of the University of Michigan - Ann Arbor
2150774,2023-03-14,619699,Continuing Grant,Cloud-Aerosol-Dynamic Interactions in Cold Air Outbreaks over the Arctic Ocean,University of Oklahoma Norman Campus
2150040,2023-03-16,601549,Continuing Grant,Aerosol Influences on Ice Formation in Arctic Cold Air Outbreak Clouds during Cold-Air outbreak Experiment in the Sub-Arctic Region (CAESAR),Colorado State University
2150769,2023-03-16,360308,Continuing Grant,Collaborative Research: Aerosol Properties and Autoconversion during Cold-Air outbreak Experiment in the Sub-Arctic Region (CAESAR),North Carolina State University
2150812,2023-03-16,88470,Continuing Grant,Collaborative Research: Aerosol Properties and Autoconversion during Cold-Air outbreak Experiment in the Sub-Arctic Region (CAESAR),University of Wyoming
2246502,2023-03-16,570934,Standard Grant,Global Impacts of Phase State on Secondary Organic Aerosol Partitioning,University of California-Irvine
2317864,2023-03-16,30102,Standard Grant,"Travel Grant: The 2023 International Society for Atmospheric Research using Remotely piloted Aircraft (ISARRA) Meeting; Bergen, Norway; August 1-4, 2023",University of Colorado at Boulder
2321429,2023-03-24,25800,Standard Grant,"Conference: 2023 Radiation and Climate Gordon Research Conference and Seminar; Lewiston, Maine; July 22-28, 2023",Gordon Research Conferences
2150848,2023-03-27,657845,Continuing Grant,"Arctic Cold-Air Outbreak Mixed-Phase Cloud Characteristics, Processes and Impacts in Observations and Models",University of Miami
2151329,2023-03-27,743716,Continuing Grant,Mesoscale Dynamics and Mixed-phase Microphysics in Arctic Cold Air Outbreaks,University of Wyoming
2242212,2023-03-28,1644600,Continuing Grant,AGS FIRP Track 2: Boundary-layer Evolution and Structure of Tornadoes (BEST),University of Illinois at Urbana-Champaign
2247774,2023-03-30,688588,Standard Grant,"GEM: Responses of Waves, Particles, and Precipitation to Solar Wind Dynamic Pressure Impulsive Changes",Trustees of Boston University
2301382,2023-03-30,337583,Standard Grant,SHINE: Understanding the Three-Part Structure of Coronal Mass Ejections Combining Data Analyses and Numerical Simulations,University of New Hampshire
2313220,2023-03-30,1629000,Continuing Grant,"Solar Heliospheric and INterplanetary Environment (SHINE) Workshop, 2023-2027",University of New Hampshire
2323110,2023-03-30,49998,Standard Grant,"CAS-Climate: National Science Foundation (NSF) Confluence Workshop on Climate Science to Climate Action Across Global Cities; San Francisco, California; December 2023",University of Illinois at Urbana-Champaign
2243364,2023-03-31,639504,Standard Grant,"Coupling, Energetics and Dynamics of Atmospheric Regions (CEDAR) Workshop, 2023-2024",University Corporation For Atmospheric Res
2322916,2023-03-31,297176,Standard Grant,EAGER: Initial Phase of Development of a Molecular Isomer Resolving Aerosol Collector and Analyzer (MIRACA),"Nevada System of Higher Education, Desert Research Institute"
2324754,2023-04-04,676409,Continuing Grant,CAREER: Atmospheric Electricity on Earth and Mars,Embry-Riddle Aeronautical University
2232581,2023-04-05,707741,Standard Grant,Collaborative Research: Dynamical Mechanisms for Midlatitude-Arctic Interactions and Associated Weather Extremes in a Warming Climate,University of California-Los Angeles
2232582,2023-04-05,142876,Standard Grant,Collaborative Research: Dynamical Mechanisms for Midlatitude-Arctic Interactions and Associated Weather Extremes in a Warming Climate,Pennsylvania State Univ University Park
2306215,2023-04-05,202000,Fellowship Award,AGS-PRF: The Physiological and Volatile Emission Stress Response of Leaves during and after Repeated Whole-Plant Ozone Exposure,"Riches, Mary Jean"
2247034,2023-04-10,523629,Standard Grant,GEM: Fundamental Properties of Dawnside Auroral Polarization Streams and Their Role in Magnetosphere-Ionosphere Instabilities and Dramatic Events,University of California-Los Angeles
2247153,2023-04-10,478358,Standard Grant,Three-Dimensional Numerical Modeling of Sprite Streamers,University of New Hampshire
2300452,2023-04-10,413817,Standard Grant,SHINE: Testing Theories of Coronal Heating and Solar Wind Acceleration with Multi-Messenger Data and Four-Dimension (4D) Forward Modeling,University of Colorado at Boulder
2303590,2023-04-10,440962,Standard Grant,A Doppler Radar Climatology of Updraft Proxy Characteristics in Supercells,SUNY at Stony Brook
2326316,2023-04-10,29557,Standard Grant,"Atmospheric Science and Chemistry mEasurement NeTwork (ASCENT) Workshop; Atlanta, Georgia; May 25-26, 2023",Georgia Tech Research Corporation
2326943,2023-04-10,367810,Standard Grant,"Collaborative Research: Experiment of Sea Breeze Convection, Aerosols, Precipitation and Environment (ESCAPE)",University of Oklahoma Norman Campus
2312994,2023-04-14,385103,Standard Grant,Collaborative Research: Supercell Left Flank Boundaries and Coherent Structures--Targeted Observations by Radars and UAS of Supercells Left-flank-Intensive Experiment (TORUS-LItE),University of Nebraska-Lincoln
2312995,2023-04-14,233425,Standard Grant,Collaborative Research: Supercell Left Flank Boundaries and Coherent Structures--Targeted Observations by Radars and UAS of Supercells Left-flank-Intensive Experiment (TORUS-LItE),Texas Tech University
2312996,2023-04-14,325913,Standard Grant,Collaborative Research: Supercell Left Flank Boundaries and Coherent Structures--Targeted Observations by Radars and UAS of Supercells Left-flank-Intensive Experiment (TORUS-LItE),University of Colorado at Boulder
2303504,2023-04-17,336926,Standard Grant,Collaborative Research:  Cloud-Radiative Feedback as the Coupling Mechanism of the Madden-Julian Oscillation and Quasi-Biennial Oscillation,University of Wisconsin-Madison
2303505,2023-04-17,117062,Standard Grant,Collaborative Research:  Cloud-Radiative Feedback as the Coupling Mechanism of the Madden-Julian Oscillation and Quasi-Biennial Oscillation,Columbia University
2303506,2023-04-17,308680,Standard Grant,Collaborative Research:  Cloud-Radiative Feedback as the Coupling Mechanism of the Madden-Julian Oscillation and Quasi-Biennial Oscillation,University of Oklahoma Norman Campus
2309939,2023-04-17,4638788,Continuing Grant,High Resolution Observations and Studies of Solar Eruptions Using the 1.6-meter Telescope in Big Bear,New Jersey Institute of Technology
2317116,2023-04-17,234022,Standard Grant,CAESAR: Characterization of Boundary-Layer Convective Precipitation in Arctic Cold Air Outbreaks,SUNY College at Oswego
2244218,2023-04-19,452146,Standard Grant,REU Site: Advancing Space Sciences through Undergraduate Research Experiences (ASSURE),University of California-Berkeley
2308645,2023-04-21,799556,Standard Grant,Aqueous Aerosol Chemistry: Elucidating the Mechanisms Causing Mismatch between Field and Laboratory Chemical Composition of Biomass Burning Organic Aerosol,University of California-Berkeley
2328464,2023-04-24,139000,Standard Grant,"Collaborative Research: Quantifying the Global Electric Circuit by Data Mining of Electric Field and Radar Observations from Ground Based, Airborne and Satellite Platforms",Colorado State University
2239880,2023-04-27,645616,Continuing Grant,CAREER: Artificial Intelligence for Polarimetric Radar Remote Sensing of Precipitation,Colorado State University
2307150,2023-04-27,473741,Standard Grant,"Collaborative Research: RUI--Applying Measurements, Models, and Machine Learning to Improve Parameterization of Aerosol Water Uptake and Cloud Condensation Nuclei",Appalachian State University
2307151,2023-04-27,358461,Standard Grant,"Collaborative Research: RUI--Applying Measurements, Models, and Machine Learning to Improve Parameterization of Aerosol Water Uptake and Cloud Condensation Nuclei",Georgia Tech Research Corporation
2325761,2023-05-01,30000,Standard Grant,"Atmospheric Chemistry Gordon Research Conference (GRC) on Fundamental Chemistry and Societal Changes; Sunday River, Maine; July 30-August 4, 2023",Gordon Research Conferences
2300961,2023-05-04,598925,Standard Grant,SHINE: Analysis of Ion Kinetic Instabilities in the Solar Wind Observed Near the Sun with Hybrid Modeling and Machine Learning,Catholic University of America
2307335,2023-05-05,575150,Standard Grant,Unraveling the Impacts of Ocean Surface Current Gradients and Ocean Surface Waves on Atmospheric Boundary Layer Physical Processes over the Gulf Stream Using COAWST Model,Florida State University
2309929,2023-05-05,357059,Standard Grant,Environmental controls over tropical cyclone formation,Indiana University
2312090,2023-05-05,678911,Standard Grant,Understanding the Internal Structure and Near-Storm Environments of Supercells via Innovative Analysis of Targeted Observation by Radars and UAS of Supercells (TORUS) Observations,University of Oklahoma Norman Campus
2316980,2023-05-05,599872,Standard Grant,Advancing the Understanding of Wildfire Impacts on Stratospheric Chemistry,Massachusetts Institute of Technology
2328549,2023-05-05,36657,Standard Grant,Conference: Funding for Student and Young Scientist Attendance at the 16th International Solar Wind Conference Series,University of California-Berkeley
2300548,2023-05-08,746097,Standard Grant,Critical Aspects of Sustainability (CAS)-Climate: Actionable Heat and Carbon Mitigation by Urban Greening--Integrating Physical Modeling and Machine Learning for Decision Support,Arizona State University
2302301,2023-05-10,596127,Standard Grant,Collaborative Research: Sulfur Oxide Chemistry in Aqueous Aerosols--Mechanisms and Kinetics of Inorganic Sulfate and Organosulfur Compound Formation in the Atmosphere,University of California-San Diego
2302302,2023-05-10,365898,Standard Grant,Collaborative Research: Sulfur Oxide Chemistry in Aqueous Aerosols--Mechanisms and Kinetics of Inorganic Sulfate and Organosulfur Compound Formation in the Atmosphere,Columbia University
2304669,2023-05-10,667687,Standard Grant,Early-Generation Photochemical Oxidation Products of Isoprene Under Low-NO Conditions:Aerosol Formation Potential and Structural Assignments by Ion Mobility Mass Spectral Analysis,University of North Carolina at Chapel Hill
2303530,2023-05-15,494591,Standard Grant,DeepGreen: A Deep Learning Based Tree-Ring Width Data Model for Paleoclimatic Data Assimilation,"University of Maryland, College Park"
2303599,2023-05-15,490996,Standard Grant,Collaborative Research: Characterizing Northern Hemisphere Atmospheric Variability from Central American Wind Gap-Induced Upwelling,University of California-Irvine
2303600,2023-05-15,175314,Standard Grant,Collaborative Research: Characterizing Northern Hemisphere Atmospheric Variability from Central American Wind Gap-Induced Upwelling,University of Colorado at Boulder
2329897,2023-05-15,469586,Standard Grant,Combined Effects of ElectroMagnetic Ion Cyclotron (EMIC) and Whistler Mode Waves on Relativistic Electron Scattering in the Earth's Inner Magnetosphere,University of Texas at Dallas
2326499,2023-05-16,198171,Standard Grant,Planning: FIRE-PLAN: Planning Megafire Research Across Scales and Disciplines,San Jose State University Foundation
2303479,2023-05-18,417494,Standard Grant,"Collaborative Research: High-Resolution, Multi-Species Reconstructions of Greater Yellowstone Region Paleoclimates Using Tree-Ring Anatomy",University of Louisville Research Foundation Inc
2303480,2023-05-18,52384,Standard Grant,"Collaborative Research: High-Resolution, Multi-Species Reconstructions of Greater Yellowstone Region Paleoclimates Using Tree-Ring Anatomy",Brigham Young University
2303481,2023-05-18,156022,Standard Grant,"Collaborative Research: High-Resolution, Multi-Species Reconstructions of Greater Yellowstone Region Paleoclimates Using Tree-Ring Anatomy",Regents of the University of Idaho
2303487,2023-05-18,474797,Standard Grant,Collaborative Research: P4Climate--Testing Hypotheses of Mesoamerican Hydroclimate over the Last Several Glacial Cycles,University of Nevada Las Vegas
2303488,2023-05-18,148836,Standard Grant,Collaborative Research: P4Climate--Testing Hypotheses of Mesoamerican Hydroclimate over the Last Several Glacial Cycles,University of New Mexico
2241538,2023-05-23,708450,Standard Grant,Collaborative Research:  El Nino/Southern Oscillation (ENSO) Predictability--Initial Condition Signal versus Uncoupled Atmospheric Noise,University of Miami
2241539,2023-05-23,480580,Standard Grant,Collaborative Research:  El Nino/Southern Oscillation (ENSO) Predictability--Initial Condition Signal versus Uncoupled Atmospheric Noise,North Carolina State University
2313853,2023-05-23,821311,Standard Grant,"Harnessing the Unique Science, Education and Outreach Opportunities of the 8 April 2024 Great American Total Solar Eclipse",University of Hawaii
2300341,2023-05-24,573200,Standard Grant,SHINE: Prediction of Coronal Mass Ejections and Interplanetary Magnetic Fields Using Advanced Artificial Intelligence Techniques,New Jersey Institute of Technology
2301644,2023-05-24,387032,Standard Grant,Collaborative Research:  A Simulation and Theoretical Analysis of Meteor Evolution over Scales Ranging from Sub-microseconds to Minutes,Trustees of Boston University
2301645,2023-05-24,327000,Standard Grant,Collaborative Research:  A Simulation and Theoretical Analysis of Meteor Evolution over Scales Ranging from Sub-microseconds to Minutes,Stanford University
2318252,2023-05-24,202000,Fellowship Award,AGS-PRF: Elucidating the Channels of Energy Transport and Particle Energization in Collisionless Plasmas,"Conley, Sarah A"
2247855,2023-05-26,432033,Standard Grant,Collaborative Research: GEM--Quantifying the Contribution of Off-Equatorial Ultra-Low Frequency (ULF) Waves on Radial Diffusion in the Radiation Belts,University of Colorado at Boulder
2247856,2023-05-26,118893,Standard Grant,Collaborative Research: GEM--Quantifying the Contribution of Off-Equatorial Ultra-Low Frequency (ULF) Waves on Radial Diffusion in the Radiation Belts,West Virginia University Research Corporation
2247857,2023-05-26,89980,Standard Grant,Collaborative Research: GEM--Quantifying the Contribution of Off-Equatorial Ultra-Low Frequency (ULF) Waves on Radial Diffusion in the Radiation Belts,Auburn University
2309208,2023-05-26,473044,Standard Grant,Microfronts and Other Nocturnal Submeso Motions over Microtopography,"NorthWest Research Associates, Incorporated"
2324744,2023-05-26,49999,Standard Grant,"Workshop on Atmospheric and Urban Digital Twins (AUDT); Austin, Texas",University of Texas at Austin
2330722,2023-05-26,199530,Standard Grant,RAPID: Impact of Sargassum Decomposition on Air Quality in South Florida,University of Miami
2303467,2023-05-30,639466,Standard Grant,Collaborative Research: Millennial-Length Histories of Northeastern Pacific Climate Variability from Bivalve Mollusks and Trees,University of Arizona
2303468,2023-05-30,144969,Standard Grant,Collaborative Research: Millennial-Length Histories of Northeastern Pacific Climate Variability from Bivalve Mollusks and Trees,Iowa State University
2307203,2023-05-30,451683,Standard Grant,Collaborative Research: Dipole Tilt Effect on Kelvin-Helmholtz Instability and Its Associated Ionospheric and Geomagnetic Signatures,Embry-Riddle Aeronautical University
2307204,2023-05-30,73065,Standard Grant,Collaborative Research: Dipole Tilt Effect on Kelvin-Helmholtz Instability and Its Associated Ionospheric and Geomagnetic Signatures,SPACE SCIENCE INSTITUTE
2307205,2023-05-30,75000,Standard Grant,Collaborative Research: Dipole Tilt Effect on Kelvin-Helmholtz Instability and Its Associated Ionospheric and Geomagnetic Signatures,Virginia Polytechnic Institute and State University
2153337,2023-05-31,91833000,Cooperative Agreement,Mid-scale RI-2: Airborne Phased Array Radar (APAR),University Corporation For Atmospheric Res
2327558,2023-05-31,50000,Standard Grant,"The Seventeenth (17th) Graduate Climate Conference (GCC); Woods Hole, Massachusetts; November 2-4, 2023",Massachusetts Institute of Technology
2331593,2023-06-02,414751,Continuing Grant,Characterizing Mesoscale Thermospheric F-region Winds Associated with Quasi-steady and Transient Nightside Auroral Arcs,Johns Hopkins University
2332311,2023-06-05,238053,Standard Grant,Collaborative Research: CEDAR: Searching for the Strongest Thermospheric Wind and Highest Temperature inside Strong Thermal Emission Velocity Enhancements,Johns Hopkins University
2238191,2023-06-07,522656,Continuing Grant,CAREER: A Laboratory Test of Radiation Belt Electron Acceleration and Diffusion by Whistler Chorus,Wheaton College
2332817,2023-06-07,19998,Standard Grant,Collaborative Research: CEDAR--A Whole-Atmospheric Perspective on Connections between Intra-Seasonal Variations in the Troposphere and Thermosphere,University of Colorado at Boulder
2304953,2023-06-08,582713,Standard Grant,Quantifying Agriculture as a Driver of Regional Climate Extremes,Syracuse University
2151075,2023-06-16,848435,Continuing Grant,"CAESAR: Characterizing and Understanding Atmospheric Boundary Layer Fluxes, Structure and Cloud Property Evolution in Arctic Cold Air Outbreaks",SUNY at Stony Brook
2303502,2023-06-16,499986,Standard Grant,"Intra-Annual Radiocarbon (14C) Offsets, Chronology and Paleoclimate",Cornell University
2303610,2023-06-16,899544,Standard Grant,Using Emergent Constraints to Reduce Uncertainty in Regional Climate Change,University of California-Los Angeles
2315083,2023-06-16,1709603,Continuing Grant,AGS-FIRP Track 3:  Salt Lake City Summer Ozone Study (SLC-SOS),Colorado State University
2330336,2023-06-16,16000,Standard Grant,"The Twelfth (12th) Workshop on Meteorological Sensitivity Analysis and Data Assimilation; Lake George, New York; May 19-24, 2024","University of Maryland, College Park"
2331252,2023-06-16,199997,Standard Grant,"RAPID: Characterizing the Sources and Chemistry of Nitrogen Oxides, Nitrous Acid, and Particulate Nitrate during the AEROMMA Campaign",SUNY College of Environmental Science and Forestry
2332007,2023-06-16,14224,Standard Grant,"Molecular-level Understanding Of Atmospheric Aerosols (MUOAA 2024); Corsica, France; April 1-5, 2024",University of California-Irvine
2332417,2023-06-16,30000,Standard Grant,Conference: Conduct a Workshop to Develop a Proposal Addressing African Air Quality,University of North Carolina at Chapel Hill
2246700,2023-06-18,399999,Standard Grant,Addressing Problems in Tropical Atmospheric Dynamics Using Idealized Global Climate Models,Princeton University
2303352,2023-06-18,493422,Standard Grant,Collaborative Research: Diagnosing Global Climatic Responses to Large Volcanic Eruptions in Climate Reconstructions and Model Simulations,Columbia University
2303353,2023-06-18,282980,Standard Grant,Collaborative Research: Diagnosing Global Climatic Responses to Large Volcanic Eruptions in Climate Reconstructions and Model Simulations,SUNY at Albany
2332467,2023-06-18,126139,Standard Grant,EAGER: A New Aerial Platform for Turbulence Measurements in the Atmospheric Surface Layer,University of Virginia Main Campus
2300037,2023-06-27,596537,Standard Grant,Collaborative Research: Understanding the impact of Arctic sea ice loss on summertime climate change,University of Chicago
2300038,2023-06-27,158059,Standard Grant,Collaborative Research: Understanding the impact of Arctic sea ice loss on summertime climate change,Colorado State University
2303225,2023-06-27,650456,Standard Grant,Collaborative Research: The Relationship between the Trade Wind Inversion Layer and the Seasonal Development of the Southeast Pacific Inter-Tropical Convergence Zone (ITCZ),Woods Hole Oceanographic Institution
2303226,2023-06-27,254826,Standard Grant,Collaborative Research: The Relationship between the Trade Wind Inversion Layer and the Seasonal Development of the Southeast Pacific Inter-Tropical Convergence Zone (ITCZ),Colorado State University
2303227,2023-06-27,36820,Standard Grant,Collaborative Research: The Relationship between the Trade Wind Inversion Layer and the Seasonal Development of the Southeast Pacific Inter-Tropical Convergence Zone (ITCZ),University Corporation For Atmospheric Res
2333172,2023-06-27,33420,Standard Grant,Collaborative Research: RAPID--Characterizing the Water Isotope Signature of an El Nino Event for Paleoclimate and Hydroclimate Studies,Colorado State University
2333173,2023-06-27,28589,Standard Grant,Collaborative Research: RAPID--Characterizing the Water Isotope Signature of an El Nino Event for Paleoclimate and Hydroclimate Studies,Brown University
2301337,2023-06-28,599812,Continuing Grant,Collaborative Research: SHINE--Exploring Reconnection-Driven Solar Explosive Events in Different Regimes through Modeling and Observation,Princeton University
2301338,2023-06-28,308871,Continuing Grant,Collaborative Research: SHINE--Exploring Reconnection-Driven Solar Explosive Events in Different Regimes through Modeling and Observation,Trustees of Boston University
2329456,2023-06-28,174988,Standard Grant,EAGER: A Technology Demonstrator for a mmWave Rapid Scan Image Phased Array Radar for Cloud Research,University of Oklahoma Norman Campus
2318221,2023-06-29,717310,Standard Grant,Stratocumulus As a Gravity Wave Observatory,University of Miami
2308670,2023-07-03,256012,Standard Grant,Collaborative Research: Energy Conversion Beyond the First Law of Thermodynamics in Non-Equilibrium Plasmas,University of New Hampshire
2321595,2023-07-06,600821,Standard Grant,Mercury's Nightside Magnetosphere Response to Southward IMF and ICMEs: MESSENGER Investigation and Comparisons With Earth’s Magnetosphere,Regents of the University of Michigan - Ann Arbor
2244112,2023-07-10,599498,Continuing Grant,"REU Site: Solar Physics at the Center for Astrophysics, Harvard & Smithsonian",Smithsonian Institution Astrophysical Observatory
2314759,2023-07-10,202312,Standard Grant,Kelvin-Helmholtz Instability and Magnetosonic Wave Emission Along Bursty Bulk Flow Channel Boudaries: Impacts on Near-Earth Plasma Sheet Dynamics During Substorms,Utica College
2149822,2023-07-11,682313,Standard Grant,Is the Solar Wind Electron Strahl a Seed Population for the Earth's Electron Radiation Belt?,SPACE SCIENCE INSTITUTE
2243602,2023-07-11,591203,Standard Grant,Towards an Improved Mechanistic Understanding of Dangerous Heat Extremes Affecting US Cities in the Historical Records and Future Climate Projections,Texas A&M University
2310364,2023-07-11,654531,Standard Grant,"Understanding the Effects of Land Hydrology, Water Volatility, and Rotation Rate on Clouds, Climate, and Circulation in a Hierarchy of Models",University of California-Los Angeles
2313772,2023-07-11,841228,Standard Grant,Closing the energy balance gap at scale,University of Wisconsin-Madison
2231667,2023-07-12,768924,Standard Grant,"Strateole-2: Atmospheric Wave Influences on Cirrus, Water Vapor, and Global Circulation Near the Tropical Tropopause","NorthWest Research Associates, Incorporated"
2323303,2023-07-12,660242,Standard Grant,Unraveling Solar Wind Variations in the Last Solar Cycle Using Global Magnetohydrodynamic (MHD) Simulations,Regents of the University of Michigan - Ann Arbor
2325313,2023-07-13,558790,Standard Grant,Multispacecraft Study of the Spatio-Temporal Variability of Solar Energetic Particles (SEP) Profiles in the Inner Heliosphere,University of New Hampshire
2242805,2023-07-16,399930,Standard Grant,"MagStar Phase-II: Supporting Cost-Effective, Long-Term Access to Scientific Data",Computational Physics Inc
2243975,2023-07-17,400676,Standard Grant,"REU Site: Student Training in Oceanography, Remote Sensing, and Meteorology (STORM)",University of Wisconsin-Madison
2312282,2023-07-17,378011,Standard Grant,Controlled Whistler Mode Wave Injection Experiments with the High Altitude Auroral Research Program (HAARP) Facility,University of Colorado at Denver
2333584,2023-07-20,491206,Continuing Grant,CAREER: Multi-Generational Aging of Atmospheric Organic Mixtures,Regents of the University of Michigan - Ann Arbor
2325687,2023-07-21,440764,Standard Grant,Influences of Coherent Structures on Validity of the Constant Flux Layer Assumptions in the Unstable Atmospheric Surface Layer,Washington State University
2303577,2023-07-31,892703,Standard Grant,"A Model-Data Approach to Better Understand Paleoclimate Records of Stable Water Isotopes in High-Elevation, Lower-Latitude Glaciers","OHIO STATE UNIVERSITY, THE"
2246912,2023-08-01,487142,Standard Grant,GEM: Sources of Electron Populations in the Plasma Sheet,Regents of the University of Michigan - Ann Arbor
2303385,2023-08-02,556334,Standard Grant,The Distance Effect Annual Cycle in Earth's Climate,University of California-Berkeley
2317630,2023-08-03,432369,Standard Grant,Toward an Improved Understanding of Particle Dry Deposition Velocity,North Carolina State University
2231409,2023-08-04,407336,Standard Grant,CEDAR: Data-driven Modeling of the Global Equatorial Electrojet Variability,University of Colorado at Boulder
2318987,2023-08-04,1236369,Standard Grant,Acquisition of Helium Recovery Equipment: Orbitrap Fourier Transform Isotope Ratio Mass Spectrometer for Environmental and Climate Research.,University of Washington
2322325,2023-08-04,259518,Standard Grant,MCA: Leveraging Artificial Intelligence to Improve Understanding of Biogenic Volatile Organic Compound Emissions and Chemistry over Heterogeneous Forest Landscapes,Colby College
2330046,2023-08-04,425403,Standard Grant,CEDAR: Characterization of Upper Atmospheric Effects of Hurricanes,George Mason University
2323066,2023-08-07,509769,Standard Grant,Collaborative Research: Process Mechanics of Cloudiness Transitions in Subtropical Marine Boundary Layers,Rutgers University New Brunswick
2323067,2023-08-07,532712,Standard Grant,Collaborative Research: Process Mechanics of Cloudiness Transitions in Subtropical Marine Boundary Layers,Colorado State University
2322462,2023-08-08,872179,Standard Grant,Seasonal Measurements of Hydrogen Oxide Radical (HOx) Chemistry in Forests,Indiana University
2330168,2023-08-08,600124,Standard Grant,CEDAR: Observational and Modeling Studies of Thermosphere-Ionosphere Metal (TIMt) Layers over Boulder,University of Colorado at Boulder
2303301,2023-08-09,306686,Standard Grant,Common Era Reconstructions of African Dust Transport to the Western North Atlantic,University of Southern Mississippi
2317159,2023-08-09,831032,Standard Grant,Insolation Gradients and Eastern Mediterranean Aridity:  Impacts on Winter Storms and Implications for Climate Projections,Columbia University
2325511,2023-08-09,637638,Standard Grant,Electron-only Magnetic Reconnection and Role of Reconnection in Kinetic Plasma Turbulence,Dartmouth College
2326631,2023-08-09,471155,Standard Grant,Collaborative Research: Convective Processes in the Tropics Across Scales,University of Wisconsin-Madison
2326632,2023-08-09,297316,Standard Grant,Collaborative Research: Convective Processes in the Tropics Across Scales,New Jersey Institute of Technology
2329297,2023-08-09,587816,Standard Grant,The Origin and Structure of the Monsoon Onset Vortex,North Carolina State University
2330829,2023-08-09,96700,Standard Grant,"Conference on Science and Law of Sea Level Rise: Reducing Legal Obstacles to Managing Rising Seas; Fort Lauderdale, Florida; Spring 2024",Environmental Law Institute
2321042,2023-08-11,652363,Standard Grant,Assessing and Understanding Oceanic Climate Forcing on Decadal Climate Variability from Surface Heat Flux,"OHIO STATE UNIVERSITY, THE"
2311162,2023-08-14,717604,Standard Grant,"Understanding the Critical Role of Seasonality for El Niño/Southern Oscillation (ENSO) Variability, Using Empirical Stochastic-Dynamic Models and Physics-Based Coupled Models",University of Wisconsin-Madison
2311540,2023-08-15,608923,Standard Grant,"Collaborative Research: Identifying Model Biases in Poleward Heat Transport--Atmosphere-Ocean Partitioning, Trends over the Historical Period and Sub-Seasonal Variability",University of Washington
2311541,2023-08-15,71477,Standard Grant,"Collaborative Research: Identifying Model Biases in Poleward Heat Transport--Atmosphere-Ocean Partitioning, Trends over the Historical Period and Sub-Seasonal Variability",University of California-Santa Cruz
2323203,2023-08-16,651324,Standard Grant,Field Measurements for Understanding Atmospheric Oxidation Generated by Electrical Discharges,Pennsylvania State Univ University Park
2329677,2023-08-16,389521,Standard Grant,CEDAR: Modeling of Initial Temperature Relaxation and Expansion of Meteor Trails,Pennsylvania State Univ University Park
2312191,2023-08-17,559349,Standard Grant,Collaborative Research: Laboratory and Modeling Studies to Resolve a Grand Challenge for Upper Atmospheric Science,SRI International
2312192,2023-08-17,398012,Standard Grant,Collaborative Research: Laboratory and Modeling Studies to Resolve a Grand Challenge for Upper Atmospheric Science,Catholic University of America
2318739,2023-08-17,202000,Fellowship Award,AGS-PRF: Novel Detection of Accelerated Emissions of Nitrogen Oxides Following High Latitude Peat Fires,"Gorchov Negron, Alan"
2329979,2023-08-17,433534,Standard Grant,Collaborative Research: CEDAR: Swarm over Poker 2023--An Auroral System-Science Campaign Exemplar of Archiving and Aharing Heterogeneously-Derived Data Products,Dartmouth College
2329980,2023-08-17,315225,Standard Grant,Collaborative Research: CEDAR: Swarm over Poker 2023--An Auroral System-Science Campaign Exemplar of Archiving and Aharing Heterogeneously-Derived Data Products,University of Alaska Fairbanks Campus
2329981,2023-08-17,430427,Standard Grant,Collaborative Research: CEDAR: Swarm over Poker 2023--An Auroral System-Science Campaign Exemplar of Archiving and Aharing Heterogeneously-Derived Data Products,SRI International
2336773,2023-08-17,19575,Standard Grant,"Third International Workshop on Waves, Storm Surges, and Coastal Hazards, Incorporating the Seventeenth (17th) International Waves Workshop; Notre Dame, Indiana; October 1-6, 2023",University of Notre Dame
2244272,2023-08-18,557504,Continuing Grant,REU Site: An Inclusive Research Experience in ALpine Meteorology (REALM),University of Utah
2247677,2023-08-22,348127,Standard Grant,Collaborative Research: GEM--Towards Developing Physics-informed Subgrid Models for Geospace MagnetoHydroDynamics (MHD) Simulations,University of California-Los Angeles
2247678,2023-08-22,249589,Standard Grant,Collaborative Research: GEM--Towards Developing Physics-informed Subgrid Models for Geospace MagnetoHydroDynamics (MHD) Simulations,Johns Hopkins University
2247758,2023-08-22,271096,Standard Grant,Collaborative Research: GEM--How Upstream Solar Wind Conditions Determine the Properties of the Foreshock Backstreaming Ions,SPACE SCIENCE INSTITUTE
2247759,2023-08-22,82799,Standard Grant,Collaborative Research: GEM--How Upstream Solar Wind Conditions Determine the Properties of the Foreshock Backstreaming Ions,Auburn University
2247760,2023-08-22,229577,Standard Grant,Collaborative Research: GEM--How Upstream Solar Wind Conditions Determine the Properties of the Foreshock Backstreaming Ions,University of California-Los Angeles
2303457,2023-08-22,142090,Standard Grant,"Collaborative Research: Uncovering the Role of Land-Atmosphere Feedbacks on Flash Drought Intensification, Severity, and Expansion",James Madison University
2303458,2023-08-22,262898,Standard Grant,"Collaborative Research: Uncovering the Role of Land-Atmosphere Feedbacks on Flash Drought Intensification, Severity, and Expansion",University of Wisconsin-Madison
2322856,2023-08-22,884875,Standard Grant,Collaborative Research: Chemistry-Informed Ice Nucleation and Growth--Integrated Laboratory and Modeling Studies,Pennsylvania State Univ University Park
2322857,2023-08-22,295852,Standard Grant,Collaborative Research: Chemistry-Informed Ice Nucleation and Growth--Integrated Laboratory and Modeling Studies,University of Illinois at Urbana-Champaign
2334562,2023-08-22,50000,Standard Grant,"Travel Grant: Inaugural Data, Analysis and Software in Heliophysics (DASH) Conference; Laurel, Maryland; October 11-13, 2023",University of Colorado at Boulder
2244344,2023-08-23,488953,Standard Grant,REU Site: Space Physics and Solar Astrophysics Program at Montana State University,Montana State University
2247718,2023-08-23,554951,Standard Grant,GEM: Energy Conversion Associated with Non-equilibrium Velocity Distribution Functions in Dayside Magnetopause Reconnection,"University of Maryland, College Park"
2321378,2023-08-23,584512,Standard Grant,Collaborative Research: Verification of Atmospheric Mercury Redox Rates,Utah State University
2321379,2023-08-23,235435,Standard Grant,Collaborative Research: Verification of Atmospheric Mercury Redox Rates,"Board of Regents, NSHE, obo University of Nevada, Reno"
2321380,2023-08-23,227159,Standard Grant,Collaborative Research: Verification of Atmospheric Mercury Redox Rates,University of Utah
2321381,2023-08-23,178063,Standard Grant,Collaborative Research: Verification of Atmospheric Mercury Redox Rates,Brigham Young University
2247255,2023-08-28,376028,Continuing Grant,Collaborative Research: GEM--The Upper Limit of the Earth's Outer Radiation Belt Electron Fluxes,University of California-Los Angeles
2247256,2023-08-28,134897,Continuing Grant,Collaborative Research: GEM--The Upper Limit of the Earth's Outer Radiation Belt Electron Fluxes,University of Colorado at Boulder
2303653,2023-08-28,430031,Continuing Grant,"Collaborative Research: Enhancing Radar Meteorology Instruction with an Open, Flexible, Online Course",Purdue University
2303654,2023-08-28,326956,Standard Grant,"Collaborative Research: Enhancing Radar Meteorology Instruction with an Open, Flexible, Online Course",University Corporation For Atmospheric Res
2324555,2023-08-28,47706,Standard Grant,"Travel Grant for U.S. Scientist to the African Geophysical Society Conference and International Space Weather Initiative (ISWI) School; Lusaka, Zambia; September 26-October 4, 2023",Catholic University of America
2329957,2023-08-28,719982,Standard Grant,Collaborative Research: CEDAR--Higher-Order Concentric Gravity Waves in the Northern Winter Thermosphere and Ionosphere,"NorthWest Research Associates, Incorporated"
2329958,2023-08-28,188835,Standard Grant,Collaborative Research: CEDAR--Higher-Order Concentric Gravity Waves in the Northern Winter Thermosphere and Ionosphere,University of Colorado at Boulder
2320478,2023-08-29,1879490,Standard Grant,MRI RI-Track 2:  Development of the Expanded Owens Valley Solar Array (EOVSA)-15--Major Upgrade of a Community Facility for Solar and Space Weather Physics,New Jersey Institute of Technology
2320710,2023-08-29,779640,Standard Grant,MRI Track 1: Acquisition of a Ka-band Polarization Radar for Atmospheric Process Studies,University of Alabama in Huntsville
2237435,2023-08-30,1184472,Continuing Grant,"CAREER: Uncovering Solar Wind Composition, Acceleration, and Origin through Observations, Modeling, and Machine Learning Methods",Regents of the University of Michigan - Ann Arbor
2243909,2023-08-30,404911,Standard Grant,REU Site: Astronomy and Geoscience at the Massachusetts Institute of Technology (MIT) Haystack Observatory,Massachusetts Institute of Technology
2325377,2023-08-30,100000,Standard Grant,"Workshop on Geomagnetically Induced Currents; College Park, Maryland; Four Days in October 2023","University of Maryland, College Park"
2335731,2023-08-30,99999,Standard Grant,Conference: Attribution of Extreme Weather and Climate Events and their Impacts,National Academy of Sciences
2319935,2023-08-31,780823,Standard Grant,"MRI Track 1: Acquisition of a Photoionization-Time of Flight Mass Spectrometer (PI-TOFMS) to Advance Environmental Research in Water, Soil, and Air","Nevada System of Higher Education, Desert Research Institute"
2322396,2023-08-31,291216,Standard Grant,"MCA: Urban-resolving Modeling System - Urban Heat Island, Urban Hydrology, Air Pollution, and Aerosol-Cloud Interaction Nexus","Nevada System of Higher Education, Desert Research Institute"
2312315,2023-09-01,380904,Standard Grant,Collaborative Research: Mesoscale Predictability Across Climate Regimes,Texas Tech University
2312316,2023-09-01,183248,Standard Grant,Collaborative Research: Mesoscale Predictability Across Climate Regimes,SUNY College at Oswego
2312317,2023-09-01,381865,Standard Grant,Collaborative Research: Mesoscale Predictability Across Climate Regimes,Colorado State University
2330009,2023-09-01,466782,Continuing Grant,The Role of the Mean-State Atmospheric Circulation in Future Projections of Regional Hydroclimate and Cloud Feedbacks,University of Virginia Main Campus
2320510,2023-09-05,531902,Standard Grant,"MRI Track 1: Acquisition of an Aerosol Chemical Speciation System to Elucidate Sources, Formation Processes, and Environmental Impacts at ASU's AppalAIR Observatory",Appalachian State University
2344105,2023-09-05,159998,Standard Grant,RAPID: Meteorology and Predictability of the August 2023 Maui Wildfires,University of Washington
2244215,2023-09-06,392819,Standard Grant,REU Site: Atmospheric Research and Engineering Solutions for Climate Change and Environmental Challenges,SUNY at Albany
2327914,2023-09-11,716747,Standard Grant,Collaborative Research: Observations and Modeling of Primary and Secondary Gravity Waves at all Altitudes over the Andes,Embry-Riddle Aeronautical University
2327915,2023-09-11,359645,Standard Grant,Collaborative Research: Observations and Modeling of Primary and Secondary Gravity Waves at all Altitudes over the Andes,"GLOBAL ATMOSPHERIC TECHNOLOGIES AND SCIENCES, INC."
2341527,2023-09-11,99999,Standard Grant,Travel Grant: For Faculty from Under-Resourced Institutions to the American Meteorological Society (AMS) Community Meetings in 2024,American Meteorological Society
2345296,2023-09-11,168845,Standard Grant,RAPID: Drivers and Improving Forecasts of Subseasonal-to-Seasonal Wildfire Potential in Hawaii,University of Hawaii
2320421,2023-09-13,1161665,Standard Grant,MRI Track 1: Acquisition of a Dual-Reagent Chemical Ion Mass Spectrometer for Direct and Detailed Measurements of Atmospheric Chemical Fluxes,University of Minnesota-Twin Cities
2340946,2023-09-13,50000,Standard Grant,Travel Grant: Workshop on Impacts of Unusual Weather Events and Climate Anomalies on a Tropical Rainforest,Pennsylvania State Univ University Park
2345272,2023-09-13,150000,Standard Grant,RAPID: Characterizing and Understanding Smoke Transport in 2023 Hawaii Wildfire Event Using Geostationary Satellite Observations and Numerical Modeling,University of California-Los Angeles
2327916,2023-10-23,335876,Continuing Grant,"Collaborative Research: Aeolian Grain Entrainment Over Flexible Vegetation Canopies: Theoretical Models, Laboratory Experiments and Fieldwork",University of Texas at Dallas
2327917,2023-10-23,296534,Continuing Grant,"Collaborative Research: Aeolian Grain Entrainment Over Flexible Vegetation Canopies: Theoretical Models, Laboratory Experiments and Fieldwork","Nevada System of Higher Education, Desert Research Institute"
2329284,2023-10-23,866957,Continuing Grant,Origin and Influence of Background Ozone in the Western United States (U.S.) from Observations at the Mount Bachelor Observatory,University of Washington
2342473,2023-10-23,199990,Standard Grant,RAPID: A Relativistic Electron and Proton Telescope to Probe the Inner Heliosphere,University of Colorado at Boulder
2302668,2023-11-03,385896,Standard Grant,Collaborative Research: Ultra-High Resolution Paleostreamflow in Southeast Asia--Proxy/Model Comparison,Columbia University
2302669,2023-11-03,146700,Standard Grant,Collaborative Research: Ultra-High Resolution Paleostreamflow in Southeast Asia--Proxy/Model Comparison,Mississippi State University
2324901,2023-11-03,202000,Fellowship Award,AGS-PRF: Characterizing the Physicochemical Properties of Primary and Secondary Ultrafine Particles from Brake Emissions,"Cooke, Madeline E"
2325458,2023-11-03,599298,Continuing Grant,Toward Improved Understanding of Fundamental Processes Controlling the Size-Resolved Properties of Particles in the Stratosphere,SUNY at Albany
2331120,2023-11-03,438627,Continuing Grant,Collaborative Research: Examining Cloud-Radiation Feedback at Convective Scales in Tropical Cyclones,University of Oklahoma Norman Campus
2331121,2023-11-03,46283,Continuing Grant,Collaborative Research: Examining Cloud-Radiation Feedback at Convective Scales in Tropical Cyclones,Pennsylvania State Univ University Park
2317224,2023-11-13,202000,Fellowship Award,AGS-PRF: Understanding Historical Trends in Tropical Pacific Sea Surface Temperature Patterns,"Hogikyan, Allison"
2403869,2023-11-13,138645,Standard Grant,"RAPID: Measuring the Isotopic Fingerprint of the South American Summer Monsoon during a Strong El Nino, 2023-2024",Purdue University
2327958,2023-11-14,677761,Standard Grant,Collaborative Research: Understanding the Links between Tropical Cyclones and Tropical Circulation under Climate Change through Idealized Coupled Climate Modeling,SUNY at Stony Brook
2327959,2023-11-14,332982,Standard Grant,Collaborative Research: Understanding the Links between Tropical Cyclones and Tropical Circulation under Climate Change through Idealized Coupled Climate Modeling,University of Illinois at Urbana-Champaign
2403487,2023-11-15,529705,Continuing Grant,CAREER: A Comprehensive Assessment of Over-Ocean Tropical Cyclone Weakening,University of Arizona
2330350,2023-11-16,1190626,Continuing Grant,Collaborative Research: Cloud Top Discharges and their Parent Storms,Georgia Tech Applied Research Corporation
2330351,2023-11-16,65205,Continuing Grant,Collaborative Research: Cloud Top Discharges and their Parent Storms,Texas A&M University
2407263,2023-11-24,188835,Standard Grant,Collaborative Research: CEDAR--Higher-Order Concentric Gravity Waves in the Northern Winter Thermosphere and Ionosphere,Johns Hopkins University
2345420,2023-11-28,99997,Standard Grant,"Education and Outreach using the MicroPulse Differential Absorption Lidars (MPD) and NYSM Profiler Network before, during, and after the 2024 Total Solar Eclipse",SUNY at Albany
2350046,2023-11-28,50000,Standard Grant,"American Geophysical Union (AGU) Chapman Conference on The Triennial Earth-Sun Summit (TESS); Dallas, Texas; April 7-12, 2024",American Geophysical Union
2404997,2023-11-28,49998,Standard Grant,"The Ham Radio Science Citizen Investigation (HamSCI) Workshop; Cleveland, Ohio; March 22-23, 2024",University of Scranton
2303566,2023-12-01,304573,Continuing Grant,Collaborative Research: Reducing Model Uncertainty by Improving Understanding of Pacific Meridional Climate Structure during Past Warm Intervals,University of Connecticut
2303567,2023-12-01,170080,Continuing Grant,Collaborative Research: Reducing Model Uncertainty by Improving Understanding of Pacific Meridional Climate Structure during Past Warm Intervals,University Corporation For Atmospheric Res
2303568,2023-12-01,300857,Continuing Grant,Collaborative Research: Reducing Model Uncertainty by Improving Understanding of Pacific Meridional Climate Structure during Past Warm Intervals,Syracuse University
2327825,2023-12-01,1998834,Continuing Grant,Non-tailpipe Emissions: The Next Frontier in Vehicle Contributions to Air Quality and Climate Change,University of California-Irvine
2338125,2023-12-01,683549,Continuing Grant,"CAREER: Understanding Radiation Belt Electron Fast, Deep Injections in the Inner Magnetosphere",Auburn University
2410406,2023-12-01,484050,Standard Grant,Laboratory Studies Investigating the Influence of Particle Diameter on Viscosity,University of California-Riverside
2410536,2023-12-01,298825,Standard Grant,Collaborative Research: Coastal Cloud Chemistry during the Eastern Pacific Cloud Aerosol Precipitation Experiment (EPCAPE-CCC),University of California-Riverside
2331728,2023-12-06,897671,Continuing Grant,Collaborative Research: Understanding the Influence of Turbulent Processes on the Spatiotemporal Variability of Downslope Winds in Coastal Environments,University of California-Santa Barbara
2331729,2023-12-06,388636,Continuing Grant,Collaborative Research: Understanding the Influence of Turbulent Processes on the Spatiotemporal Variability of Downslope Winds in Coastal Environments,University of Virginia Main Campus
2338131,2023-12-07,574264,Continuing Grant,CAREER: Understanding Collisionless Magnetic Reconnection as a Fundamental Heliospheric Process,University of Hawaii
2337588,2023-12-08,679055,Continuing Grant,CAREER: Evolution of Stream Interaction Regions from 1 to 5.4 AU and the Implications for Geomagnetically Induced Currents,Montana State University
2412409,2023-12-11,360308,Continuing Grant,Collaborative Research: Aerosol Properties and Autoconversion during Cold-Air outbreak Experiment in the Sub-Arctic Region (CAESAR),University of California-Riverside
2330254,2023-12-12,399262,Standard Grant,CEDAR: Evaluating Ion Temperature Anisotropy in the Weakly Collisional F-region Ionosphere,New Jersey Institute of Technology
2411723,2023-12-18,682038,Standard Grant,How Do Energy Fluxes Link Precipitation Variability across the Tropical Weather-Climate Continuum?,CUNY City College
2328210,2024-01-08,79074,Standard Grant,Solar Eclipse-Induced Changes in the Ozone Layer Observed with UV/VIS (UltraViolet–VISible Spectroscopy) Radiometer,Biospherical Instruments Inc
2334618,2024-01-08,825710,Continuing Grant,Collaborative Research: Laboratory Measurements of Oxygen (O) and Nitrogen (N2) Ultraviolet (UV) Cross Sections by Particle Impact for Remote Sensing of Thermosphere O/N2 Variation,University of Colorado at Boulder
2334619,2024-01-08,89974,Standard Grant,Collaborative Research: Laboratory Measurements of Oxygen (O) and Nitrogen (N2) Ultraviolet (UV) Cross Sections by Particle Impact for Remote Sensing of Thermosphere O/N2 Variation,Computational Physics Inc
2336111,2024-01-08,702104,Continuing Grant,Advancing Understanding of Super-Coarse and Giant Dust Particles via Novel Measurements of Emission and Transport,University of California-San Diego Scripps Inst of Oceanography
2331199,2024-01-12,974030,Continuing Grant,Collaborative Research: AGS-FIRP Track 2--Process Investigation of Clouds and Convective Organization over the atLantic Ocean (PICCOLO),Florida State University
2331200,2024-01-12,426219,Continuing Grant,Collaborative Research: AGS-FIRP Track 2--Process Investigation of Clouds and Convective Organization over the atLantic Ocean (PICCOLO),University of Oklahoma Norman Campus
2331202,2024-01-12,1050476,Continuing Grant,Collaborative Research: AGS-FIRP Track 2--Process Investigation of Clouds and Convective Organization over the atLantic Ocean (PICCOLO),Colorado State University
2334171,2024-01-16,500781,Continuing Grant,Differentiating Cyclogenesis with and without Large Amplitude Mesoscale Gravity Waves: Implications for Rapidly Varying Heavy Precipitation and Gusty Winds,"Nevada System of Higher Education, Desert Research Institute"
2336002,2024-01-16,523860,Continuing Grant,Development of a Physics-Data Driven Surface Flux Parameterization for Flow in Complex Terrain,Columbia University
2414933,2024-01-16,35000,Standard Grant,"Space Weather Workshop in Boulder, Colorado; April 2024",University Corporation For Atmospheric Res
2415082,2024-01-16,49999,Standard Grant,"Solar Eclipse Workshop: Observations of April 2024 Total Solar Eclipse and Community Discussion of Multi-Scale Coupling in Geospace Environment; Arlington, Texas; April 8-10, 2024",University of Texas at Arlington
2401074,2024-01-17,59123,Standard Grant,"Coordinated Cosmic-Ray Observation System Conference, July 2024 in Lincoln, Nebraska",University of Nebraska-Lincoln
2406927,2024-01-17,50000,Standard Grant,"Rossbypalooza 2024: A Student-led Summer School on Climate and Extreme Events Conference; Chicago, Illinois; July 22-August 2, 2024",University of Chicago
2320259,2024-01-18,238190,Standard Grant,Collaborative Research: Remote Sensing of the Lower Ionosphere during 2024 Solar Eclipse: Revealing the Spatial and Temporal Scales of Ionization and Recombination,University of Colorado at Denver
2320260,2024-01-18,244218,Standard Grant,Collaborative Research: Remote Sensing of the Lower Ionosphere during 2024 Solar Eclipse: Revealing the Spatial and Temporal Scales of Ionization and Recombination,University of California-Berkeley
2337380,2024-01-18,487973,Continuing Grant,Collaborative Research: What Drives the Most Extreme Rainstorms in the Contiguous United States (US)?,Colorado State University
2337381,2024-01-18,306661,Standard Grant,Collaborative Research: What Drives the Most Extreme Rainstorms in the Contiguous United States (US)?,University of Oklahoma Norman Campus
2402728,2024-01-19,1201320,Continuing Grant,Collaborative Research: Four-Dimensional (4D) Investigation of Tropical Waves Using High-Resolution GNSS Radio Occultation from Strateole2 Balloons,University of California-San Diego Scripps Inst of Oceanography
2402729,2024-01-19,197414,Continuing Grant,Collaborative Research: Four-Dimensional (4D) Investigation of Tropical Waves Using High-Resolution GNSS Radio Occultation from Strateole2 Balloons,"NorthWest Research Associates, Incorporated"
2413746,2024-01-23,10000,Standard Grant,"Tropical Cyclone Operations and Research Forum (TCORF)/Interdepartmental Hurricane Conference (IHC); Lakeland, Florida; March 4-8, 2024",University Corporation For Atmospheric Res
2414561,2024-01-23,485674,Continuing Grant,Evaluating the Atmospheric Dynamics of Nitrate and Sulfate in Southern New England in Response to Emission Regulations,University of South Carolina at Columbia
2336110,2024-01-25,1201765,Continuing Grant,"Continuing Measurements of Water Vapor, Clouds, Aerosol, and Waves Above, and Across, the Tropical Tropopause Layer with in Situ Instruments on Circum-Tropical Isopycnic Balloons",University of Colorado at Boulder
2338825,2024-01-25,1076144,Continuing Grant,CAREER: Securing the Future of Electric Field Measurements in Space Physics,West Virginia University Research Corporation
2341972,2024-01-25,23594,Standard Grant,AGS-FIRP Track 1: Solar Eclipse Effects on Weather and Aerial Fauna (SEEWAF),University of Alabama in Huntsville
2330787,2024-01-26,932280,Standard Grant,Collaborative Research: Atmospheric Nucleation of Complex Mixtures Emitted from Marine Planktonic Communities,Carnegie Mellon University
2330788,2024-01-26,304365,Standard Grant,Collaborative Research: Atmospheric Nucleation of Complex Mixtures Emitted from Marine Planktonic Communities,Bigelow Laboratory for Ocean Sciences
2334731,2024-01-26,797203,Standard Grant,Effect of Condensed-Phase Photochemistry on Absorption Coefficients and Phase State of Atmospheric Organic Aerosol Particles,University of California-Irvine
2338998,2024-01-26,699648,Continuing Grant,CAREER: Climate Variability in Hawaii through Scientific and Indigenous Approaches,University of Hawaii
2414424,2024-01-26,236421,Standard Grant,EAGER: Generalizing Monin-Obukhov Similarity Theory (MOST)-based Surface Layer Parameterizations for Turbulence Resolving Earth System Models (ESMs),University of Utah
2409754,2024-01-29,30000,Standard Grant,"Travel Grant: Enabling Students and Early-Career Scientists to Attend the Eleventh (11th) International GEOS-Chem Meeting (IGC11); Saint Louis, Missouri; June 11-14, 2024",Washington University
2414651,2024-01-29,50000,Standard Grant,"Travel Grant: Conference Support for the Python in Heliophysics Community (PyHC) 2024 Summer School; Boulder, Colorado; May 20-24, 2024",University of Colorado at Boulder
2417806,2024-01-29,15000,Standard Grant,"The Eleventh (11th) Coronal Loops Workshop; Tenerife, Spain; June 25-28, 2024",George Mason University
2339961,2024-01-30,721601,Continuing Grant,CAREER: Observational and Modeling Investigations of Pulsating Aurora Electrodynamics,Clemson University
2341623,2024-01-30,779342,Standard Grant,Relativistic Runaway Discharges in the Earth's Atmosphere,Pennsylvania State Univ University Park
2414513,2024-01-30,225521,Standard Grant,RUI: Characterization and Modeling of Space Weather Geomagnetic Fluctuations,Anderson University
2332468,2024-01-31,1794617,Continuing Grant,Collaborative Research: Enabling Cloud-Permitting and Coupled Climate Modeling via Nonhydrostatic Extensions of the CESM Spectral Element Dynamical Core,Regents of the University of Michigan - Ann Arbor
2332469,2024-01-31,507817,Continuing Grant,Collaborative Research: Enabling Cloud-Permitting and Coupled Climate Modeling via Nonhydrostatic Extensions of the CESM Spectral Element Dynamical Core,Texas A&M University
2303524,2024-02-01,562254,Standard Grant,Collaborative Research: Intertropical Convergence Zone Variations from Stable Oxygen Isotope Tree-ring Records in the Tropical Americas,Columbia University
2303525,2024-02-01,192386,Standard Grant,Collaborative Research: Intertropical Convergence Zone Variations from Stable Oxygen Isotope Tree-ring Records in the Tropical Americas,University of Arizona
2303526,2024-02-01,29999,Standard Grant,Collaborative Research: Intertropical Convergence Zone Variations from Stable Oxygen Isotope Tree-ring Records in the Tropical Americas,University of Denver
2331523,2024-02-01,772000,Standard Grant,Oxidation Pathways and Radicals at the Gas-Particle Interface Using Surface-Sensitive Techniques,University of California-Irvine
2334173,2024-02-01,777109,Standard Grant,Tropical Cyclones from 400 to 40 hPa,University of Miami
2411615,2024-02-02,299818,Standard Grant,EAGER: Airborne Investigation of the Chlorine Mediated Mineral Dust Sea Spray Aerosol (MDSA) Mechanism in the Western Atlantic,SUNY at Stony Brook
2417794,2024-02-02,256539,Standard Grant,EAGER: Creating a Composite EL Nino Record from the Lowland Neotropics,Florida Institute of Technology
2335082,2024-02-05,444353,Continuing Grant,Collaborative Research: Characterizing Atmospheric Tropical-waves of the Lower Stratosphere with Reel-down Atmospheric Temperature Sensing for Strateole-2--RATS Chasing CATS!,"NorthWest Research Associates, Incorporated"
2335083,2024-02-05,654955,Continuing Grant,Collaborative Research: Characterizing Atmospheric Tropical-waves of the Lower Stratosphere with Reel-down Atmospheric Temperature Sensing for Strateole-2--RATS Chasing CATS!,University of Colorado at Boulder
2337399,2024-02-05,526119,Standard Grant,Traversing the Gray Zone with Scale-aware Turbulence Closures,University of California-Berkeley
2343844,2024-02-05,226999,Standard Grant,Thermospheric Estimation and CHaracterization with Nitric Oxide (TECHNO),Michigan Technological University
2400789,2024-02-05,684339,Continuing Grant,SHINE: The Evolution of Coronal Dimmings and Their Relationship to Eruptive Phenomena,University of Colorado at Boulder
2401162,2024-02-05,579686,Continuing Grant,SHINE: Solar Energetic Particles Mediating Interplanetary Shocks Close to the Sun,Johns Hopkins University
2331527,2024-02-09,577698,Standard Grant,Understanding the Geospace Phenomena Connected to Localized Perturbations in Earth’s Magnetic Field,University of New Hampshire
2337313,2024-02-09,297497,Standard Grant,Probing the roles of reactive iodine and bromine in Arctic halogen chemistry,University of Alaska Fairbanks Campus
2338758,2024-02-09,643562,Continuing Grant,CAREER: Timely Estimation of Nitrogen Oxides Emissions for Improved Monitoring and Simulation of Atmospheric Chemical Processes,SUNY at Buffalo
2339449,2024-02-09,742236,Continuing Grant,CAREER: Origin and Evolution of the Light Absorption of Biomass Burning Aerosol,Oklahoma State University
2343926,2024-02-09,17684,Standard Grant,AGS-FIRP Track 1: The 2024 SUNY Oswego Undergraduate Radar Curriculum Experience (SOURCE),SUNY College at Oswego
2350205,2024-02-09,652433,Standard Grant,Improved understanding of bow echo evolution and long-lasting significantly severe thunderstorm winds,Iowa State University
2336464,2024-02-12,49818,Standard Grant,AGS-FIRP Track 1: Enhancing Undergraduate Education of the Planetary Boundary Layer during the 2024 Solar Eclipse,Valparaiso University
2341756,2024-02-12,452993,Standard Grant,The role of indoor dust in modulating indoor air chemistry: assessing air-dust heterogeneous transformations and human exposures,Washington University
2347930,2024-02-12,1494992,Continuing Grant,FDSS Track 2: Ionospheric Space Weather Faculty Line at the University of Massachusetts Lowell,University of Massachusetts Lowell
2410422,2024-02-16,132755,Continuing Grant,CIF: An Ice Nucleation Cold-Stage for Research and Teaching,University of California-Riverside
2323648,2024-03-05,826537,Standard Grant,"Collaborative Research: Connecting the Past, Present, and Future Climate of the Lake Victoria Basin using High-Resolution Coupled Modeling",University of Texas at Austin
2323649,2024-03-05,137528,Standard Grant,"Collaborative Research: Connecting the Past, Present, and Future Climate of the Lake Victoria Basin using High-Resolution Coupled Modeling",Baylor University
2338237,2024-03-05,944511,Standard Grant,CAREER: Understanding Changes in Summertime Continental Temperature Extremes,University of California-Los Angeles
2420710,2024-03-05,271096,Standard Grant,Collaborative Research: GEM--How Upstream Solar Wind Conditions Determine the Properties of the Foreshock Backstreaming Ions,University of California-Los Angeles
2347093,2024-03-07,22270,Standard Grant,AGS-FIRP Track 1: Learning by Doing: Observing the Lake Michigan Lake-Breeze Circulation,University of Wisconsin-Milwaukee
2347149,2024-03-19,1488646,Continuing Grant,FDSS Track 1: Integrating Research and Education in Magnetosphere-Ionosphere-Atmosphere Coupling at Clemson University,Clemson University
2347873,2024-03-19,1500000,Continuing Grant,FDSS Track 1: A New Paradigm for Faculty Development in Geospace Science at Georgia Tech,Georgia Tech Research Corporation
2347922,2024-03-19,1344985,Continuing Grant,FDSS Track 2: Building Solar-Terrestrial Physics Capacity at Bates College,Bates College
2348000,2024-03-19,1493015,Continuing Grant,FDSS Track 2: Building a Space Physics Program at the University of Texas at Arlington,University of Texas at Arlington
2333139,2024-03-21,800565,Standard Grant,Winds of Change: Exploring the Meteorological Drivers of Global Dust,University of California-San Diego Scripps Inst of Oceanography
2411808,2024-03-21,594429,Standard Grant,Reconnection Onset in Overstretched Magnetotail Current Sheets,Johns Hopkins University
2347952,2024-03-22,1499420,Continuing Grant,FDSS Track 1: Expansion and Integration of Space Physics at the University of Delaware,University of Delaware
2422805,2024-03-25,100000,Standard Grant,Travel Grant: Enabling Faculty at Under-Resourced Primarily Undergraduate Institutions to Attend the 2024 Fall American Geophysical Union (AGU) Annual Meeting,James Madison University
2247395,2024-04-02,555251,Standard Grant,Collaborative Research: GEM: Propagation and Dissipation of Electromagnetic Ion Cyclotron Waves in the Magnetosphere and Ionosphere,Andrews University
2247396,2024-04-02,106909,Standard Grant,Collaborative Research: GEM: Propagation and Dissipation of Electromagnetic Ion Cyclotron Waves in the Magnetosphere and Ionosphere,Augsburg University
2247398,2024-04-02,135941,Standard Grant,Collaborative Research: GEM: Propagation and Dissipation of Electromagnetic Ion Cyclotron Waves in the Magnetosphere and Ionosphere,New Jersey Institute of Technology
2335761,2024-04-04,601138,Standard Grant,Collaborative Research: Non-Linearity and Feedbacks in the Atmospheric Circulation Response to Increased Carbon Dioxide (CO2),Johns Hopkins University
2335762,2024-04-04,546989,Standard Grant,Collaborative Research: Non-Linearity and Feedbacks in the Atmospheric Circulation Response to Increased Carbon Dioxide (CO2),Columbia University
2346197,2024-04-05,467067,Standard Grant,Collaborative Research: A Novel Laboratory Approach for Exploring Contact Ice Nucleation,Texas A&M University
2346198,2024-04-05,463374,Standard Grant,Collaborative Research: A Novel Laboratory Approach for Exploring Contact Ice Nucleation,University of Colorado at Boulder
2349872,2024-04-05,449990,Standard Grant,Collaborative Research: GEM--Multi-scale Magnetosphere-Ionosphere-Thermosphere Coupling Dynamics Driven by Bursty Bulk Flows,Regents of the University of Michigan - Ann Arbor
2349873,2024-04-05,148179,Standard Grant,Collaborative Research: GEM--Multi-scale Magnetosphere-Ionosphere-Thermosphere Coupling Dynamics Driven by Bursty Bulk Flows,University of Texas at Arlington
2349934,2024-04-08,708289,Continuing Grant,Collaborative Research: Maritime to Inland Transitions Towards ENvironments for Convection Initiation (MITTEN CI),Central Michigan University
2349935,2024-04-08,610455,Continuing Grant,Collaborative Research: Maritime to Inland Transitions Towards ENvironments for Convection Initiation (MITTEN CI),Texas Tech University
2349936,2024-04-08,747312,Continuing Grant,Collaborative Research: Maritime to Inland Transitions Towards ENvironments for Convection Initiation (MITTEN CI),University of Illinois at Urbana-Champaign
2349937,2024-04-08,428911,Continuing Grant,Collaborative Research: Maritime to Inland Transitions Towards ENvironments for Convection Initiation (MITTEN CI),University of Colorado at Boulder
2401140,2024-04-08,74999,Standard Grant,AGS-FIRP Track 1: Application of an Ice Nucleation Cold Stage for Teaching Cloud Microphysics in Science and Engineering Classes at a Minority-serving Institution,West Texas A&M University
2404581,2024-04-08,422847,Standard Grant,Quantifying Natural and Anthropogenic Influences on Nitrogen Oxides Emissions and Chemistry,University of South Carolina at Columbia
2347370,2024-04-09,675323,Standard Grant,Biogenic Volatile Organic Compound (VOC) Emissions from Managed Landscapes and Their Contribution to Atmospheric Ozone and Aerosol,University of California-Irvine
2333171,2024-04-10,711800,Standard Grant,The Upscaling of Tropical Pacific Ocean Rain Layers to Convection and Modes of Pacific Climate Variability,Colorado State University
2412294,2024-04-10,234794,Standard Grant,Collaborative Research: Ionospheric Density Response to American Solar Eclipses Using Coordinated Radio Observations with Modeling Support,Virginia Polytechnic Institute and State University
2412295,2024-04-10,166193,Standard Grant,Collaborative Research: Ionospheric Density Response to American Solar Eclipses Using Coordinated Radio Observations with Modeling Support,Johns Hopkins University
2412296,2024-04-10,135000,Standard Grant,Collaborative Research: Ionospheric Density Response to American Solar Eclipses Using Coordinated Radio Observations with Modeling Support,University of Colorado at Boulder
2344259,2024-04-11,298441,Standard Grant,"Collaborative Research: Using Polarimetric Radar Observations, Cloud Modeling, and In Situ Aircraft Measurements for Large Hail Detection and Warning of Impending Hail",University of Oklahoma Norman Campus
2344260,2024-04-11,151409,Standard Grant,"Collaborative Research: Using Polarimetric Radar Observations, Cloud Modeling, and In Situ Aircraft Measurements for Large Hail Detection and Warning of Impending Hail",University Corporation For Atmospheric Res
2409172,2024-04-11,292835,Standard Grant,Thermospheric Circulation Using Mesoscale-Resolving Whole Atmosphere Model and Satellite Observations,Catholic University of America
2407240,2024-04-15,376369,Standard Grant,"EMBRACE-AGS-Growth: Compounding Extremes--Trends in, Links among, and Impacts of Marine Heatwaves, Human Heat Stress, and Heavy Precipitation in the Southeast United States",Embry-Riddle Aeronautical University
2409408,2024-04-15,199965,Standard Grant,EMBRACE-AGS-Seed: Quantification of Halogen Emission Impacts on Atmospheric Oxidation Rates in Urban Atmospheres,Weber State University
2409413,2024-04-15,200000,Standard Grant,EMBRACE-AGS-Seed: Decadal Trends of Atmospheric Ethane - Building Capacity for Trace Gas Analysis and Modeling at Portland State University,Portland State University
2409475,2024-04-15,374070,Standard Grant,EMBRACE-AGS-Growth: Diagnosing Kinematic Processes Responsible for Precipitation Distributions in Tropical Cyclones,Embry-Riddle Aeronautical University
2426312,2024-04-15,34300,Standard Grant,"The Incoherent Scatter Radar Community and Research Workshop; San Diego, California; June 2024",New Jersey Institute of Technology
2400967,2024-04-17,468460,Standard Grant,SHINE: Origin and Evolution of Compressible Fluctuations in the Solar Wind and Their Role in Solar Wind Heating and Acceleration,University of Texas at Austin
2404181,2024-04-18,350018,Standard Grant,Determining the Coagulation Sink Rate for Sub-10 nm Atmospheric Particles,University of Texas at Dallas
2347032,2024-04-22,799519,Continuing Grant,"Aerosol Impacts on Cloud Microphysics, Charge Structures, and Precipitation Relevant to Sea Breeze Convection",Texas A&M University
2348553,2024-04-22,515885,Standard Grant,On the Energy-Dependent Deep (L less than 3) Penetrations of Energetic Electrons (10s of keV to multi-MeV),University of Colorado at Boulder
2411429,2024-04-23,552058,Continuing Grant,Collaborative Research: Four-dimensional Impacts of Strong Polar Vortices on the Thermosphere-Ionosphere System,University of Colorado at Boulder
2411430,2024-04-23,177274,Continuing Grant,Collaborative Research: Four-dimensional Impacts of Strong Polar Vortices on the Thermosphere-Ionosphere System,Massachusetts Institute of Technology
2423907,2024-04-23,50000,Standard Grant,"Innovations in Open Science (IOS) Planning Workshop: Advancing Open Science in Heliophysics and Space Weather Modeling--Challenges and Resolutions; College Park, MD; June 3-7, 2024",Catholic University of America
2426145,2024-04-23,199479,Standard Grant,RAPID: Ongoing Impacts of the Extraordinary Hunga Tonga Volcanic Eruption on the Stratosphere,Harvard University
2428481,2024-04-23,139995,Standard Grant,RAPID: Understanding the Ground Ozone Production Drivers by Combining Formaldehyde and Nitrogen Dioxide Measurements during Salt Lake City Summer Ozone Study (SLC-SOS),Wayne State University
2348448,2024-04-26,1795958,Continuing Grant,Collaborative Research: AGS-FIRP Track 3--Snow Sensitivity to Clouds in a Mountain Environment (S2noCliME),Regents of the University of Michigan - Ann Arbor
2348449,2024-04-26,1320664,Continuing Grant,Collaborative Research: AGS-FIRP Track 3--Snow Sensitivity to Clouds in a Mountain Environment (S2noCliME),University of Utah
2348450,2024-04-26,1121779,Continuing Grant,Collaborative Research: AGS-FIRP Track 3--Snow Sensitivity to Clouds in a Mountain Environment (S2noCliME),University of Washington
2348451,2024-04-26,533160,Continuing Grant,Collaborative Research: AGS-FIRP Track 3--Snow Sensitivity to Clouds in a Mountain Environment (S2noCliME),University of Wisconsin-Madison
2429287,2024-04-29,490996,Standard Grant,Collaborative Research: Characterizing Northern Hemisphere Atmospheric Variability from Central American Wind Gap-Induced Upwelling,University of South Florida
2427028,2024-05-01,30480,Standard Grant,"Travel Grant: 2024 Biogenic Hydrocarbons and the Atmosphere Gordon Research Conference and Seminar; Castelldefels, Barcelona, Spain; June 8-14, 2024",Gordon Research Conferences
2403765,2024-05-06,202000,Fellowship Award,AGS-PRF: Quantifying the Dynamic and Thermodynamic Mechanisms and Response to Climate Change of Thunderstorm Precipitation in the Western United States,"Kalashnikov, Dmitri Alexander"
2426563,2024-05-06,393310,Standard Grant,Collaborative Research: Understanding the Turbulent Dynamics of Convective Bursts and Tropical Cyclone Intensification Using Large Eddy Simulations and High-Order Numerics,Hampton University
2404970,2024-05-07,473998,Continuing Grant,A Process-Level Understanding of Mesoscale Convective Processes over the Congo Basin Using the Model for Prediction Across Scales (MPAS),University of California-Los Angeles
2428531,2024-05-07,99637,Standard Grant,EAGER: Exploiting Smartphone Global Navigation Satellite Systems (GNSS) Signals for Ionospheric Science,Trustees of Boston University
2402113,2024-05-08,526171,Standard Grant,An Isotope-Enabled Data Assimilation System for the Last Millennium over South America,SUNY at Albany
2350235,2024-05-13,345680,Standard Grant,Collaborative Research: GEM--Whistler-mode Wave Properties in Plasmasphere-Plasmatrough Transition Regions,University of Iowa
2350236,2024-05-13,77362,Standard Grant,Collaborative Research: GEM--Whistler-mode Wave Properties in Plasmasphere-Plasmatrough Transition Regions,University of Colorado at Boulder
2350237,2024-05-13,109432,Standard Grant,Collaborative Research: GEM--Whistler-mode Wave Properties in Plasmasphere-Plasmatrough Transition Regions,"ATMOSPHERIC & SPACE TECHNOLOGY RESEARCH ASSOCIATES, L.L.C."
2350238,2024-05-13,41694,Standard Grant,Collaborative Research: GEM--Whistler-mode Wave Properties in Plasmasphere-Plasmatrough Transition Regions,College of Saint Scholastica
2431828,2024-05-20,18450,Standard Grant,Travel: 14th International Conference on Light and Color in Nature and Art,Montana State University
2414969,2024-05-23,202000,Fellowship Award,AGS-PRF: A Unified Conceptual Model for the Development of Near-Surface Rotation in Squall Lines,"Brown, Matthew C"
2330096,2024-05-24,621734,Standard Grant,Quantifying the Drivers of Evapotranspiration Over Land Under Future Climate Conditions,University of Washington
2334306,2024-05-24,644460,Standard Grant,"Dynamics and Predictability of Coastal El Nino Events, and Implications for El Niño/Southern Oscillation (ENSO) Diversity",University of Hawaii
2403939,2024-05-24,1107716,Continuing Grant,Research Infrastructure: SuperMAG--New Science Capabilities and Continued Operation,Johns Hopkins University
2402498,2024-05-29,547085,Standard Grant,Disentangling Dynamical Controls on Deglacial Hydroclimate in Eastern North America,Syracuse University
2414615,2024-05-29,480588,Standard Grant,Urban Greening and Air Quality,University of California-Irvine
2418061,2024-05-30,699314,Standard Grant,Study of the Optical Properties of Dielectric Particles with Surface Roughness and Inhomogeneous Inclusions,Texas A&M University
2418753,2024-05-30,406901,Standard Grant,Studies of Warm Rain Evolution using X-band Dual Polarization Radars and Advanced Ground Instruments during Summer Season in South Korea,Colorado State University
2410910,2024-06-05,129436,Standard Grant,"International Summit to Consider a Special-Purpose Computational System for Frontier Earth System Science and Climate Projection; Urbana, Illinois; Fall-2024",University of Illinois at Urbana-Champaign
2414908,2024-06-06,202000,Fellowship Award,AGS-PRF: Triple Oxygen Isotope Investigations of Organic Aerosol Oxidation,"Crocker, Daniel"
2432287,2024-06-06,343657,Standard Grant,Tropical hydroclimate change during the last deglaciation: a synthesis of isotope-enabled transient climate model simulations and proxy data,George Mason University
2405261,2024-06-07,422314,Continuing Grant,Characterizing the Effect of Substorms on the Equatorial Electrojet,Johns Hopkins University
2401264,2024-06-11,274079,Continuing Grant,Collaborative Research: GEM: A novel Machine learning technique to Parameterize EneRgetic Electron maps (AMPERE),George Mason University
2401265,2024-06-11,273169,Continuing Grant,Collaborative Research: GEM: A novel Machine learning technique to Parameterize EneRgetic Electron maps (AMPERE),Trustees of Boston University
2401266,2024-06-11,160366,Continuing Grant,Collaborative Research: GEM: A novel Machine learning technique to Parameterize EneRgetic Electron maps (AMPERE),University of Minnesota-Twin Cities
2400140,2024-06-18,419448,Standard Grant,GEM: Understanding the Causes of Geomagnetic Disturbances in Geospace for Hazard Analysis on Equivalent Ionospheric and Telluric Currents in North America and Greenland,University of California-Los Angeles
2401110,2024-06-21,573957,Standard Grant,The Role of Alfven Wave Reflection and Absorption in Heating Coronal Holes,Princeton University
2401219,2024-06-21,589888,Standard Grant,Laboratory Characterization of Co-Propagating Alfven Wave Interactions,SPACE SCIENCE INSTITUTE
2401699,2024-06-24,211743,Standard Grant,Collaborative Research: Reducing Uncertainties in Tree-ring Records of Wet Extremes to Aid Interpretations of Past Climate and Plan for Future Changes,University of North Carolina at Chapel Hill
2401700,2024-06-24,324677,Standard Grant,Collaborative Research: Reducing Uncertainties in Tree-ring Records of Wet Extremes to Aid Interpretations of Past Climate and Plan for Future Changes,University of Iowa
2419135,2024-06-24,596226,Standard Grant,Measurements and Modeling of Gas and Aerosol Products of Reactions of Monoterpenes with Hydroxyl Radicals (OH) over a Range of Oxidation Conditions,University of Colorado at Boulder
2342095,2024-06-27,249000,Standard Grant,EAGER: New Approaches to Investigating Electromagnetic Ion Cyclotron (EMIC) Waves in Earth's Magnetosphere--Listening for Wave Structure through Sonification,University of Colorado at Boulder
2350212,2024-06-27,292793,Standard Grant,GEM: Stochastic Parameterization of Lightning-Generated Whistler (LGW) Diffusion Coefficients,University of Colorado at Boulder
2410898,2024-06-28,474476,Continuing Grant,Collaborative Research: The Collective Wedgelet Formation of the Substorm Current Wedge--The Role of Different Plasma Populations and Insights from a Fully Coupled Geospace Model,William Marsh Rice University
2410899,2024-06-28,231362,Continuing Grant,Collaborative Research: The Collective Wedgelet Formation of the Substorm Current Wedge--The Role of Different Plasma Populations and Insights from a Fully Coupled Geospace Model,University of California-Los Angeles
2411732,2024-06-28,526520,Standard Grant,Investigating the Baroclinic Annular Mode and its Predictability of Extreme Weather Events in the Midlatitudes,Purdue University
2419186,2024-06-28,348238,Continuing Grant,Collaborative Research: Evolution of the Global Total Electron Contents (TEC) during Solar Flares,University of Texas at Arlington
2419187,2024-06-28,258009,Continuing Grant,Collaborative Research: Evolution of the Global Total Electron Contents (TEC) during Solar Flares,Regents of the University of Michigan - Ann Arbor
2409315,2024-07-01,398984,Standard Grant,"EMBRACE-AGS-Growth: Quantification of Biophysical, Physiological, and Phenological Vegetation Contributions to Future Climate",University of Massachusetts Lowell
2405049,2024-07-02,582399,Standard Grant,SHINE: Active Longitudes: Window in the Dynamo?,Southwest Research Institute
2324976,2024-07-03,415309,Standard Grant,Stormtime Ultra-low-frequency (ULF) Waves in the Inner Magnetosphere: Mode Structure and Particle Environment,Johns Hopkins University
2402475,2024-07-03,409233,Standard Grant,Collaborative Research: Connecting Seasonal to Millennial Timescales through Strongly Coupled Data Assimilation,University of Washington
2402476,2024-07-03,269066,Standard Grant,Collaborative Research: Connecting Seasonal to Millennial Timescales through Strongly Coupled Data Assimilation,University of Southern California
2413826,2024-07-08,512256,Standard Grant,Collaborative Research: Extreme Summer Urban Rainfall Modification under Urban Expansion in a Changing Climate,Arizona State University
2413827,2024-07-08,399134,Standard Grant,Collaborative Research: Extreme Summer Urban Rainfall Modification under Urban Expansion in a Changing Climate,University of Texas at Austin
2403649,2024-07-10,22500000,Continuing Grant,Unidata Reimagined: New Approaches to Community Data Services,University Corporation For Atmospheric Res
2412560,2024-07-10,202000,Fellowship Award,AGS-PRF: Extending the Applicability of Monin-Obukhov Similarity Theory (MOST)-based Surface Layer Parameterizations to Complex Surfaces in Earth System Models (ESMs),"Waterman, Tyler Steven"
2414775,2024-07-10,37207,Standard Grant,AGS-FIRP Track 1: Lake-induced Inversion Trapping of Emissions on the Superior Coast (LITESC),Michigan Technological University
2427868,2024-07-10,50000,Standard Grant,"2024 Graduate Climate Conference; Seattle, Washington; November 1-3, 2024",University of Washington
2338861,2024-07-11,642396,Standard Grant,CAREER: Neutrons in Numerical Simulations--Integrating Water Isotopic Data across Past and Present to Improve Future Hydroclimate Projections,William Marsh Rice University
2402618,2024-07-11,185453,Standard Grant,Collaborative Research: P4Climate--A Paleo Perspective on the Links between Climate and Food Security,University of Southern California
2402619,2024-07-11,198435,Standard Grant,Collaborative Research: P4Climate--A Paleo Perspective on the Links between Climate and Food Security,Pennsylvania State Univ University Park
2402658,2024-07-11,416328,Continuing Grant,Collaborative Research: Temperature Variability and Extremes at Multiple Temporal Scales in North Asia from Millennial-Length Wood Anatomical Records,William Paterson University
2402659,2024-07-11,76068,Continuing Grant,Collaborative Research: Temperature Variability and Extremes at Multiple Temporal Scales in North Asia from Millennial-Length Wood Anatomical Records,Columbia University
2407746,2024-07-11,783700,Standard Grant,MRI Track 1: Acquisition of a Vocus Mass Spectrometer for Atmospheric Chemistry Research,Carnegie Mellon University
2414576,2024-07-11,1389411,Standard Grant,Studies in the Climate Dynamics of Moist Process Variability and Change,University of California-Los Angeles
2350366,2024-07-12,517046,Standard Grant,"Collaborative Research: Simulations, Theory and Observations of Plasma Turbulence and Heating Found in Solar Chromosphere",Trustees of Boston University
2350367,2024-07-12,105935,Standard Grant,"Collaborative Research: Simulations, Theory and Observations of Plasma Turbulence and Heating Found in Solar Chromosphere",Bay Area Environmental Research Institute
2401228,2024-07-12,303253,Standard Grant,Collaborative Research: Underpinning the Tempo-Spatial Structures of Elementary Bursts with High-Resolution High-Cadence Observations of Solar Flares,Montana State University
2401229,2024-07-12,295673,Standard Grant,Collaborative Research: Underpinning the Tempo-Spatial Structures of Elementary Bursts with High-Resolution High-Cadence Observations of Solar Flares,New Jersey Institute of Technology
2401069,2024-07-15,394601,Standard Grant,SHINE: Measuring the Coronal Magnetic Field through the Spectropolarimetric Signatures of the Unsaturated Hanle Effect in the Neutral Helium (He I) 1083.0 nm Line,University Corporation For Atmospheric Res
2432886,2024-07-15,1632000,Continuing Grant,Collaborative Research: DASI Track 1--AUtonomous Remote geospace Observation and Research Array (AURORA),Virginia Polytechnic Institute and State University
2432887,2024-07-15,358690,Continuing Grant,Collaborative Research: DASI Track 1--AUtonomous Remote geospace Observation and Research Array (AURORA),SPACE SCIENCE INSTITUTE
2402660,2024-07-18,319165,Standard Grant,Collaborative Research: Advancing Our Understanding of Global Paleoclimate through the Expansion of African Dendrochronology,Indiana State University
2402661,2024-07-18,103171,Standard Grant,Collaborative Research: Advancing Our Understanding of Global Paleoclimate through the Expansion of African Dendrochronology,Brigham Young University
2402662,2024-07-18,130449,Standard Grant,Collaborative Research: Advancing Our Understanding of Global Paleoclimate through the Expansion of African Dendrochronology,Radford University
2408874,2024-07-18,702252,Standard Grant,MRI Track 1: Acquisition of a Time-of-Flight Aerosol Chemical Speciation Monitor for Urban Air Pollution and Wildfire at Northern High Latitudes,University of Alaska Fairbanks Campus
2423230,2024-07-18,366958,Standard Grant,MCA: Black Summer Laboratory for Understanding Mixed-phase Cloud Aerosol Effects over the Southern Ocean,University of Hawaii
2432609,2024-07-18,1427188,Continuing Grant,"DASI Track 1: Student-Led Development of an Advanced yet Low-cost Multi-Constellation, Triple Frequency Ionospheric Scintillation and Electron Content Monitor",University of Texas at Dallas
2431743,2024-07-30,359936,Standard Grant,CEDAR: Thermospheric Dynamics and Temperature Measurements from the Auroral Boundary to the Magnetic Equator,Computational Physics Inc
2400282,2024-07-31,260221,Standard Grant,Collaborative Research: GEM--Determining the Global Impact of Nonlinear Wave-Particle Interactions in the Radiation Belts,New Jersey Institute of Technology
2400283,2024-07-31,294241,Standard Grant,Collaborative Research: GEM--Determining the Global Impact of Nonlinear Wave-Particle Interactions in the Radiation Belts,University of Colorado at Boulder
2400284,2024-07-31,44579,Standard Grant,Collaborative Research: GEM--Determining the Global Impact of Nonlinear Wave-Particle Interactions in the Radiation Belts,William Marsh Rice University
2402179,2024-07-31,662579,Standard Grant,GEM: Comparative Assessment of Energetic Electron Precipitation Driven by Whistler-mode Waves at Earth and Jupiter,Trustees of Boston University
2426833,2024-08-01,597090,Continuing Grant,"CEDAR: Characterization of Streamer-based Compact Intracloud Discharges (CIDs, aka NBEs)",University of Florida
2431590,2024-08-01,359725,Standard Grant,Collaborative Research: CEDAR--Interhemispheric Asymmetry of the Equatorial Ionization Anomaly in the American Sector,University of Texas at Dallas
2431591,2024-08-01,87361,Standard Grant,Collaborative Research: CEDAR--Interhemispheric Asymmetry of the Equatorial Ionization Anomaly in the American Sector,Boston College
2431692,2024-08-01,441951,Standard Grant,CEDAR: Experimental Study of the Role of Secondary Electron Emission in Atmospheric Electricity,Embry-Riddle Aeronautical University
2431736,2024-08-01,368409,Standard Grant,Collaborative Research: CEDAR--Sources of Gravity Waves in the Thermosphere,University of Colorado at Boulder
2431737,2024-08-01,113466,Standard Grant,Collaborative Research: CEDAR--Sources of Gravity Waves in the Thermosphere,Virginia Polytechnic Institute and State University
2334929,2024-08-02,335621,Standard Grant,Collaborative Research: The Role of Supra-arcade Downflows on Energy Transfer in Solar Flares,Smithsonian Institution Astrophysical Observatory
2334930,2024-08-02,103671,Standard Grant,Collaborative Research: The Role of Supra-arcade Downflows on Energy Transfer in Solar Flares,Dartmouth College
2334931,2024-08-02,172015,Standard Grant,Collaborative Research: The Role of Supra-arcade Downflows on Energy Transfer in Solar Flares,New Jersey Institute of Technology
2334932,2024-08-02,73720,Standard Grant,Collaborative Research: The Role of Supra-arcade Downflows on Energy Transfer in Solar Flares,New Mexico Consortium
2431625,2024-08-02,85377,Standard Grant,"Conference: Compounding and Cascading Climate Risks to US Frontline Communities; Portland, Oregon; Spring 2025",Washington State University
2412755,2024-08-05,796213,Standard Grant,Assessing and Understanding the Sensitivity of Tropical Orographic Precipitation to Climate Variations,University of California-Berkeley
2414893,2024-08-05,398964,Continuing Grant,The Science Policy Colloquium: A Leadership Development Program to Equip Scientists for Societal Engagement,American Meteorological Society
2425102,2024-08-05,755992,Continuing Grant,Unveiling Dynamics of Coronal Magnetic Field and Nonthermal Electrons in Solar Flares With Microwave Imaging Spectroscopy and 3D Modeling,New Jersey Institute of Technology
2431718,2024-08-05,388770,Standard Grant,Collaborative Research: CEDAR: Measuring Photoelectron Distributions and Fluxes in the Ionosphere,New Jersey Institute of Technology
2431719,2024-08-05,398524,Standard Grant,Collaborative Research: CEDAR: Measuring Photoelectron Distributions and Fluxes in the Ionosphere,Massachusetts Institute of Technology
2432335,2024-08-05,50000,Standard Grant,"Conference: Advancing Studies of Earth’s Upper Atmosphere Using Commercial Suborbital Vehicles; Paso Robles, CA, November 2024",California Polytechnic State University Foundation
2434136,2024-08-05,84999,Standard Grant,RAPID: Collecting Perishable Critical Infrastructure Operational Data for May 2024 Space Weather Events,George Mason University
2437055,2024-08-05,99290,Standard Grant,"RAPID: Reprocessing the Defense Meteorological Satellite Program Special Sensor Ions, Electrons, Scintillation (DMSP SSIES-3) Ionospheric Data to Level-2 Quality",University of Texas at Dallas
2340133,2024-08-06,1010185,Standard Grant,CAREER: Attributing Extreme Weather to Stratospheric Variability Using Ensemble Forecasts,Cornell University
2348598,2024-08-06,454235,Standard Grant,REU Site: Program in Climate and Space Science Observation (PICASSO) at the University of Michigan,Regents of the University of Michigan - Ann Arbor
2349742,2024-08-06,505759,Standard Grant,REU Site: Climate and Atmospheric Science Research Experience in the Center for Climate and Aerosol Research at Portland State University,Portland State University
2431533,2024-08-06,505530,Standard Grant,CEDAR: Coupling of Meteoroid Input to Thermospheric Processes Using Simulations and High-Power Large-Aperture (HPLA) Data,Stanford University
2434325,2024-08-06,99967,Standard Grant,Educational Experiences in Atmospheric Science Field Campaigns: A Community Workshop,Colorado State University
2434615,2024-08-06,98597,Standard Grant,"Workshop on Bioaerosols in the Earth System; Fort Collins, Colorado; February 2025",Colorado State University
2435697,2024-08-06,50000,Standard Grant,"AGU Chapman Conference on Particle Precipitation: Drivers, Properties, and Impacts on Atmosphere, Ionosphere, Magnetosphere (AIM) Coupling; Melbourne, Australia; February-2025",University of Minnesota-Twin Cities
2438642,2024-08-06,20000,Standard Grant,"An Interdisciplinary Workshop Reducing Uncertainty in Soluble aerosol Trace Element Deposition (RUSTED); Goa, India; November 10-14, 2024",North Carolina State University
2414916,2024-08-07,202000,Fellowship Award,AGS-PRF: The Effect of Carbon-Dioxide (CO2) Ramping Rate on the Atlantic Meridional Overturning Circulation and its Coupled Climate Implications,"Hankel, Camille"
2427579,2024-08-07,202000,Standard Grant,AGS-PRF: Developing Data-Driven Methods for Predicting Extreme Events Under Climate Change,"Patel, Dhruvit"
2431370,2024-08-07,1151915,Cooperative Agreement,AGS-CIF:  Doppler On Wheels Network and Ruggedized Array of Pods/Poles (DOWNET),University of Illinois at Urbana-Champaign
2349059,2024-08-08,488720,Standard Grant,"REU Site: Broadening Participation in Atmospheric Science, Oceanography and Geosciences Research--A Multi-Institution Research Experiences for Undergraduates (REU) Program",Georgia Tech Research Corporation
2401175,2024-08-08,568185,Standard Grant,SHINE: Statistical Birth Conditions of Coronal Hole Jets Using the Legacy Dunn Solar Telescope,New Mexico State University
2424987,2024-08-08,202000,Fellowship Award,AGS-PRF: The Mechanism and Atmospheric Impact of the Peroxy Radicals (RO2) Self-Reaction,"Murphy, Sara Edinger"
2426307,2024-08-08,39131,Standard Grant,AGS-FIRP Track 1- Introduction to Aerosol Sampling Using Single-Particle Soot Photometer (SP2),Francis Marion University
2414601,2024-08-09,582109,Standard Grant,Land-Atmosphere Interactions in Flash Drought Development,University of Nebraska-Lincoln
2431471,2024-08-09,1049990,Cooperative Agreement,AGS-CIF: Mobile Uncrewed Systems for Atmospheric Science (MUSAS),University of Colorado at Boulder
2431664,2024-08-09,333016,Standard Grant,Collaborative Research: CEDAR--Effects of Ionospheric Density Irregularities on High-Frequency Radio Wave Propagation,Andrews University
2431665,2024-08-09,141789,Standard Grant,Collaborative Research: CEDAR--Effects of Ionospheric Density Irregularities on High-Frequency Radio Wave Propagation,Johns Hopkins University
2431666,2024-08-09,119927,Standard Grant,Collaborative Research: CEDAR--Effects of Ionospheric Density Irregularities on High-Frequency Radio Wave Propagation,University of Scranton
2432699,2024-08-09,1069934,Continuing Grant,Collaborative Research: DASI Track 2--A Distributed Meteor Radar and Optical Network in South America,Embry-Riddle Aeronautical University
2432700,2024-08-09,337005,Continuing Grant,Collaborative Research: DASI Track 2--A Distributed Meteor Radar and Optical Network in South America,University of Illinois at Urbana-Champaign
2432701,2024-08-09,592999,Continuing Grant,Collaborative Research: DASI Track 2--A Distributed Meteor Radar and Optical Network in South America,SRI International
2431179,2024-08-14,1316982,Cooperative Agreement,AGS-CIF: Mobile Rapid Scanning Radar (RaXPol) for Enhancing Weather Radar Research and Hands-on Education,University of Oklahoma Norman Campus
2349189,2024-08-20,433709,Standard Grant,REU Site: Interdisciplinary Research Experience for Undergraduates in Atmospheric and Geological Hazards,SUNY at Buffalo
2414425,2024-08-21,655738,Standard Grant,Tropical Convection over Oceans,New Mexico Institute of Mining and Technology
2432821,2024-08-21,485309,Continuing Grant,Collaborative Research: DASI Track 2: Deployment and Operations of the Ham Radio Science Citizen Investigation (HamSCI) Personal Space Weather Station Network,University of Scranton
2432822,2024-08-21,621455,Continuing Grant,Collaborative Research: DASI Track 2: Deployment and Operations of the Ham Radio Science Citizen Investigation (HamSCI) Personal Space Weather Station Network,University of Alabama Tuscaloosa
2432823,2024-08-21,351855,Continuing Grant,Collaborative Research: DASI Track 2: Deployment and Operations of the Ham Radio Science Citizen Investigation (HamSCI) Personal Space Weather Station Network,New Jersey Institute of Technology
2432824,2024-08-21,337501,Continuing Grant,Collaborative Research: DASI Track 2: Deployment and Operations of the Ham Radio Science Citizen Investigation (HamSCI) Personal Space Weather Station Network,Case Western Reserve University
2402385,2024-08-22,230732,Standard Grant,Collaborative Research: The North American Temperature Atlas--A Climate Field Reconstruction for Investigating Effects of Temperature on Past Droughts,University of Tennessee Knoxville
2402386,2024-08-22,34522,Standard Grant,Collaborative Research: The North American Temperature Atlas--A Climate Field Reconstruction for Investigating Effects of Temperature on Past Droughts,University of Arizona
2402387,2024-08-22,74571,Standard Grant,Collaborative Research: The North American Temperature Atlas--A Climate Field Reconstruction for Investigating Effects of Temperature on Past Droughts,Indiana University
2402388,2024-08-22,147279,Standard Grant,Collaborative Research: The North American Temperature Atlas--A Climate Field Reconstruction for Investigating Effects of Temperature on Past Droughts,Regents of the University of Idaho
2402389,2024-08-22,195606,Standard Grant,Collaborative Research: The North American Temperature Atlas--A Climate Field Reconstruction for Investigating Effects of Temperature on Past Droughts,Columbia University
2402469,2024-08-22,303519,Standard Grant,Collaborative Research: Shifting Drought Patterns in West Africa: Constraining Model Simulations with Paleo Reconstructions,Mississippi State University
2402470,2024-08-22,424095,Standard Grant,Collaborative Research: Shifting Drought Patterns in West Africa: Constraining Model Simulations with Paleo Reconstructions,Columbia University
2438298,2024-08-22,400000,Standard Grant,"NSF-SNSF:  Variability of Andean Hydroclimate Extremes - their Precursors, Predictability and Interactions with Large-Scale Dynamics",SUNY at Albany
2343771,2024-08-23,424952,Standard Grant,Collaborative Research: Local and Global Perspectives of Storm Track Dynamics,SUNY at Stony Brook
2343772,2024-08-23,470539,Standard Grant,Collaborative Research: Local and Global Perspectives of Storm Track Dynamics,Pennsylvania State Univ University Park
2417971,2024-08-23,525359,Standard Grant,Effect of Background Atmospheric Conditions on Convectively Coupled Kelvin Wave Phase Speed,SUNY at Albany
2426296,2024-08-23,698967,Standard Grant,How Does the Extratropical Transition of Tropical Cyclones Impact Tornadoes and Supercells?,University of Oklahoma Norman Campus
2400362,2024-08-26,228262,Standard Grant,Collaborative Research: GEM: The Electrodynamic Properties of Meso-scale Auroral Forms,University of Alaska Fairbanks Campus
2400363,2024-08-26,73733,Standard Grant,Collaborative Research: GEM: The Electrodynamic Properties of Meso-scale Auroral Forms,University of New Hampshire
2400364,2024-08-26,201941,Standard Grant,Collaborative Research: GEM: The Electrodynamic Properties of Meso-scale Auroral Forms,Clemson University
2411500,2024-08-26,538591,Standard Grant,From Surface Warming to Stratospheric Change,Cornell University
2413370,2024-08-26,203017,Standard Grant,Collaborative Research: EAGER--Cognition in the Wild: Understanding How Students and Experts Reason about Atmospheric Processes,Towson University
2413371,2024-08-26,80065,Standard Grant,Collaborative Research: EAGER--Cognition in the Wild: Understanding How Students and Experts Reason about Atmospheric Processes,Temple University
2349325,2024-08-27,742110,Continuing Grant,"REU  Site: Climate, Air Quality, and Urban Systems Research at The Pennsylvania State University",Pennsylvania State Univ University Park
2411569,2024-08-27,202212,Standard Grant,Collaborative Research: Resolving Uncertainty in Past Delta-14C Spikes from Tree Rings,West Virginia University Research Corporation
2411570,2024-08-27,185538,Standard Grant,Collaborative Research: Resolving Uncertainty in Past Delta-14C Spikes from Tree Rings,Montana State University
2411571,2024-08-27,429227,Standard Grant,Collaborative Research: Resolving Uncertainty in Past Delta-14C Spikes from Tree Rings,Northern Arizona University
2420751,2024-08-27,891928,Standard Grant,Global Quantification of Particulate Matter (PM2.5) Composition and Sources Using Ground-Based Measurements,Carnegie Mellon University
2402335,2024-08-28,199912,Standard Grant,Collaborative Research: GEM: Modeling Ionospheric and Magnetospheric Current Interactions with Submarine Cables,Virginia Polytechnic Institute and State University
2402336,2024-08-28,49697,Standard Grant,Collaborative Research: GEM: Modeling Ionospheric and Magnetospheric Current Interactions with Submarine Cables,SPACE SCIENCE INSTITUTE
2407428,2024-08-28,980858,Continuing Grant,MRI Track 1: Development of a Multi-Band Radio and Optical Lightning Imager,Duke University
2341274,2024-08-29,941193,Standard Grant,Evaluating a Constrained Cloud Response to Varying Atmospheric Climate and Chemical States,University of Utah
2350463,2024-08-29,366410,Standard Grant,"GEM: Radial Transport Processes at Earth, Jupiter, and Saturn",University of Alaska Fairbanks Campus
2400336,2024-08-29,329303,Continuing Grant,Collaborative Research: GEM: Comparative Study of Mars' and Earth's Magnetotail Current Sheets,University of Texas at Dallas
2400337,2024-08-29,369924,Continuing Grant,Collaborative Research: GEM: Comparative Study of Mars' and Earth's Magnetotail Current Sheets,University of California-Los Angeles
2407508,2024-08-29,1133485,Standard Grant,MRI Track 1: Acquisition of a High-Resolution Ion Mobility Time-of-Flight Mass Spectrometer to Advance Understanding of Atmospheric Multiphase Chemistry,University of North Carolina at Chapel Hill
2408815,2024-08-29,821280,Continuing Grant,MRI Track 1: Development of a Geospace and Middle Atmosphere Lidar,University of Alaska Fairbanks Campus
2420675,2024-08-29,512304,Continuing Grant,Energy EXchange At the Magnetopause (EEXAM),Regents of the University of Michigan - Ann Arbor
2424399,2024-08-29,579250,Standard Grant,International Global Atmospheric Chemistry (IGAC) International Project Office (IPO),University of Colorado at Boulder
2431687,2024-08-29,391848,Continuing Grant,Collaborative Research: CEDAR--Short Wave Infrared Imaging of the Meinel 0-0 Auroral and the Metastable Helium 1083 nm Airglow Emissions for Auroral Physics and Aeronomy Studies,New Jersey Institute of Technology
2431688,2024-08-29,182031,Continuing Grant,Collaborative Research: CEDAR--Short Wave Infrared Imaging of the Meinel 0-0 Auroral and the Metastable Helium 1083 nm Airglow Emissions for Auroral Physics and Aeronomy Studies,Clemson University
2431689,2024-08-29,294330,Standard Grant,Collaborative Research: CEDAR--Short Wave Infrared Imaging of the Meinel 0-0 Auroral and the Metastable Helium 1083 nm Airglow Emissions for Auroral Physics and Aeronomy Studies,Embry-Riddle Aeronautical University
2408174,2024-08-30,899614,Continuing Grant,MRI Track 1: Development of Wide-band High-resolution Imaging Spectro-Polarimetric Explorer (WHISPER) for Goode Solar Telescope at Big Bear Solar Observatory,New Jersey Institute of Technology
2416489,2024-08-30,202000,Fellowship Award,AGS-PRF: Improved Estimates of Southern California Precipitation Extremes through Model/Proxy Synthesis,"Edwards, Julie"
2431817,2024-08-30,987986,Continuing Grant,Atmospheric Particle Nucleation and Growth Under Conditions Found in the Free Troposphere,Carnegie Mellon University
2438328,2024-08-30,899669,Standard Grant,ANSWERS: Dynamics and Impacts of Electrons and Ions in the Earth’s Magnetosphere-Ionosphere System,Trustees of Boston University
2425161,2024-09-03,10000,Standard Grant,Travel Grant: International School/Symposium for Space Simulations (ISSS) and Interrelationship between Plasma Experiments in the Laboratory and in Space (IPELS) Student Support,University of California-Los Angeles
2347844,2024-09-05,276385,Standard Grant,Collaborative Research: Precipitation and Streamflow Reconstruction and Analysis in the Amazon River Basin,University of Arkansas
2347845,2024-09-05,267007,Standard Grant,Collaborative Research: Precipitation and Streamflow Reconstruction and Analysis in the Amazon River Basin,Alabama A&M University
2439589,2024-09-17,281057,Standard Grant,EAGER: Depth Sensitive Thermography for Mapping Temperatures of Our Environment,Princeton University
2410913,2024-09-19,2094960,Continuing Grant,Collaborative Research: AGS-FIRP Track 3: In-situ Collaborative Experiment for the Collection of Hail In the Plains (ICECHIP),Atmospheric and Environmental Research Inc
2410914,2024-09-19,1150602,Continuing Grant,Collaborative Research: AGS-FIRP Track 3: In-situ Collaborative Experiment for the Collection of Hail In the Plains (ICECHIP),University of Colorado at Boulder
2410916,2024-09-19,905908,Continuing Grant,Collaborative Research: AGS-FIRP Track 3: In-situ Collaborative Experiment for the Collection of Hail In the Plains (ICECHIP),University of Oklahoma Norman Campus
2410917,2024-09-19,3868290,Continuing Grant,Collaborative Research: AGS-FIRP Track 3: In-situ Collaborative Experiment for the Collection of Hail In the Plains (ICECHIP),Northern Illinois University
2410918,2024-09-19,873436,Continuing Grant,Collaborative Research: AGS-FIRP Track 3: In-situ Collaborative Experiment for the Collection of Hail In the Plains (ICECHIP),Pennsylvania State Univ University Park
2410919,2024-09-19,347423,Continuing Grant,Collaborative Research: AGS-FIRP Track 3: In-situ Collaborative Experiment for the Collection of Hail In the Plains (ICECHIP),Purdue University
2410921,2024-09-19,1043909,Continuing Grant,Collaborative Research: AGS-FIRP Track 3: In-situ Collaborative Experiment for the Collection of Hail In the Plains (ICECHIP),Central Michigan University
2410923,2024-09-19,113814,Continuing Grant,Collaborative Research: AGS-FIRP Track 3: In-situ Collaborative Experiment for the Collection of Hail In the Plains (ICECHIP),Colorado State University
2410924,2024-09-19,356993,Continuing Grant,Collaborative Research: AGS-FIRP Track 3: In-situ Collaborative Experiment for the Collection of Hail In the Plains (ICECHIP),University Corporation For Atmospheric Res
2452778,2024-10-09,385896,Standard Grant,Collaborative Research: Ultra-High Resolution Paleostreamflow in Southeast Asia--Proxy/Model Comparison,University of Illinois at Urbana-Champaign
2452540,2024-11-12,199912,Standard Grant,Collaborative Research: GEM: Modeling Ionospheric and Magnetospheric Current Interactions with Submarine Cables,Embry-Riddle Aeronautical University
2502272,2024-11-12,154118,Standard Grant,"RAPID: Hurricane Helene (2024) Rainfall, Brown Ocean Signature, AI and Physics Model Guidance, and Social Media Sentiment",University of Texas at Austin
2430006,2024-11-14,324360,Continuing Grant,Collaborative Research: Characterizing the Quiet Time Equatorial Plasma Bubbles,Aerospace Corporation
2430007,2024-11-14,256279,Standard Grant,Collaborative Research: Characterizing the Quiet Time Equatorial Plasma Bubbles,Boston College
2411605,2024-11-20,655305,Continuing Grant,"Ion Energization, Heating and Outflow in Broadband Electromagnetic Waves above the High Latitude Ionosphere",University of California-Berkeley
2430366,2024-11-20,419614,Standard Grant,"Collaborative Research: The Role of Organic-Inorganic Interactions in the Formation, Fate, and Transport of Atmospheric Reactive Carbon",University of Maryland Baltimore County
2430367,2024-11-20,709720,Standard Grant,"Collaborative Research: The Role of Organic-Inorganic Interactions in the Formation, Fate, and Transport of Atmospheric Reactive Carbon",University of California-Irvine
2426523,2024-11-21,614550,Continuing Grant,Collaborative Research: An Observational Network to Enable Investigations of Gravity-Wave and Storm-Time Impacts on the Mid-Latitude Thermosphere-Ionosphere,SRI International
2426524,2024-11-21,525559,Continuing Grant,Collaborative Research: An Observational Network to Enable Investigations of Gravity-Wave and Storm-Time Impacts on the Mid-Latitude Thermosphere-Ionosphere,University of Illinois at Urbana-Champaign
2426525,2024-11-21,308015,Continuing Grant,Collaborative Research: An Observational Network to Enable Investigations of Gravity-Wave and Storm-Time Impacts on the Mid-Latitude Thermosphere-Ionosphere,University of California-Berkeley
2428698,2024-11-21,202000,Fellowship Award,"AGS-PRF: Understanding Compound Heat Wave-Wildfire Events in the Western United States: Large-Scale Meteorology, Remote Climate Influences, and Climate Model Simulations","Sukhdeo, Raymond"
2437053,2024-11-21,488204,Continuing Grant,Collaborative Research: Understanding the Quiet Time Thermospheric Composition Contribution to Ionospheric Day-to-Day Variability over the American Continent,University of Colorado at Boulder
2437054,2024-11-21,169918,Standard Grant,Collaborative Research: Understanding the Quiet Time Thermospheric Composition Contribution to Ionospheric Day-to-Day Variability over the American Continent,Massachusetts Institute of Technology
2445467,2024-11-22,49456,Standard Grant,"STEVE Community Workshop: Expanding our Understanding on the Physics of Extreme Forcing in the Subauroral Region; Fairbanks, Alaska; Spring 2025",Massachusetts Institute of Technology
2427321,2024-11-25,880158,Continuing Grant,Collaborative Research: Predictive Understanding of Wildfire Spotting and Smoke Transport within the Atmospheric Boundary Layer,Florida State University
2427322,2024-11-25,69929,Standard Grant,Collaborative Research: Predictive Understanding of Wildfire Spotting and Smoke Transport within the Atmospheric Boundary Layer,"NorthWest Research Associates, Incorporated"
2427323,2024-11-25,108519,Standard Grant,Collaborative Research: Predictive Understanding of Wildfire Spotting and Smoke Transport within the Atmospheric Boundary Layer,University of Oklahoma Norman Campus
2508611,2024-11-27,1151915,Cooperative Agreement,AGS-CIF:  Doppler On Wheels Network and Ruggedized Array of Pods/Poles (DOWNET),University of Alabama in Huntsville
2509330,2024-11-27,86340,Standard Grant,RAPID: Identification and Measurement of Emissions from the Biolab Incident Impacting the Atlanta Urban Area,Georgia Tech Research Corporation
2445898,2024-12-04,39750,Standard Grant,"Conference Support for the Super Dual Auroral Radar Network Workshop 2025; Roanoke, Virginia; June 2025",Virginia Polytechnic Institute and State University
2434336,2024-12-06,265884,Continuing Grant,"Tracking Electromagnetic Power Line Emissions and Harmonic Radiation from the Ground through Realistic, Inhomogeneous Three Dimensions (3-D) Ionospheric Conditions",University of Utah
2431455,2024-12-09,947662,Cooperative Agreement,"AGS-CIF: COWNET--COW, Mini-COW, Rapid-Scan DOW, CROW-X, and Mobile Mesonet",University of Alabama in Huntsville
2431970,2024-12-09,460099,Continuing Grant,Investigating How Tropical Cyclone Expansion Rate Changes With Warming,Purdue University
2512183,2024-12-09,234794,Standard Grant,Collaborative Research: Ionospheric Density Response to American Solar Eclipses Using Coordinated Radio Observations with Modeling Support,Embry-Riddle Aeronautical University
2512556,2024-12-09,50365,Standard Grant,RAPID: The Impact of Complex Terrain on Atmospheric Mixing through Measurements of Isotopologues of Water Vapor in the Boundary Layer,University of Colorado at Boulder
2504074,2024-12-10,394601,Standard Grant,SHINE: Measuring the Coronal Magnetic Field through the Spectropolarimetric Signatures of the Unsaturated Hanle Effect in the Neutral Helium (He I) 1083.0 nm Line,Southwest Research Institute
2511992,2024-12-10,36797,Standard Grant,"Conference Support for the Haleakala Neutron Monitor Workshop; Honolulu, Hawaii; January 2025",University of Hawaii
2432526,2024-12-11,199316,Standard Grant,EMBRACE-AGS-Seed: Harnessing the Power of Machine Learning to Generate Ensembles of Regional Climate Projections,Northern Illinois University
2434716,2024-12-11,199885,Standard Grant,EMBRACE-AGS-Seed: Network Science-Based Framework for Analysis and Modeling of Climate Systems,Rochester Institute of Tech
2430849,2024-12-16,200000,Standard Grant,EMBRACE-AGS-Seed: Powerful Gamma-Ray and Radio-Frequency Emissions from Thunderstorms,Florida Institute of Technology
2432625,2024-12-16,198702,Standard Grant,EMBRACE-AGS-Seed: Unveiling the Role of Aerosols in Tropical Cyclone Precipitation in the Atlantic Basin,Western Michigan University
2446594,2024-12-17,34984,Standard Grant,Collaborative Research: AGS-FIRP Track 1--The 2025 Nebraska-RaXPol Education and Outreach (NREO-2025) Project,University of Nebraska-Lincoln
2446595,2024-12-17,4252,Standard Grant,Collaborative Research: AGS-FIRP Track 1--The 2025 Nebraska-RaXPol Education and Outreach (NREO-2025) Project,Nebraska Wesleyan University
2432794,2024-12-20,399519,Standard Grant,EMBRACE-AGS-Growth: Development and Integration of an Uncrewed Aerial Systems (UAS) Vertical Profiler to Probe Air Pollution at the Lake Michigan Shoreline,University of Wisconsin-Eau Claire
2513456,2024-12-20,25000,Standard Grant,"Gordon Research Conference on 2025 Machine Learning for Actionable Climate Science; Smithfield, Rhode Island; June 2025",Gordon Research Conferences
2515554,2024-12-20,299311,Standard Grant,EAGER: The Role of Inverse Energy Cascade in Tornadogenesis,Missouri University of Science and Technology
2438140,2025-01-08,499557,Continuing Grant,Multiscale Processes and Predictability of Low-Probability Tropical Cyclogenesis,University of Miami
2440384,2025-02-04,368983,Standard Grant,"Collaborative Research: Polarimetric Radar and Modeling Perspectives of Updraft, Cold Pool, and Mesovortex Evolution in Quasi-Linear Convective Systems",University of Nebraska-Lincoln
2440385,2025-02-04,335747,Continuing Grant,"Collaborative Research: Polarimetric Radar and Modeling Perspectives of Updraft, Cold Pool, and Mesovortex Evolution in Quasi-Linear Convective Systems",Northern Illinois University
2516533,2025-02-05,33592,Standard Grant,"Conference: Improved Stratospheric Simulations for Better Prediction of Weather and Climate Extremes; Cambridge, United Kingdom; March 24-28, 2025",Cornell University
2441755,2025-02-10,1201906,Continuing Grant,CAREER: Contextualizing Changes in Extreme Precipitation,Cornell University
2517840,2025-02-10,292793,Standard Grant,GEM: Stochastic Parameterization of Lightning-Generated Whistler (LGW) Diffusion Coefficients,Regents of the University of Michigan - Ann Arbor
2519789,2025-02-10,126709,Standard Grant,RAPID: Rapid Assessment of Air Quality During Wildland-Urban Interface Fires in Southern California,Colorado State University
2440235,2025-02-11,621242,Continuing Grant,CAREER: Dynamics of Peroxy Radicals at Extended Lifetimes:  A Key Missing Piece in the Canonical Mechanism,University of California - Merced
2441725,2025-02-11,775573,Continuing Grant,CAREER: Constraining Atmospheric Nitrate Precursors and Chemistry Across the United States (US),University of South Carolina at Columbia
2441832,2025-02-11,1053327,Continuing Grant,CAREER: The Large-scale Buffering of Shallow Cloud Perturbations,University of California-San Diego Scripps Inst of Oceanography
2432190,2025-02-12,400000,Standard Grant,EMBRACE-AGS-Growth: Modeling Space Weather as a Nonlinear Control System,Anderson University
2441535,2025-02-12,848732,Continuing Grant,CAREER: Transforming Modern Understanding of Atmospheric Chemistry and the Biosphere through Physics-Informed Machine Learning,University of Southern California
2503648,2025-02-12,465441,Continuing Grant,Examining the Thermospheric Tidal Variability and its Impact on Ionospheric Variability using Whole Atmosphere Modeling and Observations,University of Colorado at Boulder
2432908,2025-02-13,200000,Standard Grant,EMBRACE:SEED - Orbital Drag and Neutral Atmosphere Density from Assimilation of Satellite Global Positioning System (GPS) Navigation Data,New Mexico Institute of Mining and Technology
2438270,2025-02-13,443791,Standard Grant,CAREER: Historical and Projected Atmospheric and Energetic Forcings of Eastern United States Snow Ablation,Western Kentucky University
2442556,2025-02-13,870842,Continuing Grant,CAREER: The Evolution of Magnetospheric Plasma Waves in Response to Solar Driving,University of Colorado at Boulder
2443817,2025-02-13,765340,Continuing Grant,CAREER: Advancing Understanding of Atmospheric Micro- and Nanoplastic Particles: From Chemical Characterization to Climate Impacts,Texas A&M University
2504079,2025-02-13,12728980,Continuing Grant,Frontier Space Physics Research at the Millstone Hill Geospace Facility,Massachusetts Institute of Technology
2444918,2025-02-20,202000,Fellowship Award,AGS-PRF: Advancing Heliophysics with Automated Machine Learning and Open-Source Integration,"Jackson, India"
2515098,2025-02-24,35000,Standard Grant,"Space Weather Workshop, March 2025 in Boulder, Colorado",University Corporation For Atmospheric Res
2524109,2025-02-25,1644600,Continuing Grant,AGS FIRP Track 2: Boundary-layer Evolution and Structure of Tornadoes (BEST),University of Alabama in Huntsville
2444136,2025-02-27,626867,Continuing Grant,Examining the Wildfire Aerosol-Atmosphere Interactions and Impacts on Radiative Energy Budget,Texas A&M University
2431137,2025-03-06,353992,Standard Grant,Collaborative Research: CEDAR--Thermospheric Effects on Polar Cap Ionospheric Structures,University of California-Los Angeles
2431138,2025-03-06,90753,Standard Grant,Collaborative Research: CEDAR--Thermospheric Effects on Polar Cap Ionospheric Structures,University Corporation For Atmospheric Res
2521813,2025-03-06,27400,Standard Grant,"2025 Radiation and Climate Gordon Research Conference (GRC); Lewiston, Maine; July 19-25, 2025",Gordon Research Conferences
2525377,2025-03-10,137592,Standard Grant,RAPID: Measuring Volatile Organic Compounds (VOC) Composition During and After the 2025 Los Angeles Wildland-Urban Interface Fires,University of California-Los Angeles
2525496,2025-03-11,196316,Standard Grant,"RAPID: Water Concentrations and Emissions of Sewage-Related Compounds for the Tijuana River--Air Quality Effects for San Diego County, California",Portland State University
2432506,2025-03-14,399934,Standard Grant,EMBRACE-AGS-Growth: Advancing Temperature-Dependent Absorption Models to Support Next-Generation Remote Sensing,Bates College
2436999,2025-03-14,4190045,Continuing Grant,Observing Solar Activity with the Owens Valley Solar Arrays,New Jersey Institute of Technology
2521917,2025-03-19,73994,Standard Grant,RAPID: Characterization of the Influence of Daytime and Nighttime Oxidative Aging Processes on the Physicochemical Properties of Laboratory-Generated Biomass Burning Emissions,Aerodyne Research Inc
2527517,2025-03-19,100000,Standard Grant,"RAPID: Nitrogen Oxide Measurements to Support Dynamics of Emissions, Nucleation, and Aerosols to predict Land-atmosphere-climate Interactions (DENALI) Field Campaign in Alaska",University of Alaska Fairbanks Campus
2442522,2025-03-21,770945,Continuing Grant,CAREER: Unraveling Polar Electron Energetics,University of California-Los Angeles
2507479,2025-03-24,99999,Standard Grant,Conference: The Impacts of a Growing Space Industry on Earth's Atmosphere--Research Challenges and Opportunities,National Academy of Sciences
2512892,2025-03-25,49450,Standard Grant,Conference: 2025 Atmospheric Chemistry Gordon Research Conference and Gordon Research Seminar,Gordon Research Conferences
2519989,2025-03-26,99800,Standard Grant,"Workshop on Emerging Observational Needs in Atmospheric Chemistry; Boulder, Colorado; June 16-18, 2025",University Corporation For Atmospheric Res
2524887,2025-03-27,24528,Standard Grant,Conference: Kilometer-scale Atmospheric Model Hack-a-thons,Princeton University
2529655,2025-04-02,149781,Standard Grant,Collaborative Research: RAPID--Real-world Experiment on Investigating the Influence of Terrain on Tornado Intensity and Behavior,Missouri University of Science and Technology
2529656,2025-04-02,41090,Standard Grant,Collaborative Research: RAPID--Real-world Experiment on Investigating the Influence of Terrain on Tornado Intensity and Behavior,"OHIO STATE UNIVERSITY, THE"
2445598,2025-04-08,498976,Continuing Grant,"Novel AI-Based Multiview Detailed Classification, AI-Enabled 3D Shape Reconstruction, Multicamera Instrumentation, and Comprehensive Analysis & Profiling of Snowflakes and Snowfall",Colorado State University
2446864,2025-04-09,1039247,Continuing Grant,"Collaborative Research: Relating Atlantic Marine Convection, Ice Nuclei and Cold pools (RAM-CINC)",Colorado State University
2446865,2025-04-09,467179,Standard Grant,"Collaborative Research: Relating Atlantic Marine Convection, Ice Nuclei and Cold pools (RAM-CINC)",University of Alabama in Huntsville
2448311,2025-04-09,583513,Standard Grant,Interpretable Deep Learning with Madden-Julian Oscillation (MJO) Large-Scale Precipitation for Better Tropical Cyclone (TC) Genesis Prediction with Increased Lead Time,University of Washington
2501333,2025-04-09,578828,Standard Grant,SHINE: How Does Surface Flux Evolution Determine the Structure and Dynamics of the Solar Corona and Inner Heliosphere?,Predictive Science Incorporated
2530207,2025-04-11,128741,Standard Grant,RAPID: Flight Planning and Immediate Post-Campaign Data Analysis for the HALO-South Field Campaign,Carnegie Mellon University
2442486,2025-04-24,889991,Continuing Grant,CAREER: Time Domain Structures in the Earth's Magnetosphere,University of Texas at Arlington
2501387,2025-04-24,588121,Standard Grant,SHINE: Evolution of the Turbulent Solar Wind Across the Terrestrial Bow Shock,University of Delaware
2441565,2025-04-29,1182557,Continuing Grant,CAREER: Understanding Soil Moisture and Its Changes in a Warming World,Harvard University
2442132,2025-04-29,1107797,Continuing Grant,CAREER: Role of New Particle Formation in Pre-industrial Climate,Carnegie Mellon University
2453814,2025-04-29,635942,Standard Grant,GEM: Quantifying Electron Microburst Precipitation Associated with Chorus Waves in the Earth's Inner Magnetosphere,Auburn University
2501212,2025-04-29,385959,Standard Grant,Collaborative Research: SHINE--Coronal Physics with Total Solar Eclipse Data and Magnetohydrodynamic Simulations,Wentworth Institute of Tech
2501213,2025-04-29,182730,Standard Grant,Collaborative Research: SHINE--Coronal Physics with Total Solar Eclipse Data and Magnetohydrodynamic Simulations,Predictive Science Incorporated
2515390,2025-05-14,10000,Standard Grant,"Conference: Tropical Cyclone Operation and Research Forum (TCORF); Lakeland, Florida; March 3-7, 2025",University Corporation For Atmospheric Res
2530645,2025-05-16,99679,Standard Grant,"2025 Coupling, Energetics, and Dynamics of Atmospheric Regions (CEDAR) Workshop",University Corporation For Atmospheric Res
2516349,2025-05-19,202000,Fellowship Award,AGS-PRF: Bridging the Gap--A Combined Observational and Modeling Approach to Develop a Unified Giant Sea Salt Aerosol Source Function,"Ackerman, Katherine Louise"
2442507,2025-05-21,822639,Continuing Grant,CAREER: Mechanisms of Holocene Rainfall Change in the Northern Tropical Americas,Washington University
2532187,2025-05-21,105935,Standard Grant,"Collaborative Research: Simulations, Theory and Observations of Plasma Turbulence and Heating Found in Solar Chromosphere",SETI Institute
2513065,2025-05-22,49736,Standard Grant,"A Lightning Modeling Grand Challenge Roadmap Workshop; Lubbock, Texas; April 1-3, 2025",Texas Tech University
2531264,2025-05-22,735001,Standard Grant,CAREER: Quantifying the Dynamics and Spatiotemporal Variability of Blocking Events Using Linear Response Functions and the Buckingham-Pi Theorem,University of Chicago
2431365,2025-05-27,1411312,Cooperative Agreement,"AGS-CIF: Multi-function Airborne Raman Lidar (MARLi) and Airborne Doppler Lidar (ADL) for Water Vapor, Temperature, Wind, Aerosol/Cloud Profiling",SUNY at Stony Brook
2349543,2025-06-03,602345,Standard Grant,REU Site: EXPeriments in Earth and Atmospheric Science: Learning Opportunities and Research Experience (EXPLORE),University of Maryland Baltimore County
2440581,2025-06-03,871505,Continuing Grant,CAREER: Assessing Responses of Precipitation Extremes to Anthropogenic Emission Changes,Stanford University
2441810,2025-06-03,945558,Continuing Grant,CAREER: Aerosols as Drivers of Multivariate Climate Hazard,University of Texas at Austin
2517208,2025-06-03,49599,Standard Grant,"The 2025 Ham Radio Science Citizen Investigation (HamSCI) Workshop; Newark, New Jersey; March 14-15, 2025",New Jersey Institute of Technology
2532363,2025-06-03,232277,Continuing Grant,Collaborative Research: ANSWERS: Ion-Neutral Coupling in Geospace and its Impact on Space Weather,SETI Institute
2533145,2025-06-13,47160,Standard Grant,The Nineteenth Graduate Climate Conference (GCC-2025),Massachusetts Institute of Technology
2439170,2025-06-16,786467,Standard Grant,Collaborative Research: Role of Mesoscale Air-Sea Coupling in Climate Variability over the Southern Ocean,University of Miami
2439171,2025-06-16,579603,Standard Grant,Collaborative Research: Role of Mesoscale Air-Sea Coupling in Climate Variability over the Southern Ocean,University of Wisconsin-Milwaukee
2449088,2025-06-16,695471,Standard Grant,Impacts of Relative Humidity on Organic New Particle Formation in the Atmosphere,University of Vermont & State Agricultural College
2503026,2025-06-16,464291,Standard Grant,Collaborative Research: Understanding the Drivers of Cloud and Precipitation Variability via Ensembles of Large-eddy Simulations and Detailed Cloud Observations,University of California-Davis
2503027,2025-06-16,1,Interagency Agreement,Collaborative Research: Understanding the Drivers of Cloud and Precipitation Variability via Ensembles of Large-eddy Simulations and Detailed Cloud Observations,Naval Postgraduate School
2503028,2025-06-16,377905,Standard Grant,Collaborative Research: Understanding the Drivers of Cloud and Precipitation Variability via Ensembles of Large-eddy Simulations and Detailed Cloud Observations,Columbia University
2531294,2025-06-16,15000,Standard Grant,"Conference:  Energy Balance Closure Problem--Causes, Corrections, and Implications",American Geophysical Union
2532216,2025-06-16,177044,Standard Grant,Collaborative Research:  EAGER--Tropical Cyclone Vortex Characteristics Identified by Liutex,University of Texas at Arlington
2532217,2025-06-16,122636,Standard Grant,Collaborative Research:  EAGER--Tropical Cyclone Vortex Characteristics Identified by Liutex,University of Miami
2426655,2025-06-17,530000,Standard Grant,Quantifying Vegetation-Climate Interactions and Uncertainties by Combining Process-Based Models with Machine Learning,University of Connecticut
2442628,2025-06-17,681356,Continuing Grant,CAREER: Transmission and Reflection of Low-frequency Turbulence through Shock Waves,University of Alabama in Huntsville
2451832,2025-06-17,405502,Standard Grant,"Collaborative Research: NSFGEO-DFG-BSF--The Contribution of Coastal Systems to the Atmospheric Carbonyl Sulfide Budget Using Tower-based Fluxes, Isotopic Measurements and Modeling",University of Illinois at Chicago
2451833,2025-06-17,705728,Standard Grant,"Collaborative Research: NSFGEO-DFG-BSF--The Contribution of Coastal Systems to the Atmospheric Carbonyl Sulfide Budget Using Tower-based Fluxes, Isotopic Measurements and Modeling",Columbia University
2451834,2025-06-17,389764,Standard Grant,"Collaborative Research: NSFGEO-DFG-BSF--The Contribution of Coastal Systems to the Atmospheric Carbonyl Sulfide Budget Using Tower-based Fluxes, Isotopic Measurements and Modeling",Rutgers University New Brunswick
2453576,2025-06-17,462224,Standard Grant,GEM: Quantifying Local and Global Controls of Solar-wind/Magnetosphere Coupling,Catholic University of America
2500539,2025-06-17,418063,Standard Grant,Regional Drivers of Anvil Cloud Fraction and Cloud Radiative Effects in the Tropical Eastern Pacific and Atlantic Intertropical Convergence Zones (ITCZs),Oregon State University
2527608,2025-06-17,205596,Standard Grant,Collaborative Research:  NERC-NSFGEO--Constraining Longwave Energy Flows in Cold Climates (CLEFCC),Regents of the University of Michigan - Ann Arbor
2527609,2025-06-17,188158,Standard Grant,Collaborative Research:  NERC-NSFGEO--Constraining Longwave Energy Flows in Cold Climates (CLEFCC),University of Wisconsin-Madison
2527610,2025-06-17,87725,Standard Grant,Collaborative Research:  NERC-NSFGEO--Constraining Longwave Energy Flows in Cold Climates (CLEFCC),Texas A&M University
2453970,2025-06-26,539134,Standard Grant,GEM: AI-Based Discovery of the Governing Equations Describing the Geospace Environment,University of California-Los Angeles
2439958,2025-06-27,797237,Standard Grant,Insights from Idealized Modelling into the Quasi-Biennial Oscillation,University of Utah
2452521,2025-06-27,307976,Standard Grant,"Collaborative Research: The Role of Interplanetary Shock Parameters in Their Propagation Through the Earth's Magnetosphere, and Their Impact on Particle Populations",University of Minnesota-Twin Cities
2452522,2025-06-27,192000,Standard Grant,"Collaborative Research: The Role of Interplanetary Shock Parameters in Their Propagation Through the Earth's Magnetosphere, and Their Impact on Particle Populations",Johns Hopkins University
2502332,2025-06-27,839500,Standard Grant,Air Chemistry in Mixing-Limited Stable Boundary Layers: Quantifying Turbulence-Chemistry Interactions in Air Pollution Modeling,University of California-Los Angeles
2514511,2025-06-27,412869,Standard Grant,Ground-Based Studies of High-Latitude Magnetospheric and Ionospheric Dynamics Using the Magnetometer Array for Cusp and Cleft Studies (MACCS),Regents of the University of Michigan - Ann Arbor
2535739,2025-06-30,50000,Standard Grant,Travel Grant:  For Students and Early Career Researchers to Attend the American Association for Aerosol Research (AAAR) Conference,American Association for Aerosol Research
2452399,2025-07-08,324438,Standard Grant,Collaborative Research: GEM--Plasmapause Control of Outer Radiation Belt Electron Enhancements,University of Colorado at Boulder
2452400,2025-07-08,51126,Standard Grant,Collaborative Research: GEM--Plasmapause Control of Outer Radiation Belt Electron Enhancements,University of Iowa
2534470,2025-07-08,99960,Standard Grant,Travel Grant: Expanding Opportunities for Faculty at Non-R1 Primarily Undergraduate Institutions,American Geophysical Union
2536205,2025-07-08,196855,Standard Grant,RAPID: Quantifying the Impacts of Canadian Wildfires on Ambient Aerosols in Atlanta,Georgia Tech Research Corporation
2426198,2025-07-14,1041780,Continuing Grant,Collaborative Research:  Super Dual Auroral Radar Network (SuperDARN) Facility Research and Operations--Imaging Convection at Small Scales Globally,Pennsylvania State Univ University Park
2426199,2025-07-14,957289,Continuing Grant,Collaborative Research:  Super Dual Auroral Radar Network (SuperDARN) Facility Research and Operations--Imaging Convection at Small Scales Globally,Dartmouth College
2426200,2025-07-14,1438206,Continuing Grant,Collaborative Research:  Super Dual Auroral Radar Network (SuperDARN) Facility Research and Operations--Imaging Convection at Small Scales Globally,Virginia Polytechnic Institute and State University
2426201,2025-07-14,575000,Continuing Grant,Collaborative Research:  Super Dual Auroral Radar Network (SuperDARN) Facility Research and Operations--Imaging Convection at Small Scales Globally,Johns Hopkins University
2453106,2025-07-14,404682,Standard Grant,GEM: Characteristics of Electron Cyclotron Harmonic Waves in the Earth's Magnetosphere,University of Texas at Dallas
2502905,2025-07-14,459966,Standard Grant,GEM: Kinetic structure and formation of pre-reconnection magnetotail thin current sheets,Johns Hopkins University
2503867,2025-07-14,476878,Standard Grant,Collaborative Research: Speleothem Constraints on Decadal to Orbital Scale Hydroclimate Variations in Mainland Southeast Asia,University of California-Irvine
2503868,2025-07-14,220934,Standard Grant,Collaborative Research: Speleothem Constraints on Decadal to Orbital Scale Hydroclimate Variations in Mainland Southeast Asia,William Paterson University
2503869,2025-07-14,289672,Standard Grant,Collaborative Research: Speleothem Constraints on Decadal to Orbital Scale Hydroclimate Variations in Mainland Southeast Asia,Massachusetts Institute of Technology
2516797,2025-07-14,732679,Standard Grant,Kinetic Isotope Effects in Atmospheric Sinks of Methane,University of Rochester
2517016,2025-07-14,610538,Standard Grant,Collaborative Research: Chamber Studies of Volatile Organic Compound Oxidation across a Range of Organic Peroxy Radical Conditions,Massachusetts Institute of Technology
2517017,2025-07-14,272363,Standard Grant,Collaborative Research: Chamber Studies of Volatile Organic Compound Oxidation across a Range of Organic Peroxy Radical Conditions,Aerodyne Research Inc
2524739,2025-07-14,202000,Fellowship Award,AGS-PRF: Quantifying Solar Wind Input Uncertainty in Global Geospace Models with Perturbed Input Ensemble Modeling,"O'Brien, Connor"
2527835,2025-07-14,416042,Standard Grant,CEDAR: Mid-Latitude GPS Position Errors During Geomagnetic Storms,Trustees of Boston University
2446812,2025-07-29,577535,Standard Grant,Collaborative Research: Developing a Theoretical Framework for Information to Support Climate Risk Management and Adaptation,Columbia University
2446813,2025-07-29,570041,Standard Grant,Collaborative Research: Developing a Theoretical Framework for Information to Support Climate Risk Management and Adaptation,University of California-Davis
2447549,2025-07-29,1047690,Standard Grant,REU Site: Solar and Space Physics with the Boulder Solar Alliance,University of Colorado at Boulder
2447604,2025-07-29,681265,Standard Grant,REU Site: Research Experiences for Undergraduates in Satellite and Ground-Based Remote Sensing--Fundamental Preparation and Advanced Applications,CUNY New York City College of Technology
2503122,2025-07-29,417307,Standard Grant,Collaborative Research: The Drivers of Regionally Coherent Meridional Variability Across the Australian and Asian Monsoons Over the Common Era,Woods Hole Oceanographic Institution
2503123,2025-07-29,214790,Standard Grant,Collaborative Research: The Drivers of Regionally Coherent Meridional Variability Across the Australian and Asian Monsoons Over the Common Era,Iowa State University
2503124,2025-07-29,216994,Standard Grant,Collaborative Research: The Drivers of Regionally Coherent Meridional Variability Across the Australian and Asian Monsoons Over the Common Era,Cornell College
2503125,2025-07-29,119998,Standard Grant,Collaborative Research: The Drivers of Regionally Coherent Meridional Variability Across the Australian and Asian Monsoons Over the Common Era,SUNY at Albany
2503126,2025-07-29,120364,Standard Grant,Collaborative Research: The Drivers of Regionally Coherent Meridional Variability Across the Australian and Asian Monsoons Over the Common Era,Occidental College
2503127,2025-07-29,94114,Standard Grant,Collaborative Research: The Drivers of Regionally Coherent Meridional Variability Across the Australian and Asian Monsoons Over the Common Era,University of New Mexico
2503762,2025-07-29,376962,Standard Grant,Hydroclimate Variability and Dynamics in the Circum-Caribbean in the Common Era Using New Paleoclimate Records and Model Simulation Experiments,University of Tennessee Knoxville
2503966,2025-07-29,1227787,Standard Grant,Forced Changes in Tropical Pacific Variability from Glacial Times to the Future,University of Texas at Austin
2512899,2025-07-29,750000,Standard Grant,Advanced Spectrally-Resolved Plasma Diagnostics of Lightning,New Mexico Institute of Mining and Technology
2500093,2025-07-30,537789,Standard Grant,Understanding Past and Future Trends in Tropical Relative Humidity Over Land,University of California-Berkeley
2507587,2025-07-30,1030041,Standard Grant,NSFGEO-NERC: Analyses of the Pattern Effect on Radiative Feedbacks: Gaining Physical Insights from Statistical Methods; Testing the Role of Land Surface Temperatures,Colorado State University
2515622,2025-07-30,499746,Standard Grant,Quantifying and Parameterizing Mixed-Phase Microphysical Properties Using Novel Measurement Technologies,University of Utah
2516142,2025-07-30,351460,Standard Grant,Collaborative Research: Subauroral atmospheric and ionospheric dynamics at the edge of space,Cornell University
2516143,2025-07-30,291289,Standard Grant,Collaborative Research: Subauroral atmospheric and ionospheric dynamics at the edge of space,Clemson University
2526839,2025-07-30,438685,Standard Grant,CEDAR: Studies of the O2(a-X) Infrared Atmospheric Band Nightglow Emission,SRI International
2531480,2025-07-30,498760,Standard Grant,Simulations and Theory of Electrojet Turbulence: Effects on Conductivities and Implications for Observations,Trustees of Boston University
2503829,2025-07-31,702588,Standard Grant,A High-Resolution Holocene Ice Core Record of Pacific Climate Variability from the Eclipse Icefield,University of Maine
2516265,2025-07-31,1720000,Standard Grant,The Future of the Atmospheric Hydrogen Soil Sink,University of Arizona
2516784,2025-07-31,571485,Standard Grant,Angularly Resolved Light Scattering from Mineral Dust Particles: A Unified Approach Using Q-and Theta-Space Analysis,"Nevada System of Higher Education, Desert Research Institute"
2437878,2025-08-01,862940,Standard Grant,Collaborative Research: Extreme Rainfall in South Asia--Mechanisms of Variability,Columbia University
2437879,2025-08-01,408862,Standard Grant,Collaborative Research: Extreme Rainfall in South Asia--Mechanisms of Variability,CUNY City College
2516531,2025-08-01,798249,Standard Grant,Laboratory Studies of Ice Vapor Growth in Static and Changing Environments,Pennsylvania State Univ University Park
2521424,2025-08-01,577875,Standard Grant,Factors and Processes Controlling the Duration of Concentric Eyewall Structure and the Associated Intensity Change of Tropical Cyclones,University of Hawaii
2527406,2025-08-01,719925,Standard Grant,Assimilation of Polarimetric Radar Data to Improve Microphysics Parameterization and Short-Term Explicit Numerical Prediction of Deep Convective Storms,University of Oklahoma Norman Campus
2501400,2025-08-04,337147,Standard Grant,Probing the Limits of Atmospheric Predictability with a Deep Learning Framework,University of Washington
2503683,2025-08-04,615903,Standard Grant,Collaborative Research: Impacts of Hydrogen Sulfide Emitted from Volcanic Passive Degassing on Atmospheric Chemistry,University of Washington
2503684,2025-08-04,48860,Standard Grant,Collaborative Research: Impacts of Hydrogen Sulfide Emitted from Volcanic Passive Degassing on Atmospheric Chemistry,Michigan Technological University
2503685,2025-08-04,267943,Standard Grant,Collaborative Research: Impacts of Hydrogen Sulfide Emitted from Volcanic Passive Degassing on Atmospheric Chemistry,University of California-Santa Barbara
2503543,2025-08-05,248117,Standard Grant,"Collaborative Research: Shifting Snow, Changing Flow--Quantifying Warming-Induced Seasonal Streamflow Changes in the Snow-Fed Columbia River over the Past 500 Years",University of Illinois at Urbana-Champaign
2503544,2025-08-05,199294,Standard Grant,"Collaborative Research: Shifting Snow, Changing Flow--Quantifying Warming-Induced Seasonal Streamflow Changes in the Snow-Fed Columbia River over the Past 500 Years",University of Tennessee Knoxville
2504713,2025-08-05,594076,Standard Grant,Collaborative Research: Understanding Flare Heating in the Chromosphere by High-Resolution Observations and Modeling,New Jersey Institute of Technology
2541578,2025-08-05,49828,Standard Grant,Summer School on Understanding the Earth System Across Scales Workshop,University of Chicago
2435262,2025-08-06,644970,Standard Grant,"Collaborative Research: Role of Atmospheric Heat Transport, Radiation and Soil Moisture on Observed Heatwaves, Their Representation in Climate Models and Future Changes",University of Washington
2435263,2025-08-06,86121,Standard Grant,"Collaborative Research: Role of Atmospheric Heat Transport, Radiation and Soil Moisture on Observed Heatwaves, Their Representation in Climate Models and Future Changes",University of California-Berkeley
2501789,2025-08-14,549245,Standard Grant,Collaborative Research: Determination of Secondary Organic Aerosol Formation from Cyanobacterial Harmful Algal Blooms Through Coupled Laboratory and Field Experiments,Regents of the University of Michigan - Ann Arbor
2501790,2025-08-14,437080,Standard Grant,Collaborative Research: Determination of Secondary Organic Aerosol Formation from Cyanobacterial Harmful Algal Blooms Through Coupled Laboratory and Field Experiments,University of North Carolina at Chapel Hill
2503069,2025-08-14,303942,Standard Grant,Collaborative Research: Assessing Past and Future Colorado River Droughts in the Context of a Holocene Wetting Trend,University of Arizona
2503070,2025-08-14,57101,Standard Grant,Collaborative Research: Assessing Past and Future Colorado River Droughts in the Context of a Holocene Wetting Trend,College of Saint Benedict
2503071,2025-08-14,258917,Standard Grant,Collaborative Research: Assessing Past and Future Colorado River Droughts in the Context of a Holocene Wetting Trend,Northern Arizona University
2514649,2025-08-14,699833,Standard Grant,Advancing Understanding and Prediction of the Entrainment Zone and Convective Boundary Layer Using Dual-Polarization Radar Observations,Pennsylvania State Univ University Park
2533207,2025-08-14,950000,Standard Grant,High-Speed Lightning Imaging Across the Electromagnetic Spectrum,University of Florida
2536915,2025-08-14,1463741,Standard Grant,SOARS (Significant Opportunities in Atmospheric Research and Science): Responding to the Evolving Needs of the Earth System Science Workforce,University Corporation For Atmospheric Res
2514168,2025-08-15,703703,Standard Grant,"Revitalization of the Arecibo incoherent scatter radar data: contemporary analyses, database expansion, and multi-variable studies of traveling ionosphere disturbances",Miami University
2516898,2025-08-15,202000,Fellowship Award,AGS-PRF: Evaluating Past Trends and Future Trajectories of Reactive Nitrogen Emissions from Agriculture--Air Quality and Radiative Forcing Impacts,"Pendergrass, Andrew"
2535750,2025-08-15,202000,Fellowship Award,AGS-PRF: Bridging the Gap between Idealized Simulations and Daytime Tower Observations of Forest-Atmosphere Interactions in Complex Terrain,"Torkelson, Gregory Quigley"
2537042,2025-08-15,27985,Standard Grant,Travel Grant: Characterizing Uncertainty in Historical and Paleoclimate Aerosol Radiative Effects Workshop,Cornell University
2505219,2025-08-18,695079,Standard Grant,Understanding the Congo Droughts: The Role of Soil Moisture-Precipitation Feedbacks,SUNY at Albany
2527389,2025-08-18,380375,Standard Grant,"MCA: Inhomogeneous Non-equilibrium Marine Atmospheric Boundary Layer in Coastal Region: A Call for Data-driven Modeling to Interconnect Turbulence, Oceanography, and Meteorology",University of Texas at Dallas
2528650,2025-08-18,599937,Standard Grant,A Critical Assessment of the Recent Rapid Decline in Land Surface Relative Humidity,SUNY at Albany
2531488,2025-08-18,717645,Standard Grant,Tropical Cold Point Tropopause Temperatures,University of Washington
2521216,2025-08-20,598605,Standard Grant,Conference: CEDAR Workshop,University Corporation For Atmospheric Res
2501292,2025-08-21,1309743,Standard Grant,Dynamics of the Jet Stream Anomalies Across Scales,University of Chicago
2503739,2025-08-26,341107,Standard Grant,Collaborative Research: Corona Discharge in Electrified Storms Initiated by Particle-Laden Atmospheric Turbulence,Johns Hopkins University
2503740,2025-08-26,256693,Standard Grant,Collaborative Research: Corona Discharge in Electrified Storms Initiated by Particle-Laden Atmospheric Turbulence,Pennsylvania State Univ University Park
2505215,2025-08-28,202000,Fellowship Award,AGS-PRF: Atmospheric Moisture Variability in the Western United States Reconstructed from Tree-Ring Oxygen Isotopes,"Belanger, Bryce Kenneth"
2548299,2025-08-28,598184,Standard Grant,SHINE: Structures in the Solar Corona and Solar Wind and Their Interaction With Turbulence,Auburn University
2534683,2025-08-29,118893,Standard Grant,Collaborative Research: GEM--Quantifying the Contribution of Off-Equatorial Ultra-Low Frequency (ULF) Waves on Radial Diffusion in the Radiation Belts,Regents of the University of Michigan - Ann Arbor
2547858,2025-09-02,500000,Continuing Grant,CAREER: The Role of Ice-Nucleating Particles and Their Feedback on Clouds in Warming Arctic Climate,University of Texas at El Paso
2549738,2025-09-10,397337,Standard Grant,Collaborative Research: North American Warm-season Extremes in a Changing Climate: Large-scale Drivers and Local Feedbacks,North Carolina State University
2540520,2025-09-11,427771,Standard Grant,Collaborative Research: Conference: GEM Workshop,University of Iowa
2540521,2025-09-11,84179,Standard Grant,Collaborative Research: Conference: GEM Workshop,University of Minnesota-Twin Cities
2512186,2025-09-18,13493881,Cooperative Agreement,"Atmospheric Science and Chemistry mEasurement NeTwork (ASCENT): Operation, Management, and Scientific Studies",Georgia Tech Research Corporation
2535635,2025-09-19,19982836,Cooperative Agreement,Research Infrastructure: Mid-scale RI-1 (MI:IP): Dual-Doppler 3D Mobile Ka-band Rapid-Scanning Volume Imaging Radar for Earth System Science,University of Oklahoma Norman Campus
2553565,2025-11-19,75000,Standard Grant,Collaborative Research: Dipole Tilt Effect on Kelvin-Helmholtz Instability and Its Associated Ionospheric and Geomagnetic Signatures,Clemson University
2603541,2025-11-24,267007,Standard Grant,Collaborative Research: Precipitation and Streamflow Reconstruction and Analysis in the Amazon River Basin,University of Arkansas
2528505,2025-12-23,444348,Standard Grant,Collaborative Research: United States Cosmics Leaving OUtdoor Droplets (CLOUD) Consortium,Carnegie Mellon University
2528506,2025-12-23,399572,Standard Grant,Collaborative Research: United States Cosmics Leaving OUtdoor Droplets (CLOUD) Consortium,University of Colorado at Boulder
2528507,2025-12-23,500704,Standard Grant,Collaborative Research: United States Cosmics Leaving OUtdoor Droplets (CLOUD) Consortium,California Institute of Technology
2611256,2026-01-14,271096,Standard Grant,Collaborative Research: GEM--How Upstream Solar Wind Conditions Determine the Properties of the Foreshock Backstreaming Ions,Embry-Riddle Aeronautical University
2550390,2026-01-15,39018,Standard Grant,"Travel Grant: Increasing Visibility, Impact and Participation of U.S. Scientists to Discuss Emerging Research Trends in Geospace Science",University of Texas at Dallas
2549969,2026-02-10,971621,Standard Grant,Collaborative Research:  AGS-FIRP Track 2--Phased Array Polarimetry for Electrification and Lightning (PAPEL),University of Oklahoma Norman Campus
2549970,2026-02-10,389343,Standard Grant,Collaborative Research:  AGS-FIRP Track 2--Phased Array Polarimetry for Electrification and Lightning (PAPEL),Texas Tech University
2553552,2026-02-10,32417,Standard Grant,AGS-FIRP Track 1: Purdue Radar Education (PurRadE): Integrating RaXPol into a Severe Storms Field Work Course,Purdue University
2510420,2026-02-11,358749,Standard Grant,MRI Track 1:  Acquisition of an Advanced System for Real-time Measurement and Monitoring of Bioaerosols,Colorado State University
2501437,2026-02-13,509494,Standard Grant,Insights into Sunward Streaming Energetic Particle Formation and Evolution through Multi-Point Observations,University of California-Berkeley
2612002,2026-02-13,635942,Standard Grant,GEM: Quantifying Electron Microburst Precipitation Associated with Chorus Waves in the Earth's Inner Magnetosphere,University of Texas at Dallas
2528262,2026-02-27,629189,Standard Grant,Laboratory Studies of Core Lightning Chemistry Products and Modeling of Corona Discharge Initiation,Pennsylvania State Univ University Park
2534194,2026-02-27,799030,Standard Grant,Quantifying the Impact of Cloud-Surface-Coupling on Aerosol-Cloud Interactions over Land,"University of Maryland, College Park"
2535867,2026-03-02,549837,Standard Grant,Development of Materials that Selectively Sorb and Release Gaseous Oxidized Mercury Compounds,"Board of Regents, NSHE, obo University of Nevada, Reno"
2501486,2026-03-04,580185,Standard Grant,SHINE: Multimodal Machine Learning Approaches for Solar Energetic Particles Events Prediction and Posthoc Analysis,Utah State University
2529754,2026-03-18,299614,Standard Grant,EAGER: Developing the Wave Distribution Function Method for RBSP Wave Data Analysis,University of California-Los Angeles
2541020,2026-03-23,638450,Continuing Grant,CAREER: Hunting Magnetic Fingerprints on the Sun--A Tale of Flare-Jet Connections,New Mexico State University
2614091,2026-03-24,24712,Standard Grant,AGS FIRP Track 1: Education and Training during the 2026 International Society for  Atmospheric Research using Remotely-piloted Aircraft Flight Week,Embry-Riddle Aeronautical University
2615422,2026-03-24,35000,Standard Grant,Space Weather Workshop 2026,University Corporation For Atmospheric Res
2618300,2026-03-25,229577,Standard Grant,Collaborative Research: GEM--How Upstream Solar Wind Conditions Determine the Properties of the Foreshock Backstreaming Ions,Embry-Riddle Aeronautical University
2533277,2026-03-26,540000,Standard Grant,Mechanisms of Hydroxyl Energy Transfer in Upper Atmospheric Nightglow,SRI International
2530422,2026-03-30,500000,Standard Grant,NSF-SNSF: Interactions of Gravity Waves and Tides in the Mesosphere and Lower Thermosphere,Embry-Riddle Aeronautical University
2508342,2026-04-01,518229,Standard Grant,Impacts of Changing Environmental Conditions on Weather Systems over Africa,Texas A&M University
2536164,2026-04-01,823336,Standard Grant,Exploring Radiation's Spectral Dimension,Columbia University
2529852,2026-04-07,540000,Standard Grant,Advancing Coherent and Incoherent Scatter Radar Observations and Understanding of the Equatorial Ionosphere,University of Texas at Dallas
2619099,2026-04-08,1632000,Continuing Grant,Collaborative Research: DASI Track 1--AUtonomous Remote geospace Observation and Research Array (AURORA),University of Texas at Arlington
2536062,2026-04-09,541181,Standard Grant,Contrasting the Transient and Equilibrium Responses of Atlantic Tropical Cyclones to Pacific Sea Surface Temperature Patterns,Cornell University
2540613,2026-04-13,498408,Continuing Grant,CAREER: High-Resolution Modeling of Late Holocene Environmental Volatility in Temperate North America: Using Quantitative Wood Anatomy to Improve Understanding of Extreme Weather,University of Tennessee Knoxville
2602402,2026-04-13,519030,Standard Grant,Collaborative Research: Probing Coronal Processes Through Three Total Solar Eclipses,University of Hawaii
2602403,2026-04-13,80961,Standard Grant,Collaborative Research: Probing Coronal Processes Through Three Total Solar Eclipses,Wentworth Institute of Tech
2617403,2026-04-22,30000,Standard Grant,Travel Grant: Enabling Students and Early-Career Scientists to Attend the 12th International GEOS-Chem Meeting (IGC12),Washington University
2625601,2026-05-04,196855,Standard Grant,RAPID: Quantifying the Impacts of Canadian Wildfires on Ambient Aerosols in Atlanta,California Institute of Technology
2541302,2026-05-19,659876,Continuing Grant,CAREER: Understanding Florida Sea-Breeze Convection Using High-Resolution Remote Sensing and Artificial Intelligence,University of Florida
2611583,2026-05-19,59565,Standard Grant,AGS-FIRP Track 1: Mobile Measurement of Black Carbon Using a Single-Particle Soot Photometer,Northeastern University
2534659,2026-05-26,580761,Standard Grant,Water Ice and Liquid Water Droplet Aerosol Characterization with Digital Holography,Kansas State University
2621293,2026-05-26,121406,Standard Grant,Collaborative Research: RAPID: Time-Critical Ground-Based Observations of the Geocorona During the Primary Science Phase of the Carruthers Geocorona Observatory,Embry-Riddle Aeronautical University
2621294,2026-05-26,49973,Standard Grant,Collaborative Research: RAPID: Time-Critical Ground-Based Observations of the Geocorona During the Primary Science Phase of the Carruthers Geocorona Observatory,University of Illinois at Urbana-Champaign
2621295,2026-05-26,49998,Standard Grant,Collaborative Research: RAPID: Time-Critical Ground-Based Observations of the Geocorona During the Primary Science Phase of the Carruthers Geocorona Observatory,University of Wisconsin-Madison
2621296,2026-05-26,72845,Standard Grant,Collaborative Research: RAPID: Time-Critical Ground-Based Observations of the Geocorona During the Primary Science Phase of the Carruthers Geocorona Observatory,Computational Physics Inc
2516280,2026-05-28,749788,Standard Grant,Using Cloud-System Resolving Models with a Data-driven Strategy to Advance Theories of Convectively Coupled Waves and the Madden-Julian Oscillation,Harvard University
2542691,2026-05-28,986119,Continuing Grant,CAREER: Understanding Land-Atmosphere Exchange of Reactive Nitrogen through Tiered and Machine Learning Assisted Monitoring,Georgia Tech Research Corporation
2534330,2026-06-03,775570,Standard Grant,"Collaborative Research: Impacts of Sulfur Emission Reductions on Wintertime Particulate Matter in Fairbanks, Alaska",Georgia Tech Research Corporation
2534331,2026-06-03,66154,Standard Grant,"Collaborative Research: Impacts of Sulfur Emission Reductions on Wintertime PM2.5 in Fairbanks, Alaska",University of Maryland Baltimore County
2534332,2026-06-03,356875,Standard Grant,"Collaborative Research: Impacts of Sulfur Emission Reductions on Wintertime PM2.5 in Fairbanks, Alaska",University of Alaska Fairbanks Campus
2535908,2026-06-17,884837,Continuing Grant,Collaborative Research: Research Infrastructure: The Simpson Neutron Monitor Network,University of New Hampshire
2535909,2026-06-17,1122574,Continuing Grant,Collaborative Research: Research Infrastructure: The Simpson Neutron Monitor Network,University of Delaware
2535910,2026-06-17,180222,Continuing Grant,Collaborative Research: Research Infrastructure: The Simpson Neutron Monitor Network,University of Wisconsin-River Falls
2535911,2026-06-17,922511,Continuing Grant,Collaborative Research: Research Infrastructure: The Simpson Neutron Monitor Network,University of Hawaii
2538364,2026-06-22,835425,Standard Grant,Impact of the Atlantic Meridional Overturning Circulation on Surface Conditions: Isolating the Effects of Feedbacks and Mean-state Overturning Strength,University of California-San Diego Scripps Inst of Oceanography
2543191,2026-06-22,1024204,Continuing Grant,CAREER: Understanding Forced and Internal Variability in the Pacific and its Impacts on North America,Cornell University
2524858,2026-06-25,300000,Standard Grant,EAGER: Machine Learning (ML)-based Geomagnetic Field Reconstruction Framework,Johns Hopkins University
2528651,2026-06-25,424932,Standard Grant,CEDAR: Investigating the Mesosphere and Lower Thermosphere Neutral Temperature and Winds Responses to Geomagnetic Storms Equatorward of the Auroral Zone,Utah State University
2536058,2026-06-25,1099777,Standard Grant,Understanding How Near-Ground Turbulence Contributes to Tornado Formation,Pennsylvania State Univ University Park
2539064,2026-06-25,750000,Continuing Grant,Core support for the atmospheric sciences research board at the National Academies,National Academy of Sciences
2544433,2026-06-25,1050883,Continuing Grant,CAREER: Advancing Understanding of Hadley Cell Dynamics from Foundational Theory to Large Language Models,CUNY City College
2549874,2026-06-25,374521,Standard Grant,AGS-FIRP Track 2:  Aerosol-Mixed Phase Cloud Interactions Through Cloud Chamber Experiments,San Jose State University Foundation
2605535,2026-06-25,649698,Standard Grant,Understanding Why Some Supercell Storms Produce Tornadoes and Hail,North Carolina State University
2607380,2026-06-25,942543,Standard Grant,Understanding Satellite-Era Trends in Extratropical Circulation Extremes,University of Chicago
2608968,2026-06-25,699464,Standard Grant,Measurement of How Air Motions Perturb Snowflake Orientation and Settling,University of Utah
2610378,2026-06-25,43265,Standard Grant,Collaborative Research: AGS-FIRP Track 1--Reflections from the Radar - Educational Impacts of a Gulf Coast Field Experiment,Florida State University
2610379,2026-06-25,8650,Standard Grant,Collaborative Research: AGS-FIRP Track 1--Reflections from the Radar - Educational Impacts of a Gulf Coast Field Experiment,Texas A&M University
2611710,2026-06-25,692890,Standard Grant,Advanced Data Assimilation for Terrain-Driven and Stratified Boundary Layers,University of Utah
2614889,2026-06-25,492137,Standard Grant,Using Ground-Based Radar to Understand Entrainment in Deep Convection,Pennsylvania State Univ University Park
2618143,2026-06-25,299673,Standard Grant,EAGER: On the Impact of Solar Energetic Particles in the High Latitude Regions,University of Colorado at Boulder
2627405,2026-06-25,47000,Standard Grant,2026 Earth System Science Conference,University of Washington
2534787,2026-06-26,541495,Standard Grant,Collaborative Research: Quantifying the Sources and Sinks of Reactive Trace Gases in Agricultural Ecosystems and their Contribution to Aerosol Production,Purdue University
2534788,2026-06-26,481441,Standard Grant,Collaborative Research: Quantifying the Sources and Sinks of Reactive Trace Gases in Agricultural Ecosystems and their Contribution to Aerosol Production,University of Minnesota-Twin Cities
2543464,2026-06-26,699429,Continuing Grant,CAREER: Quantifying Wind-driven Wave Tearing and its Impacts on Hurricane Air-Sea Drag,University of Miami
2625514,2026-07-01,140000,Standard Grant,RAPID: Operations and Data Analysis for a CubeSat Mission to Study the Upper Atmosphere,University of Colorado at Boulder
2618039,2026-07-06,202000,Fellowship Award,AGS-PRF: Profiling Drop Size Distributions across Multiple Remote Sensing Platforms,"Cornejo, Ian Christian"
2539634,2026-07-08,912177,Continuing Grant,"CAREER: Global Characteristics, Predictability, and Future Projections of Polar Subtropical Jet Superposition Events",University of Colorado at Boulder
2617733,2026-07-08,202000,Fellowship Award,AGS-PRF: Quantifying Agricultural Volatile Organic Compound Emissions with Airborne Measurements,"Lill, Emily"
2611645,2026-07-10,5000000,Continuing Grant,Advancing Atmospheric Sciences Through Radio Occultation,University Corporation For Atmospheric Res
2601249,2026-07-13,538270,Standard Grant,Collaborative Research: SHINE: Machine Learning-Aided Study on Variation  of Solar Radio Emission in Past Ten Solar Cycles,New Jersey Institute of Technology
2601250,2026-07-13,59863,Standard Grant,Collaborative Research: SHINE: Machine Learning-Aided Study on Variation  of Solar Radio Emission in Past Ten Solar Cycles,Sam Houston State University
2622249,2026-07-13,202000,Fellowship Award,AGS-PRF: Unified Satellite-Model Framework for Understanding Atmospheric Oxidation in Changing Forests,"Katz, Erin"
2548582,2026-07-15,745658,Standard Grant,Multi-Scale Analysis of Colorado Front Range Extreme Wind Events,University of Colorado at Boulder
2622134,2026-07-16,202000,Fellowship Award,AGS-PRF: High-Speed Spectral Imaging of Sprite Streamer Systems,"Sturge, Kathryn M"
2629789,2026-07-16,396722,Standard Grant,Collaborative Research: GEM--Impact of Solar Wind Dynamic Pressure Enhancement on the Cusp and Polar Cap Ion Source,SPACE SCIENCE INSTITUTE
2550323,2026-07-17,349918,Standard Grant,Spacecraft Charging in the Lunar Environment,Trustees of Boston University
2629790,2026-07-17,82799,Standard Grant,Collaborative Research: GEM--How Upstream Solar Wind Conditions Determine the Properties of the Foreshock Backstreaming Ions,SPACE SCIENCE INSTITUTE
2611604,2026-07-21,805958,Standard Grant,"NSFGEO-DFG: Uncovering Atmospheric Composition during the Past 14,000 Years Using European Ice Cores","Nevada System of Higher Education, Desert Research Institute"
2619881,2026-07-21,408741,Standard Grant,MCA: Building Science and Engineering Capacity in Very Low Earth Orbit (vLEO),University of Colorado at Boulder
2624916,2026-07-21,13493881,Cooperative Agreement,"Atmospheric Science and Chemistry mEasurement NeTwork (ASCENT): Operation, Management, and Scientific Studies",California Institute of Technology
2600083,2026-07-22,1250000,Cooperative Agreement,U.S. Climate Variability and Predictability Project Office,University Corporation For Atmospheric Res
2626445,2026-07-23,99262,Standard Grant,Workshop on the Air-Water-Energy Nexus for the United States Intermountain West,University of Arizona
2555793,2026-07-28,521094,Standard Grant,GEM: Cusp Ion Precipitation Process in Response to Solar Wind Transients,Auburn University
2622587,2026-07-28,202000,Fellowship Award,AGS-PRF: Ground-Based Radio and Space-Based White-Light Observations to Study the   Structure of the Solar Corona,"Kenny, Kenny N"
2553874,2026-07-29,346253,Standard Grant,Collaborative Research: GEM: Revealing and Quantifying Hidden Low Frequency Plasma Waves in Magnetospheric Dynamics,University of Colorado at Boulder
2553875,2026-07-29,143232,Standard Grant,Collaborative Research: GEM: Revealing and Quantifying Hidden Low Frequency Plasma Waves in Magnetospheric Dynamics,University of Iowa
2601762,2026-07-29,539747,Standard Grant,Quantifying Helioseismic Measurements of Solar Magnetic Fields with Laboratory Experiments and Simulations,SPACE SCIENCE INSTITUTE
2623315,2026-07-29,199999,Standard Grant,Conference: 2026 Polar Aeronomy and Radio Science (PARS) Summer School and Training Workshop,University of Alaska Fairbanks Campus
2619842,2026-07-31,439511,Standard Grant,MCA: Revolutionizing Space Weather Monitoring with CubeSats: Direct Probes of Energy Deposition into Earth's Upper Atmosphere,University of Texas at Dallas
2555054,2026-08-03,450830,Standard Grant,GEM: Structure of Cold Plasma Density Fluctuations in the Terrestrial Inner Magnetosphere,University of California-Berkeley
2556135,2026-08-03,236000,Standard Grant,Collaborative Research: Linking Lower Atmosphere Weather to Space Weather Using Mesoscale Modeling and Artificial Intelligence,University of Texas at Arlington
2556136,2026-08-03,120000,Standard Grant,Collaborative Research: Linking Lower Atmosphere Weather to Space Weather Using Mesoscale Modeling and Artificial Intelligence,Massachusetts Institute of Technology
2556137,2026-08-03,144000,Standard Grant,Collaborative Research: Linking Lower Atmosphere Weather to Space Weather Using Mesoscale Modeling and Artificial Intelligence,University of Colorado at Boulder
2620511,2026-08-03,443609,Standard Grant,Magnetic Signatures of Current Systems in Equatorial Plasma Bubbles: Observations and Implications for Space Weather,Johns Hopkins University
2621627,2026-08-03,243000,Standard Grant,"Collaborative Research: The Role of Precipitation, Sublimation, and Surface Fluxes in Cloud Transitions during Marine Cold-Air Outbreaks",Regents of the University of Michigan - Ann Arbor
2621628,2026-08-03,240286,Standard Grant,"Collaborative Research: The Role of Precipitation, Sublimation, and Surface Fluxes in Cloud Transitions during Marine Cold-Air Outbreaks",University of Utah
2510042,2026-08-04,784649,Standard Grant,MRI Track 1: Acquisition of a Computer Cluster for the Study of Fluids and Plasmas on Earth and Beyond,University of New Hampshire
2533043,2026-08-04,435773,Standard Grant,"Collaborative Research: Unique Sources of Carbonaceous Aerosol in the North Atlantic Basin--Impacts of African Smoke, Dust, and Marine Emission on Physicochemical Properties",University of Miami
2533044,2026-08-04,397579,Standard Grant,"Collaborative Research: Unique Sources of Carbonaceous Aerosol in the North Atlantic Basin--Impacts of African Smoke, Dust, and Marine Emission on Physicochemical Properties",Regents of the University of Michigan - Ann Arbor
2533045,2026-08-04,186541,Standard Grant,"Collaborative Research: Unique Sources of Carbonaceous Aerosol in the North Atlantic Basin--Impacts of African Smoke, Dust, and Marine Emission on Physicochemical Properties",University of California-Davis
2620361,2026-08-04,269926,Standard Grant,Collaborative Research: CEDAR: Sky-High Seismology: Decoding Upper Atmospheric Transcripts of Seismic Ruptures,Computational Physics Inc
2620362,2026-08-04,346424,Standard Grant,Collaborative Research: CEDAR: Sky-High Seismology: Decoding Upper Atmospheric Transcripts of Seismic Ruptures,Embry-Riddle Aeronautical University
2538706,2026-08-05,621033,Standard Grant,Processes And Coupling Investigation of Future Impacts of Coastal El Nino (PACIFIC),University of Wisconsin-Madison
2555987,2026-08-05,458566,Standard Grant,Collaborative Research: Mechanisms Governing Changes in Temperature and Precipitation over the Andes Mountains,SUNY at Albany
2555988,2026-08-05,468366,Standard Grant,Collaborative Research: Mechanisms Governing Changes in Temperature and Precipitation over the Andes Mountains,Oregon State University
2601463,2026-08-05,609211,Standard Grant,The Impact of Extratropical Forcings on Observed and Simulated Tropical Surface Temperature Patterns,University of California-Los Angeles
2615571,2026-08-05,422645,Standard Grant,Collaborative Research: Advanced Data Assimilation applied to the study of Nocturnal Thunderstorms,Florida State University
2615572,2026-08-05,174789,Standard Grant,Collaborative Research: Advanced Data Assimilation applied to the study of Nocturnal Thunderstorms,University Corporation For Atmospheric Res
2617645,2026-08-05,991293,Standard Grant,AGS-FIRP Track 2: Hurricane Boundary Layer Observation Study,University of Alabama in Huntsville
2619432,2026-08-05,646707,Standard Grant,Collaborative Research: Lightning Properties of Downward Terrestrial Gamma-ray Flashes and Superbolts,University of California-Santa Cruz
2619433,2026-08-05,333441,Standard Grant,Collaborative Research: Lightning Properties of Downward Terrestrial Gamma-ray Flashes and Superbolts,New Mexico Institute of Mining and Technology
2622210,2026-08-05,202000,Fellowship Award,AGS-PRF: Modulation of Bubble-Mediated Fluxes in Breaking Waves by Wind Forcing and Subsurface Turbulence,"Hasani Malekshah Fazel, Emad"
2622840,2026-08-05,202000,Fellowship Award,AGS-PRF: Analysis and Modeling of Persistent Gravity Waves in the Antarctic Mesosphere and Lower Thermosphere,"Jandreau, Jackson"
2555943,2026-08-06,464853,Standard Grant,GEM: Resolving the Role of Low-Entropy Plasma Bubbles in Generating Prompt Penetration Electric Fields,William Marsh Rice University
2619948,2026-08-06,180454,Standard Grant,Collaborative Research: CEDAR--Space Weather Impacts on Earth's Exospheric Energetics through Physics-Based and Machine Learning Methods,Catholic University of America
2619949,2026-08-06,240000,Standard Grant,Collaborative Research: CEDAR--Space Weather Impacts on Earth's Exospheric Energetics through Physics-Based and Machine Learning Methods,University of Colorado at Boulder
2509861,2026-08-07,381966,Standard Grant,A Realistic and Multi-scale Dynamical Study to Understand Thin Tropical Cirrus Cloud Life Cycle,"NorthWest Research Associates, Incorporated"
2537345,2026-08-07,2280000,Standard Grant,Collaborative Research: Research Infrastructure: Active Magnetosphere and Planetary Electrodynamics Response Experiment 4 (AMPERE-4),Johns Hopkins University
2537346,2026-08-07,119864,Standard Grant,Collaborative Research: Research Infrastructure: Active Magnetosphere and Planetary Electrodynamics Response Experiment 4 (AMPERE-4),Southwest Research Institute
2621863,2026-08-07,337405,Standard Grant,"EAGER: Understanding Wildfire Smoke Transport though Satellite Observations, Machine Learning, and Numerical Modeling",University of California-Los Angeles
2629506,2026-08-07,242000,Standard Grant,"EAGER: Exploring Quantum-Ready Geoscience Community Benchmark Problems in Atmospheric, Hydrologic, and Earth-System Sciences",University of Texas at Austin
