id,date,estimatedTotalAmt,transType,title,awardeeName
1457488,2014-11-24,52000,Fellowship Award,Graduate Research Fellowship Program (GRFP),CUNY City College
1518767,2014-12-09,44000,Fellowship Award,Graduate Research Fellowship Program (GRFP),University of Kansas Medical Center Research Institute Inc
1433736,2014-12-19,3899433,Continuing Grant,SFS: Preparing Crosscutting Cybersecurity Scholars,Rochester Institute of Tech
1503742,2014-12-19,4423569,Continuing Grant,Scholarship Track: Scholarships for Service at WPI,Worcester Polytechnic Institute
1503875,2014-12-19,2785558,Continuing Grant,CyberCorps: Scholarship for Service to Create Community Cyber Security Champions (CCSC) and a Collaborative Learning Environment,St. Cloud State University
1504526,2014-12-19,1795785,Continuing Grant,"SFS (Scholarship Track): An Interdisciplinary, Learning-by-Doing Approach  to Identify and Prepare Cyber Warriors","Cal Poly Pomona Foundation, Inc."
1445632,2014-12-31,300000,Standard Grant,Classroom Artifacts as Indicators of Quality in STEM Education,Rutgers University New Brunswick
1519310,2015-02-26,245500,Standard Grant,Workforce Development: Graduate Data Science Workshop & Community Building,University of Washington
1535785,2015-03-12,620000,Contract Interagency Agreement,Interagency Agreement with OPM,"PERSONNEL MANAGEMENT, U S OFFICE OF"
1449785,2015-03-27,2970000,Standard Grant,NRT-DESE: Computational Materials Education and Training - Bridging Methods and Applications (COMET),Pennsylvania State Univ University Park
1450006,2015-03-27,2966598,Standard Grant,NRT-DESE: Training in Data-Driven Discovery - From the Earth and the Universe to the Successful Careers of the Future,Northwestern University
1450032,2015-03-27,2966134,Standard Grant,"NRT-DESE: Generating, Analyzing, and Understanding Sensory and Sequencing Information--A Trans-Disciplinary Graduate Training Program in Biosensing and Computational Biology",Colorado State University
1449617,2015-03-31,2965339,Standard Grant,NRT: Education Model Program on Water-Energy Research (EMPOWER) at Syracuse University,Syracuse University
1449815,2015-03-31,2969817,Standard Grant,NRT-DESE: Flexibility in Language Processes and Technology: Human- and Global-Scale,"University of Maryland, College Park"
1449828,2015-03-31,2965341,Standard Grant,NRT-DESE:  Graduate Training in Data-Enabled Research into Human Behavior and its Cognitive and Neural Mechanisms,University of Rochester
1449999,2015-03-31,2824395,Standard Grant,"NRT: Training Next-Generation Scientists with Experimental, Theoretical, and Computational Competencies for Complex Interfaces (INTERFACE)",University of Southern Mississippi
1450053,2015-03-31,2946352,Standard Grant,NRT-DESE: Environment and Society: Data Science for the 21st century (DS421),University of California-Berkeley
1438871,2015-05-06,99990,Standard Grant,Cyber Defense Bootcamp for High School Technology Teachers,James Madison University
1539715,2015-05-07,49000,Standard Grant,Cyber Education Project,Metropolitan State University
1464800,2015-05-16,289590,Standard Grant,SaTC-EDU: EAGER: Development and Evaluation of Privacy Education Tools via Open Collaboration,Stevens Institute of Technology
1437514,2015-06-03,233444,Standard Grant,SFS: Capacity Building: Cybersecurity Education Across Disciplines with Focus on Minorities and Women,University of Hawaii
1465260,2015-06-03,286819,Standard Grant,SaTC-EDU:EAGER:A Wiki Space for Information Security Education Exchange,University of Houston
1500052,2015-06-03,194439,Standard Grant,SaTC-EDU: EAGER: Transforming Usable Security and Privacy Education,University of North Carolina at Charlotte
1500077,2015-06-03,270019,Standard Grant,SaTC-EDU: EAGER: Education Initiative TECH MeD: Transdisciplinary Education for Critical Hacks of Medical Devices,Texas Christian University
1500101,2015-06-03,300000,Standard Grant,SaTC-EDU: EAGER: Peer Instruction for Cybersecurity Education,University of New Orleans
1500084,2015-06-04,300000,Standard Grant,SaTC-EDU: EAGER: Big Data and Security: Educating the Next-Generation Security Analysts,Georgia Tech Research Corporation
1534175,2015-06-04,27333,Fellowship Award,Graduate Research Fellowship Program (GRFP),SUNY College of Environmental Science and Forestry
1540502,2015-06-10,352000,Fellowship Award,Graduate Research Fellowship Program (GRFP),University of Kansas Center for Research Inc
1542121,2015-06-17,90000,Fellowship Award,Graduate Research Fellowship Program (GRFP),Yeshiva University
1515256,2015-06-19,224187,Standard Grant,Mobile Forensic Security Project,Robert Morris University
1452780,2015-06-22,89167,Fellowship Award,Graduate Research Fellowship Program (GRFP),Northern Arizona University
1455558,2015-06-22,92000,Fellowship Award,Graduate Research Fellowship Program (GRFP),The University of Texas Health Science Center at Houston
1516100,2015-06-22,166526,Standard Grant,"EDURange:  Supporting cyber security education with hands-on exercises, a student-staffed help-desk, and webinars",Lewis and Clark College
1516113,2015-06-22,280706,Standard Grant,Cyber4All: An Interdisciplinary Cybersecurity Minor for all Undergraduates,Towson University
1516471,2015-06-22,37317,Standard Grant,Collaborative Research: Capacity building in Cybersecurity-literacy: An inter-disciplinary approach,Truckee Meadows Community College
1516724,2015-06-22,262534,Standard Grant,Collaborative Research: Capacity building in Cybersecurity-literacy: An inter-disciplinary approach,"Board of Regents, NSHE, obo University of Nevada, Reno"
1516730,2015-06-22,240690,Standard Grant,"EDURange:  Supporting cyber security education with hands-on exercises, a student-staffed help-desk, and webinars",Evergreen State College
1541523,2015-06-22,44000,Fellowship Award,Graduate Research Fellowship Program (GRFP),The University of Texas Health Science Center at Houston
1515358,2015-06-23,399753,Standard Grant,Integrating Cybersecurity with Undergraduate IT Programs,University of Maryland Baltimore County
1438921,2015-06-29,300020,Standard Grant,SFS: Cyber Security of Industrial Control Systems,Texas Tech University
1543817,2015-06-29,46000,Fellowship Award,Graduate Research Fellowship Program (GRFP),Oakland University
1545659,2015-06-29,46000,Fellowship Award,Graduate Research Fellowship Program (GRFP),Boise State University
1545679,2015-06-29,46000,Fellowship Award,Graduate Research Fellowship Program (GRFP),University of South Dakota Main Campus
1545680,2015-06-29,46000,Fellowship Award,Graduate Research Fellowship Program (GRFP),Southern Oregon University
1545870,2015-06-29,46000,Fellowship Award,Graduate Research Fellowship Program (GRFP),Southern Illinois University at Carbondale
1545956,2015-06-29,46000,Fellowship Award,Graduate Research Fellowship Program (GRFP),Jackson State University
1545957,2015-06-29,46000,Fellowship Award,Graduate Research Fellowship Program (GRFP),University of Nebraska at Omaha
1545959,2015-06-29,46000,Fellowship Award,Graduate Research Fellowship Program (GRFP),"Georgia Southern University Research and Service Foundation, Inc"
1546590,2015-06-29,46000,Fellowship Award,Graduate Research Fellowship Program (GRFP),California Polytechnic State University Foundation
1546593,2015-06-29,36497,Fellowship Award,Graduate Research Fellowship Program (GRFP),CAL POLY HUMBOLDT SPONSORED PROGRAMS FOUNDATION
1546594,2015-06-29,261479,Fellowship Award,Graduate Research Fellowship Program (GRFP),University of Texas Southwestern Medical Center
1546595,2015-06-29,176986,Fellowship Award,Graduate Research Fellowship Program (GRFP),University of Iowa
1544099,2015-07-02,35000,Standard Grant,2015 Cyber Security Education Workshop,Georgia Tech Research Corporation
1500046,2015-07-08,299376,Standard Grant,SaTC-EDU: EAGER Enhancing Cybersecurity Education Through a Representational Fluency Model,Purdue University
1500083,2015-07-08,300000,Standard Grant,SaTC-EDU: EAGER: Broadening Cyber Security Education Beyond Computing - Educating Everyone to Safeguard Our Online Lives,Georgia Tech Research Corporation
1547507,2015-07-08,211973,Standard Grant,Collaborative Research: STEM Workforce Training: A Quasi-Experimental Approach Using the Effects of Research Funding,New York University
1501177,2015-07-13,6000000,Continuing Grant,University of Tulsa Cyber Corps Initiative -- Training the Next Generation of MacGyvers,University of Tulsa
1503949,2015-07-13,2212933,Continuing Grant,Information Security and Assurance for Technology Leadership and Innovation,Johns Hopkins University
1523096,2015-07-14,299977,Standard Grant,EDU: Developing Security Education Materials for Future Advanced Manufacturing Engineering Workforce,University of North Carolina at Charlotte
1534620,2015-07-14,99204,Standard Grant,Understanding PhD Career Pathways in STEM: Proposal for a Workshop to Develop an Instrument,Council of Graduate Schools
1438684,2015-07-15,599790,Standard Grant,Expanding Capacity to Train Cyber Security Professionals,Tacoma Community College
1500033,2015-07-15,197698,Standard Grant,SaTC-EDU: EAGER: INCUBATE - INjecting and assessing Cybersecurity edUcation with little internal suBject mATter Expertise,Le Moyne College
1500039,2015-07-15,229280,Standard Grant,SaTC-EDU: EAGER: Enhancing Cybersecurity Education through Peer Review,Worcester Polytechnic Institute
1504528,2015-07-15,3260186,Continuing Grant,Interdisciplinary Scholarship for Service for the Inter-Mountain West - Idaho State University,Idaho State University
1504547,2015-07-15,2904651,Continuing Grant,"Renewal of Scholarship for Service at California State University, Sacramento (2015-2020)","University Enterprises, Incorporated"
1535175,2015-07-25,886617,Standard Grant,The Effects of Education and Professional Development on Beginning STEM Teacher Persistence: a Longitudinal Study,University of Pennsylvania
1503760,2015-07-27,2550986,Continuing Grant,A Multiple Pathway Approach to CyberCorps - Renewal,Pace University
1534698,2015-07-29,299963,Standard Grant,Developing Math/Science Teacher Leadership: A Consensus Approach to Evaluating Program Quality,BSCS Science Learning
1535496,2015-07-30,1383544,Standard Grant,Investigating the influence of informal understandings about biology on formal learning of biological concepts,Northeastern University
1515000,2015-08-05,82404,Standard Grant,Capacity Building for Control System Security Collaborative Project,Snead State Community College
1515636,2015-08-05,229296,Standard Grant,Capacity Building for Control System Security Collaborative Project,Jacksonville State University
1500089,2015-08-07,300000,Standard Grant,SaTC-EDU: EAGER: Cybersecurity education for public policy,Stanford University
1319258,2015-08-13,10002,Interagency Agreement,EDU:Collaborative:Re-energizing K-12 Extramural Programs with Security Activities,Naval Postgraduate School
1319259,2015-08-13,299782,Standard Grant,EDU:Collaborative:Re-energizing K-12 Extramural Programs with Security Activities,University Corporation at Monterey Bay
1438893,2015-08-13,422498,Interagency Agreement,SEED Lab Extension and Parameterization,Naval Postgraduate School
1545177,2015-08-13,487468,Standard Grant,NRT-IGE:  A test bed for STEM graduate student communication training,University of Missouri-Columbia
1545220,2015-08-13,2999999,Standard Grant,NRT: Integrative Bioinformatics for Investigating and Engineering Microbiomes (IBIEM),Duke University
1545261,2015-08-13,2952429,Standard Grant,NRT: Aeroecology as a Test-bed for Interdisciplinary STEM Training,University of Oklahoma Norman Campus
1545275,2015-08-13,499977,Standard Grant,NRT-IGE:  Science Writing and Rhetorical Training: A New Model for Developing Graduate Science Writers,University of Rhode Island
1545287,2015-08-13,2908825,Standard Grant,"NRT: Accessibility, Rehabilitation, and Movement Science (ARMS): An Interdisciplinary Traineeship Program in Human-Centered Robotics",Georgia Tech Research Corporation
1545362,2015-08-13,2999328,Standard Grant,"NRT-DESE: UrbComp: Data Science for Modeling, Understanding, and Advancing Urban Populations",Virginia Polytechnic Institute and State University
1545403,2015-08-13,2976937,Standard Grant,NRT-DESE: Data-Enabled Discovery and Design of Energy Materials,Texas A&M University
1545433,2015-08-13,2997528,Standard Grant,NRT-DESE:  Interdisciplinary Disease Ecology Across Scales: from Byte to Benchtop to Biosphere,University of Georgia Research Foundation Inc
1545453,2015-08-13,2866938,Standard Grant,NRT-DESE:  P3 -- Predictive Phenomics of Plants,Iowa State University
1545481,2015-08-13,2999767,Standard Grant,NRT-DESE LUCID: A project-focused cross-disciplinary graduate training program for data-enabled research in human and machine learning and teaching,University of Wisconsin-Madison
1546510,2015-08-13,1499992,Standard Grant,BIGDATA: F: BCC: Data driven optimization of classroom learning activities,University of Washington
1546944,2015-08-13,46000,Fellowship Award,Graduate Research Fellowship Program (GRFP),North Carolina Central University
1547889,2015-08-13,46000,Fellowship Award,Graduate Reserach Fellowship Program (GRFP),University of Arkansas Little Rock
1545399,2015-08-20,2975376,Standard Grant,NRT: Soft Materials for Life Sciences,University of Massachusetts Amherst
1548315,2015-08-20,4158633,Standard Grant,Catalyzing Computing and Cybersecurity in Community Colleges (C5),Whatcom Community College
1500055,2015-08-21,299943,Standard Grant,SaTC-EDU: EAGER: CFEAR: Cyber Forensics Education via Augmented Reality,Metropolitan State University
1535011,2015-08-25,481795,Standard Grant,The Impact of Social Capital and Mentoring in Earth System Science Workforce Development,Michigan State University
1516092,2015-08-26,237987,Standard Grant,Cyber Security Master's Track,"Felician University, A New Jersey Nonprofit Corporation"
1560102,2015-08-28,1500000,Contract Interagency Agreement,Portfolio Identification and Analysis System Test and Development,National Institutes of Health (NIH/OD/OER)
1535024,2015-08-31,1497618,Standard Grant,A Study of Elements of Teacher Preparation Programs that Interact with Candidates' Characteristics to Support Novice Elementary Teachers to Enact Ambitious Mathematics Instruction,University of Virginia Main Campus
1548098,2015-08-31,292980,Standard Grant,Exploration of Validity Evidence Gaps in Science Educational Achievement Testing,University of Utah
1547731,2015-09-01,110122,Standard Grant,Building Interdisciplinary Capacity for Understanding and Supporting Computer Supported Collaborative Learning,Indiana University
1535219,2015-09-02,949123,Standard Grant,Examining the Career Trajectories of Urban Math Teachers from a Selective Alternative Certification Program,CUNY Brooklyn College
1535251,2015-09-02,548929,Standard Grant,Examining the Career Trajectories of Urban Math Teachers from a Selective Alternative Certification Program,"University of Maryland, College Park"
1419367,2015-09-04,280492,Standard Grant,EDU: Development and Analysis of a Cybersecurity Education Game,University of Texas at San Antonio
1544236,2015-09-04,799665,Standard Grant,Planning Cluster Randomized Trials: An Empirical Investigation of Design Parameters for Studies of Science Teacher Interventions,Western Michigan University
1545193,2015-09-04,499466,Standard Grant,NRT-IGE: Data Science for the Built Environment,University of California-Davis
1550139,2015-09-04,50000,Fellowship Award,Graduate Research Fellowship Program (GRFP),"Georgia State University Research Foundation, Inc."
1555436,2015-09-04,46000,Fellowship Award,Graduate Research Fellowship Program (GRFP),Delaware State University
1555678,2015-09-04,283715,Standard Grant,Assessing the Use of Licensure Tests as an Indicator of Teachers? Science and Mathematics Content Knowledge for Teaching,American Institutes for Research in the Behavioral Sciences
1522883,2015-09-08,169575,Standard Grant,EDU:Collaborative: VACCS - Visualization and Analysis for C Code Security,Western Michigan University
1523017,2015-09-08,130001,Standard Grant,EDU:Collaborative: VACCS - Visualization and Analysis for C Code Security,Michigan Technological University
1544715,2015-09-08,487026,Standard Grant,NRT-IGE: Training Graduate Students as Research Mentors for Undergraduates,University of California-Berkeley
1545211,2015-09-08,484522,Standard Grant,NRT-IGE: Workplace Inspired Approaches for Improving Graduate Student Professionalism,University of Tulsa
1545212,2015-09-08,489849,Standard Grant,NRT-IGE: Penn Pathfinders,University of Pennsylvania
1545309,2015-09-08,498495,Standard Grant,NRT-IGE: Innovating Graduate STEM Education Through Bio-Social Partnerships,Temple University
1545341,2015-09-08,495754,Standard Grant,NRT-IGE: From Engagement to Action: 21st Century STEM Scholars and Land Grant Opportunities,University of Georgia Research Foundation Inc
1545345,2015-09-08,498750,Standard Grant,NRT IGE:  Pedagogical Readiness Oversight for Future Educators in STEM Subjects (PROFESS),Drexel University
1545458,2015-09-08,499213,Standard Grant,"NRT-IGE: Training STEM Graduates to Communicate in the Digital Age, and Measuring Whether It Works.",University of Connecticut
1556037,2015-09-11,49954,Standard Grant,"A Collaborative Leadership Development Workshop for Emerging Leaders in Science and Society; Bainbridge Island, WA - Jaunuary 14-18, 2016",American Association for the Advancement of Science
1523115,2015-09-14,149564,Standard Grant,EDU: Collaborative: Enhancing Education in Genetic Privacy with Integration of Research in Computer Science and Bioinformatics,University of Arkansas
1523154,2015-09-14,149942,Standard Grant,EDU: Collaborative: Enhancing Education in Genetic Privacy with Integration of Research in Computer Science and Bioinformatics,University of North Carolina at Charlotte
1535226,2015-09-14,749211,Standard Grant,"Collaborative research: Variation in the awarding and effectiveness of STEM graduate student funding across teaching and research assistantships, fellowships, and traineeships",Virginia Polytechnic Institute and State University
1535462,2015-09-14,749358,Standard Grant,"Collaborative research: Variation in the awarding and effectiveness of STEM graduate student funding across teaching and research assistantships, fellowships, and traineeships",University of Texas at Austin
1544123,2015-09-14,794209,Standard Grant,STEM Indicators: Implementing a Model for Reporting and Research on State Assessment Policies for K-12 Science and Mathematics Education,National Opinion Research Center
1544259,2015-09-15,799534,Standard Grant,Contextualized Evaluation Framework for Advanced STEM MOOCs,Purdue University
1516425,2015-09-16,299634,Standard Grant,Virtual Laboratory and Curriculum Development for Secure Mobile Computing,University of Texas at Dallas
1522847,2015-09-16,300000,Standard Grant,EDU: Developing a Software Artifact Repository for Software Assurance Education,Boise State University
1523041,2015-09-16,299788,Standard Grant,EDU: Deploying and Evaluating Secure Programming Education in the IDE,University of North Carolina at Charlotte
1523101,2015-09-16,237783,Standard Grant,"SaTC:EDU: Capacity Building in Security, Privacy and Trust for Geospatial Applications",University of Massachusetts Boston
1535370,2015-09-16,835535,Standard Grant,"Collaborative Research: STEM Training, Employment in Industry, and Entrepreneurship",Regents of the University of Michigan - Ann Arbor
1535399,2015-09-16,1534178,Standard Grant,"Collaborative Research: STEM Training, Employment in Industry, and Entrepreneurship","OHIO STATE UNIVERSITY, THE"
1544100,2015-09-16,107715,Standard Grant,"Collaborative Research:  The Role of Instructor and Peer Feedback in Improving the Cognitive, Interpersonal, and Intrapersonal Competencies of Student Writers in STEM Courses",North Carolina State University
1544103,2015-09-16,149977,Standard Grant,Collaborative Research: An Instrument and Adoption Framework for Student Cognitive and Social Engagement with a Course,Washington State University
1544130,2015-09-16,73500,Standard Grant,"Collaborative Research: The Role of Instructor and Peer Feedback in Improving the Cognitive, Interpersonal, and Intrapersonal Competencies of Student Writers in STEM Courses",University of Pennsylvania
1544135,2015-09-16,45360,Standard Grant,"Collaborative Research: The Role of Instructor and Peer Feedback in Improving the Cognitive, Interpersonal, and Intrapersonal Competencies of Student Writers in STEM Courses",Fairleigh Dickinson University
1544153,2015-09-16,70748,Standard Grant,"Collaborative Research: The Role of Instructor and Peer Feedback in Improving the Cognitive, Interpersonal, and Intrapersonal Competencies of Student Writers in STEM Courses",Dartmouth College
1544163,2015-09-16,234782,Standard Grant,Collaborative Research: Developing Methodological Foundations for Empirical Evaluations of Non-Experimental Methods in STEM Intervention Evaluations,University of Wisconsin-Madison
1544167,2015-09-16,366707,Standard Grant,Collaborative Research: Developing Methodological Foundations for Empirical Evaluations of Non-Experimental Methods in STEM Intervention Evaluations,University of Virginia Main Campus
1544171,2015-09-16,321857,Standard Grant,Collaborative Research: An Instrument and Adoption Framework for Student Cognitive and Social Engagement with a Course,Virginia Polytechnic Institute and State University
1544182,2015-09-16,325038,Standard Grant,Collaborative Research: Tool of EngAgement Measurement to Propel Academic Success of Students (TEAM PASS),Oregon State University
1544208,2015-09-16,455500,Standard Grant,Illuminating the black box: Using consensus in student survey reports as an indicator of instructional microclimates in mathematics and science,Rand Corporation
1544234,2015-09-16,69520,Standard Grant,"Collaborative Research: The Role of Instructor and Peer Feedback in Improving the Cognitive, Interpersonal, and Intrapersonal Competencies of Student Writers in STEM Courses",Massachusetts Institute of Technology
1544239,2015-09-16,356328,Standard Grant,"Collaborative Research: The Role of Instructor and Peer Feedback in Improving the Cognitive, Interpersonal, and Intrapersonal Competencies of Student Writers in STEM Courses",University of South Florida
1544273,2015-09-16,799837,Standard Grant,Evaluation for Actionable Change: A Data-Driven Approach,North Carolina State University
1545188,2015-09-16,2999829,Standard Grant,NRT-DESE: Risk and uncertainty quantification in marine science,Oregon State University
1545300,2015-09-16,369579,Standard Grant,NRT-IGE: Flipping a Foundational Interdisciplinary Graduate Curriculum While Strengthening Connections Outside Academia,University of Minnesota Duluth
1553798,2015-09-16,184000,Fellowship Award,Graduate Research Fellowship Program (GRFP),University of Colorado at Denver
1535337,2015-09-17,599978,Standard Grant,Collaborative Research: The Downside of Perseverance--Investigating and Moving Students Beyond Unproductive Persistence,SRI International
1535340,2015-09-17,399841,Standard Grant,Collaborative Research: The Downside of Perseverance--Investigating and Moving Students Beyond Unproductive Persistence,"Teachers College, Columbia University"
1535428,2015-09-17,516892,Standard Grant,Collaborative Research: The Downside of Perseverance--Investigating and Moving Students Beyond Unproductive Persistence,Worcester Polytechnic Institute
1545365,2015-09-17,161080,Standard Grant,Collaborative Research: NRT-IGE: Employing Model-Based Reasoning in Environmental Science (EMBeRS),Tufts University
1545404,2015-09-17,279456,Standard Grant,Collaborative Research: NRT-IGE: Employing Model-Based Reasoning in Environmental Science (EMBeRS),University of Texas at El Paso
1545504,2015-09-17,47636,Standard Grant,Collaborative Research: NRT-IGE: Employing Model-Based Reasoning in Environmental Science (EMBeRS),Northern Arizona University
1544301,2015-09-18,794631,Standard Grant,The Internal Validity of External Validity: Using Experiments to Validate Three Approaches to Extrapolating Causal Inferences Beyond the Cutoff in Regression Discontinuity,MATHEMATICA POLICY RESEARCH INC
1516178,2015-09-21,299873,Standard Grant,Addressing the Need for Women and Minorities in Cybersecurity:  A High School Early Admit Study,University of Hawaii
1516636,2015-09-21,348732,Standard Grant,Building Cybersecurity Workforce and Capacity through Enhancing Defending Skill Sets,Texas Tech University
1545279,2015-09-21,495348,Standard Grant,NRT-IGE: Nanomedicine Academy of Minority Serving Institutions,Northeastern University
1561441,2015-09-21,390000,Contract Interagency Agreement,CyberCorps: Scholarships for Service (SFS) Program Monitoring System,"PERSONNEL MANAGEMENT, U S OFFICE OF"
1560586,2015-09-22,20626,Standard Grant,EDU: Collaborative: When Cyber Security Meets Physical World: A Multimedia-based Virtual Classroom for Cyber-Physical Systems Security Education to Serve City / Rural Colleges,University of Alabama in Huntsville
1535322,2015-09-23,1499497,Standard Grant,Preparing Local Talent for Jobs in the Sub-baccalaureate STEM Economy: A Study of the Marcellus ShaleNET Program and the Energy Sector,Rand Corporation
1610348,2015-11-13,161000,Fellowship Award,Graduate Research Fellowship Program (GRFP),Florida International University
1610397,2015-11-13,149500,Fellowship Award,Graduate Research Fellowship Program (GRFP),University of Cincinnati Main Campus
1610400,2015-11-13,253000,Fellowship Award,Graduate Research Fellowship Program (GRFP),University of Nebraska-Lincoln
1546597,2015-11-16,100000,Fellowship Award,Graduate Research Fellowship Program (GRFP),University of Tulsa
1546592,2015-11-17,126500,Fellowship Award,Graduate Research Fellowship Program (GRFP),Michigan Technological University
1610403,2015-11-18,3154000,Fellowship Award,Graduate Research Fellowship Program (GRFP),University of Texas at Austin
1550713,2015-11-24,15750,Fellowship Award,Graduate Research Fellowship Program (GRFP),University of North Dakota Main Campus
1523051,2015-11-30,100000,Standard Grant,EDU: Collaborative: Cybersecurity for Middle School students at Museums: An Informal Learning Approach,Tech Museum of Innovation
1523174,2015-11-30,199759,Standard Grant,EDU: Collaborative: Cybersecurity for Middle School students at Museums: An Informal Learning Approach,SUNY at Buffalo
1619841,2015-11-30,277085,Standard Grant,A Security-Integrated Computer Science Curriculum for Intensive Capacity Building,Colorado School of Mines
1565478,2015-12-17,4078362,Continuing Grant,NJIT Secure Computing Initiative,New Jersey Institute of Technology
1565521,2015-12-17,4189336,Continuing Grant,CyberCorps Scholarship for Service at the University of Massachusetts Amherst,University of Massachusetts Amherst
1565562,2015-12-17,3951889,Continuing Grant,TENNESSEE CYBERCORPS: A HYBRID PROGRAM IN CYBERSECURITY,Tennessee Technological University
1565570,2015-12-17,4697514,Continuing Grant,CyberCorps: New Scholarships for Service (SFS) Program at the University of Kansas - Jayhawk SFS,University of Kansas Center for Research Inc
1565573,2015-12-17,3948339,Continuing Grant,Scholarship for Service: Education and Workforce Development of Software Engineers with the Capabilities to Build Secure Cyber-Systems,University of Texas at El Paso
1623724,2015-12-29,154314,Standard Grant,Collaborative Research:  Enhancing Curriculum and Faculty Development on Information Assurance and Security through Real World Relevant Portable Laboratory,Kennesaw State University Research and Service Foundation
1563978,2016-01-07,2703000,Continuing Grant,Development of a Federal Cyber Force in Puerto Rico,Polytechnic University of Puerto Rico
1626737,2016-02-02,46000,Fellowship Award,Graduate Research Fellowship Program (GRFP),Western Washington University
1628726,2016-02-10,299782,Standard Grant,EDU:  Collaborative:  Re-energizing K-12 Extramural Programs with Security Activities,California Polytechnic State University Foundation
1639824,2016-04-05,92000,Fellowship Award,Graduate Research Fellowship Program (GRFP),SUNY at Albany
1638407,2016-04-08,2500000,Interagency Agreement,GenCyber 2016 Collaboration,National Security Agency
1561517,2016-04-12,299985,Standard Grant,"STEM-R: Modeling STEM Retention and Departure across Physics, Mathematics, and Engineering",West Virginia University Research Corporation
1561687,2016-04-12,2470217,Continuing Grant,Pathways to S&E Professions: Investigating Persistence and Career Choice for Bachelor's and Master's Graduates,Rutgers University New Brunswick
1561493,2016-04-21,649626,Continuing Grant,Exploring factors that shape education & workplace training on essential 21st century competencies: A translational study in four high-STEM job regions,Rochester Institute of Tech
1561686,2016-04-21,1589057,Continuing Grant,Exploring factors that shape education & workplace training on essential 21st century competencies: A translational study in four high-STEM job regions,University of Wisconsin-Madison
1561705,2016-04-21,179467,Standard Grant,Investigating the Effectiveness of Boot Camps in Developing a Diverse Software Development Workforce,College of Charleston
1561717,2016-04-21,277920,Standard Grant,Investigating the Effectiveness of Boot Camps in Developing a Diverse Software Development Workforce,ETR Associates
1561584,2016-04-27,1417169,Standard Grant,Career Commitment and Retention in STEM: The Intersection of Professional Identity and Career Management Skills in Minority and Women STEM Students,Tennessee State University
1561738,2016-04-27,871150,Standard Grant,Career Technical Education: Investigating Factors Associated with Enrollment and Persistence in Information and Computing Technologies Among Underrepresented Groups,ETR Associates
1638278,2016-05-03,231500,Fellowship Award,Graduate Research Fellowship Program (GRFP),Portland State University
1640965,2016-05-03,49000,Fellowship Award,Graduate Research Fellowship Program (GRFP),University of Denver
1560720,2016-05-11,499623,Standard Grant,Building Community and Capacity for Data-Intensive Evidence-Based Decision Making in Schools and Districts,"Teachers College, Columbia University"
1561529,2016-05-11,1499950,Standard Grant,Understanding Teacher Enactment of New Science Standards and Needs for Implementation Support,WestEd
1642185,2016-05-19,45000,Standard Grant,Travel Grants for The Colloquium for Information Systems Security Education,Stevens Institute of Technology
1561453,2016-06-15,1675183,Standard Grant,Assessing the Structure of Knowledge in Teaching Mathematics,Indiana University
1623104,2016-06-17,349948,Standard Grant,Toward Curricular Guidelines for Cybersecurity Education: Defining Educational Standards for an Emerging Discipline,George Washington University
1638470,2016-06-17,49350,Standard Grant,Cyber Physical Systems Security Education Workshop,University of California-Santa Barbara
1636622,2016-06-20,92771,Standard Grant,Collaborative Project: Building An Innovative Smartphone Virtual Laboratory Environment for Cyber-security Education and Training,University of South Florida
1561550,2016-06-23,1499856,Standard Grant,Assessment Literacy for the Development of Teacher Understanding with the Next Generation Science Standards,University of Illinois at Chicago
1644760,2016-06-25,1074000,Fellowship Award,Graduate Research Fellowship Program (GRFP),Brown University
1644868,2016-06-25,1483500,Fellowship Award,Graduate Research Fellowship Program (GRFP),Duke University
1644869,2016-06-25,1840000,Fellowship Award,Graduate Research Fellowship Program (GRFP),Columbia University
1623714,2016-07-01,499419,Standard Grant,Maritime Cybersecurity - Building Capacity in Critical Infrastructure Protection,Stevens Institute of Technology
1645188,2016-07-02,46000,Fellowship Award,Graduate Research Fellowship Program (GRFP),Hofstra University
1645419,2016-07-02,46000,Fellowship Award,Graduate Research Fellowship Program (GRFP),Ohio University
1645421,2016-07-02,46000,Fellowship Award,Graduate Research Fellowship Program (GRFP),SUNY at Albany
1645422,2016-07-02,46000,Fellowship Award,Graduate Research Fellowship Program (GRFP),Texas Christian University
1623653,2016-07-03,299935,Standard Grant,City and County Cross Jurisdiction Cybersecurity Collaboration Capacity Building,George Mason University
1623657,2016-07-03,500000,Standard Grant,Virtual Industrial Control Systems for Cybersecurity Engineering Education,University of Alabama in Huntsville
1645475,2016-07-03,92000,Fellowship Award,Graduate Research Fellowship Program (GRFP),Miami University
1623380,2016-07-11,290037,Standard Grant,EDU: QuaSim: A Virtual Interactive Quantum Cryptography Educator-A Project-based Gamified Educational Paradigm,University of Nebraska at Omaha
1646736,2016-07-11,506000,Fellowship Award,Graduate Research Fellowship Program (GRFP),CUNY Graduate School University Center
1649587,2016-07-13,50000,Standard Grant,"Establishment of a Mentored Cybersecurity Research Workshop for Graduate Students and Support for the Conference on Cybersecurity Education, Research and Practice",Kennesaw State University Research and Service Foundation
1613033,2016-07-14,170000,Standard Grant,EAGER: Collaborative Research: S^2 Lab: Educational Platform and Resource for Smartphone Security,"Cal Poly Pomona Foundation, Inc."
1613210,2016-07-14,130000,Standard Grant,EAGER: Collaborative Research: S^2 Lab: Educational Platform and Resource for Smartphone Security,SUNY at Buffalo
1623628,2016-07-14,276424,Standard Grant,PROMISE: A Platform for Competition and Education in Cyber Security,University of Arkansas Little Rock
1645635,2016-07-14,46000,Fellowship Award,Graduate Research Fellowship Program (GRFP),Texas A&M University Corpus Christi
1649872,2016-07-14,297528,Standard Grant,EAGER: Developing Cybersecurity Judgment Questionnaire for GenCyber Campers,SUNY at Albany
1623446,2016-07-15,143306,Standard Grant,Collaborative Research: Building Cybersecurity Capacity in Pervasive Computing,Purdue University
1623713,2016-07-15,156694,Standard Grant,Collaborative Research: Building Cybersecurity Capacity in Pervasive Computing,Oakland University
1645627,2016-07-15,92000,Fellowship Award,Graduate Research Fellowship Program (GRFP),University of Texas at San Antonio
1645423,2016-07-17,46000,Fellowship Award,Graduate Research Fellowship Program (GRFP),University of Alabama Tuscaloosa
1645424,2016-07-17,61750,Fellowship Award,Graduate Research Fellowship Program (GRFP),University of North Dakota Main Campus
1623047,2016-07-18,299948,Standard Grant,EDU: Development and Analysis of a Spiral Theory-based Cybersecurity Curriculum,Virginia Polytechnic Institute and State University
1623253,2016-07-18,299977,Standard Grant,EDU: Automated Platform for Cyber Security Learning and Experimentation (AutoCUE),University of New Orleans
1645189,2016-07-18,46000,Fellowship Award,Graduate Research Fellowship Program (GRFP),Indiana State University
1645420,2016-07-18,46000,Fellowship Award,Graduate research Fellowship Program (GRFP),Southern Methodist University
1645473,2016-07-18,138000,Fellowship Award,Graduate Research Fellowship Program (GRFP),East Carolina University
1645628,2016-07-18,101250,Fellowship Award,Graduate Research Fellowship Program (GRFP),Missouri University of Science and Technology
1645630,2016-07-18,100500,Fellowship Award,Graduate Research Fellowship Program  (GRFP),Mississippi State University
1645631,2016-07-18,137000,Fellowship Award,Graduate Research Fellowship Program (GRFP),University of Denver
1645629,2016-07-21,92000,Fellowship Award,Graduate Research Fellowship Program (GRFP),Worcester Polytechnic Institute
1649101,2016-07-25,49995,Standard Grant,National Workshop on Redefining Cyber Forensics,University of New Haven
1623246,2016-07-26,145357,Standard Grant,EDU: Collaborative: Educating the Security Workforce through On-Demand Live Competitions,University of California-Santa Barbara
1623269,2016-07-26,154643,Standard Grant,EDU: Collaborative: Educating the Security Workforce through On-Demand Live Competitions,Arizona State University
1623299,2016-07-26,100000,Standard Grant,EDU: Collaborative: HACE Lab: An Online Hardware Security Attack and Countermeasure Evaluation Lab,Florida Institute of Technology
1623310,2016-07-26,200000,Standard Grant,EDU: Collaborative: HACE Lab: An Online Hardware Security Attack and Countermeasure Evaluation Lab,University of Florida
1645156,2016-07-26,39500,Fellowship Award,Graduate Research Fellowship Program,American University
1645632,2016-07-26,46000,Fellowship Award,Graduate Research Fellowship Program (GRFP),University of Louisiana at Lafayette
1650115,2016-07-28,4201000,Fellowship Award,Graduates Research Fellowship Program (GRFP),University of Colorado at Boulder
1645184,2016-08-13,46000,Fellowship Award,Graduate Research Fellowship Program (GRFP),North Dakota State University Fargo
1650042,2016-08-13,4279000,Fellowship Award,Graduate Research Fellowship Program (GRFP),University of California-Davis
1650044,2016-08-13,4677500,Fellowship Award,Graduate Research Fellowship Program (GRFP),Georgia Tech Research Corporation
1650112,2016-08-13,4338000,Fellowship Award,Graduate Research Fellowship Program (GRFP),University of California-San Diego
1650114,2016-08-13,4113167,Fellowship Award,Graduate Research Fellowship Program (GRFP),University of California-Santa Barbara
1650116,2016-08-13,4201000,Fellowship Award,Graduate research Fellowship Program (GRFP),University of North Carolina at Chapel Hill
1650441,2016-08-13,4481999,Fellowship Award,Graduate Research Fellowship Program (GRFP),Cornell University
1650456,2016-08-13,184000,Fellowship Award,Graduate Research Fellowship Program (GRFP),New York University Medical Center
1650457,2016-08-13,221324,Fellowship Award,Graduate Research Fellowship Program (GRFP),Temple University
1650604,2016-08-13,2787000,Fellowship Award,Graduate Research Fellowship Program (GRFP),University of California-Los Angeles
1623400,2016-08-15,298310,Standard Grant,EDU: A Capture-the-Flag Service for Computer Security Courses,Portland State University
1649609,2016-08-15,46000,Fellowship Award,Graduate Research Fellowship Program (GRFP),Tennessee Technological University
1623247,2016-08-17,50000,Standard Grant,EDU: Collaborative: Integrating Embedded Systems Security into Computer Engineering and Science Curricula,University of Texas at San Antonio
1623268,2016-08-17,49999,Standard Grant,EDU: Collaborative: Integrating Embedded Systems Security into Computer Engineering and Science Curricula,University of North Carolina at Charlotte
1623276,2016-08-17,150000,Standard Grant,EDU: Collaborative: Using Virtual Machine Introspection for Deep Cyber Security Education,University of New Orleans
1623277,2016-08-17,49998,Standard Grant,EDU: Collaborative: Integrating Embedded Systems Security into Computer Engineering and Science Curricula,Virginia Commonwealth University
1623325,2016-08-17,149913,Standard Grant,EDU: Collaborative: Using Virtual Machine Introspection for Deep Cyber Security Education,University of Texas at Dallas
1623353,2016-08-17,150000,Standard Grant,EDU: Collaborative: Integrating Embedded Systems Security into Computer Engineering and Science Curricula,Southern Illinois University at Carbondale
1623624,2016-08-17,164997,Standard Grant,Collaborative Research: Enhancing Cyber Security Education Using POGIL,University of Tennessee Chattanooga
1623629,2016-08-17,194303,Standard Grant,Collaborative Research: Enhancing Cyber Security Education Using POGIL,North Carolina Agricultural & Technical State University
1623646,2016-08-17,140696,Standard Grant,Collaborative Research: Enhancing Cyber Security Education Using POGIL,Old Dominion University Research Foundation
1645677,2016-08-19,168337,Fellowship Award,Graduate Research Fellowship Program (GRFP),SUNY at Buffalo
1646713,2016-08-19,322000,Fellowship Award,Graduate research Fellowship Program (GRFP),Colorado School of Mines
1646737,2016-08-19,552000,Fellowship Award,Graduate Research Fellowship Program (GRFP),Drexel University
1649522,2016-08-19,322000,Fellowship Award,Graduate Research Fellowship Program (GRFP),The University of Central Florida Board of Trustees
1649608,2016-08-19,327000,Fellowship Award,Graduate Research Fellowship Program (GRFP),Montana State University
1650113,2016-08-19,3266000,Fellowship Award,Graduate Research Fellowship Program (GRFP),University of California-San Francisco
1650681,2016-08-19,184000,Fellowship Award,Graduate Research Fellowship Program (GRFP),New Mexico State University
1650686,2016-08-19,143667,Fellowship Award,Graduate Research Fellowship Program (GRFP),University of Oklahoma Norman Campus
1623267,2016-08-20,296621,Standard Grant,EDU: CySec: A Cybersecurity Collectable Card Game for Children,University of Illinois at Chicago
1565443,2016-08-23,312595,Interagency Agreement,Monarch III: Cyber Corps Through Transformation - Renewal,Naval Postgraduate School
1623131,2016-08-23,162262,Standard Grant,EDU: Collaborative: Branching Interactive Graphic Stories for Cybersecurity Education,"Applied Visions, Inc."
1623150,2016-08-23,137344,Standard Grant,EDU: Collaborative: Branching Interactive Graphic Stories for Cybersecurity Education,SUNY at Stony Brook
1623244,2016-08-23,299890,Standard Grant,EDU: Cyber Girls: Teacher training and school-based cyber security education for high school girls,New York University
1656466,2016-08-23,3358000,Fellowship Award,Graduate Research Fellowship Program (GRFP),Princeton University
1656518,2016-08-23,10767323,Fellowship Award,Graduate Research Fellowship Program (GRFP),Stanford University
1561542,2016-08-25,295523,Standard Grant,Collaborative Research: Investigating Middle Grades Mathematics Teachers' Curricular Reasoning,Grand Valley State University
1561554,2016-08-25,159661,Standard Grant,Collaborative Research: Investigating Middle Grades Mathematics Teachers' Curricular Reasoning,University of Arkansas
1561569,2016-08-25,383724,Standard Grant,Collaborative Research: Investigating Middle School Mathematics Teachers' Curricular Reasoning,Brigham Young University
1561617,2016-08-25,251375,Standard Grant,Collaborative Research: Investigating Middle Grades Mathematics Teachers' Curricular Reasoning,University of Nevada Las Vegas
1633516,2016-08-26,2928842,Standard Grant,NRT-UtB: Neurophotonics,Trustees of Boston University
1639340,2016-08-26,1000000,Standard Grant,"INFEWS/T4: The INFEWS-ER: a Virtual Resource Center Enabling Graduate Innovations at the Nexus of Food, Energy, and Water Systems",University of Illinois at Urbana-Champaign
1565523,2016-08-30,4999996,Continuing Grant,Georgia Tech's Scholarship-for-Service (SFS) Progr,Georgia Tech Research Corporation
1565574,2016-08-30,4363480,Continuing Grant,Renewal of the CyberCorps Program at California State University San Bernardino,University Enterprises Corporation at CSUSB
1633098,2016-08-30,2999263,Standard Grant,NRT-INFEWS: Paths to Sustainable Food-Energy-Water Systems in Resource-Limited Communities,University of Iowa
1633216,2016-08-30,3000000,Standard Grant,NRT-DESE: Data Intensive Research Enabling Clean Technologies (DIRECT),University of Washington
1633831,2016-08-30,2999932,Standard Grant,"NRT INFEWS: UM BRIDGES: Bridging Divides across the Food, Energy, and Water Nexus",University of Montana
1650159,2016-08-31,149779,Standard Grant,EAGER: Hacktion: Cybersecurity Education Through Pervasive Mixed-Reality Experience,Drexel University
1633426,2016-09-01,452958,Standard Grant,"NRT-IGE: Promoting Creativity in Engineering and Technology Graduate Education through Integration of Arts, Design and Experiential Learning in the Curriculum",Indiana University
1633603,2016-09-01,499896,Standard Grant,NRT-IGE: Information Infrastructure for Society:  Integrating Data Science and Social Science in Graduate Education  and Workforce Development,"University of Maryland, College Park"
1632965,2016-09-03,499994,Standard Grant,NRT-IGE: Mixed Reality Integrated Teaching Training for STEM Graduate Teaching Assistants,Florida State University
1633429,2016-09-03,352578,Standard Grant,NRT-IGE: Reducing Attrition of Underrepresented Minority and First-Generation Graduate Students in Interdisciplinary Computational Sciences,University of California - Merced
1633764,2016-09-03,499943,Standard Grant,NRT-IGE: Crossroads: Integrating Interdisciplinary Research and Teaching in Graduate Education,University of California-Santa Barbara
1631776,2016-09-08,2721142,Standard Grant,NRT-DESE: NRT in Integrated Computational Entomology (NICE),University of California-Riverside
1633213,2016-09-08,2943562,Standard Grant,NRT-UtB: University of South Dakota Neuroscience and Nanotechnology Network,University of South Dakota Main Campus
1633722,2016-09-08,2921681,Standard Grant,NRT-DESE Intelligent Adaptive Systems: Training computational and data-analytic skills for academia and industry,University of California - Merced
1632976,2016-09-09,2959866,Standard Grant,NRT-DESE: Network Biology: From Data to Information to Insights,"University of Maryland, College Park"
1633299,2016-09-09,2993930,Standard Grant,NRT-DESE: Interdisciplinary Graduate Training to Understand and Inform Decision Processes Using Advanced Spatial Data Analysis and Visualization,SUNY at Stony Brook
1633557,2016-09-09,2999055,Standard Grant,NRT: Coastal Climate Risk and Resilience (C2R2),Rutgers University New Brunswick
1633608,2016-09-09,2989899,Standard Grant,"NRT-DESE:  Preparing Resilient and Operationally Adaptive Communities through an Interdisciplinary, Venture-based Education (PROACTIVE)",Clemson University
1633631,2016-09-09,2967150,Standard Grant,NRT-DESE: Team Science for Integrative Graduate Training in Data Science and Physical Science,University of California-Irvine
1633740,2016-09-09,2976889,Standard Grant,NRT-INFEWS: STEM Training for Actionable Research and Global Impact,University of California-Berkeley
1633756,2016-09-09,2689908,Standard Grant,NRT: Graduate Climate Adaptation Research that Enhances Education and Responsiveness of science at the management-policy interface (Grad-CAREER),Utah State University
1642413,2016-09-09,2999214,Standard Grant,The 2018 NSSME+,Horizon Research Inc
1633336,2016-09-12,2922930,Standard Grant,NRT: RIP-TIDES: Research Intensive Pedagogical Training of InterDisciplinary Estuarine Scientists,San Francisco State University
1623623,2016-09-14,235980,Standard Grant,CHC Cyber Sentinels Program,Chestnut Hill College
1565215,2016-09-15,4599546,Continuing Grant,Renewal: Cybercorps: Scholarship for Service at FS,Florida State University
1623525,2016-09-15,438391,Standard Grant,Improving the Pipeline: After-School Model for Preparing Cyber Defense and Information Assurance Professionals,Pennsylvania College of Technology
1633825,2016-09-15,500000,Standard Grant,NRT-IGE: Research to Innovation to Society,Oregon State University
1656341,2016-09-15,46000,Fellowship Award,Graduate Research Fellowship Program (GRFP),University of Massachusetts Lowell
1565572,2016-09-16,3695360,Continuing Grant,Renewal: University of Idaho Scholarship for Servi,Regents of the University of Idaho
1623566,2016-09-16,499998,Standard Grant,Building Cyber Capacity in the Northwest and Beyond,Whatcom Community College
1633008,2016-09-16,493563,Standard Grant,NRT-IGE: Advancing Graduate Education in the Chemical Sciences,University of Oklahoma Norman Campus
1633094,2016-09-16,439069,Standard Grant,Collaborative Research: NRT-DESE: Interdisciplinary Research Traineeships in Data-Enabled Science and Engineering of Atomic Structure,North Carolina Central University
1633587,2016-09-16,2555633,Standard Grant,Collaborative Research: NRT-DESE: Interdisciplinary Research Traineeships in Data-Enabled Science and Engineering of Atomic Structure,North Carolina State University
1642408,2016-09-16,1300000,Standard Grant,Revitalizing Graduate STEM Education,National Academy of Sciences
1623591,2016-09-17,499981,Standard Grant,SFS: Capacity: A Streamlined Cyber-Security & Intelligence (CS&I) Pathway: A Collaborative Model between Two Centers of Academic Excellence (IC CAE & CAE2Y),Moraine Valley Community College
1564518,2016-09-19,4097801,Continuing Grant,Renewal for USA Cyber Scholars Program,University of South Alabama
1633150,2016-09-19,71748,Standard Grant,Collaborative Research: NRT-IGE: Deploying Holistic Admissions and Critical Support Structures to Increase Diversity and Retention of US Citizens in Physics Graduate Programs,American Physical Society
1633275,2016-09-19,428022,Standard Grant,Collaborative Research: NRT-IGE: Deploying Holistic Admissions and Critical Support Structures to Increase Diversity and Retention of US Citizens in Physics Graduate Programs,Rochester Institute of Tech
1565547,2016-09-20,2590954,Continuing Grant,UNM INFORMATION ASSURANCE SCHOLARSHIP FOR SERVICE,University of New Mexico
1565560,2016-09-20,3737836,Continuing Grant,Renewal of the Scholarship for Service Program: The University of Texas at San Antonio,University of Texas at San Antonio
1663852,2016-11-02,99844,Standard Grant,African American Workforce Development in Physics and Astronomy: A Workshop,University of Southern California
1662487,2016-12-15,5168370,Continuing Grant,Establishing Scholarship for Service Program at University of Hawaii at Manoa,University of Hawaii
1662762,2016-12-15,2149348,Continuing Grant,Justice Science Meets Computer Science: Preparing an SFS Workforce Ready to Face Cyber-Crime Challenges,University of Alabama at Birmingham
1662976,2016-12-15,2508541,Continuing Grant,Collaborative Research: SURPASS: NSF SFS Unique Scholarship Program in Hardware and Systems Security,University of Florida
1663051,2016-12-15,2037529,Continuing Grant,Collaborative Research: SURPASS: NSF SFS Unique Scholarship Program in Hardware and Systems Security,Florida International University
1663060,2016-12-15,4999563,Continuing Grant,Cybersecurity Fellows: The Scholarship for Service Program at Georgetown University,Georgetown University
1723707,2016-12-19,143306,Standard Grant,Collaborative Research: Building Cybersecurity Capacity in Pervasive Computing,Oakland University
1663350,2016-12-23,1776056,Continuing Grant,Collaborative Research: SFS Program: Strengthening the National Cyber Security Workforce,Tuskegee University
1663105,2016-12-30,1540763,Continuing Grant,Collaborative Research: SFS Program: Strengthening the National Cyber Security Workforce,University of Tennessee Chattanooga
1707956,2017-02-23,10000,Standard Grant,2017 University of California Chemical Symposium,University of California-San Diego
1733898,2017-02-28,3328610,Interagency Agreement,GenCyber 2017 Collaboration,National Security Agency
1660914,2017-03-16,497483,Continuing Grant,Connections Matter: The Impact of Social Ties and Social Capital for STEM College Students,"University of Maryland, College Park"
1660948,2017-03-16,1252933,Continuing Grant,The STEM Teacher Pipeline in Washington State: A Comprehensive Analysis of Preservice Predictors of STEM Teacher Career Paths and Effectiveness,American Institutes for Research in the Behavioral Sciences
1661097,2017-03-16,589407,Standard Grant,"Assessing the Impact of Texas Science, Technology, Engineering, and Mathematics Academies on Students' Learning Environments, Educational Outcomes, and Career Path Decisions",University of Texas at El Paso
1661278,2017-03-16,499452,Standard Grant,Labor Market Outcomes of STEM PhDs: Measuring Career Earnings and Occupation Trajectories,National Bureau of Economic Research Inc
1719477,2017-03-16,180000,Standard Grant,Cybersecurity Big Data and Analytics Sharing Platform,University of Arizona
1661272,2017-03-17,2457560,Continuing Grant,Understanding PhD Career Pathways in STEM,Council of Graduate Schools
1660402,2017-03-21,1607010,Continuing Grant,"Effects of State Policy on High School Science, Technology, Engineering, and Mathematics (STEM) Opportunities and Outcomes for Low-Income Underrepresented Minorities",SUNY at Buffalo
1652825,2017-03-27,1083351,Continuing Grant,CAREER:The Impact of Racialized Experiences on the Career Trajectories of Doctoral and Postdoctoral Underrepresented STEM Students of Color,Vanderbilt University
1660733,2017-04-14,729641,Continuing Grant,"Examining the Trajectories of Black Mathematics Teachers: Learning from the Past, Drawing on the Present, and Defining Goals for the Future",George Mason University
1661206,2017-05-09,912513,Continuing Grant,"Connecting nuances of foreign status, professional networks, and higher education outcomes in STEM disciplines over time",Arizona State University
1723805,2017-05-25,56844,Standard Grant,GROW 2017:   Strengthening women's representation in the mathematics workforce,Northwestern University
1744621,2017-06-05,230000,Fellowship Award,Graduate Research Fellowship Program (GRFP),University of Texas at El Paso
1744623,2017-06-09,46000,Fellowship Award,Graduate Research Fellowship Program (GRFP),University of Wisconsin-Milwaukee
1745048,2017-06-09,276000,Fellowship Award,Graduate Research Fellowship Program (GRFP),Utah State University
1745301,2017-06-09,4355152,Fellowship Award,Graduate Research Fellowship Program (GRFP),California Institute of Technology
1745016,2017-06-12,2069851,Fellowship Award,Graduate Research Fellowship Program (GRFP),Carnegie Mellon University
1745025,2017-06-12,1965083,Fellowship Award,Graduate Research Fellowship Program (GRFP),Pennsylvania State Univ University Park
1745302,2017-06-12,16111128,Fellowship Award,Graduate Research Fellowship Program (GRFP),Massachusetts Institute of Technology
1745303,2017-06-12,11356168,Fellowship Award,Graduate Research Fellowship Program (GRFP),Harvard University
1745038,2017-06-13,1552925,Fellowship Award,Graduate Research Fellowship Program (GRFP),Washington University
1661234,2017-06-20,350928,Continuing Grant,Collaborative Research: Theoretical and Methodological tools for studying group productive disciplinary engagement,Indiana University
1661266,2017-06-20,731366,Continuing Grant,Collaborative Research: Theoretical and methodological tools for studying group productive disciplinary engagement,Purdue University
1744558,2017-06-20,92000,Fellowship Award,Graduate Research Fellowship Program (GRFP),Wesleyan University
1744592,2017-06-20,460000,Fellowship Award,Graduate Research Fellowship Program (GRFP),Iowa State University
1744593,2017-06-20,525166,Fellowship Award,Graduate Research Fellowship Program (GRFP),Clemson University
1744619,2017-06-20,96290,Fellowship Award,Graduate Research Fellowship Program (GRFP),University of Puerto Rico-Rio Piedras
1744624,2017-06-20,172667,Fellowship Award,Graduate Research Fellowship Program (GRFP),Virginia Commonwealth University
1744631,2017-06-20,138166,Fellowship Award,Graduate Research Fellowship Program (GRFP),West Virginia University Research Corporation
1744655,2017-06-20,674000,Fellowship Award,Graduate Research Fellowship Program (GRFP),Rensselaer Polytechnic Institute
1746052,2017-06-20,168833,Fellowship Award,Graduate Research Fellowship Program (GRFP),University of Texas at Arlington
1746058,2017-06-20,43167,Fellowship Award,Graduate Research Fellowship Program (GRFP),SUNY at Binghamton
1744555,2017-06-29,46000,Fellowship Award,Graduate Research Fellowship Program (GRFP),Brandeis University
1744557,2017-06-29,46000,Fellowship Award,Graduate Research Fellowship Program (GRFP),Mayo Clinic Rochester
1746046,2017-06-29,92000,Fellowship Award,Graduate Research Fellowship Program (GRFP),University of Houston
1746056,2017-06-29,54122,Fellowship Award,Graduate Research Fellowship Program (GRFP),Rochester Institute of Tech
1746045,2017-06-30,2778783,Fellowship Award,Graduate Research Fellowship Program (GRFP),University of Chicago
1746059,2017-06-30,194000,Fellowship Award,Graduate Research Fellowship Program (GRFP),Tulane University
1746060,2017-06-30,2521166,Fellowship Award,Graduate Research Fellowship Program (GRFP),University of Arizona
1746891,2017-06-30,1960667,Fellowship Award,Graduate Research Fellowship Program (GRFP),Johns Hopkins University
1746928,2017-06-30,326540,Fellowship Award,Graduate Research Fellowship Program (GRFP),Syracuse University
1746939,2017-06-30,1795167,Fellowship Award,Graduate Research Fellowship Program (GRFP),North Carolina State University
1747503,2017-06-30,3500245,Fellowship Award,Graduate Research Fellowship Program (GRFP),University of Wisconsin-Madison
1734999,2017-07-06,2999884,Standard Grant,NRT:  Sustainable Oceans:  From Policy to Science to Decisions,University of California-Davis
1735038,2017-07-06,2999976,Standard Grant,NRT: Transformative Research in Urban Sustainability Training (T-RUST),Wayne State University
1735040,2017-07-06,2999970,Standard Grant,NRT: A training incubator for addressing urban environmental change from Ridge to Reef (R2R),University of California-Irvine
1735095,2017-07-06,2999845,Standard Grant,NRT: Interdisciplinary Training in Complex Networks and Systems,Indiana University
1735139,2017-07-06,2999782,Standard Grant,NRT: Disaster Resilience and Risk Management (DRRM) - Creating quantitative decision making frameworks for multi-dimensional and multi-scale analysis of hazard impact,Virginia Polytechnic Institute and State University
1735252,2017-07-06,2999996,Standard Grant,NRT-UtB: Training the Next Generation of Researchers in Engineering and Deciphering of Miniature Brain Machinery,University of Illinois at Urbana-Champaign
1735258,2017-07-06,2999999,Standard Grant,NRT: Improving strategies for hunger relief and food security using computational data science,North Carolina Agricultural & Technical State University
1735325,2017-07-06,3000000,Standard Grant,"NRT-INFEWS: Integrated Urban Solutions for Food, Energy, and Water Management",University of California-Los Angeles
1735143,2017-07-11,428873,Standard Grant,Collaborative Research: NRT-IGE: The NAVIGATE Project: A Case-Study Approach to Overcoming Barriers to Advancement for Women in STEM,SUNY at Buffalo
1735218,2017-07-11,61230,Standard Grant,Collaborative Research: NRT-IGE: The NAVIGATE Project: A Case-Study Approach to Overcoming Barriers to Advancement for Women in STEM,California Polytechnic State University Foundation
1734818,2017-07-12,498685,Standard Grant,NRT-IGE: Reproducibility and Rigor in Quantitative Biology: A Hands-on Approach,University of Chicago
1735017,2017-07-12,477670,Standard Grant,NRT-IGE: Integrating Team Science into the STEM Graduate Training Experience,Georgia Tech Research Corporation
1735027,2017-07-12,496571,Standard Grant,NRT-IGE: Enhancing Learning and Retention in Graduate Physics,"OHIO STATE UNIVERSITY, THE"
1735124,2017-07-12,481482,Standard Grant,NRT-IGE: Fostering Effective Oral Communication Skills for STEM Graduate Students,Montana State University
1735204,2017-07-12,499344,Standard Grant,"NRT-IGE: STEM Professional Awareness, Advancement, and Development (PAAD)",University of Arkansas
1735234,2017-07-12,498751,Standard Grant,"NRT-IGE: Augmenting, Piloting, and Scaling Computational Notebooks to Train New Graduate Researchers in Data-Centric Programming",University of California-San Diego
1735301,2017-07-12,498840,Standard Grant,NRT-IGE: Team Science Training for Coastal Ocean & Estuarine STEM Graduate Students,College of William & Mary Virginia Institute of Marine Science
1735371,2017-07-12,387926,Standard Grant,NRT-IGE: Indigenous Graduate Education in Science and Engineering - Southwest (IGESE-SW),University of Arizona
1746049,2017-07-12,100000,Fellowship Award,Graduate Research Fellowship Program (GRFP),University of Louisville Research Foundation Inc
1746914,2017-07-12,80334,Fellowship Award,Graduate Research Fellowship Program (GRFP),George Washington University
1663184,2017-07-13,3972413,Continuing Grant,CyberCorps: Scholarship for Service at Towson University,Towson University
1663651,2017-07-13,3997784,Continuing Grant,NSF-SFS: Arizona Cyber Defense Scholarship,Arizona State University
1744620,2017-07-13,276000,Fellowship Award,Graduate Research Fellowship Program (GRFP),University of California - Merced
1746047,2017-07-13,4056002,Fellowship Award,Graduate Research Fellowship Program (GRFP),University of Illinois at Urbana-Champaign
1746050,2017-07-13,138000,Fellowship Award,Graduate Research Fellowship Program (GRFP),University of North Texas
1746051,2017-07-13,583667,Fellowship Award,Graduate Research Fellowship Program (GRFP),University of South Florida
1746053,2017-07-13,265178,Fellowship Award,Graduate Research Fellowship Program (GRFP),University of Texas at Dallas
1746055,2017-07-13,208667,Fellowship Award,Graduate Research Fellowship Program (GRFP),Oklahoma State University
1746057,2017-07-13,188416,Fellowship Award,Graduate Research Fellowship Program (GRFP),Sloan Kettering Institute For Cancer Research
1746886,2017-07-13,228000,Fellowship Award,Graduate Research Fellowship Program (GRFP),Joan and Sanford I. Weill Medical College of Cornell University
1746899,2017-07-13,368000,Fellowship Award,Graduate Research Fellowship Program (GRFP),Kansas State University
1746902,2017-07-13,418000,Fellowship Award,Graduate Research Fellowship Program (GRFP),Louisiana State University
1746905,2017-07-13,149258,Fellowship Award,Graduate Research Fellowship Program (GRFP),Boston College
1746932,2017-07-13,1066484,Fellowship Award,Graduate Research Fellowship Program (GRFP),Texas A&M University
1747452,2017-07-13,680166,Fellowship Award,Graduate Research Fellowship Program (GRFP),University of Pittsburgh
1747453,2017-07-13,414001,Fellowship Award,Graduate Research Fellowship Program (GRFP),University of Connecticut
1747454,2017-07-13,195333,Fellowship Award,Graduate Research Fellowship Program (GRFP),University of Rhode Island
1747504,2017-07-13,424000,Fellowship Award,Graduate Research Fellowship Program (GRFP),University of Wyoming
1747505,2017-07-13,1149750,Fellowship Award,Graduate Research Fellowship Program (GRFP),University of Utah
1735210,2017-07-14,488339,Standard Grant,NRT-IGE: PhD Career Ladder Program: A grassroots approach to career development,SUNY at Stony Brook
1661532,2017-07-18,4600000,Continuing Grant,Renewal: SFS @ Northeastern - a multi-disciplinary approach,Northeastern University
1735173,2017-07-20,2994286,Standard Grant,"NRT-INFEWS: Indigenous Food, Energy, and Water Security and Sovereignty",University of Arizona
1735235,2017-07-20,488455,Standard Grant,"Collaborative Research: NRT-INFEWS: Sustainable Food, Energy, and Water Systems (SFEWS)",Florida Agricultural and Mechanical University
1735282,2017-07-20,2510755,Standard Grant,"Collaborative Research: NRT-INFEWS: Sustainable Food, Energy, and Water Systems (SFEWS)",Purdue University
1734815,2017-07-21,2997329,Standard Grant,NRT-UtB: Graduate Training Program in Sensory Science: Optimizing the Information Available for Mind and Brain,University of Minnesota-Twin Cities
1735087,2017-07-21,2999530,Standard Grant,NRT: Boston UniverCity - Partnering Graduate Students and Cities to Tackle Urban Environmental Challenges,Trustees of Boston University
1735222,2017-07-21,500000,Standard Grant,Collaborative Research: NRT-INFEWS: Systems Thinking Training for Research ON Geography-based Coastal Food Energy Water Systems (STRONG-CFEWS),University of The Virgin Islands
1735225,2017-07-21,2999806,Standard Grant,"NRT-UtB: Science of learning, from neurobiology to real-world application: a problem-based approach",University of Connecticut
1735316,2017-07-21,2999999,Standard Grant,NRT: Quantitative & Evolutionary STEM Training (QUEST): An Integrative Training Program for Versatile STEM Professionals to Solve Environmental and Global Health Problems,University of Vermont & State Agricultural College
1735320,2017-07-21,2500000,Standard Grant,Collaborative Research: NRT-INFEWS: Systems Training for Research ON Geography-based Coastal Food Energy Water Systems (STRONG-CFEWS),University of South Florida
1735359,2017-07-21,2995055,Standard Grant,NRT INFEWS: computational data science to advance research at the energy-environment nexus,University of Chicago
1736899,2017-07-21,56193,Standard Grant,Cambridge to Cambridge Competition Support,Massachusetts Institute of Technology
1752134,2017-07-21,6218006,Fellowship Award,Graduate Research Fellowship Program (GRFP),Yale University
1735362,2017-07-24,2998886,Standard Grant,NRT-INFEWS: Training in Theory and Application of Cross-scale Resilience in Agriculturally Dominated Social Ecological Systems,University of Nebraska-Lincoln
1752814,2017-07-24,24676922,Fellowship Award,Graduate Research Fellowship Program (GRFP),University of California-Berkeley
1663616,2017-07-25,4667362,Continuing Grant,SFS Renewal: Using Auburn University's Land Grant Mission to Prepare Cybersecurity Professionals,Auburn University
1751719,2017-07-27,46000,Fellowship Award,Graduate Research Fellowship Program (GRFP),Azusa Pacific University
1751754,2017-07-27,46000,Fellowship Award,Graduate Research Fellowship Program (GRFP),University of South Alabama
1751784,2017-07-27,46000,Fellowship Award,Graduate Research Fellowship Program (GRFP),Sanford Burnham Prebys Medical Discovery Institute
1751957,2017-07-27,46000,Fellowship Award,Graduate Research Fellowship Program (GRFP),The New School
1747872,2017-07-30,49060,Standard Grant,Global Perspectives in Convergence Education,University of Southern California
1565484,2017-07-31,3112393,Continuing Grant,CyberCorps: Scholarship for Service - A Continuation Program at Mississippi State University,Mississippi State University
1663343,2017-07-31,4480312,Continuing Grant,Penn State's CyberCorps; Scholarship for Service Program,Pennsylvania State Univ University Park
1723596,2017-07-31,499995,Standard Grant,Revamping a Traditional Computer Science Program to Meet Modern-day Cybersecurity Education Challenges,University of Houston - Clear Lake
1723602,2017-07-31,499992,Standard Grant,Secure and Privacy Preserving Big Data Analytics Curriculum Development,University of Texas at Dallas
1723635,2017-07-31,499994,Standard Grant,"Bridging the Disciplinary Gaps in Cybersecurity Curricula through General Education, High Impact Practices, and Training for Incoming Freshmen",Old Dominion University Research Foundation
1723666,2017-07-31,482926,Standard Grant,Expanding the Pipeline: Immersive Learning Curriculum Development for High School Cybersecurity Education,Purdue University
1723765,2017-07-31,500000,Standard Grant,CyberCorps: Capacity Building In Social Engineering Penetration Testing,Texas Tech University
1662364,2017-08-01,1998479,Continuing Grant,Collaborative Project: Carolina Cyber Defense Scholarship,University of North Carolina at Charlotte
1662469,2017-08-01,3482744,Continuing Grant,Collaborative Project: Carolina Cyber Defense Scholarship,North Carolina Agricultural & Technical State University
1723250,2017-08-01,299959,Standard Grant,"SaTC: EDU: Captivology-Stimuli-based Learning (CAPITAL) of Big Data Security (BigSec): Towards a Science/Engineering, Career-Oriented Training",University of Alabama Tuscaloosa
1723687,2017-08-01,300000,Standard Grant,SaTC: EDU: Advancing Cybersecurity Education through Self-Learning Cybersecurity Training Kit,Pennsylvania State Univ University Park
1723814,2017-08-02,300000,Standard Grant,Longitudinal Injection of Interdisciplinary Cybersecurity Awareness into Engineering Curricula,"Board of Regents, NSHE, obo University of Nevada, Reno"
1751779,2017-08-07,46000,Fellowship Award,Graduate Research Fellowship Program (GRFP),SUNY College at Fredonia
1723587,2017-08-09,298955,Standard Grant,SaTC: EDU: Online Digital Forensics Courses and Labs for Students and Professionals,The University of Central Florida Board of Trustees
1723440,2017-08-11,299756,Standard Grant,SaTC: EDU: Learning Moving Target Defense Concepts: Teaching and Training Curricula Development Based on Software Defined Networking and Network Function Virtualization,Arizona State University
1723606,2017-08-11,299888,Standard Grant,SaTC: EDU: Software Defined Radio Wars for Cybersecurity and Information Assurance Education,Drexel University
1723555,2017-08-14,149487,Standard Grant,Collaborative Research: Broadening Secure Mobile Software Development (SMSD) Through Curriculum and Faculty Development,Worcester Polytechnic Institute
1723578,2017-08-14,169496,Standard Grant,Collaborative Research: Broadening Secure Mobile Software Development (SMSD) Through Curriculum and Faculty Development,Kennesaw State University Research and Service Foundation
1723586,2017-08-14,179987,Standard Grant,Collaborative Research: Broadening Secure Mobile Software Development (SMSD) Through Curriculum and Faculty Development,Tuskegee University
1723318,2017-08-15,65722,Standard Grant,Collaborative Research: Capacity Building: Building a Cybersecurity Pipeline through Experiential Virtual Labs and Workforce Alliances,University of South Florida
1723323,2017-08-15,433689,Standard Grant,Collaborative Research: Capacity Building: Building a Cybersecurity Pipeline through Experiential Virtual Labs and Workforce Alliances,Northern New Mexico College
1723746,2017-08-15,300000,Standard Grant,SaTC: EDU: Establishing Digital Citizenship by Implementing Cyber Safety Curriculum with Middle School Students,University of North Carolina at Charlotte
1753667,2017-08-15,400290,Standard Grant,NSF Graduate Institutes for Science Communication and Public Engagement,University of North Carolina at Charlotte
1753793,2017-08-21,46000,Fellowship Award,Graduate Research Fellowship Program (GRFP),Old Dominion University Research Foundation
1753809,2017-08-21,46000,Fellowship Award,Graduate Research Fellowship Program (GRFP),Stevens Institute of Technology
1753813,2017-08-21,51000,Fellowship Award,Graduate Research Fellowship Program (GRFP),University of Mississippi
1754881,2017-08-21,46000,Fellowship Award,Graduate Research Fellowship Program (GRFP),Toyota Technological Institute at Chicago
1723705,2017-08-22,124889,Standard Grant,Collaborative Research: Modeling Student Activity and Learning on Cybersecurity Testbeds,Evergreen State College
1723714,2017-08-22,124965,Standard Grant,Collaborative Research: Modeling Student Activity and Learning on Cybersecurity Testbeds,Lewis and Clark College
1723717,2017-08-22,250000,Standard Grant,Collaborative Research: Modeling Student Activity and Learning on Cybersecurity Testbeds,University of Southern California
1723768,2017-08-22,299949,Standard Grant,SaTC: EDU: Digital Forensics Education for Judicial Officials,University of Alabama at Birmingham
1723663,2017-08-23,79999,Standard Grant,SaTC: EDU: Collaborative: Enhancing Security Education through Transiting Research on Security in Emerging Network Technologies,Clemson University
1723725,2017-08-23,99167,Standard Grant,SaTC: EDU: Collaborative: Enhancing Security Education through Transiting Research on Security in Emerging Network Technologies,North Carolina Agricultural & Technical State University
1723804,2017-08-23,120832,Standard Grant,SaTC: EDU: Collaborative: Enhancing Security Education through Transiting Research on Security in Emerging Network Technologies,San Jose State University Foundation
1748950,2017-08-23,179409,Standard Grant,Exploring cybersecurity and forensics of Virtual Reality systems and their impact on cybersecurity education,University of New Haven
1757346,2017-08-23,92000,Fellowship Award,Graduate Research Fellowship Program (GRFP),University of Nebraska Medical Center
1723650,2017-09-06,299745,Standard Grant,SaTC: EDU: RUI: An Online Student-Centric Game-Based Learning System for Cybersecurity Education,East Carolina University
1758713,2017-09-07,46000,Fellowship Award,Graduate Research Fellowship Program (GRFP),Saint Louis University
1744722,2017-09-21,57063,Standard Grant,Building Educational Capacity in Cyber Operations,Virginia Polytechnic Institute and State University
1762114,2017-09-21,2546675,Fellowship Award,Graduate Research Fellowship Program (GRFP),University of Washington
1802701,2017-11-08,298955,Standard Grant,SaTC: EDU: Online Digital Forensics Courses and Labs for Students and Professionals,University of Florida
1753857,2017-12-05,5046316,Continuing Grant,SFS for ACES,"University of Maryland, College Park"
1754048,2017-12-05,3531750,Continuing Grant,SFS@LaTech: Cyber Engineers & Scientists for our Future,Louisiana Tech University
1754090,2017-12-05,3578689,Continuing Grant,CyberCorps (R): Scholarship for Service (SFS) Program at Purdue University Northwest,Purdue University
1754101,2017-12-05,4420509,Continuing Grant,The Texas A&M Cyber Leader Scholarship Program: Developing Cyber Leader-Scholars for the Nation,Texas A&M University
1819694,2017-12-19,74559,Standard Grant,EDU: Collaborative: HACE Lab: An Online Hardware Security Attack and Countermeasure Evaluation Lab,University of North Carolina at Charlotte
1822567,2018-01-19,433689,Standard Grant,Collaborative Research: Capacity Building: Building a Cybersecurity Pipeline through Experiential Virtual Labs and Workforce Alliances,University of South Carolina at Columbia
1807086,2018-03-07,124413,Standard Grant,Collaborative Research: NRT-IGE: Employing Model-Based Reasoning in Environmental Science (EMBeRS),Massachusetts Institute of Technology
1761251,2018-03-23,169057,Standard Grant,An Investigation of Science and Engineering Apprenticeship Programs and their Workforce Outcomes,Urban Institute
1830835,2018-04-05,3505306,Interagency Agreement,GenCyber 2018 Collaboration,National Security Agency
1761086,2018-04-06,239828,Standard Grant,Collaborative Research: Who are Interdisciplinary STEM Doctoral Graduates? Exploring and Assessing Antecedents and Economic Consequences,Cornell University
1761158,2018-04-06,237396,Standard Grant,Collaborative Research: Who are Interdisciplinary STEM Doctoral Graduates? Exploring and Assessing Antecedents and Economic Consequences,"OHIO STATE UNIVERSITY, THE"
1834214,2018-04-09,110883,Standard Grant,EDU: Collaborative: Using Virtual Machine Introspection for Deep Cyber Security Education,"OHIO STATE UNIVERSITY, THE"
1723734,2018-04-18,499287,Standard Grant,M(CP2): Minnesota Cybersecurity Pathway Curriculum Partnership for K-18,Metropolitan State University
1760993,2018-04-19,1266920,Standard Grant,Impact of Work-Based-Learning on Community College STEM Education and Careers,"Jobs for the Future, Inc."
1760544,2018-04-20,745764,Standard Grant,"Collaborative Research: New Insights into STEM Pathways: The Role of Peers, Networks, and Demand.","OHIO STATE UNIVERSITY, THE"
1760609,2018-04-20,930260,Standard Grant,"Collaborative Research: New Insights into STEM Pathways: The Role of Peers, Networks, and Demand.",Regents of the University of Michigan - Ann Arbor
1761008,2018-04-20,741384,Standard Grant,"Collaborative Research: New Insights into STEM Pathways: The Role of Peers, Networks, and Demand.",New York University
1761249,2018-05-01,492531,Standard Grant,The Influence of Gender and Race in Fostering Innovation in Engineering Teams,University of Wisconsin-Milwaukee
1822030,2018-05-14,37167,Standard Grant,AAU PhD Program and Career Outcome Data Workshop,Association of American Universities
1760894,2018-05-24,2459199,Standard Grant,Trajectories into Early Career Research,Utah State University
1820573,2018-06-07,349936,Standard Grant,Collaborative Research: CHEESE: Cyber Human Ecosystem of Engaged Security Education,Purdue University
1820608,2018-06-07,149917,Standard Grant,Collaborative Research: CHEESE: Cyber Human Ecosystem of Engaged Security Education,University of Illinois at Urbana-Champaign
1819521,2018-06-08,309967,Standard Grant,SFS-Capacity: Collaborative: Validation of Concept Assessment Tools for Cybersecurity,University of Maryland Baltimore County
1820531,2018-06-08,190033,Standard Grant,SFS-Capacity: Collaborative: Validation of Concept Assessment Tools for Cybersecurity,University of Illinois at Urbana-Champaign
1820623,2018-06-08,213088,Standard Grant,Engaging the Mississippi Delta in CyberCorps,Mississippi State University
1820686,2018-06-08,285337,Standard Grant,Collaborative Research: Engaging the Mississippi Delta in CyberCorps,Mississippi Valley State University
1821780,2018-06-14,300000,Standard Grant,SaTC-EDU: PHIKS - PHysical Inspection and attacKs on electronicS,University of Florida
1753681,2018-06-19,4988073,Continuing Grant,UMBC CyberCorps Program Renewal and Building Research-Based SFS Relationships between Community Colleges and Four-Year Schools,University of Maryland Baltimore County
1824258,2018-06-20,299947,Standard Grant,EAGER: Visualizing Cyber Defense Networks,SRI International
1754092,2018-07-06,4999796,Continuing Grant,Renewal:  Scholarship for Service @ Carnegie Mellon,Carnegie Mellon University
1820609,2018-07-06,499594,Standard Grant,Developing and Evaluating Fraud Informatics Curriculum among Institutions in the Appalachian Region,Pennsylvania State Univ University Park
1820640,2018-07-06,497000,Standard Grant,SFS Capacity Building in Security of Software Defined Networks,University of Texas at Dallas
1820666,2018-07-06,499581,Standard Grant,Building Cybersecurity Analytics Capacity in Big Data Era: Developing Hands-on Labs for Integrating Data Science into Cybersecurity Curriculum,University of North Texas
1839284,2018-07-06,46000,Fellowship Award,Graduate Research Fellowship Program (GRFP),Fordham University
1840989,2018-07-06,57500,Fellowship Award,Graduate Research Fellowship Program (GRFP),Texas State University - San Marcos
1840996,2018-07-06,46000,Fellowship Award,Graduate Research Fellowship Program (GRFP),Brigham Young University
1750038,2018-07-11,2170960,Continuing Grant,University of Nebraska at Omaha Scholarship for Service Renewal/Outreach Project,University of Nebraska at Omaha
1753900,2018-07-11,4999302,Continuing Grant,Renewal of the Scholarship for Service Program at the University of Alabama in Huntsville,University of Alabama in Huntsville
1754014,2018-07-11,3586393,Continuing Grant,Norwich Scholarship for Service program FY2018 - FY2023,Norwich University
1754085,2018-07-11,2396371,Continuing Grant,CyberCorps(R): SFS (Scholarship Track): Renewal: An Interdisciplinary Cyber Security Curriculum,SUNY at Buffalo
1839285,2018-07-16,4210166,Fellowship Award,Graduate Research Fellowship (GRFP),University of California-Irvine
1840992,2018-07-17,322000,Fellowship Award,Graduate Research Fellowship (GRFP),University of Maine
1841052,2018-07-18,9348000,Fellowship Award,Graduate Research Fellowship Program (GRFP),Regents of the University of Michigan - Ann Arbor
1842473,2018-07-18,2253600,Fellowship Award,Graduate Research Fellowship Program (GRFP),University of Florida
1839286,2018-07-19,3795117,Fellowship Award,Graduate Research Fellowship Program (GRFP),University of Minnesota-Twin Cities
1840377,2018-07-19,46000,Fellowship Award,Graduate Research Fellowship Program (GRFP),University of Minnesota Duluth
1842190,2018-07-19,92000,Fellowship Award,Graduate Research Fellowship Program (GRFP),Loyola University of Chicago
1842215,2018-07-19,46000,Fellowship Award,Graduate Research Fellowship Program (GRFP),Rutgers University Newark
1842399,2018-07-19,46000,Fellowship Award,Graduate Research Fellowship Program (GRFP),Regents of the University of Idaho
1839302,2018-07-20,1434500,Fellowship Award,Graduate Research Fellowship (GRFP),New York University
1840998,2018-07-20,1551000,Fellowship Award,Graduate Research Fellowship Program (GRFP),Oregon State University
1841051,2018-07-20,1478500,Fellowship Award,Graduate Research Fellowship (GRFP),Arizona State University
1842165,2018-07-20,4426000,Fellowship Award,Graduate Research Fellowship Program (GRFP),Northwestern University
1842487,2018-07-20,1523000,Fellowship Award,Graduate Research Fellowship Program (GRFP),University of Southern California
1840279,2018-07-26,57667,Fellowship Award,Graduate Research Fellowship Program (GRFP),Baylor University
1841053,2018-07-26,511000,Fellowship Award,Graduate Research Fellowship (GRFP),University of Montana
1842403,2018-07-26,184000,Fellowship Award,Graduate Research Fellowship Program (GRFP),University of Massachusetts Boston
1842404,2018-07-26,184000,Fellowship Award,Graduate Research Fellowship Program (GRFP),University of Memphis
1842492,2018-07-26,138000,Fellowship Award,Graduate Research Fellowship Program (GRFP),University of Southern Mississippi
1806323,2018-07-30,499997,Standard Grant,IGE: Advancing and Strengthening Science Identity through Systematic Training (ASSIST),University of Texas at San Antonio
1840380,2018-07-30,46000,Fellowship Award,Graduate Research Fellowship Program (GRFP),University of Maryland Center for Environmental Sciences
1839287,2018-07-31,838000,Fellowship Award,Graduate Research Fellowship Program (GRFP),SUNY at Stony Brook
1839289,2018-07-31,460000,Fellowship Award,Graduate Research Fellowship Program (GRFP),University of Kentucky Research Foundation
1839290,2018-07-31,184000,Fellowship Award,Graduate Research Fellowship Program (GRFP),University of Alaska Fairbanks Campus
1840280,2018-07-31,1411834,Fellowship Award,Graduate Research Fellowship Program (GRFP),"OHIO STATE UNIVERSITY, THE"
1840340,2018-07-31,1896000,Fellowship Award,Graduate Research Fellowship Program (GRFP),"University of Maryland, College Park"
1840343,2018-07-31,1307167,Fellowship Award,Graduate Research Fellowship Program  (GRFP),Colorado State University
1840344,2018-07-31,368000,Fellowship Award,Graduate Research Fellowship (GRFP),Dartmouth College
1840990,2018-07-31,1287167,Fellowship Award,Graduate Research Fellowship (GRFP),Trustees of Boston University
1840991,2018-07-31,887833,Fellowship Award,Graduate Research Fellowship (GRFP),University of California-Riverside
1840995,2018-07-31,884000,Fellowship Award,Graduate Research Fellowship (GRFP),Virginia Polytechnic Institute and State University
1841556,2018-07-31,1108000,Fellowship Award,Graduate Research Fellowship Program (GRFP),University of Notre Dame
1842163,2018-07-31,138000,Fellowship Award,Graduate Research Fellowship Program(GRFP),Lehigh University
1842164,2018-07-31,787000,Fellowship Award,Graduate Research Fellowship Program (GRFP ),Indiana University
1842169,2018-07-31,230000,Fellowship Award,Graduate Research Fellowship Program (GRFP),Icahn School of Medicine at Mount Sinai
1842402,2018-07-31,657000,Fellowship Award,Graduate Research Fellowship Program (GRFP),University of Hawaii
1842470,2018-07-31,368000,Fellowship Award,Graduate Research Fellowship Program(GRFP),San Diego State University Foundation
1842485,2018-07-31,373000,Fellowship Award,Graduate Research Fellowship Program (GRFP),University of Missouri-Columbia
1845298,2018-07-31,3406168,Fellowship Award,Graduate Research Fellowship Program(GRFP),University of Pennsylvania
1842161,2018-08-01,46000,Fellowship Award,Graduate Research Fellowship Program (GRFP),Northern Illinois University
1842166,2018-08-01,2407000,Fellowship Award,Graduate Research Fellowship Program(GRFP),Purdue University
1842191,2018-08-01,138000,Fellowship Award,Graduate Research Fellowship Program(GRFP),George Mason University
1842213,2018-08-01,603000,Fellowship Award,Graduate Research Fellowship Program(GRFP),Rutgers University New Brunswick
1842398,2018-08-01,378667,Fellowship Award,Graduate Research Fellowship Program(GRFP),University of Illinois at Chicago
1842400,2018-08-01,2019333,Fellowship Award,Graduate Research Fellowship Program(GRFP),University of California-Santa Cruz
1842401,2018-08-01,414000,Fellowship Award,Graduate Research Fellowship Program(GRFP),University of Arkansas
1842474,2018-08-01,322000,Fellowship Award,Graduate Research Fellowship Program(GRFP),Tufts University
1842486,2018-08-01,976000,Fellowship Award,Graduate Research Fellowship Program (GRFP),University of Oregon Eugene
1842490,2018-08-01,1012000,Fellowship Award,Graduate Research Fellowship Program (GRFP),University of Virginia Main Campus
1842491,2018-08-01,143666,Fellowship Award,Graduate Research Fellowship Program(GRFP),University of Vermont & State Agricultural College
1842493,2018-08-01,976000,Fellowship Award,Graduate Research Fellowship Program(GRFP),Washington State University
1848739,2018-08-01,1364000,Fellowship Award,Graduate Research Fellowship Program (GRFP),Michigan State University
1848741,2018-08-01,261500,Fellowship Award,Graduate Research Fellowship Program (GRFP),University of Texas at El Paso
1845089,2018-08-02,46000,Fellowship Award,Graduate Research Fellowship Program (GRFP),University of Akron
1842396,2018-08-07,1426000,Fellowship Award,Graduate Research Fellowship Program(GRFP),University of Georgia
1842471,2018-08-07,652834,Fellowship Award,Graduate Research Fellowship Program(GRFP),The Scripps Research Institute
1842484,2018-08-07,97000,Fellowship Award,Graduate Research Fellowship Program GRFP),University of New Hampshire
1842494,2018-08-07,2310000,Fellowship Award,Graduate Research Fellowship Program(GRFP),William Marsh Rice University
1848727,2018-08-07,189000,Fellowship Award,Graduate Research Fellowship Program (GRFP),University of North Carolina at Charlotte
1835309,2018-08-08,999375,Standard Grant,NCS-FO: Leveraging Deep Probabilistic Models to Understand the Neural Bases of Subjective Experience,Northeastern University
1842167,2018-08-08,46000,Fellowship Award,Graduate Research Fellowship Program(GRFP),CUNY Hunter College
1842678,2018-08-08,20000,Standard Grant,CANSec: The Central Area Networking and Security Workshop,University of Kansas Center for Research Inc
1848931,2018-08-08,46000,Fellowship Award,Graduate Research Fellowship Program(GRFP),Gallaudet University
1849509,2018-08-08,92000,Fellowship Award,Graduate Research Fellowship Program (GRFP),Kent State University
1849580,2018-08-08,46000,Fellowship Award,Graduate Research Fellowship Program(GRFP),University of Alabama in Huntsville
1849665,2018-08-08,46000,Fellowship Award,Graduate Research Fellowship Program(GRFP),University of San Francisco
1806705,2018-08-09,89516,Standard Grant,Collaborative Research:IGE: Scaling Faculty Development to Broaden Participation in Graduate Education,Rochester Institute of Tech
1807047,2018-08-09,410275,Standard Grant,Collaborative Research: IGE: Scaling Faculty Development to Broaden Participation in Graduate Education,University of Southern California
1821782,2018-08-09,283961,Standard Grant,SaTC: EDU: Collaborative: Incorporating Sociotechnical Cybersecurity Learning Within Undergraduate Capstone Courses,Indiana University
1821822,2018-08-09,48038,Standard Grant,SaTC: EDU: Collaborative: Incorporating Sociotechnical Cybersecurity Learning Within Undergraduate Capstone Courses,University of California-Irvine
1754054,2018-08-14,3988309,Continuing Grant,Renewal: CyberCorps Scholarship for Services at Hampton University,Hampton University
1821841,2018-08-15,279448,Standard Grant,SaTC: EDU: Curricula and CTF Exercises for Teaching Smart Fuzzing and Symbolic Execution,Portland State University
1842397,2018-08-15,97000,Fellowship Award,Graduate Research Fellowship Program(GRFP),University of Maryland Baltimore County
1849507,2018-08-15,46000,Fellowship Award,Graduate Research Fellowship Program (GRFP),University of Oklahoma Health Sciences Center
1849508,2018-08-15,46000,Fellowship Award,Graduate Research Fellowship Program (GRFP),New Jersey Institute of Technology
1849569,2018-08-15,92000,Fellowship Award,Graduate Research Fellowship Program(GRFP),Chapman University
1806593,2018-08-16,478443,Standard Grant,IGE: Leveraging Data Science Master Programs to Enhance Professional Readiness in STEM PhD Students,Duke University
1806664,2018-08-16,433997,Standard Grant,IGE: Interdisciplinary STEM Graduate Student Learning Communities,Miami University
1806698,2018-08-16,497820,Standard Grant,IGE: Graduate Identity Formation through Teaching,Boise State University
1806815,2018-08-16,499908,Standard Grant,IGE: Enhancing Graduate Education in Systems Thinking and Multi-Stakeholder Design through a Co-Creation Toolkit,Massachusetts Institute of Technology
1806874,2018-08-16,490804,Standard Grant,IGE: Individualized Pathways and Resources to Adaptive Control Theory-Inspired Scientific Education (iPRACTISE),Pennsylvania State Univ University Park
1806889,2018-08-16,497856,Standard Grant,IGE: Developing Reflective Engineers,Texas Tech University
1806904,2018-08-16,403020,Standard Grant,IGE: Partnership with Researchers in Industry for Doctoral Education (PRIDE),Lehigh University
1806908,2018-08-16,490101,Standard Grant,IGE: Preparing Graduate Students for Community Engagement,University of Wisconsin-Madison
1807056,2018-08-16,498950,Standard Grant,IGE: A pathway to inclusion for STEM researchers,University of California-Davis
1821560,2018-08-17,299999,Standard Grant,SaTC: EDU: Improving Student Learning and Engagement in Digital Forensics through Collaborative Investigation of Cyber Security Incidents and Simulated Capture-the-Flag Exercises,Texas Tech University
1821666,2018-08-17,300000,Standard Grant,SaTC: EDU: Microlessons to Build Readiness in the Cybersecurity Workforce,SRI International
1821744,2018-08-17,300000,Standard Grant,SaTC: EDU: Integrating Cybersecurity Education with Cloud Computing,University of Delaware
1821766,2018-08-17,294280,Standard Grant,SaTC: EDU: CyCAD: A Virtual Platform for Cybersecurity Curriculum on Analog Design,Pennsylvania State Univ University Park
1821775,2018-08-17,299977,Standard Grant,SaTC: EDU: Game-Based Cyber Security Education on Anonymous Communication,Cleveland State University
1821788,2018-08-17,315984,Standard Grant,SaTC: EDU: RUI: Enabling a New Generation of Experts by Finding and Fixing Students' Persistent Misconceptions,University of Minnesota Duluth
1821794,2018-08-17,299998,Standard Grant,SaTC: EDU: Cybersecurity Education Using Interactive Storytelling with Social Robots,University of Delaware
1821829,2018-08-17,299998,Standard Grant,SaTC: EDU: A Formal Approach to Digital Forensics and Incident Response Investigations,University of New Orleans
1806607,2018-08-20,499937,Standard Grant,IGE: Impact Indicators and Instruments for Individual Development Plans,American Chemical Society (ACS)
1842091,2018-08-20,495100,Contract Interagency Agreement,CyberCorps: Scholarships for Service (SFS) Program Monitoring System,"PERSONNEL MANAGEMENT, U S OFFICE OF"
1820685,2018-08-21,499964,Standard Grant,Capacity Building: Integrating Data Science into Cybersecurity Curriculum,Boise State University
1835251,2018-08-21,335509,Standard Grant,NCS-FO: Integrating Non-Invasive Neuroimaging and Educational Data Mining to Improve Understanding of Robust Learning Processes,Arizona State University
1835307,2018-08-21,664167,Standard Grant,NCS-FO: Integrating Non-Invasive Neuroimaging and Educational Data Mining to Improve Understanding of Robust Learning Processes,Worcester Polytechnic Institute
1848789,2018-08-21,30258,Standard Grant,Multi-stakeholder workshop to streamline dissemination of evidence-based graduate education practices,University of Massachusetts Medical School
1760831,2018-08-22,733392,Standard Grant,Pre-service Educators Reimagining Core Experiences in Physics Teaching,North Carolina State University
1828010,2018-08-22,2999997,Standard Grant,NRT: Citizen-Centered Smart Cities and Smart Living,Arizona State University
1828149,2018-08-22,2999967,Standard Grant,NRT-HDR: Intersecting computational and data science to address grand challenges in plant biology,Michigan State University
1828288,2018-08-22,611086,Standard Grant,Collaborative Research: NRT: Cyber-Physical-Social System for Understanding & Thwarting the Illicit Economy,University of South Dakota Main Campus
1828302,2018-08-22,373149,Standard Grant,Collaborative Research: NRT: Cyber-Physical-Social System for Understanding and Thwarting the Illicit Economy,Dakota State University
1828462,2018-08-22,1471356,Standard Grant,Collaborative Research: NRT: Cyber-Physical-Social System for Understanding and Thwarting the Illicit Economy,South Dakota School of Mines and Technology
1828466,2018-08-22,2998314,Standard Grant,NRT: Enhancing conservation science and practice: An Interdisciplinary program,University of Maine
1828492,2018-08-22,540085,Standard Grant,Collaborative Research: NRT: Cyber-Physical-Social System for Understanding and Thwarting the Illicit Economy,South Dakota State University
1828571,2018-08-22,2998366,Standard Grant,NRT-INFEWS: Preparing future leaders: Rural resource resiliency (R3),Kansas State University
1828820,2018-08-22,2997865,Standard Grant,"NRT-INFEWS: Agricultural Biotechnology in Our Evolving Food, Energy & Water Systems (AgBioFEWS)",North Carolina State University
1828822,2018-08-22,3000000,Standard Grant,"NRT-INFEWS: Landscape-U, Impactful partnerships among graduate students and managers for regenerative landscape design",Pennsylvania State Univ University Park
1828869,2018-08-22,2997405,Standard Grant,NRT: A Bioelectronics Incubator for Training Students (BITS) at the Cell/Material Interface,William Marsh Rice University
1828902,2018-08-22,2994781,Standard Grant,"NRT-INFEWS: Interdisciplinary Training, Education and Research for Food-Energy-Water Systems (InTERFEWS) in Semi-Arid Regions",Colorado State University
1828910,2018-08-22,3000000,Standard Grant,"NRT-INFEWS: UMD Global STEWARDS (STEM Training at the Nexus of Energy, WAter Reuse and FooD Systems)","University of Maryland, College Park"
1828942,2018-08-22,2907236,Standard Grant,"NRT-INFEWS: The DataFEWSion Traineeship Program for Innovations at the Nexus of Food Production, Renewable Energy and Water Quality",Iowa State University
1828974,2018-08-22,2999999,Standard Grant,NRT-INFEWS: Graduate Student Education: Reducing Energy Barriers For Novel Water Supply Use in Sustainable Agriculture,University of Texas at Austin
1828993,2018-08-22,3000000,Standard Grant,NRT: NeuroTech - Bringing Technology to Neuroscience,Stanford University
1829004,2018-08-22,2969765,Standard Grant,NRT:  A Graduate Traineeship in Cyber Physical Systems,University of Virginia Main Campus
1829008,2018-08-22,2993421,Standard Grant,NRT: Technology-Human Integrated Knowledge Education and Research (THINKER),Clemson University
1829071,2018-08-22,3000000,Standard Grant,NRT-HDR: Modeling and Understanding Human Behavior: Harnessing Data from Genes to Social Networks,University of California-Los Angeles
1829075,2018-08-22,2899112,Standard Grant,NRT-HDR: A team-based training paradigm integrating informatics and ecology,Northern Arizona University
1844136,2018-08-22,139802,Standard Grant,EDU: Collaborative: Using Virtual Machine Introspection for Deep Cyber Security Education,Virginia Commonwealth University
1849525,2018-08-22,46000,Fellowship Award,Graduate Research Fellowship Program(GRFP),Wichita State University
1753983,2018-08-23,4998601,Continuing Grant,PISCES 2023 - Partnership in Securing Cyberspace Through Education and Service (Renewal),George Washington University
1841792,2018-08-24,246863,Standard Grant,Progress and Pitfalls in Monitoring STEM Doctoral Degree Holders Career Paths,National Opinion Research Center
1821753,2018-08-30,199131,Standard Grant,SaTC: EDU: Collaborative: Curriculum to Broaden Participation in Cybersecurity for Middle School Teachers and Students (CyberMiSTS),SUNY at Stony Brook
1821757,2018-08-30,100804,Standard Grant,SaTC: EDU: Collaborative: Curriculum to Broaden Participation in Cybersecurity for Middle School Teachers and Students (CyberMiSTS),"Applied Visions, Inc."
1842071,2018-09-14,959890,Standard Grant,Collaborative Research: Community College Accelerated CyberCorps Pilot Program,Sinclair Community College
1842074,2018-09-14,649258,Standard Grant,Collaborative Research: Community College Accelerated CyberCorps Pilot Program,Brookdale Community College
1842077,2018-09-14,705497,Standard Grant,Collaborative Research: Community College Accelerated CyberCorps Pilot Program,Moraine Valley Community College
1842096,2018-09-14,3600000,Standard Grant,Collaborative Research: Community College Cyber Pilot Program (C3P),Whatcom Community College
1842132,2018-09-14,749869,Standard Grant,Collaborative Research: Community College Cyber Pilot Program (C3P),University Enterprises Corporation at CSUSB
1842287,2018-09-14,568831,Standard Grant,SAC Cyber Service Scholarship Program,San Antonio College
1854494,2018-09-19,32940,Standard Grant,EDU: Collaborative: Integrating Embedded Systems Security into Computer Engineering and Science Curricula,Roosevelt University
1901733,2018-10-16,43831,Standard Grant,SaTC-EDU: EAGER: Peer Instruction for Cybersecurity Education,Virginia Commonwealth University
1903152,2018-12-10,36907,Standard Grant,Collaborative Research: Power Analyses for Moderator and Mediator Effects in Cluster Randomized Trials,University of North Carolina at Chapel Hill
1914771,2019-01-31,1683319,Continuing Grant,"MASTER: Missouri Advanced Security Training, Educa",University of Missouri-Columbia
1923332,2019-03-06,46000,Fellowship Award,Graduate Research Fellowship Program (GRFP),Walla Walla University
1846321,2019-03-21,486124,Continuing Grant,"CAREER: Learning to solve problems in context-rich environments: A naturalistic study in STEM workplaces, research labs, project-based courses and lab courses",Rochester Institute of Tech
1855925,2019-03-27,499174,Standard Grant,IGE: Creative Interdisciplinary Research in Graduate Education (CIRGE),Drexel University
1856302,2019-03-27,499835,Standard Grant,IGE: Enhancing imaginative and collaborative STEM capacity through creative inquiry,University of Georgia Research Foundation Inc
1856346,2019-03-28,461226,Standard Grant,IGE: Developing a Research Engineer Identity,North Carolina Agricultural & Technical State University
1855886,2019-03-29,499649,Standard Grant,"IGE: STEM Graduate training in Data Science: solution-oriented, student-led, team-based, computationally-enriched (SOLSTICE) training",Tufts University
1856384,2019-04-08,499898,Standard Grant,IGE: Building A Multi-University Consortium,Northern Arizona University
1912474,2019-04-09,335509,Standard Grant,NCS-FO: Integrating Non-Invasive Neuroimaging and Educational Data Mining to Improve Understanding of Robust Learning Processes,University of Pittsburgh
1855841,2019-05-02,331009,Standard Grant,"IGE: Building practical, evidence-based teaching capacity in tomorrow's doctorates",University of Washington
1856394,2019-06-21,499957,Standard Grant,IGE: Graduate Opportunities to Learn Data Science (GOLD): Empowering female and underrepresented graduate students through inclusive data science training,San Francisco State University
1921813,2019-06-21,4004073,Continuing Grant,University of New Haven CyberCorps Scholarship for Service (SFS): Super Cyber Operatives (SCOs),University of New Haven
1921576,2019-06-24,1311352,Continuing Grant,Collaborative Research: Colorado-Washington Security Scholars Program,University of Washington
1922410,2019-06-24,3081251,Continuing Grant,Collaborative Research: Colorado-Washington Security Scholars Program,University of Colorado at Colorado Springs
1934782,2019-06-25,300000,Standard Grant,Vertical Search Engine and Graph Homomorphism for Enhancing the Cybersecurity Workforce,Pennsylvania State Univ University Park
1922180,2019-06-26,4634626,Continuing Grant,Cyber-Centric Multidisciplinary Security Workforce Development,University of Arkansas
1922202,2019-06-26,3999962,Continuing Grant,CyberCorps Mentoring and Scholarship Program (CMSP),Drexel University
1921485,2019-06-27,3585451,Continuing Grant,Cybersecurity Scholarship-for-Service Renewal at The University of Arizona:The AZSecure SFS Program,University of Arizona
1921726,2019-06-27,5499908,Continuing Grant,Dakota State University CyberCorps SFS Renewal,Dakota State University
1922072,2019-06-27,4000000,Continuing Grant,Illinois Cyber Security Scholars Program Renewal 2019,University of Illinois at Urbana-Champaign
1922291,2019-06-27,4830497,Continuing Grant,ASPIRE: An SFS Program for Interdisciplinary Research and Education (Renewal),New York University
1922398,2019-06-27,4014883,Continuing Grant,UTD SFS Renewal: Enriching Technical Program Offerings for SFS Scholarship Program at UTD,University of Texas at Dallas
1912753,2019-07-01,331360,Standard Grant,SaTC: EDU: Collaborative: Advancing Cybersecurity Learning Through Inquiry-based Laboratories on a Container-based Virtualization Platform,"Georgia State University Research Foundation, Inc."
1912755,2019-07-01,150000,Standard Grant,SaTC: EDU: Collaborative: Advancing Cybersecurity Learning Through Inquiry-based Laboratories on a Container-based Virtualization Platform,Texas Christian University
1918591,2019-07-01,274870,Standard Grant,SaTC: EDU: Collaborative: Personalized Cybersecurity Education and Training,Oklahoma State University
1919004,2019-07-01,202654,Standard Grant,SaTC: EDU: Collaborative: Personalized Cybersecurity Education and Training,Loyola University of Chicago
1922169,2019-07-01,5515422,Continuing Grant,Renewal: Preparing Crosscutting Cybersecurity Scholars,Rochester Institute of Tech
1922270,2019-07-01,2281632,Continuing Grant,Renewal of the Cyber Service Training and Education SFS Scholarship Program at Norfolk State University Scholarship for Service (SFS) Program,Norfolk State University
1916175,2019-07-03,150000,Standard Grant,SaTC: EDU: Collaborative: Building a Low-cost and State-of-the-art IoT Security Hands-on Laboratory,University of Florida
1936101,2019-07-05,289070,Contract Interagency Agreement,NSF SFS Community College Models Evaluation,"PERSONNEL MANAGEMENT, U S OFFICE OF"
1900210,2019-07-09,300000,Standard Grant,"SaTC: EDU: Expanding Digital Forensics Education with Artifact Curation and Scalable, Accessible Artifact Exercises",University of New Haven
1914613,2019-07-09,497356,Standard Grant,SaTC: EDU: Creating Cybersecurity Pathways Between Community Colleges and Universities,Old Dominion University Research Foundation
1915780,2019-07-10,340175,Standard Grant,SaTC: EDU: Collaborative: Building a Low-cost and State-of-the-art IoT Security Hands-on Laboratory,The University of Central Florida Board of Trustees
1920560,2019-07-11,1489273,Continuing Grant,The College Internship Study: A Longitudinal Mixed Methods Study Exploring the Impacts of College Internships on Student Outcomes at HBCUs,University of Wisconsin-Madison
1856189,2019-07-12,499797,Standard Grant,IGE: Enhancing Diversity by Changing Institutional Culture and Scaffolding Student Success,"Board of Regents, NSHE, obo University of Nevada, Reno"
1932950,2019-07-12,300000,Interagency Agreement,SaTC: EDU: Labtainers Framework Extensions,Naval Postgraduate School
1907537,2019-07-22,292446,Standard Grant,SATC: EDU: Network Design for Security using Protocol Trust Boundary Observations,University of Houston
1934269,2019-07-22,238127,Standard Grant,SaTc: EDU: Collaborative: An Assessment Driven Approach to Self-Directed Learning in Secure Programming (SecTutor),Purdue University
1934279,2019-07-22,151008,Standard Grant,SaTc: EDU: Collaborative: An Assessment Driven Approach to Self-Directed Learning in Secure Programming (SecTutor),University of California-Davis
1934285,2019-07-22,109772,Standard Grant,SaTc: EDU: Collaborative: An Assessment Driven Approach to Self-Directed Learning in Secure Programming (SecTutor),"University Enterprises, Incorporated"
1939394,2019-07-23,1499000,Contract Interagency Agreement,CyberCorps: Scholarships for Service (SFS) Program Monitoring System,"PERSONNEL MANAGEMENT, U S OFFICE OF"
1931724,2019-07-24,464034,Standard Grant,SaTC: EDU: Collaborative: An Educational Initiative on Cybersecurity in Additive Manufacturing,New York University
1932185,2019-07-24,35966,Standard Grant,SaTC: EDU: Collaborative: An Educational Initiative on Cybersecurity in Additive Manufacturing,CUNY New York City College of Technology
1903419,2019-07-25,267742,Standard Grant,SaTC: EDU: Collaborative: INteractive VIsualization and PracTice basEd Cybersecurity Curriculum and Training (InviteCyber) Framework for Developing Next-gen Cyber-Aware Workforce,University of Toledo
1903423,2019-07-25,231422,Standard Grant,SaTC: EDU: Collaborative: INteractive VIsualization and PracTice basEd Cybersecurity Curriculum and Training (InviteCyber) Framework for Developing Next-gen Cyber-Aware Workforce,Purdue University
1938052,2019-07-25,460000,Fellowship Award,Graduate Research Fellowship Program (GRFP),Northeastern University
1927550,2019-07-29,481761,Standard Grant,SaTC: EDU: Preparing cybersecurity advanced professionals for teaching next generation of cybersecurity workforce,Marymount University
1931800,2019-07-30,499595,Standard Grant,SATC: EDU: Curriculum Development for Secure Blockchain Technologies,University of Texas at Dallas
1920529,2019-08-02,673249,Standard Grant,Examining the 'Class Ceiling' in Big Tech,University of California-Irvine
1938051,2019-08-02,51090,Fellowship Award,Graduate Research Fellowship Program (GRFP),CAL POLY HUMBOLDT SPONSORED PROGRAMS FOUNDATION
1938054,2019-08-02,230000,Fellowship Award,Graduate Research Fellowship Program (GRFP),Northern Arizona University
1938103,2019-08-02,138000,Fellowship Award,Graduate Research Fellowship Program (GRFP),American Museum Natural History
1938105,2019-08-02,230000,Fellowship Award,Graduate Research Fellowship Program (GRFP),Cold Spring Harbor Laboratory
1921840,2019-08-05,3985719,Continuing Grant,CyberCorps Scholars: Mentoring for Success through a Community-Based Life-Cycle Approach,Davenport University
1919326,2019-08-07,694964,Standard Grant,Uprooting children: The risks and rewards of mobility for vulnerable students in California's public schools,University of California-Riverside
1937956,2019-08-07,276000,Fellowship Award,Graduate Research Fellowship Program (GRFP),"Georgia State University Research Foundation, Inc."
1937968,2019-08-07,319167,Fellowship Award,Graduate Research Fellowship Program (GRFP),Case Western Reserve University
1937970,2019-08-07,184000,Fellowship Award,Graduate Research Fellowship Program (GRFP),College of William and Mary
1855978,2019-08-08,389708,Standard Grant,IGE: Accelerate to Industry (A2i),North Carolina State University
1926789,2019-08-08,999834,Standard Grant,NCS-FO: Developing dyadic fMRI methodology to quantify and model human brain-to-brain interactions,Columbia University
1937778,2019-08-08,349923,Standard Grant,"Impact of Ethnic Studies Courses on the sense of belonging, professional identity, self-efficacy and retention of underrepresented students in STEM",University of California-Davis
1937954,2019-08-08,736000,Fellowship Award,Graduate Research Fellowship Program (GRFP),Florida State University
1937959,2019-08-08,583167,Fellowship Award,Graduate Research Fellowship Program (GRFP),Georgetown University
1937964,2019-08-08,368000,Fellowship Award,Graduate Research Fellowship Program (GRFP),Auburn University
1937966,2019-08-08,506000,Fellowship Award,Graduate Research Fellowship Program (GRFP),"Board of Regents, NSHE, obo University of Nevada, Reno"
1937971,2019-08-08,716328,Fellowship Award,Graduate Research Fellowship Program (GRFP),Emory University
1938056,2019-08-08,46000,Fellowship Award,Graduate Research Fellowship Program (GRFP),SUNY College of Environmental Science and Forestry
1945996,2019-08-08,184000,Fellowship Award,Graduate Research Fellowship Program (GRFP),Clark University
1937738,2019-08-09,342101,Standard Grant,An Investigator Development Plan for Building Capacity to Explore Diverse Microcultures in Graduate Engineering Research Laboratories,University of Georgia Research Foundation Inc
1937961,2019-08-09,322000,Fellowship Award,Graduate Research Fellowship Program (GRFP),Oregon Health & Science University
1938058,2019-08-09,414000,Fellowship Award,Graduate Research Fellowship Program (GRFP),University of Colorado at Denver
1938059,2019-08-09,1252000,Fellowship Award,Graduate Research Fellowship Program (GRFP),University of Massachusetts Amherst
1938060,2019-08-09,414000,Fellowship Award,Graduate Research Fellowship Program (GRFP),University of Miami
1940700,2019-08-09,621667,Fellowship Award,Graduate Research Fellowship Program (GRFP),University of Delaware
1945955,2019-08-09,46000,Fellowship Award,Graduate Research Fellowship Program (GRFP),CSU Fullerton Auxiliary Services Corporation
1945956,2019-08-09,46000,Fellowship Award,Graduate Research Fellowship Program (GRFP),Duquesne University
1945980,2019-08-09,46000,Fellowship Award,Graduate Research Fellowship Program (GRFP),University of North Carolina Greensboro
1945994,2019-08-09,690000,Fellowship Award,Graduate Research Fellowship Program (GRFP),University of Iowa
1945995,2019-08-09,46000,Fellowship Award,Graduate Research Fellowship Program (GRFP),University of Missouri-Saint Louis
1945997,2019-08-09,92000,Fellowship Award,Graduate Research Fellowship Program (GRFP),University of Alabama at Birmingham
1946082,2019-08-09,92000,Fellowship Award,Graduate Research Fellowship Program (GRFP),University of Nevada Las Vegas
1946084,2019-08-09,138000,Fellowship Award,Graduate Research Fellowship Program (GRFP),University of Dayton
1946085,2019-08-09,96167,Fellowship Award,Graduate Research Fellowship Program (GRFP),Wake Forest University
1920550,2019-08-12,863743,Standard Grant,Collaborative Research: INSITE:  INtegrating STEM Into Transition Education for Incarcerated Learners,Arizona State University
1920572,2019-08-12,558212,Standard Grant,Collaborative Research: INSITE:  INtegrating STEM Into Transition Education for Incarcerated Learners,University of Massachusetts Amherst
1939266,2019-08-12,46000,Fellowship Award,Graduate Research Fellowship Program (GRFP),Florida Atlantic University
1939267,2019-08-12,460000,Fellowship Award,Graduate Research Fellowship Program (GRFP),University of New Mexico
1937251,2019-08-13,997604,Standard Grant,ECR: BCSER: IRM: Building Big Data Capacity for Education and Social Science Research Communities Using Restricted Administrative Data,Regents of the University of Michigan - Ann Arbor
1938055,2019-08-13,46000,Fellowship Award,Graduate Research Fellowship Program (GRFP),San Francisco State University
1938092,2019-08-13,460000,Fellowship Award,Graduate Research Fellowship Program (GRFP),University of Tennessee Knoxville
1939268,2019-08-13,138750,Fellowship Award,Graduate Research Fellowship Program (GRFP),University of Rochester
1939269,2019-08-13,46000,Fellowship Award,Graduate Research Fellowship Program (GRFP),University of South Dakota Main Campus
1940699,2019-08-13,51000,Fellowship Award,Graduate Research Fellowship Program (GRFP),University of Kansas Center for Research Inc
1945954,2019-08-13,46000,Fellowship Award,Graduate Research Fellowship Program (GRFP),Clarkson University
1946725,2019-08-13,46000,Fellowship Award,Graduate Research Fellowship Program (GRFP),"The University Corporation, Northridge"
1937963,2019-08-14,2024000,Fellowship Award,Graduate Research Fellowship Program (GRFP),Vanderbilt University
1945981,2019-08-14,46000,Fellowship Award,Graduate Research Fellowship Program (GRFP),University of North Carolina at Wilmington
1946726,2019-08-14,92000,Fellowship Award,Graduate Research Fellowship Program (GRFP),Boise State University
1946918,2019-08-14,46000,Fellowship Award,Graduate Research Fellowship Program (GRFP),Georgia College
1928820,2019-08-15,233212,Standard Grant,Collaborative Research: An Instrument and Adoption Framework for Student Cognitive and Social Engagement with a Course,University of Florida
1937391,2019-08-15,269709,Standard Grant,"Institute in Critical Quantitative, Computational, and Mixed Methods Training For Underrepresented Scholars",Vanderbilt University
1937490,2019-08-15,231010,Standard Grant,"Institute in Critical Quantitative, Computational, and Mixed Methods Training For Underrepresented Scholars",University of Pennsylvania
1937687,2019-08-15,500559,Standard Grant,"Institute in Critical Quantitative, Computational, and Mixed Methods Training For Underrepresented Scholars",Washington University
1937714,2019-08-15,349667,Standard Grant,Examining the Impact of Historically Black Colleges and Universities on Persistence of African American Women in STEM,Florida Agricultural and Mechanical University
1940701,2019-08-15,92000,Fellowship Award,Graduate Research Fellowship Program (GRFP),California Polytechnic State University Foundation
1946083,2019-08-15,46000,Fellowship Award,Graduate Research Fellowship Program (GRFP),University of Alaska Anchorage Campus
1946429,2019-08-15,552000,Fellowship Award,Graduate Research Fellowship Program (GRFP),Rockefeller University
1946915,2019-08-15,46000,Fellowship Award,Graduate Research Fellowship Program (GRFP),Northern Michigan University
1922598,2019-08-19,2999928,Standard Grant,NRT-HDR: Transdisciplinary Graduate Training Program in Data-Driven Adaptive Systems of Brain-Body Interactions,George Mason University
1922642,2019-08-19,3000000,Standard Grant,"NRT:  Plants-3D (Discover, Design and Deploy):  Training Diverse Graduate Student Cohorts in Plant Synthetic Biology",University of California-Riverside
1922666,2019-08-19,2980383,Standard Grant,NRT-HDR: Convergent Graduate Training and EmPOWERment for a Sustainable Energy Future,"OHIO STATE UNIVERSITY, THE"
1922687,2019-08-19,2998770,Standard Grant,NRT: Addressing resiliency to climate-related hazards and disasters through data-informed decision making,Auburn University
1922694,2019-08-19,2998456,Standard Grant,"NRT: IN FElloWS & an Academy of Innovators at the Nexus of Food, Energy & Water Systems",University of Kentucky Research Foundation
1922761,2019-08-19,2999998,Standard Grant,NRT-FW-HTF: Robotic Interfaces and Assistants for the Future of Work,Worcester Polytechnic Institute
1926736,2019-08-21,393394,Standard Grant,Collaborative Research: NCS-FO Biology and Function of Prosody: Integrative approach to individual differences,Middle Tennessee State University
1922004,2019-08-22,3000000,Standard Grant,"NRT: Future Rivers: Training a scientifically innovative, communication savvy STEM workforce for sustaining food-energy-water services in large and transboundary river ecosystems",University of Washington
1922512,2019-08-22,2999661,Standard Grant,NRT-WoU: Research Training Opportunities in the Nascent Field of Multi-Messenger Astrophysics,University of Minnesota-Twin Cities
1922551,2019-08-22,2998051,Standard Grant,NRT-HDR: Team training to develop new hardware and software applications for digital plant science across multiple scales,Cornell University
1922560,2019-08-22,2999379,Standard Grant,NRT: One Health and the Environment (OH&E): Convergence of Social and Biological Sciences,University of Maine
1922579,2019-08-22,2822789,Standard Grant,NRT: Interdisciplinary Consortium for Applied Research in Ecology and Evolution (ICARE): Broadening Participation Across the Environmental Sciences in Baltimore Harbor,University of Maryland Baltimore County
1922639,2019-08-22,2999967,Standard Grant,NRT-HDR: Quantitative Analysis of Dynamic Structures,SUNY at Stony Brook
1922649,2019-08-22,2999967,Standard Grant,NRT-HDR: Internet of Catalysis - Harnessing Data Science for Catalyst Design,University of Kansas Center for Research Inc
1922658,2019-08-22,3000000,Standard Grant,"NRT-HDR: FUTURE Foundations, Translation, and Responsibility for Data Science Impact",New York University
1922697,2019-08-22,2999778,Standard Grant,NRT-FW-HTF: Neurodiversity Inspired Science and Engineering (NISE),Vanderbilt University
1922758,2019-08-22,3000000,Standard Grant,NRT-HDR: Data and Informatics Graduate Intern-traineeship: Materials at the Atomic Scale (DIGI-MAT),University of Illinois at Urbana-Champaign
1922591,2019-08-23,1560000,Standard Grant,"NRT-HDR: Interdisciplinary Graduate Training in the Science, Technology, and Applications of Augmented and Virtual Reality",University of Rochester
1949922,2019-09-16,318639,Standard Grant,BCSER-IID: Foundations for a STEM What Work Clearinghouse for Broadening Participation Research in STEM Education,Winston-Salem State University
1946442,2019-12-17,2377101,Continuing Grant,Argo Cyber Emerging Scholars (ACES): Developing a Cybersecurity Community of Practice,University of West Florida
1946599,2019-12-17,3101017,Continuing Grant,SFS@BAMA: Shaping the Next Generation of Cyber Professionals,University of Alabama Tuscaloosa
1946607,2019-12-17,2748558,Continuing Grant,SFS: A Cybersecurity Educational Partnership for the Government Workforce,North Carolina State University
1946626,2019-12-17,3358221,Continuing Grant,SFS: Applied Cybersecurity Training,Louisiana State University
1946553,2019-12-18,2875863,Continuing Grant,CyberCorps: Principled Leaders with Cybersecurity Expertise,Citadel Military College of South Carolina
1939341,2020-01-08,20395,Standard Grant,Collaborative Research: Workshop Proposal - Developing STEM Master's IDPs as an Essential Tool in Workforce Development,Council of Graduate Schools
1940221,2020-01-08,63360,Standard Grant,Collaborative Research: Workshop Proposal - Developing STEM Master's IDPs as an Essential Tool in Workforce Development,Rutgers University New Brunswick
1943041,2020-01-08,803244,Continuing Grant,CAREER: Fostering broader participation and thriving in STEM: A comprehensive investigation of faculty mentorship of doctoral students,University of Utah
1947295,2020-01-13,428665,Standard Grant,"SaTC:EDU: Enhancing Security Education in Hybrid Mobile and Internet of Things Firmware through Inclusive, Engaging, Learning Modules (E-SHIIELD)",University of North Carolina at Charlotte
1951311,2020-01-16,167259,Standard Grant,"SaTC: EDU: Collaborative: Connecting Contexts: Building Foundational Digital Privacy and Security Skills for Elementary School Children, Teachers, and Parents",University of Chicago
1951688,2020-01-16,334399,Standard Grant,"SaTC: EDU: Collaborative: Connecting Contexts: Building Foundational Digital Privacy and Security Skills for Elementary School Children, Teachers, and Parents","University of Maryland, College Park"
1937509,2020-01-17,798257,Standard Grant,Collaborative Research: ECR Data Resource Hub: Partnership for Expanding Education Research in STEM (PEERS),Regents of the University of Michigan - Ann Arbor
1937612,2020-01-17,200000,Standard Grant,Collaborative Research: ECR Data Resource Hub: Partnership for Expanding Education Research in STEM (PEERS),American Educational Research Association
1954946,2020-01-22,499978,Standard Grant,IGE: Learning Communities of Graduates for Advancing Professional Skills (GAPS): Integrate Professional Skill Training with Thesis Research,Iowa State University
1954776,2020-01-27,498194,Standard Grant,IGE: Mentoring for Life: Enhancing STEM Graduate Student Well-Being,Eastern Michigan University
1954836,2020-01-27,497799,Standard Grant,IGE: Increasing Academic Success for Underrepresented Minority PhD Graduate STEM Students Through Self-Advocacy Education,University of Illinois at Chicago
1954967,2020-01-27,495993,Standard Grant,IGE: Adaptive Professional Training (APT) in STEM Graduate Education,Regents of the University of Michigan - Ann Arbor
1954978,2020-01-27,500000,Standard Grant,IGE: Reimagining the STEM Doctorate: The Pathways to Entrepreneurship (PAtENT) program,University of North Carolina at Charlotte
1955062,2020-01-27,389619,Standard Grant,IGE: R3ISE across the disciplines,Johns Hopkins University
1955109,2020-01-27,500000,Standard Grant,IGE: Transforming the Education and Training of Interdisciplinary Data Scientists (TETRIDS),University of Colorado at Boulder
1954923,2020-02-05,500000,Standard Grant,"IGE: Innovations in Graduate Education- Identity, Structure and Belonging (IGE-ISB)",University of California-Berkeley
1955049,2020-02-13,499449,Standard Grant,IGE: Toward an interdisciplinary blueprint for Open Science Graduate Education,University of Georgia Research Foundation Inc
2017950,2020-02-26,200562,Standard Grant,"Assessing the Impact of Texas Science, Technology, Engineering, and Mathematics Academies on Students' Learning Environments, Educational Outcomes, and Career Path Decisions",University of Washington
2015554,2020-03-19,399999,Standard Grant,SaTC: EDU: Digital Safety Immersion for Elementary School Students,University of North Carolina at Charlotte
2024034,2020-03-23,1100000,Contract Interagency Agreement,Interagency Agreement with OPM 2020-2024,"PERSONNEL MANAGEMENT, U S OFFICE OF"
2020636,2020-04-10,383371,Standard Grant,Building Cybersecurity Analytics Capacity in Big Data Era: Developing Hands-on Labs for Integrating Data Science into Cybersecurity Curriculum,"Georgia State University Research Foundation, Inc."
1954981,2020-04-15,990923,Continuing Grant,Collaborative Research: Impacts of Hard/Soft Skills on STEM Workforce Trajectories,Regents of the University of Michigan - Ann Arbor
1956114,2020-04-15,1476490,Continuing Grant,Collaborative Research: Impacts of Hard/Soft Skills on STEM Workforce Trajectories,Utah State University
1954259,2020-04-16,499145,Standard Grant,SaTC: EDU: Improving Student Learning through Competitive Embedded System Security Challenges,University of South Florida
1955337,2020-04-27,179999,Standard Grant,SaTC: EDU: Collaborative: Bolstering UAV Cybersecurity Education through Curriculum Development with Hands-on Laboratory Framework,University of Illinois at Chicago
1956193,2020-04-27,320000,Standard Grant,SaTC: EDU: Collaborative: Bolstering UAV Cybersecurity Education through Curriculum Development with Hands-on Laboratory Framework,Embry-Riddle Aeronautical University
2011117,2020-04-28,229999,Standard Grant,Collaborative Research: SaTC: EDU: Building an Electronic Voting Technology Inspired Interactive Teaching and Learning Framework for Cybersecurity Education,Indiana University
2011175,2020-04-28,170000,Standard Grant,Collaborative Research: SaTC: EDU: Building an Electronic Voting Technology Inspired Interactive Teaching and Learning Framework for Cybersecurity Education,University of California-Davis
2030148,2020-05-03,199732,Standard Grant,RAPID: Ensuring the Success and Sustainability of STEM Graduate Students and Graduate Academic/Research Programs in Response to COVID-19,National Opinion Research Center
2030313,2020-05-03,163033,Standard Grant,RAPID: Graduate student experiences of support and stress during the COVID-19 pandemic,Montana State University
2031066,2020-05-18,109317,Standard Grant,RAPID: Collaborative Research:  Electronic Mentoring  to Address Challenges in Engineering Graduate Programs During the COVID-19 Pandemic,University of Texas at San Antonio
2031069,2020-05-18,44582,Standard Grant,RAPID: Collaborative Research:  Electronic Mentoring  to Address Challenges in Engineering Graduate Programs During the COVID-19 Pandemic,University of Kansas Center for Research Inc
2032122,2020-05-20,145000,Standard Grant,RAPID: Investigating the impact of online internships in the midst of the COVID-19 pandemic,University of Wisconsin-Madison
1946650,2020-05-22,2196490,Continuing Grant,CyberCorps SFS Renewal: A Transdisciplinary Approach to Cybersecurity Education,New Mexico Institute of Mining and Technology
1946493,2020-05-26,3217427,Continuing Grant,CyberCorps SFS Renewal: Accelerated Undergraduate/Graduate CyberScholars Program,Virginia Polytechnic Institute and State University
1946557,2020-05-26,3299519,Continuing Grant,CyberCorps SFS Renewal: Strengthening the National Cybersecurity Workforce,Kansas State University
1946619,2020-05-26,3635642,Continuing Grant,CyberCorps SFS Renewal: Federal and University Training Union for Research and Education on Security (FUTURES),University of Missouri-Columbia
2000599,2020-06-09,831276,Standard Grant,"Overcoming critical skill gaps in residential and online STEM education via novel immersive, industry-aligned simulated environments",Pennsylvania State Univ University Park
2034607,2020-06-09,230000,Fellowship Award,Graduate Research Fellowship Program (GRFP),Portland State University
2034832,2020-06-10,82045,Fellowship Award,Graduate Research Fellowship Program (GRFP),Florida International University
2034834,2020-06-10,68000,Fellowship Award,Graduate Research Fellowship Program (GRFP),Southern Methodist University
2000388,2020-06-15,1328108,Standard Grant,Improving Evaluations of STEM Programs: An Empirical Investigation of Key Design Parameters,Western Michigan University
2034710,2020-06-15,276000,Fellowship Award,Graduate Research Fellowship Program (GRFP),University of Oklahoma Norman Campus
2034711,2020-06-15,90834,Fellowship Award,Graduate Research Fellowship Program,University of South Carolina at Columbia
2034833,2020-06-15,150898,Fellowship Award,Graduate Research Fellowship Program (GRFP),Michigan Technological University
2034612,2020-06-18,113000,Fellowship Award,Graduate Research Fellowship Program (GRFP),University of Denver
2000750,2020-06-22,512509,Standard Grant,Understanding PhD Career Pathways: Transitions and Persistence in the PhD-Prepared STEM Workforce,Council of Graduate Schools
2035701,2020-06-22,276000,Fellowship Award,Graduate Research Fellowship Program (GRFP),University of Cincinnati Main Campus
2035702,2020-06-22,230000,Fellowship Award,Graduate Research Fellowship Program (GRFP),The University of Central Florida Board of Trustees
1953525,2020-06-26,688454,Standard Grant,Investigating Community College to PhD: Developing Graduate Aspirations Among Upward Transfer Students in Computing and Technology,Idaho State University
2000865,2020-06-26,496963,Standard Grant,Broadening Participation in STEM Through Virtual Reality Career Exploration: Introducing Underrepresented Students to High Need STEM Careers,Rowan University
2000483,2020-06-29,939673,Standard Grant,A Regression Discontinuity Study of the Impact of Mathematics Achievement Fund on Student Outcomes,American Institutes for Research in the Behavioral Sciences
2034835,2020-06-29,5955707,Fellowship Award,Graduate Research Fellowship Program (GRFP),University of California-Los Angeles
2036197,2020-06-29,6342442,Fellowship Award,Graduate Research Fellowship Program (GRFP),Columbia University
2036201,2020-06-29,3165107,Fellowship Award,Graduate Research Fellowship Program (GRFP),University of California-Davis
2037786,2020-06-29,230000,Fellowship Award,Graduate Research Fellowship Program (GRFP),Miami University
2038235,2020-06-29,276000,Fellowship Award,Graduate Research Fellowship Program (GRFP),Temple University
2034837,2020-06-30,607200,Fellowship Award,Graduate Research Fellowship Program (GRFP),University of Nebraska-Lincoln
2034836,2020-07-01,3430865,Fellowship Award,Graduate Research Fellowship Program (GRFP),University of California-San Francisco
2037785,2020-07-01,46000,Fellowship Award,Graduate Research Fellowship Program (GRFP),East Carolina University
2038236,2020-07-02,46000,Fellowship Award,Graduate Research Fellowship Program (GRFP),Tennessee Technological University
2038238,2020-07-02,5804533,Fellowship Award,Graduate Research Fellowship Program (GRFP),University of California-San Diego
2038257,2020-07-06,184000,Fellowship Award,Graduate Research Fellowship Program (GRFP),Worcester Polytechnic Institute
2022138,2020-07-07,3000000,Standard Grant,NRT-HDR: Integrated Data Science (Int dS): Teams for Advancing Bioscience Discovery,University of Colorado at Boulder
2037360,2020-07-07,197468,Standard Grant,RAPID: Investigating Challenges to Matriculation and Completion for Underrepresented STEM Graduate Students during the COVID-19 Pandemic,Council of Graduate Schools
2038237,2020-07-08,269000,Fellowship Award,Graduate Research Fellowship Program (GRFP),University of Alabama Tuscaloosa
2039685,2020-07-09,220928,Fellowship Award,Graduate Research Fellowship Program (GRFP),University of Texas Southwestern Medical Center
2039655,2020-07-15,2464169,Fellowship Award,Graduate Research Fellowship Program (GRFP),Georgia Tech Research Corporation
2039656,2020-07-15,5910929,Fellowship Award,Graduate Research Fellowship Program (GRFP),Princeton University
2000847,2020-07-16,690027,Standard Grant,The Effect of Geographic Locale on Work-Related Experiential Learning Opportunities,University of Georgia Research Foundation Inc
2021871,2020-07-21,2999289,Standard Grant,NRT-HDR: Data-Driven Sustainable Engineering for a Circular Economy,Worcester Polytechnic Institute
2021900,2020-07-21,2994994,Standard Grant,NRT-URoL: Synthesizing Biology Across Scales – A Convergent Synthetic Biology Training Program,Northwestern University at Chicago
2040433,2020-07-21,1301000,Fellowship Award,Graduate Research Fellowship Program (GRFP),Brown University
2040434,2020-07-21,2847400,Fellowship Award,Graduate Research Fellowship Program (GRFP),University of Colorado at Boulder
2022036,2020-07-22,2998915,Standard Grant,"NRT: Building resilient landscapes for food, energy, water, and ecosystems in America's megalopolis",University of Connecticut
2022040,2020-07-24,2999525,Standard Grant,NRT-HDR: Harnessing AI for Understanding & Designing Materials (aiM),Duke University
2024584,2020-07-24,193853,Standard Grant,"A Phenomenological Analysis of STEM Interest, Access, and Persistence of Latina English Learners","Loyola University Maryland, Inc."
2025046,2020-07-24,277359,Standard Grant,BCSER  Optimal Timing of Introductory Biology I: Implications for Motivation and Achievement,University of Kentucky Research Foundation
2038483,2020-07-27,297719,Standard Grant,EAGER: SaTC-EDU: Artificial Intelligence and Cybersecurity Research and Education at Scale,University of Arizona
2039354,2020-07-27,297881,Standard Grant,EAGER: SaTC-EDU: Instilling a Mindset of Adversarial Thinking into Computer Science Courses Early and Often,Brown University
2039408,2020-07-27,29719,Standard Grant,Collaborative Research: EAGER: SaTC-EDU: Secure and Privacy-Preserving Adaptive Artificial Intelligence Curriculum Development for Cybersecurity,University of Texas at Tyler
2039434,2020-07-27,30236,Standard Grant,Collaborative Research: EAGER: SaTC-EDU: Secure and Privacy-Preserving Adaptive Artificial Intelligence Curriculum Development for Cybersecurity,University of North Texas
2039445,2020-07-27,300000,Standard Grant,EAGER: SaTC-EDU: Identifying Educational Conceptions and Challenges in  Cybersecurity and Artificial Intelligence,Regents of the University of Michigan - Ann Arbor
2039542,2020-07-27,239855,Standard Grant,Collaborative Research: EAGER: SaTC-EDU: Secure and Privacy-Preserving Adaptive Artificial Intelligence Curriculum Development for Cybersecurity,University of Texas at Dallas
2039583,2020-07-27,300000,Standard Grant,"EAGER: SaTC-EDU: Discovery, Analysis, Research and Exploration Based Experiential Learning Platform Integrating Artificial Intelligence and Cybersecurity",Howard University
2039612,2020-07-27,99923,Standard Grant,Collaborative Research: EAGER: SaTC-EDU: Safeguarding STEM Education and Scientific Knowledge in the Age of Hyper-Realistic Data Generated Using Artificial Intelligence,Rand Corporation
2039613,2020-07-27,100000,Standard Grant,Collaborative Research: EAGER: SaTC-EDU: Safeguarding STEM Education and Scientific Knowledge in the Age of Hyper-Realistic Data Generated Using Artificial Intelligence,Carnegie Mellon University
2039614,2020-07-27,100000,Standard Grant,Collaborative Research: EAGER: SaTC-EDU: Safeguarding STEM Education and Scientific Knowledge in the Age of Hyper-Realistic Data Generated Using Artificial Intelligence,Challenger Center for Space Science Education
2039634,2020-07-27,300000,Standard Grant,EAGER: SaTC-EDU: Multi-Level Attack and Defense Simulation Environment for Artificial Intelligence Education and Research,University of California-Irvine
2025162,2020-07-28,348866,Standard Grant,BCSER: Understanding how student identities shape STEM retention: exploring perceptions of in-class interpersonal relationships and institutional and discipline inclusivity,University of South Alabama
2038029,2020-07-28,300000,Standard Grant,EAGER: SaTC-EDU: Privacy Enhancing Techniques and Innovations for AI-Cybersecurity Cross Training,Georgia Tech Research Corporation
2039605,2020-07-28,299566,Standard Grant,EAGER: SaTC-EDU: AI-based Humor-Integrated Social Engineering Training,Purdue University
2039606,2020-07-28,300000,Standard Grant,EAGER: SaTC-EDU: Designing and Evaluating Curricular Modules for Inclusive Integration of Artificial Intelligence into Cybersecurity,Florida International University
2039607,2020-07-28,150000,Standard Grant,Collaborative Research: EAGER: SaTC-EDU: Dynamic Adaptive Machine Learning for Teaching Hardware Security (DYNAMITES),New York University
2039610,2020-07-28,150000,Standard Grant,Collaborative Research: EAGER: SaTC-EDU: Dynamic Adaptive Machine Learning for Teaching Hardware Security (DYNAMITES),Texas A&M Engineering Experiment Station
2039616,2020-07-28,299982,Standard Grant,EAGER: SaTC-EDU: Mathematically-grounded metaphors to teach AI-related cybersecurity,Clemson University
2039637,2020-07-28,299987,Standard Grant,EAGER: SaTC-EDU: A transdisciplinary program for pre-college youth to prepare the future workforce for FATE in AI,University of California-Berkeley
2025682,2020-07-29,180263,Standard Grant,Collaborative Research: SaTC: EDU: Artificial Intelligence Assisted Malware Analysis,Tennessee Technological University
2025685,2020-07-29,105790,Standard Grant,Collaborative Research: SaTC: EDU: Artificial Intelligence Assisted Malware Analysis,University of North Carolina at Wilmington
2025686,2020-07-29,113947,Standard Grant,Collaborative Research: SaTC: EDU: Artificial Intelligence Assisted Malware Analysis,MANHATTAN UNIVERSITY
2041788,2020-07-29,299777,Standard Grant,EAGER: SaTC-EDU: Advancing Cybersecurity Education to Human-Level Artificial Intelligence,Georgia Tech Research Corporation
2041960,2020-07-29,300000,Standard Grant,EAGER: SaTC-EDU: Teaching Security in Undergraduate Artificial Intelligence Courses Using Transparency and Contextualization,University of Utah
2041970,2020-07-29,299945,Standard Grant,EAGER: SaTC-EDU: Training Mid-Career Security Professionals in Machine Learning and Data-Driven Cybersecurity,University of Chicago
2025349,2020-07-30,232866,Standard Grant,BCSER Building Capacity for A Longitudinal Mixed-Methods Explanation of Women’s Achievement and Attrition in Undergraduate Engineering Education,University of Maryland Baltimore County
2029632,2020-07-30,400000,Standard Grant,SaTC: EDU: LIGERLabs: Educational Modules for (Anti-)Reverse Engineering,University of Arizona
2040435,2020-07-30,2031766,Fellowship Award,Graduate Research Fellowship Program (GRFP),University of North Carolina at Chapel Hill
2041850,2020-07-30,46000,Fellowship Award,Graduate Research Fellowship Program (GRFP),Embry-Riddle Aeronautical University
2041853,2020-07-30,46000,Fellowship Award,Graduate Research Fellowship Program (GRFP),South Dakota State University
2041772,2020-07-31,373000,Fellowship Award,Graduate Research Fellowship Program (GRFP),Drexel University
2041775,2020-07-31,276000,Fellowship Award,Graduate Research Fellowship Program (GRFP),New York University Medical Center
2041783,2020-07-31,46000,Fellowship Award,Graduate Research Fellowship Program (GRFP),Illinois Institute of Technology
2041784,2020-07-31,46000,Fellowship Award,Graduate Research Fellowship Program (GRFP),"Loyola University of Chicago, Health Sciences Campus"
2041851,2020-07-31,46000,Fellowship Award,Graduate Research Fellowship Program (GRFP),Marquette University
2041852,2020-07-31,46000,Fellowship Award,Graduate Research Fellowship Program (GRFP),New Mexico Institute of Mining and Technology
2041854,2020-07-31,46000,Fellowship Award,Graduate Research Fellowship Program (GRFP),University of Colorado at Colorado Springs
2041855,2020-07-31,46000,Fellowship Award,Graduate Research Fellowship Program (GRFP),"University of Massachusetts, Dartmouth"
2041856,2020-07-31,46000,Fellowship Award,Graduate Research Fellowship Program (GRFP),University of Tennessee Chattanooga
2041857,2020-07-31,46000,Fellowship Award,Graduate Research Fellowship Program (GRFP),University of Toledo
2042596,2020-07-31,46000,Fellowship Award,Graduate Research Fellowship Program (GRFP),Plymouth State University
2042597,2020-07-31,46000,Fellowship Award,Graduate Research Fellowship Program (GRFP),University of Massachusetts Medical School
2043091,2020-07-31,176667,Fellowship Award,Graduate Research Fellowship Program (GRFP),SUNY at Buffalo
2022055,2020-08-05,2999859,Standard Grant,NRT‐URoL: BRIDGES ‐ Building Resources for InterDisciplinary training in Genomic and Ecosystem Sciences,University of Arizona
2043105,2020-08-05,281000,Fellowship Award,Graduate Research Fellowship Program (GRFP),Montana State University
2043212,2020-08-06,46000,Fellowship Award,Graduate Research Fellowship Program (GRFP),Rowan University
2043424,2020-08-06,92000,Fellowship Award,Graduate Research Fellowship Program (GRFP),"University of Texas, M.D. Anderson Cancer Center"
2000607,2020-08-07,738011,Continuing Grant,Collaborative Research: Should I Stay or Should I Go? Understanding the Retention of Latinx in Engineering Jobs,University of Missouri-Columbia
2021540,2020-08-07,3000000,Standard Grant,NRT-QL: Accelerating Quantum-Enabled Technologies,University of Washington
2021628,2020-08-07,3000000,Standard Grant,NRT-FW-HTF: Socially Cognizant Robotics for a Technology Enhanced Society (SOCRATES),Rutgers University New Brunswick
2021713,2020-08-07,2998114,Standard Grant,NRT-NNA: Systems Approaches to Understanding and Navigating the New Arctic (SAUNNA),University of Maine
2021744,2020-08-07,2999999,Standard Grant,"NRT-HDR: Science Museums Advance Research and Training through Convergence of Objects, Data, and Inference",University of New Mexico
2022190,2020-08-07,3000000,Standard Grant,NRT: NNA: Tamamta (All of Us): Transforming Western and Indigenous Fisheries and Marine Sciences Together,University of Alaska Fairbanks Campus
1941415,2020-08-11,4836782,Continuing Grant,CyberCorps SFS Renewal: Supporting the Federal Government Workforce,Worcester Polytechnic Institute
1946537,2020-08-11,2257291,Continuing Grant,CyberCorps SFS: Preparing the Next Generation of Cybersecurity Professionals,Indiana University
2021585,2020-08-11,2400000,Standard Grant,NRT-HDR: Graduate Traineeship in Data Science Technologies and Applications,Florida Atlantic University
2021693,2020-08-11,2748866,Standard Grant,Enhancing Resiliency and Increasing Equity in the Transition to a Sustainable Energy Future,University of Massachusetts Amherst
2021791,2020-08-11,2999999,Standard Grant,NRT-ROL: Interdisciplinary Studies of the Phenotype: EXPANDing Training in Research and Careers,University of Virginia Main Campus
2024020,2020-08-11,313087,Standard Grant,BCSER: IID: Evaluating CURE Laboratory Benefits for Underprepared Students,Eastern Michigan University
2023234,2020-08-13,349552,Standard Grant,A Longitudinal Study of Women in Physics and People of Color in STEM at Primarily White Institutions,University of Utah
2025257,2020-08-13,228379,Standard Grant,Investigating the Combination of Design Thinking and Course-based Undergraduate Research Experiences on Student Persistence and Retention in STEM,California State University-Dominguez Hills Foundation
2044858,2020-08-13,688454,Standard Grant,Investigating Community College to PhD: Developing Graduate Aspirations Among Upward Transfer Students in Computing and Technology,Northern Arizona University
2022168,2020-08-14,3000000,Standard Grant,NRT-URoL: Molecular Probes and Sensors for Complex  Environments,University of Oregon Eugene
2032292,2020-08-18,400000,Standard Grant,SaTC: EDU: Educating STEM Students and Teachers about the Relevance of Social Engineering in Cyberattacks and Cybersecurity,Temple University
2022023,2020-08-24,2999986,Standard Grant,NRT-HDR: AI-enabled Molecular Engineering of Materials and Systems (AIMEMS),University of Chicago
2021874,2020-09-04,2999878,Standard Grant,NRT-HDR Data Driven Decision Making to Address Complex Resource Problems,Tufts University
2051263,2020-09-17,109317,Standard Grant,RAPID: Collaborative Research:  Electronic Mentoring  to Address Challenges in Engineering Graduate Programs During the COVID-19 Pandemic,Claremont Graduate University
2043183,2020-10-16,179999,Standard Grant,SaTC: EDU: Collaborative: Bolstering UAV Cybersecurity Education through Curriculum Development with Hands-on Laboratory Framework,Northeastern University
2102417,2020-10-20,46000,Fellowship Award,Graduate Research Fellowship Program,Wake Forest University School of Medicine
2028426,2020-12-17,399203,Standard Grant,SaTC: EDU: JROTC-CS Project Impact Study,The New York City Foundation for Computer Science Education
2112689,2020-12-19,147822,Standard Grant,Examining the Persistance and Motivation of STEM Pre-Service Teachers of Color in the Sherman STEM Teacher Scholars Program,University of Maryland Baltimore County
2039287,2020-12-23,64990,Standard Grant,EAGER: SaTC-EDU: Exploring Visualized and Explainable Artificial Intelligence to Improve Students’ Learning Experience in Digital Forensics Education,Bowie State University
2039288,2020-12-23,90000,Standard Grant,EAGER: SaTC-EDU: Exploring Visualized and Explainable Artificial Intelligence to Improve Students’ Learning Experience in Digital Forensics Education,University of Missouri-Kansas City
2039289,2020-12-23,145000,Standard Grant,EAGER: SaTC-EDU: Exploring Visualized and Explainable Artificial Intelligence to Improve Students’ Learning Experience in Digital Forensics Education,University of Baltimore
2042416,2021-02-09,3801043,Continuing Grant,CyberCorps Scholarship for Service: Fostering Cybersecurity Professionals in Rhode Island,University of Rhode Island
2042882,2021-02-09,3901236,Continuing Grant,CyberCorps Scholarship for Service: Preparing Future Cybersecurity LeADERS through Applied Learning Experiences,Old Dominion University Research Foundation
2042996,2021-02-09,2885353,Continuing Grant,CyberCorps Scholarship for Service: Workforce Training and Preparation in Cybersecurity and Privacy,The University of Central Florida Board of Trustees
2043022,2021-02-09,3378192,Continuing Grant,CyberCorps Scholarship for Service: Cybersecurity Workforce Preparation,Michigan Technological University
2043106,2021-02-09,3999998,Continuing Grant,CyberCorps Scholarship for Service: Cybersecurity Scholar Incubator,University of Cincinnati Main Campus
2043302,2021-02-09,3265026,Continuing Grant,CyberCorps Scholarships for Service: Augusta University Developing Immersive Experiences for Novel Cybersecurity Education,"AUGUSTA UNIVERSITY RESEARCH INSTITUTE, INC."
2048018,2021-03-08,806841,Continuing Grant,CAREER: Advancing STEM Persistence among Graduate Women of Color through an Examination of Institutional Contributors and Deterrents to Mental Health,University of Massachusetts Boston
2123024,2021-03-10,349948,Standard Grant,Toward Curricular Guidelines for Cybersecurity Education: Defining Educational Standards for an Emerging Discipline,American University
2114911,2021-04-08,192921,Standard Grant,Collaborative Research: EAGER: SaTC-EDU: Just-in-Time Artificial Intelligence-Driven Cyber Abuse Education in Social Networks,Florida International University
2114948,2021-04-08,106636,Standard Grant,Collaborative Research: EAGER: SaTC-EDU: Just-in-Time Artificial Intelligence-Driven Cyber Abuse Education in Social Networks,The University of Central Florida Board of Trustees
2115025,2021-04-09,299941,Standard Grant,EAGER: SaTC-EDU: Transformative Educational Approaches to Meld Artificial Intelligence and Cybersecurity Mindsets,Auburn University
2114892,2021-04-16,219993,Standard Grant,Collaborative Research: EAGER SaTC-EDU:  Artificial Intelligence and Cybersecurity: From Research to the Classroom,University of Maryland Baltimore County
2115040,2021-04-16,80000,Standard Grant,Collaborative Research: EAGER SaTC-EDU:  Artificial Intelligence and Cybersecurity: From Research to the Classroom,University of Illinois at Urbana-Champaign
2114680,2021-04-21,298214,Standard Grant,EAGER: SaTC-EDU: A Life-Cycle Approach for Artificial Intelligence-Based Cybersecurity Education,Purdue University
2115028,2021-04-26,297712,Standard Grant,EAGER: SaTC-EDU: Integrating Cybersecurity into Artificial Intelligence Education,University of Colorado at Boulder
2113954,2021-04-27,131329,Standard Grant,Collaborative Research: EAGER: SaTC-EDU: Artificial Intelligence-Enhanced Cybersecurity: Workforce Needs and Barriers to Learning,University of Washington
2113955,2021-04-27,168670,Standard Grant,Collaborative Research: EAGER: SaTC-EDU: Artificial Intelligence-Enhanced Cybersecurity: Workforce Needs and Barriers to Learning,University of Illinois at Urbana-Champaign
2114808,2021-04-27,299987,Standard Grant,EAGER: SaTC-EDU: Improving Cybersecurity Education for Adolescents with Autism Through Automated Augmented Self-Monitoring Applications,The University of Central Florida Board of Trustees
2114824,2021-04-27,300000,Standard Grant,EAGER: SaTC-EDU: A Framework for Developing Attributable Cybersecurity Case Studies,Pennsylvania State Univ University Park
2114974,2021-04-27,299934,Standard Grant,EAGER: SaTC-EDU: Cybersecurity Education in the Age of Artificial Intelligence: A Novel Proactive and Collaborative Learning Paradigm,Purdue University
2114789,2021-04-29,300000,Standard Grant,EAGER: SaTC-EDU: Artificial Intelligence for Cybersecurity Education via a Machine Learning-Enabled Security Knowledge Graph,Arizona State University
2114981,2021-04-29,299481,Standard Grant,EAGER: SaTC AI-Cybersecurity: Opening Doors for Cybersecurity & AI: An Interdisciplinary Approach to Engaging Middle School Students,"University of Massachusetts, Dartmouth"
2028397,2021-05-03,397826,Standard Grant,SaTC: EDU: Transdisciplinary Cybersecurity Education for Law and Engineering Students,Cleveland State University
2037658,2021-05-03,400000,Standard Grant,SaTC: EDU: Vertically-Aligned Hands-on Cybersecurity Curriculum Based on Adversarial Thinking,Boise State University
2105721,2021-05-12,499749,Standard Grant,Encouraging the Participation of Neurodiverse Students in STEM Graduate Programs to Radically Enhance the Creativity of the Professional Workforce,University of Connecticut
2133982,2021-05-26,500559,Standard Grant,"Institute in Critical Quantitative, Computational, and Mixed Methods Training For Underrepresented Scholars",Johns Hopkins University
2114920,2021-05-27,130000,Standard Grant,Collaborative Research: EAGER: SaTC-EDU: Learning Platform and Education Curriculum for Artificial Intelligence-Driven Socially-Relevant Cybersecurity,Clemson University
2114936,2021-05-27,100000,Standard Grant,Collaborative Research: EAGER: SaTC-EDU: Learning Platform and Education Curriculum for Artificial Intelligence-Driven Socially-Relevant Cybersecurity,North Carolina Agricultural & Technical State University
2114982,2021-05-27,70000,Standard Grant,Collaborative Research: EAGER: SaTC-EDU: Learning Platform and Education Curriculum for Artificial Intelligence-Driven Socially-Relevant Cybersecurity,SUNY at Buffalo
2114991,2021-05-27,154754,Standard Grant,Collaborative Research: EAGER: SaTC-EDU: Teaching High School Students about Cybersecurity and Artificial Intelligence Ethics via Empathy-Driven Hands-On Projects,University of Illinois at Urbana-Champaign
2115004,2021-05-27,44999,Standard Grant,Collaborative Research: EAGER: SaTC-EDU: Teaching High School Students about Cybersecurity and Artificial Intelligence Ethics via Empathy-Driven Hands-On Projects,University of Colorado at Boulder
2115008,2021-05-27,97822,Standard Grant,Collaborative Research: EAGER: SaTC-EDU: Teaching High School Students about Cybersecurity and Artificial Intelligence Ethics via Empathy-Driven Hands-On Projects,University of Denver
2100234,2021-05-28,1389539,Continuing Grant,Collaborative Research: Examining Training Environments and Career Outcomes of Interdisciplinary STEM PhD Students,"OHIO STATE UNIVERSITY, THE"
2100235,2021-05-28,546507,Continuing Grant,Collaborative Research: Examining Training Environments and Career Outcomes of Interdisciplinary STEM PhD Students,Indiana University
2100236,2021-05-28,495613,Continuing Grant,Collaborative Research: Examining Training Environments and Career Outcomes of Interdisciplinary STEM PhD Students,Cornell University
2105555,2021-05-28,332184,Standard Grant,IGE: Learning the Entire Pipeline: Analyzing and Improving Graduate Engineering Education through Communities of Practice,North Carolina State University
2113803,2021-06-03,299995,Standard Grant,EAGER: SaTC-EDU: A Case- and Play-Based Learning Module for Cybersecurity and Artificial Intelligence Education for Early Teen Learners,"Looking Glass Ventures, LLC"
2133190,2021-06-03,105790,Standard Grant,Collaborative Research: SaTC: EDU: Artificial Intelligence Assisted Malware Analysis,Mississippi State University
2105635,2021-06-04,499997,Standard Grant,"FIRED UP: An immersive early field experience program to build community, support inclusivity, and foster large-scale research ideas",University of Colorado at Boulder
2105801,2021-06-04,391012,Standard Grant,SaTC: EDU: Developing Ready-to-Use Hands-on Labs with Portable Operating Environments for Digital Forensics Education,"University Enterprises, Incorporated"
2054968,2021-06-09,399681,Continuing Grant,SaTC: EDU: Secure and Private Artificial Intelligence,"Georgia State University Research Foundation, Inc."
2105661,2021-06-09,420299,Standard Grant,IGE: Enhancing Doctoral Research Training through Cascading Mentorship (Anteater Huddles),University of California-Irvine
2113839,2021-06-09,215000,Standard Grant,SaTC: EDU: A Curriculum for Quantum Security and Trust,Pennsylvania State Univ University Park
2117073,2021-06-09,492892,Standard Grant,SaTC EDU: Assessment Resources for Cybersecurity,Dark Enterprises Inc
2105726,2021-06-10,458240,Standard Grant,IGE: Stakeholder-Driven Sustainable Development Experiences for Enhancing STEM Graduate Education,Pennsylvania State Univ University Park
2100343,2021-06-11,1014700,Continuing Grant,"Understanding Roles of Masters Education in Entry Into, and Upskilling and Reskilling for, the STEM Workforce",Council of Graduate Schools
2114157,2021-06-11,163000,Standard Grant,Collaborative Research: SaTC: EDU: Hardware Security Education for All Through Seamless Extension of Existing Curricula,University of Kansas Center for Research Inc
2114165,2021-06-11,89999,Standard Grant,Collaborative Research: SaTC: EDU: Hardware Security Education for All Through Seamless Extension of Existing Curricula,University of Florida
2114200,2021-06-11,146675,Standard Grant,Collaborative Research: SaTC: EDU: Hardware Security Education for All Through Seamless Extension of Existing Curricula,Florida International University
2054920,2021-06-21,43693,Standard Grant,Collaborative Research: Mapping professional support networks of women and gender and sexual minorities in physics,Western Michigan University
2055062,2021-06-21,1482889,Continuing Grant,Developing the STEM Workforce: Career Pathways of Math and Science Teachers in Texas and Washington after the COVID-19 Pandemic,University of Washington
2055237,2021-06-21,391559,Standard Grant,Collaborative Research: Mapping professional support networks of women and gender and sexual minorities in physics,University of Utah
2100024,2021-06-21,63481,Standard Grant,Collaborative Research: Mapping professional support networks of women and gender and sexual minorities in physics,Wright State University
2104519,2021-06-22,39993,Standard Grant,Collaborative Research: SaTC: EDU: Developing Instructional Laboratories for Blockchain Security Applications,Florida Agricultural and Mechanical University
2104532,2021-06-22,359993,Standard Grant,Collaborative Research: SaTC: EDU: Developing Instructional Laboratories for Blockchain Security Applications,Syracuse University
2105701,2021-06-25,362835,Standard Grant,Collaborative Research: IGE: Graduate Education in Cyber-Physical Systems Engineering,University of Massachusetts Lowell
2105718,2021-06-25,79548,Standard Grant,Collaborative Research: IGE: Graduate Education in Cyber-Physical Systems Engineering,"University of Massachusetts, Dartmouth"
2042700,2021-06-29,3184625,Continuing Grant,CyberCorps Scholarship for Service: Secure Embedded Systems,Morgan State University
2114952,2021-07-06,300000,Standard Grant,EAGER: SaTC AI-Cybersecurity: Faking It: Facilitating Public Awareness of Cybersecurity Issues in AI,University of South Florida
2043084,2021-07-07,4424837,Continuing Grant,CyberCorps Scholarship for Service (Renewal): Cross Disciplinary Cybersecurity Education for a Modern Workforce,University of Massachusetts Amherst
2105489,2021-07-07,499870,Standard Grant,"The Lean Canvas for Invention:  A Team-Based Framework for Research Development, Mentoring, and Career Readiness",University of Utah
2100155,2021-07-14,1993215,Continuing Grant,Staying in Science: Investigating STEM Persistence Among High School Youth,American Museum Natural History
2043324,2021-07-17,4443669,Continuing Grant,CyberCorps Scholarship for Service (Renewal): An Enhanced and Integrated Scholar Experience in Cybersecurity,Tennessee Technological University
2043250,2021-07-21,4049354,Continuing Grant,CyberCorps Scholarship for Service (Renewal): Advancing a Successful Cybersecurity Education and Workforce Development Program,University of Texas at El Paso
2043104,2021-07-23,4579647,Continuing Grant,CyberCorps Scholarship for Service (Renewal): Secure Computing Initiative,New Jersey Institute of Technology
2043095,2021-07-26,3856432,Continuing Grant,"CyberCorps Scholarship for Service (Renewal): Strengthening Cyber Community and Pathways Using Research Experiences, Technical Training and Institutional Outreach",Pace University
2100017,2021-07-26,983486,Standard Grant,Collaborative Research: An Evidence-Based Approach Towards Technology Workforce Expansion by Increasing Female Participation in STEM Entrepreneurship,University of Wisconsin-Madison
2100139,2021-07-26,351259,Standard Grant,Collaborative Research: An Evidence-Based Approach Towards Technology Workforce Expansion by Increasing Female Participation in STEM Entrepreneurship,"University of Maryland, College Park"
2137102,2021-07-26,46000,Fellowship Award,Graduate Research Fellowship Program (GRFP),SUNY at Albany
2043237,2021-07-28,3872923,Continuing Grant,CyberCorps Scholarship for Service (Renewal): Promoting Cybersecurity Excellence and Diversity via Dynamic and Applied Learning Tactics,University Enterprises Corporation at CSUSB
2122416,2021-07-28,499971,Standard Grant,SaTC: EDU: Advancing Cybersecurity and Privacy of Educational Technologies Used in K-12 schools,University of North Carolina at Charlotte
2125764,2021-08-03,3000000,Standard Grant,NRT-WoU: Establishing Multimessenger Astronomy Inclusive Training (EMIT),Vanderbilt University
2137416,2021-08-10,2742927,Fellowship Award,Graduate Research Fellowship Program (GRFP),Pennsylvania State Univ University Park
2137424,2021-08-10,5235600,Fellowship Award,Graduate Research Fellowship Program (GRFP),University of Wisconsin-Madison
2139322,2021-08-10,1103266,Fellowship Award,Graduate Research Fellowship Program (GRFP),University of Utah
2139433,2021-08-10,5820106,Fellowship Award,Graduate Research Fellowship Program (GRFP),California Institute of Technology
2139754,2021-08-10,4086049,Fellowship Award,Graduate Research Fellowship Program (GRFP),Duke University
2139757,2021-08-10,4512600,Fellowship Award,Graduate Research Fellowship Program (GRFP),Johns Hopkins University
2139839,2021-08-10,2009833,Fellowship Award,Graduate Research Fellowship Program (GRFP),Washington University
2140004,2021-08-10,8238370,Fellowship Award,Graduate Research Fellowship Program (GRFP),University of Washington
2141064,2021-08-10,13366637,Fellowship Award,Graduate Research Fellowship Program (GRFP),Massachusetts Institute of Technology
2114660,2021-08-11,304761,Standard Grant,BCSER: Investigating Factors that Influence African American Students’ Selection of Computational Internships and Careers,Fisk University
2105221,2021-08-13,189253,Standard Grant,Collaborative Research: Mental Health Opportunities for Professional Empowerment in STEM (HOPES),University of Montana
2105251,2021-08-13,173296,Standard Grant,Collaborative Research: Mental Health Opportunities for Professional Empowerment in STEM (HOPES),Montana State University - Billings
2105254,2021-08-13,137451,Standard Grant,Collaborative Research: Mental Health Opportunities for Professional Empowerment in STEM (HOPES),Montana Technological University
2100355,2021-08-18,487909,Standard Grant,Examining the use of micro-internships to leverage scalable learning for STEM workforce development among people experiencing homelessness,University of Nebraska at Omaha
2125940,2021-08-18,335948,Standard Grant,BCSER: Using Computational Language Processing Techniques to Determine if Parental STEM Language Varies By Child Gender,University of North Carolina at Chapel Hill
2139760,2021-08-19,46000,Fellowship Award,Graduate Research Fellowship Program (GRFP),New Mexico State University
2113945,2021-08-20,173536,Standard Grant,Collaborative Research: SaTC: EDU: A Hands-on Approach to Securing Self-Driving Networks,North Carolina Agricultural & Technical State University
2113981,2021-08-20,226438,Standard Grant,Collaborative Research: SaTC: EDU: A Hands-on Approach to Securing Self-Driving Networks,University of Texas at San Antonio
2126031,2021-08-20,293442,Standard Grant,Understanding how Making contributes to student self-efficacy and character development across multiple STEM disciplines and student identities,Wake Forest University
2139296,2021-08-20,92000,Fellowship Award,Graduate Research Fellowship Program (GRFP),SUNY at Binghamton
2139911,2021-08-20,230000,Fellowship Award,Graduate Research Fellowship Program (GRFP),Tulane University
2125483,2021-08-22,349948,Standard Grant,BSCER Investigator Initiated Development program. Justice-orientated Approaches for Data science Education (JADE),University of Hawaii
2126023,2021-08-22,349948,Standard Grant,BCSER: Exploring Faculty Perception and Self-efficacy in Lab-intensive Online Courses,Texas A&M Engineering Experiment Station
2137423,2021-08-22,322000,Fellowship Award,Graduate Research Fellowship Program (GRFP),University of Texas at San Antonio
2139291,2021-08-22,414000,Fellowship Award,Graduate Research Fellowship Program (GRFP),Joan and Sanford I. Weill Medical College of Cornell University
2105723,2021-08-27,998923,Cooperative Agreement,NSF IGE Innovation Acceleration Hub,Council of Graduate Schools
2125295,2021-08-27,2999513,Standard Grant,"NRT-HDR: Detecting and Addressing Bias in Data, Humans, and Institutions",SUNY at Stony Brook
2125362,2021-08-27,1994676,Standard Grant,NRT-AI: AWARE-AI: AWAREness for Sensing Humans Responsibly with AI,Rochester Institute of Tech
2125510,2021-08-27,1999902,Standard Grant,NRT CONDESA: Convergence of Nano-engineered Devices for Environmental and Sustainability Applications,University of California - Merced
2125528,2021-08-27,2999967,Standard Grant,NRT-FW-HTF: NSF Traineeship in the Advancement of Surgical Technologies,Duke University
2125606,2021-08-27,2000000,Standard Grant,NRT: Research Training in Sustainable Packaging and Biodegradable Polymer Composites for the Next Generation of STEM Graduates,Tuskegee University
2125644,2021-08-27,3000000,Standard Grant,NRT-URoL: Data Driven Biology,University of California-Santa Barbara
2125677,2021-08-27,3000000,Standard Grant,NRT-AI-FW-HTF: Co-Design of Trustworthy AI and Future Work Systems,George Washington University
2125684,2021-08-27,1999736,Standard Grant,NRT-HDR: Finding Signal in the Noise to Enable Science-Based Community Response to Change in Coastal Region,East Carolina University
2125703,2021-08-27,2999011,Continuing Grant,"NRT- HDR: Computing and Data Science Training for Materials Innovation, Discovery, Analytics",University of Delaware
2125727,2021-08-27,2998922,Standard Grant,"NRT: Sustainable Water Innovations in Materials: Mentoring, Education, and Research (SWIMMER)",University of Massachusetts Lowell
2125733,2021-08-27,3000000,Standard Grant,"NRT: Transformative Research and Graduate Education in Sensor Science, Technology and Innovation",Dartmouth College
2125748,2021-08-27,2984140,Standard Grant,NRT-URoL: Decoding the Mechanisms Underpinning Biofilm Function and Architecture in Extreme Environments,Montana State University
2125758,2021-08-27,2999701,Standard Grant,"NRT: Rivers, Watersheds, Communities: Training an Innovative, Cross-Sector Workforce for Equitable, Multi-Scale Decision-Making Towards Human and Ecosystem Health",Washington State University
2125798,2021-08-27,3000000,Standard Grant,"NRT-HDR: Convergence at the Interfaces of Policy, Data Science, Environmental Science and Engineering to Combat the Spread of Antibiotic Resistance",Virginia Polytechnic Institute and State University
2125858,2021-08-27,2999999,Continuing Grant,"NRT-AI: Convergent, Responsible, and Ethical Artificial Intelligence Training Experience for Roboticists",University of Texas at Austin
2125865,2021-08-27,2999920,Standard Grant,NRT- FW-HTF: Linguistic diversity across the lifespan (LINDIV): transforming training to advance human-technology interaction,Pennsylvania State Univ University Park
2125868,2021-08-27,2999658,Standard Grant,NRT-NNA: Convergent Arctic Research Perspectives and Education (CARPE),University of New Hampshire
2125872,2021-08-27,3000000,Standard Grant,NRT-HDR: Bridges in Digital Health,West Virginia University Research Corporation
2125899,2021-08-27,2256821,Standard Grant,Collaborative Research: NRT-QL: A Program for Training a Quantum Workforce,Colorado School of Mines
2125906,2021-08-27,739029,Standard Grant,Collaborative Research: NRT-QL: A Program for Training a Quantum Workforce,San Jose State University Foundation
2125913,2021-08-27,3000000,Standard Grant,NRT-AI: Digital Transformation of Development (DToD),University of California-Berkeley
2125921,2021-08-27,1969598,Standard Grant,NRT-HDR: Convergent Research in Integrative and Public Land Management,Western Colorado University
2125924,2021-08-27,3000000,Standard Grant,NRT-QISE: Accelerating Interdisciplinary Frontiers in Quantum Sciences and Technologies (AIF-Q),University of California-Los Angeles
2100115,2021-08-30,279844,Standard Grant,Collaborative Research: SaTC: EDU: Authentic Learning of Machine Learning in Cybersecurity with Portable Hands-on Labware,Kennesaw State University Research and Service Foundation
2100134,2021-08-30,119982,Standard Grant,Collaborative Research: SaTC: EDU: Authentic Learning of Machine Learning in Cybersecurity with Portable Hands-on Labware,Tuskegee University
2136337,2021-08-30,46000,Fellowship Award,Graduate Research Fellowship Program (GRFP),Boston College
2137099,2021-08-30,263800,Fellowship Award,Graduate Research Fellowship Program (GRFP),Colorado School of Mines
2139321,2021-08-30,1454000,Fellowship Award,Graduate Research Fellowship Program (GRFP),University of Pittsburgh
2139752,2021-08-30,92000,Fellowship Award,Graduate Research Fellowship Program (GRFP),Brandeis University
2139766,2021-08-30,230000,Fellowship Award,Graduate Research Fellowship Program (GRFP),Syracuse University
2139841,2021-08-30,5228333,Fellowship Award,Graduate Research Fellowship Program (GRFP),Yale University
2139900,2021-08-30,46000,Fellowship Award,Graduate Research Fellowship Program (GRFP),Kansas State University
2139915,2021-08-30,728668,Fellowship Award,Graduate Research Fellowship Program (GRFP),Clemson University
2140003,2021-08-30,92000,Fellowship Award,Graduate Research Fellowship Program (GRFP),University of Louisville Research Foundation Inc
2136513,2021-08-31,198834,Fellowship Award,Graduate Research Fellowship Program (GRFP),University of Houston
2136518,2021-08-31,155099,Fellowship Award,Graduate Research Fellowship Program (GRFP),Virginia Commonwealth University
2136522,2021-08-31,46000,Fellowship Award,Graduate Research Fellowship Program (GRFP),University of Puerto Rico-Rio Piedras
2136524,2021-08-31,138000,Fellowship Award,Graduate Research Fellowship Program (GRFP),West Virginia University Research Corporation
2137101,2021-08-31,138000,Fellowship Award,Graduate Research Fellowship Program (GRFP),North Dakota State University Fargo
2137425,2021-08-31,46000,Fellowship Award,Graduate Research Fellowship Program (GRFP),University of Wisconsin-Milwaukee
2139298,2021-08-31,368000,Fellowship Award,Graduate Research Fellowship Program (GRFP),CUNY Graduate School University Center
2126059,2021-09-02,325009,Standard Grant,BCSER: Characterizing How Teachers Design Engaging Learning Environments in STEM Education: Examining Teachers’ and Students' Conceptualizations of integrated STEM,Purdue University
2136514,2021-09-02,46000,Fellowship Award,Graduate Research Fellowship Program (GRFP),University of Massachusetts Lowell
2136515,2021-09-02,184000,Fellowship Award,Graduate Research Fellowship Program (GRFP),University of South Florida
2136516,2021-09-02,60500,Fellowship Award,Graduate Research Fellowship Program (GRFP),University of Texas at Dallas
2136519,2021-09-02,883200,Fellowship Award,Graduate Research Fellowship Program (GRFP),Louisiana State University
2136520,2021-09-02,363399,Fellowship Award,Graduate Research Fellowship Program (GRFP),University of Connecticut
2136537,2021-09-02,230000,Fellowship Award,Graduate Research Fellowship Program (GRFP),University of Texas at Arlington
2137419,2021-09-02,1498565,Fellowship Award,Graduate Research Fellowship Program (GRFP),University of Arizona
2137420,2021-09-02,5577967,Fellowship Award,Graduate Research Fellowship Program (GRFP),University of Texas at Austin
2137426,2021-09-02,368000,Fellowship Award,Graduate Research Fellowship Program (GRFP),University of Wyoming
2137429,2021-09-02,230000,Fellowship Award,Graduate Research Fellowship Program (GRFP),Utah State University
2139292,2021-09-02,46000,Fellowship Award,Graduate Research Fellowship Program (GRFP),Rochester Institute of Tech
2139319,2021-09-02,3520027,Fellowship Award,Graduate Research Fellowship Program (GRFP),University of California-Santa Barbara
2139772,2021-09-02,1864400,Fellowship Award,Graduate Research Fellowship Program (GRFP),Texas A&M University
2139899,2021-09-02,5756266,Fellowship Award,Graduate Research Fellowship Program (GRFP),Cornell University
2139901,2021-09-02,46000,Fellowship Award,Graduate Research Fellowship Program (GRFP),Mayo Clinic Rochester
2139905,2021-09-02,126667,Fellowship Award,Graduate Research Fellowship Program (GRFP),Oklahoma State University
2139907,2021-09-02,34667,Fellowship Award,Graduate Research Fellowship Program (GRFP),Old Dominion University Research Foundation
2140001,2021-09-02,4117433,Fellowship Award,Graduate Research Fellowship Program (GRFP),University of Chicago
2140736,2021-09-02,46000,Fellowship Award,Graduate Research Fellowship Program (GRFP),Baylor College of Medicine
2140739,2021-09-02,4368398,Fellowship Award,Graduate Research Fellowship Program (GRFP),Carnegie Mellon University
2140742,2021-09-02,433100,Fellowship Award,Graduate Research Fellowship Program (GRFP),George Washington University
2140743,2021-09-02,4958032,Fellowship Award,Graduate Research Fellowship Program (GRFP),Harvard University
2140744,2021-09-02,46000,Fellowship Award,Graduate Research Fellowship Program (GRFP),South Dakota School of Mines and Technology
2140745,2021-09-02,138000,Fellowship Award,Graduate Research Fellowship Program (GRFP),Texas Tech University
2140746,2021-09-02,46000,Fellowship Award,Graduate Research Fellowship Program (GRFP),University of Mississippi Medical Center
2140747,2021-09-02,46000,Fellowship Award,Graduate Research Fellowship Program (GRFP),University of North Florida
2140750,2021-09-02,46000,Fellowship Award,Graduate Research Fellowship Program (GRFP),Western Connecticut State University
2141410,2021-09-02,46000,Fellowship Award,Graduate Research Fellowship Program (GRFP),California State University-Long Beach Foundation
2141416,2021-09-02,46000,Fellowship Award,Graduate Research Fellowship Program (GRFP),Indiana University
2141543,2021-09-02,46000,Fellowship Award,Graduate Research Fellowship Program (GRFP),Idaho State University
2146752,2021-09-02,21679156,Fellowship Award,Graduate Research Fellowship Program (GRFP),University of California-Berkeley
2146756,2021-09-02,5203266,Fellowship Award,Graduate Research Fellowship Program (GRFP),University of Illinois at Urbana-Champaign
2146759,2021-09-02,322000,Fellowship Award,Graduate Research Fellowship Program (GRFP),University of Rhode Island
2147721,2021-09-02,399834,Fellowship Award,Graduate Research Fellowship Program (GRFP),Rensselaer Polytechnic Institute
2121898,2021-09-07,227519,Standard Grant,MCA: Partnering Land and communities for equitable and inclusive STEM learning,Regents of the University of Idaho
2120888,2021-09-08,459224,Standard Grant,MCA: Leveraging Artificial Intelligence to Enhance the Creativity of the STEM Professional Workforce by Transforming Education for Neurodiverse Learners,University of Connecticut
2138250,2021-09-08,99879,Standard Grant,Workshops: Broadening Participation of Historically Black Colleges and Universities in the NSF Research Traineeship and Innovations in Graduate Education Programs,Jackson State University
2139297,2021-09-08,368000,Fellowship Award,Graduate Research Fellowship Program (GRFP),University of California - Merced
2146755,2021-09-08,19309916,Fellowship Award,Graduate Research Fellowship Program (GRFP),Stanford University
2137100,2021-09-10,1894167,Fellowship Award,Graduate Research Fellowship Program (GRFP),North Carolina State University
2141414,2021-09-10,46000,Fellowship Award,Graduate Research Fellowship Program (GRFP),Central Michigan University
2150297,2021-11-19,113947,Standard Grant,Collaborative Research: SaTC: EDU: Artificial Intelligence Assisted Malware Analysis,North Carolina Agricultural & Technical State University
2142229,2022-01-20,4062628,Continuing Grant,CyberCorps Scholarship for Service: Preparing Future Cybersecurity Professionals with Data Science Expertise,Fordham University
2146146,2022-01-20,3305867,Continuing Grant,CyberCorps Scholarship for Service:  Preparing an Interdisciplinary Next-Gen Cybersecurity Workforce,"Board of Regents, NSHE, obo University of Nevada, Reno"
2146212,2022-01-20,3520400,Continuing Grant,CyberCorps Scholarship for Service: Expanding and Strengthening the National Cybersecurity Workforce,SUNY at Binghamton
2146280,2022-01-20,3198315,Continuing Grant,CyberCorps Scholarship for Service: Cyber Defense of Intelligent Systems,Oakland University
2146359,2022-01-20,3729000,Continuing Grant,CyberCorps Scholarship for Service: Building the Next Generation Cybersecurity Engineering Workforce,Indiana University
2146427,2022-01-20,3806815,Continuing Grant,"CyberCorps Scholarship for Service: Developing the Cybersecurity Workforce in West Tennessee, Mississippi, and Arkansas",University of Memphis
2146462,2022-01-20,3875300,Continuing Grant,CyberCorps Scholarship for Service: High-skilled Workforce Development for the Aviation and Aerospace Cybersecurity Domains,Embry-Riddle Aeronautical University
2146497,2022-01-20,3921999,Continuing Grant,CyberCorps Scholarship for Service: Cybersecurity Workforce Preparation in the Age of Artificial Intelligence,"Georgia State University Research Foundation, Inc."
2203094,2022-01-25,226438,Standard Grant,Collaborative Research: SaTC: EDU: A Hands-on Approach to Securing Self-Driving Networks,University of North Carolina at Pembroke
2213382,2022-01-25,92000,Fellowship Award,Graduate Research Fellowship Program (GRFP),Toyota Technological Institute at Chicago
2213346,2022-03-28,803244,Continuing Grant,CAREER: Fostering broader participation and thriving in STEM: A comprehensive investigation of faculty mentorship of doctoral students,University of Connecticut
2152059,2022-03-29,1999999,Standard Grant,Codes For Life - Artificial Intelligence and Sustainable Software for Biomolecular Interactions,Rutgers University Camden
2152131,2022-03-29,2000000,Standard Grant,Stakeholder-Guided Environmental Science,Texas A&M University Corpus Christi
2138078,2022-04-15,190737,Standard Grant,Collaborative Research: SaTC: EDU: Security and Privacy Implications of Remote Proctoring for School Policies and Practices,Georgetown University
2138654,2022-04-15,309163,Standard Grant,Security and Privacy Implications of Remote Proctoring for School Policies and Practices,George Washington University
2151254,2022-04-15,2000000,Continuing Grant,Artificial Intelligence for Arid Land Agriculture (AIALA),New Mexico State University
2142873,2022-04-20,737148,Continuing Grant,CAREER: Uncovering Faculty Beliefs and Values to Define a Model of Doctoral Education in Chemistry,Auburn University
2144978,2022-04-20,663883,Continuing Grant,CAREER: Sustainable Racial Equity: Creating a New Generation of Engineering Education DEI Leaders,Virginia Polytechnic Institute and State University
2152210,2022-04-20,2000000,Continuing Grant,Graduate Traineeship on Advances in Materials Science using Machine Learning,University of Akron
2221870,2022-04-21,283961,Standard Grant,SaTC: EDU: Collaborative: Incorporating Sociotechnical Cybersecurity Learning Within Undergraduate Capstone Courses,University of Utah
2146278,2022-04-26,3220259,Continuing Grant,CyberCorps Scholarship for Service (Renewal) - Preparing Scholars for a Career in the Government’s Cybersecurity Workforce,Marymount University
2200975,2022-05-06,289971,Continuing Grant,Preparing for the Future of the STEM Teacher Workforce in the 21st Century: Leveraging Multi-contextual Evidence,Kansas State University
2200976,2022-05-06,201972,Continuing Grant,Preparing for the Future of the STEM Teacher Workforce in the 21st Century: Leveraging Multi-contextual Evidence,Saint Louis University
2146254,2022-05-11,3664884,Continuing Grant,CyberCorps Scholarship for Service (Renewal): From Cybersecurity to Assured Autonomy,Johns Hopkins University
2146269,2022-05-11,4460195,Continuing Grant,CyberCorps Scholarship for Service (Renewal): Preparing an Adaptable Cyber Security Workforce,Regents of the University of Idaho
2146466,2022-05-11,4483675,Continuing Grant,"CyberCorps Scholarship for Service (Renewal): Strengthening the Cybersecurity Workforce through an Emphasis on Diversity, Mentoring, and Career Success",University of Texas at San Antonio
2150930,2022-05-11,999700,Contract Interagency Agreement,GenCyber 2022 Collaboration,National Security Agency
2138921,2022-05-24,262209,Standard Grant,Examining Pedagogy in Cybersecurity at Military Academies,University of Maryland Baltimore County
2138925,2022-05-24,176277,Standard Grant,Examining Pedagogy in Cybersecurity at Military Academies,University of Illinois at Urbana-Champaign
2138934,2022-05-24,61412,Standard Grant,Examining Pedagogy in Cybersecurity at Military Academies,University of Minnesota Duluth
2142948,2022-05-24,3320319,Continuing Grant,CyberCorps Scholarship for Service (Renewal): Preparing Gulf Coast Cyber Scholars,University of South Alabama
2146093,2022-05-24,5440017,Continuing Grant,CyberCorps Scholarship for Service (Renewal): Preparing Cross-disciplinary Cybersecurity and Policy Professionals,Georgetown University
2146498,2022-05-24,4010456,Continuing Grant,CyberCorps Scholarship for Service (Renewal): Cyber Defender Program,North Carolina Agricultural & Technical State University
2200695,2022-06-01,867066,Continuing Grant,"Developing a Framework for Assessing Identity Development, Retention and Success of STEM Social and Behavioral Scientists (STEM-SBS): The Case of Sociology",Clemson University
2201495,2022-06-01,1443669,Continuing Grant,Exploring Student Service Member/Veteran STEM Career Persistence Longitudinally and in Military-Centric Contexts,University of Wisconsin-Madison
2208731,2022-06-01,499999,Standard Grant,Pedagogical Tools for Formal Methods,Brown University
2209636,2022-06-14,154006,Standard Grant,Authentic Learning Modules for DevOps Security Education,Tennessee Technological University
2209637,2022-06-14,119996,Standard Grant,Authentic Learning Modules for DevOps Security Education,Tuskegee University
2209638,2022-06-14,125880,Standard Grant,Authentic Learning Modules for DevOps Security Education,Kennesaw State University Research and Service Foundation
2151820,2022-06-24,1999484,Standard Grant,Understanding Invasion and Disease Ecology and Evolution through Computational Data Education,Arkansas State University Main Campus
2151945,2022-06-24,3000000,Standard Grant,Nanoscience Connected to Life: An Interdisciplinary Traineeship Program in Bioinspired Nanotechnology,CUNY Graduate School University Center
2152014,2022-06-24,2965563,Standard Grant,Harnessing the Data Revolution to Enable Predictive Multi-scale Modeling across STEM,Michigan State University
2152057,2022-06-24,2999999,Standard Grant,Interdisciplinary Graduate Training through Research in Artificial Intelligence and Secure Networked Sensing to Mitigate the Crisis of Alcohol and Drug Abuse,University of Missouri-Kansas City
2152117,2022-06-24,2998973,Standard Grant,Dependable Data Driven Discovery,Iowa State University
2152119,2022-06-24,3000000,Standard Grant,Cultural Change and Social Equity as Drivers for Convergent Research in Water and Material Circularity,University of Minnesota-Twin Cities
2152135,2022-06-24,2000000,Standard Grant,Human-Machine Systems for Physical Rehabilitation,Cleveland State University
2152140,2022-06-24,2998872,Standard Grant,Research to Operations in Data-driven Hydrologic Forecasting and Decision-making,University of Alabama Tuscaloosa
2152159,2022-06-24,1500001,Standard Grant,Quantum Networks Training and Research Alliance in the Southeast,University of Georgia Research Foundation Inc
2152163,2022-06-24,3000000,Standard Grant,Integrating Robots into the Future of Work,University of Wisconsin-Madison
2152168,2022-06-24,1499949,Standard Grant,Quantum Networks Training and Research Alliance in the Southeast,University of Tennessee Knoxville
2152201,2022-06-24,2981841,Standard Grant,Integrative Training in Quantum Assembly and Technology,University of California-Santa Barbara
2152202,2022-06-24,2999906,Standard Grant,Transdisciplinary Convergence in Educational Neuroscience Doctoral Training Program,University of Connecticut
2152205,2022-06-24,3000000,Standard Grant,Interdisciplinary Training in Data Driven Soft Materials Research and Science Policy,University of Pennsylvania
2152218,2022-06-24,3000000,Continuing Grant,Engendering the Spirit of Gadugi at the Food-Energy-Water Nexus,Tennessee Technological University
2152221,2022-06-24,2998446,Standard Grant,Linking Quantum Sensing Technologies across Disciplines: a Convergent Quantum Sciences and Engineering Graduate Training Program,Washington University
2152254,2022-06-24,3000000,Standard Grant,Design and Manufacturing of Medical Devices and Implants: Cultivating a Human- Centered Mindset,Arizona State University
2152258,2022-06-24,3000000,Standard Grant,Science to Policy Education: Activating Knowledge for Sustainable Transportation (SPEAKS),University of California-Riverside
2152260,2022-06-24,2999999,Standard Grant,NeuralStorm: Taking Neuroengineering by Storm,University of California-Davis
2201641,2022-06-27,2163084,Continuing Grant,Collaborative Research: Connecting Professional and Educational Communities to Prepare Construction Engineering Students for the Workplace,Virginia Polytechnic Institute and State University
2201642,2022-06-27,201413,Continuing Grant,Collaborative Research: Connecting Professional and Educational Communities to Prepare Construction Engineering Students for the Workplace,North Carolina Agricultural & Technical State University
2221912,2022-06-29,1250000,Standard Grant,The Alliance for Interdisciplinary Innovation in Computing Education-Postdoctoral Research Fellowship (AiiCE-PRF),Duke University
2222018,2022-06-29,1249799,Continuing Grant,Research on Educational Equity and Diversity in STEM,University of Arizona
2222381,2022-06-29,300000,Standard Grant,Social Psychological Intervention to Increase Gender Diversity in Tech Companies,University of Washington
2222546,2022-06-29,299934,Standard Grant,Toward more Inclusive Undergraduate Research Experiences for Low Socioeconomic Students,Arizona State University
2201100,2022-06-30,214783,Continuing Grant,Collaborative Research: The Organizational Climate Challenge: Promoting the Retention of Students from Underrepresented Groups in Doctoral Engineering Programs,University of North Carolina at Chapel Hill
2201101,2022-06-30,381586,Continuing Grant,Collaborative Research: The Organizational Climate Challenge: Promoting the Retention of Students from Underrepresented Groups in Doctoral Engineering Programs,University of Cincinnati Main Campus
2201102,2022-06-30,582636,Continuing Grant,Collaborative Research: The Organizational Climate Challenge: Promoting the Retention of Students from Underrepresented Groups in Doctoral Engineering Programs,"OHIO STATE UNIVERSITY, THE"
2201103,2022-06-30,178119,Continuing Grant,Collaborative Research: The Organizational Climate Challenge: Promoting the Retention of Students from Underrepresented Groups in Doctoral Engineering Programs,American Society For Engineering Education
2140638,2022-07-06,2794155,Continuing Grant,CyberCorps Scholarship for Service (Renewal): Enhancing Cybersecurity Research and Education in Puerto Rico,Polytechnic University of Puerto Rico
2201969,2022-07-06,1089418,Continuing Grant,Investigating how STEM Baccalaureate Graduates use Assets Developed through Higher Education to Navigate Career Transitions,University of Colorado at Boulder
2222061,2022-07-06,1250000,Continuing Grant,Postdoctoral Training in STEM Education,Purdue University
2154606,2022-07-08,399999,Standard Grant,SaTC: EDU: Building a Cyber Security Enhanced Education Laboratory for Hands-on Experience Oriented Cybersecurity Education,University of New Hampshire
2208797,2022-07-08,1601827,Standard Grant,Broadening Participation in the CyberCorps(R) Scholarship for Service Program,Northeastern University
2231252,2022-07-08,46000,Fellowship Award,Graduate Research Fellowship Program (GRFP),Kennesaw State University Research and Service Foundation
2222148,2022-07-12,1249352,Continuing Grant,Mentoring a Diverse Cohort of Postdoctoral Scholars in Data Science Education Research,North Carolina State University
2222147,2022-07-18,128764,Standard Grant,STEM Education Postdoctoral Research Fellows in Participatory and Community-Engaged Research,SUNY College of Environmental Science and Forestry
2222234,2022-07-18,2230181,Standard Grant,STEM Education Postdoctoral Research Fellows in Participatory and Community-Engaged Research,Michigan State University
2222228,2022-07-19,300000,Standard Grant,"STEM Ed PRF: Understanding and Improving Undergraduate Computer Science Regulation, Performance, and Motivation Using Digital Traces and Technologies",University of Delaware
2222293,2022-07-19,300000,Standard Grant,Learning through Failure: Exploring how Setbacks in Science in the Context of Course-based Undergraduate Research Experiences can Lead to Self-knowledge and Resilience,University of Colorado at Boulder
2146354,2022-07-20,4201310,Continuing Grant,CyberCorps Scholarship for Service (Renewal): Defending the National Cyber Infrastructure,Florida State University
2222208,2022-07-20,300000,Standard Grant,"Advancing the Cognitive Science of Active Learning: Pinpointing Instructional Features that Maximize Equity, Self-Efficacy, and Student Learning in STEM",University of California-Santa Barbara
2226007,2022-07-21,599255,Standard Grant,CAREER TRAJECTORIES OF STEM DOCTORAL STUDENTS: AN EXPLORATORY STUDY OF LATENT GROUPS USING CULTURALLY RESPONSIVE MEASURES AND METHODS,National Opinion Research Center
2222255,2022-07-22,300000,Standard Grant,"Justice-Centered Climate Change Pedagogy Through Placed-Based, Student-Driven Action Projects",University of California-Berkeley
2222530,2022-07-22,300000,Standard Grant,Professional Informatics in Support of Inclusive and Equitable Teaching Practices,Carnegie Mellon University
2222586,2022-07-22,300000,Standard Grant,Modeling Tree-Thinking: Measuring Evolutionary Relatedness Understanding and Examining the Interaction of Factors that Influence Tree-Thinking,Texas State University - San Marcos
2222278,2022-07-26,300000,Continuing Grant,Examining Undergraduate Research Experiences of Latinx STEM Students in Research Intensive HSIs and Emerging-HSIs,University of California-Irvine
2222482,2022-07-26,300000,Standard Grant,Engineering Societies and the Lived Experiences of Marginalized Aspirants: (Re)imaging Inclusion,Drexel University
2222289,2022-07-27,300000,Standard Grant,"Reimagining Grading to Support Nontraditional and Rural Students in High Enrollment, Gateway STEM Courses",North Dakota State University Fargo
2222509,2022-07-27,300000,Standard Grant,The Young Black Girl: Influencing Science Interest and Commitment to STEM through the Merging of Lived Experiences of Learners in an Out-of-School Program,University of Georgia Research Foundation Inc
2222218,2022-07-29,300000,Continuing Grant,Examining and Promoting Math Engagement for Families with Young Children,Boston College
2233001,2022-08-02,1913333,Fellowship Award,Graduate Research Fellowship Program (GRFP),Arizona State University
2234661,2022-08-02,92000,Fellowship Award,Graduate Research Fellowship Program (GRFP),New Jersey Institute of Technology
2234662,2022-08-02,1239188,Fellowship Award,Graduate Research Fellowship Program (GRFP),Oregon State University
2234684,2022-08-02,46000,Fellowship Award,Graduate Research Fellowship Program (GRFP),Rutgers University Newark
2234686,2022-08-02,215500,Fellowship Award,Graduate Research Fellowship Program (GRFP),Tufts University
2234690,2022-08-02,1460592,Fellowship Award,Graduate Research Fellowship Program (GRFP),Colorado State University
2234693,2022-08-02,1538133,Fellowship Award,Graduate Research Fellowship Program (GRFP),University of Virginia Main Campus
2139124,2022-08-04,6302976,Continuing Grant,CyberCorps Scholarship for Service (Renewal): Training the Next Generation of Cybersecurity Professionals,University of Tulsa
2043210,2022-08-05,2874120,Continuing Grant,CyberCorps® Scholarship for Service (Renewal): Carolina Cyber Defender Scholarship Program,University of North Carolina at Charlotte
2221900,2022-08-05,500000,Standard Grant,An Integrative Hands-on Approach to Vehicular Security Education,University of Florida
2236868,2022-08-05,460000,Fellowship Award,Graduate Research Fellowship Program (GRFP),Dartmouth College
2236870,2022-08-05,235666,Fellowship Award,Graduate Research Fellowship Program (GRFP),University of Illinois at Chicago
2237398,2022-08-08,92000,Fellowship Award,Graduate Research Fellowship Program (GRFP),Icahn School of Medicine at Mount Sinai
2238458,2022-08-08,46000,Fellowship Award,Graduate Research Fellowship Program (GRFP),Brigham Young University
2234683,2022-08-09,887040,Fellowship Award,Graduate Research Fellowship Program (GRFP),SUNY at Stony Brook
2234691,2022-08-09,240084,Fellowship Award,Graduate Research Fellowship Program (GRFP),Sloan Kettering Institute For Cancer Research
2234692,2022-08-09,303600,Fellowship Award,Graduate Research Fellowship Program (GRFP),San Diego State University Foundation
2234695,2022-08-09,147200,Fellowship Award,Graduate Research Fellowship Program (GRFP),University of Arkansas
2235034,2022-08-11,92000,Fellowship Award,Graduate Research Fellowship Program (GRFP),University of Massachusetts Boston
2235204,2022-08-11,230000,Fellowship Award,Graduate Research Fellowship Program (GRFP),University of Vermont & State Agricultural College
2208422,2022-08-12,4999995,Continuing Grant,ECR Hub: Advancing the Long-Term Potential of Fundamental Research,American Institutes for Research in the Behavioral Sciences
2235200,2022-08-12,313500,Fellowship Award,Graduate Research Fellowship Program (GRFP),The Scripps Research Institute
2214916,2022-08-15,399197,Standard Grant,SaTC: EDU: Building an Internet Emulator for Cybersecurity Education,Syracuse University
2234657,2022-08-15,1304282,Fellowship Award,Graduate Research Fellowship Program (GRFP),Trustees of Boston University
2234658,2022-08-15,138000,Fellowship Award,Graduate Research Fellowship Program (GRFP),Lehigh University
2235036,2022-08-15,92000,Fellowship Award,Graduate Research Fellowship Program (GRFP),University of Mississippi
2235038,2022-08-15,152500,Fellowship Award,Graduate Research Fellowship Program (GRFP),University of New Hampshire
2235055,2022-08-15,218333,Fellowship Award,Graduate Research Fellowship Program (GRFP),University of North Carolina at Charlotte
2235199,2022-08-15,92000,Fellowship Award,Graduate Research Fellowship Program (GRFP),Texas State University - San Marcos
2235201,2022-08-15,184000,Fellowship Award,Graduate Research Fellowship Program (GRFP),University of Alaska Fairbanks Campus
2235206,2022-08-15,276000,Fellowship Award,Graduate Research Fellowship Program (GRFP),University of Montana
2234660,2022-08-16,2036362,Fellowship Award,Graduate Research Fellowship Program (GRFP),New York University
2234694,2022-08-16,92000,Fellowship Award,Graduate Research Fellowship Program (GRFP),University of Southern Mississippi
2235025,2022-08-16,46000,Fellowship Award,Graduate Research Fellowship Program (GRFP),University of Maryland Baltimore County
2235060,2022-08-16,46000,Fellowship Award,Graduate Research Fellowship Program (GRFP),University of Oklahoma Health Sciences Center
2235103,2022-08-16,92000,Fellowship Award,Graduate Research Fellowship Program (GRFP),Wichita State University
2235198,2022-08-16,92000,Fellowship Award,Graduate Research Fellowship Program (GRFP),Fordham University
2235552,2022-08-16,257333,Fellowship Award,Graduate Research Fellowship Program (GRFP),Washington State University
2235783,2022-08-16,1335433,Fellowship Award,Graduate Research Fellowship Program (GRFP),Michigan State University
2235784,2022-08-16,3504072,Fellowship Award,Graduate Research Fellowship Program (GRFP),University of California-Irvine
2236418,2022-08-16,900900,Fellowship Award,Graduate Research Fellowship Program (GRFP),University of Notre Dame
2236637,2022-08-16,144000,Fellowship Award,Graduate Research Fellowship Program (GRFP),George Mason University
2239682,2022-08-16,46000,Fellowship Award,Graduate Research Fellowship Program (GRFP),Cleveland State University
2240237,2022-08-16,46000,Fellowship Award,Graduate Research Fellowship Program (GRFP),Florida Institute of Technology
2240238,2022-08-16,46000,Fellowship Award,Graduate Research Fellowship Program (GRFP),University of Minnesota Duluth
2240397,2022-08-16,46000,Fellowship Award,Graduate Research Fellowship Program (GRFP),University of Puerto Rico Mayaguez
2240495,2022-08-16,46000,Fellowship Award,Graduate Research Fellowship Program (GRFP),Nova Southeastern University
2240700,2022-08-16,46000,Fellowship Award,Graduate Research Fellowship Program (GRFP),University of Louisiana at Lafayette
2240753,2022-08-16,46000,Fellowship Award,Graduate Research Fellowship Program (GRFP),Middlebury College
2233066,2022-08-17,995100,Fellowship Award,Graduate Research Fellowship Program (GRFP),Rutgers University New Brunswick
2234667,2022-08-17,4927352,Fellowship Award,Graduate Research Fellowship Program (GRFP),Northwestern University at Chicago
2235197,2022-08-17,276000,Fellowship Award,Graduate Research Fellowship Program (GRFP),Regents of the University of Idaho
2235205,2022-08-17,1246384,Fellowship Award,Graduate Research Fellowship Program (GRFP),Virginia Polytechnic Institute and State University
2236415,2022-08-17,1288234,Fellowship Award,Graduate Research Fellowship Program (GRFP),University of Hawaii
2236419,2022-08-17,1265676,Fellowship Award,Graduate Research Fellowship Program (GRFP),University of Oregon Eugene
2236422,2022-08-17,2827666,Fellowship Award,Graduate Research Fellowship Program (GRFP),William Marsh Rice University
2236662,2022-08-17,5402772,Fellowship Award,Graduate Research Fellowship Program (GRFP),University of Pennsylvania
2240918,2022-08-17,46000,Fellowship Award,Graduate Research Fellowship Program (GRFP),Rutgers University Camden
2241157,2022-08-17,46000,Fellowship Award,Graduate Research Fellowship Program (GRFP),Oakland University
2236413,2022-08-18,652773,Fellowship Award,Graduate Research Fellowship Program (GRFP),University of California-Riverside
2236417,2022-08-18,1986903,Fellowship Award,Graduate Research Fellowship Program (GRFP),"University of Maryland, College Park"
2236421,2022-08-18,1419808,Fellowship Award,Graduate Research Fellowship Program (GRFP),University of Southern California
2240920,2022-08-18,46000,Fellowship Award,Graduate Research Fellowship Program (GRFP),Tennessee State University
2240935,2022-08-18,46000,Fellowship Award,Graduate Research Fellowship Program (GRFP),"Georgia Southern University Research and Service Foundation, Inc"
2241123,2022-08-18,92000,Fellowship Award,Graduate Research Fellowship Program (GRFP),Howard University
2240254,2022-08-19,184000,Fellowship Award,Graduate Research Fellowship Program (GRFP),Mississippi State University
2236414,2022-08-21,2012962,Fellowship Award,Graduate Research Fellowship Program (GRFP),University of Florida
2236869,2022-08-21,1225517,Fellowship Award,Graduate Research Fellowship Program (GRFP),University of Georgia
2237827,2022-08-21,3820720,Fellowship Award,Graduate Research Fellowship Program (GRFP),University of Minnesota-Twin Cities
2239063,2022-08-21,368000,Fellowship Award,Graduate Research Fellowship Program (GRFP),University of Kentucky Research Foundation
2240310,2022-08-21,1347584,Fellowship Award,Graduate Research Fellowship Program (GRFP),University of California-Santa Cruz
2224920,2022-08-22,495376,Standard Grant,Implementing Place-based Pedagogies to Transform STEM Graduate Education,University of Hawaii
2236416,2022-08-22,184000,Fellowship Award,Graduate Research Fellowship Program (GRFP),University of Maine
2240614,2022-08-22,1020109,Fellowship Award,Graduate Research Fellowship Program (GRFP),"OHIO STATE UNIVERSITY, THE"
2240732,2022-08-22,138000,Fellowship Award,Graduate Research Fellowship Program (GRFP),University of Missouri-Columbia
2240777,2022-08-22,1371765,Fellowship Award,Graduate Research Fellowship Program (GRFP),Indiana University
2241144,2022-08-22,8716340,Fellowship Award,Graduate Research Fellowship Program (GRFP),Regents of the University of Michigan - Ann Arbor
2240398,2022-08-23,92000,Fellowship Award,Graduate Research Fellowship Program (GRFP),Western Washington University
2240773,2022-08-23,92000,Fellowship Award,Graduate Research Fellowship Program (GRFP),University of Tulsa
2219271,2022-08-25,349999,Standard Grant,An AI-Augmented Phenomenographic Approach to Conceptualizing Undergraduate Students Experiences of Intercultural Team Cognition in STEM,Purdue University
2222337,2022-08-26,1248524,Standard Grant,The Science and Mathematics Education Research Collaborative Postdoctoral Program,Rochester Institute of Tech
2224988,2022-08-26,462184,Standard Grant,PhD Progression: Creating Workforce-driven Flexible Credentials for Doctoral Students,Trustees of Boston University
2222499,2022-08-29,1249871,Standard Grant,Institute for Measurement Methodology in Rural STEM Education Postdoctoral Research Fellowship (IMMERSE-PRF),University of South Carolina at Columbia
2224769,2022-08-29,499734,Standard Grant,Training Scientists to Tackle Grand Challenge Societal Problems through Convergent Action in Transdisciplinary Teams,"OHIO STATE UNIVERSITY, THE"
2224777,2022-08-29,274095,Standard Grant,Reviewer Zero: Changing the Culture of Peer Review,Indiana University
2224778,2022-08-29,107709,Standard Grant,"Reviewer Zero: Changing the Culture of Peer Review to Increase Diversity, Equity, and Inclusion",Columbia University
2224779,2022-08-29,117053,Standard Grant,Reviewer Zero: Changing the Culture of Peer Review,University Enterprises Corporation at CSUSB
2224967,2022-08-29,434807,Standard Grant,The Writing SySTEM: A Systemic Approach to Graduate Writing Instruction and Intervention,Auburn University
2225109,2022-08-29,487251,Standard Grant,Transdisciplinary Research in Graduate Engineering Education,Texas A&M University-Kingsville
2225185,2022-08-29,341230,Standard Grant,"Teachers' Interpretation, Implementation, and Assessment of Chemistry Information Literacy in K-12 Students",The University of Central Florida Board of Trustees
2225306,2022-08-29,349994,Standard Grant,Empowering Children of Migratory/Seasonal Farmworkers with Gamification and Culturally-Responsive Engineering Design Instruction,Arizona State University
2224857,2022-08-31,499999,Standard Grant,Engaging Science: Transforming Graduate Education through Public Engagement with Science,University of Cincinnati Main Campus
2224724,2022-09-01,450000,Standard Grant,Transforming Graduate Education in Transportation Engineering: Applying Cognitive Apprenticeship to Translate Doctoral Student Skills from Research-to-Practice,Rowan University
2243884,2022-09-07,46000,Fellowship Award,Graduate Research Fellowship Program (GRFP),College of Charleston
2243213,2022-09-13,318639,Standard Grant,BCSER-IID: Foundations for a STEM What Work Clearinghouse for Broadening Participation Research in STEM Education,QEM Network HQ
2245148,2022-10-20,231422,Standard Grant,SaTC: EDU: Collaborative: INteractive VIsualization and PracTice basEd Cybersecurity Curriculum and Training (InviteCyber) Framework for Developing Next-gen Cyber-Aware Workforce,Fairfield University
2303715,2022-11-23,300000,Standard Grant,"SaTC: EDU: Expanding Digital Forensics Education with Artifact Curation and Scalable, Accessible Artifact Exercises",Louisiana State University
2303230,2022-12-08,46000,Fellowship Award,Graduate Research Fellowship Program (GRFP),California State University-Sacramento
2145929,2022-12-14,3441900,Continuing Grant,CyberCorps Scholarship for Service: Cybersecurity Talent Development in Kentucky,University of Louisville Research Foundation Inc
2234554,2022-12-14,3525552,Continuing Grant,"CyberCorps Scholarship for Service: Excellence, Ethics, and Strategic Thinking",Robert Morris University
2234710,2022-12-14,2792651,Continuing Grant,CyberCorps Scholarship for Service: Interdisciplinary Cybersecurity and Cyber Forensics,Sam Houston State University
2234915,2022-12-14,3501710,Continuing Grant,"CyberCorps Scholarship for Service: Accelerating Cybersecurity Education, Scholarship and Service","University of Massachusetts, Dartmouth"
2235080,2022-12-14,2655095,Continuing Grant,CyberCorps Scholarship for Service: Expanding the Cybersecurity Workforce and Curriculum Assessment Methods in the State of Wisconsin (CyberWIN),Marquette University
2235102,2022-12-14,4460826,Continuing Grant,CyberCorps Scholarship for Service: Cybersecurity Research and Education for Service in Government (CREST),University of South Florida
2235135,2022-12-14,2409485,Continuing Grant,CyberCorps Scholarship for Service: Graduating Workforce-Ready Cybersecurity Professionals,Wichita State University
2235144,2022-12-14,2099963,Continuing Grant,CyberCorps Scholarship for Service: The Bulldog Cyber Scholarship,Bowie State University
2235183,2022-12-14,4799707,Continuing Grant,CyberCorps Scholarship for Service: A Clinical Rotation Approach to Professional Cybersecurity Workforce Development,Oregon State University
2310179,2023-01-04,154006,Standard Grant,Authentic Learning Modules for DevOps Security Education,Auburn University
2313440,2023-02-06,490747,Standard Grant,Investigating Effective Methods that Adults Use to Improve Children's Math Achievement in Informal Learning Environments: A Meta Analysis,University of Oregon Eugene
2310276,2023-02-17,803244,Continuing Grant,CAREER: Fostering broader participation and thriving in STEM: A comprehensive investigation of faculty mentorship of doctoral students,University of Utah
2309400,2023-02-24,499971,Standard Grant,SaTC: EDU: Advancing Cybersecurity and Privacy of Educational Technologies Used in K-12 schools,North Carolina State University
2319015,2023-03-20,399999,Standard Grant,SaTC: EDU: Digital Safety Immersion for Elementary School Students,North Carolina State University
2317117,2023-03-23,320000,Standard Grant,SaTC: EDU: Collaborative: Bolstering UAV Cybersecurity Education through Curriculum Development with Hands-on Laboratory Framework,University of Maryland Baltimore County
2322915,2023-05-26,63481,Standard Grant,Collaborative Research: Mapping professional support networks of women and gender and sexual minorities in physics,University of Utah
2230609,2023-06-09,300000,Standard Grant,Collaborative Research: SaTC: EDU: Adversarial Malware Analysis - An Artificial Intelligence Driven Hands-On Curriculum for Next Generation Cyber Security Workforce,Tennessee Technological University
2230610,2023-06-09,200000,Standard Grant,Collaborative Research: SaTC: EDU: Adversarial Malware Analysis - An Artificial Intelligence Driven Hands-On Curriculum for Next Generation Cyber Security Workforce,North Carolina Agricultural & Technical State University
2244219,2023-06-12,235255,Standard Grant,Collaborative Research: SaTC: EDU: Fire and ICE: Raising Security Awareness through Experiential Learning Activities for Building Trustworthy Deep Learning-based Applications,"Georgia State University Research Foundation, Inc."
2244220,2023-06-12,220000,Standard Grant,Collaborative Research: SaTC: EDU: Fire and ICE: Raising Security Awareness through Experiential Learning Activities for Building Trustworthy Deep Learning-based Applications,Texas Christian University
2244221,2023-06-12,44734,Standard Grant,Collaborative Research: SaTC: EDU: Fire and ICE: Raising Security Awareness through Experiential Learning Activities for Building Trustworthy Deep Learning-based Applications,Kennesaw State University Research and Service Foundation
2246920,2023-06-12,399978,Standard Grant,SaTC: EDU: Inculcate a culture of preparedness against AI security threats to pervasive robotic systems,Mississippi State University
2228001,2023-06-15,367447,Standard Grant,Collaborative Research: SaTC: EDU: Dual-track Role-based Learning for Cybersecurity Analysts and Engineers for Effective Defense Operation with Data Analytics,Rochester Institute of Tech
2228002,2023-06-15,130557,Standard Grant,Collaborative Research: SaTC: EDU: Dual-track Role-based Learning for Cybersecurity Analysts and Engineers for Effective Defense Operation with Data Analytics,University of Rochester
2244462,2023-06-15,2999976,Standard Grant,NRT-QL: Quantum Photonics interdisciplinary training to Advance Quantum Technologies (QPAQT),University of New Mexico
2234945,2023-06-22,3418604,Continuing Grant,CyberCorps(R): Scholarship for Service (Renewal): An Interdisciplinary Cybersecurity Program with Technical and Managerial Paths,SUNY at Buffalo
2300999,2023-06-22,272956,Standard Grant,Collaborative Research: Uncovering Biology Department Cultural Commitments to Graduate Student Teaching Professional Development,Middle Tennessee State University
2301000,2023-06-22,20022,Standard Grant,Collaborative Research: Uncovering Biology Department Cultural Commitments to Graduate Student Teaching Professional Development,"University of Maryland, College Park"
2301001,2023-06-22,19966,Standard Grant,Collaborative Research: Uncovering Biology Department Cultural Commitments to Graduate Student Teaching Professional Development,University of Tennessee Knoxville
2301002,2023-06-22,18035,Standard Grant,Collaborative Research: Uncovering Biology Department Cultural Commitments to Graduate Student Teaching Professional Development,University of Georgia Research Foundation Inc
2234718,2023-06-23,3550767,Continuing Grant,CyberCorps Scholarship for Service (Renewal): Interdisciplinary Scholarship for Service for the Intermountain West,Idaho State University
2243526,2023-06-23,3000000,Standard Grant,NRT-HDR: Advancing Materials Frontiers with Creativity and Data Science,University of Missouri-Columbia
2244045,2023-06-29,3000000,Standard Grant,NRT-QISE: a new interdisciplinary degree program for convergent research and graduate training in quantum information science and engineering,"OHIO STATE UNIVERSITY, THE"
2330257,2023-06-29,99804,Standard Grant,Conference: NSF Workshop: Expanding Capacity and Diversity in AI Education,University of North Carolina at Charlotte
2243822,2023-07-03,3000000,Standard Grant,"NRT-HDR: Computational Research for Equity in the Legal System"" (CRELS)",University of California-Berkeley
2244074,2023-07-03,2997970,Standard Grant,NRT: Alabama Collaborative for Contemporary Education in Precision Timing (ACCEPT),University of Alabama Tuscaloosa
2244165,2023-07-03,2990135,Standard Grant,"NRT-AI: AI Advancements and Convergence in Computational, Environmental, and Social Sciences (AI-ACCESS)",Washington University
2244342,2023-07-03,3000000,Standard Grant,NRT-AI: Harnessing AI for Inverse Design Training in Advanced and Sustainable Composites (IDeAS Composites),Clemson University
2243979,2023-07-05,3000000,Standard Grant,"NRT-HDR: Interdisciplinary Studies in Entomology, Computer Science and Technology NETwork (INSECT NET)",Pennsylvania State Univ University Park
2244310,2023-07-06,3000000,Standard Grant,NRT-QL: Interdisciplinary Graduate Program in Quantum Materials Science and Engineering,Yale University
2244340,2023-07-06,3000000,Standard Grant,NRT-FW-HTF-HDR: PLATFORMS FOR EXCHANGE AND ALLOCATION OF RESOURCES (PEAR),Northeastern University
2244082,2023-07-07,2999998,Standard Grant,"NRT-FW-HTF: Convergent Next-Generation Robotics Training: Leadership, Entrepreneurship, and Adaptive Design amid a Changing World of Work",Washington State University
2244396,2023-07-07,2995210,Standard Grant,NRT AI: Artificial intelligence for Changing Climate and Environmental SuStainability (ACCESS),Morgan State University
2244117,2023-07-17,2991842,Standard Grant,NRT: Ecosystem science in the face of rapid ocean change: a convergence approach,University of Maine
2244164,2023-07-17,3000000,Standard Grant,NRT-HDR: WaterCube: Big Data Water Science for Sustainability and Equity,Michigan State University
2244162,2023-07-18,2998655,Standard Grant,NRT - Stakeholder Engaged Equitable Decarbonized Energy Futures,Lehigh University
2244337,2023-07-18,3000000,Standard Grant,"NRT-URoL: Chemically-mediated biotic interactions in the age of metabolomics, genomics and enhanced macroecological data","Board of Regents, NSHE, obo University of Nevada, Reno"
2304753,2023-07-18,498507,Standard Grant,SaTC-EDU: Improving computer forensic curricula through hands-on hardware and software training and practical experience processing evidence from active criminal cases,San Jose State University Foundation
2310298,2023-07-18,400000,Standard Grant,SaTC: EDU: Enhancing Cybersecurity Training for Next Generation Healthcare Professionals,Temple University
2334419,2023-07-18,49000,Fellowship Award,Graduate Research Fellowship Program (GRFP),University of Arkansas Medical Sciences Campus
2334420,2023-07-18,49000,Fellowship Award,Graduate Research Fellowship Program (GRFP),The New School
2334429,2023-07-18,49000,Fellowship Award,Graduate Research Fellowship Program (GRFP),Bryn Mawr College
2334433,2023-07-18,49000,Fellowship Award,Graduate Research Fellowship Program (GRFP),University of North Dakota Main Campus
2334436,2023-07-18,49000,Fellowship Award,Graduate Research Fellowship Program (GRFP),"Liberty University, Inc."
2334437,2023-07-18,49000,Fellowship Award,Graduate Research Fellowship Program (GRFP),University of Texas at El Paso
2334593,2023-07-18,49000,Fellowship Award,Graduate Research Fellowship Program (GRFP),Van Andel Research Institute
2244091,2023-07-19,1999947,Continuing Grant,NRT-HDR: using a data analytics framework to merge STEM and entrepreneurial training,Oakland University
2244403,2023-07-24,1999992,Continuing Grant,NRT-HDR: Integrative Training in Data Science-Enabled Sensing of the Environment for Climate Adaptation (DataSENSE),Michigan Technological University
2244523,2023-07-24,2000000,Continuing Grant,NRT-HDR: Transdisciplinary Research and Education for Air and Water Resources Solutions in Coastal Communities,Texas A&M University-Kingsville
2247492,2023-07-24,399797,Standard Grant,SaTC-EDU: Case Analysis for Security Education (CASE),Michigan Technological University
2334422,2023-07-25,49000,Fellowship Award,Graduate Research Fellowship Program (GRFP),Ohio University
2334434,2023-07-25,49000,Fellowship Award,Graduate Research Fellowship Program (GRFP),Texas Christian University
2244574,2023-07-26,3000000,Standard Grant,"NRT-AI: Data in Engineering and Society: Converging Applications, Research, and Training Enhancements for Students",University of Hawaii
2334424,2023-07-26,49000,Fellowship Award,Graduate Research Fellowship Program (GRFP),Medical University of South Carolina
2334435,2023-07-26,49000,Fellowship Award,Graduate Research Fellowship Program (GRFP),Stevens Institute of Technology
2244366,2023-07-27,2999999,Standard Grant,NRT-URoL: A Convergent Training Program on Biological Control,Trustees of Boston University
2234515,2023-07-28,4163084,Continuing Grant,CyberCorps: Scholarship for Service (Renewal): A Continuation Program at Mississippi State University,Mississippi State University
2234868,2023-07-28,4615787,Continuing Grant,CyberCorps Scholarship for Service (Renewal): Cybersecurity meets Artificial Intelligence for preparing the Next Generation of Cybersecurity Professionals,University of Alabama at Birmingham
2234910,2023-07-28,2299652,Continuing Grant,Collaborative Research: CyberCorps Scholarship for Service (Renewal): Strengthening the National Cybersecurity Workforce with Integrated Learning of AI/ML and Cybersecurity,University of Tennessee Chattanooga
2234911,2023-07-28,2863511,Continuing Grant,Collaborative Research: CyberCorps Scholarship for Service (Renewal): Strengthening the National Cybersecurity Workforce with Integrated Learning of AI/ML and Cybersecurity,Tuskegee University
2234922,2023-07-28,3094046,Continuing Grant,CyberCorps Scholarship for Service (Renewal): Expanding the Reach of Cybersecurity Training at Sacramento State,"University Enterprises, Incorporated"
2335624,2023-07-31,30236,Standard Grant,Collaborative Research: EAGER: SaTC-EDU: Secure and Privacy-Preserving Adaptive Artificial Intelligence Curriculum Development for Cybersecurity,Southern Methodist University
2325451,2023-08-01,330000,Standard Grant,Collaborative Research: SaTC: EDU: Creating Windows Advanced Memory Corruption Attack and Defense Teaching Modules,University of Massachusetts Lowell
2325452,2023-08-01,70000,Standard Grant,Collaborative Research: SaTC: EDU: Creating Windows Advanced Memory Corruption Attack and Defense Teaching Modules,The University of Central Florida Board of Trustees
2224509,2023-08-09,1230157,Continuing Grant,Collaborative Research: Building Racial Equity in Marine Science,Hampton University
2224571,2023-08-09,1769671,Continuing Grant,Collaborative Research: Building Racial Equity in Marine Science,BLACK IN MARINE SCIENCE
2321270,2023-08-14,200000,Standard Grant,Collaborative Research: SaTC: EDU: A Comprehensive Training Program of AI for 5G and NextG Wireless Network Security,University of South Florida
2321271,2023-08-14,200000,Standard Grant,Collaborative Research: SaTC: EDU: A Comprehensive Training Program of AI for 5G and NextG Wireless Network Security,University of Oklahoma Norman Campus
2244274,2023-08-16,3000000,Continuing Grant,NRT-QISE: Bridging the Gap Between 2D Quantum Materials and Engineering in STEM Education,University of Arkansas
2335755,2023-08-18,299688,Standard Grant,Education DCL: EAGER: Career Kickstart: High School Pathway to a Thriving Cybersecurity Career,The College Board
2335625,2023-08-21,300000,Standard Grant,Education DCL: EAGER: Teaching Privacy via Stakeholder Modeling,Brown University
2325446,2023-08-22,499985,Standard Grant,IGE: Integrating Data Science into the Applied Mathematics PhD: Generalized Skills for Non-Academic Careers,University of Arizona
2327187,2023-08-22,341260,Standard Grant,Postdoctoral Fellowship: STEMEdIPRF: Pedagogical Content Knowledge for Course-based Undergraduate Research Instruction,University of Georgia
2327348,2023-08-22,332472,Standard Grant,Postdoctoral Fellowship: STEMEdIPRF: Increasing geoscience enrollment and engagement by transforming perceptions of geoscience among students and the general public,University of South Carolina at Columbia
2327451,2023-08-22,273807,Standard Grant,Postdoctoral Fellowship: STEMEdIPRF: Exploring the use of mechanistic reasoning in undergraduate physiology education,Michigan State University
2329523,2023-08-22,1248757,Standard Grant,Field-based Undergraduate Training: Utilizing Research for Equity (FUTURE) in Biology,University of California-Santa Cruz
2329570,2023-08-22,1207522,Standard Grant,A Postdoctoral Fellowship in Systematic Reviews and Meta-Analyses,"Georgia State University Research Foundation, Inc."
2329579,2023-08-22,1202712,Continuing Grant,Postdoctoral Fellows as Leaders in Next-Generation Computer Science Education Research-Practice Partnerships,University of Texas at El Paso
2335748,2023-08-22,204171,Standard Grant,Education DCL: EAGER: Developing Sector-specific Cybersecurity Training Programs: What are the Benefits to Students and Employers?,Research Foundation d/b/a Stella & Charles Community College
2225470,2023-08-23,499620,Standard Grant,SaTC: EDU: Cybersecurity Faculty Development for High School Teachers,Elmhurst University
2325475,2023-08-23,492871,Standard Grant,Interdisciplinary Scientific Immersion Program for entering PhD students,Washington University
2325521,2023-08-23,499956,Standard Grant,TRIAGE: Techniques for Resolving Intragroup Conflict to Advance Graduate Education,Clemson University
2329292,2023-08-23,1249912,Standard Grant,Collaborations in Discipline-Based Education Research to Train Postdoctoral Scholars,North Dakota State University Fargo
2329405,2023-08-23,1249445,Standard Grant,Preparation and Refinement of Postdocs in STEM for Disciplinary-Based Education Research (PROPS for DBER),Middle Tennessee State University
2329497,2023-08-23,1249913,Standard Grant,The RISE Postdoctoral Training Program in Mathematics Education: Inclusive STEM Education rooted in an Integrative Theory of Learning,University of Wisconsin-Madison
2329528,2023-08-23,1249996,Standard Grant,Working Across Boundaries through promoting collaboration and interdisciplinarity in future STEM education scholars,Florida International University
2335046,2023-08-23,300000,Standard Grant,Education DCL: EAGER: Generative AI-based Personalized Cybersecurity Tutor for Fourth Industrial Revolution,University of Arizona
2335633,2023-08-23,262900,Standard Grant,Education DCL: EAGER: Re-imagining the Role of Humans in Security Education,Portland State University
2335700,2023-08-23,299905,Standard Grant,Education DCL: EAGER: Developing Experiential Cybersecurity and Privacy Training for AI Practitioners,Loyola University of Chicago
2335636,2023-08-24,299486,Standard Grant,Education DCL: EAGER: An Embedded Case Study Approach for Broadening Students' Mindset for Ethical and Responsible Cybersecurity,George Mason University
2247788,2023-08-25,1040820,Continuing Grant,Creating Pathways for STEM Higher Education Leadership,University of Massachusetts Amherst
2335681,2023-08-28,299448,Standard Grant,Education DCL: EAGER: Developing a Cyber-Aerial Computing Curriculum for Improving Sky-of-Privacy-Things Education through a Modular-Based Integrated Framework,Texas Tech University
2335751,2023-08-29,299240,Standard Grant,Education DCL: EAGER: Exploring New Pathways into Cybersecurity Careers for Rural English Learners through XR-enabled Educational Methods,Iowa State University
2335788,2023-08-29,299999,Standard Grant,Education DCL: EAGER: Experiential Learning Platform and Curricular Modules for Quantum Computing Security and Privacy Education,Fordham University
2335798,2023-08-29,300000,Standard Grant,Education DCL: EAGER: Advancing Secure Coding Education: Empowering Students to Safely Utilize AI-powered Coding Assistant Tools,University of Tennessee Knoxville
2335812,2023-08-29,116440,Standard Grant,Education DCL: EAGER: Enhancing Cybersecurity Awareness of American Indian Farmers and Food Producers: The Ponca Tribe of Nebraska as a Case Study,University of Nebraska at Omaha
2335369,2023-08-30,300000,Standard Grant,Education DCL: EAGER: Building a Capture-The-Flag Platform for 5G Network Security,SUNY at Binghamton
2335839,2023-08-30,299962,Standard Grant,Education DCL: EAGER: A Gamified Education Platform for Story-driven Educational Hacking Games to Attract Generation Z to Cyber Workforce,University of Colorado at Denver
2301038,2023-09-05,995334,Continuing Grant,Opportunity Matters: Investigating the Impact of the COVID-19 Pandemic on the STEM Career Pipeline,National Opinion Research Center
2302614,2023-09-05,398370,Standard Grant,Collaborative Research: SaTC-EDU: Integrating Cybersecurity in Computing Curricula: A Software PBL-Driven Approach with Focus on Identity and Access Management (IAM),Clarkson University
2302615,2023-09-05,100001,Standard Grant,Collaborative Research: SaTC-EDU: Integrating Cybersecurity in Computing Curricula: A Software PBL-Driven Approach with Focus on Identity and Access Management (IAM),University of Texas at San Antonio
2327263,2023-09-05,363752,Standard Grant,Postdoctoral Fellowship: STEMEdIPRF: Expanding the Inquiry into Undergraduate Engineering Admissions to Broaden Engineering Participation,Cornell University
2327387,2023-09-05,291780,Standard Grant,Postdoctoral Fellowship: STEMEdIPRF: The Longitudinal Development of Students' Cognitive and EpiSTEMological Knowledge about Bonding Models,University of Wisconsin-Madison
2327420,2023-09-05,328427,Standard Grant,Postdoctoral Fellowship: STEMEdIPRF: Advancing Engineering Education in Universities on Labor and Unions,Purdue University
2333949,2023-09-05,119999,Standard Grant,Collaborative Research: Education DCL: EAGER: Harnessing the Power of Large Language Models in Digital Forensics Education at MSI and HBCU,University of Baltimore
2333950,2023-09-05,59982,Standard Grant,Collaborative Research: Education DCL: EAGER: Harnessing the Power of Large Language Models in Digital Forensics Education at MSI and HBCU,Florida Agricultural and Mechanical University
2333951,2023-09-05,120000,Standard Grant,Collaborative Research: Education DCL: EAGER: Harnessing the Power of Large Language Models in Digital Forensics Education at MSI and HBCU,University of Missouri-Kansas City
2334196,2023-09-05,179883,Standard Grant,Collaborative Research: Education DCL: EAGER: Redefining Cybersecurity Education for Criminal Justice Professionals: Bridging the Gap in National Cyber Capabilities,University of Washington
2334197,2023-09-05,120036,Standard Grant,Collaborative Research: Education DCL: EAGER: Redefining Cybersecurity Education for Criminal Justice Professionals: Bridging the Gap in National Cyber Capabilities,North Dakota State University Fargo
2321167,2023-09-07,345553,Standard Grant,"Evaluating the Effect of Alternative Grading Strategies on Goal Orientation, Motivation, Self-Efficacy, and Content Learning",Florida International University
2327257,2023-09-07,328223,Standard Grant,Postdoctoral Fellowship: STEMEdIPRF: Scholars in the Margins: Historically Excluded Postdoctoral Experiences in STEM,University of Rhode Island
2327411,2023-09-07,291780,Standard Grant,Postdoctoral Fellowship: STEMEdIPRF: Towards a Diverse Professoriate: Experiences that Inform Underrepresented Scholars' Perceptions of Value Alignment and Career Decisions,University of Wisconsin-Madison
2335807,2023-09-07,299999,Standard Grant,SaTC-EDU: EAGER: Developing metaverse-native security and privacy curricula for high school students,University of Delaware
2336876,2023-09-07,49000,Fellowship Award,Graduate Research Fellowship Program (GRFP),Florida Gulf Coast University
2312057,2023-09-08,409997,Standard Grant,"Collaborative Research: SaTC: EDU: RoCCeM: Bringing Robotics, Cybersecurity and Computer Science to the Middled School Classroom",Vanderbilt University
2312058,2023-09-08,89975,Standard Grant,"Collaborative Research: SaTC: EDU: RoCCeM: Bringing Robotics, Cybersecurity and Computer Science to the Middled School Classroom",BattelleEd.org
2324924,2023-09-08,212236,Standard Grant,Collaborative Research: SaTC: EDU: QUINTET: Quantum Internet Education and Training Synthesizer,Kennesaw State University Research and Service Foundation
2324925,2023-09-08,185671,Standard Grant,Collaborative Research: SaTC: EDU: QUINTET: Quantum Internet Education and Training Synthesizer,University of Nebraska at Omaha
2327418,2023-09-08,345084,Standard Grant,Postdoctoral Fellowship: STEMEdIPRF: Exploring the use of Artificial Intelligence in Science Communication: Promoting Identity Development and Equitable Student Learning,Louisiana State University
2336877,2023-09-08,186233,Fellowship Award,Graduate Research Fellowship Program (GRFP),Iowa State University
2314915,2023-09-11,1200524,Standard Grant,Collaborative Research: Advancing Collaborations for Equity in Marine and Climate Sciences,George Mason University
2314916,2023-09-11,327270,Standard Grant,Collaborative Research: Advancing Collaborations for Equity in Marine and Climate Sciences,Salem State University
2314917,2023-09-11,375552,Standard Grant,Collaborative Research: Advancing Collaborations for Equity in Marine and Climate Sciences,University of South Carolina at Columbia
2314918,2023-09-11,399997,Standard Grant,Collaborative Research: Advancing Collaborations for Equity in Marine and Climate Sciences,Temple University
2321205,2023-09-11,350000,Standard Grant,Preparing Science Teachers To Engage Multilingual Learners in Scientific Argumentation Through Mixed-Reality Simulations,University of Wisconsin-Madison
2325041,2023-09-11,279997,Standard Grant,Collaborative Research: Scalable Storytelling Interventions to Support Graduate Student Success in STEM,Boise State University
2325042,2023-09-11,219984,Standard Grant,Collaborative Research: Scalable Storytelling Interventions to Support Graduate Student Success in STEM,Utah State University
2325367,2023-09-11,472369,Standard Grant,Applied Graduate STEM Education through an Innovative Hands-On Industrial Work Experience,University of New Mexico
2325444,2023-09-11,496183,Standard Grant,Creating Bold STEM Leaders Through Graduate Entrepreneurial Training,University of Connecticut
2325453,2023-09-11,499973,Standard Grant,Applying Cognitive Theories of Learning to Improve Graduate Training in STEM Communication,University of North Carolina at Charlotte
2325518,2023-09-11,499418,Standard Grant,My PhD: Incorporating Student-Centered Assessments into the core of PhD Training,University of North Carolina at Chapel Hill
2325599,2023-09-11,500000,Standard Grant,A Personalized Learning Model for STEM Graduate Education,University of Pittsburgh
2327319,2023-09-11,192092,Standard Grant,"Postdoctoral Fellowship: STEMEdIPRF: Examining how faculty awareness of systemic barriers and growth mindset influences students' belonging, self-efficacy, and success in STEM",University of Massachusetts Amherst
2327398,2023-09-11,328554,Standard Grant,Leveraging Pedagogical Comparisons in Mathematical Thinking and Learning,University of California-Irvine
2327447,2023-09-11,338170,Standard Grant,"When Teachers ""Aren't There"": Detecting, Evaluating, and Learning from Rote Teaching Across Development",Harvard University
2327465,2023-09-11,348706,Standard Grant,Designing Learning Technology Environments for Middle School Students to Analyze and Interpret Data Visualizations,Clemson University
2327488,2023-09-11,283448,Standard Grant,Postdoctoral Fellowship: STEMEdIPRF: Understanding instructor and student concepts of race to measure the prevalence of race essentialism in biology education,Auburn University
2329538,2023-09-11,1249729,Standard Grant,PROMISE: Postdoctoral Research Opportunities and Mentoring for Inclusive STEM Education,Clemson University
2341588,2023-09-11,147000,Fellowship Award,Graduate Research Fellowship Program (GRFP),University of North Texas
2325659,2023-09-12,499998,Standard Grant,"Evaluating an Innovative, Structured Teaching Assistantship Program: Impacts on Student Success and Career Readiness",Morgan State University
2327483,2023-09-12,318800,Standard Grant,Postdoctoral Fellowship: STEMEdIPRF: Development and Implementation of a Novel Measure of Student Evolution Acceptance,Syracuse University
2325593,2023-09-13,499169,Standard Grant,Social justice training in graduate engineering education through critical civic engagement,Iowa State University
2325694,2023-09-13,500000,Standard Grant,Improving Access and Outcomes for Students in Semiconductors and Solar Energy,Arizona State University
2327314,2023-09-13,332246,Standard Grant,Postdoctoral Fellowship: STEMEdIPRF: Resource Use as a Mediator of Sociodemographic Disparities in Student Success,University of New Hampshire
2328610,2023-09-13,1249277,Continuing Grant,Postdoctoral Training Program to Develop Critical Research Skills,University of Utah
2328692,2023-09-13,1249972,Standard Grant,Preparing the Next Generation of Biology Education Researchers through Interdisciplinary Co-mentorship and Evidence-based Professional Development,University of Georgia Research Foundation Inc
2344670,2023-09-13,147000,Fellowship Award,Graduate Research Fellowship Program (GRFP),San Jose State University Foundation
2329473,2023-09-14,1245879,Standard Grant,STEM Education Organizational Postdoctoral Research Fellowships: Collaborative Research in Informal STEM Learning Environments,New York Hall of Science
2315023,2023-09-15,1095344,Standard Grant,Collaborative Research: Overcoming Isolation and Scholarly Devaluation by Bolstering the Collective Agency of Black Discipline-Based Education Researchers,Virginia Polytechnic Institute and State University
2315024,2023-09-15,378441,Standard Grant,Collaborative Research: Overcoming Isolation and Scholarly Devaluation by Bolstering the Collective Agency of Black Discipline-Based Education Researchers,"OHIO STATE UNIVERSITY, THE"
2329408,2023-09-17,1219397,Continuing Grant,Community Engaged Disciplinary and Educational Researchers in STEM (CEDERS),University of Tennessee Knoxville
2329490,2023-09-18,1242991,Continuing Grant,"Postdoctoral Research Opportunities for Greater Retention, Engagement, Scholarship, and Success (PROGRESS) in Broadening STEM Education",Weber State University
2335969,2023-09-21,1683319,Continuing Grant,"MASTER: Missouri Advanced Security Training, Educa",Missouri University of Science and Technology
2336386,2023-12-18,3803006,Continuing Grant,CyberCorps Scholarship for Service: CyberRamblers Bolster National Security,Loyola University of Chicago
2336409,2023-12-18,3735010,Continuing Grant,CyberCorps Scholarship for Service: Building Research-minded Cyber Leaders,Brigham Young University
2336456,2023-12-18,2624440,Continuing Grant,CyberCorps Scholarship for Service: Building the Next Generation Cybersecurity-Ready Workforce,Florida Atlantic University
2336539,2023-12-18,3113425,Continuing Grant,CyberCorps Scholarship for Service: Empowering the Cybersecurity Workforce with a Focus on Artificial Intelligence,University of Nevada Las Vegas
2336545,2023-12-18,3541722,Continuing Grant,CyberCorps Scholarship for Service: Preparing a Diverse Next-Generation Workforce Through Integrated Cybersecurity and Artificial Intelligence Scholar Experience,Boise State University
2336586,2023-12-18,3435151,Continuing Grant,CyberCorps Scholarship for Service: Defending Cyberspace through Active Learning,University of Delaware
2403963,2024-01-19,1083351,Continuing Grant,CAREER:The Impact of Racialized Experiences on the Career Trajectories of Doctoral and Postdoctoral Underrepresented STEM Students of Color,Johns Hopkins University
2413856,2024-02-20,399681,Continuing Grant,SaTC: EDU: Secure and Private Artificial Intelligence,Old Dominion University Research Foundation
2415022,2024-02-20,383371,Standard Grant,Building Cybersecurity Analytics Capacity in Big Data Era: Developing Hands-on Labs for Integrating Data Science into Cybersecurity Curriculum,Old Dominion University Research Foundation
2413980,2024-03-05,49993,Standard Grant,Conference: Supporting Mentoring in STEM Graduate Education: A Proposal for Virtual Workshops and Supporting Activities,Council of Graduate Schools
2335666,2024-03-14,499999,Standard Grant,SaTC: EDU: AI for Cybersecurity Education via an LLM-enabled Security Knowledge Graph,Arizona State University
2400421,2024-03-14,51820,Standard Grant,Conference: Doctoral Consortium for the 2024 Learning Analytics & Knowledge Conference,Regents of the University of Michigan - Ann Arbor
2409851,2024-03-14,391012,Standard Grant,SaTC: EDU: Developing Ready-to-Use Hands-on Labs with Portable Operating Environments for Digital Forensics Education,Worcester Polytechnic Institute
2332071,2024-04-30,299481,Standard Grant,EAGER: SaTC AI-Cybersecurity: Opening Doors for Cybersecurity & AI: An Interdisciplinary Approach to Engaging Middle School Students,"RETHINK LEARNING, INC."
2411470,2024-04-30,319373,Standard Grant,Postdoctoral Fellowship: STEMEdIPRF: Disability DCL: Negotiating Identities to Persist: Science Identities of Disabled STEM Graduate Students,University of Mississippi
2411661,2024-04-30,350212,Standard Grant,Postdoctoral Fellowship: STEMEdIPRF: Identifying and Developing Graduate Teaching Assistants Pedagogical Understandings,Virginia Commonwealth University
2411746,2024-04-30,318762,Standard Grant,Postdoctoral Fellowship: STEMEdIPRF: When Failure Isn't Fatal: Developing and testing a repository of scientist failures on graduate student mental health,Arizona State University
2421324,2024-04-30,125880,Standard Grant,Authentic Learning Modules for DevOps Security Education,University of West Florida
2336312,2024-05-09,4972033,Continuing Grant,CyberCorps Scholarship for Service (Renewal): SFS for ACES,"University of Maryland, College Park"
2411635,2024-05-09,352772,Standard Grant,Postdoctoral Fellowship: STEMEdIPRF: Investigating Relations between Calculus Instructor Approaches and Engineering Program Expectations across 2-Year and 4-Year Colleges,San Diego State University Foundation
2411777,2024-05-09,330021,Standard Grant,Postdoctoral Fellowship: STEMEdIPRF: Mentor Teachers Challenging Exclusionary forces in Mathematics Classrooms through Mentoring for Critical Math Consciousness,University of Tennessee Knoxville
2412203,2024-05-09,342906,Standard Grant,"Postdoctoral Fellowship: STEMEdIPRF: Looking Beyond Screen Time: Exploring the Relationship Between Diverse Media Experience, Educational Expectations, and Learning in Children",Rutgers University Newark
2411711,2024-05-30,341253,Standard Grant,Postdoctoral Fellowship: STEMEdIPRF: Investigating How Neurodivergent Students Experience Undergraduate Physics,University of Connecticut
2411997,2024-05-30,324000,Standard Grant,Postdoctoral Fellowship: STEMEdIPRF: Investigating the Use of Alternative Grading Systems in Undergraduate STEM Education,Reed College
2336109,2024-05-31,3765723,Continuing Grant,CyberCorps Scholarship for Service (Renewal): The AZSecure Program Empowering Cybersecurity through Artificial Intelligence,University of Arizona
2336252,2024-05-31,6530418,Continuing Grant,CyberCorps Scholarship for Service (Renewal): Cultivating Diverse Cybersecurity Perspectives,Rochester Institute of Tech
2336444,2024-05-31,5393180,Continuing Grant,CyberCorps Scholarship for Service (Renewal): Developing Cybersecurity Professionals with Artificial Intelligence Competencies,Norwich University
2336420,2024-06-04,4501036,Continuing Grant,CyberCorps Scholarship for Service (Renewal): CalPoly Next Generation Cyber Warriors for Big Data Security and Privacy,"Cal Poly Pomona Foundation, Inc."
2336516,2024-06-04,4398324,Continuing Grant,CyberCorps Scholarship for Service (Renewal): Partnership in Securing Cyberspace through Education and Service (PISCES),George Washington University
2336629,2024-06-04,4995772,Continuing Grant,CyberCorps  Scholarship for Service (Renewal): Continuation of the Scholarship for Service Program at the University of Alabama in Huntsville,University of Alabama in Huntsville
2403603,2024-06-04,109772,Standard Grant,SaTc: EDU: Collaborative: An Assessment Driven Approach to Self-Directed Learning in Secure Programming (SecTutor),Worcester Polytechnic Institute
2411565,2024-06-05,305378,Standard Grant,Postdoctoral Fellowship: STEMEdIPRF: Improving science literacy and science communication skills in non-science majors' biology,Middle Tennessee State University
2411619,2024-06-05,384092,Standard Grant,Postdoctoral Fellowship: STEMEdIPRF: Using a first-year seminar and peer mentorship program to foster well-being and academic success in biology undergraduates,Northern Illinois University
2411684,2024-06-05,334155,Standard Grant,Postdoctoral Fellowship: STEMEdIPRF: Building on Culturally Affirming Family Practices to Increase Youth STEM Identity Through Science Talk in the Kitchen,Florida International University
2411712,2024-06-05,299762,Standard Grant,Postdoctoral Fellowship: STEMEdIPRF: Humanizing biology content to enhance undergraduate learning and intent to persist in science,University of Washington
2411736,2024-06-05,347748,Standard Grant,Postdoctoral Fellowship: STEMEdIPRF: Constructing a model and a measure of students' goal orientation in undergraduate chemistry courses,Portland State University
2411805,2024-06-05,323628,Standard Grant,Postdoctoral Fellowship: STEMEdIPRF: Exploring the Nationwide Adoption of Green and Sustainable Chemistry and Its Impact on Rural Student Perception of Organic Chemistry Courses,North Dakota State University Fargo
2433800,2024-06-17,279844,Standard Grant,Collaborative Research: SaTC: EDU: Authentic Learning of Machine Learning in Cybersecurity with Portable Hands-on Labware,University of West Florida
2329704,2024-06-25,450000,Standard Grant,Collaborative Research: SaTC: EDU: Enhancing IoT Software and System Security Education with Student-centered Pedagogy and Next Generation Capture-the-Flag Platform,SUNY at Buffalo
2329705,2024-06-25,50000,Standard Grant,Collaborative Research: SaTC: EDU: Enhancing IoT Software and System Security Education with Student-centered Pedagogy and Next Generation Capture-the-Flag Platform,North Carolina Agricultural & Technical State University
2336564,2024-06-25,4874905,Continuing Grant,CyberCorps Scholarship for Service (Renewal): Securing the Future: Scholarship for Service at Northeastern University,Northeastern University
2436430,2024-07-09,107709,Standard Grant,Reviewer Zero: Changing the Culture of Peer Review,University of California-Berkeley
2345083,2024-07-22,2991573,Standard Grant,NRT-AI: Responsive and Resilient AI for Autonomous Systems Engineering (RAISE),University of New Mexico
2345579,2024-07-22,3000000,Standard Grant,NRT-AI: An Innovative Approach to AI for Sustainability Science & Engineering to Foster Decarbonization of Energy & Agri-Food Systems through Convergence in STEM Graduate Training,Cornell University
2345686,2024-07-22,2993166,Standard Grant,NRT-URoL: Emergent Intelligence Research for Graduate Excellence in Biological and Bio-Inspired Systems (EmIRGE-Bio),Syracuse University
2346054,2024-07-22,2999549,Standard Grant,NRT-HDR: CAMBIUM - Climate change Adaptation and Mitigation through Biodiversity Informatics edUcation and Mentoring,University of Arizona
2346055,2024-07-22,3000000,Standard Grant,NRT: Team Science for Integrated Biomedical Engineering and Social Science Training (BEST),University of California-Irvine
2347019,2024-07-22,3000000,Standard Grant,"NRT:  Science, Technology, Engineering, Program for Upward Partnership (STEP-UP) for Advancing Microelectronics Education and Training",University of South Florida
2439026,2024-07-23,478514,Fellowship Award,Graduate Research Fellowship Program (GRFP),University of Colorado at Denver
2345874,2024-07-29,3000000,Standard Grant,NRT-AI: Enabling AI on the Fly,Texas A&M University
2345993,2024-07-29,1994481,Standard Grant,NRT: Community Resilience to Cascading Impacts of Extreme Events and Geohazards Across Scales Through Engaged Scholarship and Learning,Portland State University
2346058,2024-07-29,2940542,Standard Grant,NRT-AI: Integrating Artificial Intelligence and Operations Research Technologies (Track 1),University of Southern California
2429590,2024-07-29,365905,Standard Grant,Collaborative Research: IGE: Track1: Caselet: Deliberate Practice with Scalable Case-based Learning to Enhance Data Science Problem Solving Competency,University of Maryland Baltimore County
2429591,2024-07-29,134000,Standard Grant,Collaborative Research: IGE: Track1: Caselet: Deliberate Practice with Scalable Case-based Learning to Enhance Data Science Problem Solving Competency,The University of Central Florida Board of Trustees
2429832,2024-07-29,442070,Standard Grant,IGE Track 1: Integrating Artificial Intelligence Technologies into Mining Education,University of Kentucky Research Foundation
2429967,2024-07-29,436302,Standard Grant,IGE: Track 1: Overcoming Geographic Isolation with Research Communities,University of Hawaii
2430431,2024-07-29,1249992,Standard Grant,Training Holistic Research Innovators Via Education Postdoctoral Fellowships in STEM (THRIVE-STEM),Rowan University
2439855,2024-08-02,106000,Fellowship Award,Graduate Research Fellowship Program (GRFP),University of North Carolina at Wilmington
2336598,2024-08-05,4060422,Continuing Grant,CyberCorps Scholarship for Service (Renewal): SFS@LaTech: Cyber Engineers & Scientists for our Future,Louisiana Tech University
2345719,2024-08-05,3000000,Standard Grant,NRT-HDR: Data-Driven Discovery and Engineering from Atoms to Processes (3DEAP),University of Minnesota-Twin Cities
2345739,2024-08-05,2992878,Standard Grant,"NRT: Design for Equity in Policies, Products, Processes, Places and Pedagogy for People: A transdisciplinary approach to graduate research training",University of Texas at El Paso
2345953,2024-08-05,3000000,Standard Grant,NRT: Chips for All: Empowering Researchers from Diverse Disciplines to Design Hardware,New York University
2345983,2024-08-05,2999999,Standard Grant,NRT: Convergent Graduate Research Training for CMOS+X Semiconductor Technologies,Rochester Institute of Tech
2346004,2024-08-05,2475715,Standard Grant,Collaborative Research: NRT-Al: AI-driven next-generation semiconductor materials and devices,Johns Hopkins University
2346005,2024-08-05,523514,Standard Grant,Collaborative Research: NRT-Al: AI-driven next-generation semiconductor materials and devices,Morgan State University
2346010,2024-08-05,3000000,Standard Grant,NRT: CLIMATE-CARE: Climate Action and Resilience for Extreme Urban Heat,University of Pennsylvania
2401831,2024-08-05,516302,Standard Grant,Excellence in Research: Establishing a Research Framework to Foster Digital Capital Among Adolescents for Safe and Secure Online Habitus,Norfolk State University
2411941,2024-08-05,4500000,Continuing Grant,Center For Equity in Faculty Advancement: Identifying and Eliminating Systemic Barriers in Promotion and Tenure Processes,University of California - Merced
2413048,2024-08-05,186000,Standard Grant,Collaborative Research: SaTC: EDU: A Socially-Distant Cloud-Based Hardware Security Educational Platform,University of Texas at Dallas
2413049,2024-08-05,213100,Standard Grant,Collaborative Research: SaTC: EDU: A Socially-Distant Cloud-Based Hardware Security Educational Platform,North Carolina State University
2414365,2024-08-05,146000,Standard Grant,Collaborative Research: SaTC: EDU: Education on Securing AI System under Adversarial Machine Learning Attacks,Temple University
2414366,2024-08-05,127000,Standard Grant,Collaborative Research: SaTC: EDU: Education on Securing AI System under Adversarial Machine Learning Attacks,New Jersey Institute of Technology
2414367,2024-08-05,127000,Standard Grant,Collaborative Research: SaTC: EDU: Education on Securing AI System under Adversarial Machine Learning Attacks,Rutgers University New Brunswick
2414406,2024-08-05,210000,Standard Grant,"Collaborative Research: SaTC: EDU: A Lab-based Curriculum for Watermarking AI-Generated Content: Theory, Algorithms, and Robustness Testing",Duke University
2414407,2024-08-05,190000,Standard Grant,"Collaborative Research: SaTC: EDU: A Lab-based Curriculum for Watermarking AI-Generated Content: Theory, Algorithms, and Robustness Testing",Pennsylvania State Univ University Park
2415749,2024-08-05,497905,Standard Grant,SaTC: EDU: Designing Next Generation Training Using VR for Microelectronics Physical Assurance (VR MiPA),University of Florida
2429128,2024-08-05,995095,Standard Grant,IGE: Track 2: Comparing rotations and direct admissions pathways to graduate education in the sciences: an assessment of policy and practice,University of Minnesota-Twin Cities
2429326,2024-08-05,496914,Standard Grant,IGE Track 1: Place-Based Experiential Learning to Support Interdisciplinary STEM Graduate Degrees,Boise State University
2429370,2024-08-05,1000000,Standard Grant,IGE Track 2: Graduate Communities for Academic Fellowship & Efficacy (Grad CAFE): A Holistic Multi-tiered Mentoring Model,University of Arizona
2429373,2024-08-05,500000,Standard Grant,IGE (Track 1): Preparing STEM Graduate Students for Inclusive Leadership,University of Massachusetts Amherst
2429533,2024-08-05,499992,Standard Grant,IGE: Track 1: Empowering Tomorrow's Scholars: A Comprehensive Training Initiative for Graduate Students in Scientific Peer Review,University of California-Berkeley
2429624,2024-08-05,999985,Standard Grant,IGE: Track 2: Mobilizing Community Cultural Wealth to Transform STEM Graduate Education,University of California-Santa Cruz
2429657,2024-08-05,742253,Standard Grant,Collaborative Research: IGE: Track 2: SciComm LIFT: Leveraging Institutional capacity for eFfective graduate student Training,University of Wyoming
2429658,2024-08-05,73362,Standard Grant,Collaborative Research: IGE: Track 2: SciComm LIFT: Leveraging Institutional capacity for eFfective graduate student Training,American University
2429659,2024-08-05,89783,Standard Grant,Collaborative Research: IGE: Track 2: SciComm LIFT: Leveraging Institutional capacity for eFfective graduate student Training,University of Denver
2429660,2024-08-05,94602,Standard Grant,Collaborative Research: IGE: Track 2: SciComm LIFT: Leveraging Institutional capacity for eFfective graduate student Training,Colorado State University
2429717,2024-08-05,999864,Standard Grant,IGE: Track 2: Cultivating an Indigenous Graduate Research Environment to Enhance Retention and Scientific Careers,University of Wisconsin-Madison
2429719,2024-08-05,1000000,Standard Grant,IGE: Track 2: EDU EPSCoR DCL: EMPOWERS: Elevating Mentoring Practices for Optimal Work-life balance in Education and Research in STEM Graduate Studies,Clemson University
2429880,2024-08-05,999699,Standard Grant,Scaling a Systems Approach to Inclusive Graduate Research Environments: A Track 2 Proposal to NSF's Innovations in Graduate Education (IGE) Program,Council of Graduate Schools
2429934,2024-08-05,498498,Standard Grant,IGE: Track 1: Science to Policy: Operationalizing Knowledge from Education to Society (SPOKES),University of California-Riverside
2429971,2024-08-05,954032,Standard Grant,IGE: Track 2: The California State University Wellbeing Alliance for Research Masters (CSU WARM),California State University-Stanislaus
2430462,2024-08-05,1249664,Standard Grant,Access and Accessibility in STEM: An Organizational Route to Tenure Line Faculty Positions,Utah State University
2430463,2024-08-05,1227108,Standard Grant,Authentic Community-Engaged Scholarship in STEM Education Postdoc Training Program,University of Houston
2430496,2024-08-05,1250000,Standard Grant,NSF STEM Ed OPRF: The Cornell Interdisciplinary Education Research Postdoctoral Cohort,Cornell University
2430498,2024-08-05,1208862,Standard Grant,"Communication, Collaboration, Coordination: Preparing Postdoctoral Fellows to be Embedded in Engineering Disciplines",University of Nebraska-Lincoln
2430520,2024-08-05,1246137,Standard Grant,Teaching and Inclusion for Disability Equity in STEM: Postdoctoral Mentoring and Professional Development for Diverse Learning Environments,University of Maine
2430522,2024-08-05,1245903,Standard Grant,The Berkeley Data Science Education Fellowship: Exploring Ethical and Inclusive Approaches to Data Science in a Shifting Landscape,University of California-Berkeley
2439166,2024-08-07,688454,Standard Grant,Investigating Community College to PhD: Developing Graduate Aspirations Among Upward Transfer Students in Computing and Technology,University of Georgia Research Foundation Inc
2345860,2024-08-08,3000000,Standard Grant,NRT-FW-HTF: NSF Traineeship in the Sustainable Development of Smart Medical Devices,Georgia Tech Research Corporation
2345976,2024-08-08,2923854,Continuing Grant,"NRT-QISE: Quantum Science, Technology and Applied Research at Florida International University (Q-STAR)",Florida International University
2346001,2024-08-08,3000000,Continuing Grant,"NRT-GCR, AI: Immersive Research Traineeship in the Convergence of Artificial Intelligence, Energy and Cyber Security",Tennessee Technological University
2346053,2024-08-08,2999987,Standard Grant,Bioindustrial Engineering for Sustainable Tomorrow (BEST),University of California-Davis
2350036,2024-08-08,500000,Standard Grant,SaTC: EDU: Investigating the Role of Storytelling Visualization in Privacy Education,Arizona State University
2350165,2024-08-08,499828,Standard Grant,SaTC: EDU: Learning Threat Perception through Build-Break-Fix Assignments,University of Wisconsin-Madison
2429155,2024-08-08,499624,Standard Grant,IGE Track 1: Assessing and improving real-world problem-solving skills in graduate physics coursework,Auburn University
2429605,2024-08-08,789218,Standard Grant,IGE: Track 2: Transforming Graduate STEM Education:  A Study of a Data Science and AI Credential for STEM Doctoral Students,University of Chicago
2244216,2024-08-12,2999999,Continuing Grant,NRT: ENERGIZE – Interdisciplinary graduate program integrating data science in energy materials research,Trustees of Boston University
2411987,2024-08-12,2993321,Continuing Grant,"Positioning Engineering Faculty to Support Black Engineering Graduate Students through Awareness, Knowledge, Capacity Building, and Community",Arizona State University
2411988,2024-08-12,2000024,Continuing Grant,"Positioning Engineering Faculty to Support Black Engineering Graduate Students through Awareness, Knowledge, Capacity Building, and Community",George Mason University
2445100,2024-08-12,53000,Fellowship Award,Graduate Research Fellowship Program (GRFP),Alabama A&M University
2437829,2024-08-13,159000,Fellowship Award,Graduate Research Fellowship Program (GRFP),Baylor University
2437840,2024-08-13,159000,Fellowship Award,Graduate Research Fellowship Program (GRFP),East Carolina University
2437844,2024-08-13,204123,Fellowship Award,Graduate Research Fellowship Program (GRFP),Florida State University
2437845,2024-08-13,106000,Fellowship Award,Graduate Research Fellowship Program (GRFP),Marquette University
2437850,2024-08-13,53000,Fellowship Award,Graduate Research Fellowship Program (GRFP),Catholic University of America
2437851,2024-08-13,53000,Fellowship Award,Graduate Research Fellowship Program (GRFP),ROSALIND FRANKLIN UNIVERSITY OF MEDICINE AND SCIENCE
2437852,2024-08-13,53000,Fellowship Award,Graduate Research Fellowship Program (GRFP),Sonoma State University
2439543,2024-08-13,159000,Fellowship Award,Graduate Research Fellowship Program (GRFP),American Museum Natural History
2439554,2024-08-13,272000,Fellowship Award,Graduate Research Fellowship Program (GRFP),Boise State University
2439583,2024-08-13,212000,Fellowship Award,Graduate Research Fellowship Program (GRFP),Miami University
2439595,2024-08-13,53000,Fellowship Award,Graduate Research Fellowship Program (GRFP),Tennessee Technological University
2439843,2024-08-13,159000,Fellowship Award,Graduate Research Fellowship Program (GRFP),University of Denver
2439844,2024-08-13,211000,Fellowship Award,Graduate Research Fellowship Program (GRFP),University of Iowa
2345863,2024-08-14,2999566,Standard Grant,NRT-AI: Graduate Training in Translational Convergent Research - Harnessing AI and Data Science for Sustainable Agriculture (GRAD-AID for Ag),North Carolina State University
2346014,2024-08-14,3000000,Standard Grant,NRT-QISE: Broad Research in Interdisciplinary Development for Groundbreaking Engineering in Cavity Quantum Electrodynamics,William Marsh Rice University
2346016,2024-08-14,1500000,Continuing Grant,Collaborative Research: NRT: Next Generation Technology and Talent Driven by Environmental Sustainability,Purdue University
2346017,2024-08-14,1500000,Continuing Grant,Collaborative Research: NRT: Next Generation Technology and Talent Driven by Environmental Sustainability,North Carolina Agricultural & Technical State University
2428595,2024-08-14,399999,Standard Grant,SaTC: EDU: Augmenting Cybersecurity Education in Mobile Health (mHealth) Through Curriculum and Experimental Platform Development,Yeshiva University
2430519,2024-08-14,1246608,Standard Grant,George Mason University Quantum Education Research Postdoctoral Fellowship,George Mason University
2437827,2024-08-14,612000,Fellowship Award,Graduate Research Fellowship Program (GRFP),Auburn University
2437833,2024-08-14,422000,Fellowship Award,Graduate Research Fellowship Program (GRFP),Case Western Reserve University
2437834,2024-08-14,53000,Fellowship Award,Graduate Research Fellowship Program (GRFP),Clark University
2437839,2024-08-14,5044932,Fellowship Award,Graduate Research Fellowship Program (GRFP),Columbia University
2439020,2024-08-14,159000,Fellowship Award,Graduate Research Fellowship Program (GRFP),Portland State University
2439023,2024-08-14,225933,Fellowship Award,Graduate Research Fellowship Program (GRFP),Rowan University
2439024,2024-08-14,3107253,Fellowship Award,Graduate Research Fellowship Program (GRFP),University of California-Davis
2439032,2024-08-14,505800,Fellowship Award,Graduate Research Fellowship Program (GRFP),Temple University
2439551,2024-08-14,521520,Fellowship Award,Graduate Research Fellowship Program (GRFP),"Board of Regents, NSHE, obo University of Nevada, Reno"
2439559,2024-08-14,2373800,Fellowship Award,Graduate Research Fellowship Program (GRFP),Brown University
2439564,2024-08-14,1260314,Fellowship Award,Graduate Research Fellowship Program (GRFP),Emory University
2439577,2024-08-14,159000,Fellowship Award,Graduate Research Fellowship Program (GRFP),CAL POLY HUMBOLDT SPONSORED PROGRAMS FOUNDATION
2439601,2024-08-14,53000,Fellowship Award,Graduate Research Fellowship Program (GRFP),San Francisco State University
2439608,2024-08-14,546800,Fellowship Award,Graduate Research Fellowship Program (GRFP),Rockefeller University
2439612,2024-08-14,453040,Fellowship Award,Graduate Research Fellowship Program (GRFP),Northern Arizona University
2439625,2024-08-14,371000,Fellowship Award,Graduate Research Fellowship Program (GRFP),Montana State University
2439841,2024-08-14,4882666,Fellowship Award,Graduate Research Fellowship Program (GRFP),University of Colorado at Boulder
2439845,2024-08-14,570040,Fellowship Award,Graduate Research Fellowship Program (GRFP),University of Kansas Center for Research Inc
2439846,2024-08-14,712840,Fellowship Award,Graduate Research Fellowship Program (GRFP),University of Massachusetts Amherst
2439850,2024-08-14,600227,Fellowship Award,Graduate Research Fellowship Program (GRFP),University of Miami
2439854,2024-08-14,927909,Fellowship Award,Graduate Research Fellowship Program (GRFP),University of North Carolina at Chapel Hill
2439857,2024-08-14,212000,Fellowship Award,Graduate Research Fellowship Program (GRFP),University of North Carolina Greensboro
2439858,2024-08-14,495144,Fellowship Award,Graduate Research Fellowship Program (GRFP),University of Oklahoma Norman Campus
2439859,2024-08-14,513918,Fellowship Award,Graduate Research Fellowship Program (GRFP),University of Rochester
2439861,2024-08-14,764167,Fellowship Award,Graduate Research Fellowship Program (GRFP),University of Tennessee Knoxville
2439862,2024-08-14,565280,Fellowship Award,Graduate Research Fellowship Program (GRFP),University of Texas Southwestern Medical Center
2444105,2024-08-14,152000,Fellowship Award,Graduate Research Fellowship Program (GRFP),CSU Fullerton Auxiliary Services Corporation
2444107,2024-08-14,6437410,Fellowship Award,Graduate Research Fellowship Program (GRFP),Princeton University
2444108,2024-08-14,1368166,Fellowship Award,Graduate Research Fellowship Program (GRFP),Purdue University
2444110,2024-08-14,5317576,Fellowship Award,Graduate Research Fellowship Program (GRFP),University of California-Los Angeles
2444111,2024-08-14,1287999,Fellowship Award,Graduate Research Fellowship Program (GRFP),University of Delaware
2444112,2024-08-14,3331292,Fellowship Award,Graduate Research Fellowship Program (GRFP),Vanderbilt University
2439025,2024-08-15,212000,Fellowship Award,Graduate Research Fellowship Program (GRFP),University of Cincinnati Main Campus
2439028,2024-08-15,53000,Fellowship Award,Graduate Research Fellowship Program (GRFP),Wake Forest University
2439031,2024-08-15,318000,Fellowship Award,Graduate Research Fellowship Program (GRFP),Worcester Polytechnic Institute
2439598,2024-08-15,184417,Fellowship Award,Graduate Research Fellowship Program (GRFP),Southern Methodist University
2439611,2024-08-15,202750,Fellowship Award,Graduate Research Fellowship Program (GRFP),Oregon Health & Science University
2439621,2024-08-15,185250,Fellowship Award,Graduate Research Fellowship Program (GRFP),New York University Medical Center
2439840,2024-08-15,53000,Fellowship Award,Graduate Research Fellowship Program (GRFP),University of Alabama Tuscaloosa
2439851,2024-08-15,105538,Fellowship Award,Graduate Research Fellowship Program (GRFP),University of Nebraska-Lincoln
2439853,2024-08-15,616950,Fellowship Award,Graduate Research Fellowship Program (GRFP),University of New Mexico
2439860,2024-08-15,411166,Fellowship Award,Graduate Research Fellowship Program (GRFP),University of South Carolina at Columbia
2444106,2024-08-15,318000,Fellowship Award,Graduate Research Fellowship Program (GRFP),"Georgia State University Research Foundation, Inc."
2437847,2024-08-16,159000,Fellowship Award,Graduate Research Fellowship Program (GRFP),Michigan Technological University
2439847,2024-08-16,53000,Fellowship Award,Graduate Research Fellowship Program (GRFP),"University of Massachusetts, Dartmouth"
2439848,2024-08-16,159000,Fellowship Award,Graduate Research Fellowship Program (GRFP),University of Memphis
2439852,2024-08-16,97500,Fellowship Award,Graduate Research Fellowship Program (GRFP),University of Nevada Las Vegas
2444104,2024-08-16,53000,Fellowship Award,Graduate Research Fellowship Program (GRFP),Central Washington University
2444504,2024-08-16,212000,Fellowship Award,Graduate Research Fellowship Program (GRFP),College of William and Mary
2439563,2024-08-20,186760,Fellowship Award,Graduate Research Fellowship Program (GRFP),Drexel University
2439568,2024-08-20,265000,Fellowship Award,Graduate Research Fellowship Program (GRFP),Georgetown University
2439588,2024-08-20,53000,Fellowship Award,Graduate Research Fellowship Program (GRFP),"The University Corporation, Northridge"
2444527,2024-08-20,159000,Fellowship Award,Graduate Research Fellowship Program (GRFP),Cold Spring Harbor Laboratory
2444847,2024-08-20,106000,Fellowship Award,Graduate Research Fellowship Program (GRFP),Gallaudet University
2444956,2024-08-20,53000,Fellowship Award,Graduate Research Fellowship Program (GRFP),University of North Texas Health Science Center at Fort Worth
2444957,2024-08-20,53000,Fellowship Award,Graduate Research Fellowship Program (GRFP),Western Michigan University
2439567,2024-08-21,277610,Fellowship Award,Graduate Research Fellowship Program (GRFP),Florida International University
2437848,2024-08-23,53000,Fellowship Award,Graduate Research Fellowship Program (GRFP),Albert Einstein College of Medicine
2439018,2024-08-23,1237277,Fellowship Award,Graduate Research Fellowship Program (GRFP),Northeastern University
2444109,2024-08-23,159000,Fellowship Award,Graduate Research Fellowship Program (GRFP),SUNY College of Environmental Science and Forestry
2445056,2024-08-23,106000,Fellowship Award,Graduate Research Fellowship Program (GRFP),Embry-Riddle Aeronautical University
2445102,2024-08-23,53000,Fellowship Award,Graduate Research Fellowship Program (GRFP),"The University of Tennessee, Memphis - The Health Science Center"
2445125,2024-08-23,53000,Fellowship Award,Graduate Research Fellowship Program (GRFP),Texas A&M University Corpus Christi
2445127,2024-08-23,53000,Fellowship Award,Graduate Research Fellowship Program (GRFP),University of Maryland Center for Environmental Sciences
2447872,2024-08-23,53000,Fellowship Award,Graduate Research Fellowship Program (GRFP),North Carolina Central University
2447881,2024-08-29,106000,Fellowship Award,Graduate Research Fellowship Program (GRFP),University of Nebraska at Omaha
2445150,2024-09-03,3803697,Fellowship Award,Graduate Research Fellowship Program (GRFP),University of California-San Francisco
2447878,2024-09-03,53000,Fellowship Award,Graduate Research Fellowship Program (GRFP),University of Alabama at Birmingham
2447973,2024-09-03,53000,Fellowship Award,Graduate Research Fellowship Program (GRFP),Loyola University of Chicago
2436733,2024-09-06,3729000,Continuing Grant,CyberCorps Scholarship for Service: Building the Next Generation Cybersecurity Engineering Workforce,Purdue University
2411882,2024-09-10,954434,Continuing Grant,Collaborative Research: Developing a Culturally Responsive Community of Practice to Build Equitable Pathways to Graduate STEM Education,Bowie State University
2411883,2024-09-10,855720,Continuing Grant,Collaborative Research: Developing a Culturally Responsive Community of Practice to Build Equitable Pathways to Graduate STEM Education,"University of Maryland, College Park"
2411884,2024-09-10,465621,Continuing Grant,Collaborative Research: Developing a Culturally Responsive Community of Practice to Build Equitable Pathways to Graduate STEM Education,University of Maryland Eastern Shore
2447716,2024-09-19,289971,Continuing Grant,Preparing for the Future of the STEM Teacher Workforce in the 21st Century: Leveraging Multi-contextual Evidence,University of Missouri-Columbia
2437849,2024-09-20,53000,Fellowship Award,Graduate Research Fellowship Program (GRFP),CAPITOL TECHNOLOGY UNIVERSITY
2447489,2024-09-23,204171,Standard Grant,Education DCL: EAGER: Developing Sector-specific Cybersecurity Training Programs: What are the Benefits to Students and Employers?,Research Foundation of the City University of New York
2502341,2024-11-18,367447,Standard Grant,Collaborative Research: SaTC: EDU: Dual-track Role-based Learning for Cybersecurity Analysts and Engineers for Effective Defense Operation with Data Analytics,Gonzaga University
2505723,2024-12-03,201972,Continuing Grant,Preparing for the Future of the STEM Teacher Workforce in the 21st Century: Leveraging Multi-contextual Evidence,Lehigh University
2506156,2024-12-03,53000,Fellowship Award,Graduate Research Fellowship Program (GRFP),University of South Alabama
2513110,2024-12-16,398370,Standard Grant,Collaborative Research: SaTC-EDU: Integrating Cybersecurity in Computing Curricula: A Software PBL-Driven Approach with Focus on Identity and Access Management (IAM),Rochester Institute of Tech
2336490,2024-12-20,3575647,Continuing Grant,CyberCorps Scholarship for Service: Developing the Next-generation Cyber Workforce,Washington State University
2336531,2024-12-20,3553132,Continuing Grant,CyberCorps® Scholarship for Service: The New Buckeye Scholarship for Service Program,"OHIO STATE UNIVERSITY, THE"
2438599,2024-12-20,3952971,Continuing Grant,CyberCorps Scholarship for Service: EAGLE: Empowering American Government Leadership in Cybersecurity through Education,George Mason University
2438663,2024-12-20,3747265,Continuing Grant,CyberCorps Scholarship for Service: Training Iowa’s Cyber Talents to Protect the Nation’s Critical Infrastructure,Iowa State University
2512870,2024-12-23,220000,Standard Grant,Collaborative Research: SaTC: EDU: Fire and ICE: Raising Security Awareness through Experiential Learning Activities for Building Trustworthy Deep Learning-based Applications,Miami University
2501504,2025-06-26,99867,Standard Grant,Conference: UIDP Joint Funded PhD Program Workshop,University Industry Demonstration Partnership
2452362,2025-07-14,636000,Standard Grant,EPSCoR Graduate Fellowship Program (EGFP): Polymer Research,University of Southern Mississippi
2500061,2025-07-14,1431000,Standard Grant,EPSCoR Graduate Fellowship Program (EGFP): Idaho WildFIRE QUEST,Regents of the University of Idaho
2500066,2025-07-14,1590000,Standard Grant,EPSCoR Graduate Fellowship Program (EGFP): Accelerating Resilience Innovation: An Interdisciplinary Training Program for EGFP Fellows,University of New Mexico
2500163,2025-07-14,2067000,Standard Grant,EPSCoR Graduate Fellowship Program (EGFP): Training the next generation of scientific and workforce leaders to enhance interdisciplinary research,West Virginia University Research Corporation
2500168,2025-07-14,1908000,Standard Grant,EPSCoR Graduate Fellowship Program (EGFP): Big Sky Fellows: EGFP at Montana State University,Montana State University
2500269,2025-07-14,1272000,Standard Grant,EPSCoR Graduate Fellowship Program (EGFP): Graduate Leaders in Engineering and Advanced Manufacturing (GLEAM): Enhancing Iowa's Manufacturing Capacity,University of Iowa
2500329,2025-07-14,1908000,Standard Grant,"EPSCoR Graduate Fellowship Program (EGFP): Enhancing Development of Innovative Materials for Agriculture, Human Health, and Quantum Science",South Dakota School of Mines and Technology
2500333,2025-07-14,1590000,Standard Grant,EPSCoR Graduate Fellowship Program (EGFP): Iowa State University - Training the next Generation of Biologists to Drive Basic Discovery and Build the Bioeconomy,Iowa State University
2500349,2025-07-14,954000,Standard Grant,EPSCoR Graduate Fellowship Program (EGFP): Workforce training to understand Earth's reservoirs and the energy transition,New Mexico Institute of Mining and Technology
2500378,2025-07-14,2385000,Standard Grant,EPSCoR Graduate Fellowship Program (EGFP): Graduate Experiences for Future Leaders: Building Workforce Capacity in Resource Management and Mining,University of Nevada Las Vegas
2500380,2025-07-14,1431000,Standard Grant,EPSCoR Graduate Fellowship Program (EGFP): EGFP for K-State Math,Kansas State University
2500403,2025-07-14,1590000,Standard Grant,EPSCoR Graduate Fellowship Program (EGFP): WIdening the Nation's STEM Workforce INside Louisiana: WIN-WIN,Louisiana State University
2500438,2025-07-14,2385000,Standard Grant,EPSCoR Graduate Fellowship Program (EGFP): STEM PhD Production at the University of Alabama in Huntsville,University of Alabama in Huntsville
2500475,2025-07-14,1908000,Standard Grant,EPSCoR Graduate Fellowship Program (EGFP): Enhancing Marine Ecosystem Research and Graduate Education in Alaska (EMERGE_Alaska),University of Alaska Fairbanks Campus
2500486,2025-07-14,1590000,Standard Grant,EPSCoR Graduate Fellowship Program (EGFP): STEM Workforce Development in Materials Research,University of Alabama Tuscaloosa
2500523,2025-07-14,954000,Standard Grant,EPSCoR Graduate Fellowship Program (EGFP): Idaho Student Excellence in Education and Research (I-SEER),Idaho State University
2523436,2025-07-15,450000,Standard Grant,Collaborative Research: SaTC: EDU: Enhancing IoT Software and System Security Education with Student-centered Pedagogy and Next Generation Capture-the-Flag Platform,Northeastern University
2526400,2025-07-21,350000,Standard Grant,BCSER: Generative AI as a STEM Learning Partner: Supporting Deep and Self-Regulated Learning in Chemistry,University of Utah
2526873,2025-07-21,349999,Standard Grant,BCSER: Building Material Impact-Aware Civil Engineers: Virtual Reality as a STEM Education Tool,West Virginia University Research Corporation
2514209,2025-07-31,360116,Standard Grant,Postdoctoral Fellowship: STEMEdIPRF: Real-World Learning in Engineering: Case Studies of University Partnerships with Wastewater Treatment Facilities,Cornell University
2514340,2025-07-31,340192,Standard Grant,Postdoctoral Fellowship: STEMEdIPRF: Advancing Accessibility in Biology Fieldwork Through Participatory Design,University of Texas at Austin
2514349,2025-07-31,303700,Standard Grant,Postdoctoral Fellowship: STEMEdIPRF: From Learners to Leaders: Building Teamwork Skills in Physics Education for Teachers,Western Washington University
2440301,2025-08-01,4494712,Standard Grant,NRT-IPP: Preparing Future Bioengineers for Careers in Biotechnology and Biomanufacturing through Hands-on Training and Industry Partnerships,Wentworth Institute of Tech
2440601,2025-08-01,4498537,Standard Grant,NRT-IPP: Universal AI,Gallaudet University
2440647,2025-08-01,4500000,Standard Grant,"NRT-IPP: Smart Construction, Infrastructure, and Buildings through Education, Research, and Cutting-edge Technology",San Diego State University Foundation
2508672,2025-08-01,3000000,Standard Grant,NRT: Data science-driven sustainability-centered advanced materials processing,Pennsylvania State Univ University Park
2509107,2025-08-01,2998747,Standard Grant,NRT: Strengthening Healthcare Innovation through Nurse-Engineer Education,University of Massachusetts Amherst
2509533,2025-08-01,3000000,Standard Grant,NRT: Convergent Graduate Training Program on Coastal Resilience,University of Miami
2509828,2025-08-01,1999723,Standard Grant,NRT: Building Responsible AI Researchers: Advancing Research and Innovation at the Intersection of AI and Human Actors,Boise State University
2510164,2025-08-01,3000000,Standard Grant,NRT: Smart Agriculture Energy Innovation Network: Building the Workforce for Sustainable Rural Energy Communities,Mississippi State University
2510192,2025-08-01,2000000,Standard Grant,NRT: Converging Research on Edge Artificial intelligence and Training Enhancement,University of South Alabama
2510202,2025-08-01,2999630,Standard Grant,NRT: Accelerating Transdisciplinary Training of an Oklahoma Workforce for the Artificial Intelligence and Quantum Revolution,Oklahoma State University
2510274,2025-08-01,2000000,Standard Grant,NRT-QISE-AI: Middle Tennessee Interdisciplinary Graduate Research and Training in Quantum Information Science and AI,Middle Tennessee State University
2510547,2025-08-01,2999865,Standard Grant,NRT: An Interdisciplinary Training Program to Accelerate Fundamental Science Translation,University of Oklahoma Norman Campus
2510551,2025-08-01,3000000,Standard Grant,NRT-QL: Quantum Cross-platform Advanced Training for Future Innovators,University of Texas at Austin
2510643,2025-08-01,3000000,Standard Grant,NRT: Training Scientists to Solve Biofilm Challenges Using Artificial Intelligence and Smart Materials,South Dakota School of Mines and Technology
2512856,2025-08-01,1999846,Standard Grant,NRT: Training Next Generation Resource Managers with Converging Technologies for Sustainable Uses of Water and Land,University of North Dakota Main Campus
2514310,2025-08-01,307527,Standard Grant,Postdoctoral Fellowship: STEMEdIPRF: Defining Latent and Social Characteristics of Active Learning Environments in Biology,Drexel University
2513981,2025-08-04,350066,Standard Grant,Postdoctoral Fellowship: STEMEdIPRF: Discipline-Based Education Research to Investigate Teamwork Process Skills in Field-Based Geoscience Education,Indiana University
2514298,2025-08-04,329768,Standard Grant,Postdoctoral Fellowship: STEMEdIPRF: Enduring Effects of a Secondary Summer Math Program on Mathematics Identity and Economics-Related Life Outcomes of Adults,Regents of the University of Michigan - Ann Arbor
2514338,2025-08-04,332468,Standard Grant,Postdoctoral Fellowship: STEMEdIPRF: SAGE4ICE: Student Analogy Generation Empowerment for Computing Education,"University of Maryland, College Park"
2514343,2025-08-04,333971,Standard Grant,Postdoctoral Fellowship: STEM Ed IPRF: Motivation and Science Identity through Expanding the Reach of Citizen Science,University of California-Davis
2529847,2025-08-07,699994,Standard Grant,IGE: Track 2: Flexible Graduate Student Funding Models: Industry Engagement and Internships for Career Development,Georgia Tech Research Corporation
2529993,2025-08-07,999989,Standard Grant,IGE Track 2: Improving STEM Graduate Student Success and Workforce Readiness at a Regional R2 Public University,Sam Houston State University
2530060,2025-08-07,700000,Standard Grant,IGE: Track 2: AI-Driven Virtual Teaching Assistant (ViTA) in Medical Biophysics Graduate Education,Clemson University
2530091,2025-08-07,499700,Standard Grant,"IGE: Track 1: Transforming Masters-Level Engineering Education through Industry Partnerships, Principled Engineering, and Experiential Learning",Arizona State University
2438185,2025-08-08,969645,Standard Grant,SFS AI + Cybersecurity: Preparing the Next Generation of Artificial Intelligence and Cybersecurity Professionals,University of Maryland Baltimore County
2438580,2025-08-08,3596628,Standard Grant,SFS AI + Cybersecurity: Preparing the Next Generation of Public Professionals in Artificial Intelligence and Cybersecurity,Dakota State University
2438733,2025-08-08,1836718,Standard Grant,CyberCorps Scholarship for Service (Renewal): Securing the Future: Scholarship for Service through Excellence in Cyber Operations,Louisiana State University
2438810,2025-08-08,1519431,Standard Grant,SFS AI + Cybersecurity: Artificial Intelligence (AI)-Integrated Training for Future Cybersecurity Workforce,Pennsylvania State Univ University Park
2438885,2025-08-08,1067309,Standard Grant,SFS AI+Cybersecurity: Defending the Nation Through Education and Innovation in Artificial Intelligence and Information Security,Carnegie Mellon University
2439007,2025-08-08,4112287,Standard Grant,SFS AI + Cybersecurity: Securing America's Future Through AI-Empowered Cyber Talent,University of Hawaii
2539750,2025-08-20,265000,Fellowship Award,Graduate Research Fellowship Program (GRFP),SUNY at Buffalo
2538703,2025-08-21,53000,Fellowship Award,Graduate Research Fellowship Program (GRFP),Northern Illinois University
2538708,2025-08-21,53000,Fellowship Award,Graduate Research Fellowship Program (GRFP),Delaware State University
2538710,2025-08-21,53000,Fellowship Award,Graduate Research Fellowship Program (GRFP),Montana Technological University
2538711,2025-08-21,53000,Fellowship Award,Graduate Research Fellowship Program (GRFP),Duquesne University
2539747,2025-08-21,53000,Fellowship Award,Graduate Research Fellowship Program (GRFP),Northern Michigan University
2539748,2025-08-21,53000,Fellowship Award,Graduate Research Fellowship Program (GRFP),University of Dayton
2539749,2025-08-21,53000,Fellowship Award,Graduate Research Fellowship Program (GRFP),University of Wisconsin-Green Bay
2545522,2025-08-21,53000,Fellowship Award,Graduate Research Fellowship Program (GRFP),Marshall University Research Corporation
2545523,2025-08-21,57910,Fellowship Award,Graduate Research Fellowship Program (GRFP),The University of Central Florida Board of Trustees
2545524,2025-08-21,53000,Fellowship Award,Graduate Research Fellowship Program (GRFP),Florida Atlantic University
2545525,2025-08-21,127334,Fellowship Award,Graduate Research Fellowship Program (GRFP),University of Massachusetts Medical School
2545911,2025-08-22,5340000,Fellowship Award,Graduate Research Fellowship Program (GRFP),University of California-San Diego
2545526,2025-08-25,8869705,Fellowship Award,Graduate Research Fellowship Program (GRFP),Georgia Tech Research Corporation
2537759,2025-09-02,186000,Standard Grant,Collaborative Research: SaTC: EDU: A Socially-Distant Cloud-Based Hardware Security Educational Platform,Rensselaer Polytechnic Institute
2602955,2026-01-12,737148,Continuing Grant,CAREER: Uncovering Faculty Beliefs and Values to Define a Model of Doctoral Education in Chemistry,University of Iowa
2610695,2026-01-13,214783,Continuing Grant,Collaborative Research: The Organizational Climate Challenge: Promoting the Retention of Students from Underrepresented Groups in Doctoral Engineering Programs,University of California-Los Angeles
2611682,2026-02-25,399978,Standard Grant,SaTC: EDU: Inculcate a culture of preparedness against AI security threats to pervasive robotic systems,University of Alabama Tuscaloosa
2623215,2026-05-15,2499867,Standard Grant,CyberAI SFS: Preparing Future CyberAI LeADERS through AI-Integrated Training and Applied Learning Experiences,Old Dominion University Research Foundation
2621941,2026-06-16,299978,Standard Grant,EAGER: CyberAI Innovation: Secure Autonomy in Adversarial Ecosystems: An Agentic AI-based Cyber Defense Education Framework,Auburn University
2623224,2026-07-13,499463,Standard Grant,CyberAI Innovation: Experiential Learning for Multimodal Artificial Intelligence Security,Purdue University
2542425,2026-07-20,714550,Continuing Grant,"CAREER: Co-Designing, Implementing, and Researching Computing Learning Experiences about Artificial Intelligence with High School Teachers",University of Illinois at Urbana-Champaign
2630722,2026-07-20,159000,Fellowship Award,Graduate Research Fellowship Program (GRFP),Louisiana State University
2630724,2026-07-20,212000,Fellowship Award,Graduate Research Fellowship Program (GRFP),Rensselaer Polytechnic Institute
2630740,2026-07-20,318000,Fellowship Award,Graduate Research Fellowship Program (GRFP),Texas Tech University
2620644,2026-07-27,2011464,Standard Grant,CyberAI SFS: Building an AI-Empowered Cybersecurity Workforce Through Integrated BS/MS Pathways,University of New Haven
2622415,2026-07-27,2449463,Standard Grant,CyberAI SFS: Secure and Trustworthy AI Research and Training Program (STAR),Vanderbilt University
2622677,2026-07-27,1407449,Standard Grant,CyberAI SFS: Multi-Pathway CyberAI Scholarship for Service,University of Rhode Island
2622846,2026-07-27,1955351,Standard Grant,"CyberAI SFS: Educating Florida's Federal CyberAI Workforce for Secure AI in Space, Defense, and Modeling and Simulation",The University of Central Florida Board of Trustees
2623031,2026-07-27,1932207,Standard Grant,CyberAI SFS: Building the Future Cybersecurity and AI Workforce,Michigan Technological University
2623034,2026-07-27,1990265,Standard Grant,CyberAI SFS: Building an AI-Integrated Cybersecurity Workforce,University of Texas at El Paso
2623068,2026-07-27,1997970,Standard Grant,CyberAI SFS: Building an AI-Powered Government Workforce,Texas A&M University
2623228,2026-07-27,1999998,Standard Grant,CyberAI SFS: Training Next Generation AI-Proficient Cybersecurity Workforce for Offense and Defense,University of Texas at Dallas
2623258,2026-07-27,1942880,Standard Grant,CyberAI SFS: Secure Computing with AI,New Jersey Institute of Technology
2623278,2026-07-27,1742239,Standard Grant,"CyberAI SFS: Future Operations, Resilience, and Career Ecosystem",University of West Florida
2623310,2026-07-27,1999098,Standard Grant,CyberAI SFS: Government-ready Experts in Resilient CyberAI,"AUGUSTA UNIVERSITY RESEARCH INSTITUTE, INC."
2623313,2026-07-27,2132180,Standard Grant,CyberAI SFS: Building a Federal Workforce Pipeline of AI-Enabled Cybersecurity Professionals,University Enterprises Corporation at CSUSB
2623317,2026-07-27,1728720,Standard Grant,CyberAI SFS: AI-Augmented Cybersecurity Scholars Program,Arizona State University
2542702,2026-07-28,696700,Continuing Grant,CAREER: Strengthening STEM Education Through an Intelligent System for Pedagogical Decision-Making and Knowledge Development,Kennesaw State University Research and Service Foundation
2630721,2026-07-28,304000,Fellowship Award,Graduate Research Fellowship Program (GRFP),Boston College
2622701,2026-07-29,441645,Standard Grant,CyberAI Innovation: AI-Enhanced Cyber Data Analytics Education,University of Hawaii
2622759,2026-07-29,290921,Standard Grant,Collaborative Research: CyberAI Innovation: CyberBridge: AI-Scaffolded Interprofessional Training Infrastructure for Cyber Incident Response,University of Washington
2622760,2026-07-29,199842,Standard Grant,Collaborative Research: CyberAI Innovation: CyberBridge: AI-Scaffolded Interprofessional Training Infrastructure for Cyber Incident Response,North Dakota State University Fargo
2622944,2026-07-29,500000,Standard Grant,CyberAI Innovation: A Hands-on CyberAI Learning Platform for Malware Defense,University of Arizona
2622977,2026-07-29,499663,Standard Grant,CyberAI Innovation: Expanding Workforce Pathways into Cybersecurity and AI Through an Integrative Career and Technical Education Model,University of North Dakota Main Campus
2623125,2026-07-29,500000,Standard Grant,CyberAI Innovation: Red Team to Blue Team: A Lab-Centric Curriculum and Educational Platform for Large Language Model Security,Pennsylvania State Univ University Park
2623133,2026-07-29,500000,Standard Grant,CyberAI Innovation: Securing the Engineering Enterprise through AI-integrated Operational Technology Systems Cybersecurity Education,Cleveland State University
2623183,2026-07-29,330000,Standard Grant,Collaborative Research: CyberAI Innovation: A Scalable Pedagogy for Trustworthy Cyber-Physical Manufacturing Systems,SUNY at Buffalo
2623184,2026-07-29,170000,Standard Grant,Collaborative Research: CyberAI Innovation: A Scalable Pedagogy for Trustworthy Cyber-Physical Manufacturing Systems,University of Georgia Research Foundation Inc
2623260,2026-07-29,250000,Standard Grant,Collaborative Research: CyberAI Innovation: Securing and Leveraging Agentic AI for Cyber Defense,Clemson University
2623261,2026-07-29,249848,Standard Grant,Collaborative Research: CyberAI Innovation: Securing and Leveraging Agentic AI for Cyber Defense,Texas Tech University
2622950,2026-07-30,496376,Standard Grant,CyberAI Innovation: Modular AI Security Education for the Public Sector Workforce,Winston-Salem State University
2623137,2026-07-30,500000,Standard Grant,CyberAI Innovation: Agentic Cybersecurity Engineering for Artificial Intelligence,University of Southern California
2630719,2026-07-30,265000,Fellowship Award,Graduate Research Fellowship Program (GRFP),Baylor College of Medicine
2630725,2026-07-30,53000,Fellowship Award,Graduate Research Fellowship Program (GRFP),South Dakota School of Mines and Technology
2631996,2026-07-30,53000,Fellowship Award,Graduate Research Fellowship Program (GRFP),New Mexico State University
2632296,2026-07-30,159000,Fellowship Award,Graduate Research Fellowship Program (GRFP),University of Louisville Research Foundation Inc
2632297,2026-07-30,106000,Fellowship Award,Graduate Research Fellowship Program (GRFP),University of Massachusetts Lowell
2622986,2026-08-01,500000,Standard Grant,CyberAI Innovation: Teaching Adversarial Causal Reasoning for Security Operations Augmented by Artificial Intelligence,University of Virginia Main Campus
2623070,2026-08-01,500000,Standard Grant,CyberAI Innovation: Training the Human Firewall Through Generative Artificial Intelligence Adversaries and Metacognitive Scaffolding for Cybersecurity Workforce Resilience,The University of Central Florida Board of Trustees
2630741,2026-08-03,193500,Fellowship Award,Graduate Research Fellowship Program (GRFP),University of California - Merced
2630743,2026-08-03,176250,Fellowship Award,Graduate Research Fellowship Program (GRFP),University of South Florida
2632003,2026-08-03,159000,Fellowship Award,Graduate Research Fellowship Program (GRFP),Rochester Institute of Tech
2534946,2026-08-04,636000,Standard Grant,EPSCoR Graduate Fellowship Program (EGFP): Enhancing Interdisciplinary Astrophysics Research at Dartmouth College,Dartmouth College
2623305,2026-08-04,500000,Standard Grant,CyberAI Innovation: Building Academic Pathways for the CyberAI Workforce,Kean University
2631992,2026-08-04,113000,Fellowship Award,Graduate Research Fellowship Program (GRFP),Idaho State University
2632006,2026-08-04,424000,Fellowship Award,Graduate Research Fellowship Program (GRFP),Syracuse University
2632020,2026-08-04,671000,Fellowship Award,Graduate Research Fellowship Program (GRFP),University of Rhode Island
2632155,2026-08-04,518000,Fellowship Award,Graduate Research Fellowship Program (GRFP),University of Connecticut
2637833,2026-08-04,106000,Fellowship Award,Graduate Research Fellowship Program (GRFP),University of Puerto Rico-Rio Piedras
2535115,2026-08-06,636000,Standard Grant,EPSCoR Graduate Fellowship Program (EGFP): Graduate Research Fellowships at Montana State University,Montana State University
2630152,2026-08-06,31161280,Fellowship Award,Graduate Research Fellowship Program (GRFP),Harvard University
2630742,2026-08-06,4074667,Fellowship Award,Graduate Research Fellowship Program (GRFP),University of California-Santa Barbara
2630744,2026-08-06,318000,Fellowship Award,Graduate Research Fellowship Program (GRFP),Utah State University
2631987,2026-08-06,1000000,Fellowship Award,Graduate Research Fellowship Program (GRFP),California Institute of Technology
2631988,2026-08-06,1510085,Fellowship Award,Graduate Research Fellowship Program (GRFP),Carnegie Mellon University
2631989,2026-08-06,747750,Fellowship Award,Graduate Research Fellowship Program (GRFP),CUNY Graduate School University Center
2631990,2026-08-06,5919666,Fellowship Award,Graduate Research Fellowship (GRFP),Duke University
2631991,2026-08-06,212000,Fellowship Award,Graduate Research Fellowship Program (GRFP),George Washington University
2631993,2026-08-06,570000,Fellowship Award,Graduate Research Fellowship Program (GRFP),Joan and Sanford I. Weill Medical College of Cornell University
2631994,2026-08-06,2590751,Fellowship Award,Graduate Research Fellowship Program (GRFP),Johns Hopkins University
2631995,2026-08-06,53000,Fellowship Award,Graduate Research Fellowship Program (GRFP),Kansas State University
2631997,2026-08-06,1045500,Fellowship Award,Graduate Research Fellowship Program (GRFP),North Carolina State University
2631999,2026-08-06,34500,Fellowship Award,Graduate Research Fellowship Program (GRFP),Oklahoma State University
2632001,2026-08-06,159000,Fellowship Award,Graduate Research Fellowship Program (GRFP),Old Dominion University Research Foundation
2632002,2026-08-06,2034417,Fellowship Award,Graduate Research Fellowship Program (GRFP),Pennsylvania State Univ University Park
2632004,2026-08-06,106000,Fellowship Award,Graduate Research Fellowship Program (GRFP),SUNY at Albany
2632005,2026-08-06,265000,Fellowship Award,Graduate Research Fellowship Program (GRFP),SUNY at Binghamton
2632007,2026-08-06,2136584,Fellowship Award,Graduate Research Fellowship Program (GRFP),Texas A&M University
2632008,2026-08-06,53000,Fellowship Award,Graduate Research Fellowship Program (GRFP),Tulane University
2632010,2026-08-06,159000,Fellowship Award,Graduate Research Fellowship Program (GRFP),University of Houston
2632011,2026-08-06,3542916,Fellowship Award,Graduate Research Fellowship Program (GRFP),University of Illinois at Urbana-Champaign
2632018,2026-08-06,1549333,Fellowship Award,Graduate Research Fellowship Program (GRFP),University of Arizona
2632019,2026-08-06,2223667,Fellowship Award,Graduate Research Fellowship Program (GRFP),University of Pittsburgh
2632145,2026-08-06,106000,Fellowship Award,Graduate Research Fellowship Program (GRFP),University of Texas at Dallas
2632147,2026-08-06,212000,Fellowship Award,Graduate Research Fellowship Program (GRFP),University of Texas at San Antonio
2632150,2026-08-06,371000,Fellowship Award,Graduate Research Fellowship Program (GRFP),Virginia Commonwealth University
2632151,2026-08-06,202750,Fellowship Award,Graduate Research Fellowship Program (GRFP),Wake Forest University School of Medicine
2632152,2026-08-06,2751584,Fellowship Award,Graduate Research Fellowship Program (GRFP),Washington University
2632154,2026-08-06,4944417,Fellowship Award,Graduate Research Fellowship Program (GRFP),Yale University
2632295,2026-08-06,159000,Fellowship Award,Graduate Research Fellowship Program (GRFP),Clemson University
2633954,2026-08-06,53000,Fellowship Award,Graduate Research Fellowship Program (GRFP),"AUGUSTA UNIVERSITY RESEARCH INSTITUTE, INC."
2633961,2026-08-06,53000,Fellowship Award,Graduate Research Fellowship Program (GRFP),California Polytechnic State University Foundation
2633968,2026-08-06,53000,Fellowship Award,Graduate Research Fellowship Program (GRFP),"Loyola University of Chicago, Health Sciences Campus"
2633979,2026-08-06,53000,Fellowship Award,Graduate Research Fellowship Program (GRFP),North Carolina Agricultural & Technical State University
2633983,2026-08-06,53000,Fellowship Award,Graduate Research Fellowship Program (GRFP),Saint Louis University
2633987,2026-08-06,53000,Fellowship Award,Graduate Research Fellowship Program (GRFP),South Dakota State University
2634000,2026-08-06,53000,Fellowship Award,Graduate Research Fellowship Program (GRFP),University Corporation at Monterey Bay
2634003,2026-08-06,53000,Fellowship Award,Graduate Research Fellowship Program (GRFP),University of New England
2634007,2026-08-06,53000,Fellowship Award,Graduate Research Fellowship Program (GRFP),University of Texas Health Science Center San Antonio
2634011,2026-08-06,53000,Fellowship Award,Graduate Research Fellowship Program (GRFP),University of Toledo
2634222,2026-08-06,106000,Fellowship Award,Graduate Research Fellowship Program (GRFP),Middle Tennessee State University
2634399,2026-08-06,6012417,Fellowship Award,Graduate Research Fellowship Program (GRFP),University of Washington
2635143,2026-08-06,689000,Fellowship Award,Graduate Research Fellowship Program (GRFP),Colorado School of Mines
2635146,2026-08-06,53000,Fellowship Award,Graduate Research Fellowship Program (GRFP),Mayo Clinic Rochester
2635985,2026-08-06,17167,Fellowship Award,Graduate Research Fellowship Program (GRFP),University of Texas at Arlington
2635996,2026-08-06,53000,Fellowship Award,Graduate Research Fellowship Program (GRFP),University of Wisconsin-Milwaukee
2637797,2026-08-06,23000000,Fellowship Award,Graduate Research Fellowship Program (GRFP),Massachusetts Institute of Technology
2637798,2026-08-06,20000000,Fellowship Award,Graduate Research Fellowship Program (GRFP),Stanford University
2637800,2026-08-06,15387498,Fellowship Award,Graduate Research Fellowship Program (GRFP),University of California-Berkeley
2637834,2026-08-06,96750,Fellowship Award,Graduate Research Fellowship Program (GRFP),West Virginia University Research Corporation
2637950,2026-08-06,53000,Fellowship Award,Graduate Research Fellowship Program (GRFP),The University of Texas Rio Grande Valley
2637951,2026-08-06,53000,Fellowship Award,Graduate Research Fellowship Program (GRFP),Jacksonville State University
2638807,2026-08-06,2817096,Fellowship Award,Graduate Research Fellowship Program (GRFP),University of Chicago
2638808,2026-08-06,53000,Fellowship Award,Graduate Research Fellowship Program (GRFP),The University of Texas Health Science Center at Houston
2623059,2026-08-07,500000,Standard Grant,CyberAI Innovation: Workforce Development for Integrated AI and Cybersecurity in Healthcare Systems,SUNY at Buffalo
2623105,2026-08-07,500000,Standard Grant,CyberAI Innovation: Modernizing IoT/Edge Cybersecurity Education for the Embodied AI Era through Experiential Learning and Research,George Mason University
2535214,2026-08-10,1749000,Standard Grant,"EPSCoR Graduate Fellowship Program (EGFP): Enhancing Ecological Resiliency in Ecology, Evolution, and Conservation Biology at the University of Nevada, Reno","Board of Regents, NSHE, obo University of Nevada, Reno"
2535466,2026-08-10,954000,Standard Grant,EPSCoR Graduate Fellowship Program (EGFP): Boise State Microelectronics Education and Research Fellows,Boise State University
2622879,2026-08-10,225428,Standard Grant,Collaborative Research: CyberAI Innovation: Building AI Auditing Competency through Learning Theory-Guided Adoptable Module Design,Clemson University
2622880,2026-08-10,146450,Standard Grant,Collaborative Research: CyberAI Innovation: Building AI Auditing Competency through Learning Theory-Guided Adoptable Module Design,Temple University
2622881,2026-08-10,128070,Standard Grant,Collaborative Research: CyberAI Innovation: Building AI Auditing Competency through Learning Theory-Guided Adoptable Module Design,University of Utah
2623086,2026-08-10,166666,Standard Grant,"Collaborative Research: CyberAI Innovation: Building Cybersecurity Competence in the Era of Agentic AI: A Modular, Hands-on Curriculum with Low-Barrier Learning Platform",George Mason University
2623087,2026-08-10,165520,Standard Grant,"Collaborative Research: CyberAI Innovation: Building Cybersecurity Competence in the Era of Agentic AI: A Modular, Hands-on Curriculum with Low-Barrier Learning Platform",Miami University
2623088,2026-08-10,167657,Standard Grant,"Collaborative Research: CyberAI Innovation: Building Cybersecurity Competence in the Era of Agentic AI: A Modular, Hands-on Curriculum with Low-Barrier Learning Platform",University of Texas at Dallas
2623204,2026-08-10,249997,Standard Grant,Collaborative Research: CyberAI Innovation: Educating the Future Workforce in Secure Agentic AI Software Development through an Open Learning Platform,University of Texas at San Antonio
2623205,2026-08-10,250000,Standard Grant,Collaborative Research: CyberAI Innovation: Educating the Future Workforce in Secure Agentic AI Software Development through an Open Learning Platform,SUNY at Buffalo
2622910,2026-08-11,249979,Standard Grant,Collaborative Research: CyberAI Innovation: Preparing AI-Native Software Engineers for Secure Software Development,Drexel University
2622911,2026-08-11,250000,Standard Grant,Collaborative Research: CyberAI Innovation: Preparing AI-Native Software Engineers for Secure Software Development,Virginia Commonwealth University
2623213,2026-08-12,499996,Standard Grant,CyberAI Innovation: An Educational Program on National Defense and Security-Centric Artificial Intelligence of Things,University of Cincinnati Main Campus
2623285,2026-08-13,250000,Standard Grant,Collaborative Research: CyberAI Innovation: Securing Artificial Intelligence Agents: A Scenario-Based Educational Platform for Future Cybersecurity Professionals,North Carolina State University
2623286,2026-08-13,250000,Standard Grant,Collaborative Research: CyberAI Innovation: Securing Artificial Intelligence Agents: A Scenario-Based Educational Platform for Future Cybersecurity Professionals,University of Hawaii
