id,date,estimatedTotalAmt,transType,title,awardeeName
1501900,2014-11-18,194620,Continuing Grant,"CAREER: Sparse-sampling inference for functional proteomics, metabolomics and ionomics",Northeastern University
1505253,2014-11-18,382362,Standard Grant,ABI Innovation: Compressed Single-Cell Sequencing of Bacterial Communities,Colorado State University
1509575,2014-12-02,200000,Standard Grant,RAPID Ebola outbreak: A Web Tool for Tracking Pathogen Evolution Impact on Immune Responses,University of California-San Diego
1515704,2015-01-15,758418,Continuing Grant,"ABI Innovation: Beyond dN/dS: Population Genetics, Genome Structure, and Protein Structure",Temple University
1520781,2015-01-20,255934,Standard Grant,Collaborative research:  ABI Development:  Making Advanced Statistical Tools Accessible for Quantitative Research Synthesis and Discovery in Ecology and Evolutionary Biology,University of Texas at Austin
1351502,2015-01-22,450000,Continuing Grant,CSBR: Living Stocks: San Diego Drosophila Species Stock Center,University of California-San Diego
1460735,2015-02-05,359999,Standard Grant,REU Site: Molecular Biosciences at the University of Oregon,University of Oregon Eugene
1451127,2015-02-10,380726,Continuing Grant,IDBR TYPE A: Optofluidic laser array based ultrasensitive ELISA instrument with a large dynamic range,Regents of the University of Michigan - Ann Arbor
1459519,2015-02-10,776713,Continuing Grant,REU Site: A forest full of Big Data: the Harvard Forest Summer Research Program in Ecology 2015-2019,Harvard University
1452622,2015-02-11,876075,Continuing Grant,CAREER: Next-generation inference of evolutionary paramaters from genome-wide sequence data,Brown University
1460671,2015-02-11,314119,Standard Grant,REU Site: Research in Prokaryotic Biology,University of Georgia Research Foundation Inc
1521928,2015-02-12,16000,Standard Grant,From the Field to the Folder: Workshop on Herbarium Specimen Curation and Best Practices,University of Georgia Research Foundation Inc
1349350,2015-02-25,450000,Continuing Grant,CSBR: Living Stocks: Provasoli-Guillard National Center for Marine Algae and Microbiota,Bigelow Laboratory for Ocean Sciences
1461057,2015-02-26,262768,Continuing Grant,New REU Site: Landscape Ecology and Ecosystem Dynamics: Integrating Terrestrial and Aquatic Perspectives,Washington State University
1460507,2015-03-09,316925,Standard Grant,REU Site: Program in Molecular Biosciences,Colorado State University
1457541,2015-03-17,499901,Continuing Grant,RCN: Enabling comparative studies of the process and products of sexual selection in a genomic context,University of Florida
1523330,2015-03-18,9000,Standard Grant,iDigBio/SERNEC Herbarium Workflows Workshop,Appalachian State University
1452656,2015-03-19,939686,Continuing Grant,CAREER: On-line Service for Predicting Protein Phosphorylation Dynamics Under Unseen Perturbations,Regents of the University of Michigan - Ann Arbor
1460696,2015-03-19,359797,Standard Grant,REU Site: Molecular and Organismal Evolution,Regents of the University of Idaho
1455445,2015-03-23,352267,Continuing Grant,"IDBR: TYPE A, Online Liquid Chromatography - Surface Enhanced Raman Detection for Metabolic Profiling",University of Notre Dame
1455668,2015-03-23,684793,Continuing Grant,IDBR: TYPE A Ultrahigh Spatial Resolution Sub-organelle Molecular Mass Spectrometry Imaging Using Liquid Metal Ion Beam Desorption and Radiofrequency Ionization,Baylor University
1458082,2015-03-23,499998,Continuing Grant,"CSBR: Natural History: Curation and Digitization of Significant, Newly Acquired Fish, Amphibian, and Reptile Collections at the North Carolina State Museum of Natural Sciences",Friends of the North Carolina State Museum of Natural Sciences
1458098,2015-03-23,366540,Continuing Grant,CSBR: Natural History: Essential storage upgrade for ornithological research collections at the University of Iowa Museum of Natural History,University of Iowa
1458264,2015-03-23,176917,Standard Grant,Advances in Wiregrass Georgia: Infrastructural Improvements to Sustain Another Half-Century of Herbarium-Based Research and Teaching,Valdosta State University
1458347,2015-03-23,491682,Standard Grant,ABI Innovation: A new computational framework for the prediction of microbiome dynamics,"University of Massachusetts, Dartmouth"
1458400,2015-03-23,1420341,Continuing Grant,ABI Development: An ontology of evidence types to support biological data management,University of Maryland at Baltimore
1458609,2015-03-23,260244,Standard Grant,"REU Site:  Convergence of Research at the Interface of the Biological, Physical, and Engineering Sciences",Yale University
1460518,2015-03-23,488571,Continuing Grant,Research Experiences for Undergraduates Site: Ecology in Human-Dominated Lanscapes,Miami University
1460628,2015-03-23,336048,Standard Grant,REU Site:  Biological Inquiry: From Molecules to Organisms,Northeastern University
1460716,2015-03-23,345137,Standard Grant,REU Site: Program in Nanotechnology for Biology and Bioengineering,Johns Hopkins University
1460913,2015-03-23,260778,Standard Grant,REU Site: Molecular and Biochemical Analysis of Proteins,Purdue University
1461240,2015-03-23,262914,Standard Grant,REU Site: Training in Redox Biology,University of Nebraska-Lincoln
1461297,2015-03-23,662147,Standard Grant,REU Site: Research Experiences for Undergraduates in Next-generation Plant Biology,University of California-Riverside
1461301,2015-03-23,356159,Continuing Grant,REU Site: Conservation Science in Hawaiian Ecosystems,University of Hawaii at Hilo
1454918,2015-03-24,703354,Standard Grant,IDBR : TYPE B Development of a Laser Based Benchtop Radiocarbon Analyzer,Rutgers University Newark
1460906,2015-03-24,301951,Standard Grant,REU Site: Achieving Heightened Goals: Undergraduate Research in Ecology at the Mountain Research Station,University of Colorado at Boulder
1460949,2015-03-24,490450,Continuing Grant,"REU Site in Animal Behavior: mechanisms, cognition, and evolution",Indiana University
1461007,2015-03-24,330222,Standard Grant,REU Site: Plant Biology and Conservation Research Experiences for Undergraduates--From Genes to Ecosystems,Chicago Horticultural Society
1458192,2015-03-25,486881,Continuing Grant,CSBR: Ownership Transfer: Miocene Colombian Vertebrates and Conservation of the Duke Lemur Center Fossil Collections,Duke University
1461124,2015-03-25,324811,Continuing Grant,REU Site:  Undergraduate Research and Mentoring - Using the Lake Erie Sensor Network to Study Land-Lake Ecological Linkages,University of Toledo
1461295,2015-03-25,245021,Standard Grant,REU Site: Human Impacts on the Colorado Plateau: Placed Based Research and Training.,Northern Arizona University
1500267,2015-03-25,17003,Standard Grant,EAGER: Collaborative Research: Conceptualizing sustained environmental information management in the landscape of current and emerging eco-informatics infrastructure,Arizona State University
1500306,2015-03-25,139682,Standard Grant,EAGER: Collaborative Research: Conceptualizing sustained environmental information management in the landscape of current and emerging eco-informatics infrastructure,University of Wisconsin-Madison
1500572,2015-03-25,17158,Standard Grant,EAGER: Collaborative Research: Conceptualizing sustained environmental information management in the landscape of current and emerging eco-informatics infrastructure,University of California-Santa Barbara
1535793,2015-03-25,474897,Continuing Grant,"Collaborative Research: ABI Development: Advancing Map of Life's Impact and Capacity for Sharing, Integrating, and Using Global Spatial Biodiversity Knowledge",University of Florida
1452964,2015-04-01,623515,Continuing Grant,CAREER: Statistical modeling of single-cell states,Harvard University
1455501,2015-04-01,74624,Continuing Grant,"Collaborative Research: IDBR: Type A: A High-resolution Bio-Sensor to Simultaneously Measure the Behavior, Vital Rates, and Environment of Key Marine Organisms",Monterey Bay Aquarium Research Institute
1455593,2015-04-01,721674,Continuing Grant,"Collaborative Research: IDBR: Type A: A High-resolution bio-sensor to simultaneously measure the behavior, vital rates and environment of key marine organisms",Woods Hole Oceanographic Institution
1458108,2015-04-01,499945,Continuing Grant,Integration of Two Large Orphaned Lichen Collections into the Oregon State University Herbarium,Oregon State University
1458262,2015-04-01,498749,Continuing Grant,CSBR: Living Stocks - The Escherichia Coli Genetic Stock Center,Yale University
1458293,2015-04-01,355025,Standard Grant,"CSBR: Natural History: Critical Upgrades, Expansion, and Reorganization of the Wisconsin State Herbarium (WIS)",University of Wisconsin-Madison
1460569,2015-04-01,357724,Standard Grant,REU Site: Ecological and Evolutionary Dynamics in a Changing World: A scaffolded undergraduate research experience,Michigan State University
1461169,2015-04-01,553320,Continuing Grant,"REU Site: Ecology, Evolution and Behavior Field Research at Mountain Lake Biological Station",University of Virginia Main Campus
1458572,2015-04-02,447696,Standard Grant,Collaborative Research: ABI Development: An open infrastructure to disseminate phylogenetic knowledge,"University of Maryland, College Park"
1458595,2015-04-02,316961,Standard Grant,Collaborative Research: ABI Development: An open infrastructure to disseminate phylogenetic knowledge,New Mexico State University
1458603,2015-04-02,148101,Standard Grant,Collaborative Research: ABI Development: An open infrastructure to disseminate phylogenetic knowledge,University of Tennessee Knoxville
1458652,2015-04-02,861625,Standard Grant,ABI Innovation: New methods for multiple sequence alignment with improved accuracy and scalability,University of Illinois at Urbana-Champaign
1460802,2015-04-02,312001,Standard Grant,REU Site: Ecology and Evolutionary Biology of Changing Environments: Integrating from Genomes to Biomes,Kansas State University
1461005,2015-04-02,286285,Standard Grant,REU Site: 3D Herbivory and Biodiversity of Tardigrades in North American Forest Canopies: Inspiring Students with Physical Disabilities to Pursue Field Biology,Baker University
1461249,2015-04-02,264287,Standard Grant,REU QUEST (Research Experience for Undergraduates in QUantitative Environmental Science and Technology),Grand Valley State University
1455513,2015-04-03,59816,Continuing Grant,Collaborative Research: IDBR: Type A: The NANAPHID:  A novel aphid-like nanosensor network for real-time measurements of carbohydrates in live plant tissue,SUNY College of Environmental Science and Forestry
1455517,2015-04-03,33810,Continuing Grant,Collaborative Research: IDBR: TYPE A : The NANAPHID:  A novel aphid-like nanosensor network for real-time measurements of carbohydrates in live plant tissue,Trustees of Boston University
1455524,2015-04-03,399689,Continuing Grant,Collaborative Research: IDBR: Type A. The NANAPHID:  A novel aphid-like nanosensor network for real-time measurements of carbohydrates in live plant tissue,SUNY Polytechnic Institute
1455540,2015-04-03,557150,Continuing Grant,IDBR: TYPE A: Automated protein analysis: Gel-to-Mass Spectrometer Coupling Device,Carnegie Mellon University
1455544,2015-04-03,304390,Continuing Grant,Collaborative Research:  IDBR: TYPE A. The NANAPHID:  A novel aphid-like nanosensor network for real-time measurements of carbohydrates in live plant tissue,SUNY at Albany
1455596,2015-04-03,288526,Continuing Grant,IDBR: TYPE A  Precise Manipulation and Patterning of Protein Nanocrystals Using Surface Acoustic Wave Technology,SUNY at Stony Brook
1458002,2015-04-03,754734,Standard Grant,ABI innovation: Computational method for exploring the mysteries of cell-penetrating peptides,Regents of the University of Michigan - Ann Arbor
1458457,2015-04-03,707468,Standard Grant,ABI: Innovation: Computationally uncovering dynamic transcription factor interactions within and across organisms,Princeton University
1458484,2015-04-03,227617,Standard Grant,Collaborative Research: ABI Innovation: An Ontology-Based System for Querying Life in a Post-Taxonomic Age,Duke University
1458509,2015-04-03,605088,Standard Grant,ABI Development: Utilization of diverse data in exploring protein-protein interactions,Trustees of Boston University
1458604,2015-04-03,696202,Standard Grant,Collaborative Research: ABI Innovation: An Ontology-Based System for Querying Life in a Post-Taxonomic Age,University of Florida
1455395,2015-04-07,114999,Continuing Grant,Collaborative Research: IDBR: Type A: Diver-Operated Imaging Platform with Complementary Systems for Quantifying Aquatic Organism  Interactions,Providence College
1455440,2015-04-07,204754,Continuing Grant,Collaborative Research: IDBR: Type A: Diver-operated imaging platform with complementary systems for quantifying aquatic organism interactions,Roger Williams University
1455471,2015-04-07,99233,Continuing Grant,Collaborative Research: IDBR: Type A:  Diver-Operated Imaging Platform with Complementary Systems for Quantifying Aquatic Organism Interactions,University of Texas at Austin
1455579,2015-04-07,272849,Continuing Grant,Collaborative Research: IDBR: Type A: Diver-Operated Imaging Platform with Complementary Systems for Quantifying Aquatic Organism Interactions,California Institute of Technology
1444806,2015-04-09,2042020,Continuing Grant,Federated Plant Database Initiative for the Legumes,Iowa State University
1454885,2015-04-09,329081,Standard Grant,IDBR: TYPE A/Surface-sensitive coherent Raman microscopy (SCRM): label-free chemical imaging of dynamics at the cell surface,University of California-Irvine
1455636,2015-04-09,502070,Standard Grant,RCN-IBDR: Coordinating the Development of Terrestrial Lidar Scanning for Aboveground Biomass and Ecological Applications,Trustees of Boston University
1455671,2015-04-09,554810,Continuing Grant,"Shedding new light on cell-matrix interactions: instrumentation development for non-invasive, real-time microscopic elasticity imaging",Texas A&M Engineering Experiment Station
1455554,2015-04-10,322727,Continuing Grant,IDBR: TYPE A Development of On-Chip Electrochemical Cross-Linking Mass Spectrometry for Probing Protein-Protein Interactions,Ohio University
1455658,2015-04-10,586000,Continuing Grant,"IDBR: Type A: Development of Plasmofluidic Microscopy (PFM) for High-Sensitivity, High-Throughput Single-Molecule Studies",Pennsylvania State Univ University Park
1457909,2015-04-10,505548,Continuing Grant,CSBR: Natural History: Expanding the footprint and the reach of the Clemson University Arthropod Collection,Clemson University
1458139,2015-04-10,499991,Continuing Grant,CSBR: Natural History: Securing and Digitizing Data for Parasite  Biodiversity Specimens in the Manter Laboratory,University of Nebraska-Lincoln
1458314,2015-04-10,243724,Standard Grant,"CSBR: Natural History: Critical Access and Storage for the Mycological Collections at the University of California, Berkeley",University of California-Berkeley
1455546,2015-04-13,646871,Standard Grant,IDBR: TYPE B: Refinement of a miniature oceanographic data recorder that can be carried by marine mammals and other pelagic species for commerical production,Texas A&M University
1521072,2015-04-16,99000,Standard Grant,Workshop: Biological Collections as a Resource for Technical Innovation,Virginia Polytechnic Institute and State University
1503583,2015-04-21,68407,Standard Grant,Partnership to the New England Vascular Plant Network for the University of Maine Herbarium,University of Maine
1503671,2015-04-21,81541,Standard Grant,Partnership to the Fossil Insect Collaborative for Collections at the University of California Museum of Paleontology,University of California-Berkeley
1455474,2015-04-24,395854,Continuing Grant,IDBR: TYPE A - Development of an In situ Single-cell Mass Spectrometer for Mapping Small-molecule Expression in the Developing Embryo,George Washington University
1534564,2015-04-24,328032,Continuing Grant,RCN: A community of ex situ microbial germplasm collections,Kansas State University
1460880,2015-04-27,572283,Continuing Grant,REU Site: Center for Neural Science Summer Undergraduate Research Program (SURP),New York University
1503574,2015-04-28,66495,Standard Grant,Partnership to the Macrofungi Collection Consortium for the Richard Homola Mycological Herbarium,University of Maine
1503659,2015-05-01,173901,Standard Grant,Digitization PEN: Integration of data from the Triplehorn Insect Collection with the Southwestern Collections of Arthropods Network.,"OHIO STATE UNIVERSITY, THE"
1541937,2015-05-01,31800,Standard Grant,"2015 Ecological and Evolutionary Genomics Conference: Using Biodiversity to Explore Biocomplexity; University of New England, Biddeford, ME; July 12-17, 2015",Gordon Research Conferences
1455654,2015-05-04,697087,Standard Grant,IDBR: Type A. High-Performance Surface-induced Dissociation MS/MS,"OHIO STATE UNIVERSITY, THE"
1460791,2015-05-04,284169,Standard Grant,REU Site: University of Maryland Eastern Shore REU in Marine and Estuarine Science,University of Maryland Eastern Shore
1460940,2015-05-04,301198,Standard Grant,REU Site: Radioecology,University of Georgia Research Foundation Inc
1529366,2015-05-07,141889,Standard Grant,RAPID: Transferring the Southern Illinois University Fluid Vertebrate Collections to the Illinois Natural History Survey,University of Illinois at Urbana-Champaign
1541278,2015-05-07,207669,Standard Grant,EAGER: A New Model for Undergraduate Training: a Virtual Community of Researchers in Computational Biomolecular Structure & Design,Johns Hopkins University
1530508,2015-05-08,299980,Standard Grant,"IDBR:  Development of Ultrasensitive, Superfast, and Microliter-Volume Differential Scanning Nanocalorimeter for Direct Characterization of Biomolecular Interactions",Virginia Polytechnic Institute and State University
1455613,2015-05-11,510240,Standard Grant,IDBR: Type A: Ultrahigh-Speed Space-Division Multiplexing Optical Coherence Tomography for Label-free and Non-destructive Biological Imaging,Lehigh University
1457957,2015-05-11,705331,Continuing Grant,ABI: Development: Cloud-based Identification and Visualization of Lateral Gene Transfers in Genome Data,University of Maryland at Baltimore
1461222,2015-05-11,329774,Continuing Grant,REU Site: Interdisciplinary research in a diverse Appalachian ridge and valley ecosystem,Samford University
1458808,2015-05-12,1679187,Continuing Grant,Bilateral BBSRC-NSF/BIO:Towards detailed and consistent function prediction from protein family databases,University of Southern California
1458178,2015-05-15,662839,Standard Grant,ABI Innovation: Computational Tools for Transcriptome Reconstruction,Johns Hopkins University
1458130,2015-05-18,384351,Standard Grant,Collaborative Research: ABI Innovation: Plant Genotype-Phenotype (G2P) Association Discovery via Integrative Genome-scale Biological Network & Genome-wide Association Analysis,Michigan Technological University
1458300,2015-05-18,208640,Standard Grant,CSBR: Natural History: Critical Curation for a Critical Collection: The Schuster Herbarium at The Field Museum,Field Museum of Natural History
1458515,2015-05-18,246123,Standard Grant,Collaborative Research: ABI Innovation: Plant Genotype-Phenotype (G2P) Association Discovery via Integrative Genome-scale Biological Network & Genome-wide Association Analysis,University of California-Riverside
1458597,2015-05-18,815306,Standard Grant,Collaborative Research: ABI Innovation: Plant Genotype-Phenotype (G2P) Association Discovery via Integrative Genome-scale Biological Network & Genome-wide Association Analysis,"Noble Research Institute, LLC"
1502452,2015-05-18,147731,Standard Grant,Partnership to the Existing New England Vascular Plant Network for Collections at the New York Botanical Garden,New York Botanical Garden
1502663,2015-05-20,239701,Standard Grant,Digitization TCN: Collaborative: The Microfungi Collections Consortium: A Networked Approach to Digitizing Small Fungi with Large Impacts on the Function and Health of Ecosystems,University of California-Berkeley
1502699,2015-05-20,443132,Standard Grant,Digitization TCN: Collaborative: The Microfungi Collections Consortium: A Networked Approach to Digitizing Small Fungi with Large Impacts on the Function and Health of Ecosystems,New York Botanical Garden
1502703,2015-05-20,118277,Standard Grant,Digitization TCN: Collaborative: The Microfungi Collections Consortium: A Networked Approach toDigitizing Small Fungi with Large Impacts on the Function and Health of Ecosystems,Regents of the University of Michigan - Ann Arbor
1502735,2015-05-20,996634,Continuing Grant,Digitization TCN: Collaborative: The Microfungi Collections Consortium: A Networked Approach to Digitizing Small Fungi with Large Impacts on the Function and Health of Ecosystems,University of Illinois at Urbana-Champaign
1502745,2015-05-20,75714,Standard Grant,Digitization TCN: Collaborative: The Microfungi Collections Consortium: A Networked Approach to Digitizing Small Fungi with Large Impacts on the Function and Health of Ecosystems,University of Minnesota-Twin Cities
1502748,2015-05-20,200125,Standard Grant,Digitization TCN: Collaborative: The Microfungi Collections Consortium: A Networked Approach to Digitizing Small Fungi with Large Impacts on the Function and Health of Ecosystems,Cornell University
1502763,2015-05-20,201681,Standard Grant,Digitization TCN: Collaborative: The Microfungi Collections Consortium: A Networked Approach to Digitizing Small Fungi with Large Impacts on the Function and Health of Ecosystems,University of Florida
1502767,2015-05-20,106219,Standard Grant,Digitization TCN: Collaborative: The Microfungi Collections Consortium: A Networked Approach to Digitizing Small Fungi with Large Impacts on the Function and Health of Ecosystems,Harvard University
1502788,2015-05-20,58226,Standard Grant,Digitization TCN: Collaborative: The Microfungi Collections Consortium: A Networked Approach to Digitizing Small Fungi mwith Large Impacts on the Function of Health of Ecosystems,Rutgers University New Brunswick
1502887,2015-05-20,174867,Standard Grant,Digitization TCN: Collaborative: The Microfungi Collections Consortium: A Networked Approach to Digitizing Small Fungi with Large Impacts on the Function and Health of Ecosystems,Purdue University
1502915,2015-05-20,207111,Standard Grant,Digitization TCN: Collaborative: The Microfungi Collections Consortium: A Networked Approach to Digitizing Small Fungi with Large Impacts on the Function and Health of Ecosystems,University of Wisconsin-Madison
1503564,2015-05-20,33484,Standard Grant,Digitization TCN: Collaborative: The Microfungi Collections Consortium: A Networked Approach to Digitizing Small Fungi with Large Impacts on the Function and Health of Ecosystems,North Carolina State University
1461183,2015-05-27,387419,Standard Grant,"REU Site: Research Experiences for Undergraduates in Tropical Biology at the La Selva Biological Station, Costa Rica",Duke University
1458033,2015-05-29,251433,Continuing Grant,"CSBR: Natural History: Preserving and ensuring access to critical biological collections in an emerging museum at the University of Nevada, Reno","Board of Regents, NSHE, obo University of Nevada, Reno"
1523664,2015-06-04,207000,Fellowship Award,NSF Postdoctoral Fellowship in Biology FY 2015,Lawson                  Sarah          P
1523732,2015-06-04,138000,Fellowship Award,NSF Postdoctoral Fellowship in Biology FY 2015,Owens                   Hannah         L
1523741,2015-06-04,138000,Fellowship Award,NSF Postdoctoral Fellowship in Biology FY 2015,Jensen                  Megan          M
1523886,2015-06-04,138000,Fellowship Award,NSF Postdoctoral Fellowship in Biology FY 2015,Johnson-Chavarria       Eric           M
1458556,2015-06-09,641429,Standard Grant,ABI Innovation: A New Framework to Analyze Plant Energy-related Phenomics Data,Michigan State University
1544380,2015-06-09,289189,Standard Grant,Skukuza Science Leadership Initiative: partnering research and science education,Organization for Tropical Studies Inc
1544390,2015-06-09,136950,Standard Grant,"FSML: Ambient Laboratory for the La Selva Biological Station, OTS, Costa Rica",Organization for Tropical Studies Inc
1458402,2015-06-12,314890,Standard Grant,ABI Development: The Electronic Transponder Analysis Gateway (ETAG): An Animal Behavior Observatory,University of Oklahoma Norman Campus
1460733,2015-06-15,266370,Standard Grant,REU Site: An Innovative Approach to Engage Underrepresented Minority Students in a Research Experience,Heritage University
1522490,2015-06-29,114121,Standard Grant,FSML:  High-resolution acoustic imaging sonar for research and education at the Baruch Marine Field Laboratory,University of South Carolina at Columbia
1522498,2015-06-29,24952,Standard Grant,"Strategic Planning and Collaboration for Monitoring Changes in Coastal Ecosystems, Gulf of Maine",Bates College
1519158,2015-07-03,300000,Standard Grant,EAGER: Pilot Studies for Representing and Archiving Integrative Structural Models of Macromolecular Machines and Supporting Data,Rutgers University New Brunswick
1523410,2015-07-03,138000,Fellowship Award,NSF Postdoctoral Fellowship in Biology FY 2015,Greiman                 Stephen        E
1523639,2015-07-03,138000,Fellowship Award,"Gaining insights into the physiology of neutrophilic, iron-oxidizing chemolithoautotrophs.",Barco                   Roman          A
1523736,2015-07-03,138000,Fellowship Award,NSF Postdoctoral Fellowship in Biology FY 2015,Avalos                  Arian
1523923,2015-07-03,138000,Fellowship Award,NSF Postdoctoral Fellowship in Biology FY 2015,Bengston                Sarah          E
1523949,2015-07-03,138000,Fellowship Award,NSF Postdoctoral Fellowship in Biology FY 2015,Mora                    Adrienne       B
1457918,2015-07-06,249657,Standard Grant,"CSBR: Ownership Transfer: Incorporation of the orphaned UCLA Fish Collection into the Marine Vertebrate Collection, Scripps Institution of Oceanography",University of California-San Diego Scripps Inst of Oceanography
1458145,2015-07-06,219299,Standard Grant,CSBR: Ownership Transfer: Incorporation of MBARI and Univ. of Victoria deep-sea animal collections into the Benthic Invertebrate Collection at Scripps Institution of Oceanography,University of California-San Diego Scripps Inst of Oceanography
1458151,2015-07-06,184557,Standard Grant,"CSBR: Natural History Collections: Curation, Digitization, Integration, and On-Line Access of Two Exceptional Invertebrate Fossil Research Collections",University of Florida
1458198,2015-07-06,495880,Standard Grant,CSBR:Natural History: Critical infrastructure upgrades and expanded digital access to Non-vertebrate Paleontology Collections at the University of Texas at Austin,University of Texas at Austin
1458273,2015-07-06,422412,Continuing Grant,"CSBR: Natural History: High-Density Storage, Improved Preservation, and Digital Networking for OSU COV Collections of Fishes, Amphibians, and Reptiles",Oklahoma State University
1458290,2015-07-06,414327,Continuing Grant,CSBR: Natural History Collections: Essential Improvements for the Arthur Fungarium at Purdue University,Purdue University
1521897,2015-07-06,293210,Standard Grant,FSML: New technology for measuring lower trophic levels in lakes,Cornell University
1522430,2015-07-06,99403,Standard Grant,FSML: ESTABLISHING A MODERN MOLECULAR DIAGNOSTICS FACILITY TO SUPPORT MICROBIOLOGY RESEARCH IN THE SIERRA NEVADA ECOREGION,University of California-Santa Barbara
1522489,2015-07-06,349700,Standard Grant,Acquisition of Unmanned Surface Vehicle for High-Resolution Mapping of the Shallow Seabed and Water Column,North Carolina State University
1457890,2015-07-08,343277,Standard Grant,Collaborative Research: ABI Development: The PEcAn Project: A Community Platform for Ecological Forecasting,University of Illinois at Urbana-Champaign
1457897,2015-07-08,333303,Standard Grant,Collaborative Research: ABI Development: The PEcAn Project: A Community Platform for Ecological Forecasting,University of Wisconsin-Madison
1458021,2015-07-08,487862,Standard Grant,Collaborative Research: ABI Development: The PEcAn Project: A Community Platform for Ecological Forecasting,Trustees of Boston University
1458422,2015-07-08,609564,Standard Grant,Collaborative Research: ABI Innovation: Connecting resources to enable large-scale biodiversity analyses,University of Kansas Center for Research Inc
1458466,2015-07-08,294514,Standard Grant,Collaborative Research:  ABI Innovation:  Connecting resources to enable large-scale biodiversity analyses.,Regents of the University of Michigan - Ann Arbor
1458640,2015-07-08,834828,Standard Grant,Collaborative Research:  ABI Innovation:  Connecting resources to enable large-scale biodiversity analyses,University of Florida
1522420,2015-07-08,88051,Standard Grant,"SPECTROPHOTOMETER AND PROFILER FOR TERC FIELD STATION AND LABORATORY, LAKE TAHOE",University of California-Davis
1523568,2015-07-08,138000,Fellowship Award,NSF Postdoctoral Fellowship in Biology FY 2015,Cammen                  Kristina       M
1542262,2015-07-08,240526,Standard Grant,ABI EAGER: New Tools for Pan-Genomics Across Phylogenetic Space,Montana State University
1522479,2015-07-09,54745,Standard Grant,"Improving Infrastructure for Data Access, Storage and Recovery, and Network Communication at Stroud Water Research Center",Stroud Water Research Center
1522493,2015-07-09,24896,Standard Grant,"Planning Grant::  Developing a strategic plan and infrastructure needs for the Laguna Bacalar Field Station, Bacalar Mexico",University of Wisconsin-Milwaukee
1458524,2015-07-10,1780233,Continuing Grant,ABI Development: A unified Galaxy-based platform for multi-omic data analysis and informatics,University of Minnesota-Twin Cities
1458527,2015-07-10,594428,Standard Grant,Collaborative Research: ABI DEVELOPMENT:  Notes from Nature:  Advancing a Next Generation Citizen Science Platform For Biocollection Transcription,University of Florida
1458550,2015-07-10,336938,Standard Grant,ABI DEVELOPMENT: Notes from Nature: Advancing a Next Generation Citizen Science Platform For Biocollection Transcription,Florida State University
1523434,2015-07-14,207000,Fellowship Award,NSF Postdoctoral Fellowship in Biology FY 2015,Dickerson               Bradley        H
1523543,2015-07-14,138000,Fellowship Award,NSF Postdoctoral Fellowship in Biology FY 2015,Lima                    Thiago         G
1523606,2015-07-14,138000,Fellowship Award,NSF Postdoctoral Fellowship in Biology FY 2015,Kambic                  Robert         E
1523621,2015-07-14,138000,Fellowship Award,NSF Postdoctoral Fellowship in Biology FY 2015,Ingley                  Spencer        J
1523634,2015-07-14,138000,Fellowship Award,NSF Postdoctoral Fellowship in Biology FY 2015,Bay                     Rachael        A
1523665,2015-07-14,138000,Fellowship Award,NSF Postdoctoral Fellowship in Biology FY 2015,Chen                    Nancy
1523667,2015-07-14,138000,Fellowship Award,NSF Postdoctoral Fellowship in Biology FY 2015,Folk                    Ryan           A
1523680,2015-07-14,138000,Fellowship Award,NSF Postdoctoral Fellowship in Biology FY 2015,Martinez                Ciera          C
1523748,2015-07-14,138000,Fellowship Award,NSF Postdoctoral Fellowship in Biology FY 2015,Leighton                Gavin          M
1523759,2015-07-14,207000,Fellowship Award,NSF Postdoctoral Fellowship in Biology FY 2015,Green                   Delbert        A
1523771,2015-07-14,138000,Fellowship Award,NSF Postdoctoral Fellowship in Biology FY 2015,Johnson                 Anna           L
1523817,2015-07-14,138000,Fellowship Award,NSF Postdoctoral Fellowship in Biology FY 2015,Lopez-Uribe             Margarita      M
1523879,2015-07-14,138000,Fellowship Award,NSF Postdoctoral Fellowship in Biology FY 2015,Byron                   Margaret       L
1523895,2015-07-14,138000,Fellowship Award,NSF Postdoctoral Fellowship in Biology FY 2015,Ligon                   Russell        A
1523943,2015-07-14,138000,Fellowship Award,NSF Postdoctoral Fellowship in Biology FY 2015,Emerling                Christopher    A
1458626,2015-07-16,394349,Standard Grant,"Bilateral BBSRC-NSF/BIO: Mining of imaging flow cytometry data for label-free, single cell analysis","Broad Institute, Inc."
1502500,2015-07-16,203609,Standard Grant,Digitization TCN: Collaborative: Documenting Fossil Marine Invertebrate Communities of the Eastern Pacific - Faunal Responses to Environmental Change over the last 66 million years,University of Washington
1503065,2015-07-16,606955,Standard Grant,Digitization TCN: Collaborative: Documenting Fossil Marine Invertebrate Communities of the Eastern Pacific - Faunal Responses to Environmental Change over the last 66 million years,Los Angeles County Museum of Natural History Foundation
1503545,2015-07-16,179819,Standard Grant,Digitization TCN: Collaborative: Documenting Fossil Marine Invertebrate Communities of the Eastern Pacific - Faunal Responses to Environmental Change over the last 66 million years,University of Oregon Eugene
1503611,2015-07-16,352407,Standard Grant,Digitization TCN: Collaborative: Documenting Fossil Marine Invertebrate Communities of the Eastern Pacific: Faunal Responses to Environmental Change over the last 66 million years,Paleontological Research Institute
1503613,2015-07-16,59659,Standard Grant,Digitization TCN: Collaborative: Documenting Fossil Marine Invertebrate Communities of the Eastern Pacific - Faunal Responses to Environmental Change over the last 66 million years,University of Alaska Fairbanks Campus
1503628,2015-07-16,530256,Standard Grant,Digitization TCN: Collaborative: Documenting Fossil Marine Invertebrate Communities of the Eastern Pacific. Faunal Responses to Environmental Change over the last 66 million years,California Academy of Sciences
1503678,2015-07-16,541002,Standard Grant,Digitization TCN:Collaborative: Documenting Fossil Marine Invertebrate Communities of the Eastern Pacific - Faunal Responses to Environmental Change over the last 66 million years,University of California-Berkeley
1523661,2015-07-17,138000,Fellowship Award,NSF Postdoctoral Fellowship in Biology FY 2015,Koch                    Jonathan       B
1523666,2015-07-17,138000,Fellowship Award,NSF Postdoctoral Fellowship in Biology FY 2015,Furness                 Andrew         I
1523841,2015-07-17,138000,Fellowship Award,NSF Postdoctoral Fellowship in Biology FY 2015,Huerta                  Alejandra      I
1523843,2015-07-17,138000,Fellowship Award,NSF Postdoctoral Fellowship in Biology FY 2015,Rosario                 Michael        V
1523910,2015-07-17,207000,Fellowship Award,NSF Postdoctoral Fellowship in Biology FY 2014,Tseng                   Roger          D
1523390,2015-07-21,173462,Fellowship Award,NSF Postdoctoral Fellowship in Biology FY 2015,Liang                   Alexandria     D
1458045,2015-07-22,467249,Continuing Grant,CSBR: Natural History: Mission Critical Improvements to Virginia Tech's Insect Collection,Virginia Polytechnic Institute and State University
1458311,2015-07-22,300310,Continuing Grant,CSBR: Natural History: Reconstructing the lost field notes of Royal D. Suttkus using the notes of other collectors in the Royal D. Suttkus Fish Collection,Tulane University
1523866,2015-07-22,138000,Fellowship Award,NSF Postdoctoral Fellowship in Biology FY 2015,Sheth                   Seema          N
1458059,2015-07-23,574954,Standard Grant,Collaborative Research: ABI Innovation: Computational population-genetic analysis for detection of soft selective sweeps,Stanford University
1458202,2015-07-23,604475,Continuing Grant,ABI Innovation: Integrated Approach to Improve Detection of Genome Rearrangements,Rutgers University Camden
1458229,2015-07-23,449164,Continuing Grant,"CSBR: NATURAL HISTORY COLLECTIONS: TRANSFORMING ACCESSIBILITY TO THE  RICH, SITE-BASED, MULTI-TAXON COLLECTION OF ARCHBOLD BIOLOGICAL STATION","Archbold Expeditions, Inc."
1458495,2015-07-23,129624,Standard Grant,Bilateral BBSRC-NSF/BIO: Collaborative Research: ABI Development: Seamless Integration of Neuroscience Models and Tools with HPC - Easy Path to Supercomputing for Neuroscience,Yale University
1458557,2015-07-23,600000,Standard Grant,Collaborative Research: ABI Innovation: Computational population-genetic analysis for detection of soft selective sweeps,University of California-San Diego
1458840,2015-07-23,774000,Standard Grant,Bilateral BBSRC-NSF/BIO: Collaborative Research: ABI Development: Seamless Integration of Neuroscience Models and Tools with HPC - Easy Path to Supercomputing for Neuroscience,University of California-San Diego
1522455,2015-07-23,341670,Standard Grant,Nitrogen Gas Measurement Facility at the Cary Institute of Ecosystem Studies,"Cary Institute of Ecosystem Studies, Inc."
1522514,2015-07-27,24969,Standard Grant,Research and Strategic Planning for the Mount Mansfield Science and Stewardship Center,University of Vermont & State Agricultural College
1547475,2015-07-27,25000,Standard Grant,"Creating a Global Network of Mountain Observatories: A workshop to be held in September 2015 in Crested Butte, CO",University of California-Berkeley
1460495,2015-07-28,209698,Standard Grant,"REU Site:  Comparative Approaches in Cellular, Molecular and Environmental Biology",Mount Desert Island Biological Laboratory
1519732,2015-07-29,138000,Fellowship Award,NSF Postdoctoral Fellowship in Biology FY 2015,Singhal                 Sonal
1522193,2015-07-29,25000,Standard Grant,Planning for the Rocky Mountain Biological Laboratory,Rocky Mountain Biological Laboratory
1522462,2015-07-29,24992,Standard Grant,Cultivating the Growth of Capitol Reef Field Station,Utah Valley University
1522532,2015-07-29,186297,Standard Grant,Transforming data access and reseach cyber-infrastructure within a tropical field station network,Organization for Tropical Studies Inc
1523695,2015-07-29,138000,Fellowship Award,NSF Postdoctoral Fellowship in Biology FY 2015,Freeman                 Benjamin       G
1523746,2015-07-29,138000,Fellowship Award,NSF Postdoctoral Fellowship in Biology FY 2015,Quandt                  Catherine      A
1523788,2015-07-29,138000,Fellowship Award,NSF Postdoctoral Fellowship in Biology FY 2015,Barden                  Phillip        M
1549523,2015-07-29,387419,Standard Grant,"REU Site: Research Experiences for Undergraduates in Tropical Biology at the La Selva Biological Station, Costa Rica",Organization for Tropical Studies Inc
1522209,2015-07-30,21452,Standard Grant,Collaborative Research:  Planning For the Future: Developing a Five Year Plan for Wildsumaco Biological Station,Francis Marion University
1522213,2015-07-30,3416,Standard Grant,Collaborative Proposal- Planning for the Future: Developing a Five Year Plan for Wildsumaco Biological Station,University of North Carolina at Wilmington
1444490,2015-07-31,2561338,Standard Grant,"Structural, Functional, and Evolutionary Analysis of Long Non-coding RNAs in Control of Stress Response and the Epigenome in Diverse Plant Species",University of Pennsylvania
1451925,2015-07-31,412012,Continuing Grant,"CSBR: Natural History: Development of a Liquid Nitrogen System for the Genetic Resources Collection, Natural Science Research Laboratory, Museum of Texas Tech University",Texas Tech University
1458223,2015-07-31,272239,Continuing Grant,CSBR Ownership Transfer: Saving an ecologically data-rich collection: adding the Geological Survey of Alabama Fish Collection to The University of Alabama Ichthyological Collection,University of Alabama Tuscaloosa
1458334,2015-07-31,491872,Continuing Grant,CSBR: Natural History: Critical cryopreservation upgrades to the University of Alaska Museum's Genomic Resources facility,University of Alaska Fairbanks Campus
1544383,2015-07-31,795056,Standard Grant,The Digital Fly Brain,Columbia University
1554930,2015-08-03,65378,Standard Grant,EAGER.  Collaborative Research:   Evaluating Identifier Services for the Life Cycle of Biological Data,University of Arizona
1532266,2015-08-04,83177,Standard Grant,MRI: Acquisition of a liquid chromatography system to enhance interdisciplinary biochemistry research at Linfield College,LINFIELD UNIVERSITY
1551586,2015-08-04,100000,Standard Grant,EAGER: Research Experiences for Undergraduates (REU) Common Assessment Tool,University of Wisconsin-Madison
1452010,2015-08-06,368695,Standard Grant,CSBR: Natural History Collections: Curation and Re-housing of the Entomology Collection of the Sam Noble Museum.,University of Oklahoma Norman Campus
1458171,2015-08-06,345105,Standard Grant,CSBR Natural History: Rehousing and inventory of fluid-preserved mollusks at the Academy of Natural Sciences,Academy of Natural Sciences Philadelphia
1458281,2015-08-06,204432,Continuing Grant,"CSBR: Ownership Transfer: Rehabilitation and digitization of a significant collection of amphibians, reptiles, and fishes through institutional networking",Texas A&M AgriLife Research
1460980,2015-08-06,343070,Standard Grant,REU Site: Integrative Marine Biology for the 21st Century (IMBio21),"University of Massachusetts, Dartmouth"
1522562,2015-08-07,24999,Standard Grant,James and Oasis de los Osos FSML Planning Grant,University of California-Riverside
1523757,2015-08-07,138000,Fellowship Award,NSF Postdoctoral Fellowship in Biology FY 2015,Martinez-Bakker         Micaela        E
1523821,2015-08-07,138000,Fellowship Award,NSF Postdoctoral Fellowship in Biology FY 2015,Sprunger                Christine      D
1523836,2015-08-07,138000,Fellowship Award,NSF Postdoctoral Fellowship in Biology FY 2015,Farina                  Stacy          C
1523857,2015-08-07,138000,Fellowship Award,NSF Postdoctoral Fellowship in Biology FY 2015,Feo                     Teresa         J
1523869,2015-08-07,138000,Fellowship Award,NSF Postdoctoral Fellowship in Biology FY 2015,Tran                    Lucy
1523871,2015-08-07,138000,Fellowship Award,NSF Postdoctoral Fellowship in Biology FY 2015,Pritchard               Adam           C
1531417,2015-08-07,579135,Standard Grant,MRI: Acquisition of Mass Spectrometry Technology for Research and Training,University of the Pacific
1532078,2015-08-07,504140,Standard Grant,MRI: Acquisition of a cryoprobe- and autosampler-equipped AVANCE III 500 MHz solution NMR,Montana State University
1460895,2015-08-10,335187,Standard Grant,REU site: Undergraduate Research in Biological Sciences: From Genomes to Phenomes--exploring function across scales,Clemson University
1539911,2015-08-12,48166,Standard Grant,[RCN UBE Incubator] Next Generation Careers - Innovation in Environmental Biology Education,Ecological Society of America
1458034,2015-08-14,896107,Continuing Grant,An integrative approach to quantifying the response of ecological assemblages to anthropogenic stressors,University of Florida
1458748,2015-08-14,1162723,Continuing Grant,"ABI Innovation: Advanced mathematical, statistical, and software tools to unlock the potential of animal tracking data","University of Maryland, College Park"
1458766,2015-08-14,768834,Continuing Grant,Collaborative Research: ABI Innovation:Large-scale Analysis of the Evolution of Organellar Networks,University of Pittsburgh
1523551,2015-08-14,207000,Fellowship Award,NSF Postdoctoral Fellowship in Biology FY 2015,Longo                   Ana            V
1523842,2015-08-14,138000,Fellowship Award,NSF Postdoctoral Fellowship in Biology FY 2015,Turner                  Kathryn        G
1523934,2015-08-14,138000,Fellowship Award,NSF Postdoctoral Fellowship in Biology FY 2015,Hodge                   Jennifer       R
1531217,2015-08-14,294324,Standard Grant,MRI: Acquisition of a CONFOCAL microscope at UM-Dearborn,Regents of the University of Michigan - Ann Arbor
1531843,2015-08-14,263320,Standard Grant,MRI: Acquisition of a Scanning Electron Microscope,Georgia College
1531855,2015-08-14,126349,Standard Grant,MRI: Acquisition of an Illumina MiSeq for Education and Research,Villanova University
1531910,2015-08-14,457101,Standard Grant,MRI: Acquisition of a Fluidigm BioMark HD system for research and training at Humboldt State University,CAL POLY HUMBOLDT SPONSORED PROGRAMS FOUNDATION
1531921,2015-08-14,638997,Standard Grant,MRI: Acquisition of Combined Spinning Disc Confocal/Atomic Force Microscopy System,Colorado State University
1532115,2015-08-14,568192,Standard Grant,MRI: Acquisition of an Isotope Ratio Mass Spectrometer for the University of Hawaii at Hilo Analytical Laboratory,University of Hawaii at Hilo
1532188,2015-08-14,710564,Standard Grant,MRI: Development of a microfluidic flow cytometer for high-throughput noninvasive single-cell physio-chemical analysis,Texas A&M Engineering Experiment Station
1550088,2015-08-14,648950,Standard Grant,Bilateral BBSRC-NSF/BIO: Bayesian Quantitative Proteomics,"University of Texas, M.D. Anderson Cancer Center"
1522565,2015-08-17,24300,Standard Grant,Mendocino College Point Arena Field Station Conservation Planning,Mendocino-Lake Community College District
1523549,2015-08-17,250760,Fellowship Award,NSF Postdoctoral Fellowship in Biology FY 2015 (PRFB),Caetano-Anolles         Derek
1523669,2015-08-17,275727,Fellowship Award,NSF Postdoctoral Fellowship in Biology FY 2015,Bloch                   Natasha        I
1523830,2015-08-17,207000,Fellowship Award,NSF Postdoctoral Fellowship in Biology FY 2015 (PRFB),Kemp                    Melissa        E
1523880,2015-08-17,230696,Fellowship Award,NSF Postdoctoral Fellowship in Biology FY 2015 (PRFB),Lagomarsino             Laura          P
1531757,2015-08-17,1120000,Standard Grant,MRI:  Acquisition of a Cryo Field Emission Transmission Electron Microscope,SUNY College of Environmental Science and Forestry
1523540,2015-08-18,138000,Fellowship Award,NSF Postdoctoral Fellowship in Biology FY 2015,Kraemer                 Andrew         C
1528288,2015-08-18,266200,Standard Grant,MRI: Acquisition of an Integrated Atomic Force and Fluorescence Microscope to Enhance Undergraduate Research at Wellesley College,Wellesley College
1530862,2015-08-18,271706,Standard Grant,MRI:Acquisition of a Beckman ProteomeLab-XLI Analytical Ultracentrifuge to Enhance Research and Training,Utah State University
1531991,2015-08-18,2825509,Standard Grant,MRI: Acquisition of Cryo-EM for Southwest Regional Center,Arizona State University
1458359,2015-08-19,506490,Standard Grant,Bilateral BBSRC-NSF/BIO Collaborative Research: ABI Development: A Critical Assessment of Protein Function Annotation,Iowa State University
1458390,2015-08-19,498724,Standard Grant,Bilateral BBSRC-NSF/BIO Collaborative Research: ABI Development: A Critical Assessment of Protein Function Annotation,University of Pennsylvania
1458443,2015-08-19,278064,Standard Grant,Bilateral BBSRC-NSF/BIO Collaborative Research: ABI Development: A Critcal Assessment of Protein Function Annotation,University of Washington
1458477,2015-08-19,282204,Standard Grant,Bilateral BBSRC-NSF/BIO Collaborative Research: ABI Development: A Critical Assessment of Protein Function Annotation,Indiana University
1531850,2015-08-20,379130,Standard Grant,MRI: Acquisition of a High-Resolution Micro-Computed Tomography System for Multidisciplinary STEM Research and Undergraduate Training,Union College
1457925,2015-08-21,462551,Continuing Grant,ABI: Sustaining - MorphoBank: the web tool and database for phylogenetic tree-building with phenotypes and the interpretation of trait evolution,SUNY at Stony Brook
1531277,2015-08-21,492285,Standard Grant,MRI: Acquisition of a transmission electron microscope for multi-disciplinary research and training.,Central Michigan University
1549932,2015-08-21,300000,Standard Grant,EAGER: Cloud-based analysis of mass spectrometry proteomics data,University of Washington
1458285,2015-08-24,487741,Standard Grant,CSBR: Natural History: Securing Alcohol Types and Donated Alcohol Specimens at the INHS Insect Collection,University of Illinois at Urbana-Champaign
1523908,2015-08-24,207000,Fellowship Award,NSF Postdoctoral Fellowship in Biology FY 2015,Schell                  Christopher    J
1539903,2015-08-24,499685,Standard Grant,"RCN-UBE:Biology Teaching Assistant Project (BioTAP 2.0): Advancing Research, Synthesizing Evidence",University of Tennessee Knoxville
1546335,2015-08-24,299990,Standard Grant,BRAIN EAGER: Building reliable high-throughput consensus for neuronal morphologies,George Mason University
1523719,2015-08-25,138000,Fellowship Award,NSF Postdoctoral Fellowship in Biology FY 2015,Walsh                   Jennifer       L
1531639,2015-08-25,134401,Standard Grant,MRI: Acquisition of a liquid-handling robotic platform for high-throughput research in urban ecology and evolution at the Louis Calder Center-Biological Field Station,Fordham University
1532189,2015-08-25,343808,Standard Grant,MRI: Acquisistion of an Illumina NextSeq 500 to Support Life Science Research at South Dakota State University,South Dakota State University
1455630,2015-08-27,613839,Standard Grant,IDBR: TYPE A:  Quantitative Polarization and Phase Microscope for label-free imaging of live cell and tissue dynamics,University of Arizona
1458267,2015-08-27,768279,Continuing Grant,ABI Innovation: Discovering Elements of Extreme and High Conservation in Eukaryotic Genomes,Worcester Polytechnic Institute
1458867,2015-08-27,818660,Continuing Grant,"ABI Innovation: Quantifying, simulating, and visualizing the tree growth and its antecedent endogenous and climatic predictors",Northern Arizona University
1522508,2015-08-27,335035,Standard Grant,A new research greenhouse at Blandy Experimental Farm,University of Virginia Main Campus
1523859,2015-08-27,138000,Fellowship Award,NSF Postdoctoral Fellowship in Biology FY 2015,Brzeski                 Kristin        E
1523875,2015-08-27,138000,Fellowship Award,NSF Postdoctoral Fellowship in Biology FY 2015,Gil                     Michael
1530975,2015-08-27,412443,Standard Grant,MRI: Acquisition of a Liquid Chromatograph-Tandem Quadrupole-Orbitrap Fourier Transform Mass Spectrometer for High-Throughput Biological Analyses,University of Tennessee Knoxville
1539870,2015-08-28,49885,Standard Grant,Research Coordination Network-Undergraduate Biology Education: Promoting Active Learning & Mentoring (PALM) Incubator Program,American Society For Cell Biology
1458641,2015-08-31,627854,Continuing Grant,Collaborative Research: ABI Sustaining: The National Center for Genome Analysis Support,Indiana University
1458689,2015-08-31,131987,Continuing Grant,Collaborative Research: ABI Sustaining: The National Center for Genome Analysis Support,Carnegie Mellon University
1522545,2015-08-31,214361,Standard Grant,"RUI: Experimental Seawater Laboratory at the Coastal Studies Center, Bowdoin College",Bowdoin College
1522553,2015-08-31,345800,Standard Grant,Collaborative Proposal: Ecophysiological Instruments for Measuring Biotic Climate Impacts Across Western Field Stations,Northern Arizona University
1522558,2015-08-31,99161,Standard Grant,Collaborative Research: Ecophysiological Instruments for Measuring Biotic Climate Impacts Across Western Field Stations,University of California-Santa Cruz
1523893,2015-08-31,138000,Fellowship Award,NSF Postdoctoral Fellowship in Biology FY 2015,Harvey                  Michael        G
1532229,2015-08-31,200785,Standard Grant,MRI: ACQUISITION OF A CAVITY RING DOWN SPECTROSCOPY ANALYZER FOR RESEARCH IN WETLAND CARBON CYCLING BY FACULTY AND UNDERGRADUATES AT CHAPMAN UNIVERSITY,Chapman University
1539900,2015-08-31,499937,Standard Grant,RCN-UBE: Network for Integrating Bioinformatics into Life Sciences Education (NIBLSE),University of Nebraska at Omaha
1522464,2015-09-02,356201,Standard Grant,An upgraded seawater system for the University of Georgia Marine Institute on Sapelo Island,University of Georgia
1551420,2015-09-02,99837,Standard Grant,"Workshops on Research in the Lower Mekong Basin; September 25-26, 2015-USGS, Laural, MD and November, 2015-Can Tho, Vietnam",University of Colorado at Boulder
1455763,2015-09-03,498439,Standard Grant,CSBR: Natural History: Upgrading Infrastructure to Protect an Irreplaceable and Heavily Used Primate Collection,American Museum Natural History
1522503,2015-09-03,346034,Standard Grant,Modernization of the Humboldt State University Marine Laboratory Seawater System,CAL POLY HUMBOLDT SPONSORED PROGRAMS FOUNDATION
1522206,2015-09-10,174197,Standard Grant,Flow Cytometry and Molecular Multi-User Facility at BIOS,"Bermuda Institute of Ocean Sciences (BIOS), Inc."
1522528,2015-09-10,339812,Standard Grant,A Reconstructed Boat Landing for California Polytechnic State University's Center for Coastal Marine Sciences Pier Facility,California Polytechnic State University Foundation
1543972,2015-09-11,49970,Standard Grant,"RCN-UBE Summit:  Learning from the Community of Education Networks; Wshington, D.C. - Early 2016",University of Oklahoma Norman Campus
1551363,2015-09-15,204760,Continuing Grant,ABI Innovation:   Analysis of Operon Evolution Using an Even Driven Approach,Iowa State University
1543599,2015-10-05,272849,Continuing Grant,Collaborative Research: IDBR: Type A: Diver-Operated Imaging Platform with Complementary Systems for Quantifying Aquatic Organism Interactions,Stanford University
1612608,2015-11-23,638961,Continuing Grant,ABI Development: Dryad: scalable and sustainable infrastructure for the publication of data,University of North Carolina at Chapel Hill
1623870,2016-01-07,26896,Standard Grant,"Collaborative Research: Ethics Education in Life Cycle Design, Engineering, and Management",Indiana University
1619983,2016-01-15,554163,Standard Grant,ABI Innovation: New Software Tools for Genome Comparisons of Non-Model Organisms,Carnegie Mellon University
1560991,2016-01-19,99233,Continuing Grant,Collaborative Research: IDBR: Type A:  Diver-Operated Imaging Platform with Complementary Systems for Quantifying Aquatic Organism Interactions,University of South Florida
1617287,2016-01-20,77371,Standard Grant,"2016 Pan-REU PI Workshop: Leveraging Excellence Through Collaboration Across REU Programs, April 28-30, 2016, Arlington, VA",University of Wisconsin-Madison
1559679,2016-02-01,449604,Continuing Grant,"REU Site: Tropical Ecology and Evolution at El Verde Field Station, Puerto Rico",University of Puerto Rico-Rio Piedras
1560380,2016-02-02,301544,Standard Grant,"REU SITE: Integrative approaches to studying recognition systems in cells, organisms, and populations",Tufts University
1559922,2016-02-08,330428,Standard Grant,REU Site: Summer Undergraduate Research Experience in Molecular Biosciences,University of North Carolina at Chapel Hill
1559927,2016-02-08,269052,Standard Grant,REU Site: Microbiology at The University of Iowa,University of Iowa
1555986,2016-02-10,206826,Continuing Grant,IDBR TYPE B: Development of a $100 high-throughput whole slide imaging kit,University of Connecticut
1556000,2016-02-10,585664,Continuing Grant,IDBR: TYPE A Nanoscale Laser Ablation Capture for Single Cell Genomics,Louisiana State University
1560389,2016-02-12,396640,Standard Grant,REU Site: Synergistic Studies of Honey Bees in the Republic of Turkey,University of Central Oklahoma
1560356,2016-02-16,431912,Continuing Grant,"REU Site: Marine Biodiversity: lessons from molecules, development and behavior",University of Florida
1559769,2016-02-22,624941,Continuing Grant,REU Site: Translational Ecology for Undergraduates,"Cary Institute of Ecosystem Studies, Inc."
1559962,2016-02-23,306507,Standard Grant,REU Site: Botany and Conservation Biology Research at the Missouri Botanical Garden,Missouri Botanical Garden
1559943,2016-02-24,346320,Standard Grant,REU Site: Natural Resource Science on Native American Lands,CAL POLY HUMBOLDT SPONSORED PROGRAMS FOUNDATION
1559980,2016-02-24,308634,Standard Grant,REU Site: Disturbance Ecology in Central Appalachia,Eastern Kentucky University
1559779,2016-02-29,244874,Standard Grant,REU Site: Evolution of Biodiversity across the Tree of Life,Field Museum of Natural History
1558579,2016-03-01,273021,Standard Grant,REU Site: Integrative Molecular Plant Systems,North Carolina State University
1560169,2016-03-01,279525,Standard Grant,REU Site: Utilizing Plants for Innovative Research (UPIR) - Cultivating the next generation of scientists and engineers,Kettering University
1560182,2016-03-01,440391,Continuing Grant,REU Site: Research Opportunities in Molecular Biology at Ohio State University,"OHIO STATE UNIVERSITY, THE"
1556068,2016-03-04,850000,Continuing Grant,IDBR: Type A. Far-field optical thermal wave nanoscopy.,University of Arkansas Medical Sciences Campus
1556349,2016-03-04,436809,Continuing Grant,IDBR: Type A: Development of a yeast-based continuous culture system for detecting bioavailable phosphate,University of Notre Dame
1556417,2016-03-04,601895,Continuing Grant,IDBR: Type A - An unmanned aerial radio tracking system for monitoring small wildlife species,Northern Arizona University
1560163,2016-03-04,416464,Standard Grant,REU Site: Integrated Development of Bioenergy Systems,University of Nebraska-Lincoln
1560200,2016-03-04,343816,Standard Grant,REU Site: Integrated Science For Society (IS2),Boston College
1560184,2016-03-05,221666,Standard Grant,REU Site: Summer Program in Chihuahuan Desert Biodiversity,University of Texas at El Paso
1559887,2016-03-08,362636,Standard Grant,REU Site: Environmental science and policy in the nation's capital,Georgetown University
1550509,2016-03-09,372500,Continuing Grant,IDBR: TYPE A - Isomotive dielectrophoresis for enhanced analyses of cell subpopulations,University of Louisville Research Foundation Inc
1553211,2016-03-09,769760,Continuing Grant,CAREER: Integrated Annotation and Comparative Analysis of Metabolic Models,University of Rhode Island
1556138,2016-03-09,554745,Continuing Grant,"IDBR:  Type A.  Photovoltaics allow ultra-miniaturized, long-life, wildlife tags",Cornell University
1556370,2016-03-09,587248,Continuing Grant,"IDBR: TYPE A:   Instrument to extract and quantify soil-borne, parasitic nematode pests of agricultural crops",Iowa State University
1553577,2016-03-10,690578,Continuing Grant,CAREER:  Structural Biology in a Cellular Context with High Sensitivity NMR,Washington University
1556253,2016-03-10,344942,Continuing Grant,IDBR: TYPE A- The ThruProt Analyzer: Bringing Proteomics to the Field Using a Sample-to-Answer Electronic Multiplexed Platform,Rutgers University New Brunswick
1560491,2016-03-10,347580,Standard Grant,REU Site: Undergraduate Research Experiences in DNA-based discoveries in Hawaii's biodiversity,University of Hawaii
1560048,2016-03-15,323864,Standard Grant,REU Site:  Sustainable RIVER (Remediating InVasives to Encourage Resilience),University of South Dakota Main Campus
1637973,2016-03-15,59983,Standard Grant,Community Workshop:NEON Management and Coordination,Smithsonian Institution
1561342,2016-03-17,499976,Continuing Grant,CSBR:Natural History: Upgrade and transfer of the Museum of Southwestern Biologys Division of Genomic Resources frozen tissue collection to Nitrogen vapor storage.,University of New Mexico
1561515,2016-03-17,499856,Continuing Grant,CSBR: Natural History: Addressing Critical Needs in the Ornithology and Herpetology Collections of the Museum of Vertebrate Zoology,University of California-Berkeley
1561640,2016-03-17,499850,Continuing Grant,CSBR: Ownership Transfer: Securing the future and accessibility of the Carl W. and Marian E. Rettenmeyer army ant guest collection,University of Connecticut
1564692,2016-03-17,942675,Standard Grant,ABI Innovation: Robotics-inspired modeling & design of proteins,University of California-San Francisco
1561210,2016-03-18,499540,Continuing Grant,CSBR: Living Stocks: Enhancing the Quality and Efficiency of the Arabidopsis Biological Resource Center,"OHIO STATE UNIVERSITY, THE"
1561315,2016-03-18,495455,Standard Grant,CSBR: Natural History: Securing Paleobotanical Collections at the University of Kansas: Evolution of Seed Plants and Antarctic Fossil Plants,University of Kansas Center for Research Inc
1561331,2016-03-18,481430,Continuing Grant,CSBR: Natural History: Saving and Preserving the Cornell University Plant Anatomy Collection (CUPAC) And The Cornell University Paleobotanical Slide Collection (CUPC-S),Cornell University
1561469,2016-03-18,485957,Continuing Grant,CSBR: Natural History Collections: Integration of a Collection of Reptiles and Fishes into the LSU Museum of Natural Science.,Louisiana State University
1561648,2016-03-18,346030,Continuing Grant,CSBR: Natural History: Engaging Our Future to Preserve Our Past: Curation and Preservation of Historically Significant Collections Through Student Participation at the Rancho Santa,Rancho Santa Ana Botanic Garden
1561691,2016-03-18,499997,Continuing Grant,CSBR Living Stocks: Continued Support of the Duke Lemur Center for the Study of Primate Biology and History,Duke University
1561724,2016-03-18,490976,Continuing Grant,CSBR:Living Stocks. Securing the future of the Chlamydomonas Resource Center collections: security and accessibility,University of Minnesota-Twin Cities
1553206,2016-03-23,887230,Continuing Grant,CAREER: Inference in temporal signaling and transcriptional data,"Morgridge Institute for Research, Inc."
1560772,2016-03-23,415287,Continuing Grant,"CSBR: Living Stocks, Operation of a Culture Collection of Algae",University of Texas at Austin
1561346,2016-03-23,60645,Standard Grant,CSBR: Living Stocks: Securing a Living Collection of Rare Plants at the Montgomery Botanical Center Through the Installation of an Automatic Backup Generator System.,Montgomery Botanical Center
1556281,2016-03-25,589250,Standard Grant,IDBR: Type A: Development of a high throughput total internal reflection and fluorescence correlation platform for analysis of biomolecular interactions,University of Kentucky Research Foundation
1556359,2016-03-25,395534,Standard Grant,IDBR:  TYPE A: Auto-CATM Development:  An Instrument for Dynamical Fingerprinting,SUNY at Buffalo
1564466,2016-03-25,657054,Standard Grant,ABI INNOVATION: Characterizing protein-DNA interactions from high-resolution assays,Pennsylvania State Univ University Park
1564917,2016-03-25,310627,Standard Grant,Bilateral BBSRC-NSF/BIO: ABI Innovation: Data-driven hierarchical analysis of de novo transcriptomes,SUNY at Stony Brook
1553728,2016-03-28,566688,Continuing Grant,"CAREER: Deciphering the human regulome: omics-based analysis of intergenic genotype-to-trait associations, made accessible and powerful",Oregon State University
1564611,2016-03-28,794338,Standard Grant,ABI Development: CAFE for very large comparative genomic datasets,Indiana University
1565180,2016-03-28,761649,Continuing Grant,ABI Innovation: New Algorithms for Biological X-ray Free Electron Laser Data,Arizona State University
1627442,2016-03-28,1196855,Continuing Grant,CAREER: Algorithms for single molecule sequence analysis,Johns Hopkins University
1552309,2016-03-29,768269,Continuing Grant,CAREER: Learning the Chromatin Network from ChIP-Seq Data,University of Washington
1553289,2016-03-29,1091176,Continuing Grant,CAREER:  Molecular functional diversity of microbes and microbiomes,Rutgers University New Brunswick
1556241,2016-03-29,656962,Standard Grant,IDBR: TYPE A; Optical Microresonators as Platforms for Probing Single Metalloproteins in Action,University of Wisconsin-Madison
1560352,2016-03-29,354589,Standard Grant,"REU Site: Biological Adaptation to Stress -- Molecular, Cellular, Ecological",Pepperdine University
1564727,2016-03-29,438312,Standard Grant,Collaborative Research: ABI Development: HydroClim: Empowering aquatic research in North America with data from high-resolution streamflow and water temperature GIS modeling,Tulane University
1564806,2016-03-29,623272,Standard Grant,Collaborative Research: ABI Development: HydroClim: Empowering aquatic research in North  America with data from high-resolution streamflow and water temperature GIS modeling,Indiana University
1564896,2016-03-29,606392,Standard Grant,Collaborative Research: ABI Development: HydroClim: Empowering aquatic research in North  America with data from high-resolution streamflow and water temperature GIS modeling,Saint Louis University
1565057,2016-03-29,329606,Standard Grant,"Collaborative Research: ABI Development: Extensible, reproducible and documentation-driven microbiome data science",University of California-San Diego
1565076,2016-03-29,683839,Standard Grant,ABI Innovation: Tools and databases for network-based plant systems biology with applications to understanding plant-virus interactions,University of Texas at San Antonio
1565100,2016-03-29,525795,Standard Grant,"Collaborative Research: ABI Development: Extensible, reproducible and documentation-driven microbiome data science.",Northern Arizona University
1565107,2016-03-29,873278,Standard Grant,Bilateral BBSRC-NSF/BIO: ABI Innovation: Modeling protein interactions to interpret genetic variation,University of Kansas Center for Research Inc
1638694,2016-04-01,1,Cooperative Agreement,National Ecological Observatory Network,Battelle Memorial Institute
1638695,2016-04-01,122350208,Cooperative Agreement,National Ecological Observatory Network: Construction and Transition,Battelle Memorial Institute
1638738,2016-04-05,49798,Standard Grant,"Increasing Participation of Native Hawaiians and Pacific Islanders in STEM: a workshop focused on removing barriers to participation.; June 1 - June 2, 2016; Honolulu, HI",University of Hawaii
1556164,2016-04-18,537870,Continuing Grant,"Collaborative Research: IDBR: TYPE A: Development of Squishy Robot Hands for a Delicate, Effective and Non-Intrusive Approach to Studying Deep Coral Reefs",Harvard University
1556186,2016-04-18,534194,Standard Grant,IDBR:  TYPE A: Multispectral laser 3D ranging and imaging system for plant phenotyping,University of Nebraska-Lincoln
1556213,2016-04-18,115683,Continuing Grant,"Collaborative Research: IDBR: TYPE A: Development of Squishy Robot  Hands for a Delicate, Effective and Non-Intrusive Approach to Studying  Deep Coral Reefs",CUNY Baruch College
1564736,2016-04-19,425501,Standard Grant,NBO: ABI Innovation: Multiscale Multimodal Mouse Connectomes,University of Georgia Research Foundation Inc
1560116,2016-04-22,279139,Continuing Grant,REU Site: Next generation Evolutionary Biology,"OHIO STATE UNIVERSITY, THE"
1560262,2016-04-22,305170,Standard Grant,REU Site: Research Experiences in Physiology and Neurobiology at UCONN,University of Connecticut
1552240,2016-04-26,742102,Continuing Grant,CAREER: Improved Mass Spectrometry Identification and Quantification Through Probabilistic Data Segmentation,University of Montana
1556473,2016-04-26,449003,Continuing Grant,IDBR Type B: Point-spread function engineered parallel scanning optical subsystem for fast quantitative high-resolution and high-sensitivity 3D imaging,University of Colorado at Boulder
1556495,2016-04-26,612854,Continuing Grant,IDBR Type B: Life-long vital rate telemetry in marine homeotherms,Alaska SeaLife Center
1560097,2016-04-28,325926,Continuing Grant,REU Site:  Interdisciplinary Program in Multi-scale Biological Networks,William Marsh Rice University
1559868,2016-04-29,366655,Continuing Grant,REU Site: Computational Biology Summer Research Experience at Rutgers - Camden,Rutgers University Camden
1555470,2016-05-02,196440,Continuing Grant,Collaborative Research: IDBR Type A: QSTORM-AO-Wavefront-shaping light-sheet microscopy with photoswitchable quantum dots for superresolution imaging in thick tissue,"OHIO STATE UNIVERSITY, THE"
1555541,2016-05-02,227720,Continuing Grant,Collaborative Research: IDBR Type A: QSTORM-AO - Wavefront-shaping light-sheet microscopy with photoswitchable quantum dots for superresolution imaging in thick tissue,Museum of Science
1555576,2016-05-02,304231,Continuing Grant,Collaborative Research: IDBR Type A: QSTORM-AO - Wavefront-shaping light-sheet microscopy with photoswitchable quantum dots for superresolution imaging in thick tissue,University of Georgia Research Foundation Inc
1559816,2016-05-02,458317,Continuing Grant,REU Site: CSHL NSF-REU Bioinformatics and Computational Neuroscience Summer Undergraduate Program,Cold Spring Harbor Laboratory
1560096,2016-05-02,317562,Continuing Grant,REU Site: Interdisciplinary REU in the Structure and Function of Proteins,Regents of the University of Michigan - Ann Arbor
1560115,2016-05-02,340141,Continuing Grant,REU Site: Diversifying Undergraduate Participation in Computational Biology,Auburn University
1600556,2016-05-04,226389,Standard Grant,Digitization TCN: Collaborative Research: Lepidoptera of North America Network: Documenting Diversity in the Largest Clade of Herbivores,Michigan State University
1600616,2016-05-04,238107,Continuing Grant,Digitization TCN: Collaborative Research: Lepidoptera of North America Network: Documenting Diversity in the Largest Clade of Herbivores,Yale University
1600774,2016-05-04,90708,Standard Grant,Digitization TCN: Collaborative Research: Lepidoptera of North America Network: Documenting Diversity in the Largest Clade of Herbivores,University of Alaska Fairbanks Campus
1600824,2016-05-04,12132,Standard Grant,Digitization TCN: Collaborative Research: Lepidoptera of North America Network: Documenting Diversity in the Largest Clade of Herbivores,Western Washington University
1600937,2016-05-04,286208,Standard Grant,Digitization TCN: Collaborative Research: Lepidoptera of North America Network: Documenting Diversity in the Largest Clade of Herbivores,Colorado State University
1601002,2016-05-04,48623,Standard Grant,Digitization TCN: Collaborative Research: Lepidoptera of North America Network: Documenting Diversity in the Largest Clade of Herbivores,University of Georgia Research Foundation Inc
1601124,2016-05-04,179204,Standard Grant,Digitization TCN: Collaborative Research: Lepidoptera of North America Network: Documenting Diversity in the Largest Clade of Herbivores,Harvard University
1601164,2016-05-04,208729,Standard Grant,Digitization TCN: Collaborative Research: Lepidoptera of North America Network: Documenting Diversity in the Largest Clade of Herbivores,Mississippi State University
1601275,2016-05-04,45681,Standard Grant,Digitization TCN: Collaborative Research: Lepidoptera of North America Network: Documenting Diversity in the Largest Clade of Herbivores,Denver Museum of Nature and Science
1601369,2016-05-04,362839,Continuing Grant,Digitization TCN: Collaborative Research: Lepidoptera of North America Network: Documenting Diversity in the Largest Clade of Herbivores,University of Florida
1601443,2016-05-04,232511,Standard Grant,Digitization TCN: Collaborative Research: Lepidoptera of North America Network: Documenting Diversity in the Largest Clade of Herbivores,University of California-Davis
1601461,2016-05-04,97048,Standard Grant,Digitization TCN: Collaborative Research: Lepidoptera of North America Network: Documenting Diversity in the Largest Clade of Herbivores,University of Minnesota-Twin Cities
1601659,2016-05-04,186570,Standard Grant,Digitization TCN: Collaborative Research: Lepidoptera of North America Network: Documenting Diversity in the Largest Clade of Herbivores,Arizona State University
1601888,2016-05-04,228549,Standard Grant,Digitization TCN: Collaborative Research: Lepidoptera of North America Network: Documenting Diversity in the Largest Clade of Herbivores,Oregon State University
1601957,2016-05-04,114702,Standard Grant,Digitization TCN: Collaborative Research: Lepidoptera of North America Network: Documenting Diversity in the Largest Clade of Herbivores,Purdue University
1602081,2016-05-04,677212,Continuing Grant,Digitization TCN: Collaborative Research: Lepidoptera of North America Network: Documenting Diversity in the Largest Clade of Herbivores,Northern Arizona University
1556385,2016-05-09,611629,Standard Grant,IDBR: TYPE A: Development of an Animal Tracking Tag for Biological Research: Refractive Index for Rapid Georeferenced Salinity Measurements over a Wide Dynamic Range,SRI International
1560180,2016-05-09,278728,Continuing Grant,REU Site: Summer Neuroscience Undergraduate Research Fellowship Program at UVM,University of Vermont & State Agricultural College
1561372,2016-05-09,546826,Continuing Grant,ABI Innovation: Development of Glycan Modeling and Simulation Toolset,University of Kansas Center for Research Inc
1565166,2016-05-09,1541850,Continuing Grant,ABI Innovation: A framework to predictably manipulate a microbial gene regulatory program,Institute for Systems Biology
1609022,2016-05-09,138000,Fellowship Award,NSF Postdoctoral Fellowship in Biology FY 2016,Dal Forno               Manuela
1611638,2016-05-09,207000,Fellowship Award,NSF Postdoctoral Fellowship in Biology FY 2016,McCary                  Matthew        A
1611767,2016-05-09,138000,Fellowship Award,NSF Postdoctoral Fellowship in Biology FY 2016,MacDonald               Andrew         J
1611801,2016-05-09,138000,Fellowship Award,NSF Postdoctoral Fellowship in Biology FY 2016,Labastide               Joelle         A
1611916,2016-05-09,138000,Fellowship Award,NSF Postdoctoral Fellowship in Biology FY 2016,McKie-Krisberg          Zaid           M
1612153,2016-05-09,138000,Fellowship Award,NSF Postdoctoral Fellowship in Biology FY 2016,Landis                  Michael
1612260,2016-05-09,138000,Fellowship Award,NSF Postdoctoral Fellowship in Biology FY 2016,Dundore-Arias           Jose-Pablo
1612264,2016-05-09,207000,Fellowship Award,NSF Postdoctoral Fellowship in Biology FY 2016,Lujan                   Ernesto
1612283,2016-05-09,138000,Fellowship Award,NSF Postdoctoral Fellowship in Biology FY 2016,Campbell-Staton         Shane          C
1612302,2016-05-09,207000,Fellowship Award,NSF Postdoctoral Fellowship in Biology FY 2016,Yitbarek                Senay
1612308,2016-05-09,207000,Fellowship Award,NSF Postdoctoral Fellowship in Biology FY 2016,Fong                    Caitlin        R
1612313,2016-05-09,138000,Fellowship Award,NSF Postdoctoral Fellowship in Biology FY 2016,Begay                   Shanadeen      C
1612826,2016-05-09,138000,Fellowship Award,NSF Postdoctoral Fellowship in Biology FY 2016,Fritts-Penniman         Allison        L
1612858,2016-05-09,138000,Fellowship Award,NSF Postdoctoral Fellowship in Biology FY 2016,Wright                  April          M
1612859,2016-05-09,138000,Fellowship Award,NSF Postdoctoral Fellowship in Biology FY 2016,Schweizer               Rena           M
1612862,2016-05-09,207000,Fellowship Award,NSF Postdoctoral Fellowship in Biology FY 2016,Hamilton                Chris          A
1564822,2016-05-10,757717,Standard Grant,ABI Innovation: Coalescence-based Inference of Adaptation,Florida State University
1565137,2016-05-10,600000,Standard Grant,ABI Innovation: Next Generation Quantitative RNA Sequence Analysis,University of California-Los Angeles
1560139,2016-05-13,239610,Standard Grant,"REU Site: Models in Evolution, Ecology and Systematics",University of Kansas Center for Research Inc
1565146,2016-05-13,533000,Continuing Grant,ABI:  Development Implementing Galaxy for Community-based Phage Genomics,Texas A&M AgriLife Research
1560049,2016-05-16,295979,Standard Grant,"REU Site: Undergraduate Research Experience in Genomics, Proteomics and Bioinformatics",Florida Agricultural and Mechanical University
1638696,2016-05-16,91296288,Cooperative Agreement,National Ecological Observatory Network: Operations Activities,Battelle Memorial Institute
1636461,2016-05-24,99256,Standard Grant,"Revitalizing the National Ecological Network Cyberinfrastructure; June 13-14, 2016; Boulder, CO and September, 2016; Boulder, CO",Brandeis University
1601729,2016-05-25,191548,Standard Grant,Digitization TCN: Collaborative Research: The Cretaceous World: Digitizing Fossils to Reconstruct Evolving Ecosystems in the Western Interior Seaway,University of Colorado at Boulder
1601790,2016-05-25,164038,Standard Grant,Digitization TCN: Collaborative Research: The Cretaceous World: Digitizing Fossils to Reconstruct Evolving Ecosystems in the Western Interior Seaway,San Jose State University Foundation
1601878,2016-05-25,231035,Continuing Grant,Digitization TCN: Collaborative Research: The Cretaceous World: Digitizing Fossils to Reconstruct Evolving Ecosystems in the Western Interior Seaway,University of New Mexico
1601884,2016-05-25,488433,Continuing Grant,Digitization TCN: Collaborative Research: The Cretaceous World: Digitizing Fossils to Reconstruct Evolving Ecosystems in the Western Interior Seaway,Yale University
1601891,2016-05-25,179238,Standard Grant,Digitization TCN: Collaborative Research: The Cretaceous World: Digitizing Fossils to Reconstruct Evolving Ecosystems in the Western Interior Seaway,American Museum Natural History
1601944,2016-05-25,116266,Standard Grant,Digitization TCN: Collaborative Research: The Cretaceous World: Digitizing Fossils to Reconstruct Evolving Ecosystems in the Western Interior Seaway,Fort Hays State University
1602067,2016-05-25,519636,Continuing Grant,Digitization TCN: Collaborative Research: The Cretaceous World: Digitizing Fossils to Reconstruct Evolving Ecosystems in the Western Interior Seaway,University of Kansas Center for Research Inc
1602101,2016-05-25,209805,Continuing Grant,Digitization TCN: Collaborative Research: The Cretaceous World: Digitizing Fossils to Reconstruct Evolving Ecosystems in the Western Interior Seaway,University of Texas at Austin
1608559,2016-05-25,197616,Fellowship Award,NSF Postdoctoral Fellowship in Biology FY 2016,Evangelista             Dominic        A
1611642,2016-05-25,138000,Fellowship Award,NSF Postdoctoral Fellowship in Biology FY 2016,Kuhn                    William        R
1612126,2016-05-25,138000,Fellowship Award,NSF Postdoctoral Fellowship in Biology FY 2016,Chin-Baarstad           Ashley
1612143,2016-05-25,138000,Fellowship Award,NSF Postdoctoral Fellowship in Biology FY 2016,Rubi                    Tricia         L
1612211,2016-05-25,138000,Fellowship Award,NSF Postdoctoral Fellowship in Biology FY 2016,Hedrick                 Brandon        P
1559829,2016-05-26,292295,Continuing Grant,REU Site: Bioinformatics Research and Interdisciplinary Training Experience in Analysis and Interpretation of Information-Rich Biological Data Sets (REU-BRITE),Trustees of Boston University
1624040,2016-05-26,50000,Standard Grant,"Workshop:  3dNaturalists: Using citizen science, bioblitzes and the National Park Service Centennial to promote undergraduate learning in biology",Colorado State University
1561580,2016-05-31,375125,Continuing Grant,CSBR: Ownership Transfer: Rescue of two orphaned yeast collections,University of California-Davis
1600763,2016-05-31,174861,Continuing Grant,Digitization PEN: The addition of OrthopNet to SCAN,Academy of Natural Sciences Philadelphia
1611651,2016-05-31,138000,Fellowship Award,NSF Postdoctoral Fellowship in Biology FY 2016,Gehman                  Alyssa-Lois    M
1612158,2016-05-31,182616,Fellowship Award,NSF Postdoctoral Fellowship in Biology FY 2016,Swarts                  Kelly          L
1556967,2016-06-10,343396,Continuing Grant,"Collaborative Research: Phylogenetics of autoresistance in poison frogs as revealed by phylogenomics, neurophysiology, and comparative ecology",University of Texas at Austin
1643002,2016-06-13,336646,Standard Grant,BCSP:   Collaborative Research:   ABI Development: Exploring Taxon Concepts (ETC) through analysing fine-grained semantic markup of descriptive literature,University of Illinois at Urbana-Champaign
1555781,2016-06-21,745000,Standard Grant,IDBR TYPE A: Definitive Chemical Analysis of Microbial Volatile Mixtures and Chemical Intermediates via Microwave Spectroscopy,Harvard University
1608997,2016-06-21,138000,Fellowship Award,NSF Postdoctoral Fellowship in Biology FY 2016,Fischer                 Eva            K
1611856,2016-06-21,138000,Fellowship Award,NSF Postdoctoral Fellowship in Biology FY 2016,Cline                   Lauren
1611895,2016-06-21,138000,Fellowship Award,NSF Postdoctoral Fellowship in Biology FY 2016,Almaraz                 Maya
1612261,2016-06-21,138000,Fellowship Award,NSF Postdoctoral Fellowship in Biology FY 2016,Adams                   Tayloria
1612271,2016-06-21,138000,Fellowship Award,NSF Postdoctoral Fellowship in Biology FY 2016,Ligocki                 Isaac          Y
1612289,2016-06-21,138000,Fellowship Award,NSF Postdoctoral Fellowship in Biology FY 2016,Mastro                  Tara
1611824,2016-06-22,138000,Fellowship Award,NSF Postdoctoral Fellowship in Biology FY 2016,O'Connell               Karen          E
1564559,2016-06-24,299828,Standard Grant,ABI Innovation: Collaborative Research: Computational framework for inference of metabolic pathway activity from RNA-seq data,Georgia Tech Research Corporation
1564899,2016-06-24,300000,Standard Grant,ABI Innovation: Collaborative Research: Computational framework for inference of metabolic pathway activity from RNA-seq data,"Georgia State University Research Foundation, Inc."
1564936,2016-06-24,300000,Standard Grant,ABI Innovation: Collaborative Research: Computational framework for inference of metabolic pathway activity from RNA-seq data,University of Connecticut
1564606,2016-06-27,144602,Standard Grant,Collaborative Research: ABI Development: Integrated platforms for protein structure and function predictions,North Carolina Agricultural & Technical State University
1564621,2016-06-27,563801,Standard Grant,ABI Innovation: A computational framework for integrating image informatics with transcriptomics for discovering spatiotemporally resolved regulatory gene networks in plants,University of Nebraska-Lincoln
1564643,2016-06-27,89963,Standard Grant,Collaborative Research: ABI Development: Creating a generic workflow for scaling up the production of species ranges,University of Maine
1564756,2016-06-27,833207,Standard Grant,Collaborative Research: ABI Development: Integrated platforms for protein structure and function predictions,Regents of the University of Michigan - Ann Arbor
1564785,2016-06-27,800000,Standard Grant,ABI Innovation: Scalable kmer-based algorithms and software for gene expression and regulation,"University of Maryland, College Park"
1565046,2016-06-27,184686,Standard Grant,Collaborative Research: ABI Development: Creating a generic workflow for scaling up the production of species ranges,University of Connecticut
1565103,2016-06-27,1530151,Continuing Grant,"ABI Development: Enabling broad-scale ecological analysis and synthesis through PASTA Plus, a component of the Environmental Data Initiative",University of New Mexico
1565118,2016-06-27,525339,Standard Grant,Collaborative Research: ABI Development: Creating a generic workflow for scaling up the production of species ranges,University of Arizona
1609023,2016-06-27,138000,Fellowship Award,NSF Postdoctoral Fellowship in Biology FY 2016,Nielsen                 Matthew        E
1611514,2016-06-27,138000,Fellowship Award,NSF Postdoctoral Fellowship in Biology FY 2016,Gomaa                   Fatma
1611616,2016-06-27,207000,Fellowship Award,NSF Postdoctoral Fellowship in Biology FY 2016,Shelton                 Delia          S
1611710,2016-06-27,138000,Fellowship Award,NSF Postdoctoral Fellowship in Biology FY 2016,Barrow                  Lisa           N
1611752,2016-06-27,138000,Fellowship Award,NSF Postdoctoral Fellowship in Biology FY 2016,Womack                  Molly          C
1611943,2016-06-27,138000,Fellowship Award,NSF Postdoctoral Fellowship in Biology FY 2016,Drake                   Jeana
1611997,2016-06-27,138000,Fellowship Award,NSF Postdoctoral Fellowship in Biology FY 2016,Rosa                    Maria
1612002,2016-06-27,138000,Fellowship Award,NSF Postdoctoral Fellowship in Biology FY 2016,Smiley                  Tara           M
1612062,2016-06-27,138000,Fellowship Award,NSF Postdoctoral Fellowship in Biology FY 2016,Borths                  Matthew        R
1612079,2016-06-27,138000,Fellowship Award,NSF Postdoctoral Fellowship in Biology FY 2016,Heberling               Jacob          M
1612237,2016-06-27,228816,Fellowship Award,NSF Postdoctoral Fellowship in Biology FY 2016,Forrestel               Elisabeth      J
1612241,2016-06-27,138000,Fellowship Award,NSF Postdoctoral Fellowship in Biology FY 2016,Larabee                 Fredrick       J
1612277,2016-06-27,138000,Fellowship Award,NSF Postdoctoral Fellowship in Biology FY 2016,Billerman               Shawn          M
1612282,2016-06-27,138000,Fellowship Award,NSF Postdoctoral Fellowship in Biology FY 2016,Kanda                   Kojun
1612307,2016-06-27,138000,Fellowship Award,NSF Postdoctoral Fellowship in Biology FY 2016,Vicente-Raczkowski      Jan
1612335,2016-06-27,138000,Fellowship Award,NSF Postdoctoral Fellowship in Biology FY 2016,Stucky                  Brian          J
1612861,2016-06-27,138000,Fellowship Award,NSF Postdoctoral Fellowship in Biology FY 2016,Odom                    Karan          J
1645609,2016-06-27,1243413,Continuing Grant,Bilateral NSF/BIO-BBSRC: Collaborative Research: ABI Development: A Metagenomic Exchange - enriching metagenomics analysis by synergistic harmonisation of MG-RAST and the EBI Metag,University of Chicago
1645959,2016-06-28,803665,Continuing Grant,"ABI Development: Global Names Discovery, Indexing and Reconciliation Services",University of Illinois at Urbana-Champaign
1624461,2016-06-29,24998,Standard Grant,Developing a Collaborative and Strategic Vision for Mohonk Preserve's Daniel Smiley Research Center,"Cary Institute of Ecosystem Studies, Inc."
1643053,2016-06-29,146632,Standard Grant,ABI INNOVATION:  PHYLOGENETIC METHODS FOR IMPUTING MISSING PLANT TRAIT VALUES IN GLOBAL DATABASES,"University of Maryland, College Park"
1624065,2016-06-30,24993,Standard Grant,FSML Planning for the Future of the Holt Research Forest,University of Maine
1624665,2016-06-30,25000,Standard Grant,Northern Kentucky University FSML- Planning Grant: Developing a Five Year Plan,NORTHERN KENTUCKY UNIVERSITY RESEARCH FOUNDATION (DO NOT USE)
1624791,2016-06-30,24948,Standard Grant,Building a Lake Erie Area Research Network (LEARN),"OHIO STATE UNIVERSITY, THE"
1624832,2016-06-30,24993,Standard Grant,Planning for a Great Basin Ecological Observatory: from NevCAN to the Spring Valley Field Station,"Board of Regents, NSHE, obo University of Nevada, Reno"
1560384,2016-07-05,318374,Standard Grant,"REU Site: Research and Training in Biochemistry, Biophysics and Biodesign (B3) for Undergraduates",CUNY City College
1564380,2016-07-05,337474,Standard Grant,Collaborative proposal: ABI Sustaining: The Environmental-Data Automated Track Annotation (Env-DATA) system,"OHIO STATE UNIVERSITY, THE"
1564382,2016-07-05,113568,Standard Grant,Collaborative proposal: ABI Sustaining: The Environmental-Data Automated Track Annotation (Env-DATA) system,Friends of the North Carolina State Museum of Natural Sciences
1564386,2016-07-05,432015,Standard Grant,"ODOMATIC: Automatic Species Identification, Functional Morphology, and Feature Extraction to alleviate the taxonomic impediment and broaden citizen science tools.",Rutgers University Newark
1564659,2016-07-05,794836,Standard Grant,ABI Development: Improved Tools for Population Genomics,Temple University
1564840,2016-07-05,570295,Standard Grant,ABI Innovation: DeepStruct:  Learning representations of protein 3-d structures and their interfaces using deep architectures,Colorado State University
1611874,2016-07-05,138000,Fellowship Award,NSF Postdoctoral Fellowship in Biology FY 2016,Stein                   Laura          R
1611913,2016-07-05,207000,Fellowship Award,NSF Postdoctoral Fellowship in Biology FY 2016,Lescak                  Emily
1612109,2016-07-05,138000,Fellowship Award,NSF Postdoctoral Fellowship in Biology FY 2016,Graham                  Joseph         G
1612169,2016-07-05,138000,Fellowship Award,NSF Postdoctoral Fellowship in Biology FY 2016,Spraker                 Joseph         E
1624585,2016-07-05,24785,Standard Grant,"Advancing Research, Education and Public Engagement at The University of Memphis Meeman Biological Station",University of Memphis
1611880,2016-07-06,177120,Fellowship Award,NSF Postdoctoral Fellowship in Biology FY 2016,Meineke                 Emily          K
1559992,2016-07-07,85552,Continuing Grant,Collaborative Research: REU Site: A Distributed Network of Neuroscience Scholars,Earlham College
1560005,2016-07-07,108203,Continuing Grant,Collaborative Research: REU Site: A Distributed Network of Neuroscience Scholars,Kenyon College
1560061,2016-07-07,132905,Continuing Grant,Collaborative Research: REU Site: A Distributed Network of Neuroscience Scholars,College of Wooster
1560082,2016-07-07,147339,Continuing Grant,Collaborative Research: REU Site: A Distributed Network of Neuroscience Scholars,Ohio Wesleyan University
1611692,2016-07-07,138000,Fellowship Award,NSF Postdoctoral Fellowship in Biology FY 2016,DiRenzo                 Graziella      V
1610889,2016-07-08,138000,Fellowship Award,NSF Postdoctoral Fellowship in Biology FY 2016,Udiani                  Oyita
1612032,2016-07-08,138000,Fellowship Award,NSF Postdoctoral Fellowship in Biology FY 2016,Stull                   Gregory        W
1565030,2016-07-11,708813,Continuing Grant,ABI Development: Pathview: a systematic solution for pathway based analytics and visualization,University of North Carolina at Charlotte
1609284,2016-07-11,250440,Fellowship Award,NSF Postdoctoral Fellowship in Biology FY 2016,Donihue                 Colin          M
1611562,2016-07-11,138000,Fellowship Award,NSF Postdoctoral Fellowship in Biology FY 2016,Putman                  Breanna        J
1611948,2016-07-11,138000,Fellowship Award,NSF Postdoctoral Fellowship in Biology FY 2016,Lutz                    Holly          L
1612230,2016-07-11,138000,Fellowship Award,NSF Postdoctoral Fellowship in Biology FY 2016,Olsen                   Aaron          M
1612234,2016-07-11,174768,Fellowship Award,NSF Postdoctoral Fellowship in Biology FY 2016,Turnell                 Biz            R
1624453,2016-07-11,233693,Standard Grant,Enhancing Capacity for Research and Education at the CCMI Little Cayman Research Centre,Central Caribbean Marine Institute
1624593,2016-07-11,231055,Standard Grant,FSML: Acquisition of instrumentation at the Skidaway Institute of Oceanography to establish a Laboratory for Imaging Microbial Ecology (LIME),University of Georgia Research Foundation Inc
1624182,2016-07-13,499978,Continuing Grant,RCN-UBE:  PULSE Ambassadors - Creating a National Leadership Network to Accelerate Departmental Transformation towards Vision and Change,Longwood University
1624434,2016-07-15,25000,Standard Grant,"Development of a Longitudinal Strategic Plan for Research and Education at The Cayo Santiago Field Station, Puerto Rico",University of Puerto Rico Medical Sciences Campus
1557428,2016-07-20,499224,Continuing Grant,CSBR: Natural History: Preservation of Carnegie Museum of Natural History's Herpetology Collection,Carnegie Institute
1560388,2016-07-20,348797,Standard Grant,REU Site: Enabling Analysis and Design of Complex Biological Systems through Data Science,Tufts University
1561280,2016-07-20,280798,Continuing Grant,CSBR: Natural History:  Making a large impact on a small herbarium:  Integration of un-accessioned and orphaned specimens to secure and promote wider use of the collection,"Georgia Southern University Research and Service Foundation, Inc"
1561448,2016-07-20,474509,Continuing Grant,CSBR: Natural History: Rehabilitation and Revitalization of the Purdue Entomological Research Collection,Purdue University
1564521,2016-07-20,206774,Standard Grant,Collaborative Research: ABI Development: A User-friendly Tool for Highly Accurate Video Tracking,University of Arizona
1564678,2016-07-20,86443,Standard Grant,Collaborative Research: ABI Development: A User-friendly Tool for Highly Accurate Video Tracking,University of California-Santa Barbara
1564850,2016-07-20,1361015,Continuing Grant,Collaborative Research: ABI Development: A User-friendly Tool for Highly Accurate Video Tracking,University of North Carolina at Charlotte
1564927,2016-07-20,412326,Standard Grant,Collaborative Research: ABI Development: ORIGIN: Origin Inference from Geospatial Isotope Networks,Purdue University
1564947,2016-07-20,378833,Standard Grant,Collaborative Research: ABI Development: ORIGIN: Origin Inference from Geospatial Isotope Networks,University of Colorado at Denver
1564955,2016-07-20,557028,Standard Grant,ABI Development: Developing RaptorX Web Portal for Protein Structure and Functional Study,Toyota Technological Institute at Chicago
1565128,2016-07-20,719632,Continuing Grant,Collaborative Research: ABI Development: ORIGIN: Origin Inference from Geospatial Isotope Networks,University of Utah
1624688,2016-07-20,218726,Standard Grant,Gulf Coast Research Laboratory (GCRL) Museum Improvements and Modernization,University of Southern Mississippi
1624073,2016-07-21,270109,Standard Grant,Transforming Chemical Ecology by Enabling Measurement of Volatile Compounds in the Field,Rocky Mountain Biological Laboratory
1624143,2016-07-21,50000,Standard Grant,RCN-UBE Incubator: The Mid-Atlantic Biology Research and Career Network: Innovations in Biology Undergraduate Education,"Loyola University Maryland, Inc."
1624600,2016-07-21,199210,Standard Grant,FSML: Improvements to the Capacity of the Kewalo Marine Laboratory,University of Hawaii
1624761,2016-07-21,251996,Standard Grant,Huron to Erie Alliance for Research and Training (HEART) Field Station Improvements for Urban Watershed Research and Education,Wayne State University
1624837,2016-07-21,413065,Standard Grant,"SensorSpace:  A Cutting-edge Facility for Environmental Sensor Design, Production, and Deployment for Research and Education at Flathead Lake Biological Station",University of Montana
1644405,2016-07-21,443507,Standard Grant,"Meeting: Coordinating Global Brain Projects, Rockefeller University, September 19th, 2016",Columbia University
1624169,2016-07-26,49997,Standard Grant,RCN-UBE-Incubator: Environments and Metrics in Biology Education and Research,HARRIS-STOWE STATE UNIVERSITY
1640919,2016-07-28,49500,Standard Grant,Towards a Sustainable Management of Insect Collections in the U.S. through the Entomological Collections Management Workshop,Entomological Society of America
1561759,2016-08-04,108279,Standard Grant,CSBR: Ownership Transfer: Transfer of Orphaned Kettleman Hills Collection from San Francisco State University to the University of California Museum of Paleontology,University of California-Berkeley
1622772,2016-08-04,94190,Standard Grant,"Workshop:   FutureProofing Natural History Collections: Creating Sustainable Models for Research Resources; Fall, 2016, New Haven, CT",Ecological Society of America
1624000,2016-08-04,50000,Standard Grant,Life-Maker-Space:   Creating a hands-on environment for Undergraduate Biology Education & Next-Gen STEM Training through innovative design and Community Engagement,University of  Puget Sound
1650241,2016-08-05,60861,Standard Grant,EAGER:  Making code-based analyses widely accessible for modeling species niches and distributions,CUNY City College
1642534,2016-08-08,64605,Standard Grant,Conference: 50 Years of Interdisciplinary Research at the Duke Lemur Center: the power of biological infrastructure to advance knowledge,Duke University
1560871,2016-08-09,492520,Continuing Grant,CSBR: Natural History Collections: Critical Conservation of Paleontological Collections at the NCSM: A Platform to Engage Underserved Students in Citizen Science,Friends of the North Carolina State Museum of Natural Sciences
1624380,2016-08-09,332562,Standard Grant,Environmental Change Research Facility at BIOS,"Bermuda Institute of Ocean Sciences (BIOS), Inc."
1624447,2016-08-09,25000,Standard Grant,Developing a strategic plan for Pepperwood Preserve,Pepperwood Foundation
1624552,2016-08-09,329173,Standard Grant,"FSML: Improving collaborative research infrastructure at Gombe National Park, Tanzania",The Jane Goodall Institute
1624645,2016-08-09,310385,Standard Grant,A marine Unoccupied Aircraft Systems (UAS) facility: Building capacity for high-resolution remote sensing and analysis of marine and coastal ecosystems,Duke University
1626093,2016-08-09,121768,Standard Grant,MRI: Acquisition of Multi-Mode Microplate Detection System for the Multidisciplinary Research Track at Molloy College,MOLLOY UNIVERSITY
1649418,2016-08-09,50000,Standard Grant,2017 BIOLOGY REU WORKSHOP:   Enhancing and Strengthening the REU Experience Through Culturally Responsive Mentoring and Program Evaluation,University of Wisconsin-Madison
1561269,2016-08-12,313100,Standard Grant,CSBR: Natural History: Digitized Images from the Cornell University Insect Collection Support D.I.Y. Entomological Training,Cornell University
1561706,2016-08-12,491705,Standard Grant,"CSBR: Natural History: Securing, Expanding, and Making Accessible the Roosevelt Wild Life Collections at the SUNY College of Environmental Science and Forestry",SUNY College of Environmental Science and Forestry
1561774,2016-08-12,495633,Continuing Grant,"CSBR: Natural History Collections: Housing, Databasing, Digitizing and Accessibility Upgrades to the Largest Pacific Island Land Snail Collection (Bishop Museum)",Bernice P Bishop Museum
1624174,2016-08-12,485852,Standard Grant,RCN-UBE: Yeast Orphan Gene Project: Finding a place for ORFans to GO,Juniata College
1624820,2016-08-12,288617,Standard Grant,Integrated Analytical Laboratory and Specialized Storage Renovation,"Center For Coastal Studies, Inc."
1624984,2016-08-12,118475,Standard Grant,MRI: Acquisition of a FlowCam to enhance Marine Science Research and Education at the University of New England,University of New England
1646666,2016-08-12,561547,Standard Grant,Creating a STEM-capable Workforce by Supporting REU Student Participation in Professional Conferences,Rocky Mountain Biological Laboratory
1561258,2016-08-15,302966,Standard Grant,"CSBR: Natural History: Compact Mobile Storage Retrofit, Electrical to Mechanical, Missouri Botanical Garden",Missouri Botanical Garden
1624654,2016-08-15,65063,Standard Grant,MRI:  Acquisition of a Nucleic Acid Analyzer for Research and Teaching,Kennesaw State University Research and Service Foundation
1625444,2016-08-15,31919,Standard Grant,MRI: Acquisition of a Real-Time PCR System for Undergraduate Research and Education including Science Outreach.,Saint Francis University
1625545,2016-08-15,38125,Standard Grant,MRI:   Acquisition of a BioSpectrum Advanced Imaging System for Interdisciplinary Research and Undergraduate Research Training,SUNY College at Geneseo
1625841,2016-08-15,33455,Standard Grant,MRI:  Acquisition of a quantitative real-time gene expression monitoring system for undergraduate research and teaching at Pace University 2016,Pace University
1645520,2016-08-16,164038,Standard Grant,Digitization TCN: Collaborative Research: The Cretaceous World: Digitizing Fossils to Reconstruct Evolving Ecosystems in the Western Interior Seaway,Paleontological Research Institute
1651208,2016-08-17,41915,Standard Grant,Digitization TCN:   Collaborative Research: Digitizing Fossils to Enable New Syntheses in Biogeography - Creating a PALEONICHES-TCN,Paleontological Research Institute
1641223,2016-08-22,866448,Continuing Grant,CAREER: Towards the Next Generation of Data-Driven,Washington State University
1624642,2016-08-24,158449,Standard Grant,Expanding Access to Marine Research and Training in Narragansett Bay,Roger Williams University
1547229,2016-08-25,15486746,Cooperative Agreement,Digitization:  iDigBio: Integrated Digitized Biocollections Phase 2,University of Florida
1559733,2016-08-26,197597,Standard Grant,Implementation of a relational database for the Sternberg Museum paleontology collection,Fort Hays State University
1561429,2016-08-26,224243,Standard Grant,CSBR: Natural History Collections: Unlocking the Fossil Cabinet: Improving Conservation and Accessibility of Invertebrate Paleontology Collections at the Natural History Museum of,Los Angeles County Museum of Natural History Foundation
1561572,2016-08-26,315948,Continuing Grant,"CSBR: Living Stock Collections: A ""Biological Gold Mine"" of plant natural products and pathways for biochemical and evolutionary studies",University of Massachusetts Amherst
1561743,2016-08-26,478094,Standard Grant,CSBR: Natural History: Development of the Arkansas Center for Biodiversity Collections to advance biodiversity research and education,Arkansas State University Main Campus
1561748,2016-08-26,499865,Standard Grant,Securing the collection of University of Montana's Zoological Museum,University of Montana
1564925,2016-08-26,762089,Standard Grant,ABI Sustaining: Enabling the preservation of research data underlying scientific findings through the Dryad Digital Repository,University of North Carolina at Chapel Hill
1624171,2016-08-26,500000,Standard Grant,"RCN UBE: MIRC and MB Research Coordination - Food, Energy, Water, Ecosystem Resources (FEWER)",University of Arkansas
1624191,2016-08-26,499056,Standard Grant,"RCN-UBE: 3dNaturalists bioblitzes, citizen science, and undergraduate learning",Colorado State University
1600051,2016-08-29,77284,Standard Grant,Index Herbariorum Upgrade: A Project to Improve Access to Information about the World's Plant and Fungal Collections Assets,New York Botanical Garden
1624785,2016-08-29,194951,Standard Grant,"FSML: Improved research infrastructure to monitor ecosystem dynamics under ongoing climate change at the La Selva Research Station, Costa Rica",Organization for Tropical Studies Inc
1559908,2016-08-30,315948,Standard Grant,Collaborative Research: REU Site: Phenotypic plasticity research experience for community college students,University of Illinois at Urbana-Champaign
1559929,2016-08-30,44184,Standard Grant,Collaborative Research: REU Site: Phenotypic plasticity research for community college students,Parkland College
1561737,2016-09-01,389385,Continuing Grant,CSBR: Ownership Transfer. Rescuing three imperiled Kentucky herbaria and integrating them into the Mid-South's most active herbarium at Austin Peay State University (APSC),Austin Peay State University
1624613,2016-09-01,539132,Standard Grant,MRI:Acquisition of a Zeiss LSM 880 confocal microscope with Airyscan for research and training at North Carolina State University.,North Carolina State University
1625004,2016-09-01,196283,Standard Grant,"MRI: Acquisition of an Inductively Coupled Plasma-Mass Spectrometer: A Hub for Fundamental Interdisciplinary Chemical Research, Applications, and Research Training",Hampshire College
1625473,2016-09-01,649261,Standard Grant,MRI: Acquisition of a Nikon SIM & STORM capable super-resolution fluorescent microscope as a shared instrument for the Penn State research community,Pennsylvania State Univ University Park
1625721,2016-09-01,674275,Standard Grant,MRI: Acquisition of a 400 MHz NMR Spectrometer for Expanding Research and Research Training at San Francisco State University,San Francisco State University
1626072,2016-09-01,454399,Standard Grant,MRI: Acquisition of a super-resolution microscope for Boston College,Boston College
1626073,2016-09-01,403189,Standard Grant,MRI: Acquisition of a laser scanning confocal microscope to support faculty-student collaborative scholarship at a research-intensive liberal arts college,Franklin and Marshall College
1626166,2016-09-01,282390,Standard Grant,MRI: Acquisition of Confocal Laser Scanning Microscope for Research and Training in the Biological Sciences,Saint Lawrence University
1626257,2016-09-01,250000,Standard Grant,MRI: Acquisition of a genomic sequencer within a shared resource facility for interdisciplinary sciences and training at Oklahoma State University,Oklahoma State University
1626406,2016-09-01,544343,Standard Grant,MRI: Acquisition of a Fluorescence-Avtivated Cell Sorter (FACS) to Enhance High-Impact Learning,Chico State Enterprises
1626407,2016-09-01,101048,Standard Grant,MRI: Acquisition of a Ploidy Analyzer at Chicago Botanic Garden,Chicago Horticultural Society
1626609,2016-09-01,307723,Standard Grant,MRI:Acquisition of an PacBio Sequel System,Brigham Young University
1561390,2016-09-02,452348,Continuing Grant,CSBR: Natural History: Stabilization and Accessibility of the National Water-Quality Assessment Macroinvertebrate Collection,University of Minnesota-Twin Cities
1561663,2016-09-02,228276,Standard Grant,"CSBR-Ownership Transfer: Curate, Preserve and Transfer Agriculturally and Environmentally Significant Microorganisms to established laboratories equipped for preservation and distr",University of Hawaii
1565098,2016-09-02,816491,Continuing Grant,ABI Sustaining: Supporting Biological Collections Computing with Specify,University of Kansas Center for Research Inc
1625779,2016-09-02,430900,Standard Grant,"MRI: Acquisition of a Laser Scanning Confocal Microscope for the Core, Multi-User Microscopy Facility at Appalachian State University",Appalachian State University
1649997,2016-09-05,99776,Standard Grant,"Workshop:   Optimizing NEON Science; Fall, 2016; Boulder, Colorado",Battelle Memorial Institute
1626618,2016-09-07,165049,Standard Grant,MRI:  Empowering Plant Science Research at Rancho Santa Ana Botanic Garden with High Resolution and Variable Pressure Scanning Electron Microscopy Instrumentation,Rancho Santa Ana Botanic Garden
1639145,2016-09-08,28200000,Cooperative Agreement,"The National Socio-Environmental Synthesis Center (SESYNC):  Advancing socio-environmental research through computational, theoretical, and interdisciplinary science","University of Maryland, College Park"
1624104,2016-09-09,498814,Standard Grant,RCN-UBE:The Neuroscience Case Network (NeuroCaseNet),Emory University
1624205,2016-09-09,154900,Standard Grant,FSML: Enhancing long-term research through improved sample archiving at the University of Michigan Biological Station (UMBS),Regents of the University of Michigan - Ann Arbor
1624675,2016-09-09,132831,Standard Grant,Enhancing the capabilities and integration of a long-term marine biological monitoring program,University of Maryland Center for Environmental Sciences
1624705,2016-09-09,171473,Standard Grant,A Screened Lab Addition to Enhance New Ecological Research at Clemson's Baruch Institute,Clemson University
1600976,2016-09-12,13757,Standard Grant,Collaborative Research: Digitization TCN: The Mid-Atlantic Megalopolis: Achieving a greater scientific understanding of our urban world,Howard University
1600981,2016-09-12,218024,Standard Grant,Collaborative Research: Digitization TCN: The Mid-Atlantic Megalopolis: Achieving a greater scientific understanding of our urban world,New York Botanical Garden
1601101,2016-09-12,65494,Standard Grant,Collaborative Research: Digitization TCN: The Mid-Atlantic Megalopolis: Achieving a greater scientific understanding of our urban world,Rutgers University New Brunswick
1601393,2016-09-12,72716,Standard Grant,Collaborative Research: Digitization TCN: The Mid-Atlantic Megalopolis: Achieving a greater scientific understanding of our urban world,Delaware State University
1601429,2016-09-12,102822,Standard Grant,Collaborative Research: Digitization TCN: The Mid-Atlantic Megalopolis: Achieving a greater scientific understanding of our urban world,"University of Maryland, College Park"
1601503,2016-09-12,626928,Standard Grant,Collaborative Research: Digitization TCN: The Mid-Atlantic Megalopolis: Achieving a greater scientific understanding of our urban world,Academy of Natural Sciences Philadelphia
1601697,2016-09-12,432921,Standard Grant,Collaborative Research: Digitization TCN: The Mid-Atlantic Megalopolis: Achieving a greater scientific understanding of our urban world,University of Pennsylvania
1625044,2016-09-12,917033,Standard Grant,MRI: Acquisition of a Smart Sensor Web for understanding freshwater ecosystems,Rensselaer Polytechnic Institute
1625573,2016-09-12,581702,Standard Grant,"MRI-ACQUISITION OF A SHARED MULTI-COLLECTOR INDUCTIVELY COUPLED MASS SPECTROMETER (MC-ICP-MS) TO BENEFIT TEACHING, FEDERAL, STATE, AND NATIONAL RESEARCH NEEDS IN THE ARCTIC",University of Alaska Fairbanks Campus
1625770,2016-09-12,586812,Standard Grant,"MRI: Acquisition of a Fast-scanning Confocal Microscope to Advance Biophysics, Neuroscience and Bioengineering Research and Training",University of California-Santa Barbara
1625906,2016-09-12,700000,Standard Grant,MRI Consortium: Development of Sample Delivery Instrument for Femtosecond Diffraction Studies,Stanford University
1626184,2016-09-12,210813,Standard Grant,MRIConsortium: Collaborative Development of Sample Delivery Instrument for Femtosecond Diffraction Studies,University of California-San Francisco
1626468,2016-09-12,699070,Standard Grant,MRI: Acquisition of a High Resolution/Accurate Orbitrap Mass Spectrometer for Multi-Disciplinary research in the State of New Mexico,New Mexico State University
1649161,2016-09-12,299975,Standard Grant,NSF INCLUDES: Alliance to Strengthen the STEM Tapestry (ASSisT): Motivating Critical Identity Shifts to Weave the STEM Disenfranchised into Science and the Sustainability Workforce,University of Utah
1649164,2016-09-12,67948,Standard Grant,NSF INCLUDES: Collaborative Proposal: Coastal Almanac,Western Washington University
1649207,2016-09-12,65635,Standard Grant,NSF INCLUDES: Collaborative Proposal: Coastal Almanac,Oregon State University
1649210,2016-09-12,166403,Standard Grant,NSF INCLUDES: Collaborative Proposal: Coastal Almanac,University of Washington
1649310,2016-09-12,299995,Standard Grant,NSF INCLUDES:  Early Engagement in Research: key to STEM retention,Columbia University
1650452,2016-09-12,249923,Standard Grant,DCL INCLUDES: Bridging Engineering Science and Technology (BEST),University of Akron
1650570,2016-09-12,251235,Standard Grant,DCL: NSF INCLUDES - California STEM INCLUDES Conference and Network,University of California-Irvine
1601700,2016-09-14,131334,Continuing Grant,Digitization Pen:   Augmenting the temporal and geographic range of invertebase through additional collaboration of the Chicago Academy of Sciences,Chicago Academy of Sciences
1622196,2016-09-15,167223,Standard Grant,SSSC Plumbing and Energy Reliability Improvements,SITKA SOUND SCIENCE CENTER INC
1624200,2016-09-15,483966,Standard Grant,The PALM Network: Enhancing undergraduate biology education and building the professional biology educators workforce through long-term mentorships,American Society For Cell Biology
1624228,2016-09-15,71189,Standard Grant,FSML: Improving Information Technology to Facilitate Research at the Pymatuning Laboratory of Ecology,University of Pittsburgh
1624860,2016-09-15,184233,Standard Grant,Improved cyberinfrastructure to support data driven research in a model social-ecological system,University of California-Berkeley
1626587,2016-09-15,429737,Standard Grant,MRI:  Acquisition of MoFlo XDP FACS Sorter,University of Texas at El Paso
1643073,2016-09-15,300000,Continuing Grant,Core Support for the Board on Life Sciences,National Academy of Sciences
1624707,2016-09-16,114427,Standard Grant,Construction of Research Aviaries at the Smithsonian Tropical Research Institute,Smithsonian Institution
1625364,2016-09-16,873718,Standard Grant,MRI: Development of a PhenoNet - an Integrated Robotic Network for Field-based Studies of Genotype x Environment Interactions,Iowa State University
1556313,2016-09-20,344148,Standard Grant,Collaborative Research: IDBR: Type B: An Open-Source Radio Frequency Identification System for Animal Monitoring,University of Oklahoma Norman Campus
1556316,2016-09-20,156693,Standard Grant,Collaborative Research: IDBR: Type B: An Open-Source Radio Frequency Identification System for Animal Monitoring,Ohio University
1548297,2016-09-22,24000000,Cooperative Agreement,Center for cellular construction,University of California-San Francisco
1661702,2016-10-11,145891,Standard Grant,Collaborative Research: IDBR: Type A: The Nanosizer: A New Tool for the Photochemical Fabrication of Bioactive Nanoarrays,Research Foundation CUNY - Advanced Science Research Center
1660000,2016-10-21,184686,Standard Grant,Collaborative Research: ABI Development: Creating a generic workflow for scaling up the production of species ranges,Yale University
1664918,2016-10-26,794836,Standard Grant,ABI Development: Improved Tools for Population Genomics,California State University San Marcos Corporation
1707207,2016-11-04,546826,Continuing Grant,ABI Innovation: Development of Glycan Modeling and Simulation Toolset,Lehigh University
1655063,2016-11-17,67366,Standard Grant,"Workshop: NEON Bioarchive, Bringing Together the Ecological and Collections Communities",University of Florida
1716340,2016-12-01,585722,Standard Grant,ABI Innovation: A New Framework to Analyze Plant Energy-related Phenomics Data,University of Kentucky Research Foundation
1659175,2017-02-03,796832,Continuing Grant,REU Site: Research in Environmental Studies and Evolutionary Developmental Biology,San Francisco State University
1659816,2017-02-03,500073,Continuing Grant,REU Site: Ecology and Evolutionary Biology at the University of Virginia's Blandy Experimental Farm,University of Virginia Main Campus
1624527,2017-02-09,193459,Standard Grant,"RUI: Acquisition of Tools for an Ecosystem-Based Approach to Fisheries and Aquatic Resource Research, Education, and Management",SUNY College at Oneonta
1655751,2017-02-13,714992,Standard Grant,NSFDEB-NERC: The evolution of visual systems during major life history transitions in frogs,University of Texas at Arlington
1659599,2017-02-13,340410,Standard Grant,REU  Site: Microbial community interactions and functions,University of Tennessee Knoxville
1624601,2017-02-14,265151,Standard Grant,A MODERNIZED AQUATICS LABORATORY FOR  RESEARCH AND TRAINING AT HIGHLANDS BIOLOGICAL STATION,Western Carolina University
1659347,2017-02-15,333294,Continuing Grant,REU Site: Research Experience in Integrative and Evolutionary Biology,University of Massachusetts Boston
1659441,2017-02-15,298462,Standard Grant,REU Site: Dynamics of aridland ecosystems in the northern Chihuahuan Desert,University of New Mexico
1659537,2017-02-15,349997,Continuing Grant,REU Site: Brooklyn Urban Ecology and Environment Program (BUEE),CUNY Brooklyn College
1659604,2017-02-15,364965,Standard Grant,REU Site: Biological Discovery in Woods Hole,Marine Biological Laboratory
1659611,2017-02-15,487367,Continuing Grant,REU Site: Training and Experimentation in Computational Biology (TECBio),University of Pittsburgh
1659668,2017-02-15,307507,Standard Grant,REU Site: Global Change Ecology at the Smithsonian Environmental Research Center-SERC,Smithsonian Institution
1659680,2017-02-15,386633,Continuing Grant,REU Site: Discoveries in Genomics and Proteomics,University of Washington
1659683,2017-02-15,572256,Continuing Grant,REU Site: Population Biology of Infectious Diseases,University of Georgia Research Foundation Inc
1659889,2017-02-15,404991,Standard Grant,REU Site: Environmental Biology for Pacific Islanders,University of Hawaii
1659225,2017-02-23,373198,Continuing Grant,REU Site:  BioTechnology Sequencing-based Undergraduate Research Experience (BIT SURE),North Carolina State University
1659159,2017-03-01,348454,Standard Grant,"REU Site: Biological Signals: Information Flow, Exchange and Storage",University of Wisconsin-Madison
1658965,2017-03-03,352349,Standard Grant,REU Site: Summer Program in Neuroscience,University of Alabama at Birmingham
1659166,2017-03-03,340042,Standard Grant,REU Site: Nanobioengineering,Alabama State University
1659594,2017-03-03,390504,Continuing Grant,REU Site: SURFing the Interface between Chemistry and Biology,The Scripps Research Institute
1659812,2017-03-03,363003,Standard Grant,REU Site: Research Experiences in Plant Science at the Danforth Center,Donald Danforth Plant Science Center
1659857,2017-03-03,348652,Continuing Grant,"REU Site:  Assessment and Sustainable Management of Ecosystem Services at the Nexus of Food, Water, and Energy",University of Arkansas
1655148,2017-03-09,70437,Standard Grant,"Collaborative Research: SG: Fire, climate, and vegetation change in an oak savanna ecosystem from annual to millennial time scales",Kansas State University
1659556,2017-03-09,332122,Standard Grant,REU Site: Integrative Cell and Molecular Biology,University of Notre Dame
1655544,2017-03-10,710114,Standard Grant,Ecological dynamics of multi-mutualist communities,Syracuse University
1738243,2017-03-20,177315,Standard Grant,"ABI Development:  Access, visualization, and statistical tools for the analysis of butterfly monitoring data",Georgetown University
1659605,2017-03-23,509547,Continuing Grant,REU Site: Control of Gene Expression for Biological Effect,Trustees of Boston University
1659595,2017-03-24,306576,Standard Grant,REU Site: Interdisciplinary Undergraduate Summer Research in Biology,Marquette University
1651614,2017-04-04,979984,Continuing Grant,CAREER: Conservation of cohesin-containing cis regulatory modules in the human and mouse lineages,Regents of the University of Michigan - Ann Arbor
1652815,2017-04-04,783155,Continuing Grant,CAREER: Large-scale biological network integration with applications to automated function annotation,University of Illinois at Urbana-Champaign
1659490,2017-04-04,346042,Continuing Grant,REU Site in Molecular Genetics & Cell Biology at The University of,University of Chicago
1652164,2017-04-06,911093,Continuing Grant,CAREER: Evolutionary Genomics of Enzymes for Complex Carbohydrate Metabolism,Northern Illinois University
1652892,2017-04-06,616427,Continuing Grant,"CAREER: Towards Fast, Multi-Parametric, Low-Radiation X-Ray Microscopy",University of Houston
1659649,2017-04-06,426996,Continuing Grant,REU Site: A Cyberlinked Program in Computational Biomolecular Structure & Design,Johns Hopkins University
1659630,2017-04-14,327470,Continuing Grant,REU Site: Undergraduate Research in Computational Biology at Mississippi State University,Mississippi State University
1659726,2017-04-17,588674,Continuing Grant,REU Training Site: Molecular Biophysics,Princeton University
1659752,2017-04-17,295212,Continuing Grant,REU Site:   Research Experience for Undergraduates in Genetic and Biochemical Mechanisms of Prokaryotic and Eukaryotic Organisms,Louisiana State University Health Sciences Center
1659409,2017-04-21,375051,Continuing Grant,REU Site: Research by Undergraduates using Molecular Biology Applications (RUMBA),San Jose State University Foundation
1659831,2017-04-25,353166,Continuing Grant,REU Site: Summer Research Projects in Neuroscience,University of Missouri-Columbia
1659858,2017-04-25,329204,Standard Grant,REU Site:  Indigenous America to Indigenous Mekong - Adventures in Biology and Biodiversity,University of Arkansas
1655571,2017-04-27,867402,Standard Grant,"Systematics, introgression, and adaptation in Western Rattlesnakes: a model system for studying gene flow, selection, and speciation",University of Texas at Arlington
1659873,2017-05-01,359864,Continuing Grant,REU Site: NSF REU in Molecular Biosciences,University of California-San Francisco
1658663,2017-05-02,241030,Standard Grant,REU Site Mystic Aquarium: Collaborative Research: Investigating the Consequences of Global Change on Marine Animals and their Ecosystems,Sea Research Foundation
1658742,2017-05-02,42798,Standard Grant,REU Site Mystic Aquarium: Collaborative Research: Investigating the Consequences of Global Change on Marine Animals and their Ecosystems,University of Connecticut
1658704,2017-05-04,341707,Continuing Grant,REU Site: Cell and Molecular Visualization at Brandeis University,Brandeis University
1659534,2017-05-04,326825,Continuing Grant,REU site: REU Molecular Biology and Genetics of Cell Signaling,Cornell University
1660584,2017-05-04,658634,Standard Grant,ABI Innovation: Empirical Dynamics: A Next-Generation Approach For Uncovering Hidden Causal Links in Gene Expression,University of California-San Diego Scripps Inst of Oceanography
1661029,2017-05-05,403649,Standard Grant,ABI Innovation: Posterior Predictive Checks of Evolutionary Models.,"OHIO STATE UNIVERSITY, THE"
1661259,2017-05-08,903339,Standard Grant,Collaborative Research: ABI Innovation: Dark Ecology: Deep Learning and Massive Gaussian Processes to Uncover Biological Signals in Weather Radar,University of Massachusetts Amherst
1661329,2017-05-08,309306,Standard Grant,Collaborative Research: ABI Innovation: Dark Ecology: Deep Learning and Massive Gaussian Processes to Uncover Biological Signals in Weather Radar,Cornell University
1660921,2017-05-10,695000,Standard Grant,ABI Innovation: A Metabolomics Toolkit for NMR and Mass Spectrometry,University of Nebraska-Lincoln
1661152,2017-05-10,648874,Standard Grant,ABI Development: systemPipeR - automated NGS workflow and report generation environment,University of California-Riverside
1661344,2017-05-10,204289,Standard Grant,Collaborative Research: Deciphering the Genetic Diversity of Viruses through Gene Networks,New Mexico Institute of Mining and Technology
1661357,2017-05-10,676340,Standard Grant,Collaborative Research: Deciphering the Genetic Diversity of Viruses through Gene Networks,Loyola University of Chicago
1661391,2017-05-10,883059,Standard Grant,Collaborative Project: ABI Innovation: Computational Identification & Screening for Deleterious Mutants,Iowa State University
1658694,2017-05-15,358834,Continuing Grant,REU Site: Warm-water aquatic ecology,Auburn University
1661485,2017-05-15,641763,Standard Grant,"ABI Innovation: Authors in the driver's seat: fast, consistent, computable phenotype data and ontology production",University of Arizona
1658984,2017-05-24,349822,Continuing Grant,REU Site: Restoring cattle ranches for sustainable land and water resources,Tarleton State University
1723203,2017-05-26,386876,Standard Grant,"Acquisition of a Coupled BioInert LC/Triple-Quad ICP-MS System for Critical Equipment Upgrades, Innovative Marine Biochemical Research, and Graduate Training",University of Maryland Center for Environmental Sciences
1661497,2017-06-01,1659890,Continuing Grant,ABI Development: Leveraging NSF-funded national cyberinfrastructure to spearhead biological discovery with Galaxy,Pennsylvania State Univ University Park
1710769,2017-06-16,138000,Fellowship Award,NSF Postdoctoral Fellowship in Biology FY 2017: Parental programming via epigenetic modifications to female and male gametes,Hellmann                Jennifer       K
1711854,2017-06-16,138000,Fellowship Award,NSF Postdoctoral Fellowship in Biology FY 2017: Evolution of Defensive Traits and Diversification in Catfishes,Tan                     Milton
1711856,2017-06-16,207000,Fellowship Award,NSF Postdoctoral Fellowship in Biology FY 2017: Survival in extreme environments through cooperation: biofilms and looking for life on Mars,Prescott                Rebecca        D
1711936,2017-06-16,138000,Fellowship Award,NSF Postdoctoral Fellowship in Biology FY 2017: Leveraging digital herbaria and crowd-sourced photos to understand climate-driven disruption of community flowering phenology,Breckheimer             Ian            K
1711968,2017-06-16,138000,Fellowship Award,NSF Postdoctoral Fellowship in Biology FY 2017: An Empirical Approach to Understanding Extinction by Direct Incorporation of Fossil and Sub-fossil Morphological and Molecular Data,Buckner                 Janet          C
1711980,2017-06-16,138000,Fellowship Award,NSF Postdoctoral Fellowship in Biology FY 2017: Ecology and biomechanics of insect-plant interactions in wind,Burnett                 Nicholas       P
1712015,2017-06-16,138000,Fellowship Award,"NSF Postdoctoral Fellowship in Biology FY 2017: Evolutionary morphology and cranial constraints in piranhas, pacus, and their allies",Kolmann                 Matthew        A
1734336,2017-06-16,49980,Standard Grant,"Conference: Dream Catcher or Dream Killer: The Impact of Gateway Courses on Transfer Students in the Biological Sciences; U.C-Davis; Summer/Fall, 2017",University of California-Davis
1744392,2017-06-16,49622,Standard Grant,Engaging Students in Biodiversity Collections through a Network of Natural History Collections Clubs: A SPNHC 2017 workshop,Arkansas State University Main Campus
1744548,2017-06-16,28990,Standard Grant,"Workshop: Reducing Cultural Barriers to STEM for Native Hawaiians and Pacific Islanders, a collaborative proposal.",University of Hawaii
1744654,2017-06-16,21008,Standard Grant,"Workshop: Reducing Cultural Barriers to STEM for Native Hawaiians and Pacific Islanders, a collaborative proposal.",Guam Community College
1711032,2017-06-19,138000,Fellowship Award,NSF Postdoctoral Fellowship in Biology FY 2017: Historical pathogen dynamics of an epidemic invasion,Jenkinson               Thomas         S
1711847,2017-06-19,207000,Fellowship Award,NSF Postdoctoral Fellowship in Biology FY 2017: Elucidating the role of enhancers in hominid craniofacial evolution and diseases,Mohammed                Jaaved
1707519,2017-06-21,138000,Fellowship Award,NSF Postdoctoral Fellowship in Biology FY 2017: Morphological Variation and Molecular Origination of Chiropteran Wing Membranes,Urban                   Daniel         J
1708926,2017-06-21,138000,Fellowship Award,"NSF Postdoctoral Fellowship in Biology FY 2017: Eco-evolutionary processes linking hosts, microbial symbionts, and pathogens",Hernandez-Gomez         Obed
1708931,2017-06-21,138000,Fellowship Award,"NSF Postdoctoral Fellowship in Biology FY 2017: Mites, microbes, and fungal pathogens: the ecology and evolution of an indirect defense trait",Zemenick                Ash            T
1708942,2017-06-21,138000,Fellowship Award,NSF Postdoctoral Fellowship in Biology FY 2017: Evolutionary patterns in sand-entrapment in plants and consequences for insect herbivores,LoPresti                Eric
1709911,2017-06-21,138000,Fellowship Award,NSF Postdoctoral Fellowship in Biology FY 2017: Cellular mechanisms for preferential intracellular pH regulation,Roa                     Jinae          N
1710663,2017-06-21,138000,Fellowship Award,NSF Postdoc Fellowship in Biology FY 2017: Exploring the evolutionary stability of larval type: a phylogenetic analysis of developmental patterns in extant and extinct sea biscuits,Armstrong               Anne           F
1710782,2017-06-21,138000,Fellowship Award,NSF Postdoctoral Fellowship in Biology FY 2017: The effect of intraspecific variation on interactions among species,Noto                    Akana
1710791,2017-06-21,207000,Fellowship Award,NSF Postdoctoral Fellowship in Biology FY 2017: Do sick frogs increase reproductive investment? A behavioral and physiological examination of the terminal investment hypothesis,Hammond                 Talisin
1711245,2017-06-21,138000,Fellowship Award,NSF Postdoctoral Fellowship in Biology FY 2017: THE ROLE OF THE NORTH AMERICAN MONSOON IN THE ANNUAL MOLT OF MIGRATORY BIRDS,Terrill                 Ryan
1711359,2017-06-21,138000,Fellowship Award,NSF Postdoctoral Fellowship in Biology FY 2017: Evolution and Systematics of Nudibranchia,Stout                   Carla          C
1711366,2017-06-21,138000,Fellowship Award,NSF Postdoc Fellowship in Biology FY 2017: Scaling up impacts of rainfall seasonality on tropical forest composition and function from herbarium collections and remote sensing data,Schwartz                Naomi          B
1711545,2017-06-21,138000,Fellowship Award,NSF Postdoctoral Fellowship in Biology FY 2017: The genetic basis of host range and specificity in the fungal parasite Escovopsis,Conn                    Caitlin        E
1711564,2017-06-21,138000,Fellowship Award,NSF Postdoctoral Fellowship in Biology FY 2017: Ecological Costs and Consequences of Artificial Light at Night,Thawley                 Christopher    J
1711680,2017-06-21,138000,Fellowship Award,NSF Postdoctoral Fellowship in Biology FY 2017: The Evolution of Metamorphosis in Scyphozoan Jellyfish,Helm                    Rebecca        R
1711703,2017-06-21,138000,Fellowship Award,NSF Postdoctoral Fellowship in Biology FY 2017: Mechanisms of phenotypic variation in Polistes paper wasps,Miller                  Sara           E
1711817,2017-06-21,138000,Fellowship Award,NSF Postdoctoral Fellowship in Biology FY 2017,Hook                    Kristin        A
1711984,2017-06-21,207000,Fellowship Award,NSF Postdoctoral Fellowship in Biology FY 2017: Improving RNA-Seq Analysis through Graph-based Analysis and Computational Indexing,Pierce                  Nuri           T
1711167,2017-06-22,138000,Fellowship Award,"NSF Postdoctoral Fellowship in Biology FY 2017: Patterns, drivers and consequences of land-use transitions: urban agriculture as a model system",Ong                     Theresa        W
1711319,2017-06-22,138000,Fellowship Award,"NSF Postdoctoral Fellowship in Biology FY 2017: A large-scale, experimental test of local adaption in the eastern oyster along a natural salinity gradient in the Gulf of Mexico",Johnson                 Kevin          M
1741150,2017-06-25,31625,Standard Grant,"Conference: Facilitating Science Teaching Skill Development of Graduate Students, Postdoctoral Fellows and Building Networks of Comm. College and 4-Year Institution Science Faculty",University of Tampa
1661490,2017-06-28,669458,Standard Grant,ABI Innovation: Improved modeling of marker-trait associations in polypoid and diploid organisms using genotyping-by-sequencing with genotype uncertainty,University of Illinois at Urbana-Champaign
1661331,2017-06-29,814942,Standard Grant,ABI INNOVATION: Molecular Network Inference via Nonparametric Functional Dependencies,New Mexico State University
1661338,2017-06-29,1029606,Continuing Grant,ABI Innovation: Tools for reconstructing mobile genetic elements from shotgun metagenomic data,Cornell University
1723073,2017-06-29,25000,Standard Grant,Strategic Planning for the Bartlett-Crowe Field Station,Emory and Henry College
1661132,2017-06-30,505997,Continuing Grant,ABI Development: Collaborative Research: The first open access digital archive for high fidelity 3D data on morphological phenomes,Pennsylvania State Univ University Park
1708945,2017-06-30,207000,Fellowship Award,"NSF Postdoctoral Fellowship in Biology FY 2017: How does temperature affect pathogens, microbiota, and medicinal value of flowers for bumble bees?",Palmer-Young            Evan           C
1711243,2017-06-30,138000,Fellowship Award,NSF Postdoctoral Fellowship in Biology FY 2017: Reconstructing CO2 fertilization with herbaria,Anderegg                Leander
1661386,2017-07-03,1360912,Continuing Grant,ABI Development: Collaborative Research: The first open access digital archive for high fidelity 3D data on morphological phenomes,Duke University
1655121,2017-07-05,351299,Continuing Grant,Collaborative Research: Causes and consequences of fire-regime variability in Rocky Mountain forests,University of Montana
1655179,2017-07-05,137541,Standard Grant,Collaborative Research: Causes and consequences of fire-regime variability in Rocky Mountain forests,Kansas State University
1655183,2017-07-05,194238,Continuing Grant,Collaborative Research: Causes and consequences of fire-regime variability in Rocky Mountain forests,Regents of the University of Idaho
1655189,2017-07-05,177009,Standard Grant,Collaborative Research: Causes and consequences of fire-regime variability in Rocky Mountain forests,University of Wyoming
1660908,2017-07-05,975221,Standard Grant,3D Reconstruction of Inherently Flexible Macromolecular Assemblies.,University of Vermont & State Agricultural College
1665396,2017-07-05,476943,Standard Grant,Sustaining Biological Infrastructure:  Expanding and Enhancing an ESA Training Initiative for Project Directors,Ecological Society of America
1661156,2017-07-06,384948,Standard Grant,Collaborative Research: ABI Innovation:  Improving high performance super computer aquatic ecosystem models with the integration of real-time citizen science data,Indiana University
1661280,2017-07-06,387057,Standard Grant,Collaborative Research: ABI Innovation: Towards Computational Exploration of Large-Scale Neuro-Morphological Datasets,University of North Carolina at Charlotte
1661289,2017-07-06,296001,Standard Grant,Collaborative Research: ABI Innovation: Towards Computational Exploration of Large-Scale Neuro-Morphological Datasets,Washington State University
1661324,2017-07-06,125334,Standard Grant,Collaborative Research: ABI Innovation:  Improving high performance super computer aquatic ecosystem models with the integration of real-time citizen science data,SUNY at Buffalo
1661348,2017-07-06,761428,Standard Grant,Collaborative Research: ABI Innovation: A Scalable Framework for Visual Exploration and Hypotheses Extraction of Phenomics Data using Topological Analytics,Washington State University
1661375,2017-07-06,288131,Standard Grant,Collaborative Research: ABI Innovation: A Scalable Framework for Visual Exploration and Hypotheses Extraction of Phenomics Data using Topological Analytics,University of Utah
1661475,2017-07-06,200000,Standard Grant,Collaborative Research: ABI Innovation: A Scalable Framework for Visual Exploration and Hypotheses Extraction of Phenomics Data using Topological Analytics,Iowa State University
1661527,2017-07-07,257815,Standard Grant,Collaborative Research: ABI Innovation: Biofilm Resource and Information Database (BRaID): A Tool to Fuse Diverse Biofilm Data Types,National Center for Genome Resources
1661530,2017-07-07,299853,Standard Grant,Collaborative Research: ABI Innovation: Biofilm Resource and Information Database (BRaID): A Tool to Fuse Diverse Biofilm Data Types,Montana State University
1722513,2017-07-07,279341,Standard Grant,"An experimental facility to test the impacts of multiple physical stressors on physiology, ecology and genomics of marine species",Stanford University
1711201,2017-07-11,138000,Fellowship Award,NSF Postdoctoral Fellowship in Biology FY 2017: Evolution of complex characters: elucidating morphological correlates to the origin of luminescent courtship behaviors of ostracods,Goodheart               Jessica
1711932,2017-07-11,138000,Fellowship Award,NSF Postdoctoral Fellowship in Biology FY 2017: Incidence and Consequences of Prokaryotic Polyploidy,Moore                   Kristin        A
1730756,2017-07-11,499620,Standard Grant,RCN-UBE: Building capacity for evidence-based undergraduate field experiences,Oregon State University
1661414,2017-07-12,577733,Standard Grant,ABI Innovation: Computational Methods to Study Gene Transcription Initiation Patterns,The University of Central Florida Board of Trustees
1743681,2017-07-13,49979,Standard Grant,"Fire ecology research priorities across space and time: support for the Future of Fire workshop; Colorado Chautauqua National Historic Landmark; November, 2017",Kansas State University
1709418,2017-07-14,138000,Fellowship Award,NSF Postdoctoral Fellowship in Biology FY 2017: Regulation of microtubule structure and function by post-translational modifications,Schreiner               Sarah          M
1710645,2017-07-14,138000,Fellowship Award,NSF Postdoctoral Fellowship in Biology FY 2017: Historical Dynamics of Native Ant Communities of the Southeastern U.S.: Community Responses to Invasion by Exotic Ant Species,Booher                  Douglas        B
1710739,2017-07-14,138000,Fellowship Award,NSF Postdoctoral Fellowship in Biology FY 2017: Leveraging collections to quantify phenotype-genotype-environment associations underlying variation in songbird cryptic coloration,Mason                   Nicholas       A
1710792,2017-07-14,207000,Fellowship Award,NSF Postdoctoral Fellowship in Biology FY 2017: Patterns and processes in the evolution of nest construction in Ploceus weaverbirds,Habig                   Robert
1710956,2017-07-14,138000,Fellowship Award,NSF Postdoctoral Fellowship in Biology FY 2017: Impacts of social breeding on the evolution of cognition,Medina-Garcia           Angela
1711026,2017-07-14,207000,Fellowship Award,NSF Postdoctoral Fellowship in Biology FY 2017: Visual Adaptation to Nocturnality in Birds,White                   Noor
1711083,2017-07-14,138000,Fellowship Award,NSF Postdoctoral Fellowship in Biology FY 2017: Speciation and Phenotypic Diversification of Australian Squamates and the Role of Ancient Climate Change,Skipwith                Phillip
1711141,2017-07-14,138000,Fellowship Award,"NSF Postdoctoral Fellowship in Biology FY 2017: Innovation, diversification, and complexity: The impact of venom evolution on the integrated venom delivery system of snakes",Holding                 Matthew        L
1711391,2017-07-14,138000,Fellowship Award,NSF Postdoc Fellowship in Biology FY 2017: Convergent evolution of biotic pollination in wind-pollinated angiosperm linages: functional and genomic exploration of a rare transition,Gardner                 Elliot
1711990,2017-07-14,138000,Fellowship Award,NSF Postdoctoral Fellowship in Biology FY 2017: Hydric adaptation in anoles: tracking scale morphology and allele frequencies in response to climate and landscape change,McElroy                 Matthew        T
1711997,2017-07-14,138000,Fellowship Award,NSF Postdoctoral Fellowship in Biology FY 2017: Testing the role of isoprene in tropical forest responses to climate change: a study linking biological collections to field data,Taylor                  Tyeen          C
1727867,2017-07-17,49989,Standard Grant,RCN-UBE Incubator:   Consortium for the Integration of Ethical Research Practices into Course-based Undergraduate Research Experiences in the Biological Sciences,University of Texas at El Paso
1661510,2017-07-18,593352,Standard Grant,ABI Innovation: Wallace: a flexible platform for reproducible modeling of species niches and distributions built for community expansion,CUNY City College
1730587,2017-07-18,50000,Standard Grant,RCN-UBE Incubator: Engaging Novice Undergraduates in Scientific Discovery Through Research Deconstruction,University of California-Los Angeles
1747598,2017-07-18,19840,Standard Grant,"Workshop: Designing a Network for Undergraduate Biomimicry Research and Education; October 6-8, 2017, Cleveland/Akron, Ohio",University of Akron
1660648,2017-07-19,1203514,Standard Grant,Collaborative Proposal: ABI Innovation:A Graph Based Approach for the Genome Wide Prediction of Conditionaly Essential Genes,Yale University
1711430,2017-07-19,138000,Fellowship Award,NSF Postdoctoral Fellowship in Biology FY 2017: Investigating drivers of ecological speciation in a symbiotically luminous coral reef fish,Gould                   Alison
1661218,2017-07-20,998419,Standard Grant,"ABI Development: Open-source, extensible, and cross-platform MEGA",Temple University
1661380,2017-07-20,639600,Standard Grant,Collaborative Research: ABI Innovation: A Graph Based Approach for the Genome Wide Prediction of Conditionally Essential Genes,Cornell University
1661454,2017-07-20,775307,Standard Grant,ABI Innovation: doseR: a novel framework for dosage compensation and global expression analysis,University of Kansas Center for Research Inc
1722564,2017-07-23,24875,Standard Grant,Out Of The Box And Into The Cloud:  Strategic Planning at Jasper Ridge Biological Preserve,Stanford University
1746715,2017-07-23,99976,Standard Grant,Engaging Underrepresented Populations in Biodiversity Sciences: A Series of Workshops for Undergraduate Students,Central Michigan University
1707221,2017-07-24,2642385,Continuing Grant,NeuroNex Technology Hub: Advancing neuronal and genetic approaches to animal behavior research,Washington University
1707356,2017-07-24,3620000,Cooperative Agreement,NeuroNex Technology Hub: Enhanced resolution for 3DEM analysis of synapses across brain regions and taxa,University of Texas at Austin
1707400,2017-07-24,4393191,Continuing Grant,"NeuroNex Theory Team: Inferring interactions between neurons, stimuli, and behavior",University of Houston
1720403,2017-07-24,49180,Standard Grant,A Southern California PULSE Vision & Change Institute,California Lutheran University
1723141,2017-07-24,184235,Standard Grant,Establishment of a core facility for genome editing at the Marine Biological Laboratory,Marine Biological Laboratory
1730273,2017-07-24,499925,Standard Grant,RCN-UBE: Course-based Undergraduate Research Network 2,University of Georgia Research Foundation Inc
1730317,2017-07-24,499901,Standard Grant,RCN-UBE: HITS: High-throughput Discovery Science & Inquiry-based Case Studies for Today's Students,North Carolina State University
1660380,2017-07-26,659265,Continuing Grant,ABI Sustaining: Maintaining CHARMM-GUI to Support the Biomolecular Modeling and Simulation Community,Lehigh University
1723256,2017-07-26,24939,Standard Grant,FSML Planning Grant: Developing a Strategic Plan and Infrastructure Needs Assessment for Washington State University's Meyer's Point Environmental Field Station,Washington State University
1723076,2017-07-30,22101,Standard Grant,"FSML:   Planning for the Future of the Las Cruces Research  Station, Costa Rica",Organization for Tropical Studies Inc
1723123,2017-07-30,24898,Standard Grant,Developing A Strategic Plan For A Global Change Research And Education At Flax Pond Marine Lab,SUNY at Stony Brook
1723268,2017-07-30,31326,Standard Grant,James Reserve Facilities Improvements,University of California-Riverside
1746177,2017-07-30,98172,Standard Grant,"PRFB Workshop- Research Using Biological Collections; November 7-9, 2017; Harvard University",University of New Mexico
1707261,2017-07-31,3680000,Cooperative Agreement,NeuroNex Technology Hub: Integrated Circuit Cracking (ICC) with Linked Tools for Diverse Systems,Stanford University
1707287,2017-07-31,3540000,Cooperative Agreement,NeuroNex Technology Hub: Nemonic: Next generation multiphoton neuroimaging consortium,University of North Carolina at Chapel Hill
1707312,2017-07-31,3600000,Cooperative Agreement,"NeuroNex Technology Hub: Optical technologies for large scale, noninvasive recording of neural activity",Cornell University
1707316,2017-07-31,3100000,Cooperative Agreement,NeuroNex Technology Hub: Multimodal Integrated Neural Technologies (MINT) - Connecting Physiology to Functional Mapping,Regents of the University of Michigan - Ann Arbor
1707350,2017-07-31,800000,Standard Grant,NeuroNex Innovation Award: Chemical and Genetic Methods to Measure and Manipulate Neurons with Light,University of California-Berkeley
1707352,2017-07-31,3620000,Cooperative Agreement,NeuroNex Technology Hub: Bioluminescence for Optimal Brain Control and Imaging,Brown University
1707359,2017-07-31,800000,Standard Grant,NeuroNex Innovation Award: Voltage to Light Transducers (VoLT) Collaborative,Baylor College of Medicine
1707394,2017-07-31,800000,Standard Grant,NeuroNex Innovation Award: Behavioral Technologies,Cold Spring Harbor Laboratory
1707398,2017-07-31,3040000,Cooperative Agreement,NeuroNex Theory Team: Columbia University Theoretical Neuroscience Center,Columbia University
1707401,2017-07-31,2097912,Continuing Grant,NeuroNex Technology Hub: Live Imaging of the C.elegans Connectome,Columbia University
1707405,2017-07-31,799999,Continuing Grant,NeuroNex Innovation Award: A National Resource for Mesoscale and Connectomic Brain Mapping,University of Chicago
1707408,2017-07-31,3660000,Cooperative Agreement,"NeuroNex Technology Hub: Miniaturized open source devices for calcium imaging, electrophysiology, and real-time control of neural activity",University of California-Los Angeles
1707562,2017-07-31,800000,Standard Grant,NeuroNex Innovation Award: Southwest Magnetogenetics Project (SoMa),William Marsh Rice University
1729935,2017-07-31,49104,Standard Grant,RCN-UBE Incubator: Equity and Diversity in Undergraduate STEM (EDU-STEM),University of Minnesota-Twin Cities
1723154,2017-08-01,24570,Standard Grant,"Expanding Research, Education and Outreach: Planning Proposal for The Notre Dame Linked Experimental Ecosystem Facility",University of Notre Dame
1661129,2017-08-02,339872,Standard Grant,ABI Sustaining: Maintenance of the XMA/ZMAPortal video data management systems and XMALab video motion analysis software for the comparative biomechanics community,Brown University
1661332,2017-08-02,808396,Standard Grant,ABI Innovation: Annotation of cis-regulatory sequences using a large number of ChIP-seq datasets,University of North Carolina at Charlotte
1722660,2017-08-02,24990,Standard Grant,Developing a sustainable plan to advance research and education at the Valentine Eastern Sierra Reserve,University of California-Santa Barbara
1730526,2017-08-02,499941,Standard Grant,RCN-UBE: Biodiversity Literacy in Undergraduate Education - Data Initiative (BLUE Data Network),Central Michigan University
1730668,2017-08-02,499879,Standard Grant,RCN-UBE: Statistical Thinking in Undergraduate Biology (STUB) Network: A network for coordinating the teaching and assessment of statistical thinking in introductory biology,"Dordt University, Incorporated"
1701464,2017-08-03,190944,Standard Grant,"Digitization TCN: Collaborative Research: Using Herbarium Data To Document Plant Niches In The High Peaks And High Plains Of The Southern Rockies: Past, Present, and Future",University of New Mexico
1701575,2017-08-03,389537,Standard Grant,"Digitization TCN: Collaborative Research: Using Herbarium Data To Document Plant Niches In The High Peaks And High Plains Of The Southern Rockies - Past, Present, And Future",New York Botanical Garden
1702322,2017-08-03,404974,Standard Grant,"Digitization TCN: Collaborative Research: Using Herbarium Data To Document Plant Niches In The High Peaks And High Plains Of The Southern Rockies - Past, Present, And Future",Harvard University
1702345,2017-08-03,301352,Continuing Grant,"Digitization TCN: Collaborative Research: Using Herbarium Data To  Describe Plant Niches In The High Peaks And High Plains Of The  Southern Rockies: Past, Present, And Future",University of Wyoming
1702516,2017-08-03,1585917,Standard Grant,"Digitization TCN: Collaborative Research: Using Herbarium Data to Document Plant Niches in the High Peaks and High Plains of the Southern Rockies - Past, Present, and Future",University of Colorado at Boulder
1661342,2017-08-04,615858,Standard Grant,ABI Development: An Open-Access Global Repository of Plant and Animal Demographic Data,Lincoln Park Zoo
1722553,2017-08-04,244965,Standard Grant,Equipment to Enhance Ecological and Evolutionary Genomics Research at the Marine Science Center,Northeastern University
1722651,2017-08-04,293924,Standard Grant,FSML: Single Cell Marine 'Omics at the Whitney Marine Lab for Bioscience,University of Florida
1723102,2017-08-04,414649,Standard Grant,"A Remote-Video Artificial Stream System for the Ecological Research and Education Center, University of Kentucky",University of Kentucky Research Foundation
1723147,2017-08-04,24998,Standard Grant,Planning for the Ozark Research Field Station at Missouri S&T,Missouri University of Science and Technology
1723217,2017-08-04,24990,Standard Grant,Strategic Planning Grant for Rensselaer's Darrin Fresh Institute,Rensselaer Polytechnic Institute
1729944,2017-08-04,499619,Standard Grant,RCN-UBE: A New Faculty Development Approach to Expand Authentic Course-based Research Opportunities Focused on Microbial Bioinformatics and Functional Genomics,Hiram College
1723269,2017-08-07,24980,Standard Grant,"Enhancing Research and Scholarly Training at the Desert Studies Center, California",CSU Fullerton Auxiliary Services Corporation
1723278,2017-08-07,140299,Standard Grant,High-resolution sensing of nitrate in Monterey Bay and surrounding waters,San Jose State University Foundation
1702342,2017-08-08,157544,Standard Grant,Digitization PEN: Digitizing the Fossil Insects of LA: Critical Additions to the Fossil Insect Collaborative,Los Angeles County Museum of Natural History Foundation
1700908,2017-08-09,91528,Standard Grant,Digitization TCN: Collaborative Research: oVert: Open Exploration of Vertebrate Diversity in 3D,Cornell University
1701402,2017-08-09,57098,Standard Grant,Digitization TCN: Collaborative Research: oVert: Open Exploration of Vertebrate Diversity in 3D,Louisiana State University
1701516,2017-08-09,46040,Standard Grant,Digitization TCN: Collaborative Research: oVert: Open Exploration of Vertebrate Diversity in 3D,University of Texas at Austin
1701665,2017-08-09,262464,Standard Grant,Digitization TCN: Collaborative Research: oVert: Open Exploration of Vertebrate Diversity in 3D,University of Washington
1701683,2017-08-09,150086,Standard Grant,"Digitization PEN: Integrating the herbaria of peninsular Florida, a biodiversity hotspot of endemism, rarity, and richness",University of South Florida
1701713,2017-08-09,207250,Standard Grant,Digitization TCN: Collaborative Research: oVert: Open Exploration of Vertebrate Diversity in 3D,Regents of the University of Michigan - Ann Arbor
1701714,2017-08-09,808235,Standard Grant,Digitization TCN: Collaborative Research: oVert: Open Exploration of Vertebrate Diversity in 3D,University of Florida
1701737,2017-08-09,86659,Standard Grant,Digitization TCN: Collaborative Research: oVert: Open Exploration of Vertebrate Diversity in 3D,University of California-San Diego Scripps Inst of Oceanography
1701769,2017-08-09,64670,Standard Grant,Digitization TCN: Collaborative Research: oVert: Open Exploration of Vertebrate Diversity in 3D,Yale University
1701797,2017-08-09,79308,Standard Grant,Digitization TCN: Collaborative Research: oVert: Open Exploration of Vertebrate Diversity in 3D,University of California-Berkeley
1701870,2017-08-09,45665,Standard Grant,Digitization TCN: Collaborative Research: oVert: Open Exploration of Vertebrate Diversity in 3D,California Academy of Sciences
1701932,2017-08-09,88000,Standard Grant,Collaborative Research: Digitization TCN: oVert: Open Exploration of Vertebrate Diversity in 3D,University of Kansas Center for Research Inc
1701943,2017-08-09,73248,Standard Grant,Digitization TCN: Collaborative Research: oVert: Open Exploration of Vertebrate Diversity in 3D,Academy of Natural Sciences Philadelphia
1702143,2017-08-09,63310,Standard Grant,Digitization TCN: Collaborative Research: oVert: Open Exploration of Vertebrate Diversity in 3D,College of William & Mary Virginia Institute of Marine Science
1702263,2017-08-09,189343,Standard Grant,Digitization TCN: Collaborative Research: oVert: Open Exploration of Vertebrate Diversity in 3D,Harvard University
1702421,2017-08-09,209710,Standard Grant,Digitization TCN: Collaborative Research: oVert: Open Exploration of Vertebrate Diversity in 3D,Field Museum of Natural History
1702442,2017-08-09,130066,Standard Grant,Digitization TCN: Collaborative Research: oVert: Open Exploration of Vertebrate Diversity in 3D,Texas A&M AgriLife Research
1722621,2017-08-09,216843,Standard Grant,FSML: Real-time genomics: enabling the next generation of field ecology and evolution,Michigan State University
1723283,2017-08-09,229418,Standard Grant,HMSC Cyberinfrastructure upgrade,Oregon State University
1701160,2017-08-10,102369,Standard Grant,Digitization PEN: Expanding and enhancing a TCN digitizing fossils to reconstruct evolving ecosystems the Cretaceous Western Interior Seaway,University of Oklahoma Norman Campus
1748616,2017-08-10,199026,Standard Grant,RAPID:  Pacific Island Reefs Under Siege--An Undergraduate Training Partnership,University of Hawaii
1720806,2017-08-11,224935,Standard Grant,Infrastructure improvements in support of grassland and native grazer research at Konza Prairie Biological Station,Kansas State University
1661443,2017-08-14,1010255,Standard Grant,ABI Development: Increasing concurrency for improved performance of the BEAGLE library,"University of Maryland, College Park"
1730130,2017-08-14,498023,Standard Grant,RCN-UBE: CC Bio INSITES: Community College Biology Instructor Network to Support Inquiry into Teaching and Education Scholarship,University of Colorado at Boulder
1702289,2017-08-15,149387,Continuing Grant,"Digitization PEN: Paleoniches on the western Cincinnati arch, the Ordovician of Indiana",Indiana University
1702360,2017-08-15,166288,Standard Grant,Digitization PEN:  Incorporation of a Massive New World Invertebrate Collection at the University of Texas at El Paso,University of Texas at El Paso
1738401,2017-08-15,185000,Standard Grant,RAPID support of Arabidopsis Biological Resource Center core missions,"OHIO STATE UNIVERSITY, THE"
1738774,2017-08-15,185000,Standard Grant,Support for the Peromyscus Genetic Stock Center,University of South Carolina at Columbia
1723266,2017-08-17,194194,Standard Grant,Science in the Sierra Madre: developing infrastructure for multidisciplinary research at the CICHAZ field station,Texas A&M University
1727138,2017-08-17,185000,Standard Grant,Bacillus Genetic Stock Center Emergency Funding,"OHIO STATE UNIVERSITY, THE"
1661351,2017-08-20,547038,Standard Grant,ABI Sustaining: A Web-based Platform-independent Tool for Visualization and Analysis of Microbial Population Structures,Marine Biological Laboratory
1722507,2017-08-20,391050,Standard Grant,FSML: Quantifying carbon dioxide and methane fluxes in freshwater lakes,University of Minnesota-Twin Cities
1730553,2017-08-21,483759,Standard Grant,RCN-UBE: Midwest and Great Plains PULSE Network - Building Institutional Capacity for Inclusive Excellence in Undergraduate Biology Education,Oberlin College
1725459,2017-08-22,83270,Standard Grant,MRI: Acquisition of a Leica M205 FA Stereomicroscope with Fluorescence,SUNY College at Oswego
1725683,2017-08-22,400848,Standard Grant,MRI: Acquisition of an Enhanced Climate Change Simulator,University of Minnesota-Twin Cities
1725756,2017-08-22,188500,Standard Grant,"MRI: Acquisition of a Scanning Electron Microscope with Energy-Dispersive X-ray Spectroscopy for Research, Undergraduate Training, and Curricular Enhancement",Knox College
1725855,2017-08-22,216582,Standard Grant,"MRI: Acquisition of a fluorescence microscope to serve as a regional resource for dynamic, live-specimen imaging research and education",James Madison University
1725984,2017-08-22,1030611,Standard Grant,MRI Consortium: Acquisition of a Leica TCS SP8 STED 3X Super Resolution microscope,Rensselaer Polytechnic Institute
1726304,2017-08-22,1692426,Standard Grant,MRI: Agro-combs: Development of a mid-infrared dual-comb spectrometer for the detection of agriculturally significant gases,Kansas State University
1726368,2017-08-22,333191,Standard Grant,MRI: Acquistion of a Confocal Microscope for research and teaching,Duquesne University
1726527,2017-08-22,496823,Standard Grant,MRI: Acquisition of an electrospray ionization triple quadrupole mass spectrometer with ion mobility spectrometry for improved plant lipidomics,Kansas State University
1726541,2017-08-22,497479,Standard Grant,MRI: Acquisition of a Digital light sheet microscope Leica TCS SP8 DLS: Bringing Light-Sheet Microscopy to Maine for Research and STEM Education,University of Maine
1726705,2017-08-22,286947,Standard Grant,"MRI: ACQUISITION OF AN INDUCTIVELY COUPLED PLASMA MASS SPECTROMETER (ICP-MS) FOR ECOLOGICAL, ENVIRONMENTAL, AND ECOSYSTEM-LEVEL RESEARCH",Villanova University
1726828,2017-08-22,503356,Standard Grant,MRI: Acquisition of an Inductively Coupled Plasma Mass Spectrometer (ICP-MS) and Laser Ablation (LA) System at the University of Massachusetts Boston,University of Massachusetts Boston
1726859,2017-08-22,575211,Standard Grant,MRI: Acquisition of a Laser Confocal Microscope System for a Multi-User Core Imaging Facility Supporting Research and Training in the Sciences,"Minnesota State University, Mankato"
1726888,2017-08-22,398112,Standard Grant,"Acquisition of a multi-user laser scanning confocal microscope to enhance interdisciplinary research, curriculum development, and minority students' interest in STEM careers",Texas A&M International University
1726941,2017-08-22,77371,Standard Grant,MRI: Acquistition of an Integrated Gas Exchange and Fluorescence Instrument for Multidisciplinary Physiological Research,Grinnell College
1745618,2017-08-22,149619,Standard Grant,CSBR:  RAPID:  Ownership Transfer:  Moving the University of Louisiana-Monroe herbarium to the Botanical Research Institute of Texas,Botanical Research Institute of Texas
1725199,2017-08-23,316778,Standard Grant,MRI: Acquisition of a high speed cell sorter for interdisciplinary student research and training in Biological Sciences,Board of Trustees of Illinois State University
1725426,2017-08-23,224246,Standard Grant,MRI: Acquisition of FACS Cell Sorter for Research on Antibiotic Resistance and Environmental Toxicant Receptors,Kenyon College
1725480,2017-08-23,698558,Standard Grant,MRI: Acquisition of a Focused Ion Beam Scanning Electron Microscope (FIB-SEM) for Large Volume 3 Dimensional Imaging of Whole Cells,Yale University
1725932,2017-08-23,202125,Standard Grant,MRI: Acquisition of a Shared Use Integrated Next-Generation Sequencing Platform,Montclair State University
1726158,2017-08-23,213071,Standard Grant,MRI/Acquisition: Upgrading the Microbial Ecology and Biotechnology Laboratory at Universidad del Turabo with a more efficient Genetic Analyzer for sequencing and fragment analysis,Universidad Del Turabo
1726561,2017-08-23,354758,Standard Grant,MRI: Acquisition of a Confocal Raman Microscope with Cell-Sorting Capability at Montana State University,Montana State University
1726645,2017-08-23,256080,Standard Grant,MRI: Acquisition of a Fluorescence Activated Cell Sorting System to Expand Synergistic Research and Educational Opportunities,Miami University
1726738,2017-08-23,476424,Standard Grant,MRI: Acquisition of a High Resolution Mass Spectrometer/UPLC System,University of Missouri-Columbia
1726925,2017-08-23,998614,Standard Grant,MRI: Acquisition of a high speed multiphoton laser-scanning microscope for research and training at UNLV,University of Nevada Las Vegas
1727033,2017-08-23,196265,Standard Grant,MRI: Acquisition of a fluorescence microscope for manipulating and imaging live cells,University of Colorado at Colorado Springs
1727074,2017-08-23,216310,Standard Grant,Enhancing Research and Curriculum at California State University Dominguez Hills Through the Acquisition of Next-Generation Sequencing Instrumentation,California State University-Dominguez Hills Foundation
1730122,2017-08-23,49965,Standard Grant,RCN-UBE Incubator: Designing an Infrastructure and Sustainable Learning Community for Integrating Data-Centric Teaching Resources in Undergraduate Biology Education,St. John Fisher College
1725451,2017-08-24,115199,Standard Grant,MRI: Acquisition of an Acoustic Camera for Multidisciplinary Research and Teaching at Dartmouth College,Dartmouth College
1725937,2017-08-24,700401,Standard Grant,"MRI: Development of a high-speed, hyperspectral imaging spinning disk confocal microscope",University of South Alabama
1726544,2017-08-24,139643,Standard Grant,MRI: Acquisition of a Circular Dichroism Spectropolarimeter,Emory University
1726604,2017-08-24,262639,Standard Grant,MRI: The Acquisition of Seahorse to measure Mitochondrial Metabolism will fuel Biological Research at an HBCU,Delaware State University
1726629,2017-08-24,293575,Standard Grant,"MRI: Acquisition of a Scanning Electron Microscope to Enhance Undergraduate and Graduate Research and Teaching in Biology, Chemistry and Earth and Space Sciences",Columbus State University
1726397,2017-08-29,2288600,Standard Grant,MRI: Acquisition of the First 800 MHz NMR Spectrometer with a Cryogenically Cooled Probe in the State of Oklahoma for Interdisciplinary Research and Training,Oklahoma State University
1745363,2017-08-29,199502,Standard Grant,RAPID:   A regional plan to rescue the orphaned University of Louisiana Monroe Fish Collection,Tulane University
1661356,2017-08-30,880522,Standard Grant,Collaborative Research: ABI Innovation: Enabling machine-actionable semantics for comparative analyses of trait evolution,University of North Carolina at Chapel Hill
1661456,2017-08-30,569764,Standard Grant,Collaborative Research: ABI Innovation: Enabling machine-actionable semantics for comparative analyses of trait evolution,Duke University
1661516,2017-08-30,172356,Standard Grant,Collaborative Research: ABI Innovation: Enabling machine-actionable semantics for comparative analyses of trait evolution,Virginia Polytechnic Institute and State University
1661529,2017-08-30,336493,Standard Grant,Collaborative Research: ABI Innovation: Enabling machine-actionable semantics for comparative analyses of trait evolution,University of South Dakota Main Campus
1725935,2017-08-30,1038456,Standard Grant,MRI: Acquisition of an Animal Flight and Aeromechanics Wind Tunnel,Brown University
1723280,2017-08-31,368366,Standard Grant,High Performance Research Network,University of California-Davis
1725841,2017-09-05,271077,Standard Grant,MRI:  Acquisition of a Seahorse XFe 96 oxygen flux analyzer for integrative organismal and cellular biology,Colgate University
1702441,2017-09-07,143567,Continuing Grant,Digitization PEN: Partnering the Penn State Herbarium (PAC) to Contextualize the Mid-Atlantic Megalopolis,Pennsylvania State Univ University Park
1721574,2017-09-07,350000,Standard Grant,Transforming RMBL's Year-Round Housing,Rocky Mountain Biological Laboratory
1743101,2017-09-07,300000,Standard Grant,ABI Innovation: EAGER: Towards an optimal experimental design framework with Omics data,University of California-Davis
1744445,2017-09-08,299826,Standard Grant,NSF INCLUDES DDLP: BEST BET: Broadening Experiences in Scientific Training - Beginning Enhancement Track,Trustees of Boston University
1744460,2017-09-08,300000,Standard Grant,NSF INCLUDES: Sustainability Teams Empower and Amplify Membership in STEM (S-TEAMS),Montclair State University
1744524,2017-09-08,298484,Standard Grant,Building a Network for Education and Employment in Environmental Stewardship of Indigenous Lands,University of Colorado at Denver-Downtown Campus
1744501,2017-09-11,299992,Standard Grant,Ecology Plus (Ecology+):  Broadening Pathways to Ecological Careers through a Collective Impact Approach,Ecological Society of America
1760404,2017-09-19,147451,Standard Grant,EAGER: Collaborative Research: Ultrasensitive frequency domain spectrometer for high throughput bacteria detection in floodwater,Rensselaer Polytechnic Institute
1760500,2017-09-19,150000,Standard Grant,EAGER: Collaborative Research: Ultrasensitive frequency domain spectrometer for high throughput bacteria detection in floodwater,Tufts University
1762781,2017-10-20,45139,Standard Grant,RAPID:  Rescuing a living stocks collection damaged by Hurricane Irma,Montgomery Botanical Center
1743744,2017-10-31,92174,Standard Grant,Collaborative Research: Digitization TCN: The Mid-Atlantic Megalopolis: Achieving a greater scientific understanding of our urban world,University of Pennsylvania
1724433,2017-11-06,128030440,Cooperative Agreement,National Ecological Observatory Network: Operations Activities,Battelle Memorial Institute
1661543,2017-12-18,1261211,Continuing Grant,ABI Development:   Gene function visualization and inference across all plants,Phoenix Bioinformatics Corporation
1757514,2018-02-09,346310,Standard Grant,REU Site: Program in Molecular Biosciences,Colorado State University
1758015,2018-02-09,360001,Standard Grant,REU Site: Program in Molecular Biosciences at the University of Oregon,University of Oregon Eugene
1756414,2018-02-14,426125,Continuing Grant,CSBR: Living Stock: Enhancement to the operation and accessibility of the Algal Resources Collection,University of North Carolina at Wilmington
1723163,2018-02-16,232348,Standard Grant,Infrastructure to measure and manipulate drought and warming impacts in Mediterranean systems,University of California-Davis
1756202,2018-02-16,107563,Standard Grant,CSBR:  Ownership Transfer of University of Maine Chytrid Fungal Collection to University of Michigan,Regents of the University of Michigan - Ann Arbor
1757216,2018-02-21,321315,Standard Grant,REU Site:  Sensorimotor Neural Engineering,University of Washington
1757708,2018-02-22,364720,Continuing Grant,REU Site: Imaging and Molecular Approaches to Biological Problems,Johns Hopkins University
1755494,2018-02-23,295350,Standard Grant,"REU Site:  Interdisciplinary Research Training Across Biology, Physics, and Engineering",Yale University
1757043,2018-02-23,334174,Continuing Grant,REU SITE:  Plant Genomics @ Michigan State University,Michigan State University
1757748,2018-02-23,248700,Continuing Grant,REU Site:  Molecular and Biochemical Analysis of Proteins,Purdue University
1757826,2018-02-23,363930,Continuing Grant,REU Site: Molecular and Organismal Evolution at the University of Idaho,Regents of the University of Idaho
1757951,2018-02-23,298186,Continuing Grant,REU Site:   Training in Redox Biology,University of Nebraska-Lincoln
1758007,2018-02-23,609589,Continuing Grant,REU Site at UC Berkeley:  Integrated Biology from Molecules to Ecosystems,University of California-Berkeley
1757170,2018-02-26,285920,Continuing Grant,REU Site:  Networked Projects in Cell and Molecular Biology at the Wadsworth Center,Health Research Incorporated/New York State Department of Health
1757443,2018-02-26,369094,Continuing Grant,REU Site: Teamwork in Biology Inquiry: From Molecules to Organisms,Northeastern University
1757530,2018-02-26,395571,Continuing Grant,REU Site:  Ecological and Evolutionary Dynamics in a Changing World,Michigan State University
1757800,2018-02-26,348653,Continuing Grant,REU Site:  Plant Biology and Conservation Research Experiences for Undergraduates--From Genes to Ecosystems,Chicago Horticultural Society
1757973,2018-02-26,301214,Standard Grant,REU Site:   Synthetic Biology (SynBREU),Northwestern University
1756187,2018-02-27,499986,Continuing Grant,CSBR:   Natural History: Augmentation of the HBOI Marine Biotechnology Reference Collection to Enhance Accessibility and Use by a Broader Scientific Community,Florida Atlantic University
1756306,2018-02-27,499767,Continuing Grant,CSBR:   Natural History: Big Data From Small Fossils: Curation and Digitization of Major Microvertebrate Paleontology Collections at The Florida Museum of Natural History,University of Florida
1756404,2018-02-27,195450,Standard Grant,CSBR:   Natural History: Compactorized Shelving for the Wet Collections of the Auburn University Museum of Natural History,Auburn University
1757316,2018-02-27,333820,Continuing Grant,REU Site:   Mechanisms of Evolution,University of Nevada Las Vegas
1755522,2018-03-02,632801,Continuing Grant,REU Site:  Research Training in Place-Based Field Research,Rocky Mountain Biological Laboratory
1756327,2018-03-02,497809,Continuing Grant,CSBR:  Natural History:  Building a specimen-based Biologia Centrali-Americana for weevils:  Improved access to the Charles W. and Lois B. O'Brien Collection,Arizona State University
1756351,2018-03-02,193611,Continuing Grant,"CSBR:  Natural History: Critical Access and Storage For a Unique Collection of Mistletoes at University of California, Berkeley",University of California-Berkeley
1756469,2018-03-02,494764,Continuing Grant,CSBR: Natural History: Restructuring the Shirley C. Tucker Herbarium into a central hub for Louisiana botany via the consolidation of multiple herbaria,Louisiana State University
1757875,2018-03-02,343535,Continuing Grant,REU Site:   Place-based Conservation Science in Hawaiian Ecosystems,University of Hawaii
1756512,2018-03-09,422960,Continuing Grant,"CSBR: Natural History: Consolidating, modernizing and harnessing the full potential of two herbaria collections at New Mexico State University",New Mexico State University
1750532,2018-03-12,574068,Continuing Grant,CAREER:  Using indel rate variation to understand evolutionary constraints on distances between functional elements in the genome,University of Nevada Las Vegas
1750698,2018-03-12,584992,Continuing Grant,CAREER:   Building an informative machine learning model of plant gene regulatory control,Oregon State University
1751317,2018-03-12,688224,Continuing Grant,CAREER:   Computational and statistical methods for allele-specific chromatin structure analysis,University of California-Riverside
1759934,2018-03-12,624247,Standard Grant,ABI Innovation:  Deep learning methods for protein bioinformatics,University of Missouri-Columbia
1757554,2018-03-14,346380,Continuing Grant,REU Site: Princeton Neuroscience Institute Summer Internship Program,Princeton University
1820594,2018-03-27,45910,Continuing Grant,CSBR: Living Stocks: San Diego Drosophila Species Stock Center,Cornell University
1759940,2018-04-03,454589,Standard Grant,ABI Development:  Computational infrastructure for phylogenetic analysis in the R environment,University of Massachusetts Boston
1701842,2018-04-04,174638,Standard Grant,Digitization PEN: Mollusca and Arthropoda Biodiversity in the Colorado Plateau Region,Museum of Northern Arizona
1759277,2018-04-12,312500,Standard Grant,Collaborative Research: ABI Development: The next stage in protein-protein docking,SUNY at Stony Brook
1759472,2018-04-12,364106,Standard Grant,Collaborative Research: ABI Development: The next stage in protein-protein docking,Trustees of Boston University
1759625,2018-04-12,825826,Standard Grant,ABI Innovation: Identification and correction of incorrect sequences in reference protein databases,University of Virginia Main Campus
1759811,2018-04-12,546766,Standard Grant,"Collaborative Research: ABI Development: Improving the stability, usability, and speed of the RevBayes platform for phylogenetic analysis",University of California-Berkeley
1759909,2018-04-12,409720,Standard Grant,"Collaborative Research: Improving the stability, usability, and speed of the RevBayes platform for phylogenetic analysis",Iowa State University
1759943,2018-04-12,742448,Standard Grant,ABI Innovation: Domain Architecture Simulator,Carnegie Mellon University
1759949,2018-04-12,714871,Standard Grant,ABI Innovation: Data Driven Model of Polymerase Activity,University of Colorado at Boulder
1821881,2018-04-16,98008,Standard Grant,"NSF Workshop:   Enabling biological discovery through innovations in imaging and computation; MBL; April/May, 2018",Marine Biological Laboratory
1754311,2018-04-18,254164,Standard Grant,Collaborative Research:   Comparative Genomics of Host-specific Adaptation and Life History Evolution in Brood Parasitic Birds,Trustees of Boston University
1754397,2018-04-18,149574,Standard Grant,Collaborative Research:   Comparative Genomics of Host-specific Adaptation and Life History Evolution in Brood Parasitic Birds,Harvard University
1754406,2018-04-18,169792,Standard Grant,Collaborative Research:   Comparative Genomics of Host-specific Adaptation and Life History Evolution in Brood Parasitic Birds,East Carolina University
1754546,2018-04-18,474816,Standard Grant,Collaborative Research:  Comparative Genomics of Host-specific Adaptation and Life History Evolution in Brood Parasitic Birds,Washington University
1754643,2018-04-18,99106,Standard Grant,Collaborative Research:   Comparative Genomics of Host-specific Adaptation and Life History Evolution of Brood Parasitic Birds,Boston College
1801022,2018-04-22,173614,Standard Grant,Digitization PEN:  Connecting Rust Belt dynamics to the Mid-Atlantic Megalopolis Project utilizing the Carnegie Museum herbarium,Carnegie Institute
1802353,2018-04-22,163485,Standard Grant,Digitization PEN:  Field Museum of Natural History Partnership with the Southwest Collection of Arthropods Network,Field Museum of Natural History
1802493,2018-04-22,94855,Standard Grant,"Digitization PEN:   Enhancing the EPICC TCN with unique, well curated, but poorly accessible collections at the University of California - Riverside",University of California-Riverside
1754265,2018-04-23,307941,Standard Grant,Collaborative LTREB Proposal:  Will increases in dissolved organic matter accelerate a shift in trophic status through anoxia-driven positive feedbacks in an oligotrophic lake?,Rensselaer Polytechnic Institute
1754271,2018-04-23,15000,Standard Grant,Collaborative LTREB Proposal:   Will increases in dissolved organic matter accelerate a shift in trophic status through anoxia-driven positive feedbacks in an oligotrophic lake?,Bard College
1754276,2018-04-23,126391,Standard Grant,Collaborative LTREB Proposal:   Will increases in dissolved organic matter accelerate a shift in trophic status through anoxia-driven positive feedbacks in an oligotrophic lake?,Miami University
1759838,2018-04-25,950166,Standard Grant,Collaborative Research: ABI Development: Cultivating a sustainable Open Tree of Life,University of Kansas Center for Research Inc
1759846,2018-04-25,435242,Standard Grant,Collaborative Research: ABI Development: Cultivating a sustainable Open Tree of Life,University of California - Merced
1822398,2018-04-25,96790,Standard Grant,Meeting: Developing a Global Inventory of Brain Initiatives,University of Chicago
1757795,2018-05-14,298905,Continuing Grant,University of Maryland Eastern Shore REU in Marine and Estuarine Science,University of Maryland Eastern Shore
1826932,2018-05-14,143157,Continuing Grant,IDBR: TYPE A - Development of an In situ Single-cell Mass Spectrometer for Mapping Small-molecule Expression in the Developing Embryo,"University of Maryland, College Park"
1757626,2018-05-15,176186,Standard Grant,REU Site: Place-Based Research and Training in Biology and Environmental Science on the Colorado Plateau,Northern Arizona University
1757720,2018-05-15,340282,Standard Grant,REU Site: Molecular and Synthetic Microbiology,University of Georgia Research Foundation Inc
1832846,2018-05-15,592100,Standard Grant,IDBR TYPE A: Definitive Chemical Analysis of Microbial Volatile Mixtures and Chemical Intermediates via Microwave Spectroscopy,University of California-Santa Barbara
1757899,2018-05-16,337327,Standard Grant,REU Site:  Resilience and Response of Marine Organisms to Environmental Change,College of Charleston
1759544,2018-05-16,359756,Continuing Grant,REU Site:  Scripps' Structure and Function Summer Institute,The Scripps Research Institute
1759808,2018-05-21,420135,Standard Grant,"Collaborative Research:  ABI Innovation: FuTRES, an Ontology-Based Functional Trait Resource for Paleo- and Neo-biologists",University of Arizona
1759821,2018-05-21,357625,Standard Grant,"Collaborative Research:  ABI Innovation: FuTRES, an Ontology-Based Functional Trait Resource for Paleo- and Neo-biologists",University of Oregon Eugene
1759882,2018-05-21,274722,Standard Grant,"Collaborative Research:  ABI Innovation: FuTRES, an Ontology-Based Functional Trait Resource for Paleo- and Neo-biologists",Howard University
1759898,2018-05-21,286506,Standard Grant,"Collaborative Research:  ABI Innovation: FuTRES, an Ontology-Based Functional Trait Resource for Paleo- and Neo-biologists",University of Florida
1743214,2018-05-29,299577,Standard Grant,EAGER: Myriad: a new architecture for parallel multiscale simulation on CPU/GPU,Cornell University
1759796,2018-05-29,197954,Standard Grant,Collaborative Research:  ABI Innovation:  Algorithms for recovering root architecture from 3D imaging,Donald Danforth Plant Science Center
1759807,2018-05-29,270048,Standard Grant,Collaborative Research:  ABI Innovation:  Algorithms for recovering root architecture from 3D imaging,Saint Louis University
1759836,2018-05-29,264147,Standard Grant,Collaborative Research:  ABI Innovation:  Algorithms for recovering root architecture from 3D imaging,Washington University
1750981,2018-05-30,938147,Continuing Grant,CAREER:  Network-Based Signaling Pathway Analysis: Methods and Tools for Turning Theory into Practice,Reed College
1759487,2018-06-01,1499266,Continuing Grant,Collaborative Research: ABI Innovation: Interpretable Machine Learning to Identify Molecular Markers for Complex Phenotypes,University of Washington
1759965,2018-06-07,283231,Standard Grant,Collaborative Research:  ABI Development:  Symbiota2: Enabling greater collaboration and flexibility for mobilizing biodiversity data,Utah State University
1759966,2018-06-07,435506,Standard Grant,Collaborative Research:   ABI Development: Symbiota2: Enabling greater collaboration and flexibility for mobilizing biodiversity data,Northern Arizona University
1750632,2018-06-08,594273,Continuing Grant,CAREER: Integrative Approaches to Uncovering Complex Genotype-Phenotype Relationships in High Dimensional Genomics Data,University of North Carolina at Charlotte
1756397,2018-06-11,499988,Continuing Grant,CSBR: NATURAL HISTORY: DIGITIZING AND CONSERVING SPECIMENS IN THE MANTER LABORATORY OF PARASITOLOGY,University of Nebraska-Lincoln
1802163,2018-06-11,316789,Standard Grant,Digitization TCN: Collaborative Research: Capturing California's Flowers: using digital images to investigate phenological change in a biodiversity hotspot,University of California-Berkeley
1802176,2018-06-11,45877,Standard Grant,Digitization TCN: Collaborative Research: Capturing California's Flowers: using digital images to investigate phenological change in a biodiversity hotspot,Santa Barbara Botanic Garden
1802177,2018-06-11,20791,Standard Grant,Digitization TCN:  Collaborative Research: Capturing California's Flowers: using digital images to investigate phenological change in a biodiversity hotspot,San Jose State University Foundation
1802178,2018-06-11,56706,Standard Grant,Digitization TCN:  Collaborative Research:  Capturing California's Flowers: using digital images to investigate phenological change in a biodiversity hotspot,California State University-Fresno Foundation
1802180,2018-06-11,25602,Standard Grant,Digitization TCN:  Collaborative Research: Capturing California's Flowers: using digital images to investigate phenological change in a biodiversity hotspot,San Diego State University Foundation
1802181,2018-06-11,225844,Standard Grant,Digitization TCN:  Collaborative Research: Capturing California's Flowers: using digital images to investigate phenological change in a biodiversity hotspot,University of California-Santa Barbara
1802182,2018-06-11,33661,Standard Grant,Digitization TCN:  Collaborative Research:  Capturing California's Flowers: using digital images to investigate phenological change in a biodiversity hotspot,Chico State Enterprises
1802183,2018-06-11,94206,Standard Grant,Digitization TCN:  Collaborative Research: Capturing California's Flowers: using digital images to investigate phenological change in a biodiversity hotspot,Rancho Santa Ana Botanic Garden
1802185,2018-06-11,58377,Standard Grant,Digitization TCN: Collaborative Research: Capturing California's Flowers: using digital images to investigate phenological change in a biodiversity hotspot,CAL POLY HUMBOLDT SPONSORED PROGRAMS FOUNDATION
1802186,2018-06-11,77240,Standard Grant,Digitization TCN: Collaborative Research: Capturing California's Flowers: using digital images to investigate phenological change in a biodiversity hotspot,San Diego Society of Natural History
1802188,2018-06-11,72970,Standard Grant,Digitization TCN:  Collaborative Research: Capturing California's Flowers: using digital images to investigate phenological change in a biodiversity hotspot,University of California-Riverside
1802191,2018-06-11,55251,Standard Grant,Digitization TCN:  Collaborative Research:  Capturing California's Flowers: using digital images to investigate phenological change in a biodiversity hotspot,California State L A University Auxiliary Services Inc.
1802192,2018-06-11,28675,Standard Grant,Digitization TCN:  Collaborative Research:  Capturing California's Flowers: using digital images to investigate phenological change in a biodiversity hotspot,California State University-Long Beach Foundation
1802194,2018-06-11,33245,Standard Grant,Digitization TCN: Collaborative Research: Capturing California's Flowers: using digital images to investigate phenological change in a biodiversity hotspot,"The University Corporation, Northridge"
1802199,2018-06-11,64371,Standard Grant,Digitization TCN:  Collaborative Research:  Capturing California's Flowers: using digital images to investigate phenological change in a biodiversity hotspot,University of California-Los Angeles
1802200,2018-06-11,40012,Standard Grant,Digitization TCN:  Collaborative Research: Capturing California's Flowers: using digital images to investigate phenological change in a biodiversity hotspot,CSU Fullerton Auxiliary Services Corporation
1802203,2018-06-11,37960,Standard Grant,Digitization TCN:  Collaborative Research: Capturing California's Flowers: using digital images to investigate phenological change in a biodiversity hotspot,University of California-Davis
1802301,2018-06-11,505327,Continuing Grant,Digitization TCN:  Collaborative Research: Capturing California's Flowers: using digital images to investigate phenological change in a biodiversity hotspot,California Polytechnic State University Foundation
1802312,2018-06-11,47941,Standard Grant,Digitization TCN: Collaborative Research: Capturing California's Flowers: using digital images to investigate phenological change in a biodiversity hotspot,University of California-Irvine
1757658,2018-06-18,380227,Standard Grant,"REU Site: Nature's machinery through the prism of physics, biology, chemistry and engineering",Clemson University
1759856,2018-06-18,898857,Standard Grant,ABI Innovation: Fast Algorithms and Tools for Single-Molecule Sequencing Reads,Clemson University
1756217,2018-06-22,499280,Continuing Grant,CSBR:  Living Stocks:   The Escherichia Coli Genetic Stock Center,Yale University
1756352,2018-06-22,485160,Continuing Grant,CSBR: Natural History Collections: Safeguarding the world's largest dendrochronological collection,University of Arizona
1756431,2018-06-22,499988,Continuing Grant,CSBR: Living Stocks: Support of the Duke Lemur Center for the Study of Primate Biology and History,Duke University
1756467,2018-06-22,292055,Continuing Grant,CSBR: Natural History: Improvement of the Mississippi Entomological Museum for organization of collection and digitization of specimen data,Mississippi State University
1820631,2018-06-22,95000,Standard Grant,Workshop: Present and Future Theoretical Frameworks in Neuroscience,New Jersey Institute of Technology
1820951,2018-06-27,24995,Standard Grant,FSML: Planning for the future of the Pymatuning Lab of Ecology,University of Pittsburgh
1747788,2018-07-02,99999,Standard Grant,"Workshop:   Community Building for Long Non-Coding RNA; Fall/Summer; Morgantown, WVA; Houston, TX",West Virginia University Research Corporation
1756439,2018-07-02,499994,Continuing Grant,CSBR: Living Stocks - Diversifying the Arabidopsis Biological Resource Center,"OHIO STATE UNIVERSITY, THE"
1755670,2018-07-03,499229,Continuing Grant,CSBR: Living Stocks Support for the Peromyscus Genetic Stock Center,University of South Carolina at Columbia
1759518,2018-07-03,993407,Standard Grant,ABI Development: Improving transcriptome assembly from RNA-seq data,Johns Hopkins University
1820841,2018-07-03,24986,Standard Grant,Developing a Strategic Plan for Coastal Resilience and Sustainable Fisheries at the Gloucester Marine Station,University of Massachusetts Amherst
1820956,2018-07-03,22680,Standard Grant,Development of a Strategic Plan for the William C. Webb Coastal Research Station,University of North Florida
1821045,2018-07-03,24995,Standard Grant,Planning for the ByWater Biological Field Station at Carmichael Forest,Tulane University
1756382,2018-07-05,30504,Standard Grant,"CSBR:   Natural History: Repair, digitization, and integration of the Southern Adventist University herbarium into the University of Tennessee at Chattanooga herbarium",University of Tennessee Chattanooga
1802491,2018-07-05,175835,Standard Grant,Digitization PEN: oMEGA - Online Metrology of Extant Giant Animals for the oVert TCN,Idaho State University
1820785,2018-07-05,24944,Standard Grant,Developing a Strategic Plan for Santa Cruz Island Reserve,University of California-Santa Barbara
1821065,2018-07-05,297402,Standard Grant,Modernizing the Flow and Imaging Cytometry Capabilities at Bigelow Laboratory for Ocean Sciences,Bigelow Laboratory for Ocean Sciences
1757536,2018-07-06,368560,Standard Grant,REU Site:  Interdisciplinary Research Experiences in Coastal Plain Science,"Georgia Southern University Research and Service Foundation, Inc"
1802129,2018-07-06,19811,Standard Grant,Collaborative Research: Digitization PEN: Filling in knowledge gaps with key herbaria for understanding vascular plant diversity in the Atlantic coastal plain,University of Mary Washington
1802342,2018-07-06,142670,Standard Grant,Collaborative Research: Digitization PEN: Filling in knowledge gaps with key herbaria for understanding vascular plant diversity in the Atlantic coastal plain,Old Dominion University Research Foundation
1755220,2018-07-09,476982,Continuing Grant,"CSBR: Living Stocks, Operation of a Culture Collection of Algae",University of Texas at Austin
1757555,2018-07-09,294387,Standard Grant,REU Site:  Interdisciplinary biological sciences research and community engaged learning experiences for undergraduates,Duquesne University
1759860,2018-07-09,687883,Standard Grant,ABI INNOVATION: Physical Bioinformatics Tools for Measuring Translation Rates from Next-Generation Sequencing Data,Pennsylvania State Univ University Park
1820657,2018-07-09,24997,Standard Grant,Developing a Strategic Vision for the University of Wisconsin-Waukesha Field Station,University of Wisconsin Colleges
1838344,2018-07-09,299853,Standard Grant,RoL:  FELS:  EAGER:  Design Rules for Multidomain Proteins Across the Tree of Life,Carnegie Mellon University
1756456,2018-07-10,346916,Standard Grant,RUI:  CSBR:  Natural History: Securing and digitizing an extensive spatio-temporal collection of southern California's marine biodiversity,Occidental College
1756479,2018-07-10,425779,Continuing Grant,CSBR:  Natural History:  Enhancement of the Ethanol-Based  Collections of the Texas A&M University Insect Collection,Texas A&M AgriLife Research
1757418,2018-07-10,288273,Standard Grant,REU Site:   Great Lakes ecosystem research to build foundations for successful STEM futures,Central Michigan University
1757780,2018-07-10,289594,Standard Grant,"REU Site:  Evolution, Ecology, Environment",Harvard University
1759708,2018-07-10,71303,Standard Grant,"Collaborative Research:  ABI Innovation: Quantifying  biogeographic history: a novel model -based approach to integrating data from genes, fossils, specimens,  and environments",Missouri Botanical Garden
1759729,2018-07-10,232218,Standard Grant,"Collaborative Research:  ABI Innovation: Quantifying biogeographic history: a novel model-based approach to integrating data from genes, fossils, specimens, and environments",Michigan State University
1759735,2018-07-10,26244,Standard Grant,Collaborative Research:  ABI Development:  Building a Community Gateway for Cryo-Electron Microscopy Structure Determination,Roosevelt University
1759759,2018-07-10,271299,Standard Grant,"Collaborative Research:  ABI Innovation:  Quantifying biogeographic history: a novel model-based approach to integrating data from genes, fossils, specimens, and environments",Morton Arboretum
1759797,2018-07-10,123939,Standard Grant,"Collaborative Research: ABI Innovation: RUI: Quantifying biogeographic history: a novel model-based approach to integrating data from genes, fossils, specimens, and environments",College of Charleston
1759813,2018-07-10,564181,Standard Grant,Collaborative Research:  ABI Development:  Building a Community Gateway for Cryo-Electron Microscopy Structure Determination,University of California-San Diego
1759826,2018-07-10,590739,Standard Grant,Collaborative Research:  ABI Development: Building a Community Gateway for Cryo-Electron Microscopy Structure Determination,Regents of the University of Michigan - Ann Arbor
1758002,2018-07-12,359999,Standard Grant,REU Site:   Computational Biosciences Research Experience for Undergraduates,University of California-Los Angeles
1759462,2018-07-13,283181,Standard Grant,Collaborative Research:  Innovation:  Pioneering New Approaches to Explore Pangenomic Space at Scale,National Center for Genome Resources
1759522,2018-07-13,379159,Standard Grant,Collaborative Research:  Innovation: Pioneering New Approaches to Explore Pangenomic Space at Scale,Montana State University
1810586,2018-07-13,207000,Fellowship Award,NSF Postdoctoral Fellowship in Biology FY 2018,Palmer                  Meredith       S
1811713,2018-07-13,207000,Fellowship Award,NSF Postdoctoral Fellowship in Biology FY 2018,Burgeno                 Lauren         M
1811930,2018-07-13,207000,Fellowship Award,NSF Postdoctoral Fellowship in Biology FY 2018,Tanner                  Jessie         C
1812118,2018-07-13,138000,Fellowship Award,NSF Postdoctoral Fellowship in Biology FY 2018,Marceau                 Joshua         O
1812301,2018-07-13,207000,Fellowship Award,NSF Postdoctoral Fellowship in Biology FY 2018,Balisi                  Mairin
1810989,2018-07-16,138000,Fellowship Award,NSF Postdoctoral Fellowship in Biology FY 2018,Misiewicz               Tracy          M
1811008,2018-07-16,207000,Fellowship Award,NSF Postdoctoral Fellowship in Biology FY 2018,Melendez-Rosa           Jesyka
1811048,2018-07-16,138000,Fellowship Award,NSF Postdoctoral Fellowship in Biology FY 2018,Reedy                   Aaron          M
1811447,2018-07-16,138000,Fellowship Award,NSF Postdoctoral Fellowship in Biology FY 2018,Calvo                   Erika
1811806,2018-07-16,138000,Fellowship Award,NSF Postdoctoral Fellowship in Biology FY 2018 - Testing the Oscillation Hypothesis of Symbiont Diversification using Parasites Isolated from Host Tissue Collections,Galen                   Spencer
1811891,2018-07-16,138000,Fellowship Award,NSF Postdoctoral Fellowship in Biology FY 2018,Feilich                 Kara           L
1812024,2018-07-16,138000,Fellowship Award,NSF Postdoctoral Fellowship in Biology FY 2018,Agostini                Gina           M
1812103,2018-07-16,138000,Fellowship Award,NSF Postdoctoral Fellowship in Biology FY 2018,Graham                  Allie          M
1812107,2018-07-16,138000,Fellowship Award,NSF Postdoctoral Fellowship in Biology FY 2018,Aiello                  Brett          R
1812211,2018-07-16,138000,Fellowship Award,NSF Postdoctoral Fellowship in Biology FY 2018,Lepak                   Ryan           F
1812252,2018-07-16,138000,Fellowship Award,NSF Postdoctoral Fellowship in Biology FY 2018,Mayers                  Chase          G
1812282,2018-07-16,138000,Fellowship Award,NSF Postdoctoral Fellowship in Biology FY 2018,Benham                  Phred          M
1812292,2018-07-16,138000,Fellowship Award,NSF Postdoctoral Fellowship in Biology FY 2018,Miller                  Julie          S
1756277,2018-07-17,472804,Continuing Grant,RUI:  CSBR:  Natural History Collections:  Modernization and Consolidation of the Natural History Collections at MSU into the Xeric Ecosystem Research Center (XERC),Midwestern State University
1756998,2018-07-17,227267,Standard Grant,REU Site:  Advancing Undergraduate Research Among Minorities in Plant Biology Enrolled in an Urban Community College,CUNY Borough of Manhattan Community College
1807694,2018-07-17,138000,Fellowship Award,NSF Postdoctoral Fellowship in Biology FY 2018,Shah                    Alisha         A
1811400,2018-07-17,138000,Fellowship Award,NSF Postdoctoral Fellowship in Biology FY 2018,Beltran                 Roxanne        S
1811627,2018-07-17,138000,Fellowship Award,NSF Postdoctoral Fellowship in Biology FY 2018,Smith                   Stephanie      M
1811641,2018-07-17,138000,Fellowship Award,NSF Postdoctoral Fellowship in Biology FY 2018,McMunn                  Marshall       S
1811708,2018-07-17,138000,Fellowship Award,NSF Postdoctoral Fellowship in Biology FY 2018,Ehlman                  Sean           M
1811748,2018-07-17,138000,Fellowship Award,NSF Postdoctoral Fellowship in Biology FY 2018,Arcila                  Dahiana        K
1811821,2018-07-17,138000,Fellowship Award,NSF Postdoctoral Fellowship in Biology FY 2018,Homola                  Jared          J
1811881,2018-07-17,138000,Fellowship Award,NSF Postdoctoral Fellowship in Biology FY 2018,Carter                  Amanda         W
1811897,2018-07-17,138000,Fellowship Award,NSF Postdoctoral Fellowship in Biology FY 2018,Dowdy                   Nicolas        J
1812017,2018-07-17,138000,Fellowship Award,NSF Postdoctoral Fellowship in Biology FY 2018,Ramirez                 Merce          D
1812035,2018-07-17,138000,Fellowship Award,NSF Postdoctoral Fellowship in Biology FY 2018: Evolution and development of  chemosensory systems in tetrapods,Yohe                    Laurel         R
1812126,2018-07-17,138000,Fellowship Award,NSF Postdoctoral Fellowship in Biology FY 2018,Grossnickle             David          M
1812152,2018-07-17,138000,Fellowship Award,NSF Postdoctoral Fellowship in Biology FY 2018,McLean                  Bryan
1812174,2018-07-17,138000,Fellowship Award,NSF Postdoctoral Fellowship in Biology FY 2018,O'Brien                 Devin          M
1812184,2018-07-17,138000,Fellowship Award,NSF Postdoctoral Fellowship in Biology FY 2018,Petipas                 Renee          H
1812191,2018-07-17,138000,Fellowship Award,NSF Postdoctoral Fellowship in Biology FY 2018,Speer                   Kelsey         F
1812201,2018-07-17,138000,Fellowship Award,NSF Postdoctoral Fellowship in Biology FY 2018,Literman                Robert
1812250,2018-07-17,138000,Fellowship Award,NSF Postdoctoral Fellowship in Biology FY 2018,Wefferling              Keir           M
1812279,2018-07-17,138000,Fellowship Award,NSF Postdoctoral Fellowship in Biology FY 2018,Sproul                  John           S
1812280,2018-07-17,138000,Fellowship Award,NSF Postdoctoral Fellowship in Biology FY 2018,Phillips                Jennifer       N
1757607,2018-07-18,249976,Standard Grant,"REU:  Global Engagement Research Experience for Undergraduate Students in Food Security: A focus on Indigenous Vegetables and Grain Crops; the ""Forgotten Food"" Crops of Kenya",Bowie State University
1759802,2018-07-20,629258,Standard Grant,ABI: Innovation: Analyzing Neuroglial Cell Dynamics in their Natural Environment with Video Microscopy,University of Virginia Main Campus
1759858,2018-07-20,1155782,Standard Grant,Collaborative Research: ABI Innovation: Automated Prioritization and Design of Experiments to Validate and Improve Mathematical Models of Molecular Regulatory Systems,Virginia Polytechnic Institute and State University
1759900,2018-07-20,361091,Standard Grant,Collaborative Research: ABI Innovation: Automated Prioritization and Design of Experiments to Validate and Improve Mathematical Models of Molecular Regulatory Systems,Colorado State University
1759959,2018-07-20,289993,Standard Grant,ABI Sustaining: Geolocate for the Biodiversity Research Community,Yale University
1759964,2018-07-20,496495,Standard Grant,ABI Innovation: Taxonomically intelligent data integration for a new Flora of Alaska,University of Alaska Fairbanks Campus
1759736,2018-07-23,795895,Standard Grant,ABI Innovation: Scalable and Agile Analysis of Mass Spectrometry Experiments,Northeastern University
1827160,2018-07-24,75000,Standard Grant,"RCN UBE Incubator: Failure as part of Learning, A Mindset Education Network (FLAMEnet)",Emory University
1827204,2018-07-24,499944,Standard Grant,RCN-UBE: The Build-a-Genome Network,"Loyola University Maryland, Inc."
1759637,2018-07-25,769390,Standard Grant,"COLLABORATIVE PROPOSAL: ABI DEVELOPMENT: AN INTEGRATED PLATFORM FOR RETRIEVAL, VISUALIZATION AND ANALYSIS OF 3D MORPHOLOGY FROM DIGITAL BIOLOGICAL COLLECTIONS",University of Washington
1759839,2018-07-25,325320,Standard Grant,"COLLABORATIVE PROPOSAL:ABI DEVELOPMENT: AN INTEGRATED PLATFORM FOR RETRIEVAL, VISUALIZATION AND ANALYSIS OF 3D MORPHOLOGY FROM DIGITAL BIOLOGICAL COLLECTIONS",Duke University
1759883,2018-07-25,743777,Standard Grant,"Collaborative Proposal: ABI Development: An Integrated Platform for Retrieval, Visualization and Analysis of 3D Morphology From Digital Biological Collections",Seattle Children's Hospital
1821130,2018-07-25,98123,Standard Grant,Ocean Research Equipment for the Coral Reef Research Foundation,Coral Reef Research Foundation
1826988,2018-07-26,499424,Standard Grant,RCN-UBE:  The Research on STEM Education Network: Improving Research Inclusivity through a Grassroots Culture of Scientific Teaching,University of Alabama at Birmingham
1836866,2018-07-26,112577,Standard Grant,"ABI Innovation: A New Automated Data Integration, Annotations, and Interaction Network Inference System for Analyzing Drosophila Gene Expression",University of Pittsburgh
1759570,2018-07-27,184375,Standard Grant,Collaborative Research: ABI Development: IsoBank: A centralized repository for isotopic data,University of Wisconsin-Madison
1759730,2018-07-27,216375,Standard Grant,Collaborative Research: ABI Development: IsoBank: A centralized repository for isotopic data,University of Utah
1759849,2018-07-27,592167,Standard Grant,Collaborative Research: ABI Development: IsoBank: A centralized repository for isotopic data,University of Texas at Austin
1759937,2018-07-27,374398,Standard Grant,Collaborative Research: ABI Development: IsoBank: A centralized repository for isotopic data,University of New Mexico
1759980,2018-07-27,898780,Standard Grant,ABI Innovation: ProteoCarta: a community-scale resource for multi-species proteomics big data,University of California-San Diego
1802033,2018-07-27,279003,Standard Grant,Digitization TCN: Collaborative Research: The Pteridological Collections Consortium: An integrative approach to pteridophyte diversity over the last 420 million years,Regents of the University of Michigan - Ann Arbor
1802134,2018-07-27,147790,Standard Grant,Digitization TCN: Collaborative Research: The Pteridological Collections Consortium: An integrative approach to pteridophyte diversity over the last 420 million years,University of Florida
1802239,2018-07-27,308488,Standard Grant,Digitization TCN: Collaborative Research: The Pteridological Collections Consortium: An integrative approach to pteridophyte diversity over the last 420 million years,Missouri Botanical Garden
1802255,2018-07-27,114342,Standard Grant,Digitization TCN: Collaborative Research: The Pteridological Collections Consortium: An integrative approach to pteridophyte diversity over the last 420 million years,University of Vermont & State Agricultural College
1802270,2018-07-27,165490,Standard Grant,Digitization TCN:  Collaborative Research: The Pteridological Collections Consortium: An integrative approach to pteridophyte diversity over the last 420 million years,Yale University
1802305,2018-07-27,354805,Standard Grant,Digitization TCN: Collaborative Research: The Pteridological Collections Consortium: An integrative approach to pteridophyte diversity over the last 420 million years,New York Botanical Garden
1802352,2018-07-27,234461,Standard Grant,Digitization TCN: Collaborative Research: The Pteridological Collections Consortium: An integrative approach to pteridophyte diversity over the last 420 million years,Field Museum of Natural History
1802446,2018-07-27,197503,Standard Grant,Digitization TCN: Collaborative Research: The Pteridological Collections Consortium: An integrative approach to pteridophyte diversity over the last 420 million years,University of North Carolina at Chapel Hill
1802504,2018-07-27,978117,Continuing Grant,Digitization TCN: Collaborative Research: The Pteridological Collections Consortium: An integrative approach to pteridophyte diversity over the last 420 million years,University of California-Berkeley
1758252,2018-07-30,446543,Standard Grant,ABI Sustaining: The REDfly database of transcriptional regulatory elements,SUNY at Buffalo
1812164,2018-07-30,207000,Fellowship Award,NSF Postdoctoral Fellowship in Biology FY 2018,Palmer                  Daniela        H
1820754,2018-07-30,258237,Standard Grant,High-Latitude Ocean Change Laboratory: a Kasitsna Bay Laboratory Improvement Grant,University of Alaska Fairbanks Campus
1743442,2018-07-31,14999752,Cooperative Agreement,CyVerse:   Cyberinfrastructure for the Life Sciences,University of Arizona
1839598,2018-08-02,199998,Standard Grant,RAPID:  Funding the Drosophila Species Stock Center at Cornell University,Cornell University
1827978,2018-08-03,85914,Standard Grant,MRI:  Acquisition of ICP-OES Spectrometer,Luther College
1759896,2018-08-06,869764,Standard Grant,ABI Development: A Genomic Data Mining Resource to Accelerate Genome-to-Phenome Discovery in Domesticated Animals,University of Missouri-Columbia
1759874,2018-08-07,1213539,Continuing Grant,Next generation informatics to elucidate viral ecology and ecosystem impacts in nature,"OHIO STATE UNIVERSITY, THE"
1821012,2018-08-07,166140,Standard Grant,Water for the Future: Upgrading the Robinson Forest stream monitoring network to improve quality and accessibility,University of Kentucky Research Foundation
1826871,2018-08-07,207310,Standard Grant,"MRI:   Acquisition of a versatile, user-friendly, automated fluorescence microscope to promote research performed by faculty and undergraduates at a Hispanic-serving institution",Saint Edward's University
1828099,2018-08-07,338190,Standard Grant,MRI:  Acquisition of an Isotope Ratio Mass Spectrometer (IRMS) to enable interdisciplinary research at Dartmouth and beyond,Dartmouth College
1817808,2018-08-08,5504,Standard Grant,Workshop to Revise the Liberal Art of Science,Arizona State University
1817839,2018-08-08,44436,Standard Grant,Workshop to Revise the Liberal Art of Science,University of Oklahoma Norman Campus
1827514,2018-08-08,118176,Standard Grant,MRI:  Acquisition of a fluorescence microscope to grow research and training at St. Catherine University,St. Catherine University
1756270,2018-08-09,497265,Continuing Grant,CSBR: Natural History: Essential Improvements for the Vertebrate and Invertebrate Zoology Collections at Bernice Pauahi Bishop Museum,Bernice P Bishop Museum
1827945,2018-08-09,516249,Standard Grant,MRI:  Acquisition of integrated laser scanning/spinning disk confocal microscopy system to advance multidisciplinary research and training at Mount Holyoke College,Mount Holyoke College
1828136,2018-08-09,661326,Standard Grant,MRI:  Acquisition of a laser scanning confocal microscope within a core facility for research and training at Illinois State University,Board of Trustees of Illinois State University
1828508,2018-08-09,621026,Standard Grant,MRI:  Acquisition of a Field Emission Scanning Electron Microscope and Energy Dispersive Spectrometry Attachment for High Resolution Imaging at Skidmore College,Skidmore College
1828765,2018-08-09,2421477,Standard Grant,A Multi-User Cryo-Electron Microscope for the Cellular and Molecular Life Sciences Community in the Northern Rocky Mountain Region,Montana State University
1821097,2018-08-10,214795,Standard Grant,Moorea Coral Reef Ecological Omics Laboratory,University of California-Berkeley
1827246,2018-08-10,293790,Standard Grant,RCN-UBE:  Data-to-Design Course-based Undergraduate Research Experience ? protein modeling and characterization to enhance student learning and improve computational protein design,University of California-Davis
1827534,2018-08-10,953462,Standard Grant,MRI: Acquisition of an Orbitrap Lumos Mass Spectrometer for Plant Proteomics and Lipidomics,Donald Danforth Plant Science Center
1827833,2018-08-10,466203,Standard Grant,"MRI:  Acquisition of a Confocal Laser Scanning Microscope System for Research, Education, and Training",North Carolina Central University
1828041,2018-08-10,576185,Standard Grant,MRI: Acquisition of a Confocal Microscope for Student-Faculty Research and Research Training,Oberlin College
1828053,2018-08-10,611130,Standard Grant,MRI:  Acquisition of an FEI Apreo Scanning Electron Microscope,University of North Carolina at Wilmington
1828305,2018-08-10,426621,Standard Grant,MRI:   Acquisition of a high-energy micro-computed tomography scanner for inter- and multi-disciplinary STEM research,New York Institute of Technology
1828319,2018-08-10,1589334,Standard Grant,MRI:  Acquisition of a 700 MHz high field NMR spectrometer,University of New Hampshire
1828479,2018-08-10,162275,Standard Grant,MRI Acquisition-Advancing plant and fungal research at NYBG with a modern Scanning Electron Microscope,New York Botanical Garden
1828647,2018-08-10,569590,Standard Grant,MRI:  Acquisition of two photon spatial light modulation microscope for all optical reading and writing into tissues,University of Texas at San Antonio
1821064,2018-08-13,238987,Standard Grant,A Seawater System for Enhancing Nature Coast Biological Station's Research and Education Programs,University of Florida
1827445,2018-08-13,665008,Continuing Grant,"Biological Collections: Their Past, Present, and Future Contributions and Options for Sustaining Them",National Academy of Sciences
1827883,2018-08-13,251424,Standard Grant,MRI: Acquisition of a Total Internal Reflection Fluorescence (TIRF)  Microscope for Research and Education at Marquette University and the Greater Milwaukee Region,Marquette University
1828101,2018-08-13,71004,Standard Grant,"MRI:  Acquisition of a Modern Capillary Genetic Analyzer for Multi-investigator Research in Population, Phylogeographic, Phylogenetic, and Behavioral Genetics",University of Tampa
1828167,2018-08-13,230597,Standard Grant,MRI:  Acquisition of a Soil Greenhouse Gas Flux Measurement System to Support Research in Coastal Ecology and Sustainable Agriculture,Clemson University
1828193,2018-08-13,156858,Standard Grant,MRI:  Acquisition of a Laser-Based Biomolecular Imager,Furman University
1828211,2018-08-13,462940,Standard Grant,"MRI:  Acquisition of an advanced imaging system at a primarily undergraduate institution to promote research, teaching, and science outreach",West Chester University of Pennsylvania
1828264,2018-08-13,563266,Standard Grant,MRI:   Acquisition of an integrated Confocal and TIRF fluorescence microscope for multidisciplinary research and teaching at Barnard College,Barnard College
1828481,2018-08-13,649918,Standard Grant,MRI:  Acquisition of a Zeiss 880 Multiphoton and AiryScan Microscope System as a Shared Instrument for the Washington University Research Community,Washington University
1828636,2018-08-13,697990,Standard Grant,NSF MRI:  Development of a Multifocus Structured Illumination Microscope,University of California-Santa Cruz
1841055,2018-08-13,74210,Standard Grant,"Workshop: Building Leadership Capacity for Systemic, Scalable and Sustainable Change in Undergraduate Biology Education; Spring, 2019",University of Wisconsin-Whitewater
1842610,2018-08-13,96432,Standard Grant,"2019 REU Site Workshop:  Longitudinal Tracking and Assessment; April 4-6, 2019, Arlington, VA",Rocky Mountain Biological Laboratory
1759844,2018-08-14,1011916,Standard Grant,"ABI Sustaining: The CIPRES Science Gateway, a Resource for Biological Research",University of California-San Diego
1759865,2018-08-14,476934,Standard Grant,ABI Development: Building advanced numerical simulation technology for the lake ecology community,University of Wisconsin-Madison
1802019,2018-08-14,762713,Continuing Grant,"Digitization TCN:  Collaborative Research:  Digitizing ""endless forms"": Facilitating Research on Imperiled Plants with Extreme Morphologies",Missouri Botanical Garden
1802034,2018-08-14,837624,Continuing Grant,"Digitization TCN:  Collaborative Research:  Digitizing ""endless forms"": Facilitating Research on Imperiled Plants with Extreme Morphologies",New York Botanical Garden
1802051,2018-08-14,169929,Standard Grant,"Digitization TCN:  Collaborative Research:  Digitizing ""endless forms"": Facilitating Research on Imperiled Plants with Extreme Morphologies",California Academy of Sciences
1802102,2018-08-14,97801,Standard Grant,"Digitization TCN:  Collaborative Research:  Digitizing ""endless forms"": Facilitating Research on Imperiled Plants with Extreme Morphologies",University of California-Berkeley
1802209,2018-08-14,583153,Standard Grant,"Digitization TCN:  Collaborative Research:  Digitizing ""endless forms"": Facilitating Research on Imperiled Plants with Extreme Morphologies",Harvard University
1802351,2018-08-14,325409,Continuing Grant,"Digitization TCN: Collaborative Research: Digitizing ""endless forms"": Facilitating Research on Imperiled Plants with Extreme Morphologies",Field Museum of Natural History
1827066,2018-08-14,500000,Standard Grant,RCN-UBE: Cell Biology Education Consortium,Ouachita Baptist University
1827997,2018-08-14,83891,Standard Grant,MRI:  Acquisition of a Fluorescence Stereomicroscope to Enhance Research and Teaching at Eastern Mennonite University.,Eastern Mennonite University
1828164,2018-08-14,396971,Standard Grant,MRI:  Acquisition of a Laser Scanning Confocal Microscope for Research and Teaching,Loyola University of Chicago
1828266,2018-08-14,125861,Standard Grant,MRI:  Acquisition of a Total Reflection X-ray Fluorescence Spectrometer to Enable Ultra-Trace Element Analysis at Washington State University,Washington State University
1828327,2018-08-14,264669,Standard Grant,Acquisition of a Confocal Microscope for New Research and Teaching,Wesleyan University
1828451,2018-08-14,183747,Standard Grant,MRI:  Acquisition of an Illumina MiSeq Sequencing System to enhance environmental research in the Great Lakes region,Grand Valley State University
1828540,2018-08-14,99645,Standard Grant,Berry College MRI:  Aquisition of a Flex Real-Time PCR System for Undergraduate Research and Teaching,Berry College
1811892,2018-08-15,138000,Fellowship Award,NSF Postdoctoral Fellowship in Biology FY 2018,Seeholzer               Glenn          F
1812215,2018-08-15,138000,Fellowship Award,NSF Postdoctoral Fellowship in Biology FY 2018,Salcedo                 Mary
1812310,2018-08-15,207000,Fellowship Award,NSF Postdoctoral Fellowship in Biology FY 2018,Card                    Daren
1816960,2018-08-15,72010,Standard Grant,"Enhancing infrastructure for multidisciplinary, long-term research at the Karisoke Research Center, Rwanda",The Dian Fossey Gorilla Fund International
1820972,2018-08-15,201070,Standard Grant,"Improvements in Facilities, Communication and Equipment at Osa Conservation Osa Verde Biological Station, Costa Rica",Friends of the Osa
1821089,2018-08-15,317787,Standard Grant,"A resilient, wireless, mesh network for the Black Rock Forest field station","Black Rock Forest Consortium, Inc"
1827130,2018-08-15,494749,Standard Grant,RCN-UBE: Establishing a Genomics Education Alliance: Steps toward Sustainability,Washington University
1756276,2018-08-16,307203,Continuing Grant,"CSBR:  Natural History: Expansion and Curatorial Support of the T.M. Sperry Herbarium at Pittsburg State University to Enhance Teaching, Research and Outreach in the 21st Century",Pittsburg State University
1759831,2018-08-16,598895,Standard Grant,"Collaborative Research: ABI Development: ""The Microbial Genome Atlas (MiGA) project and its expansion to catalogue the uncultivated microbial majority""",Georgia Tech Research Corporation
1759892,2018-08-16,394646,Standard Grant,"Collaborative Research: ABI Development: ""The Microbial Genome Atlas (MiGA) project and its expansion to catalogue the uncultivated microbial majority""",Michigan State University
1820778,2018-08-16,344938,Standard Grant,Wetland facility for the University of Houston Coastal Center,University of Houston
1827011,2018-08-16,75000,Standard Grant,RCN-UBE Incubator:  Preparing a Network to Develop Molecular Case Studies at the Interface of Biology and Chemistry,Rutgers University New Brunswick
1827108,2018-08-16,472898,Standard Grant,RCN-UBE: Networking STEM Initiatives To Enhance (NSITE) Adoption of Evidence-Based Practices,SUNY at Binghamton
1827154,2018-08-16,73904,Standard Grant,RCN-UBE Incubator: Urban agriculture supports accessible and impactful biology education,University of St. Thomas
1827249,2018-08-16,499380,Standard Grant,"RCN-UBE: VISABLI, an RCN-UBE for Visualizations, Interactive Simulations, and Animations for Biology Learning & Instruction",University of California-Davis
1828506,2018-08-17,1077500,Standard Grant,MRI: Acquisition of a Lumick's SuperC-TRAP correlative optical tweezers and Fluorescence Microscope (CTFM) system,Northeastern University
1820999,2018-08-20,265023,Standard Grant,"FSML:  Skukuza Science Leadership Initiative: Critical Researchers Accommodations in Kruger National Park, South Africa",Organization for Tropical Studies Inc
1756248,2018-08-21,1002330,Continuing Grant,"Collaborative Research:  ABI Development:  Building a Pipeline for Validation, Curation and Archiving of Integrative/Hybrid Models",Rutgers University New Brunswick
1756250,2018-08-21,713250,Continuing Grant,"Collaborative Research:  ABI Development:  Building a Pipeline for Validation, Curation and Archiving of Integrative/Hybrid Models",University of California-San Francisco
1759906,2018-08-21,962613,Continuing Grant,Collaborative Research:  ABI Sustaining:  The National Center for Genome Analysis Support,Indiana University
1759914,2018-08-21,289203,Continuing Grant,Collaborative Research:  ABI Sustaining:  The National Center for Genome Analysis Support,Carnegie Mellon University
1821060,2018-08-21,245000,Standard Grant,VIERS the next 50 years:  rebuilding resilient research infrastructure at the Virgin Islands Environmental Resource Station (VIERS),University of The Virgin Islands
1827035,2018-08-21,474610,Standard Grant,RCN-UBE:  A National Network for Integrating the Study of Microbiomes into Course-based Undergraduate Research Experiences,CUNY City University of New York
1828262,2018-08-21,520481,Standard Grant,MRI:  Acquisition of a Laser Scanning Microscope with Multi-spectral Imaging and Super-resolution,University of Hawaii
1756912,2018-08-22,329000,Standard Grant,REU Site in Cellular and Molecular Biology at Sanford Research,Sanford Research/USD
1757334,2018-08-24,383770,Standard Grant,REU Site: Engaging Undergraduates in Interdisciplinary Evolutionary Science,University of Iowa
1820786,2018-08-24,204025,Standard Grant,The Sevilleta Meteorological Network:  Enhancing and expanding technological infrastructure to assess climate variability in dryland ecosystems,University of New Mexico
1821088,2018-08-24,225741,Standard Grant,New Technologies for expanding the scale of research at the Mpala Research Center,Princeton University
1827082,2018-08-24,72361,Standard Grant,RCN-UBE Incubator: The Biological and Environmental Data Education Network,Kenyon College
1828300,2018-08-24,439938,Standard Grant,MRI:  Acquisition of a Transmission Electron Microscope (TEM) for Soft Materials for the Advanced Microscopy and Imaging Center (AMIC),University of Tennessee Knoxville
1828738,2018-08-24,226559,Standard Grant,MRI: Launching an undergraduate-driven Genomics Center through acquisition of an Illumina MiSeq,Occidental College
1828802,2018-08-24,335578,Standard Grant,MRI: Acquisition of a micro-CT for broad integrative biology use and building resources towards the Imaging Center of the Pacific,University of Hawaii
1821125,2018-08-27,332891,Standard Grant,Enhancing capacity for aquatic research  at the Cocha Cashu Biological Station in the Peruvian Amazon,Zoological Society of San Diego
1821047,2018-08-28,181897,Standard Grant,"A next generation instrumented buoy for Lake Annie, Archbold Biological Station","Archbold Expeditions, Inc."
1756169,2018-08-31,404909,Continuing Grant,CSBR:  Ownership Transfer:  Transfer of the orphaned University of Minnesota Paleontology Collection to the Cincinnati Museum Center,Cincinnati Museum Center
1756219,2018-11-23,499400,Continuing Grant,"CSBR: Living Stocks: Maintenance of the Bacillus Genetic Stock Center, a Key Resource for Scientific Research and Education","OHIO STATE UNIVERSITY, THE"
1821110,2018-12-12,24996,Standard Grant,Planning for the long-term impact of the Dordt College agriculture stewardship center on basic research and education related to ecological sustainability in the rural Midwest,"Dordt University, Incorporated"
1830153,2018-12-17,123041,Continuing Grant,"IDBR: TYPE A, Online Liquid Chromatography - Surface Enhanced Raman Detection for Metabolic Profiling","OHIO STATE UNIVERSITY, THE"
1845890,2018-12-18,1188570,Continuing Grant,CAREER: Scalable binning algorithms for genome-resolved metagenomics,University of Wisconsin-Madison
1845915,2018-12-18,964099,Continuing Grant,CAREER: ABI-Innovation: CiliaWeb: Integrated platform for foundational and reproducible ciliary beat pattern analysis,University of Georgia Research Foundation Inc
1846216,2018-12-18,599614,Continuing Grant,CAREER: Advancing the Bioinformatic Infrastructure and Methodology for Single-cell RNA Sequencing,University of California-Los Angeles
1846554,2018-12-18,1053094,Continuing Grant,"CAREER:   Algorithms in nature: Uncovering principles of plant structure, growth, and adaptation",The Salk Institute for Biological Studies
1851727,2018-12-18,307608,Standard Grant,REU Site:   Botany and Conservation Biology Research at the Missouri Botanical Garden,Missouri Botanical Garden
1852070,2018-12-18,309565,Standard Grant,REU Site: Microbiology at the University of Iowa,University of Iowa
1845623,2019-01-31,695974,Continuing Grant,CAREER: Whole-tissue chemical and transcriptional profiling,University of California-Berkeley
1849802,2019-01-31,371786,Standard Grant,REU Site: Accelerating New Environmental Workskills (ANEW),University of Maine
1852459,2019-01-31,610920,Continuing Grant,REU Site:  Genes & the Environment:  Research Experiences for Undergraduates from Rural & Tribal Colleges,University of North Dakota Main Campus
1852096,2019-02-04,394765,Continuing Grant,REU SITE : Integrative Biology and Ecology of Marine Organisms and Their Environment,University of Washington
1852141,2019-02-04,465113,Continuing Grant,REU Site: Microbial Friends and Foes: Towards a Synthesis of Interspecific Interactions,Cornell University
1854685,2019-02-05,82617,Standard Grant,Bilateral BBSRC-NSF/BIO Collaborative Research: ABI Development: A Critical Assessment of Protein Function Annotation,Northeastern University
1850631,2019-02-07,99552,Standard Grant,"Conference:  Building Departmental Capacity for Best Practices in Undergraduate Life Sciences Education in the Southeastern US; June, 2019; North Carolina A&T State University",University of North Carolina at Wilmington
1913673,2019-02-07,62149,Standard Grant,Collaborative Research: ABI Development: Creating a generic workflow for scaling up the production of species ranges,University of Connecticut
1851961,2019-02-11,311065,Standard Grant,Morton Arboretum REU site:  Integrated tree science in the Anthropocene,Morton Arboretum
1851985,2019-02-11,338448,Standard Grant,REU Site:  Interdisciplinary REU in the Structure and Function of Proteins,Regents of the University of Michigan - Ann Arbor
1906144,2019-02-11,99957,Standard Grant,"NEON Science Summit:  Initiating grassroots research communities through an 'unconference'; Summer/Fall; Boulder, Colorado",University of Colorado at Boulder
1852150,2019-02-12,215377,Standard Grant,Collaborative Research:  REU Site: Multisite REU in Synthetic Biology,Simmons University
1852319,2019-02-12,230128,Standard Grant,Collaborative Research: REU Site: Multisite REU in Synthetic Biology,North Carolina Agricultural & Technical State University
1852189,2019-02-13,390867,Standard Grant,REU Site:  Next Generation Sequencing,California State University San Marcos Corporation
1852245,2019-02-13,346536,Standard Grant,REU Site:  Addressing Environmental Challenges and Proposing Sustainable Solutions at the Lake Erie Land-Lake Interface,University of Toledo
1852276,2019-02-13,442441,Standard Grant,"REU Site: The Summer Systematics Institute: training the next generation of scientists for the field, the lab, and sharing their science with the world",California Academy of Sciences
1852344,2019-02-13,417702,Standard Grant,REU Site:  Interdisciplinary Program in Multi-scale Biological Networks,William Marsh Rice University
1852486,2019-02-13,399819,Standard Grant,REU Site: Research Experiences in Physiology and Neurobiology at UCONN,University of Connecticut
1850796,2019-02-14,684631,Continuing Grant,REU Site:  Plant Genome Research,Boyce Thompson Institute Plant Research
1821061,2019-02-19,95561,Standard Grant,Improving Ocean Access for Research and Teaching at the Gulf of Maine Research Institute,Gulf of Maine Research Institute
1756405,2019-02-21,488112,Standard Grant,CSBR: Natural History: Conservation and Curation of the Milton Sanderson Dominican Amber Collection at the Illinois Natural History Survey,University of Illinois at Urbana-Champaign
1756440,2019-02-21,401941,Standard Grant,CSBR:  Natural History:  Expanding capacity and collections in invertebrate biodiversity at the Florida Museum of Natural History,University of Florida
1756475,2019-02-21,324999,Standard Grant,CSBR:  Natural History:  Infrastructure improvements to enhance the preservation and accessibility of the Collection of Genetic Resources at the LSU Museum of Natural Science,Louisiana State University
1852303,2019-02-21,502328,Standard Grant,REU Site: Program in Nanotechnology for Biology and Bioengineering,Johns Hopkins University
1852074,2019-02-22,387716,Standard Grant,REU Site: Summer Intensive Research Experiences in Neuroscience (SIREN),Regents of the University of Michigan - Ann Arbor
1852259,2019-02-22,335102,Standard Grant,REU Site:  IQ-Bio-REU:Interdisciplinary and Quantitative Biology Research Experience for Undergraduates,University of Puerto Rico-Rio Piedras
1922969,2019-02-22,449382,Continuing Grant,CAREER: Towards the Next Generation of Data-Driven,Texas A&M Engineering Experiment Station
1832184,2019-03-01,14500000,Cooperative Agreement,PDB Management by The Research Collaboratory for Structural Bioinformatics,Rutgers University New Brunswick
1923438,2019-03-06,24997,Standard Grant,Developing a Strategic Vision for the University of Wisconsin-Waukesha Field Station,University of Wisconsin-Milwaukee
1908728,2019-03-11,49969,Standard Grant,"Workshop:Expanding the Network of Natural History Collections Clubs through Workshops to Broaden Participation of Students in Biodiversity Collections; May 25-31, 2019; Chicago, IL",Arkansas State University Main Campus
1851697,2019-03-15,456600,Standard Grant,REU Site: Functional Genomics Research for Undergraduates,Jackson Laboratory
1852042,2019-03-15,351108,Standard Grant,REU Site: ICompBio - Engaging Undergraduates in Interdisciplinary Computing for Biological Research,University of Tennessee Chattanooga
1852123,2019-03-26,360000,Standard Grant,REU Site: Understanding Coastal Ecosystems - From the Everglades to the Coral Reefs,Florida International University
1852247,2019-03-27,347519,Standard Grant,REU Site: Research experiences for Deaf Students in Systems Biology and Molecular Signaling- How Cells and Organisms make Decisions,University of Tennessee Knoxville
1852438,2019-03-27,403183,Standard Grant,REU SITE:  Integrative approaches to studying recognition systems,Tufts University
1851962,2019-04-01,382064,Standard Grant,REU Site:  Exploring 21st Century Careers in the Biological Sciences: A Comparative Regenerative Biology Approach,Mount Desert Island Biological Laboratory
1852083,2019-04-01,478287,Continuing Grant,REU Site: Microbial Symbioses and Diversity Research Experience at the University of Arizona,University of Arizona
1852133,2019-04-01,231707,Standard Grant,REU Site:  Raptor Research 'Soaring Higher',Boise State University
1930099,2019-04-16,245459,Continuing Grant,"REU Site: Tropical Ecology and Evolution at El Verde Field Station, Puerto Rico",North Carolina State University
1917180,2019-05-01,69586,Standard Grant,"Workshop Proposal: Global Environmental Research Infrastructure (GERI) Planning Workshop; June 25-27, 2019; Boulder, Colorado",Battelle Memorial Institute
1821031,2019-05-07,25589,Standard Grant,Lake Erie College Research and Educational Center Planning Grant,Lake Erie College
1933521,2019-05-09,656429,Continuing Grant,CAREER: Evolutionary Genomics of Enzymes for Complex Carbohydrate Metabolism,University of Nebraska-Lincoln
1846559,2019-05-13,857242,Continuing Grant,CAREER: Inference of transcriptional regulation under environmental perturbations,University of California-Davis
1906262,2019-05-16,138000,Fellowship Award,NSF Postdoctoral Fellowship in Biology FY 2019:  Mitochondrial genome architecture as a driver of speciation in parasitic lice,Sweet                   Andrew         D
1906751,2019-05-16,138000,Fellowship Award,NSF Postdoctoral Fellowship in Biology FY 2019:  The role of mitochondrial respiratory chain composition in facultative sexual reproduction,Weaver                  Ryan           J
1907051,2019-05-16,138000,Fellowship Award,NSF Postdoctoral Fellowship in Biology FY 2019:  The role of male-male competition in driving weapon diversification and speciation,Emberts                 Zachary        T
1907197,2019-05-16,138000,Fellowship Award,NSF Postdoctoral Fellowship in Biology FY 2019:  The role of RNA editing in  thermal acclimation of the octopus nervous system.,Birk                    Matthew        A
1907278,2019-05-16,138000,Fellowship Award,"NSF Postdoctoral Fellowship in Biology FY 2019:  Temperature, Metabolism, and Mitochondrial Evolution in a Diverse Collection of Budding Yeast",Wolters                 John           F
1907358,2019-05-16,138000,Fellowship Award,NSF Postdoctoral Fellowship in Biology FY 2019,"Beckman, Elizabeth Jane"
1906246,2019-05-21,138000,Fellowship Award,NSF Postdoctoral Fellowship in Biology FY 2019:  The evolution of gene expression in Sccharomyces cerevisiae experimental evolution,Phillips                Mark           A
1906381,2019-05-21,138000,Fellowship Award,NSF Postdoctoral Fellowship in Biology FY 2019:  Leaky Landscapes:  Using Arctic catchments to assess ecosystem 'openness',Shogren                 Arial          J
1906759,2019-05-21,138000,Fellowship Award,NSF Postdoctoral Fellowship in Biology FY 2019:  Resurrecting natural history collections to assess evolutionary responses to climate change,"Christie, Kyle"
1906957,2019-05-21,138000,Fellowship Award,"NSF Postdoctoral Fellowship in Biology FY 2019:  Transfer of Antimicrobial Resistance Genes between Humans, Animals, and the Environment in urban Bangladesh","Fuhrmeister, Erica"
1907121,2019-05-21,138000,Fellowship Award,NSF Postdoctoral Fellowship in Biology FY 2019: Context-Dependent Life History Responses to Climate Change,"Reider, Kelsey"
1907134,2019-05-21,138000,Fellowship Award,NSF Postdoctoral Fellowship in Biology FY 2019:  Connecting Genomic and hormonal mechanisms to ecologically relevant behaviors,Lipshutz                Sara           E
1907184,2019-05-21,207000,Fellowship Award,NSF Postdoctoral Fellowship in Biology FY 2019: Viruses: Architects of Microbial Community Metabolism,"Bistolas, Kalia"
1907190,2019-05-21,207000,Fellowship Award,NSF Postdoctoral Fellowship in Biology FY 2019:  Assembly in the air:  Experimentally testing colonization versus niche hypotheses in aerial plant communities,"Spicer, Michelle"
1907214,2019-05-21,138000,Fellowship Award,NSF Postdoctoral Fellowship in Biology FY 2019:  Can community assembly theory explain assembly and reassembly in dryland ecosystems?,"Slate, Mandy"
1907359,2019-05-21,138000,Fellowship Award,NSF Postdoctoral Fellowship in Biology FY 2019:  He pukoa kani aina:  A coral reef that grows into an island,"Kane, Haunani Hiilani"
1907363,2019-05-21,138000,Fellowship Award,NSF Postdoctoral Fellowship in Biology FY 2019:  Multi-omic characterization of the coral mucus during sedimentation disturbances,"Kapono, Clifford"
1906188,2019-05-22,138000,Fellowship Award,NSF Postdoctoral Fellowship in Biology FY 2019: The evolution of mate-choice traits and genomic architecture of speciation in swallows \(genus Hirundo\),Schield                 Drew           R
1906248,2019-05-22,138000,Fellowship Award,NSF Postdoctoral Fellowship in Biology FY 2019:  Evolution of body shape in carnivoran mammals,"Law, Chris"
1906574,2019-05-22,138000,Fellowship Award,NSF Postdoctoral Fellowship in Biology FY 2019: Tempo and mode in the abyss: evolution following colonization of the deep sea,"Miller, Elizabeth Christina"
1907156,2019-05-22,138000,Fellowship Award,NSF Postdoctoral Fellowship in Biology FY 2019:  The evolution and function of fish surfaces and lateral lines,"Wainwright, Dylan Kenji"
1907235,2019-05-22,138000,Fellowship Award,"NSF Postdoctoral Fellowship in Biology FY 2019:  Assessing linkages among roosting ecology, biomechanics, morphological change, and adaptive radiation in bats","Boerma, David"
1907293,2019-05-22,207000,Fellowship Award,NSF Postdoctoral Fellowship in Biology FY 2019: Ecology and evolution of a rare phenomenon: structural color in fruits,"Sinnott-Armstrong, Miranda"
1907353,2019-05-22,138000,Fellowship Award,NSF Postdoctoral Fellowship in Biology FY 2019:  Population genomics of elevational range limits in Andean birds,"Linck, Ethan B"
1906333,2019-05-23,207000,Fellowship Award,NSF Postdoctoral Fellowship in Biology FY 2019:  Evolution and mechanisms of specialization in an endangered plant lineage,"Salzman, Shayla"
1906494,2019-05-23,138000,Fellowship Award,NSF Postdoctoral Fellowship in Biology FY 2019:  Deciphering the evolutionary dynamics of wild bees in a warming world,"Kelemen, Evan Patrick"
1907033,2019-05-23,138000,Fellowship Award,NSF Postdoctoral Fellowship in Biology FY 2019:  Plant conservation physiology,"Krieg, Christopher"
1907160,2019-05-23,138000,Fellowship Award,NSF Postdoctoral Fellowship in Biology FY 2019:  Restoring tropical ecosystems using the wealth of information in rare plant collections,Werden                  Leland         K
1907163,2019-05-23,138000,Fellowship Award,NSF Postdoctoral Fellowship in Biology FY 2019:  Temporal Dynamics of Pacific Kelp Forest Ecosystems,"Elliott Smith, Emma A"
1907211,2019-05-23,138000,Fellowship Award,NSF Postdoctoral Fellowship in Biology FY 2019:  Rough skin: microstructural and fluid dynamic studies of elasmobranch skin to understand how denticle morphology affects locomotion,Gabler                  Molly          K
1907233,2019-05-23,138000,Fellowship Award,NSF Postdoctoral Fellowship in Biology FY 2018,"Wilsterman, Kathryn"
1907311,2019-05-23,138000,Fellowship Award,NSF Postdoctoral Fellowship in Biology FY 2019: Host-Microbiome Ecology,"Madison, Joseph"
1907315,2019-05-23,138000,Fellowship Award,NSF Postdoctoral Fellowship in Biology FY 2019: Managing tradeoffs between commercial fisheries and resource subsidy ecosystem services in a rapidly changing world,"Cheek, Christopher Allen"
1906338,2019-05-28,138000,Fellowship Award,NSF Postdoctoral Fellowship in Biology FY 2019:   Genetic analysis of elk scat for diversity and diet,"Ramos, Seafha"
1906787,2019-05-28,138000,Fellowship Award,NSF Postdoctoral Fellowship in Biology FY 2019:   Role of early spontaneous neural activity in neocortical circuit assembly,"Bryant, Sheenah Lynn"
1907144,2019-05-28,138000,Fellowship Award,NSF Postdoctoral Fellowship in Biology FY 2019:  Trophic response of marine top predators to decadal changes in food web structure,"Ramirez, Matthew David"
1907242,2019-05-28,138000,Fellowship Award,"NSF Postdoctoral Fellowship in Biology FY 2019:  Monarchs, milkweed and microbes","Malik, Rondy"
1907348,2019-05-28,138000,Fellowship Award,NSF Postdoctoral Fellowship in Biology FY 2019:  Using herbarium specimens and animal movement data to assess when animals will help plants track niches in a changing climate,"Nunez, Tristan A"
1907356,2019-05-28,138000,Fellowship Award,NSF Postdoctoral Fellowship in Biology FY 2019:   Coevolutionary genomics of a dual-purpose marine symbiosis,"Caldera, Eric Justin"
1906332,2019-05-29,138000,Fellowship Award,NSF Postdoctoral Fellowship in Biology FY 2019:  Mysticetes and baleen as bioindicators of microplastics in marine food webs,"Savoca, Matthew S"
1906416,2019-05-29,138000,Fellowship Award,"NSF Postdoctoral Fellowship in Biology FY 2019:  Untangling the evolutionary and ecological mechanisms that shape gut microbiomes: Integrating behavior, microbes, and ecology","Greene, Lydia Kathryn"
1906511,2019-05-29,138000,Fellowship Award,NSF Postdoctoral Fellowship in Biology FY 2019: Hydropower May Enhance Riverine Productivity Through Chemoautotrophic Pathways,Miller                  Benjamin       L
1907069,2019-05-29,138000,Fellowship Award,NSF Postdoctoral Fellowship in Biology FY 2019: Peroxisomal quality control: Elucidating pexophagy control mechanisms,"Muhammad, DurreShahwar"
1907076,2019-05-29,207000,Fellowship Award,NSF Postdoctoral Fellowship in Biology FY 2019:  The impact of transmission mode on symbiont evolution,"Hoang, Kim"
1907079,2019-05-29,138000,Fellowship Award,NSF Postdoctoral Fellowship in Biology FY 2019: What you eat affects the enemies that eat you: Examining the relationship between diet and natural enemies,"Vyas, Dhaval"
1934288,2019-05-29,1150779,Cooperative Agreement,NeuroNex Technology Hub: Nemonic: Next generation multiphoton neuroimaging consortium,University of California-Santa Barbara
1845465,2019-05-30,1052460,Continuing Grant,CAREER: Statistical methods and algorithms for the analysis of combinatorial mass spectrometry data,University of Montana
1846408,2019-05-30,742139,Continuing Grant,"CAREER: Innovation: The Three R's: A Model-Building Toolkit for Rational, Reproducible, and Rigorous Computational Enzymology",University of Memphis
1907223,2019-06-04,138000,Fellowship Award,NSF Postdoctoral Fellowship in Biology FY 2019:  Holistic Restoration: Integrating Community Ecology into Coastal Mangrove Conservation,"Moore, Alexandria Chanel"
1907240,2019-06-04,138000,Fellowship Award,Postdoctoral Fellowship in Biology FY 2019:  The Diversity of a New Carbon-Activating Halogenase from Cyanobacteria,"Glasser, Nathaniel"
1929850,2019-06-04,846958,Standard Grant,IIBR Informatics: Integrating codon evolution and sequence-assembly error models into multiple sequence alignment,Arizona State University
1906242,2019-06-05,138000,Fellowship Award,NSF Postdoctoral Fellowship in Biology FY 2019:  Lessons from museums: impacts of urbanization on biodiversity and the importance of natural history collections,"Ruzi, Selina"
1906181,2019-06-11,138000,Fellowship Award,NSF Postdoctoral Fellowship in Biology FY 2019:  Mammals in the water: the loss of mastication in marine carnivores,Peredo                  Carlos         M
1907334,2019-06-11,138000,Fellowship Award,"NSF Postdoctoral Fellowship in Biology FY 2019: Examining Natural and Anthropogenic Influences on the Physiology, Population Structure, and Trophic Structure of Larval Rockfishes","Kwan, Garfield Tsz"
1931117,2019-06-12,49999,Standard Grant,A Science Based Educational and Cultural Exchange Workshop at Mystic Aquarium for Native American and Alaska Native Youth,Sea Research Foundation
1907268,2019-06-13,138000,Fellowship Award,NSF Postdoctoral Fellowship in Biology FY 2019:  The effect of fatherhood on behavioral and neural responsiveness to offspring sensory cues,"Wilson, Kerianne Murphy"
1901793,2019-06-17,489021,Standard Grant,Excellence in Research: Deep Learning based approaches for protein post-translational modification site prediction,North Carolina Agricultural & Technical State University
1907177,2019-06-18,138000,Fellowship Award,NSF Postdoctoral Fellowship in Biology FY 2019:  The relationship between seasonal adaptation and plasticity in the sea slug A. willowi,"Caplins, Serena A"
1907294,2019-06-18,138000,Fellowship Award,"NSF Postdoctoral Fellowship in Biology FY 2019:   What?s in a name? Linking type specimens, reproductive mode, and genetics in Pteridaceae",Picard                  Kathryn        T
1917263,2019-06-18,957042,Standard Grant,Bilateral BBSRC-NSF/BIO: CIBR: Structural modeling of interactome to assess phenotypic effects of genetic variation.,University of Kansas Center for Research Inc
1855425,2019-06-21,795025,Standard Grant,"IIBR Informatics: Tools and databases for proteome-wide modeling and analysis of alpha-helix association in membrane, from folding intermediates to structural interactomes",Regents of the University of Michigan - Ann Arbor
1907155,2019-06-21,138000,Fellowship Award,NSF Postdoctoral Fellowship in Biology FY 2019:   Oxidative stress and immune function markers to elucidate and differentiate impacts of acute and chronic stress in marine mammals,"Ensminger, David Charles"
1918271,2019-06-21,555496,Standard Grant,IIBR Informatics: Innovative Software and Databases to Leverage RNA Polymerase as a Phylogenetic Marker in Metagenomic Data,Virginia Polytechnic Institute and State University
1933311,2019-06-21,976010,Standard Grant,CIBR:  PTMexchange:  Globally harmonized re-analysis and sharing of data on post-translational modifications,Institute for Systems Biology
1936046,2019-06-21,266257,Standard Grant,"Collaborative Research: BBSRC:  RiboViz for reliable, reproducible and rigorous quantification of protein synthesis from ribosome profiling data",Rutgers University New Brunswick
1936069,2019-06-21,178170,Standard Grant,"Collaborative Research: BBSRC: RiboViz for Reliable, Reproducible and Rigorous Quantification of Protein Synthesis from Ribosome Profiling Data",University of California-Berkeley
1906523,2019-06-24,138000,Fellowship Award,NSF Postdoctoral Fellowship in Biology FY 2019: Gender-specific regulation of juvenile social behavior by oxytocin,"Yoest, Katie Elizabeth"
1906607,2019-06-24,138000,Fellowship Award,NSF Postdoctoral Fellowship in Biology FY 2019:  Identification and regulatory effects of metabolites responsible for plant immunity,"Brownstein, Korey"
1907122,2019-06-24,207000,Fellowship Award,NSF Postdoctoral Fellowship in Biology FY 2019:  The function of vocal learning ability in African elephants,"Pardo, Michael A"
1907243,2019-06-24,138000,Fellowship Award,NSF Postdoctoral Fellowship in Biology FY 2019:  Using research collections to reveal the genomic basis of adaptation to seasonal snow cover in snowshoe hares,"Thurman, Timothy"
1907285,2019-06-24,138000,Fellowship Award,NSF Postdoctoral Fellowship in Biology FY 2019:  Characterizing the Microbial Consortia Capable of Degrading Complex Carbon in Salt Marsh Sediments using RNA-SIP,"Bulseco-McKim, Ashley N"
1937533,2019-06-24,473564,Standard Grant,CIBR: Collaborative Research: CIBR Expanding structure coverage of genomes to facilitate macromolecular assembly determination.,University of Washington
1910623,2019-06-28,503343,Standard Grant,Collaborative Research:Aggregating and Repurposing Phylogeographic Data.,"OHIO STATE UNIVERSITY, THE"
1911293,2019-06-28,128806,Standard Grant,Collaborative Research: Aggregating and Repurposing Phylogeographic Data,Radford University
1930046,2019-06-28,773205,Standard Grant,IIBR RoL: Applying innovative structural tools to highlight RNA's structural dynamics as RNA-protein complexes self-assemble,Cornell University
1907314,2019-07-08,207000,Fellowship Award,NSF Postdoctoral Fellowship in Biology FY 2019: Linking maternal investment and the neonate: Variation in maternal demand during lactation on offspring immune system development,"Josefson, Chloe C"
1919737,2019-07-08,74968,Standard Grant,RCN-UBE Incubator:  Building a framework for the River-based ImmersiVe Education & Research (RIVER) Field Studies Network,Virginia Commonwealth University
1920069,2019-07-08,377259,Standard Grant,MRI:  Acquisition of a Laser Scanning Confocal Microscope for Research and Instruction at a Primarily Undergraduate Institution,Western Kentucky University
1929435,2019-07-11,63599,Standard Grant,"Conference: The Future of Botany: Educating for a Diverse and Inclusive  21st Century Workforce; July, 2019, Tucson, AZ",Botanical Society of America
1920385,2019-07-12,74494,Standard Grant,RCN-UBE Incubator: Network for the Integration of Natural History Collections in Ecology and Evolutionary Biology Course-Based Undergraduate Research Experiences,Widener University
1902076,2019-07-15,682467,Standard Grant,CIBR: Integrative Computational Platform for Biomolecular Solid-State NMR,University of Wisconsin-Madison
1919953,2019-07-15,500000,Standard Grant,"RCN-UBE: Failure as a part of Learning, A Mindset Education Network (FLAMEnet)",Emory University
1919312,2019-07-16,497588,Standard Grant,RCN-UBE: Ethics Network for Course-based Opportunities in Undergraduate Research: Phase II,University of Texas at El Paso
1929448,2019-07-18,763978,Standard Grant,CSBR:  Curating the Early Anthropocene Record of circum-Caribbean Animal Biodiversity in the Florida Museum of Natural History,University of Florida
1919462,2019-07-19,499385,Standard Grant,RCN-UBE: Equity and Diversity in Undergraduate STEM (EDU-STEM),University of Minnesota-Twin Cities
1902262,2019-07-20,174607,Standard Grant,Digitization PEN:  Collaborative Research:  The Cretaceous World: Connecting the Cretaceous Seas of North America,Los Angeles County Museum of Natural History Foundation
1919879,2019-07-20,74290,Standard Grant,RCN-UBE Incubator: Network for an Open and Accessible Biology Education: The promise of equity and the challenge of sustainability,Bates College
1919928,2019-07-20,74788,Standard Grant,RCN-UBE Incubator:  Using Citizen Science to Promote Research Experiences in Undergraduate Courses,East Carolina University
1934573,2019-07-22,300000,Standard Grant,EAGER:  DEVELOPMENT OF A TOOL CHAIN TO WRITE AND READ SELF-DOCUMENTING PLASMIDS,Colorado State University
1852175,2019-07-23,387457,Standard Grant,REU Site: Summer Integrative Neuroscience Experience (SINE) in Jupiter,Florida Atlantic University
1901889,2019-07-23,149828,Standard Grant,"Digitization PEN: Enhancing the SoRo TCN with collections of taxonomic, geographic, and historic significance from the Rancho Santa Ana Botanic Garden Herbarium",Rancho Santa Ana Botanic Garden
1902275,2019-07-24,123997,Standard Grant,Digitization PEN: Critical Central and South American additions to the EPICC TCN from the oldest Invertebrate Paleontology collection in the United States,Academy of Natural Sciences Philadelphia
1919640,2019-07-25,72186,Standard Grant,"RCN-UBE Incubator:  ALIVE, a platform for facilitating Authentic Learning   In Virtual tropical Environments",Iowa State University
1852297,2019-07-26,378836,Continuing Grant,REU Site:  Research Experiences for Undergraduates in Conservation Science at Zoo Miami,"Zoo Miami Foundation, Inc."
1852496,2019-07-26,390093,Continuing Grant,"REU Site:  Research and Training in Biochemistry, Biophysics and Biodesign (B3) for Undergraduates",CUNY City College
1903299,2019-07-26,159770,Standard Grant,Digitization PEN: Integration of data from the San Diego Natural History Museum with the Lepidoptera of North America Network,San Diego Society of Natural History
1920008,2019-07-26,53657,Standard Grant,RCN-UBE Incubator: Incorporating a short but intensive botanical experience into formal college courses to alleviate plant blindness among undergraduate STEM students,Florida International University
1940422,2019-07-26,299698,Standard Grant,EAGER:  Algorithmic frameworks and resources for mapping RNA modifications from single molecule direct RNA-sequencing data,Indiana University
1846913,2019-07-29,670446,Standard Grant,CAREER: Nanoflow RPLC-CZE-MS/MS: a novel approach for deep and highly sensitive bottom-up proteomics,Michigan State University
1902020,2019-07-29,62356,Standard Grant,Digitization TCN: Collaborative Research: Enhancing Access to Taxonomic and Biogeographical Data to Stem the Tide of Extinction of the Highly Imperiled Pacific Island Land Snails,University of Florida
1902119,2019-07-29,54781,Standard Grant,Digitization TCN: Collaborative Research: Enhancing Access to Taxonomic and Biogeographical Data to Stem the Tide of Extinction of the Highly Imperiled Pacific Island Land Snails,Regents of the University of Michigan - Ann Arbor
1902188,2019-07-29,140412,Standard Grant,Digitization TCN: Collaborative Research: Enhancing Access to Taxonomic and Biogeographical Data to Stem the Tide of Extinction of the Highly Imperiled Pacific Island Land Snails,Harvard University
1902328,2019-07-29,1338205,Standard Grant,Digitization TCN: Collaborative Research: Enhancing Access to Taxonomic and Biogeographical Data to Stem the Tide of Extinction of the Highly Imperiled Pacific Island Land Snails,Bernice P Bishop Museum
1920315,2019-07-29,499643,Standard Grant,RCN-UBE:  Creation of the Biology Educator/Researcher Cross-Segment Collective,University of California-Irvine
1931143,2019-07-29,1465290,Standard Grant,Collaborative Research:  Environmental Data Initiative: Sustaining the Legacy of Scientific Data,University of New Mexico
1931174,2019-07-29,1986265,Standard Grant,Collaborative Research:  Environmental Data Initiative: Sustaining the Legacy of Scientific Data,University of Wisconsin-Madison
1933305,2019-07-30,725383,Standard Grant,Overcoming combinatoric complexity problems in computational mass spectrometry,University of Montana
1901857,2019-07-31,311299,Standard Grant,Collaborative Research: Digitization TCN: Digitizing collections to trace parasite-host associations and predict the spread of vector-borne disease,Field Museum of Natural History
1901911,2019-07-31,426149,Standard Grant,Collaborative Research: Digitization TCN: Digitizing collections to trace parasite-host associations and predict the spread of vector-borne disease,University of Nebraska-Lincoln
1901915,2019-07-31,163824,Standard Grant,Collaborative Research: Digitization TCN: Digitizing collections to trace parasite-host associations and predict the spread of vector-borne disease,University of Minnesota-Twin Cities
1901916,2019-07-31,437482,Standard Grant,Collaborative Research: Digitization TCN: Digitizing collections to trace parasite-host associations and predict the spread of vector-borne disease,Texas A&M AgriLife Research
1901917,2019-07-31,228898,Standard Grant,Collaborative Research: Digitization TCN: Digitizing collections to trace parasite-host associations and predict the spread of vector-borne disease,California Academy of Sciences
1901920,2019-07-31,107986,Standard Grant,Collaborative Research: Digitization TCN:  Digitizing Collections  to Trace Parasite-Host Associations and Predict the Spread of Vector-borne Disease,University of New Mexico
1901923,2019-07-31,148750,Standard Grant,Collaborative Research: Digitization TCN: Digitizing collections to trace parasite-host associations and predict the spread of vector-borne disease,University of Utah
1901926,2019-07-31,29023,Standard Grant,Collaborative Research: Digitization TCN: Digitizing collections to trace parasite-host associations and predict the spread of vector-borne disease,University of California-Santa Barbara
1901928,2019-07-31,246267,Standard Grant,Collaborative Research: Digitization TCN: Digitizing collections to trace parasite-host associations and predict the spread of vector-borne disease,Bernice P Bishop Museum
1901931,2019-07-31,44660,Standard Grant,Collaborative Research: Digitization TCN: Digitizing collections to trace parasite-host associations and predict the spread of vector-borne disease,University of Hawaii
1901932,2019-07-31,1112690,Continuing Grant,Collaborative Research: Digitization TCN: Digitizing collections to trace parasite-host associations and predict the spread of vector-borne disease,Purdue University
1901935,2019-07-31,245523,Standard Grant,Collaborative Research: Digitization TCN: Digitizing collections to trace parasite-host associations and predict the spread of vector-borne disease,Academy of Natural Sciences Philadelphia
1901958,2019-07-31,66932,Standard Grant,Collaborative Research: Digitization TCN: Digitizing collections to trace parasite-host associations and predict the spread of vector-borne disease,Michigan State University
1902016,2019-07-31,109011,Standard Grant,Collaborative Research: Digitization TCN: Digitizing collections to trace parasige-host associations and predict the spread of vector-borne disease,University of New Hampshire
1902031,2019-07-31,97155,Standard Grant,Collaborative Research: Digitization TCN: Digitizing collections to trace parasite-host associations and predict the spread of vector-borne disease,"Board of Regents, NSHE, obo University of Nevada, Reno"
1902048,2019-07-31,99951,Standard Grant,Collaborative Research: Digitization TCN: Digitizing collections to trace parasite-host associations and predict the spread of vector-borne disease,Brigham Young University
1902070,2019-07-31,76636,Standard Grant,Collaborative Research:  Digitization TCN:  Digitizing collections to trace parasite-host associations and predict the spread of vector-borne disease,University of Wisconsin-Madison
1902113,2019-07-31,367004,Standard Grant,Collaborative Research: Digitization TCN: Digitizing collections to trace parasite-host associations and predict the spread of vector-borne disease,Regents of the University of Michigan - Ann Arbor
1926928,2019-07-31,338371,Standard Grant,IIBR RoL:  Collaborative Research:  A Rules Of Life Engine (RoLE) Model to Uncover Fundamental Processes Governing Biodiversity,CUNY City College
1927286,2019-07-31,340212,Standard Grant,IIBR RoL:  Collaborative Research:  A Rules Of Life Engine (RoLE) Model to Uncover Fundamental Processes Governing Biodiversity,University of Florida
1927319,2019-07-31,398109,Standard Grant,IIBR RoL:  Collaborative Research:  A Rules Of Life Engine (RoLE) Model to Uncover Fundamental Processes Governing Biodiversity,Santa Fe Institute
1927510,2019-07-31,112937,Standard Grant,IIBR RoL:  Collaborative Research:  A Rules Of Life Engine (RoLE) Model to Uncover Fundamental Processes Governing Biodiversity,University of California-Berkeley
1927520,2019-07-31,106178,Standard Grant,IIBR RoL:  Collaborative Research:  A Rules Of Life Engine (RoLE) Model to Uncover Fundamental Processes Governing Biodiversity,University of California - Merced
1940624,2019-08-01,454317,Standard Grant,Collaborative Research:  Comparative Genomics of Host-specific Adaptation and Life History Evolution in Brood Parasitic Birds,University of Missouri-Columbia
1905393,2019-08-05,533785,Standard Grant,CSBR:  Living Stocks:  Provasoli-Guillard National Center for Marine Algae and Microbiota,Bigelow Laboratory for Ocean Sciences
1916255,2019-08-05,249534,Standard Grant,CSBR:  Natural History Collections: Integrating the Orphaned Southern Illinois University Fluid Vertebrate Collections into the Illinois Natural History Survey Collections,University of Illinois at Urbana-Champaign
1916850,2019-08-05,598413,Standard Grant,"IIBR Informatics: Intuitive Sampling, Tracking and Counting Software for Biological Sciences",St Mary's College
1919361,2019-08-05,401170,Standard Grant,Collaborative Research:  MRI Consortium: Development of Fiber-Coupled Stimulated Emission Depletion Microscopy (STED),University of Colorado at Denver-Downtown Campus
1919541,2019-08-05,627992,Standard Grant,Collaborative Research:  MRI Consortium:  Development of Fiber-coupled Stimulated Emission Depletion Microscopy (STED),University of Colorado at Boulder
1919574,2019-08-05,278750,Standard Grant,MRI: Acquisition of an Illumina NextSeq 550 System to Support Genomic Research and Research Training at University of Nebraska at Omaha,University of Nebraska at Omaha
1919904,2019-08-05,131324,Standard Grant,MRI:  Acquisition of a carbon dioxide isotope analyzer for monitoring real-time carbon fluxes in extreme environments and training the next generation of environmental scientists,University of Texas at El Paso
1919908,2019-08-05,1071023,Standard Grant,MRI:  Acquisition of a 500 MHz NMR spectrometer with a cryoprobe for expanding interdisciplinary research and education at the Fresno State,California State University-Fresno Foundation
1930382,2019-08-05,708075,Standard Grant,CSBR: Living Stocks - Enhancement of the Caenorhabditis Natural Diversity Resource,Northwestern University
1902511,2019-08-07,616397,Standard Grant,"Collaborative research: CIBR: Geomorph - statistical software for shape analysis: Enhancing usability, performance, and methods",Iowa State University
1902694,2019-08-07,548128,Standard Grant,"Collaborative research: CIBR: Geomorph - statistical software for shape analysis: Enhancing usability, performance, and methods",Chatham College
1917302,2019-08-07,828237,Standard Grant,BBSRC-NSF/BIO:CIBR:Implementing an explicit phylogenetic framework for large-scale protein sequence annotation,University of Southern California
1919614,2019-08-07,74327,Standard Grant,RCN-UBE Incubator:  Creating a Multi-Institution and -Disciplinary STEM Network to Improve Undergraduate Biology Education,Saint John's University
1917266,2019-08-08,151704,Standard Grant,FSML:  Increasing Capacity for Water Quality Research  at the Shannon Point Marine Center,Western Washington University
1852032,2019-08-09,330121,Continuing Grant,REU Site:  A Transformative Approach for Engaging First-Generation Underrepresented Minorities in a Research Experience,Heritage University
1852338,2019-08-12,383838,Continuing Grant,REU Site:  Biological Basis of Social Behavior,Johns Hopkins University
1914887,2019-08-12,88551,Standard Grant,Collaborative Research: IIBR Informatics: Data integration to improve population distribution estimation with animal tracking data,University of Massachusetts Amherst
1914928,2019-08-12,89640,Standard Grant,Collaborative Research: IIBR Informatics: Data integration to improve population distribution estimation with animal tracking data,Friends of the North Carolina State Museum of Natural Sciences
1915347,2019-08-12,762952,Standard Grant,Collaborative Research: IIBR Informatics: Data integration to improve population distribution estimation with animal tracking data,"University of Maryland, College Park"
1928379,2019-08-12,293835,Standard Grant,CSBR:  Living Stocks --  Transfer of Ownership of Two Large Legacy Collections to the Arabidopsis Biological Resource Center,"OHIO STATE UNIVERSITY, THE"
1935888,2019-08-12,998604,Continuing Grant,Phase II:  Lighting the Pathway to Faculty Careers for Natives in STEM,American Indian Science and Engineering Society (AISES)
1901993,2019-08-13,816931,Standard Grant,Digitization TCN:  Collaborative:  American Crossroads:  Digitizing the Vascular Flora of the South Central United States,University of Texas at Austin
1902064,2019-08-13,866147,Standard Grant,Digitization TCN:  Collaborative:  American Crossroads:  Digitizing the vascular flora of the south-central United States,Texas A&M AgriLife Research
1902078,2019-08-13,1497043,Standard Grant,Digitization TCN:  Collaborative:  American Crossroads:  Digitizing the Vascular Flora of the South-Central United States,Botanical Research Institute of Texas
1902080,2019-08-13,569626,Standard Grant,Digitization TCN:  Collaborative:  American Crossroads:  Digitizing the vascular flora of the south-central United States,University of Oklahoma Norman Campus
1902085,2019-08-13,934248,Standard Grant,Digitization TCN:  Collaborative:  American Crossroads:  Digitizing the Vascular Flora of the South-Central United States,Oklahoma State University
1917254,2019-08-13,484759,Standard Grant,IIBR Multidisciplinary:  Exact internuclear distance and dynamics measurements in RNA molecules by a novel nuclear magnetic resonance technique,University of Colorado at Denver-Downtown Campus
1919479,2019-08-13,48710,Standard Grant,MRI:  Acquisition of a real time PCR instrument for a core facility supporting diverse research projects,CUNY Queensborough Community College
1919572,2019-08-13,445521,Standard Grant,MRI:  Acquisition of a Flow Cytometer Cell Sorter for Multidisciplinary Studies at Oakland University,Oakland University
1935507,2019-08-13,643272,Standard Grant,"IIBR Multidisciplinary: Locating and counting terrestrial wildlife with an open source, automated acoustic survey platform",University of Pittsburgh
1940573,2019-08-13,48784,Standard Grant,"Engaging indigenous students in research through the National Conference on Undergraduate Research (NCUR 2020); March, 2020, Bozeman, MT",Montana State University
1902105,2019-08-15,180041,Standard Grant,Digitization PEN:  Functional Quantitative Characters for Ecology and Evolution (FuncQEE),Chicago State University
1902242,2019-08-15,173993,Standard Grant,The oUTCT PEN:  Outwardly Mobilizing the UTCT Vertebrate Archive for Research and Training,University of Texas at Austin
1910720,2019-08-15,79416,Standard Grant,CSBR:  Ownership Transfer of University of Alabama Chytrid Culture Collection to University of Michigan,Regents of the University of Michigan - Ann Arbor
1919498,2019-08-15,195359,Standard Grant,Alabama's Biodiversity Heritage:  Expanding and Promoting Access and Use of a Regional Important Botanical Collection,Troy University
1919613,2019-08-15,499858,Standard Grant,RCN-UBE:  Quantitative Biology at Community Colleges,"BioQUEST Curriculum Consortium, Inc"
1919654,2019-08-15,499999,Standard Grant,RCN-UBE:  Inclusive Environments and Metrics in Biology Education and Research (iEMBER):  Novel Networking Fostering Interdisciplinary Communities and New Research Collaborations,HARRIS-STOWE STATE UNIVERSITY
1920116,2019-08-15,196295,Standard Grant,MRI:  Acquisition of a fluorescence-activated cell analyzer (FACS) to enhance undergraduate classroom and research experiences,Randolph-Macon College
1930005,2019-08-15,1245287,Standard Grant,CIBR:  Collaborative Research:  Integrating data communities with BiotaPhy: a computational platform for data-intensive biodiversity research and training.,University of Kansas Center for Research Inc
1930007,2019-08-15,878597,Standard Grant,CIBR: Collaborative Research: Integrating data communities with BiotaPhy: a computational platform for data-intensive biodiversity research and training,University of Florida
1930030,2019-08-15,419786,Standard Grant,CIBR:  Collaborative Research:  Integrating data communities with BiotaPhy: a computational platform for data-intensive biodiversity research and training,Regents of the University of Michigan - Ann Arbor
1756218,2019-08-16,226029,Standard Grant,CSBR:   Natural History: Enhancing paleontology collections in coordination with a new Burke Museum facility,University of Washington
1850739,2019-08-16,33525,Standard Grant,RAPID:  CSBR:  Emergency Rescue of the Saint Louis University's Genetic Resources & Collection to The University of Alabama Ichthyological Collection,University of Alabama Tuscaloosa
1920270,2019-08-16,487541,Standard Grant,RCN-UBE: Development of an Inclusive Community for the Instruction of Visualizing Biomolecules,University of Texas at Austin
1933351,2019-08-16,195703,Standard Grant,FSML:  Enhancing Novel Research and Education Capacity in Central Africa,University of California-Los Angeles
1933812,2019-08-16,870922,Standard Grant,"Enabling the Access, Publishing, and Preservation of Curated Research Data at Dryad","University of California, Office of the President, Oakland"
1937671,2019-08-16,207500,Standard Grant,FSML:   Acquisition of a Raman Microscope at the Skidaway Institute of Oceanography,University of Georgia Research Foundation Inc
1919491,2019-08-19,82826,Standard Grant,MRI:  Acquisition of an ultra-centrifuge by the Natural Sciences department at UVa-Wise,University of Virginia Main Campus
1919713,2019-08-19,372304,Standard Grant,MRI:  Acquisition of High-Throughput Fluorescence Imaging System for Undergraduate Research and Teaching at Pace University,Pace University
1919847,2019-08-19,138238,Standard Grant,MRI:  Acquisition of an automated fluorescent microscope and imaging system for undergraduate biology and chemistry research and research training,St Joseph's University
1919875,2019-08-19,177356,Standard Grant,"MRI: Acquisition of a flow cytometer to promote microbe-focused research, training, and teaching at NC State University",North Carolina State University
1924824,2019-08-19,149679,Standard Grant,FSML:  Expanding the Biological/Physical Sampling at Rutgers Marine Field Station at Tuckerton,Rutgers University New Brunswick
1919337,2019-08-20,545650,Standard Grant,MRI:  Acquisition of a Transmission Electron Microscope for Research and Research Training.,University of Toledo Health Science Campus
1919646,2019-08-20,175350,Standard Grant,MRI:  Acquisition of a Fully-Motorized Research Microscope at Fairfield University Project Description,Fairfield University
1919805,2019-08-20,492163,Standard Grant,MRI:  Acquisition of a High Resolution Confocal Laser Scanning Microscope for the Advancement of Materials and Biological Research at Oklahoma State University,Oklahoma State University
1919897,2019-08-20,199460,Standard Grant,MRI: Acquisition of Gas Analyzers to Strengthen Multidisciplinary Research and Education at Tennessee State University,Tennessee State University
1920095,2019-08-20,493330,Standard Grant,MRI:  Acquisition of Leica STED Super-resolution and FALCON Microscope System for the Clemson Light Imaging Facility,Clemson University
1920190,2019-08-20,448875,Standard Grant,MRI:  Acquisition of a Lumicks C-Trap microscope for the study of biomaterials at the nanoscale and education in the South East,Emory University
1920204,2019-08-20,491223,Standard Grant,MRI:  Acquisition of a Micro Photonics SkyScan 1273 High-Energy Micro-CT Scanner for Research and Training in the HSU College of Natural Resources & Sciences,CAL POLY HUMBOLDT SPONSORED PROGRAMS FOUNDATION
1920251,2019-08-20,431811,Standard Grant,MRI:  Acquisition of a Confocal Microscopy System for Biological and Bioengineering Research,Saint Louis University
1920340,2019-08-20,499946,Standard Grant,MRI:  Acquisition of a Liquid Chromatography-Mass Spectrometry (LC-MS) System to Enable Research and Enhance Undergraduate Education at Western Washington University,Western Washington University
1901709,2019-08-21,797144,Standard Grant,IIBR: Development of enhanced computational protein design methods using a metaanalysis of enzyme dynamics,Arizona State University
1917139,2019-08-21,37747,Standard Grant,Planning Grant: Building Women Leadership at  field stations and marine laboratories,University of California-Riverside
1919581,2019-08-21,121819,Standard Grant,MRI:  Acquisition of a Circular Dichroism Spectrometer for Research and Training  at St. Mary's College of Maryland,St Mary's College of Maryland
1919583,2019-08-21,190596,Standard Grant,MRI:  Acquisition of an Advanced Microscopy System for the Multidisciplinary Research Track at Molloy College,MOLLOY UNIVERSITY
1919829,2019-08-21,656856,Standard Grant,MRI:  Acquisition of a Leica SP8 WLL SuperResolution and Light Sheet Microscope,CUNY Hunter College
1919834,2019-08-21,785707,Standard Grant,"MRI: Development of a Microelectromagnetic, Laser Ablation  Instrument for Biomechanics",Harvard University
1920029,2019-08-22,266091,Standard Grant,MRI:   Acquisition of a wide-field inverted fluorescent microscope capable of live-cell tracking to support faculty research and undergraduate education at Stetson University,Stetson University
1920268,2019-08-22,769979,Standard Grant,MRI-Consortium:  Acquisition of an advanced mass spectrometer,Institute for Systems Biology
1911526,2019-08-26,394855,Standard Grant,IIBR Instrumentation:  Collaborative Research: Development of a Single-Biomolecule Detection Instrument via Digital Counting of Nanoparticles,University of Akron
1911764,2019-08-26,180000,Standard Grant,IIBR Instrumentation: Collaborative Research: Development of a Single-Biomolecule Detection Instrument via Digital Counting of Nanoparticles,Pennsylvania State Univ University Park
1919670,2019-08-26,983741,Standard Grant,MRI:  Development of a Multimodal Instrument for Simultaneous Mechanical and Fluorescence Spectroscopy Measurements of Single Molecules and Molecular Aggregates,University of Wisconsin-Milwaukee
1920364,2019-08-26,999952,Standard Grant,MRI:  Acquisition of a 7T magnetic resonance system for high resolution imaging of brain connectivity and dynamics,California Institute of Technology
1920374,2019-08-26,898571,Standard Grant,MRI:  Acquisition of Aquilos Dual-Beam Microscope,University of California-San Diego
1934156,2019-08-26,358293,Standard Grant,"Collaborative Research: CIBR: CloudForest: A Portable Cyberinfrastructure Workflow To Advance Biological Insight from Massive, Heterogeneous Phylogenomic Datasets",Louisiana State University
1934157,2019-08-26,231564,Standard Grant,"Collaborative Research: CIBR: CloudForest: A Portable Cyberinfrastructure Workflow To Advance Biological Insight from Massive, Heterogeneous Phylogenomic Datasets",Florida State University
1934182,2019-08-26,394483,Standard Grant,"Collaborative Research: CIBR: CloudForest: A Portable Cyberinfrastructure Workflow To Advance Biological Insight from Massive, Heterogeneous Phylogenomic Datasets",University of Minnesota-Twin Cities
1840725,2019-08-27,128904,Standard Grant,CSBR:  RAPID:  NATURAL HISTORY: Securing the safety of critical Great Lakes alcohol preserved specimens,Central Michigan University
1903095,2019-08-27,345950,Standard Grant,FSML:  Gulf of Alaska Dive and Marine Research Support Infrastructure Project,SITKA SOUND SCIENCE CENTER INC
1929638,2019-08-27,585442,Standard Grant,"ICBR:  Repurposing Infrastructure to Advance State of the Art Research Methods, Keys Marine Lab",University of South Florida
1942646,2019-08-29,98779,Standard Grant,"Proposal for Workshop on 'Developing skills for advanced careers in biology for NSF postdoctoral fellows in the PRFB Broadening Participation 2019 cohort'; Honolulu, HI",Society for Advancement of Chicanos & Native Americans in Sci
1935813,2019-09-04,99779,Standard Grant,"Proposal for Workshop on 'Developing Skills for Grant Writing and Peer Review'; to be conducted Spring 2020; Washington, DC",Society for Advancement of Chicanos & Native Americans in Sci
1920054,2019-09-10,74975,Standard Grant,RCN-UBE Incubator:  Enhancing Undergraduate Biology Education through Science Communication,University of Denver
1935913,2019-09-16,17577202,Continuing Grant,Mid-scale RI-1 (M1:IP): 1.2 GHz NMR Spectrometer for National Gateway Ultrahigh Field NMR Center,"OHIO STATE UNIVERSITY, THE"
1935994,2019-09-16,4765713,Continuing Grant,Mid-Scale RI-1 (M1:DP): Compact X-ray Free-Electron Laser Project (CXFEL),Arizona State University
2001080,2019-10-28,578471,Continuing Grant,CAREER: Integrative Approaches to Uncovering Complex Genotype-Phenotype Relationships in High Dimensional Genomics Data,Temple University
1935224,2019-11-13,20150,Standard Grant,The 2019 NIMBioS Undergraduate Research Conference and a Workshop on Transitioning to Graduate School,University of Tennessee Knoxville
1929694,2019-12-10,2035468,Continuing Grant,CIBR: Collaborative Research: Providing sustainable Galaxy service on XSEDE resources,Pennsylvania State Univ University Park
1937338,2019-12-17,450000,Continuing Grant,Core support for the Board on Life Sciences,National Academy of Sciences
2010716,2019-12-17,499999,Standard Grant,RCN-UBE:  Inclusive Environments and Metrics in Biology Education and Research (iEMBER):  Novel Networking Fostering Interdisciplinary Communities and New Research Collaborations,Montana State University - Billings
1950051,2020-01-13,385528,Continuing Grant,REU Site: Research Experiences in Integrative and Evolutionary Biology,University of Massachusetts Boston
1932765,2020-02-13,1325157,Continuing Grant,CIBR:Accelerating the discovery and utility of the timescale of life,Temple University
1950649,2020-02-13,402886,Standard Grant,REU Site: Center for Neural Science Summer Undergraduate Research Program (SURP),New York University
1942963,2020-02-14,630230,Continuing Grant,CAREER: Foundational statistical theory and methods for analyzing populations of attributed connectomes,Johns Hopkins University
1949735,2020-02-18,416382,Continuing Grant,REU Site:  Summer Research Experiences in Neuroscience,MERCY UNIVERSITY
1950786,2020-02-18,51497,Standard Grant,Collaborative Research: REU Site: Phenotypic plasticity research experience for community college students,Parkland College
1950819,2020-02-18,347708,Standard Grant,Collaborative Research: REU Site: Phenotypic plasticity research experience for community college students,University of Illinois at Urbana-Champaign
2017799,2020-02-18,17686,Standard Grant,"Workshop: Building Leadership Capacity for Systemic, Scalable and Sustainable Change in Undergraduate Biology Education; Spring, 2019",Indiana University
2021734,2020-02-18,88512,Standard Grant,Collaborative Research: ABI Development: Integrated platforms for protein structure and function predictions,Wichita State University
1933016,2020-02-19,635677,Standard Grant,Collaborative Research: CIBR: Cyberinfrastructure Enabling End-to-End Workflows for Aquatic Ecosystem Forecasting,Virginia Polytechnic Institute and State University
1933102,2020-02-19,651665,Standard Grant,Collaborative Research: CIBR: Cyberinfrastructure Enabling End-to-End Workflows for Aquatic Ecosystem Forecasting,University of Florida
1943448,2020-02-19,1072885,Continuing Grant,CAREER: Imaging dynamic macromolecules in solution with x-ray lasers,Arizona State University
1949968,2020-02-19,402696,Standard Grant,REU Site: Bioinformatics Research and Interdisciplinary Training Experience in Analysis and Interpretation of Information-Rich Biological Data Sets (REU-BRITE),Trustees of Boston University
1950355,2020-02-19,346209,Standard Grant,REU Site: Disturbance Ecology in Central Appalachia,Eastern Kentucky University
1950237,2020-02-20,288764,Standard Grant,"REU Site: Population, community and ecosystem dynamics in the northern Chihuahuan Desert",University of New Mexico
1950769,2020-02-20,460472,Continuing Grant,REU Site: Undergraduate Research in Molecular Biology at the Ohio State University,"OHIO STATE UNIVERSITY, THE"
1950364,2020-02-25,534594,Continuing Grant,REU Site: Summer Research Program in Ecology at Harvard Forest,Harvard University
1950697,2020-02-25,485383,Continuing Grant,REU Site: A Cyberlinked Program in Computational Biomolecular Structure & Design,Johns Hopkins University
2016487,2020-02-25,98079,Standard Grant,Bilateral BBSRC-NSF/BIO: Bayesian Quantitative Proteomics,University of Pennsylvania
1950380,2020-02-27,403251,Standard Grant,REU Site: Biological Discovery in Woods Hole,Marine Biological Laboratory
1950734,2020-02-28,371154,Standard Grant,"REU Site: Ecology, Evolution, and Behavior Field Research at Mountain Lake Biological Station",University of Virginia Main Campus
1950820,2020-03-03,399159,Standard Grant,REU Site: SURFing the Interface between Chemistry and Biology,The Scripps Research Institute
1942143,2020-03-06,862012,Continuing Grant,CAREER: Delineate context-specific gene regulation in 3D chromatin space,Michigan State University
1943291,2020-03-06,722398,Continuing Grant,CAREER: A Novel Bioinformatic Infrastructure for Metagenome Assembly and Functional Annotation,University of Kansas Center for Research Inc
1943497,2020-03-06,686013,Continuing Grant,CAREER: Flexible and efficient mixed models to infer the genetic architecture of complex phenotypes,University of California-Los Angeles
1950247,2020-03-06,365867,Standard Grant,REU Site:  Molecular Biology and Genetics of Cell Signaling,Cornell University
2017732,2020-03-06,99107,Standard Grant,Revisiting the Freshwater Imperative: A workshop to synthesize and prioritize key challenges in freshwater science,Board of Trustees of Illinois State University
1937540,2020-03-13,546148,Standard Grant,IIBR:Informatics:Toward an Automated RNA-seq Bioinformatician,Carnegie Mellon University
1942280,2020-03-13,594639,Continuing Grant,CAREER: Harnessing the data revolution for predicting and managing ecosystem regime shifts,University of California-Berkeley
1943371,2020-03-13,563366,Continuing Grant,"CAREER: Advancing evolutionary genomics and eukaryotic biodiversity research through accurate, scalable, and flexible frameworks for structural genome annotation",University of Connecticut
1945373,2020-03-13,792666,Continuing Grant,IIBR Instrumentation: Integrated optical imaging and machine-learning platforms for mapping 3D topology of nanoscale cellular structures,George Washington University
1952823,2020-03-13,798000,Standard Grant,IIBR Instrumentation: Multiscale Multiplex Nanomechanical Stimulus and Sensing of Living Cells on 3D-Cell Culture,Rutgers University New Brunswick
2003635,2020-03-13,427507,Standard Grant,IIBR Informatics: Development of Multimodal approaches for protein function prediction,Purdue University
1939187,2020-03-16,1171473,Standard Grant,"eBird Enterprise: Maintaining the Cyberinfrastructure to Support the Collection, Storage, Archive, Analysis, and Access to a Global Biodiversity Data Resource",Cornell University
1949893,2020-03-16,377774,Standard Grant,REU Site - Summer Undergraduate Research Program in Biochemistry,Texas A&M AgriLife Research
1950610,2020-03-16,583752,Standard Grant,"REU SITE: Systematics, Evolution and Conservation for the 21st Century",American Museum Natural History
1950024,2020-03-19,405140,Standard Grant,REU Site: Big Data Science and Science Communication,University of Washington
1950353,2020-03-19,378651,Standard Grant,REU Site: Environmental Biology for Pacific Islanders,University of Hawaii
1950810,2020-03-19,280554,Standard Grant,REU Site: Summer Program in Chihuahuan Desert Biodiversity,University of Texas at El Paso
1949629,2020-03-20,427114,Standard Grant,IIBR Informatics: Reducing the training data annotation cost for learning-based macromolecule identification in cellular electron cryo-tomography,Carnegie Mellon University
1950621,2020-03-20,393840,Standard Grant,REU Site: CSHL NSF-REU Bioinformatics and Computational Neuroscience Summer Undergraduate Program,Cold Spring Harbor Laboratory
1951447,2020-03-20,836650,Standard Grant,IIBR Instrumentation: Sub-micrometer Resolution Mass Spectrometry Imaging by Deep-UV Laser Ablation and Post-ionization,Louisiana State University
1954406,2020-03-20,782676,Standard Grant,IIBR Informatics: A generalized modeling framework for integrating multi-species data sources to estimate biodiversity processes,Michigan State University
1942003,2020-03-23,537623,Standard Grant,CAREER: Light-sheet Brillouin microscopy for mechanical analysis of tissue morphogenesis,"University of Maryland, College Park"
1950627,2020-03-23,393089,Standard Grant,REU SITE: Summer Undergraduate Program for Experiential Research (SUPER) in Molecular Biosciences.,University of Texas at Austin
1950656,2020-03-23,352803,Standard Grant,REU Site: Global Change Ecology at the Smithsonian Environmental Research Center,Smithsonian Institution
2027194,2020-03-25,100000,Standard Grant,Rapid: Collaborative Research: Agile and effective responses to emerging pathogen threats through open data and open analytics,Pennsylvania State Univ University Park
2027196,2020-03-25,100000,Standard Grant,Rapid: Collaborative Research: Agile and effective responses to emerging pathogen threats through open data and open analytics,Temple University
1946937,2020-03-30,364707,Standard Grant,REU Site: Genomics and Computational Biology,University of Georgia Research Foundation Inc
1950350,2020-03-30,308160,Standard Grant,"REU Site: Biological Adaptations to Stress - Molecular, Cellular, Ecological",Pepperdine University
1949036,2020-03-31,300000,Standard Grant,EAGER: IIBR Informatics: Deep learning tools for the identification of RNA modifications from direct RNA sequencing data,Colorado State University
1950503,2020-04-07,339272,Standard Grant,"REU Site: Interdisciplinary Research for Undergraduates in the Plant Sciences: Genomes,Phenomes and Landscapes",South Dakota State University
1950787,2020-04-07,344278,Standard Grant,REU Site: Summer Research Projects in Neuroscience,University of Missouri-Columbia
1935749,2020-04-16,630486,Standard Grant,Collaborative Research: CIBR: Building Capacity for Data-driven Neuroscience Research,University of California-San Diego
1935771,2020-04-16,121058,Standard Grant,Collaborative Research: CIBR: Building Capacity for Data-driven Neuroscience Research,Yale University
2029595,2020-04-20,200000,Standard Grant,RAPID: finding virulence genes as therapeutic targets in Covid-19,University of Georgia Research Foundation Inc
2028361,2020-04-23,146452,Standard Grant,Collaborative Research: ABI Innovation: Towards Computational Exploration of Large-Scale Neuro-Morphological Datasets,Texas A&M Engineering Experiment Station
2029533,2020-04-23,299723,Standard Grant,EAGER: Functionally Relevant Structural Heterogeneity in Coronavirus SARS-CoV2 Proteins,University of Wisconsin-Milwaukee
2029943,2020-04-23,200000,Standard Grant,RAPID Enhanced SARS-CoV-2 High-Throughput Crystallization for Structural Studies,Hauptman-Woodward Medical Research Institute Inc
2030052,2020-04-23,200000,Standard Grant,RAPID Collaborative Proposal: High-resolution structure determination of Coronavirus ligands by high-throughput WAXS,Hauptman-Woodward Medical Research Institute Inc
2000296,2020-04-28,493074,Standard Grant,Excellence in Research: Analysis of Rare Mutations and Post-translational Modifications in Peroxidases,Howard University
2029949,2020-04-28,200000,Standard Grant,RAPID: Large-scale functional analysis of antibody repertoires elicited by SARS-CoV-2,Texas A&M University
2030530,2020-04-28,77892,Standard Grant,RAPID: Optimizing distance learning programs to mitigate the effects of the COVID-19 Pandemic on REU sites in biology.,University of Georgia Research Foundation Inc
2030601,2020-04-28,200000,Standard Grant,RAPID: NMR Characterization of SARS-CoV-2 Proteins,University of Connecticut Health Center
1950421,2020-04-30,314428,Standard Grant,"REU Site: Ecology, Genetics, and Adaptation on the Colorado Plateau",Northern Arizona University
2029885,2020-05-04,199816,Standard Grant,RAPID IIBR Informatics Computational methods for utilizing SARS-Cov2 sequence and structure data in predicting host-pathogen protein-protein interactions,Hauptman-Woodward Medical Research Institute Inc
2030466,2020-05-04,199566,Standard Grant,"RAPID: Structure, Function and Dynamics of SARS Coronavirus-2 Main Protease 3CLpro Determined with Mix-and-Inject Serial XFEL Crystallography",University of Wisconsin-Milwaukee
2030790,2020-05-06,199785,Standard Grant,IIBR: Informatics: RAPID: Genome-wide Structure and Function Modeling of the SARS-CoV-2 Virus,Regents of the University of Michigan - Ann Arbor
2031205,2020-05-06,200000,Standard Grant,RAPID: Structural investigation of interactors of SARS CoV 2,University of California-San Francisco
2031815,2020-05-06,199030,Standard Grant,RAPID: The Virtual Field: Educational mitigation for the Covid-19 Pandemic,Sonoma State University
2024136,2020-05-07,49992,Standard Grant,2020 hackseq RNA Workshop,Johns Hopkins University
2027203,2020-05-11,138321,Standard Grant,Collaborative Research: ABI Innovation: Biofilm Resource and Information Database (BRaID): A Tool to Fuse Diverse Biofilm Data Types,DePaul University
2014617,2020-05-12,182413,Standard Grant,FSML: A culture facility for small marine organisms at Shannon Point Marine Center,Western Washington University
2010660,2020-05-13,138000,Fellowship Award,NSF Postdoctoral Fellowship in Biology FY 2020: Going back in time: using museum collections to reconstruct the history of a host shift in an invasive insect,"Davis, Jeremy S"
2010679,2020-05-13,138000,Fellowship Award,NSF Postdoctoral Fellowship in Biology FY 2020: Elucidating the relationship between host divergence and gut microbiome divergence in Parulid warblers,"Baiz, Marcella D"
2010706,2020-05-13,138000,Fellowship Award,NSF Postdoctoral Fellowship in Biology FY 2020:Consequences of reductive evolution on cell wall metabolism in the obligate intracellular bacterium Rickettsia parkeri,"Figueroa-Cuilan, Wanda Melissa"
2010712,2020-05-13,138000,Fellowship Award,NSF Postdoctoral Fellowship in Biology FY 2020: Mechanisms driving food web dynamics in terrestrial ecosystems,"Manlick, Philip J"
2010718,2020-05-13,138000,Fellowship Award,"NSF Postdoctoral Fellowship in Biology FY 2020: Morphology, kinematics and evolution of Eunicidan annelid jaws",Moore                   Jenna          M
2010726,2020-05-13,138000,Fellowship Award,NSF Postdoctoral Fellowship in Biology FY 2020: Investigating maternally-mediated developmental plasticity and the role of the microbiome in wild red squirrels,"Petrullo, Lauren"
2010766,2020-05-13,138000,Fellowship Award,NSF Postdoctoral Fellowship in Biology FY 2020: Proportional assembly of intracellular structures,"McInally, Shane G"
2010826,2020-05-13,138000,Fellowship Award,NSF Postdoctoral Fellowship in Biology FY 2020: Investigating Feedbacks Between Guppy Host Behavior and Gyrodactylid Parasite Evolution,"Walsman, Jason"
2010885,2020-05-13,138000,Fellowship Award,NSF Postdoctoral Fellowship in Biology FY 2020: Ecological and Evolutionary Interactions in a Dynamic Microbial System,"Shoemaker, William Randolph"
2010892,2020-05-13,138000,Fellowship Award,NSF Postdoctoral Fellowship in Biology FY 2020: From genomes to geographic distributions: testing the eco-evolutionary mechanisms of species range limits,"Benning, John W"
2010972,2020-05-13,138000,Fellowship Award,NSF Postdoctoral Fellowship in Biology FY 2020,Halloway                Abdel
2010983,2020-05-13,207000,Fellowship Award,NSF Postdoctoral Fellowship in Biology FY 2020:Courting death or reproductive success? Analysis of interactions underlying rapid evolutionary change in crickets,"Zonana, David Michael"
2011010,2020-05-13,138000,Fellowship Award,NSF Postdoctoral Fellowship in Biology FY 2020,"Lee, Elizabeth Erin Lailei"
2011030,2020-05-13,138000,Fellowship Award,NSF Postdoctoral Fellowship in Biology FY 2020,"Cruz-de Hoyos, Roxanne M"
2026342,2020-05-13,1026757,Continuing Grant,"CAREER:   Algorithms in nature: Uncovering principles of plant structure, growth, and adaptation",Cold Spring Harbor Laboratory
2031343,2020-05-13,199993,Standard Grant,RAPID: IIBR: Instrumentation: Time-resolved studies of the SARS-CoV-2 endonuclease NP15,Arizona State University
2031778,2020-05-13,72841,Standard Grant,RAPID: Undergraduate Research in Modeling and Computation for Discovery of Molecular Probes for SARS-CoV-2 Proteins,Northeastern University
2032663,2020-05-14,200000,Standard Grant,RAPID: Folding@home and COVID-19,Washington University
2032700,2020-05-14,187871,Standard Grant,RAPID: Accelerating Phylodynamic Analyses of SARS-CoV-2,"University of Maryland, College Park"
1942692,2020-05-18,557340,Continuing Grant,CAREER: Bringing Models to Native: Open Access Bioinformatics for Protein Structure Refinement,Auburn University
2007151,2020-05-18,207000,Fellowship Award,NSF Postdoctoral Fellowship in Biology FY 2020,"Weaver, Joseph Earl"
2010866,2020-05-18,138000,Fellowship Award,NSF Postdoctoral Fellowship in Biology FY 2020: Genetic and  biological substrates facilitating detection and evaluation of potential mates in a novel mammalian model,"Bentz, Ehren James"
2032158,2020-05-18,198979,Standard Grant,RAPID: Development of online-based research experiences to mitigate the negative impacts of the COVID-19 pandemic on undergraduate biology education,Widener University
2032199,2020-05-18,199999,Standard Grant,RAPID: IIBR: Coronavirus Viroporin XFEL Structural Studies,Arizona State University
1950950,2020-05-19,351930,Standard Grant,REU Site: DNA-Based Discoveries in Hawaii's Biodiversity,University of Hawaii
2017278,2020-05-19,49745,Standard Grant,Enhancing Biology Education Research by Bridging Disciplinary Boundaries between Discipline-based Education Research in Biology and Learning Sciences.,University of Colorado at Boulder
2030381,2020-05-20,200000,Standard Grant,RAPID: IIBR Informatics: Predicting All-atom Structure of SARS-CoV-2 Related Protein Complex from 3D Cryo-Electron Microscopy Data,University of Washington
2010724,2020-05-21,138000,Fellowship Award,NSF Postdoctoral Fellowship in Biology FY 2020: Controls on the formation and  persistence of mineral-associated organic matter,"Lang, Ashley K"
2010817,2020-05-21,138000,Fellowship Award,NSF Postdoctoral Fellowship in Biology FY 2020: Comparative neural mechanisms of pair bonding,"Hiura, Lisa"
2010832,2020-05-21,138000,Fellowship Award,NSF Postdoctoral Fellowship in Biology FY 2020: Contributions of the Cnidarian  microbiome to holobiont stress tolerance,"Bucher, Maite Ghazaleh"
2031741,2020-05-21,193230,Standard Grant,RAPID: Determination of the cross-over frequency of SARS-CoV-2 for rapid identification concentration,University of Wisconsin-Milwaukee
2032784,2020-05-21,198293,Standard Grant,RAPID: Probing SARS-CoV-2 evolution and vulnerabilities through its mutation and fitness landscape,University of Southern California
2032904,2020-05-21,200000,Standard Grant,RAPID - COVID-19 target epitopes and human genetic factors of virulence,Baylor College of Medicine
2006244,2020-05-22,138000,Fellowship Award,NSF Postdoctoral Fellowship in Biology FY 2020,"Epstein, Hannah"
2010604,2020-05-27,207000,Fellowship Award,NSF Postdoctoral Fellowship in Biology FY 2020,"Atkinson, Joshua T"
2018204,2020-05-27,24603,Standard Grant,Building Community Capacity for Assessment of Student Learning in Undergraduate Biochemistry and Molecular Biology,Elon University
2031819,2020-05-27,199999,Standard Grant,RAPID: Comprehensive Interaction and Annotation (CIA) Analysis of the SARS-CoV-2 Genome and Related Genomes,Translational Genomics Research Instittue
2033262,2020-05-27,119747,Standard Grant,IIBR:Informatics:RAPID: Structure-based identification of SARS-derived peptides with potential to induce broad protective immunity,William Marsh Rice University
2010657,2020-06-01,138000,Fellowship Award,NSF Postdoctoral Fellowship in Biology FY 2020: Suction feeding in the pharyngeal jaw apparatus,"Avidan, Corrine"
2010708,2020-06-01,138000,Fellowship Award,NSF Postdoctoral Fellowship in Biology FY 2020: Exploration of viruses in hydrothermal vents of the Lost City and the rocky subseafloor,"Prator, Cecilia A"
2010791,2020-06-01,138000,Fellowship Award,NSF Postdoctoral Fellowship in Biology FY 2020: Understanding the  environment-to-epigenetic alterations driving ecosystem function and resilience under  continuing climate change,"Wong, Juliet Marie"
2010853,2020-06-01,207000,Fellowship Award,"NSF Postdoctoral Fellowship in Biology FY 2020: Connecting comparative, genomic, and evolutionary ecology factors to extreme mammalian longevity","Lama, Tanya"
2010904,2020-06-01,138000,Fellowship Award,NSF Postdoctoral Fellowship in Biology FY 2020: Vibrio Cholerae: An old disease with new tricks,"Ayala, Andrea Josefina"
2010906,2020-06-01,138000,Fellowship Award,NSF Postdoctoral Fellowship in Biology FY 2020: Friend or foe: Neural regulation of dynamic social environments,DeAngelis               Ross           S
2010950,2020-06-01,138000,Fellowship Award,NSF Postdoctoral Fellowship in Biology FY 2020: Evolutionary consequences of hybridization across life,"Langdon, Quinn K"
1950299,2020-06-02,352359,Standard Grant,REU Site: STEM for Plant Health,Utah State University
2010851,2020-06-02,791094,Standard Grant,Collaborative research: CIBR: Computational resources for modeling and analysis of realistic cell membranes,Regents of the University of Michigan - Ann Arbor
2011234,2020-06-02,434538,Standard Grant,Collaborative Research: CIBR: Computational resources for modeling and analysis of realistic cell membranes,Lehigh University
2019771,2020-06-02,400000,Standard Grant,BBSRC-NSF/BIO: IIBR Informatics: Collaborative Research: Inference of isoform-level regulatory infrastructures with studies in steroid-producing cells,Georgia Tech Research Corporation
2019797,2020-06-02,400000,Standard Grant,BBSRC-NSF/BIO: IIBR Informatics: Collaborative Research: Inference of isoform-level regulatory infrastructures with studies in steroid-producing cells,Pennsylvania State Univ University Park
2030129,2020-06-02,198710,Standard Grant,RAPID: National Drosophila Species Stock Center Covid-19 Relief and Recovery,Cornell University
2034045,2020-06-02,75042,Standard Grant,RAPID-REU Site: Mitigating the Impact of COVID-19 Pandemic on Undergraduate Research Training in the Biosciences,Montana State University
2033973,2020-06-03,199999,Standard Grant,"RAPID: Rapid Creation of a Data Product for the World’s Specimens of Horseshoe Bats and Relatives, a Known Reservoir for Coronaviruses",Florida State University
2010658,2020-06-05,138000,Fellowship Award,NSF Postdoctoral Fellowship in Biology FY 2020,Freedman                Micah          G
2010841,2020-06-05,138000,Fellowship Award,"NSF Postdoctoral Fellowship in Biology FY 2020: Investigation of the Ancestral  Modulation Rule, a Proposed Rule for Reversal of Sex-biased Traits","Anderson, Andrew P"
2010843,2020-06-05,138000,Fellowship Award,NSF Postdoctoral Fellowship in Biology FY 2020,"Lucas, Kelsey Noelle"
2010844,2020-06-05,138000,Fellowship Award,Revisiting Homo Taxonomy: A Geometric Morphometric Analysis of the Hominin Skeleton,"Kenyon, Brittany"
2011005,2020-06-05,207000,Fellowship Award,NSF Postdoctoral Fellowship in Biology FY 2020,"Donald, Marion"
2011020,2020-06-05,138000,Fellowship Award,NSF Postdoctoral Fellowship in Biology FY 2020,"Bogar, Laura"
2011025,2020-06-05,138000,Fellowship Award,NSF Postdoctoral Fellowship in Biology FY 2020,"Diner, Rachel E"
2010615,2020-06-09,138000,Fellowship Award,NSF Postdoctoral Fellowship in Biology FY 2020: Local adaptation of wild bees to  human-dominated landscapes,"Figueroa, Laura Lucia"
2010728,2020-06-09,138000,Fellowship Award,NSF Postdoctoral Fellowship in Biology FY 2020:Connecting development and  physiology to understand the evolution of novel sensory systems,"Allard, Corey Albert Harris"
2010748,2020-06-09,138000,Fellowship Award,"NSF Postdoctoral Fellowship in Biology FY 2020: Bridging genomics, physiology, and behavioral ecology to uncover mechanisms driving incipient speciation in an island bird","Shogren, Elsie H"
2010776,2020-06-09,138000,Fellowship Award,NSF Postdoctoral Fellowship in Biology FY 2020: Linking Micro- and  Macroevolutionary Approaches to Understand the Paradox of Polymorphism in  Plethodon,"Hantak, Maggie"
2016264,2020-06-09,899908,Continuing Grant,Collaborative Research:CIBR:VectorByte: A Global Informatics Platform for studying the Ecology of Vector-Borne Diseases,Virginia Polytechnic Institute and State University
2016265,2020-06-09,436541,Continuing Grant,Collaborative Research: CIBR: VectorByte: A Global Informatics Platform for studying the Ecology of Vector-Borne Diseases,University of Florida
2016282,2020-06-09,662371,Continuing Grant,Collaborative Research: CIBR: VectorByte: A Global Informatics Platform for studying the Ecology of Vector-Borne Diseases,University of Notre Dame
2019297,2020-06-09,1612028,Continuing Grant,CIBR: BBSRC-NSF/BIO: Next generation Protein Data Bank - FACT infrastructure with value added FAIR data supporting diverse research and education user communities.,Rutgers University New Brunswick
2009989,2020-06-10,138000,Fellowship Award,NSF Postdoctoral Fellowship in Biology FY 2020,"Smith, Megan"
2010210,2020-06-10,138000,Fellowship Award,NSF Postdoctoral Fellowship in Biology FY 2020,"Shropshire, John Dylan"
2010583,2020-06-10,138000,Fellowship Award,NSF Postdoctoral Fellowship in Biology FY 2020,"Cope, Olivia L"
2010986,2020-06-10,138000,Fellowship Award,NSF Postdoctoral Fellowship in Biology FY 2020,"Igwe, Alexandria"
2010989,2020-06-10,138000,Fellowship Award,NSF Postdoctoral Fellowship in Biology FY 2020,"George, Andrew Bradley"
2011038,2020-06-10,138000,Fellowship Award,NSF Postdoctoral Fellowship in Biology FY 2020,"Fanter, Cornelia E"
2011039,2020-06-10,138000,Fellowship Award,NSF Postdoctoral Fellowship in Biology FY 2020,"Tabbaa, Manal"
2011040,2020-06-10,207000,Fellowship Award,NSF Postdoctoral Fellowship in Biology FY 2020,Hensley                 Nicholai       M
2011008,2020-06-11,138000,Fellowship Award,NSF Postdoctoral Fellowship in Biology FY 2020,"Brown, Tanya Louise"
2007075,2020-06-12,138000,Fellowship Award,NSF Postdoctoral Fellowship in Biology FY 2020,"Eisen, Katherine Elizabeth"
2011271,2020-06-12,781018,Standard Grant,CIBR: Full-Spectrum Prediction of Peptide Tandem Mass Spectra using Deep Neural Networks,Indiana University
2010695,2020-06-16,138000,Fellowship Award,NSF Postdoctoral Fellowship in Biology FY 2020: Conflict Resolution: How to  Train your Inherited Bacteria,"Cross, Karissa Lynn"
2010958,2020-06-16,138000,Fellowship Award,NSF Postdoctoral Fellowship in Biology FY 2020: Do energy gradients mediate cannibalism-driven population dynamics?,"Thomas, Scott"
1942273,2020-06-17,1240422,Continuing Grant,CAREER: Facilitating the use of genomic data in evolutionary biology,University of Rhode Island
2002763,2020-06-18,256849,Standard Grant,IIBR Multidisciplinary: RUI: Cross Departmental Development of an Automated Species Identification System for the Phylum Tardigrada found on Birds.,Baker University
2010755,2020-06-18,138000,Fellowship Award,NSF Postdoctoral Fellowship in Biology FY 2020: Evolution of genomic regulatory  control of ctenophore development and regeneration,"Edgar, Allison"
2010803,2020-06-18,138000,Fellowship Award,NSF Postdoctoral Fellowship in Biology FY 2020: Microplastics in the Marine Food Web,"Valenti, Jessica Lauren"
2019088,2020-06-18,74897,Standard Grant,RCN-UBE Incubator: Networking Systems Biologists with Community College Educator,Institute for Systems Biology
2010075,2020-06-22,207000,Fellowship Award,NSF Postdoctoral Fellowship in Biology FY 2020,"Milligan, Patrick Devin"
2018668,2020-06-22,74983,Standard Grant,"RCN-UBE INCUBATOR STEM BUILD: A network of undergraduates, faculty, and makers utilizing 3D printing to Build Understanding through Inclusive Learning Design",North Carolina State University
2010236,2020-06-23,138000,Fellowship Award,NSF Postdoctoral Fellowship in Biology FY 2020: The effect of land use change  on Caribbean hawkmoth pollination behavior,"Smith, Gordon P"
2010680,2020-06-23,138000,Fellowship Award,NSF Postdoctoral Fellowship in Biology FY 2020: Functional traits as indicators of  community structure and function,"Short, Rachel A"
2010702,2020-06-23,138000,Fellowship Award,NSF Postdoctoral Fellowship in Biology FY 2020: Exploring the genetic and behavioral basis of variation in sequestration ability in the polymorphic tortoise beetle,"Strickland, Lynette Renae"
2010772,2020-06-23,138000,Fellowship Award,NSF Postdoctoral Fellowship in Biology FY 2020: Genomic insights into  plant-insect coevolution,"Goldberg, Jay Keche"
2010800,2020-06-23,138000,Fellowship Award,NSF Postdoctoral Fellowship in Biology FY 2020: Biodiversity and a High-Resolution Recovery of Fossil Plant-Insect Associations Across the Cretaceous-Paleogene Boundary,"Maccracken, Sarah Augusta"
2010845,2020-06-23,138000,Fellowship Award,"NSF Postdoctoral Fellowship in Biology FY 2020: Individual and population-level  effects of water in a tritrophic system: impacts on pollination, herbivory, and parasitism","Recart Gonzalez, Wilnelia"
2010852,2020-06-23,207000,Fellowship Award,NSF Postdoctoral Fellowship in Biology FY 2020: Cryoconite hole community  dynamics on Tibetan debris-covered glaciers,Fair                    Heather
2011002,2020-06-23,138000,Fellowship Award,NSF Postdoctoral Fellowship in Biology FY 2020,"Rohwer, Robin Rebecca"
2037231,2020-06-23,50000,Standard Grant,2021 REU Site Workshop:  Looking Forward,Rocky Mountain Biological Laboratory
2010666,2020-06-24,138000,Fellowship Award,NSF Postdoctoral Fellowship in Biology FY 2020: Broadening participation of  Native Americans in STEM fields by investigating pulmonary adaptations among marine  mammals,"Cieri, Robert"
2010735,2020-06-24,138000,Fellowship Award,NSF Postdoctoral Fellowship in Biology FY 2020: Influence of m6A In Gene  Regulation and Protein Occupancy in Bacillus Subtilis,"Fernandez, Nicolas"
2010897,2020-06-24,138000,Fellowship Award,NSF Postdoctoral Fellowship in Biology FY 2020: The functional biogeography of  ectomycorrhizal fungi: elucidating cross-scale mechanisms that inform global models,"Pellitier, Peter"
2010979,2020-06-24,138000,Fellowship Award,NSF Postdoctoral Fellowship in Biology FY 2020: Diet and the microbiome as  drivers of host tolerance and resistance to parasites,"Love, Ashley"
2010988,2020-06-24,138000,Fellowship Award,NSF Postdoctoral Fellowship in Biology FY 2020,"Hutter, Carl"
2010698,2020-06-25,138000,Fellowship Award,NSF Postdoctoral Fellowship in Biology FY 2020: Integrating biological collections  and observational data sources to estimate long-term butterfly population trends,"Davis, Courtney Lynn"
2010715,2020-06-25,138000,Fellowship Award,NSF Postdoctoral Fellowship in Biology FY 2020: From Nanoscale to Global  Scale: Viruses as Drivers of Community Interactions and Ecosystem Function,"Holdridge, Erica Marie"
2010756,2020-06-25,138000,Fellowship Award,NSF Postdoctoral Fellowship in Biology FY 2020: Convergent evolution of morphological integration in Indonesian shrews,Nations                 Jonathan
2010774,2020-06-25,138000,Fellowship Award,NSF Postdoctoral Fellowship in Biology FY 2020: Implications of hybridization on  persistence at macroevolutionary and contemporary timescales,"Chafin, Tyler K"
2010782,2020-06-25,138000,Fellowship Award,NSF Postdoctoral Fellowship in Biology FY 2020: Development and Evolution of  Olfactory Perception in Response to Temperature,"Mobley, Robert"
2010807,2020-06-25,138000,Fellowship Award,NSF Postdoctoral Fellowship in Biology FY 2020: Predicting Evolution Through  Quantitative Dissection of the Bacterial Proteome,"Chure, Griffin Daniel"
2010869,2020-06-25,138000,Fellowship Award,NSF Postdoctoral Fellowship in Biology FY 2020: Mechanisms of sensory  reception in the hydrodynamically-adapted skin of cetaceans,Eldridge                Sherri         A
2010880,2020-06-25,138000,Fellowship Award,NSF Postdoctoral Fellowship in Biology FY 2020: Assessing Changes in Microbial  Metabolisms Across Environmental Gradients in the Deep Biosphere,"Montgomery, Andrew"
2010898,2020-06-25,207000,Fellowship Award,NSF Postdoctoral Fellowship in Biology FY 2020,"Bernot, James"
2010963,2020-06-25,138000,Fellowship Award,"NSF Postdoctoral Fellowship in Biology FY 2020: Elucidating the diversity,  prevalence, and stability of deep-sea RNA viruses","Benner, Bayleigh Esther"
2010982,2020-06-25,138000,Fellowship Award,NSF Postdoctoral Fellowship in Biology FY 2020,"Smith-Vidaurre, Grace"
2010987,2020-06-25,138000,Fellowship Award,NSF Postdoctoral Fellowship in Biology FY 2020,"Naranjo, Andre Alexander"
2011045,2020-06-25,138000,Fellowship Award,NSF Postdoctoral Fellowship in Biology FY 2020,"Gomez, Roberto Antonio"
1950536,2020-06-26,296779,Standard Grant,REU Site: Ecological and Evolutionary Responses to Rapid Environmental Change (EERREC),University of California-Davis
2010290,2020-06-26,138000,Fellowship Award,NSF Postdoctoral Fellowship in Biology FY 2020,"Friedman, Daniel A"
2010971,2020-06-26,138000,Fellowship Award,NSF Postdoctoral Fellowship in Biology FY 2020,"Vaelli, Patric"
2006069,2020-06-29,500000,Standard Grant,IIBR Informatics: Advancing Bioinformatics Methods using Ensembles of Profile Hidden Markov Models,University of Illinois at Urbana-Champaign
2010251,2020-06-29,138000,Fellowship Award,NSF Postdoctoral Fellowship in Biology FY 2020,"Harder, Avril M"
2010370,2020-06-29,138000,Fellowship Award,NSF Postdoctoral Fellowship in Biology FY 2020,"Veling, Michael T"
2010714,2020-06-29,138000,Fellowship Award,NSF Postdoctoral Fellowship in Biology FY 2020,"Westrick, Sarah E"
2010784,2020-06-29,138000,Fellowship Award,NSF Postdoctoral Fellowship in Biology FY 2020: Defining lineage functional types to improve earth system model predictions via inclusion of phylogeny and physiology,"Hammond, William"
2010821,2020-06-29,138000,Fellowship Award,NSF Postdoctoral Fellowship in Biology FY 2018,"White, Dawson M"
2010822,2020-06-29,138000,Fellowship Award,NSF Postdoctoral Fellowship in Biology FY 2020,"Whalen, Christopher Daniel"
2010884,2020-06-29,138000,Fellowship Award,NSF Postdoctoral Fellowship in Biology FY 2020: Ecological drivers of disease  adaptation,"Lauterbur, Mary Elise"
2010996,2020-06-29,138000,Fellowship Award,NSF Postdoctoral Fellowship in Biology FY 2020,"Torres, Christopher"
2011004,2020-06-29,138000,Fellowship Award,NSF Postdoctoral Fellowship in Biology FY 2020,"Minich, Jeremiah"
2011016,2020-06-29,138000,Fellowship Award,NSF Postdoctoral Fellowship in Biology FY 2020,"Prather, Hannah"
2011023,2020-06-29,138000,Fellowship Award,NSF Postdoctoral Fellowship in Biology FY 2020,"Matty, Molly A"
2011044,2020-06-29,138000,Fellowship Award,NSF Postdoctoral Fellowship in Biology FY 2020,Bond                    Matthew
2018116,2020-06-29,74445,Standard Grant,RCN-UBE Incubator: Diversifying and integrating marine education at field stations along a latitudinal gradient,Stanford University
2010085,2020-06-30,138000,Fellowship Award,NSF Postdoctoral Fellowship in Biology FY 2020,McDonald                Caitlin        A
2010607,2020-06-30,138000,Fellowship Award,NSF Postdoctoral Fellowship in Biology FY 2020,"Laubach, Zachary"
2010649,2020-06-30,138000,Fellowship Award,NSF Postdoctoral Fellowship in Biology FY 2020,"Moss, Jeanette B"
2010667,2020-06-30,138000,Fellowship Award,NSF Postdoctoral Fellowship in Biology FY 2020,"Muralidhar, Pavitra"
2010677,2020-06-30,138000,Fellowship Award,NSF Postdoctoral Fellowship in Biology FY 2020: Integrating the fossil record with  developmental biology to investigate the origin of the avian body plan,"Griffin, Christopher T"
2010741,2020-06-30,138000,Fellowship Award,NSF Postdoctoral Fellowship in Biology FY 2020,"Janecka, Mary J"
2010783,2020-06-30,138000,Fellowship Award,NSF Postdoctoral Fellowship in Biology FY 2020: A mechanistic approach to how the interaction of ecology and evolution determine the response of communities to temperature,"Vinton, Anna Christina"
2010819,2020-06-30,138000,Fellowship Award,NSF Postdoctoral Fellowship in Biology FY 2020,"Belasen, Anat"
2010820,2020-06-30,138000,Fellowship Award,NSF Postdoctoral Fellowship in Biology FY 2020: Mechanisms of Sensory-Motor Coordination in Zoospores of Pathogenic Chytrid Fungi,"Swafford, Andrew JM"
2010868,2020-06-30,138000,Fellowship Award,NSF Postdoctoral Fellowship in Biology FY 2020: Biotic drivers of local adaptation:  Integrating the evolutionary consequences of plant-soil feedbacks into sagebrush,Allison Simler-Williamson
2010876,2020-06-30,138000,Fellowship Award,NSF Postdoctoral Fellowship in Biology FY 2020: Carbon and nitrogen source  switching in a microbe-bivalve-plant symbiosis,"Chin, Diana W"
2010889,2020-06-30,138000,Fellowship Award,NSF Postdoctoral Fellowship in Biology FY 2020,"Mount, Genevieve G"
2010918,2020-06-30,138000,Fellowship Award,NSF Postdoctoral Fellowship in Biology FY 2020,"Gaughran, Stephen John"
2010931,2020-06-30,138000,Fellowship Award,NSF Postdoctoral Fellowship in Biology FY 2020,"Borstein, Samuel R"
2010942,2020-06-30,138000,Fellowship Award,NSF Postdoctoral Fellowship in Biology FY 2020,"Richards, Jeannine Hyde"
2010944,2020-06-30,138000,Fellowship Award,NSF Postdoctoral Fellowship in Biology FY 2020,"Liao, Irene"
2011001,2020-06-30,138000,Fellowship Award,NSF Postdoctoral Fellowship in Biology FY 2020,"Wallace, Kelly J"
2011031,2020-06-30,138000,Fellowship Award,NSF Postdoctoral Fellowship in Biology FY 2020,"Portner, Elan"
2011049,2020-06-30,138000,Fellowship Award,NSF Postdoctoral Fellowship in Biology FY 2020,"Ennis, Katherine"
2018522,2020-06-30,653114,Standard Grant,"BBSRC-NSF/BIO:Collaborative Research: CIBR: genomeRxiv: a microbial whole-genome database and diagnostic marker design resource for classification, identification, and data sharing",Virginia Polytechnic Institute and State University
2018911,2020-06-30,297294,Standard Grant,"BBSRC-NSF/BIO:Collaborative Research: genomeRxiv: a microbial whole-genome database and diagnostic marker design resource for classification, identification, and data sharing",University of California-Davis
1950415,2020-07-01,67697,Standard Grant,"REU Site Mystic Aquarium: Collaborative Research: Plankton to Whales, Consequences of Global Change within Marine Ecosystems",University of Connecticut
1950480,2020-07-01,352134,Standard Grant,REU Site Mystic Aquarium:  Collaborative Research: Plankton to Whales:  Consequences of Global Change within Marine Ecosystems,Sea Research Foundation
2003694,2020-07-07,24963,Standard Grant,Lassen Field Station Planning,University of California-Davis
2015838,2020-07-07,584296,Standard Grant,IIBR Informatics: An integrative study of distal gene regulation,The University of Central Florida Board of Trustees
2018532,2020-07-07,75000,Standard Grant,RCN-UBE Incubator: Re-Envisioning Culture: Addressing Black Student Retention in Undergraduate Biology Education,University of Missouri-Columbia
2019049,2020-07-07,499756,Standard Grant,RCN-UBE: Youth Environmental Alliance in Higher Education,Colorado State University
2038509,2020-07-07,199999,Standard Grant,RAPID: Improving QIIME 2 and UniFrac for Viruses to Respond to COVID-19,University of California-San Diego
2018270,2020-07-08,75000,Standard Grant,RCN-UBE Incubator: Teaching Logical Reasoning Skills in Undergraduate Biology Courses,Pima County Community College District- NORTHWEST CAMPUS
2030604,2020-07-10,753832,Standard Grant,IIBR Informatics: Taming Complexity Through Simulations: Scalable Inference Under the Coalescent with Recombination,William Marsh Rice University
2037827,2020-07-17,86735,Standard Grant,Developing online teaching tools for field ecology and data science through an EREN-NEON partnership,Ohio Wesleyan University
2038210,2020-07-17,300000,Standard Grant,EAGER: Live Cell Imaging using Low Dose 4DSTEM,University of Texas at Austin
2039369,2020-07-17,199993,Standard Grant,"RAPID Excellence in Research: The development of ultrasensitive, multiplexed DNA/RNA detection platform using printed nanocomposite biosensors",Tuskegee University
2018322,2020-07-20,479763,Standard Grant,RCN-UBE: The Advancing Assessment Skills in BIOlogy Network (ASK BIO)--A Faculty Development Initiative for Under-resourced Institutions,Johnson County Community College
2018738,2020-07-21,1276092,Standard Grant,MRI: Development of microXROMM for high-resolution X-ray motion imaging of small animals,Brown University
2019046,2020-07-21,1361751,Standard Grant,MRI: Acquisition of a solid/liquid-state 700 MHz NMR instrument for the Southeast,Louisiana State University
1949949,2020-07-22,152049,Standard Grant,REU Site: Computational Biology Research - Gateway to STEM,Princeton University
2001535,2020-07-22,12346,Standard Grant,Collaborative Research: Digitization PEN: Expanding and enhancing the California Phenology TCN,San Diego Society of Natural History
2001641,2020-07-22,15301,Standard Grant,Collaborative Research: Digitization PEN: Expanding and enhancing the California Phenology TCN,San Francisco State University
2001644,2020-07-22,147353,Standard Grant,Collaborative Research: Digitization PEN: Expanding and enhancing the California Phenology TCN,Oregon State University
2018837,2020-07-22,499972,Standard Grant,RCN-UBE: Training Undergraduate Biologists through Urban Agriculture,University of St. Thomas
2029552,2020-07-22,700361,Standard Grant,IIBR Informatics: An Efficient Pangenomics Graph Aligner,University of Florida
2031120,2020-07-22,971557,Continuing Grant,CIBR:BBSRC: Next generation collaborative annotation of genomes and synteny,University of California-Berkeley
2018592,2020-07-23,74866,Standard Grant,RCN-UBE Incubator: REAL (R in Education and Assessment of Learning),University of Minnesota-Twin Cities
2018939,2020-07-23,499432,Standard Grant,RCN-UBE: The Undergraduate Network for Increasing Diversity of Ecologists (UNIDE),"OHIO STATE UNIVERSITY, THE"
2022966,2020-07-23,21840,Standard Grant,Collaborative Research FSML: PhytoChop: An estuarine phytoplankton observatory,St Mary's College of Maryland
2022994,2020-07-23,228316,Standard Grant,Collaborative Research FSML: PhytoChop: An estuarine phytoplankton observatory,University of Maryland Center for Environmental Sciences
2037937,2020-07-23,77128,Standard Grant,"Infrastructure for Predicting, Understanding, and Mitigating Zoonotic Disease Outbreaks",University of Florida
2019233,2020-07-24,74450,Standard Grant,Alaska Undergraduate Research Experience: Partnering for Alaska Students by Growing Recruitment and Retention through Undergraduate Research,University of Alaska Anchorage Campus
2001288,2020-07-28,187210,Standard Grant,Digitization TCN: Collaborative Research: Building a global consortium of bryophytes and lichens: keystones of cryptobiotic communities,Duke University
2001290,2020-07-28,25574,Standard Grant,Digitization TCN: Collaborative Research: Mobilizing Millions of Marine Mollusks of the Eastern Seaboard,Regents of the University of Michigan - Ann Arbor
2001299,2020-07-28,363817,Standard Grant,Digitization TCN: Collaborative Research: Building a global consortium of bryophytes and lichens: keystones of cryptobiotic communities,University of Wisconsin-Madison
2001345,2020-07-28,365717,Standard Grant,Digitization TCN: Collaborative Research: Building a global consortium of bryophytes and lichens: keystones of cryptobiotic communities.,Missouri Botanical Garden
2001354,2020-07-28,530076,Standard Grant,Digitization TCN: Collaborative Research: Building a global consortium of bryophytes and lichens: keystones of cryptobiotic communities,New York Botanical Garden
2001394,2020-07-28,344384,Standard Grant,Digitization TCN: Collaborative Research: Building a global consortium of bryophytes and lichens: keystones of cryptobiotic communities,Arizona State University
2001422,2020-07-28,395733,Standard Grant,Digitization TCN: Collaborative Research: Building a global consortium of bryophytes and lichens: keystones of cryptobiotic communities.,University of Illinois at Urbana-Champaign
2001427,2020-07-28,230682,Standard Grant,Digitization TCN: Collaborative Research: Building a global consortium of bryophytes and lichens: keystones of cryptobiotic communities,University of Colorado at Boulder
2001431,2020-07-28,281578,Standard Grant,Digitization TCN: Collaborative Research: Building a global consortium of bryophytes and lichens: keystones of cryptobiotic communities,University of California-Berkeley
2001500,2020-07-28,609365,Continuing Grant,Digitization TCN: Collaborative Research: Building a global consortium of bryophytes and lichens: keystones of cryptobiotic communities,University of Tennessee Knoxville
2001507,2020-07-28,76399,Standard Grant,Digitization TCN: Collaborative Research: Mobilizing Millions of Marine Mollusks of the Eastern Seaboard,Friends of the North Carolina State Museum of Natural Sciences
2001509,2020-07-28,376048,Standard Grant,Digitization TCN: Collaborative Research: Building a global consortium of bryophytes and lichens: keystones of cryptobiotic communities,Field Museum of Natural History
2001510,2020-07-28,844794,Standard Grant,Digitization TCN: Collaborative Research: Mobilizing Millions of Marine Mollusks of the Eastern Seaboard,Field Museum of Natural History
2001515,2020-07-28,125235,Standard Grant,Digitization TCN: Collaborative Research: Mobilizing Millions of Marine Mollusks of the Eastern Seaboard,University of Florida
2001523,2020-07-28,491014,Standard Grant,Digitization TCN: Collaborative Research: Mobilizing Millions of Marine Mollusks of the Eastern Seaboard,"DELAWARE MUSEUM OF NATURE AND SCIENCE, INC."
2001528,2020-07-28,121381,Standard Grant,Digitization TCN: Collaborative Research: Mobilizing Millions of Marine Mollusks of the Eastern Seaboard,SHELL MUSEUM EDUCATIONAL FOUNDATION
2001536,2020-07-28,160230,Standard Grant,Digitization TCN: Collaborative Research: Mobilizing Millions of Marine Mollusks of the Eastern Seaboard,Harvard University
2001546,2020-07-28,58762,Standard Grant,Digitization TCN: Collaborative Research: Mobilizing Millions of Marine Mollusks of the Eastern Seaboard,Carnegie Institute
2001570,2020-07-28,385509,Standard Grant,Digitization TCN: Collaborative Research: Mobilizing Millions of Marine Mollusks of the Eastern Seaboard,Academy of Natural Sciences Philadelphia
2001600,2020-07-28,39600,Standard Grant,Digitization TCN: Collaborative Research: Mobilizing Millions of Marine Mollusks of the Eastern Seaboard,Los Angeles County Museum of Natural History Foundation
2001683,2020-07-28,517282,Standard Grant,CSBR: Natural History: Development of the Catamount Biological Collections to Enhance Biodiversity Research and Education in Southern Appalachia,Western Carolina University
2035515,2020-07-28,838688,Continuing Grant,BBSRC-NSF/BIO: Integrative analysis and Visualisation of Fly Cell Atlas datasets to enable cross-species comparisons,Harvard University
2018007,2020-07-29,591893,Standard Grant,MRI: Acquisition of Hydrogen/Deuterium eXchange Mass Spectrometer,University of Kentucky Research Foundation
2018315,2020-07-29,327067,Standard Grant,MRI: Acquisition of an Isotope Ratio Mass Spectrometer for using stable isotopes to study complex ecological systems,Michigan Technological University
2018748,2020-07-29,252548,Standard Grant,MRI: Acquisition of a Zeiss LSM 900 with Airyscan 2 for Research and Education at Northern Illinois University,Northern Illinois University
2026623,2020-07-30,791385,Continuing Grant,ARTS: Taxonomy and Molecular Systematics of Mesh Web Spiders (Araneae: Dictynidae),California Academy of Sciences
2016360,2020-07-31,860072,Continuing Grant,IIBR Instrumentation: Development of a Stimulated Raman Scattering Activated Cell Sorter to Enable Phenotype-Based Separation of Microbial Cells From Environmental Samples,Montana State University
2029854,2020-07-31,999769,Standard Grant,"CIBR:BBSRC: PanOryza: Globally coordinated genomes, proteomes and pathways for rice",Oregon State University
1942727,2020-08-03,500478,Continuing Grant,CAREER:Ontology-powered Named Entity Recognition and Robust Semantic Similarity Metrics,University of North Carolina Greensboro
2018207,2020-08-03,130809,Standard Grant,"MRI:  Acquisition of a Scanning Electron Microscope for Research, Education, and Exhibit Programs at the Natural History Museum of Los Angeles County",Los Angeles County Museum of Natural History Foundation
2020803,2020-08-03,176781,Standard Grant,Infrastructure Capacity for Biology at the Nahant Marsh Educational Center,Eastern Iowa Community College
2028247,2020-08-03,425000,Standard Grant,FSML:  Integrated Year-Round Laboratory and Housing Space,Rocky Mountain Biological Laboratory
2032176,2020-08-03,450000,Continuing Grant,Collaborative Research: IIBR Instrumentation: The Nanosizer - A new tool for the preparation of arbitrary bioactive surfaces,Research Foundation CUNY - Advanced Science Research Center
2032180,2020-08-03,450000,Continuing Grant,Collaborative Research: IIBR Instrumentation: The Nanosizer - A new tool for the preparation of arbitrary bioactive surfaces,Northwestern University
2018168,2020-08-04,552777,Standard Grant,FSML: Increasing access to the Crown of the Continent: A visiting researcher laboratory at the Flathead Lake Biological Station (Montana),University of Montana
2018239,2020-08-04,755907,Standard Grant,MRI: Acquisition of an Advanced Confocal Microscope System for Research and Research Training at San Francisco State University,San Francisco State University
2018408,2020-08-04,430257,Standard Grant,MRI: Acquisition of a digital spatial molecular profiler to advance research and training at a Hispanic-serving institution,University of Texas at San Antonio
2018510,2020-08-04,319745,Standard Grant,MRI:  The Acquisition of a Flow Cytometer to Enhance Research and Training at South Carolina Undergraduate Institutions in the Upstate,Furman University
2018952,2020-08-04,266517,Standard Grant,MRI: Acquisition of a Seahorse XFe96 Analyzer for High-Throughput Measurements of Glycolysis and Mitochondrial Respiration at Skidmore College,Skidmore College
2019021,2020-08-04,446909,Standard Grant,MRI: Acquisition of a laser scanning confocal microscope for cellular imaging for faculty and students at Baruch College,CUNY Baruch College
2019156,2020-08-04,299782,Standard Grant,MRI: Acquisition of a High-Throughput Fluorescence Slide-Scanner Microscope for the University of Oregon Histology Core Facility,University of Oregon Eugene
2018114,2020-08-05,530760,Standard Grant,MRI:  Acquisition of a Confocal Microscope for Multidisciplinary Resesarch and Teaching at an Undergraduate Liberal Arts College,Middlebury College
2021606,2020-08-05,192991,Standard Grant,BII-Design: Developing a Tree-Focused Biological Integration Institute,Morton Arboretum
2021909,2020-08-05,166189,Standard Grant,BII-Design: Exploring the ecology and evolution of the global virome with big data and machine learning,Georgetown University
2022129,2020-08-05,200000,Standard Grant,BII-Design:  Reintegrating Biology as a Key Component of Bioinspired Design,University of Illinois at Urbana-Champaign
2033672,2020-08-05,45353,Standard Grant,"Integrating limnological, remote sensing, and modeling approaches to understand global lake ice dynamics",Board of Trustees of Illinois State University
1948971,2020-08-06,409200,Standard Grant,"CSBR:Curation, Digitization, and Georeferencing of the Ichthyology and Herpetology Collections at Southeastern Louisiana University",Southeastern Louisiana University
2016741,2020-08-06,617901,Standard Grant,"IIBR Informatics: Automatic generation of multi-layered, information-rich 3D maps of ecosystems from images",University of Georgia Research Foundation Inc
2018586,2020-08-06,563976,Standard Grant,MRI:  Acquisition of a Carl Zeiss EVO SEM (Scanning Electron Microscope) at Lafayette College,Lafayette College
2020026,2020-08-06,1163869,Standard Grant,IIBR Informatics: Comprehensive Metabolism Phenotype Characterization and Interpretation,University of Kentucky Research Foundation
2023723,2020-08-07,421479,Standard Grant,Collaborative Research: Species delimitation in North American lizards,University of Washington
2023979,2020-08-07,234151,Standard Grant,Collaborative Research: Species delimitation in North American lizards,California State University-Dominguez Hills Foundation
2024014,2020-08-07,406892,Standard Grant,Collaborative Research: Species delimitation in North American lizards,University of Texas at Arlington
2016035,2020-08-10,780376,Continuing Grant,IIBR Multidisciplinary: Multiplexed live imaging with hyperspectral light-sheet microscopy,University of Arizona
2021988,2020-08-10,199948,Standard Grant,BII-Design: Evolutionary Morphogenesis and Biodiversity Institute (EMBody),Yale University
1839674,2020-08-11,150000,Standard Grant,Forum on Neuroscience and Nervous System Disorders,National Academy of Sciences
2017869,2020-08-11,347692,Standard Grant,MRI: Acquisition of a room-temperature transmission electron microscope for FSU,Florida State University
2017935,2020-08-11,74157,Standard Grant,RCN-UBE Incubator: Building the San Francisco Bay Network for Student Opportunities in Avian Research to enhance STEM education and assess urban impacts on avian ecology,Stanford University
2018337,2020-08-11,371712,Standard Grant,MRI: Acquisition of a flow cytometer to enhance undergraduate research at Wellesley College,Wellesley College
2018545,2020-08-11,71011,Standard Grant,RCN-UBE Incubator: Developing a Faculty Network in a Biodiversity Hotspot: the Research Experiences in Southern California For Undergraduate Ecologists Network,Pomona College
2018884,2020-08-11,500000,Standard Grant,RCN-UBE: Engaging Educators in Developing and Using Molecular Case Studies at the Interface of Biology and Chemistry,Rutgers University New Brunswick
2019228,2020-08-11,681290,Standard Grant,"MRI: Acquisition of a multi-modal laser scanning confocal microscope to integrate research and teaching across spatial, evolutionary and ecological scales at WWU",Western Washington University
1938128,2020-08-12,507256,Standard Grant,CSBR: Natural History Collections: Advancing access to diatom slide collection at the Academy of Natural Sciences of Drexel University by whole-slide imaging and virtual microscopy,Academy of Natural Sciences Philadelphia
2001548,2020-08-12,174647,Standard Grant,PEN: Digitization: Enhancing LepNet: Digitization and integration of significant butterfly and moth collections from the upper Midwest Tension Zone region,University of Wisconsin-Madison
2010764,2020-08-12,70849,Standard Grant,RAPID: CSBR: Support to Restore the Scientific Collections Damaged in the Bahamas during Hurricane Dorian,University of Florida
2018962,2020-08-13,660717,Standard Grant,MRI: Acquisition of Flexible High-speed Super-Resolution System for Plant Research,Donald Danforth Plant Science Center
2001443,2020-08-14,172739,Continuing Grant,Digitization PEN: CryptoVert - Digitizing small-bodied cryptobenthic fishes for the oVertTCN,Los Angeles County Museum of Natural History Foundation
2001474,2020-08-14,173380,Standard Grant,Digitization PEN: oMeso: Opening Mesoamerican Herpetofaunal Diversity to Whole Phenome Imaging,University of Colorado at Boulder
2014217,2020-08-14,17000000,Continuing Grant,NeuroNex: From Odor to Action: Discovering Principles of Olfactory-Guided Natural Behavior,University of Colorado at Boulder
2014862,2020-08-14,17500000,Continuing Grant,NeuroNex: Enabling Identification and Impact of Synaptic Weight in Functional Networks,University of Texas at Austin
2015276,2020-08-14,8000000,Continuing Grant,NEURONEX: The fabric of the primate neocortex and the origin of mental representations. From transcriptomics to single neurons and neuronal networks.,Yale University
2015317,2020-08-14,8000000,Continuing Grant,"NeuroNex: Communication, Coordination, and Control in Neuromechanical Systems (C3NS)",Case Western Reserve University
1936743,2020-08-17,249999,Standard Grant,Collaborative Research: IIBR Informatics: Keeping up with the genomes - Continual Learning of Metagenomic Data,University of Chicago
1936782,2020-08-17,249706,Standard Grant,Collaborative Research: IIBR Informatics: Keeping up with the genomes - Continual Learning of Metagenomic Data,Rowan University
1936791,2020-08-17,320480,Standard Grant,Collaborative Research: IIBR Informatics: Keeping up with the genomes - Continual Learning of Metagenomic Data,Drexel University
2001652,2020-08-17,172504,Standard Grant,Digitization PEN: oBird: 3D Photogrammetry of Museum Specimens for Phenomics across the Avian Tree of Life,Occidental College
2012668,2020-08-17,908813,Continuing Grant,CSBR:Continued Support of the Duke Lemur Center for the Study of Primate Biology and History,Duke University
2018558,2020-08-17,73269,Standard Grant,RCN-UBE Incubator: Bringing Together Diverse Expertise to Understand How to Best Measure Student Acceptance of Evolution,Arizona State University
2018902,2020-08-17,74319,Standard Grant,RCN-UBE Incubator: Undergraduate Learning Environments in Biology,The University of Central Florida Board of Trustees
2001547,2020-08-18,58075,Standard Grant,Digitization PEN: Addition of the Yale Peabody Museum to the Terrestrial Parasite Tracker (TPT) Network,Yale University
2001323,2020-08-20,166230,Standard Grant,Digitization PEN: Contribution of Digital Data from Ground-dwelling Orthopteroid Orders at American Museum of Natural History to the Symbiota Collections of Arthropods Network,American Museum Natural History
2001358,2020-08-20,149959,Standard Grant,Digitiation PEN: Augmenting the Endless Forms TCN: digitization of imperiled plants with unique morphological adaptations,Rancho Santa Ana Botanic Garden
2001435,2020-08-20,170440,Standard Grant,Digitization PEN: GalapaGateway: Unlocking Model Evolutionary Systems for Research and Education,California Academy of Sciences
2001589,2020-08-20,157277,Standard Grant,Digitization PEN: Integration of data from the UNH Insect Collection with LepNet.,University of New Hampshire
2001640,2020-08-20,149976,Standard Grant,Digitization PEN: Invertebrates from the Rocky Mountains and Great Plains: University of Colorado Museum of Natural History expands taxonomic and geographic coverage of InvertEBase,University of Colorado at Boulder
2018428,2020-08-21,70961,Standard Grant,RCN-UBE Incubator: NEWT: Network Exploring Wildlife Trade,University of Rhode Island
2018942,2020-08-21,342909,Standard Grant,MRI: Acquisition of a State-of-the-Art Analytical Ultracentrifuge for Biomedical and Materials Research,University of Arizona
1938412,2020-08-26,571375,Standard Grant,FSML: Enhancing research support infrastructure at the University of Kansas Field Station,University of Kansas Center for Research Inc
1946857,2020-08-26,495489,Standard Grant,CSBR: Natural History: Preserving the genomes of the type specimens in the Museum of Comparative Zoology,Harvard University
2001321,2020-08-26,48904,Standard Grant,Digitization PEN:  Partnership to the New England Vascular Plant Network (NEVP) for the Environmental Management and Monitoring Alliance (EMMA),Vassar College
2002400,2020-08-26,173979,Standard Grant,Digitization PEN: Integrating the unique collections of southern Illinois at SIU to improve coverage of the Southeastern US Flora in SERNEC,Southern Illinois University at Carbondale
2014292,2020-08-26,167592,Standard Grant,FSML: Data and Security Infrastructure Improvements to Advance Biological Research at Claytor Nature Center,University of Lynchburg
1954418,2020-08-27,165332,Standard Grant,A Specimen Processing Laboratory at Indio Mountains Research Station Headquarters,University of Texas at El Paso
2001209,2020-08-27,36397,Standard Grant,Digitization TCN: Collaborative Research: Documenting marine biodiversity through Digitization of Invertebrate collections (DigIn),Florida Atlantic University
2001246,2020-08-27,45368,Standard Grant,Digitization TCN: Collaborative Research: Documenting marine biodiversity through Digitization of Invertebrate collections (DigIn),College of William & Mary Virginia Institute of Marine Science
2001249,2020-08-27,76469,Standard Grant,Collaborative Research: DigIn - Documenting marine biodiversity through Digitization of Invertebrate collections,Fish and Wildlife Research Institute
2001256,2020-08-27,180246,Standard Grant,Digitization TCN: Collaborative Research: Documenting Marine Biodiversity through Digitization of Invertebrate Collections (DigIn),American Museum Natural History
2001260,2020-08-27,258927,Standard Grant,Digitization TCN: Collaborative Research: Documenting marine biodiversity through Digitization of Invertebrate collections (DigIn),University of California-San Diego Scripps Inst of Oceanography
2001269,2020-08-27,15163,Standard Grant,Digitization TCN: Collaborative Research: Documenting Marine Biodiversity through Digitization of Invertebrate Collections (DigIn),University of Colorado at Boulder
2001286,2020-08-27,31114,Standard Grant,Digitization TCN: Collaborative Research: Documenting marine biodiversity through Digitization of Invertebrate collections (DigIn),Bernice P Bishop Museum
2001303,2020-08-27,33235,Standard Grant,Digitization TCN: Collaborative Research: Documenting marine biodiversity through Digitization of Invertebrate collections (DigIn),University of Alabama Tuscaloosa
2001316,2020-08-27,34019,Standard Grant,Digitization TCN: Collaborative Research: Documenting marine biodiversity through Digitization of Invertebrate collections (DigIn),Auburn University
2001332,2020-08-27,367085,Standard Grant,Digitization TCN: Collaborative Research: Documenting marine biodiversity through Digitization of Invertebrate collections (DigIn),Santa Barbara Museum of Natural History
2001386,2020-08-27,761186,Continuing Grant,Digitization TCN: Collaborative Research: DigIn: Documenting marine biodiversity through Digitization of Invertebrate collections,University of Florida
2001428,2020-08-27,288513,Standard Grant,Digitization TCN: Collaborative Research: Documenting marine biodiversity through Digitization of Invertebrate collections (DigIn),California Academy of Sciences
2001508,2020-08-27,71049,Standard Grant,Digitization TCN: Collaborative Research: Documenting marine biodiversity through Digitization of Invertebrate collections (DigIn),Friends of the North Carolina State Museum of Natural Sciences
2001531,2020-08-27,99539,Standard Grant,Digitization TCN: Collaborative Research: Documenting marine biodiversity through Digitization of Invertebrate collections (DigIn),Academy of Natural Sciences Philadelphia
2001540,2020-08-27,190305,Standard Grant,Digitization TCN: Collaborative Research: Documenting marine biodiversity through Digitization of Invertebrate collections (DigIn),Harvard University
2001601,2020-08-27,1776007,Continuing Grant,Digitization TCN: Collaborative Research: Documenting Marine Biodiversity through Digitization of Invertebrate Collections (DigIn),Los Angeles County Museum of Natural History Foundation
2001892,2020-08-27,170070,Standard Grant,Digitization TCN: Collaborative Research: Documenting marine biodiversity through Digitization of Invertebrate collections (DigIn),University of Miami
2021362,2020-08-27,200000,Standard Grant,BII-Design: Integrating Biological Resilience Across Scales,Tufts University
2021573,2020-08-27,199912,Standard Grant,BII-Design: Using Synthetic Biology to Discover Cross-Kingdom Metabolic Rules of Life,University of Florida
2021832,2020-08-27,198441,Standard Grant,BII Design: Integrative Movement Sciences Institute (IMSI),University of California-Irvine
2022126,2020-08-27,79534,Standard Grant,BII-Design: Evolution of Oxygenic Photosynthesis,University of California-Davis
2021305,2020-08-28,200000,Standard Grant,BII-Design: Does variable genome instability impact lifespan differences between males and females and across species?,University of Alabama at Birmingham
2018693,2020-08-31,69003,Standard Grant,RCN-UBE Incubator: Creating a More inclusive Biology Curriculum,Florida International University
2019014,2020-08-31,707419,Standard Grant,MRI: Acquisition of a femtosecond laser system for time-resolved studies using Arizona State University's (ASU) Compact X-ray Light Source (CXLS),Arizona State University
2021795,2020-08-31,12497519,Cooperative Agreement,BII-Implementation: Behavioral Plasticity Research Institute (BPRI): Transforming the Study of Phenotypic Plasticity through Biological Integration,Baylor College of Medicine
2021932,2020-08-31,192258,Standard Grant,BII-DESIGN: Defining the point of no return in microbe mediated symbioses,"OHIO STATE UNIVERSITY, THE"
2022049,2020-08-31,12500000,Cooperative Agreement,BII-Implementation: GEMS: Genomics and eco-evolution of multi-scale symbioses,University of Illinois at Urbana-Champaign
2022070,2020-08-31,12500000,Cooperative Agreement,BII-Implementation: The EMERGE Institute: Identifying EMergent Ecosystem Responses through Genes-to-Ecosystems Integration,"OHIO STATE UNIVERSITY, THE"
2029955,2020-09-02,775757,Standard Grant,IIBR Informatics: Unlocking the incredible potential for museum specimens to yield DNA,American Museum Natural History
2021880,2020-09-06,199169,Standard Grant,BII-Design: Institute for the Biogeography of Behavior,University of Oklahoma Norman Campus
2048296,2020-10-15,73541,Standard Grant,Collaborative Research: ABI Innovation: Enabling machine-actionable semantics for comparative analyses of trait evolution,University of California-Irvine
2051595,2020-10-15,507038,Standard Grant,CIBR: Integrative Computational Platform for Biomolecular Solid-State NMR,University of Colorado at Denver
2111833,2020-12-07,74319,Standard Grant,RCN-UBE Incubator: Undergraduate Learning Environments in Biology,Arizona State University
2104147,2020-12-10,398109,Standard Grant,IIBR RoL:  Collaborative Research:  A Rules Of Life Engine (RoLE) Model to Uncover Fundamental Processes Governing Biodiversity,University of Maine
2045842,2020-12-15,1150905,Continuing Grant,CAREER: Quantitative assessment of models for phylogenetic data,Southeastern Louisiana University
1948181,2021-01-12,648138,Continuing Grant,Collaborative Research: CIBR: The OpenBehavior Project,American University
2015389,2021-01-13,472408,Continuing Grant,ICBR: Establishment of an Ancient DNA and Paleoproteomics Laboratory at the American Museum of Natural History,American Museum Natural History
2027228,2021-01-13,99728,Standard Grant,"Collaborative Research: CIBR: Leaping the Specimen Digitization Gap: Connecting Novel Tools, Machine Learning and Public Participation to Label Digitization Efforts",Yale University
2027234,2021-01-13,292392,Standard Grant,"Collaborative Research: CIBR: Leaping the Specimen Digitization Gap: Connecting Novel Tools, Machine Learning and Public Participation to Label Digitization Efforts",University of Florida
2027241,2021-01-13,465969,Standard Grant,"Collaborative Research: CIBR: Leaping the Specimen Digitization Gap: Connecting Novel Tools, Machine Learning and Public Participation to Label Digitization Efforts","Board of Regents, NSHE, obo University of Nevada, Reno"
2031693,2021-01-21,792510,Continuing Grant,"Updating FishNet 2 to sustain its use in high-impact, global, ichthyological research",Tulane University
2021151,2021-01-25,499871,Standard Grant,RCN: Accelerating development and expansion of a diverse environmental data science community and research agenda,University of California-Santa Barbara
2048087,2021-01-28,389208,Continuing Grant,REU Site: Summer Undergraduate Research Experience in Biological Mechanisms,University of North Carolina at Chapel Hill
2050411,2021-01-28,398175,Continuing Grant,"REU site: Research in Cell, Molecular, and Developmental Biology at The University of Chicago",University of Chicago
2050746,2021-02-01,601418,Standard Grant,REU Site: Training and Experimentation in Computational Biology (TECBio),University of Pittsburgh
2051120,2021-02-01,387283,Standard Grant,"REU SITE: Assessment and sustainable management of ecosystem at the nexus of food, energy, and water systems",University of Arkansas
2051131,2021-02-01,381493,Continuing Grant,REU Site: Research Experiences for Undergraduates in Next-generation Cell Biology of Plants and Plant Pathogens,University of California-Riverside
2050574,2021-02-02,323325,Standard Grant,REU Site: Integrated Development of Bioenergy Systems,University of Nebraska-Lincoln
2050743,2021-02-02,402340,Continuing Grant,REU Site: Microbial community interactions and functions,University of Tennessee Knoxville
2050777,2021-02-02,383702,Continuing Grant,NSF REU Site: Research training in the biomedical sciences and engineering,Yale University
2051065,2021-02-02,417110,Standard Grant,REU Site: Microbiology of Low Oxygen Ecosystems (MLOxE) at Montana State,Montana State University
2050311,2021-02-03,344871,Standard Grant,REU Site: Animal Behavior in Context,Indiana University
2118583,2021-02-03,800000,Standard Grant,NeuroNex Innovation Award: Behavioral Technologies,Washington University
2050915,2021-02-10,359768,Continuing Grant,REU Site: Biological Data Science for Community College Students:  Transition to Academic and Research Independence,James Madison University
2050567,2021-02-11,323945,Continuing Grant,"REU Site: Biological Interactions from Molecules to Ecosystems- Phenotype, Genotype, and Environment",University of Wisconsin-Madison
2050772,2021-02-11,307798,Continuing Grant,REU Site: Sensory Ecology: An Integrative Approach,University of Cincinnati Main Campus
1945971,2021-02-16,299999,Standard Grant,EAGER: IIBR Informatics: A reinforced imputation framework for accurate gene expression recovery from single-cell RNA-seq data,"OHIO STATE UNIVERSITY, THE"
2041984,2021-02-16,744337,Continuing Grant,CAREER: Developing efficient and scalable bioinformatics methods and databases to analyze the adaptive immune repertoires of vertebrate species,University of Southern California
2042159,2021-02-16,800000,Standard Grant,IIBR Informatics: Mining Spatial and Single-cell Transcriptomes to Understand Cell Locality and Heterogeneity in Tissues,University of Minnesota-Twin Cities
2050394,2021-02-16,292773,Continuing Grant,REU Site: Research Experiences for Undergraduates in Plant Science at the Donald Danforth Plant Science Center,Donald Danforth Plant Science Center
2050400,2021-02-16,300757,Continuing Grant,REU SITE: WETLAND SCIENCE IN THE MODERN WORLD,Lewis and Clark Community College
2050805,2021-02-16,332973,Continuing Grant,"REU Site: Tropical ecology and evolution at El Verde Field Station, Puerto Rico",North Carolina State University
2051128,2021-02-16,384630,Continuing Grant,REU Site: The Stressed Life of Cells,University of Kansas Center for Research Inc
2051440,2021-02-16,328827,Standard Grant,REU Site: Research Experience for Undergraduates in Genomics and Biochemistry,Louisiana State University Health Sciences Center
2051491,2021-02-16,673715,Standard Grant,IIBR Informatics: Accurate assessment of protein-DNA complex models and applications,University of North Carolina at Charlotte
2040819,2021-02-19,681656,Continuing Grant,CAREER: Next generation mixed membership models for highly multivariate biodiversity data,University of Florida
2045651,2021-02-19,704889,Continuing Grant,"CAREER: Assigning comprehensive, standardized sample annotations to enhance the ability to discover, use, and interpret millions of –omics profiles",Michigan State University
2042563,2021-02-23,593239,Continuing Grant,"CAREER: Three-dimensional super-resolution light microscopy of thick, unprocessed biological samples",University of Memphis
2050038,2021-02-23,373985,Standard Grant,REU Site: Research & Training in Multidisciplinary field of Regenerative Sciences for Undergraduates,Alabama State University
2050232,2021-02-23,402562,Continuing Grant,REU Site: Research Experience for Undergraduates in Genome Science and Computational Biology,Sam Houston State University
2050874,2021-02-23,323985,Standard Grant,REU Site: University of Maryland Eastern Shore Research Experience for Undergraduates in Marine and Estuarine Science,University of Maryland Eastern Shore
2050828,2021-02-24,398763,Continuing Grant,REU Site: Brooklyn Urban Ecology and Environment Program (BUEE),CUNY Brooklyn College
2034210,2021-03-01,648749,Continuing Grant,IIBR Instrumentation: All Reflective Microscopy for Biological Research,University of Arizona
2042518,2021-03-01,503744,Continuing Grant,CAREER: Computational methods to improve our understanding of the diversity of genomic structural variation,University of California-Davis
2045500,2021-03-01,839567,Continuing Grant,CAREER: Predicting transcription factor binding dynamics across cell types and species,Pennsylvania State Univ University Park
2120367,2021-03-01,79000,Standard Grant,RAPID: Microbial Diversity along an elevational gradient in El Yunque National Forest before and after Hurricane Maria,Universidad Del Turabo
2050194,2021-03-02,420367,Standard Grant,REU SITE: UC Irvine Summer Institute in Neuroscience,University of California-Irvine
2045721,2021-03-03,786330,Continuing Grant,CAREER: What’s next? Developing novel quantitative tools to address conflicting evidence in temporal ecology,Kent State University
2047598,2021-03-03,999421,Continuing Grant,CAREER: Scalable approaches for systems virology,University of Wisconsin-Madison
2044293,2021-03-11,98666,Standard Grant,NEON LTAR Workshop:  Identifying Continent Scale Questions and Approaches for Advancing the Sustainable Intensification of US Agriculture,Michigan State University
2022918,2021-03-12,195291,Standard Grant,"CSBR: Transfer of Ownership: Proposal to salvage, integrate and house the LFCC herbarium at George Mason University.",George Mason University
2051282,2021-03-12,557571,Standard Grant,Collaborative Research: CIBR: Incorporating Crystallography and Cryo-EM tools into Foldit,"University of Massachusetts, Dartmouth"
2051305,2021-03-12,313397,Standard Grant,Collaborative Research: CIBR: Incorporating Crystallography and Cryo-EM Tools in Foldit,University of Denver
2054061,2021-03-15,934726,Standard Grant,CIBR Multispecies Ovary Tissue Histology Electronic Repository,Arizona State University
2023087,2021-03-16,442704,Standard Grant,CSBR: Rescuing and Sharing a Unique and Irreplaceable Fossil Collection at the Duke Lemur Center,Duke University
2039242,2021-03-16,391298,Standard Grant,CSBR: Increased capacity for research and student engagement at the  Frost Entomological Museum,Pennsylvania State Univ University Park
2039324,2021-03-16,1298820,Continuing Grant,Sustaining Flybase: The Drosophila genomic and genetic database,Harvard University
2015674,2021-03-18,803253,Standard Grant,"CSBR: Living Stocks, Operation of a Culture Collection of Algae",University of Texas at Austin
2035082,2021-03-18,205135,Standard Grant,"Biological Collections: Crucial upgrades to specimen storage, organization, and database management at the rapidly growing Texas A&M Collection of Fishes",Texas A&M AgriLife Research
2128247,2021-04-02,199999,Standard Grant,"RAPID: The National Summer Undergraduate Research Project (NSURP), a Virtual Platform for Engaging Underrepresented Minorities in STEM",University of Arizona
2043017,2021-04-09,172263,Standard Grant,"Collaborative Research: IIBR Multidisciplinary: mSAIL (Michigan Small Animal Integrated Logger): a milligram-scale, multi-modal sensor and analytics monitoring platform",University of Pittsburgh
2045017,2021-04-09,613589,Standard Grant,"Collaborative Research: IIBR Multidisciplinary: mSAIL (Michigan Small Animal Integrated Logger): a milligram-scale, multi-modal sensor and analytics monitoring platform",Regents of the University of Michigan - Ann Arbor
2032388,2021-04-12,24016,Standard Grant,"Developing a Strategic Plan for Upham Woods, a Field Station and Living Lab of the University of Wisconsin-Madison",University of Wisconsin-Madison
2042516,2021-04-12,608360,Continuing Grant,CAREER: Developing New Computational Methods to Address the Missing Data Problem in Population Genomics,California State University San Marcos Corporation
2046122,2021-04-12,600000,Continuing Grant,CAREER: Bioinformatic algorithm and infrastructure development for post-translational modification analysis,"Board of Regents, NSHE, obo University of Nevada, Reno"
2046550,2021-04-12,523787,Continuing Grant,CAREER: Machine Learning Approaches to Understanding Molecular Mechanisms Underlying Convergent Evolution of Vocal Learning Behavior,Carnegie Mellon University
2047631,2021-04-12,798501,Continuing Grant,CAREER: Mining biological functions from single cell multi-omics data,Indiana University
2125664,2021-04-12,300000,Standard Grant,EAGER: Understanding the genomes and strain mutations of SARS-CoV-2 and other viruses using comparative and population genetic approaches,University of California-Los Angeles
2129268,2021-04-12,499994,Standard Grant,RCN: Sampling Nature: A Network to Enhance the Natural History Value Chain for Sustainability Science,Columbia University
2047611,2021-04-13,620588,Continuing Grant,CAREER: Statistical approaches and computational tools for analyzing spatially-resolved single-cell transcriptomics data,Johns Hopkins University
2026879,2021-04-20,156755,Standard Grant,Collaborative Research: CSBR: Ownership Transfer: Living Stocks: International Culture Collection of Arbuscular Mycorrhizal Fungi (INVAM),West Virginia University Research Corporation
2027458,2021-04-20,460935,Standard Grant,Collaborative Research: CSBR: Ownership Transfer: Living Stocks: International Culture Collection of Arbuscular Mycorrhizal Fungi (INVAM),University of Kansas Center for Research Inc
2104570,2021-04-30,605380,Continuing Grant,IIBR Instrumentation: Coordinated innovations in radio telemetry (CIRT) for wildlife,Northern Arizona University
2114057,2021-04-30,300996,Standard Grant,Small Aerial Bathymetric/Topographic LiDAR System for Tropical Marine and Terrestrial Research,Coral Reef Research Foundation
2027654,2021-05-05,19995068,Cooperative Agreement,"iDigBio: Sustaining the digitization, mobilization, accessibility, and use of biodiversity specimen data in U.S. museum and academic collections",University of Florida
2109503,2021-05-17,138000,Fellowship Award,NSF Postdoctoral Fellowship in Biology FY 2021: Uncovering the molecular mechanisms that govern cnidarian-algal symbiosis using forward genetic screens,"Newkirk, Casandra"
2109515,2021-05-17,138000,Fellowship Award,NSF Postdoctoral Fellowship in Biology FY 2021: Understanding the Demographic History of Populations using Identity-by-Descent,"Mooney, Jazlyn"
2113424,2021-05-20,585050,Standard Grant,"Collaborative Research: phyloregion, computational infrastructure for biogeographic regionalization and macroecology in the R computing environment",Texas A&M University Corpus Christi
2113425,2021-05-20,193747,Standard Grant,"Collaborative Research: phyloregion, computational infrastructure for biogeographic regionalization and macroecology in the R computing environment",Southeastern Louisiana University
2109312,2021-05-24,138000,Fellowship Award,NSF Postdoctoral Fellowship in Biology FY 2021: Uncovering the Molecular Mechanisms of Mitochondrial Proteostasis,"Eshun-Wilson, Lisa"
2051283,2021-05-25,634673,Standard Grant,IIBR Informatics: Mixture model algorithms for inferring covariance structures and microbial associations from microbiome data,The University of Central Florida Board of Trustees
2109350,2021-05-30,138000,Fellowship Award,NSF Postdoctoral Fellowship in Biology FY 2021: Effects of community interactions in scaling of microbial processes,"Bertolet, Brittni L"
2109466,2021-05-30,138000,Fellowship Award,NSF Postdoctoral Fellowship in Biology FY 2021: Deciphering the epigenetic signatures associated with invasive capacity in mixed seagrass communities,"Chiquillo, Kelcie Lorena"
2109649,2021-05-30,138000,Fellowship Award,NSF Postdoctoral Fellowship in Biology FY 2021: Using a protoendothermic mammal to understand how body temperature influences nutrient absorption.,"Conner, Justin L"
2109884,2021-05-30,138000,Fellowship Award,NSF Postdoctoral Fellowship in Biology FY 2021: Neural integration of acoustic signals across reproductive states,"Rodriguez-Santiago, Mariana"
2053416,2021-06-01,25000,Standard Grant,Planning Grant for Hurricane Island Field Research Station,Hurricane Island Foundation
2109281,2021-06-04,138000,Fellowship Award,NSF Postdoctoral Fellowship in Biology FY 2021: Winners and losers: inter-individual variation in heat tolerance as a window into understanding how genotypes produce phenotypes,"Moyen, Nicole E"
2109291,2021-06-04,138000,Fellowship Award,NSF Postdoctoral Fellowship in Biology FY 2021: Convergent Evolution of Development and Feeding Biomechanics in Weakly Electric Fishes from South America and Africa,"Ford, Kassandra"
2109458,2021-06-04,207000,Fellowship Award,"NSF Postdoctoral Fellowship in Biology FY 2021: Comparative viromics in vertebrates from the Sonoran Desert of the Baja California peninsula, Mexico and Arizona","Vargas, Karla Leonor"
2109475,2021-06-04,138000,Fellowship Award,NSF Postdoctoral Fellowship in Biology FY 2021: Mechanisms and consequences of thermal stress effects on cognitive performance,"Proffitt, Melissa R"
2109519,2021-06-04,138000,Fellowship Award,"NSF Postdoctoral Fellowship in Biology FY 2021: Towards an integrative understanding of conspicuous signals: phenotype, genotype, and adaptive function of a selected trait","Khalil, Sarah"
2109563,2021-06-04,138000,Fellowship Award,NSF Postdoctoral Fellowship in Biology FY 2021: Modeling the singular and additive effects of various anthropogenic disturbances using genomics,"Aviles-Rodriguez, Kevin J"
2100925,2021-06-07,177649,Standard Grant,Enhancing research capacity on Cape Cod for studies of coastal ecosystems that are at risk from climate change and other human impacts,"Center For Coastal Studies, Inc."
2112966,2021-06-07,720000,Continuing Grant,Collaborative Research: Creating mechanisms to make integrative structures of large macromolecular assemblies available from the Protein Data Bank,Rutgers University New Brunswick
2112967,2021-06-07,690000,Continuing Grant,Collaborative Research: Creating mechanisms to make integrative structures of large macromolecular assemblies available from the Protein Data Bank,University of California-San Francisco
2112968,2021-06-07,390000,Continuing Grant,Collaborative Research: Creating mechanisms to make integrative structures of large macromolecular assemblies available from the Protein Data Bank,University of Southern California
2133816,2021-06-07,57970,Standard Grant,RAPID: REU Site: A Virtual Research Experience in Macromolecular Structure and Function,University of Illinois at Chicago
2131662,2021-06-09,20000,Standard Grant,Travel: NSF Student Travel Grant for 2021 IEEE International Conference on Bioinformatics and Biomedicine (BIBM),Clemson University
1946970,2021-06-15,39723284,Cooperative Agreement,Mid-scale RI-2 Consortium: Network for Advanced NMR,University of Connecticut Health Center
2109325,2021-06-16,138000,Fellowship Award,NSF Postdoctoral Fellowship in Biology FY 2021: How does trait regulation evolve  from greater environmental control to greater genetic control?,"Levis, Nicholas A"
2109407,2021-06-16,138000,Fellowship Award,NSF Postdoctoral Fellowship in Biology FY 2021: Leveraging rapid evolution to study the dynamics of polygenic adaptation,"Bitter, Mark Christopher"
2109717,2021-06-16,138000,Fellowship Award,NSF Postdoctoral Fellowship in Biology FY 2021: The insatiable sweet tooth: molecular adaptations to nectarivory in mammals,"Camacho, Jasmin"
2109361,2021-06-21,138000,Fellowship Award,NSF Postdoctoral Fellowship in Biology FY 2021: An integrative investigation of  host-parasite coevolution across heterogeneous environments,"Salter, Jessie Frances"
2109472,2021-06-21,138000,Fellowship Award,"NSF Postdoctoral Fellowship in Biology FY 2021: The social brain: behavioral, neural, and transcriptomic modulation of the brain","Storks, Levi"
2109587,2021-06-21,138000,Fellowship Award,NSF Postdoctoral Fellowship in Biology FY 2021: Evolution of eastern gray squirrels in urban environments,"Carlen, Elizabeth J"
2109706,2021-06-21,138000,Fellowship Award,NSF Postdoctoral Fellowship in Biology FY 2021: Developmental Patterning of Double-Layered Epithelia and the Evolutionary Origin of Insect Wings,"Hayes, Abigail M"
2109710,2021-06-21,207000,Fellowship Award,NSF Postdoctoral Fellowship in Biology FY 2021: Color polymorphism: a model system for predicting phenotypic evolution in nature,"Brock, Kinsey M"
2109890,2021-06-21,138000,Fellowship Award,NSF Postdoctoral Fellowship in Biology FY 2021: Bacterial spatial organization as a microscale mechanism of ecosystem resilience,"Nguyen, Jen"
2114156,2021-06-21,272858,Standard Grant,FSML: Minding the Gap - Improving Year-Round Data Collection to Support Continued and Expanded Biological Research in the McMurdo Dry Valleys of Antarctica,Louisiana State University
2108128,2021-06-22,138000,Fellowship Award,NSF Postdoctoral Fellowship in Biology FY 2021:  How spatial and temporal variation in environment and soil fungal diversity shapes plant phenotypes,"Lee, Benjamin R"
2109411,2021-06-22,138000,Fellowship Award,NSF Postdoctoral Fellowship in Biology FY 2021: Tracing coral reef energy fluxes  from genes to ecosystems in a changing climate,"Bigman, Jennifer"
2109429,2021-06-22,138000,Fellowship Award,NSF Postdoctoral Fellowship in Biology FY 2021: Integrating microbial dynamics  into methane models for northern peatland and post-glacial lakes,"Kuhn, McKenzie Ann"
2109452,2021-06-22,138000,Fellowship Award,NSF Postdoctoral Fellowship in Biology FY 2021: : Investigating how neopolyploidy affects the core microbiome and how the extended phenotype can facilitate ecological establishment,"Anneberg, Thomas"
2109460,2021-06-22,138000,Fellowship Award,NSF Postdoctoral Fellowship in Biology FY 2021: Microbial mediation of genotype-phenotype relationships and ecological function of toxic nectar.,"Francis, Jacob S"
2109482,2021-06-22,138000,Fellowship Award,NSF Postdoctoral Fellowship in Biology FY 2021: Integrating phenology and species interactions into future predictions of spring ephemeral distributions,"Miller, Chelsea N"
2109523,2021-06-22,138000,Fellowship Award,NSF Postdoctoral Fellowship in Biology FY 2021: Microbes and Microplastics:  Microbial Adaptations during the Anthropocene,"Garrison, Cody E"
2109600,2021-06-22,138000,Fellowship Award,NSF Postdoctoral Fellowship in Biology FY 2021: Assessing the effects of complex developmental environments on fitness across lifespans,"Pruett, Jenna E"
2109616,2021-06-22,138000,Fellowship Award,NSF Postdoctoral Fellowship in Biology FY 2021: The benefits of yeasts to bees and bees to yeasts,"Moore, Megan Elizabeth"
2109639,2021-06-22,138000,Fellowship Award,"NSF Postdoctoral Fellowship in Biology FY 2021: Contributions of linkage, dominance and plasticity to variation in fitness in a wild pedigreed bird population","Beaudry, Felix EG"
2109652,2021-06-22,138000,Fellowship Award,NSF Postdoctoral Fellowship in Biology FY 2021: Identifying high-risk bioregions and predicting the impact of climate change on the distribution of genetic diversity,"Boria, Robert A"
2109718,2021-06-22,138000,Fellowship Award,"NSF Postdoctoral Fellowship in Biology FY 2021: Determining behavioral, neuroendocrine, and genetic predictors of dispersal in colonial tuco-tucos","Lee, Nicole"
2109724,2021-06-22,138000,Fellowship Award,NSF Postdoctoral Fellowship in Biology FY 2021: The genetic basis and fitness  consequences of thermogenic flexibility in juncos,"Stager, Maria"
2109819,2021-06-22,138000,Fellowship Award,NSF Postdoctoral Fellowship in Biology FY 2021: Viral communities in a warming world,"Hernandez, Catherine Amanda"
2109869,2021-06-22,207000,Fellowship Award,NSF Postdoctoral Fellowship in Biology FY 2021: Invaders from the sea: unearthing the genomic basis of marine-to-terrestrial life-history transitions,Morgan                  Victoria       M
2109906,2021-06-22,138000,Fellowship Award,"NSF Postdoctoral Fellowship in Biology FY 2021:  Neural basis of coordinated, multi-limbed movement in an emerging model tardigrade species","Lyons, Ana M"
2109913,2021-06-22,138000,Fellowship Award,NSF Postdoctoral Fellowship in Biology FY 2021: The buried solution for agricultural resilience: arbuscular mycorrhizal fungi,"Guzman, Aidee"
2109915,2021-06-22,138000,Fellowship Award,NSF Postdoctoral Fellowship in Biology FY 2021: A Novel Model System for Studying the Evolution and Genomics of Longevity,"Vazquez, Juan Manuel"
2109344,2021-06-23,138000,Fellowship Award,NSF Postdoctoral Fellowship in Biology FY 2021:  Uncovering the Mechanisms of Convergent Tooth Loss in Frogs,"Paluh, Daniel J"
2049965,2021-06-24,617216,Standard Grant,"Transitioning MorphoBank to a sustainable, permanent home for phenotypic data in phylogenetics research",Phoenix Bioinformatics Corporation
2105999,2021-06-24,487134,Standard Grant,Sustaining the operation of the Peromyscus Genetic Stock Center,University of South Carolina at Columbia
2109399,2021-06-24,138000,Fellowship Award,NSF Postdoctoral Fellowship in Biology FY 2021: Macrophysiological patterns in the thermal and optical properties of ant cuticular structures,"Barrett, Meghan"
2109400,2021-06-24,138000,Fellowship Award,NSF Postdoctoral Fellowship in Biology FY 2021: Diet and defense: characterizing the relationship between poison frogs and their tropical ant prey,"Fiocca, Katherine"
2109440,2021-06-24,138000,Fellowship Award,NSF Postdoctoral Fellowship in Biology FY 2021: Ecological and genetic structuring of a pathogen microbiome and its effect on virulence,"Kolp, Matthew Robert"
2109451,2021-06-24,138000,Fellowship Award,NSF Postdoctoral Fellowship in Biology FY 2021: What is the predictability of hybrid genome evolution across ecological contexts?,"Fraik, Alexandra Kaye"
2109456,2021-06-24,138000,Fellowship Award,NSF Postdoctoral Fellowship in Biology FY 2021: Identifying the mechanisms that link social environment to physiological plasticity in an incipiently social orchid bee,"Saleh, Nicholas William"
2109468,2021-06-24,138000,Fellowship Award,NSF Postdoctoral Fellowship in Biology FY 2021: Investigating the genetic and eco-evolutionary mechanisms underlying life history polymorphisms,"Treidel, Lisa A"
2109469,2021-06-24,138000,Fellowship Award,NSF Postdoctoral Fellowship in Biology FY 2021: NAVIGATING THE DARK: EXTREMOPHILE SENSORY CONVERGENCE IN CAVES,"Hart, Pamela Beth"
2109487,2021-06-24,138000,Fellowship Award,NSF Postdoctoral Fellowship in Biology FY 2021: Evolution of bacterial strategies for evading predation by amoebae,"Steele, Margaret I"
2109505,2021-06-24,138000,Fellowship Award,NSF Postdoctoral Fellowship in Biology FY 2021: Elucidating the mechanism by which Taf14 links metabolic flux to gene transcription,"Lundy, Taylor A"
2109520,2021-06-24,138000,Fellowship Award,NSF Postdoctoral Fellowship in Biology FY 2021:Parasitism-induced changes in host behavior across scales: linking molecular basis to community impacts,"Fitch, Gordon"
2109582,2021-06-24,138000,Fellowship Award,NSF Postdoctoral Fellowship in Biology FY 2021: Characterizing the role of Wolbachia in an insect vector-virus pathosystem,"Higashi, Clesson"
2109676,2021-06-24,138000,Fellowship Award,NSF Postdoctoral Fellowship in Biology FY 2021: Ecological and evolutionary dynamics of biparental inbreeding and outbreeding in the intertidal copepod,"Olsen, Kevin"
2109818,2021-06-24,138000,Fellowship Award,NSF Postdoctoral Fellowship in Biology FY 2021: Ecological drivers of chemosensory gene family evolution,"Quinteros, Kevin"
2109850,2021-06-24,138000,Fellowship Award,NSF Postdoctoral Fellowship in Biology FY 2021: Fluid homeostasis in the evolution of frog breeding phenology,"Juarez, Bryan H"
2109873,2021-06-24,138000,Fellowship Award,NSF Postdoctoral Fellowship in Biology FY 2021: Linking biomechanics to neurobiology: how coordinated bird flight emerges from visual motion processing,"Lapsansky, Anthony B"
2110247,2021-06-24,594000,Standard Grant,Winter Instrumentation Limnology Lab at the University of Wisconsin-Madison Trout Lake Station,University of Wisconsin-Madison
2120665,2021-06-24,497139,Standard Grant,"RCN-UBE: The River Field Studies Network: Connecting rivers, people, & science through immersive field-based education",Virginia Commonwealth University
2109355,2021-06-25,207000,Fellowship Award,NSF Postdoctoral Fellowship in Biology FY 2021: Understanding the genetic and  physiologic adaptations to thermally challenging environments in Chinook Salmon.,"Dimos, Bradford"
2109598,2021-06-25,138000,Fellowship Award,NSF Postdoctoral Fellowship in Biology FY 2021: Oviposition-relevant gustatory receptor evolution as a missing link governing insect-host plant specialization,"Godfrey, Rebekah Keating"
2109778,2021-06-25,138000,Fellowship Award,NSF Postdoctoral Fellowship in Biology FY 2021: The invasive tradeoffs hypothesis: how does wetland plant removal affect microbial and nutrient linkages,"Buck, Rachel L"
2109794,2021-06-25,138000,Fellowship Award,NSF Postdoctoral Fellowship in Biology FY 2021: Investigating the role of ARGONAUTE and small RNAs in heritable stress memory in plants,"Lynn, Jason S"
2109816,2021-06-25,138000,Fellowship Award,NSF Postdoctoral Fellowship in Biology FY 2021: Extremes in the interplay: the development and effects of gut microorganisms within Earth’s largest terrestrial species,"Parker, Jenna Marie"
2109836,2021-06-25,138000,Fellowship Award,NSF Postdoctoral Fellowship in Biology FY 2021: Investigating the behavioral and genetic mechanisms underlying invasiveness,"Burkhard, Tracy T"
2109851,2021-06-25,138000,Fellowship Award,NSF Postdoctoral Fellowship in Biology FY 2021: Phage life history and evolution as a driver of microbial ecology,"Ebel, Emily R"
2109863,2021-06-25,138000,Fellowship Award,NSF Postdoctoral Fellowship in Biology FY 2021: Evolution of the extended floral phenotype,"Freundlich, Grace"
2109866,2021-06-25,207000,Fellowship Award,NSF Postdoctoral Fellowship in Biology FY 2021: Mosquito-borne disease networks and variation in transmission traits across a gradient of anthropogenic impact,"Massey, Aimee"
2109109,2021-06-28,138000,Fellowship Award,NSF Postdoctoral Fellowship in Biology FY 2021: Integrating from genes to the environment to understand nutrient foraging behavior in honey bees,"Quinlan, Gabriela"
2109376,2021-06-28,138000,Fellowship Award,NSF Postdoctoral Fellowship in Biology FY 2021: Dopamine Modulation of Caregiver Recognition and Affiliation,"Butler, Julie M"
2109394,2021-06-28,138000,Fellowship Award,NSF Postdoctoral Fellowship in Biology FY 2021: Exploring host-parasite co-evolution under diverse selection pressures,"Hernandez, Jessica"
2109408,2021-06-28,138000,Fellowship Award,"NSF Postdoctoral Fellowship in Biology FY 2021: The Behavioral, Neurophysiological, and Physical Mechanisms of Ink as an Antipredation Strategy","Simonitis, Lauren Eve"
2109461,2021-06-28,138000,Fellowship Award,NSF Postdoctoral Fellowship in Biology FY 2021: A synthetic biogeographic history of iguanian lizards,"Scarpetta, Simon G"
2109473,2021-06-28,138000,Fellowship Award,NSF Postdoctoral Fellowship in Biology FY 2021:  Investigating the potential role of coral-associated microbes in regulating calcifying fluid chemistry,"Unzueta Martinez, Andrea"
2109481,2021-06-28,138000,Fellowship Award,NSF Postdoctoral Fellowship in Biology FY 2021: From genomes to phenomes: the rules of life that govern bacterial-fungal-plant symbioses,"Berrios, Louis"
2109636,2021-06-28,138000,Fellowship Award,"NSF Postdoctoral Fellowship in Biology FY 2021: Effects of individual experience  on population social structure: integrating development, gene expression and social  ecology","Zipple, Matthew"
2109655,2021-06-28,138000,Fellowship Award,NSF Postdoctoral Fellowship in Biology FY 2021: Biological Soil Crusts as a Model System in the Context of Climate Change,"Phillips, Michala L"
2109663,2021-06-28,138000,Fellowship Award,NSF Postdoctoral Fellowship in Biology FY 2021:  Determining the functional and physiological tradeoffs of thermal plasticity on ectotherm hosts combatting a novel pathogen,"Claunch, Natalie M"
2109675,2021-06-28,138000,Fellowship Award,"NSF Postdoctoral Fellowship in Biology FY 2021: Elucidating genomic, transcriptomic, and phenotypic consequences of genetic rescue in wild populations","Mittan, Cinnamon S"
2109678,2021-06-28,138000,Fellowship Award,NSF Postdoctoral Fellowship in Biology FY 2021: Understanding protein synthesis in energetically constrained microbial consortia,"Tollerson, Rodney W"
2109692,2021-06-28,138000,Fellowship Award,NSF Postdoctoral Fellowship in Biology FY 2021: : Investigating the roles of  epigenetic and genomic variation through time in the invasion success of Japanese  white-eye,"Venkatraman, Madhvi"
2109841,2021-06-28,138000,Fellowship Award,NSF Postdoctoral Fellowship in Biology FY 2021: The morphological drivers and effects of long-distance bird migration,"Johnson, Oscar"
2109854,2021-06-28,138000,Fellowship Award,NSF Postdoctoral Fellowship in Biology FY 2021: Quality over Quantity: Uncovering the genetic mechanisms linking egg quality to fitness.,"Williams-Simon, Patricka"
2109887,2021-06-28,138000,Fellowship Award,NSF Postdoctoral Fellowship in Biology FY 2021: Characterizing gustatory receptors in bumble bees,"Fisher, Kaleigh"
2109897,2021-06-28,138000,Fellowship Award,NSF Postdoctoral Fellowship in Biology FY 2021: Habitat suitability: ecocultural restoration in the Klamath Basin,"Yazzie, Kimberly"
2109919,2021-06-28,138000,Fellowship Award,NSF Postdoctoral Fellowship in Biology FY 2021: Translating transcriptome to phenome: defining intercellular signaling landscapes of the liver,"McCray, Tara"
2120063,2021-06-29,499811,Standard Grant,RCN-UBE: Broadening undergraduate participation in ecology and evolution research through CUREs using digitized natural history collections data,Widener University
2120459,2021-06-29,499258,Standard Grant,RCN-UBE: The Undergraduate Student Experiences with Citizen Science Network to Transform Learning and Broaden Participation in Science,East Carolina University
2120679,2021-06-29,499978,Standard Grant,RCN-UBE: Biologists and Graph Interpretation:  Professional development for an online curriculum to foster data literacy and value diverse identities,SUNY College at Geneseo
2120709,2021-06-29,74923,Standard Grant,RCN-UBE Incubator: U2-SAFE: Unifying Undergraduate Student Access to Field Experiences using The Virtual Field Platform,University of California-Davis
2120806,2021-06-29,74999,Standard Grant,RCN-UBE Incubator: Incorporating Immunology into the Curriculum to Promote Interdisciplinary Science Education,Minnesota State University Moorhead
2034568,2021-06-30,287248,Standard Grant,Collaborative Research: Sustainable ABI: Arctos Sustainability,University of Texas at Austin
2034577,2021-06-30,574694,Standard Grant,Collaborative Research: Sustaining Arctos as a Community of Practice and as a Collection Management Solution for Biodiversity Research & Education,University of New Mexico
2034593,2021-06-30,203523,Standard Grant,Collaborative Research: Sustaining Arctos as a Community of Practice and as a Collection Management Solution for Biodiversity Research & Education,University of California-Berkeley
2109422,2021-06-30,138000,Fellowship Award,"NSF Postdoctoral Fellowship in Biology FY 2021: Identifying the functional roles of SNAI2,SOX9, and SOX10 in cranial neural crest cell specification and adhesion","Monroy, Brigette Yau"
2109435,2021-06-30,138000,Fellowship Award,"NSF Postdoctoral Fellowship in Biology FY 2021: Linking Parasite Genomes, Environmental Ques, and Host Phenomes Through Characterization of Behavioral Manipulation","Beckerson, William Christopher"
2109448,2021-06-30,138000,Fellowship Award,NSF Postdoctoral Fellowship in Biology FY 2021: The role of genotype by social environment interactions on evolutionary trap susceptibility in groups of fruit flies,"Pollack, Lea J"
2109536,2021-06-30,138000,Fellowship Award,NSF Postdoctoral Fellowship in Biology FY 2021: Using butterfly wing color patterns to elucidate an uncharacterized Wnt pathway,"Mazo-Vargas, Anyimilehidi"
2109550,2021-06-30,138000,Fellowship Award,"NSF Postdoctoral Fellowship in Biology FY 2021: Parallel evolution of lizards in urban heat islands: locomotor performance, muscle physiology, and gene regulation","Rummel, Andrea"
2109588,2021-06-30,138000,Fellowship Award,NSF Postdoctoral Fellowship in Biology FY 2021: Assessing potential parallel evolution of heterodonty via co-option of shared developmental modules,"Olroyd, Savannah L"
2109619,2021-06-30,138000,Fellowship Award,NSF Postdoctoral Fellowship in Biology FY 2021: The mechanisms and evolution of decision-making under conflict: scaling up from molecules to individuals and populations,"Barbasch, Tina"
2109626,2021-06-30,207000,Fellowship Award,NSF Postdoctoral Fellowship in Biology FY 2021: Resolving the evolution of stress axis signaling in vertebrates,"Shaughnessy, Ciaran A"
2109662,2021-06-30,138000,Fellowship Award,NSF Postdoctoral Fellowship in Biology FY 2021: Predicting how climate change will impact insect adaptation to host plant resistance,"Lewis, Margaret"
2109666,2021-06-30,138000,Fellowship Award,NSF Postdoctoral Fellowship in Biology FY 2021: Maximizing power to uncover the molecular mechanisms between genotype and phenotype,"Bell, Avery Davis"
2109712,2021-06-30,138000,Fellowship Award,"NSF Postdoctoral Fellowship in Biology FY 2021: Adaptation along a thermal gradient in the holopelagic ctenophore, Mnemiopsis leidyi","Ketchum, Remi N"
2109735,2021-06-30,138000,Fellowship Award,NSF Postdoctoral Fellowship in Biology FY 2021: Inference of the repeated evolution of prothoracic defensive glands in the Tenebrionidae (Coleoptera),"Rork, Adam M"
2109761,2021-06-30,138000,Fellowship Award,NSF Postdoctoral Fellowship in Biology FY 2021: Parallel genome and phenome evolution within and across fish species,"MacGuigan, Daniel J"
2109765,2021-06-30,138000,Fellowship Award,NSF Postdoctoral Fellowship in Biology FY 2021: Phenotypic flexibility may allow long-lived species to buffer from environmental change,"Dichiera, Angelina M"
2109767,2021-06-30,138000,Fellowship Award,NSF Postdoctoral Fellowship in Biology FY 2021: Integrating genetic-morphologic concepts of diversity in ecological and environmental context,"Trubovitz, Sarah"
2109902,2021-06-30,138000,Fellowship Award,NSF Postdoctoral Fellowship in Biology FY 2021: Integrating megafauna community reassembly with ecosystem carbon cycling,"Forbes, Elizabeth S"
2109912,2021-06-30,138000,Fellowship Award,NSF Postdoctoral Fellowship in Biology FY 2021: Are variants under selection for disease resistance predictive of disease susceptibility across taxa?,"Sharo, Andrew George"
2109306,2021-07-01,138000,Fellowship Award,NSF Postdoctoral Fellowship in Biology FY 2021: The role of dosage balance in duplicate gene retention,"Li, Zheng"
2109398,2021-07-01,138000,Fellowship Award,NSF Postdoctoral Fellowship in Biology FY 2021: Deciphering how adipokine control of the epigenome impacts an organism's starvation response,"Kelly, Kevin Parsons"
2109441,2021-07-01,138000,Fellowship Award,NSF Postdoctoral Fellowship in Biology FY 2021: Analyzing the interplay of chromatin accessibility and transcription factor binding to decipher the cis-regulatory code,"Bacon, Curtis W"
2109465,2021-07-01,138000,Fellowship Award,"NSF Postdoctoral Fellowship in Biology FY 2021: Biophotonics, Species, and Relationships","McCoy, Dakota E"
2109477,2021-07-01,138000,Fellowship Award,NSF Postdoctoral Fellowship in Biology FY 2021: Evolution of genome architecture in the algal-ciliate endosymbiosis,"Kelly, Joseph Barrack"
2109502,2021-07-01,138000,Fellowship Award,NSF Postdoctoral Fellowship in Biology FY 2021: Comparative methods and model clades for evolutionary developmental biology,"Church, Samuel H"
2109544,2021-07-01,138000,Fellowship Award,NSF Postdoctoral Fellowship in Biology FY 2021: Untangling the roles of genetic and regulatory mechanisms in adaptive evolutionary responses to climate change,"Kramer, Gunnar R"
2109557,2021-07-01,138000,Fellowship Award,NSF Postdoctoral Fellowship in Biology FY 2021: General plasticity kinetics: developing a universal framework of developmental plasticity,"Jung, Julie"
2109592,2021-07-01,138000,Fellowship Award,NSF Postdoctoral Fellowship in Biology FY 2021: Determining the mechanism that drive assembly in belowground microbial decomposer systems,Oliverio                Angela         M
2109599,2021-07-01,138000,Fellowship Award,NSF Postdoctoral Fellowship in Biology FY 2021: Testing rules of life for developmental trade-offs in sensory and cognitive systems,"Strobel, Sarah McKay"
2109605,2021-07-01,207000,Fellowship Award,NSF Postdoctoral Fellowship in Biology FY 2021: Does genomic recombination stabilize populations and enhance ecosystems?,"Nadeau, Christopher Paul"
2109624,2021-07-01,138000,Fellowship Award,NSF Postdoctoral Fellowship in Biology FY 2021: Using metacommunity theory to assess the impact of multi-species interactions on gut microbial assembly,"Dasari, Mauna"
2109691,2021-07-01,138000,Fellowship Award,NSF Postdoctoral Fellowship in Biology FY 2021: Defining the role of ZEB2 in the development of convergent neural circuitry for vocal imitation,"Gedman, Gregory Louis"
2109702,2021-07-01,207000,Fellowship Award,NSF Postdoctoral Fellowship in Biology FY 2021: Understanding gut microbiome variation in the context of an emerging wildlife pathogen,"Brown, Bianca"
2109742,2021-07-01,138000,Fellowship Award,"NSF Postdoctoral Fellowship in Biology FY 2021: Neutral buoyancy in deep-sea squid: mechanisms of ammonia rich, low density fluid formation and impacts of ocean acidification","Durant, Andrea"
2109743,2021-07-01,138000,Fellowship Award,NSF Postdoctoral Fellowship in Biology FY 2021: Constraints as a bridge between phenotypic micro- and macroevolution,"Linscott, Thomas Mason"
2109747,2021-07-01,138000,Fellowship Award,NSF Postdoctoral Fellowship in Biology FY 2021: The neurocircuitry of spider web-building,"Artiushin, Gregory"
2109772,2021-07-01,138000,Fellowship Award,NSF Postdoctoral Fellowship in Biology FY 2021: From parasitism to mutualism in a Wolbachia-Drosophila symbiosis,"Perlmutter, Jessamyn"
2109787,2021-07-01,138000,Fellowship Award,NSF Postdoctoral Fellowship in Biology FY 2021: Empirical and theoretical approaches to understanding the evolution of gene regulatory networks,"McQueen, Eden Wellesley"
2109800,2021-07-01,138000,Fellowship Award,NSF Postdoctoral Fellowship in Biology FY 2021: Using DNA-barcode lineage tracking to study ecological and evolutionary dynamics in the cucumber pathogen Erwinia tracheiphila,"Johnson, Milo"
2109806,2021-07-01,138000,Fellowship Award,NSF Postdoctoral Fellowship in Biology FY 2021: How does arbuscular mycorrhizal fungi impact pollination and plant fitness in an anthropogenically disturbed environment?,"Fetters, Andrea Marie"
2109825,2021-07-01,138000,Fellowship Award,NSF Postdoctoral Fellowship in Biology FY 2021: Investigating evolutionary mechanisms that facilitate local adaptation via inversions in the Atlantic silverside,"rick, Jessica A"
2109838,2021-07-01,138000,Fellowship Award,NSF Postdoctoral Fellowship in Biology FY 2021: Hybridization on the adaptive landscape,"Patton, Austin H"
2109905,2021-07-01,138000,Fellowship Award,NSF Postdoctoral Fellowship in Biology FY 2021: Linking soil microbiome to pulsed trace gas emissions in rewetted drylands,Andrews                 Holly          M
2109907,2021-07-01,138000,Fellowship Award,NSF Postdoctoral Fellowship in Biology FY 2021: Deciphering grammatical rules of notochord enhancers and their role in notochord development in Ciona intestinalis,"Tellez, Krissie"
2130168,2021-07-02,99996,Standard Grant,A Proposal to Provide Technical Assistance and Biology Network to Increase Competitiveness of HBCUs in the Research Coordination Networks in Undergraduate Biology Education Program,QEM Network HQ
2120495,2021-07-12,499680,Standard Grant,"RCN-UBE: Sustainable, Transformative Engagement across a Multi-Institution and Multidisciplinary STEM Network",Hofstra University
2120673,2021-07-12,499668,Standard Grant,RCN-UBE: An Inclusive Community Transforming the Assessment of Biochemistry and Molecular Biology Learning in Undergraduate Programs,Juniata College
2120710,2021-07-12,74767,Standard Grant,RCN-UBE Incubator: Incorporating Online Biological Data and Data Science into Undergraduate Education in Alaska,University of Alaska Fairbanks Campus
2120588,2021-07-13,74781,Standard Grant,RCN-UBE Incubator: The STEM Career Exploration Laboratory Network,CUNY Brooklyn College
2133544,2021-07-13,98020,Standard Grant,"Assessing Institutional Assets, Vulnerabilities, and Synergies and using a STEM Mentoring Ecosystem Framework: A Multi-institution, Interdisciplinary Workshop",Michigan State University
2119918,2021-07-14,499868,Standard Grant,RCN-UBE: A National Malate Dehydrogenase Protein-Centric Molecular Life Sciences Couse-based Undergraduate Research Network,University of San Diego
2120432,2021-07-14,74707,Standard Grant,RCN-UBE Incubator: The Campus as a Living Lab,College of the Canyons
2120609,2021-07-14,499354,Standard Grant,RCN-UBE: Biological and Environmental Data Education Network: Preparing Instructors to Integrate Data Science into Undergraduate Biology and Environmental Science Curricula,Pace University
2120626,2021-07-14,67652,Standard Grant,RCN-UBE Incubator: Stem Research on Non-model Genomes Network,Illinois Institute of Technology
2120141,2021-07-15,499997,Standard Grant,RCN-UBE: A Network for Facilitating Online Content for Experiential Learning of Tropical Systems,Iowa State University
2120417,2021-07-15,499218,Standard Grant,RCN-UBE: Bringing CRISPR-Cas9 technologies to the undergraduate classroom: an undergraduate instructors' network,University of Houston
2120567,2021-07-15,74208,Standard Grant,RCN-UBE Incubator: Building an interdisciplinary regional network to expose under-represented students to biological research in its community context,Texas A&M University-San Antonio
2120607,2021-07-15,67487,Standard Grant,"RCN-UBE Incubator:  Biology through art:  an innovative, interdisciplinary approach to teaching biology",National University
2042948,2021-07-16,1552327,Continuing Grant,A systems biology framework to uncover rules governing robustness of a microbial community,Institute for Systems Biology
2117640,2021-07-16,668451,Continuing Grant,Computational methods for nonribosomal peptide discovery,Carnegie Mellon University
2121063,2021-07-16,364812,Standard Grant,A public workflow for predicting peptide binding structures,University of Kansas Center for Research Inc
2132247,2021-07-16,188694,Standard Grant,A U-statistic approach to population genetics,American University
2046753,2021-07-20,597380,Continuing Grant,CAREER: De novo assembly of duplicated sequences in vertebrate genomes,University of Southern California
2100755,2021-07-20,629237,Standard Grant,Digitization TCN: Collaborative Research: Bringing Asia to digital life: mobilizing underrepresented Asian herbarium collections in the US to propel biodiversity discovery,New York Botanical Garden
2101773,2021-07-20,642096,Standard Grant,Digitization TCN: Collaborative Research: Bringing Asia to digital life: mobilizing underrepresented Asian herbarium collections in the US to propel biodiversity discovery,Missouri Botanical Garden
2101846,2021-07-20,1063594,Continuing Grant,Digitization TCN: Collaborative Research: Bringing Asia to digital life: mobilizing underrepresented Asian herbarium collections in the US to propel biodiversity discovery,University of Colorado at Boulder
2101868,2021-07-20,420761,Standard Grant,Digitization TCN: Collaborative Research: Bringing Asia to digital life: mobilizing underrepresented Asian herbarium collections in the US to propel biodiversity discovery,Regents of the University of Michigan - Ann Arbor
2101884,2021-07-20,1632344,Continuing Grant,Digitization TCN: Collaborative Research: Bringing Asia to digital life: mobilizing underrepresented Asian herbarium collections in the US to propel biodiversity discovery,Harvard University
2101886,2021-07-20,379781,Standard Grant,Digitization TCN: Collaborative Research: Bringing Asia to digital life: mobilizing underrepresented Asian herbarium collections in the US to propel biodiversity discovery,Trustees of Boston University
2101966,2021-07-20,109530,Standard Grant,Digitization TCN: Collaborative Research: Bringing Asia to digital life: mobilizing underrepresented Asian herbarium collections in the US to propel biodiversity discovery,Bernice P Bishop Museum
2120375,2021-07-21,74960,Standard Grant,RCN-UBE Incubator:  Transforming Assessment and Feedback in Undergraduate Biology Education,Assumption College
2120633,2021-07-21,74944,Standard Grant,RCN-UBE Incubator: The Wokini Undergraduate Biology Education Network,South Dakota State University
2031660,2021-07-22,510165,Standard Grant,Sustaining the USA National Phenology Network,University of Arizona
2101814,2021-07-22,149981,Standard Grant,Digitization  PEN: Adding unique molluscan live-dead data from the Paleontological Research Institution to the Eastern Seaboard TCN,Paleontological Research Institute
2101926,2021-07-22,174570,Standard Grant,Digitization PEN: Adding a world-class flea collection to the Terrestrial Parasite Tracker network,Carnegie Institute
2120678,2021-07-22,499700,Standard Grant,RCN-UBE: Transforming Ecology Education to Four Dimensional Network,Ecological Society of America
2109989,2021-07-23,410357,Standard Grant,Collaborative Research: Reproductive heterogeneity in the structured coalescent framework,Florida State University
2109990,2021-07-23,112256,Standard Grant,Collaborative Research: Reproductive heterogeneity in the structured coalescent framework,Kennesaw State University Research and Service Foundation
2053253,2021-07-26,579246,Continuing Grant,CSBR: Transfer of Ownership: Transfer of Lachance Yeast Collection to UC Davis,University of California-Davis
2118138,2021-07-26,221316,Standard Grant,RCN-UBE: Design to Data Network: expanding a faculty community of practice to broaden and diversify participation in undergraduate research,University of California-Davis
2120499,2021-07-26,75000,Standard Grant,RCN-UBE Incubator: Course-based Undergraduate Research Experiences for Students Underrepresented in Biology,Edward Waters College
2130666,2021-07-26,596571,Standard Grant,Statistical tools for learning about trait evolution across species,Florida Atlantic University
2104149,2021-07-27,386690,Continuing Grant,"Collaborative Research: LightningBug, An Integrated Pipeline to Overcome The Biodiversity Digitization Gap",Yale University
2104150,2021-07-27,111116,Continuing Grant,"Collaborative Research: LightningBug, An Integrated Pipeline to Overcome The Biodiversity Digitization Gap",Harvard University
2104151,2021-07-27,494000,Continuing Grant,"Collaborative Research: LightningBug, An Integrated Pipeline to Overcome The Biodiversity Digitization Gap",University of Chicago
2104152,2021-07-27,84226,Continuing Grant,"Collaborative Research: LightningBug, An Integrated Pipeline to Overcome The Biodiversity Digitization Gap",University of Florida
2113785,2021-07-28,581765,Continuing Grant,ICBR Capacity: Biological Collections: Updates to the Operation of the Algal Resources Collection,University of North Carolina at Wilmington
2119968,2021-07-28,6100000,Cooperative Agreement,BII: Host-Virus Evolutionary Dynamics Institute (HVEDI),University of Arkansas
2120084,2021-07-28,12499319,Cooperative Agreement,BII: Uncovering mechanisms of amphibian resilience to global change from molecules to landscapes,University of Pittsburgh
2120117,2021-07-28,12499973,Cooperative Agreement,BII: Regional OneHealth Aerobiome Discovery Network (BROADN),Colorado State University
2120153,2021-07-28,12499623,Cooperative Agreement,"BII: New Roots for Restoration: integrating plant traits, communities, and the soil ecosphere to advance restoration of natural and agricultural systems",Donald Danforth Plant Science Center
2120200,2021-07-28,12500000,Cooperative Agreement,"BII: Emergent Mechanisms in Biology of Robustness, Integration & Organization (EMBRIO)",Purdue University
2120907,2021-07-28,398791,Standard Grant,MCA: A Computational Framework to Study microRNAs in Cell-Cell Interactions,The University of Central Florida Board of Trustees
2134321,2021-07-28,2141750,Standard Grant,RCN: LEAPS: Rooting Out Oppression Together and SHaring Our Outcomes Transparently,American Society of Plant Biologists
2134480,2021-07-28,96488,Standard Grant,"LEAPS: Enabling Scientific Societies to Support Inclusive, Diverse, Equitable & Accepting (IDEA) Scientific Environments",American Institute of Biological Sciences
2134725,2021-07-28,701434,Standard Grant,"RCN: LEAPS: Leveraging, Enhancing and Developing Biology (LED-BIO) Scientific Societies Shedding Light on Persistent Cultural Challenges",American Society For Cell Biology
2053302,2021-08-02,524176,Standard Grant,"CSBR: Natural History: Relocation and critical upgrades to storage, curation, and digital access to the Margaret H. Fulford Herbarium at the University of Cincinnati",University of Cincinnati Main Campus
2100955,2021-08-02,645647,Standard Grant,CSBR: Rehousing of the Mammal Collection at the University of Kansas Biodiversity Institute,University of Kansas Center for Research Inc
2101345,2021-08-02,160392,Standard Grant,Collaborative Research: Digitization TCN: Extending Anthophila research through image and trait digitization (Big-Bee),Regents of the University of Michigan - Ann Arbor
2101850,2021-08-02,217080,Standard Grant,Collaborative Research: Digitization TCN: Extending Anthophila research through image and trait digitization (Big-Bee),University of Colorado at Boulder
2101851,2021-08-02,309216,Standard Grant,Collaborative Research: Digitization TCN: Extending Anthophila research through image and trait digitization (Big-Bee),University of Kansas Center for Research Inc
2101875,2021-08-02,255400,Standard Grant,Collaborative Research: Digitization TCN: Extending Anthophila research through image and trait digitization (Big-Bee),California Academy of Sciences
2101876,2021-08-02,167278,Standard Grant,Collaborative Research: Digitization TCN: Extending Anthophila research through image and trait digitization (Big-Bee),San Diego Society of Natural History
2101891,2021-08-02,117425,Standard Grant,Collaborative Research: Digitization TCN: Extending Anthophila research through image and trait digitization (Big-Bee),University of New Hampshire
2101908,2021-08-02,177103,Standard Grant,Collaborative Research: Digitization TCN: Extending Anthophila research through image and trait digitization (Big-Bee),Harvard University
2101913,2021-08-02,171235,Standard Grant,Collaborative Research: Digitization TCN: Extending Anthophila research through image and trait digitization (Big-Bee),Arizona State University
2101929,2021-08-02,235963,Standard Grant,Collaborative Research: Digitization TCN: Extending Anthophila research through image and trait digitization (Big-Bee),University of California-Berkeley
2102006,2021-08-02,1288241,Continuing Grant,Collaborative Research: Digitization TCN: Extending Anthophila research through image and trait digitization (Big-Bee),University of California-Santa Barbara
2122620,2021-08-02,651747,Standard Grant,Creating a Novel Museum-Based Resource for Neuroscience: Mass whole-slide imaging of the R. Glenn Northcutt Collection of Comparative Vertebrate Neuroanatomy and Embryology,Harvard University
2127427,2021-08-02,377334,Continuing Grant,Improving the Storage Conditions and Beginning Digitization of the Paleozoic Stratigraphic Fossil Collections at the Paleontological Research Institution,Paleontological Research Institute
2109428,2021-08-03,99000,Standard Grant,TOWARDS A SUSTAINABLE MANAGEMENT OF INSECT COLLECTIONS IN THE U.S. THROUGH THE ENTOMOLOGICAL COLLECTIONS MANAGEMENT WORKSHOP,Entomological Society of America
2117299,2021-08-03,642892,Standard Grant,MRI: Acquisition of Micro-computed Tomography and 3D Imaging Infrastructure for Interdisciplinary STEM Research in North Carolina,University of North Carolina Greensboro
2117667,2021-08-03,402500,Standard Grant,MRI: Acquisition of MicroCT for Research and Training in Biology,Utah State University
2128146,2021-08-03,585301,Standard Grant,"IntBIO: Disentangling the genetic, biomechanical, and deep-time factors underlying mammalian skeletal diversity",University of California-Berkeley
2134624,2021-08-03,1543276,Standard Grant,RCN: LEAPS: Culture Change for Inclusion of Indigenous Voices in Biology,American Indian Science and Engineering Society (AISES)
2101909,2021-08-04,175000,Standard Grant,Collaborative Research: Digitization PEN: BatPEN!—A Partnership to Facilitate Scientific Inquiry into the Vast Functional Trait Diversity of Phyllostomid Bats,Texas Tech University
2122771,2021-08-04,186438,Standard Grant,NSF-CAPACITY FIELD STATIONS: EXPANDING WALK-IN ENVIRONMENTAL CONTROL CHAMBER CAPACITY AND FUNCTIONALITY AT HIGHLANDS BIOLOGICAL STATION,Western Carolina University
2129580,2021-08-04,161588,Standard Grant,"Revitalizing a field wireless network for research, education and outreach at the Harvard Forest",Harvard University
2134768,2021-08-04,70532,Standard Grant,"LEAPS: A Diversity, Equity, and Inclusion Workshop at the Joint Aquatic Sciences Meeting",Western Washington University
2035537,2021-08-05,484967,Continuing Grant,"CSBR: An inordinate fondness for beetles - expanding access to the Triplehorn collection of Coleoptera, phase 2","OHIO STATE UNIVERSITY, THE"
2101816,2021-08-05,174976,Continuing Grant,Digitization PEN: Small and Hungry: Enhancing LepNet TCN with microlepidoptera and 50 years of host plant data from the Essig Museum,University of California-Berkeley
2117043,2021-08-06,189831,Standard Grant,MRI: Acquisition of an ABI 3500xL Genetic Analyzer for the WVU Genomics Core Facility,West Virginia University Research Corporation
2115309,2021-08-09,157550,Standard Grant,MRI: MRI: Acquisition of a X-ray Machine at Chicago Botanic Garden,Chicago Horticultural Society
2120949,2021-08-09,358345,Standard Grant,MCA: Application of Quantum Computing in Bioinformatics and Computational Biology,The Research Institute at Nationwide Children's Hospital
2117146,2021-08-13,357741,Standard Grant,MRI: Acquisition of a fluorescence activated cell sorter (FACS) supporting multi-disciplinary approaches to exploring biological responses,Rhodes College
2116348,2021-08-15,472138,Standard Grant,MRI: Acquisition of Spinning Disk Confocal for Multi-Disciplinary Research and Undergraduate Teaching and Training,Butler University
2116424,2021-08-15,772198,Standard Grant,"MRI: Acquisition of an HPLC Coupled Mass Spectrometer for proteomics, metabolomics, and small molecule applications to expand and upgrade the SJSU PROTEIN Lab",San Jose State University Foundation
2117484,2021-08-15,554499,Standard Grant,MRI: Acquisition of a Zeiss LSM980 Laser Scanning Confocal Microscope with Airyscan 2 for Microscopy Core Facility,Rutgers University Newark
2117798,2021-08-15,735648,Standard Grant,"MRI: Acquisition of an integrated Zeiss 980 microscope with Airyscan 2 and FCS to advance multidisciplinary research, inclusive teaching, and outreach at Amherst College",Amherst College
2117943,2021-08-15,1167241,Standard Grant,MRI: Acquisition of an ultrahigh resolution mass spectrometry system to enable metaproteomics experiments to support microbiome research,Colorado State University
2130661,2021-08-15,620344,Continuing Grant,U.S.-RoI-NI R&D Partnership:  Ultrasensitive Nitrogen Sensor using Imprinted Polymer Assisted-Bacteria for Real-Time Monitoring of Water Quality,Rensselaer Polytechnic Institute
2116976,2021-08-16,264868,Standard Grant,"MRI: Acquisition of a Flow Cytometer, a Multi-User Resource at Appalachian State University",Appalachian State University
2117045,2021-08-16,475685,Standard Grant,MRI: Acquisition of a Bio-AFM for Life Science and Soft Matter Research and Research Training in New Mexico,New Mexico State University
2117098,2021-08-16,384762,Standard Grant,MRI: Acquisition of a laser confocal microscope to enhance faculty research and undergraduate research training,Saint Mary's College of California
2117251,2021-08-16,526267,Standard Grant,MRI: Acquisition of a Liquid Chromatograph QToF Mass Spectrometer to Support Research and Training at Hofstra University,Hofstra University
2117255,2021-08-16,79590,Standard Grant,MRI: Acquisition of a Western Blot Detection Equipment for core facility of a community college,CUNY Queensborough Community College
2117294,2021-08-16,652602,Standard Grant,MRI: Acquisition of a Transmission Electron Microscope for Research and STEM Education Across the South Puget Sound,University of  Puget Sound
2117494,2021-08-16,394713,Standard Grant,MRI: Acquisition of a Transmission Electron Microscope,Loyola University of Chicago
2117500,2021-08-16,243000,Standard Grant,MRI: Acquisition of an Octet RED96 BioLayer Interferometry Instrument for Multidisciplinary Molecular Interaction Research and Training,South Dakota State University
2117625,2021-08-16,152850,Standard Grant,MRI: Acquisition of Fluorescence Activated Cell Sorter (FACS) for Multidisciplinary Research and Education at Fordham University,Fordham University
2117782,2021-08-16,999810,Standard Grant,"MRI: Development of a fully automated, 1,000-MicroChemostat microfluidic system for parallel, independent, long-duration, machine-guided experiments",Vanderbilt University
2129274,2021-08-16,343390,Standard Grant,Major improvements of the outdoor mesocosm facility at the Bermuda Institute of Ocean Sciences,"Bermuda Institute of Ocean Sciences (BIOS), Inc."
2117304,2021-08-17,125000,Standard Grant,MRI: Acquisition of a benchtop cell sorter to advance undergraduate research and training in biology at Lewis & Clark College,Lewis and Clark College
2109898,2021-08-26,2135706,Continuing Grant,CIBR: New Methods for Multi-Omics Data Analysis and Genome Analysis,SRI International
2117272,2021-08-26,692495,Standard Grant,MRI: Acquisition of an Illumina NovaSeq 6000 to Support High-Throughput Sequencing Collaborative Research and Integrated Training,University of Tennessee Knoxville
2147812,2021-08-31,608360,Continuing Grant,CAREER: Developing New Computational Methods to Address the Missing Data Problem in Population Genomics,San Diego State University Foundation
2019674,2021-09-09,25000000,Cooperative Agreement,STC: Center for Research On Programmable Plant Systems,Cornell University
2131837,2021-09-20,18950956,Cooperative Agreement,Mid-scale RI-1 (M1:IP): A Deep Soil Ecotron facility to explore belowground communities and ecosystem processes,Regents of the University of Idaho
2201182,2021-11-18,420135,Standard Grant,"Collaborative Research:  ABI Innovation: FuTRES, an Ontology-Based Functional Trait Resource for Paleo- and Neo-biologists",Battelle Memorial Institute
2039743,2021-12-06,405804,Standard Grant,FSML: SERC Visiting Scientist Cottages,Smithsonian Institution
2122274,2021-12-06,400001,Continuing Grant,Infrastructure Capacity for Biological Research: Biological Collections: Growth and Development of the Arabidopsis Biological Resource Center,"OHIO STATE UNIVERSITY, THE"
2128820,2021-12-06,437022,Standard Grant,Controlled Environment Facilities for the Marine Biological Laboratory,Marine Biological Laboratory
2129634,2021-12-06,1680333,Continuing Grant,BBSRC-NSF/BIO: From atoms to molecules to cells - Multi-scale tools and infrastructure for visualization of annotated 3D structure data,Rutgers University New Brunswick
2130883,2021-12-08,1089155,Continuing Grant,Collaborative Research: BBSRC-NSF/BIO: An autonomous registry system for plant microRNAs,Donald Danforth Plant Science Center
2130884,2021-12-08,194261,Continuing Grant,Collaborative Research: BBSRC-NSF/BIO: An autonomous registry system for plant microRNAs,Pennsylvania State Univ University Park
2208679,2021-12-08,557340,Continuing Grant,CAREER: Bringing Models to Native: Open Access Bioinformatics for Protein Structure Refinement,Virginia Polytechnic Institute and State University
2152526,2021-12-09,894020,Continuing Grant,Linking Mass Spectrometry Computational Ecosystems to Enhance Biological Insights of Publicly-Available Data,University of California-San Diego
2203184,2021-12-09,794836,Standard Grant,ABI Development: Improved Tools for Population Genomics,San Diego State University Foundation
2150270,2022-01-10,404922,Standard Grant,REU Site: NSF REU in Molecular Biosciences,University of California-San Francisco
2149830,2022-01-11,380836,Standard Grant,REU SITE: Program in Molecular Biosciences,Colorado State University
2129856,2022-01-21,840208,Continuing Grant,Microfluidic Cell Sorting and Manipulation Based on Bulk Acoustic Waves,University of Southern California
2131428,2022-01-21,334982,Standard Grant,"Vibrating tube sensors:  A versatile and low-cost instrument for continuously monitoring the mass, volume, and density of any microgram-sized biosample in fluid",University of California-Riverside
2131464,2022-01-21,602344,Standard Grant,CSBR: Emergency Rescue of the Orphaned Fish Collection of the University of Puerto Rico and Capacity Expansion of the Ichthyology Collection at the Sam Noble Museum,University of Oklahoma Norman Campus
2135169,2022-01-21,387240,Standard Grant,"Improving FAPROTAX, a popular tool for predicting metabolic phenotypes in microbiome surveys",University of Oregon Eugene
2141862,2022-01-21,988984,Continuing Grant,CAREER: Bioinformatic Resources for Promoting Research and Education of Giant Viruses,Virginia Polytechnic Institute and State University
2145235,2022-01-21,793211,Continuing Grant,CAREER: Multiplexing Light-Field Microscopy for Cell Biological Research,Georgia Tech Research Corporation
2145736,2022-01-21,659948,Continuing Grant,CAREER: Learning Mechanisms from Single Cell Multi-Omics Data,Georgia Tech Research Corporation
2134695,2022-01-25,512731,Standard Grant,Collaborative Research: Image-based Readouts of Cellular State using Universal Morphology Embeddings,"Broad Institute, Inc."
2134696,2022-01-25,486980,Standard Grant,Collaborative Research: Image-based Readouts of Cellular State using Universal Morphology Embeddings,Trustees of Boston University
2149531,2022-01-26,374498,Standard Grant,REU Site: Plant Genomics @ Michigan State University,Michigan State University
2149866,2022-01-26,369195,Standard Grant,"REU Site: Conservation, Restoration, and Communication",The University of Central Florida Board of Trustees
2149582,2022-01-27,935426,Standard Grant,REU Site: The National Summer Undergraduate Research Project,University of Arizona
2147136,2022-01-28,222051,Standard Grant,Collaborative Research: BIORETS: Authentic research experiences for teachers at Long-Term Ecological Research sites: climate change and biodiversity across ecosystems,Marquette University
2147137,2022-01-28,269884,Standard Grant,Collaborative Research: BIORETS: Authentic research experiences for teachers at Long-Term Ecological Research sites: climate change and biodiversity across ecosystems,University of California-Santa Barbara
2147138,2022-01-28,106713,Standard Grant,Collaborative Research: BIORETS: Authentic research experiences for teachers at Long-Term Ecological Research sites: climate change and biodiversity across ecosystems,Oregon State University
2147764,2022-01-28,24999,Standard Grant,Planning Grant: Workshops to Build Capacity for Biological Field Research in Southern California Ecosystems,University of California-Irvine
2150061,2022-01-28,387134,Standard Grant,REU Site: Ka'ao: Telling the Stories of Hawaiian Ecosystems,University of Hawaii
2150087,2022-01-28,327972,Standard Grant,"REU: Research Experience for undergraduates in Genomics, Proteomics, Metabolomics and Data Science",Florida Agricultural and Mechanical University
2150379,2022-01-28,407491,Standard Grant,REU Site: Imaging and Molecular Approaches to Biological Problems,Johns Hopkins University
2150058,2022-01-31,321024,Standard Grant,"REU Site: Genes, Ecosystems, Organisms",Harvard University
2144121,2022-02-02,585696,Continuing Grant,CAREER: Future phylogenies: novel computational frameworks for biomolecular sequence analysis involving complex evolutionary origins,Michigan State University
2144475,2022-02-02,613155,Continuing Grant,CAREER: Interpretable machine learning deciphers single-cell multi-modal data for understanding cell-type functional genomics in complex brains,University of Wisconsin-Madison
2145226,2022-02-02,649588,Standard Grant,A deep learning framework for high-definition prediction and interpretation of protein localization,University of Missouri-Columbia
2146398,2022-02-02,500000,Continuing Grant,CAREER: Unifying short and long read RNA-seq analysis of alternative splicing using network flow models,Columbia University
2146866,2022-02-02,892463,Standard Grant,CAGEE: Computational analysis of gene expression evolution,Indiana University
2150104,2022-02-02,398004,Standard Grant,REU Site: Understanding biological responses to global change in a field station community,Michigan State University
2145171,2022-02-03,749867,Continuing Grant,CAREER: Algorithms and Tools for Allele-Specific Transcript Assembly,Pennsylvania State Univ University Park
2147012,2022-02-03,600000,Standard Grant,BIORETS: BioInteractions,University of Puerto Rico-Rio Piedras
2147080,2022-02-04,557548,Standard Grant,BIORETS: Global Change Ecology at the Smithsonian Environmental Research Center,Smithsonian Institution
2147083,2022-02-15,599937,Standard Grant,"BIORETS Biological pathways to adaptability, interactions among the genome, epigenome and environment.",Iowa State University
2149956,2022-02-16,401980,Standard Grant,REU Site: Interdisciplinary Computational Biology (iCompBio),University of Tennessee Chattanooga
2143228,2022-02-17,599107,Standard Grant,BIORETS: Conserving water resources and riparian biodiversity in a changing desert climate,University of Arizona
2147075,2022-02-24,599899,Standard Grant,BIORETS: Translating Authentic Microbial Evolution and Big Data Research to the Classroom,University of Pittsburgh
2150171,2022-02-24,372630,Standard Grant,REU Site: Princeton Neuroscience Institute Summer Internship Program,Princeton University
2135175,2022-02-25,148882,Standard Grant,Preserving rare and endemic Hawaiian specimens in the Joseph F. Rock herbarium through digitization,University of Hawaii
2138889,2022-02-25,564462,Continuing Grant,"Capacity: Biological Collections: Curatorial upgrade and digital uncovering of the hidden treasure of Delaware to safeguard, and increase access to, centuries of botanical legacy",Delaware State University
2146882,2022-02-25,525569,Standard Grant,"BIORETS: Research Experiences for Teachers in the Biology of Plants, Animals, Microorganisms, and their Environments",Western Michigan University
2150167,2022-02-25,365708,Continuing Grant,REU Site: Integrative Microbial and Plant Systems (IMPS),North Carolina State University
2150331,2022-02-25,263866,Standard Grant,REU Site: Genetic and Biochemical Analysis of Proteins,Purdue University
2144534,2022-02-28,794249,Continuing Grant,CAREER: Computational tools for analyzing and interpreting DNA methylation,William Marsh Rice University
2150229,2022-02-28,340298,Continuing Grant,"REU Site: Early Collaborative Research Experience in Microbial Biofilm Development, Resistance, & Community Structure",SUNY at Binghamton
2146026,2022-03-07,248782,Standard Grant,Collaborative Research: Identification and Structural Modeling of Intrinsically Disordered Protein-Protein and Protein-Nucleic Acids Interactions,Purdue University
2146027,2022-03-07,248508,Standard Grant,Collaborative Research: Identification and Structural Modeling of Intrinsically Disordered Protein-Protein and Protein-Nucleic Acids Interactions,Virginia Commonwealth University
2152671,2022-03-07,804753,Continuing Grant,Collaborative Research: High-Resolution Aerial Forest Mapping Infrastructure and Database to Support Forest and Disturbance Ecology Research,University of California-Davis
2152672,2022-03-07,154767,Standard Grant,Collaborative Research: High-Resolution Aerial Forest Mapping Infrastructure and Database to Support Forest and Disturbance Ecology Research,University of Colorado at Boulder
2152673,2022-03-07,45844,Standard Grant,Collaborative Research: High-Resolution Aerial Forest Mapping Infrastructure and Database to Support Forest and Disturbance Ecology Research,University of Arizona
2149361,2022-03-08,407042,Continuing Grant,REU Site: Engaging Undergraduates in Interdisciplinary Evolutionary Science,University of Iowa
2150363,2022-03-08,403732,Standard Grant,REU Site: BioSensor Materials for Advanced Research and Technology (BioSMART) at the Environment/Biotechnology Nexus,New Jersey Institute of Technology
2209978,2022-03-08,435506,Standard Grant,Collaborative Research:   ABI Development: Symbiota2: Enabling greater collaboration and flexibility for mobilizing biodiversity data,BIODIVERSITY OUTREACH NETWORK
2148706,2022-03-09,439796,Continuing Grant,REU Site: REU Site in Quantitative Biological Research,New York University
2150197,2022-03-09,472257,Standard Grant,REU Site: Ecology in Human-Dominated Landscapes,Miami University
2150328,2022-03-09,393674,Continuing Grant,REU Site: Biology of Animal Movement and Performance,Brown University
2147073,2022-03-11,598017,Standard Grant,BIORETS: Genetics and Genomics Research Experiences for High School Teachers in the Greater Houston Area,University of Houston
2149700,2022-03-11,398842,Continuing Grant,REU Site:  Understanding Coastal Ecosystems,Florida International University
2150124,2022-03-11,453276,Continuing Grant,REU Site: Control of Gene Expression for Biological Effect,Trustees of Boston University
2150487,2022-03-11,429410,Continuing Grant,"REU Site: The Plasticity of Cells, Organisms, and Communities",California State University San Marcos Corporation
2211818,2022-03-11,49590,Standard Grant,Conference: National Postdoctoral Association Pre-Conference Session to Promote IMPACT Fellowship Success,National Postdoctoral Association
2150326,2022-03-14,347015,Standard Grant,IQ-Bio-REU: Interdisciplinary and Quantitative Biology Research Experience for Undergraduates,University of Puerto Rico-Rio Piedras
2150028,2022-03-15,420873,Standard Grant,"REU Site: Re-IMAGiNE Life, Exploring Function through Adaptation",University of Alabama Tuscaloosa
2150368,2022-03-15,402971,Continuing Grant,REU Site: Purdue Undergraduate Research Experiences for Plant Biology and Data Science (PURE-PD),Purdue University
2133561,2022-03-20,482583,Standard Grant,Collaborative Research: Advancing the Extended Specimen Network: Curating and Digitizing the Sherwin Carlquist Collection,Rancho Santa Ana Botanic Garden
2133562,2022-03-20,509792,Standard Grant,Collaborative Research: Advancing the Extended Specimen Network: Curating and Digitizing the Sherwin Carlquist Collection,Botanical Research Institute of Texas
2202639,2022-03-20,199883,Standard Grant,RCN: LEAPS Realizing Inclusion in Societies for Environmental Biology (RISE),Ecological Society of America
2217492,2022-03-20,200000,Standard Grant,Planning for National Ultrahigh Field Nuclear Magnetic Resonance (NMR) Network,University of Delaware
2050268,2022-03-22,588584,Continuing Grant,"CSBR: Living Stocks: Database upgrade, digitization, and increasing accessibility of the Atlanta Botanical Garden Plant Collections",Atlanta Botanical Garden
2149888,2022-03-22,393283,Standard Grant,REU Site: Plant Biology and Conservation Research Experiences for Undergraduates -- From Genes to Ecosystems,Chicago Horticultural Society
2223470,2022-03-22,74960,Standard Grant,RCN-UBE Incubator:  Transforming Assessment and Feedback in Undergraduate Biology Education,Simmons University
2150005,2022-03-25,445569,Continuing Grant,"REU: Training Globally Engaged Undergraduates in Food Security Research in Kenya:  A Focus on Tropical Food Crops, as the Key to Feeding the World",Bowie State University
2124633,2022-03-28,482350,Continuing Grant,U.S. Culture Collection Network 2.0:  The Next Generation Research Coordination Network for Ex Situ Microbial Germplasm Collections.,"INTERNATIONAL ALLIANCE FOR PHYTOBIOMES RESEARCH, INC."
2148761,2022-03-30,403635,Standard Grant,REU Site: Sensorimotor Neural Engineering,University of Washington
2150265,2022-04-01,404009,Standard Grant,REU Site: Research Opportunities in Systems Biology,Institute for Systems Biology
2150269,2022-04-01,420294,Standard Grant,REU Site: Synthetic Biology at Northwestern: From Molecules to Society (SynBREU2.0),Northwestern University at Chicago
2137554,2022-04-18,936605,Standard Grant,Collaborative Research: BEE: Ecological and coevolutionary feedbacks in multi-mutualist communities,Syracuse University
2137555,2022-04-18,699688,Standard Grant,Collaborative Research: BEE: Ecological and coevolutionary feedbacks in multi-mutualist communities,University of Massachusetts Boston
2149257,2022-05-02,1658661,Standard Grant,Sustaining MorphoSource 3D data Repository: Supporting a transformation in research and education practices relying on biodiversity and natural history collections,Duke University
2151296,2022-05-02,495611,Standard Grant,Modernization of the Oregon State Arthropod Collection,Oregon State University
2149705,2022-05-03,530737,Continuing Grant,"REU Site: Physiology, Ecology, and Development in Changing Oceans (PEDCO)",University of Washington
2208912,2022-05-10,138000,Fellowship Award,"Postdoctoral Fellowship FY22: Cis-regulatory basis of developmental plasticity and growth in the development and evolution of beetle horns, a class of highly diversified weapons","Davidson, Phillip Luke"
2209298,2022-05-10,138000,Fellowship Award,NSF Postdoctoral Fellowship in Biology FY 2022: Defining the biochemical mechanisms of microtubule shrinking and nucleation by combining innovative experiments and simulations,"Ammerman, Lauren"
2208925,2022-05-12,138000,Fellowship Award,NSF Postdoctoral Fellowship in Biology: Fitness effects of a chromosomal rearrangement in the Pacific pocket mouse (Perognathus longimembris pacificus),"Funk, Erik R"
2209393,2022-05-12,207000,Fellowship Award,NSF Postdoctoral Fellowship in Biology: Hybridization and the dynamics of morphological and genetic differentiation during evolutionary radiation,"Lichter Marck, Isaac H"
2208903,2022-05-13,138000,Fellowship Award,NSF Postdoctoral Fellowship in Biology: Molecular Mechanisms of Immune Programming In Utero,"Barrozo, Enrico Rey"
2208825,2022-05-16,138000,Fellowship Award,NSF Postdoctoral Fellowship in Biology: Effects of Temporal Variation on Genomic Architecture and Phenotype in a Classic Hybrid Zone,"Firneno, Thomas J"
2208845,2022-05-16,138000,Fellowship Award,NSF Postdoctoral Fellowship in Biology: The Origin and Evolution of Nectaries in Non-Flowering Plants,"Suissa, Jacob S"
2208901,2022-05-16,138000,Fellowship Award,NSF Postdoctoral Fellowship in Biology: Statistical Mechanics Reveals the Long-Term and Multi-Scale Consequences of Perturbations to Ecological and Evolutionary Dynamics,"Diaz, Renata Montserrat"
2208949,2022-05-16,138000,Fellowship Award,NSF Postdoctoral Fellowship in Biology: Linking Diversity and Environmental Change to the Productivity of Alpine Snow Algal Communities,"Weigel, Brooke L"
2208962,2022-05-16,138000,Fellowship Award,NSF Postdoctoral Fellowship in Biology: From Genes to Ecosystems: The Genetic Underpinnings and Evolutionary and Ecological Consequences of Alternative Reproductive Tactics,"Gamble, Madilyn Marisa"
2209217,2022-05-16,138000,Fellowship Award,NSF Postdoctoral Fellowship in Biology: Symbiosis as a Means of Survival for Biological Soil Crust Microbes,"Carr, Erin Claire"
2209219,2022-05-16,138000,Fellowship Award,NSF Postdoctoral Fellowship in Biology: How short-term plastic responses produce long-term evolutionary change,"St John, Michelle E"
2209232,2022-05-16,138000,Fellowship Award,"NSF Postdoctoral Fellowship in Biology: The Evolution of an Avian Color Palette: The Roles of Genes, Environment, and Life History Underlying Egg and Feather Color in Weaver Birds","Childers, Jackie Lynn"
2209379,2022-05-16,138000,Fellowship Award,NSF Postdoctoral Fellowship in Biology: Crop yield enhancement strategies,"Alcalde, Reinaldo Enrique"
2208881,2022-05-20,138000,Fellowship Award,NSF Postdoctoral Fellowship in Biology: Climate adaptation in the willow flycatcher,"Turbek, Sheela"
2208971,2022-05-20,138000,Fellowship Award,NSF Postdoctoral Fellowship in Biology: Molecular Evolution of Bacterial Iron Piracy in Amoeba Hosts,"Culbertson, Edward McLouth"
2209111,2022-05-20,138000,Fellowship Award,NSF Postdoctoral Fellowship in Biology: The Effects of Microbiome Ecological and Evolutionary Origin on Plant-Microbiome (Co)Evolution,"Batarseh, Tiffany N"
2209278,2022-05-20,138000,Fellowship Award,NSF Postdoctoral Fellowship in Biology: Genomic and Behavioral Insights into the Role of Mate Choice in the Origins and Maintenance of Biodiversity,"Kelly, Patrick"
2208837,2022-05-23,138000,Fellowship Award,NSF Postdoctoral Fellowship in Biology: Pleiotropic Role and Fitness Consequences of Single Genes in Mexican Cavefish (Astyanax mexicanus),"Drown, Melissa"
2208895,2022-05-23,207000,Fellowship Award,NSF Postdoctoral Fellowship in Biology: Evolution of Increased Parasite Transmission Dispersion,"MacDonald, Hannelore A"
2208965,2022-05-23,138000,Fellowship Award,NSF Postdoctoral Fellowship in Biology FY 2021: Functional responses of bird olfactory receptors,"Driver, Robert"
2209317,2022-05-23,138000,Fellowship Award,NSF Postdoctoral Fellowship in Biology: Investigating the Genetic and Evolutionary Dynamics Producing Patterns of Trade-off Conditionality,"Visher, Elisa"
2209402,2022-05-23,138000,Fellowship Award,NSF Postdoctoral Fellowship in Biology: Linking Mammalian Omnivore Ecological Traits to Biogeography and Morphology,"Reuter, Dana Marie"
2208795,2022-05-24,138000,Fellowship Award,NSF Postdoctoral Fellowship in Biology FY 2021: Regulation and response to environmental metals in thermophiles,"Barrows, John K"
2208809,2022-05-24,207000,Fellowship Award,NSF Postdoctoral Fellowship in Biology: The Microbiome as a Facilitator of Adaptive Plasticity under Rapid Environmental Change,"Fontaine, Samantha S"
2208932,2022-05-24,138000,Fellowship Award,"NSF Postdoctoral Fellowship in Biology FY 2021: The genetics, physiology and evolution of diapause","van der Burg, Karin R"
2208939,2022-05-24,138000,Fellowship Award,NSF Postdoctoral Fellowship in Biology FY 2022: Understanding microbiome impact on plant performance in a warming climate.,"McMillan, Hannah Mary"
2208959,2022-05-24,138000,Fellowship Award,NSF Postdoctoral Fellowship in Biology: Integrating Phenotypic and Genomic Data across Multiple Hybrid Zones to Understand the Evolution of Reproductive Isolation in Snakes,"Bernstein, Justin Matthew"
2208982,2022-05-24,138000,Fellowship Award,NSF Postdoctoral Fellowship in Biology: How Overwintering Life-Stage Affects Vulnerability to Winter Warming in Butterflies,"Roberts, Kevin T"
2208988,2022-05-24,138000,Fellowship Award,NSF Postdoctoral Fellowship in Biology FY 2021: Molecular dynamics of assembly of the cnidarian stinging cell organelle,"Klompen, Anna ML"
2209203,2022-05-24,138000,Fellowship Award,PRFB FY 2021: Characterizing the symbiosome membrane in two divergent cnidarian lineages to investigate the cellular mechanisms and evolution of coral-algal symbiosis,"Maruyama, Shumpei"
2209230,2022-05-24,138000,Fellowship Award,NSF Postdoctoral Fellowship in Biology: The Roles of Gene Flow and Local Adaptation in Driving Fitness in a Genetically Depauperate Fish,"Sparks, Morgan"
2209018,2022-05-25,138000,Fellowship Award,PRFB FY 2021: Disentangling a Genetic Paradox: Leveraging European Green Crabs to Examine Genomic and Plastic Contributions to Thermal Tolerance,"Venkataraman, Yaamini Ranjani"
2209019,2022-05-25,138000,Fellowship Award,NSF Postdoctoral Fellowship in Biology: The Eco-Evolutionary Tradeoffs of Aggregative Multicellularity,Stoy                    Kayla
2209090,2022-05-25,138000,Fellowship Award,NSF Postdoctoral Fellowship in Biology: Uncovering the Genomic and Developmental Basis of Gliding Structure Evolution in Gecko Lizards,"Griffing, Aaron H"
2209096,2022-05-25,138000,Fellowship Award,NSF Postdoctoral Fellowship in Biology: Microbial Interactions across Trophic Scales and their Contributions to Host Phenotype in a Carnivore Model,"Bornbusch, Sarah Lyons"
2208904,2022-06-01,138000,Fellowship Award,NSF Postdoctoral Fellowship in Biology: Form and Function of a water specialist orb weaver: From Molecules to Biomechanics,"Alicea-Serrano, Angela M"
2209014,2022-06-01,138000,Fellowship Award,NSF Postdoctoral Fellowship in Biology: Studying the role of sphingolipids in membrane trafficking and plasma membrane dynamics in plants,"Gonzalez Solis, Ariadna"
2209023,2022-06-01,138000,Fellowship Award,NSF Postdoctoral Fellowship in Biology: Ordered Evolution and Muscle-Specific Specializations of Constriction Behaviors in Snakes,"Capano, John"
2209064,2022-06-01,138000,Fellowship Award,NSF Postdoctoral Fellowship in Biology: Importance of monsoon rains for songbird migration and stopover refueling in the American desert southwest,"Griego, Michael"
2209112,2022-06-01,138000,Fellowship Award,NSF Postdoctoral Fellowship in Biology: Investigating the spatiotemporal coordination of cell and chloroplast division,"Clark-Cotton, Manuella R"
2209074,2022-06-02,207000,Fellowship Award,NSF Postdoctoral Fellowship in Biology,"Love, Cara N"
2208800,2022-06-03,138000,Fellowship Award,NSF Postdoctoral Fellowship in Biology: Using eDNA metabarcoding to measure the impact of anthropogenic activities and predator reintroduction on parasite-based ecological networks,"Childress, Jasmine N"
2208916,2022-06-03,138000,Fellowship Award,NSF Postdoctoral Fellowship in Biology: From helical fibers to vortical flow: unravelling the contributions of muscle geometry and physiology to swimming performance,"Jimenez, Yordano Eleazar"
2208957,2022-06-03,138000,Fellowship Award,NSF PRFB FY22: Gut instinct: environmental and reproductive influences on microbiome contributions to neuroinflammation,"Massa, Megan G"
2209030,2022-06-03,138000,Fellowship Award,NSF Postdoctoral Fellowship in Biology FY 2022: The endocrine and neurogenomic regulation of male parental care strategies,"Lane, Samuel Joseph"
2209046,2022-06-03,138000,Fellowship Award,NSF Postdoctoral Fellowship in Biology FY 2022: Gene-Brain-Behavior Phenotypes of Dog Aggression,"Espinosa, Julia H"
2209192,2022-06-03,207000,Fellowship Award,NSF Postdoctoral Fellowship in Biology FY 2022: The genetic and molecular rules of trait expression,"Falk, Jay J"
2209270,2022-06-03,138000,Fellowship Award,NSF PRFB 2022: A Bayesian framework for hierarchy: Do past experiences shape self-assessment of fighting ability?,"Perkes, Ammon"
2209313,2022-06-03,138000,Fellowship Award,NSF Postdoctoral Fellowship in Biology,"Verster, Kirsten Isabel"
2209320,2022-06-03,138000,Fellowship Award,NSF Postdoctoral Fellowship in Biology: Evaluate how the spatial distribution of discrete genetic patterns influences ancestry estimation in spatial and nonspatial methods,"Jones, Leonard N"
2208937,2022-06-07,138000,Fellowship Award,NSF Postdoctoral Fellowship in Biology: Evolutionary genomics of rapid adaptation in wild threespine stickleback (Gasterosteus aculeatus),"Tapanes, Elizabeth"
2208993,2022-06-07,138000,Fellowship Award,NSF Postdoctoral Fellowship in Biology: An ecophysiological examination of the role of parasite interactions in mediating emerging fungal disease in snakes,"Pereira, Kenzie Elizabeth"
2209024,2022-06-07,207000,Fellowship Award,"NSF Postdoctoral Fellowship in Biology FY 2022: Mechanisms of phenotypic novelty: biomechanical, sensory, and genetic drivers of ongoing rapid evolution in cricket song","Dinh, Jason P"
2209216,2022-06-07,138000,Fellowship Award,NSF Postdoctoral Fellowship in Biology: Statistical Physics as a Lens to Illuminate the Evolution of the Genetic Code and Aging,Suvlu                   Dylan          J
2209387,2022-06-07,138000,Fellowship Award,NSF Postdoctoral Fellowship in Biology: Delineating ecological and evolutionary controls on animal gut microbiomes,"Degregori, Samuel"
2209388,2022-06-07,138000,Fellowship Award,NSF Postdoctoral Fellowship in Biology FY 2022: Defining a New Paradigm Linking Genetic Variation in Human Population with mRNA Stability,"Bakker, Rachael A"
2209011,2022-06-08,138000,Fellowship Award,NSF Postdoctoral Fellowship in Biology: Evolution of Drosophila wing spot: mechanisms of phenotypic divergence,"Bayala, Erick Xavier"
2209166,2022-06-08,207000,Fellowship Award,NSF Postdoctoral Fellowship in Biology FY22: The Role of Migratory Behavior in Population Divergence and Speciation,"Calabrese, Gina"
2209220,2022-06-08,138000,Fellowship Award,NSF Postdoctoral Fellowship in Biology FY22: Breaking the Symmetry: Dorsal-Ventral Domain Establishment in the Floral Meristem in Mimulus,"Min, Ya"
2209404,2022-06-08,138000,Fellowship Award,NSF Postdoctoral Fellowship in Biology FY 2022: Functional morphology and performance of filter feeding giants,"Kahane-Rapport, Shirel R"
2229342,2022-06-10,399159,Standard Grant,REU Site: SURFing the Interface between Chemistry and Biology,University of Florida
2150537,2022-06-11,441471,Continuing Grant,REU Site: Scripps Structure and Function Summer Institute (SFSI),The Scripps Research Institute
2208924,2022-06-13,207000,Fellowship Award,NSF Postdoctoral Fellowship in Biology: Genomic-Phenomic Convergence of Andean and Himalayan Elevational Migrant Birds,"Williamson, Jessie L"
2208950,2022-06-13,207000,Fellowship Award,NSF Postdoctoral Fellowship in Biology FY22: Investigating evolutionary mechanisms that maintain genomic divergence and facilitate local adaptation in gray wolves,"Hennelly, Lauren Mae"
2208955,2022-06-13,138000,Fellowship Award,Postdoctoral Research Fellowship in Biology: Predicting Extinction Risk across Tree Pangolin Populations,Tinsman                 Jen            C
2208984,2022-06-13,138000,Fellowship Award,NSF PRFB FY22: Disentangling early stages of diversification: The roles of biotic and abiotic environment and evolutionary history on floral phenotypes in species complexes,"Wenzell, Katherine E"
2209070,2022-06-13,207000,Fellowship Award,NSF Postdoctoral Fellowship in Biology: Are the Consequences of Wildlife Extirpation in Tropical Forests Reshaping the Drivers of Plant Mortality?,"Lamperty, Justine Therese"
2208922,2022-06-21,207000,Fellowship Award,NSF Postdoctoral Fellowship in Biology: Drivers of variability in metal and salt content across plant species,"Santiago-Rosario, Luis Y"
2209109,2022-06-21,138000,Fellowship Award,NSF Postdoctoral Fellowship in Biology: Characterizing the genetic mechanisms of bacteria-phage coevolution in Listeria and Salmonella,"Lewis, Jordan A"
2209115,2022-06-21,207000,Fellowship Award,NSF Postdoctoral Fellowship in Biology: Understanding cetacean morbillivirus transmission in the Pacific basin,"Landrau Giovannetti, Nelmarie"
2153040,2022-06-23,19999990,Cooperative Agreement,Full Proposal: Environmental Data Science Innovation and Impact Lab (ESIIL): Accelerating Discovery by Fostering an Open and Diverse Earth Data Revolution,University of Colorado at Boulder
2208822,2022-06-23,138000,Fellowship Award,NSF Postdoctoral Fellowship in Biology: Rewriting the Code: Elucidating how early life adversity alters DNA to affect amygdala-related behavior,"Cuarenta, Amelia"
2209043,2022-06-23,138000,Fellowship Award,NSF Postdoctoral Fellowship in Biology: Biogeography and community assembly of North American Carboniferous ecosystems,"Otoo, Benjamin K"
2209329,2022-06-23,138000,Fellowship Award,NSF Postdoctoral Fellowship in Biology: How will climate change influence how endophytes decompose plant litter?,"Apigo, Austen"
2209352,2022-06-23,138000,Fellowship Award,NSF Postdoctoral Fellowship in Biology: How do dominant species mediate elevational range shifts for subordinate species?,"Duchicela, Sisimac A"
2209353,2022-06-23,138000,Fellowship Award,NSF Postdoctoral Fellowship in Biology: Association of leaf traits with climate variables in California and Hawaii,"Henry, Christian"
2209354,2022-06-23,138000,Fellowship Award,Postdoctoral Research Fellowship in Biology: Effects of Rapid Evolution on Alternative Community States at Multiple Spatial Scales,Nell                    Lucas
2209399,2022-06-23,138000,Fellowship Award,"NSF Postdoctoral Fellowship in Biology: Desert Adaptations of Asiloid Flies: Genomics, Heat Shock Proteins, and Climate Change","Cabrero, Allan"
2208894,2022-06-24,138000,Fellowship Award,Postdoctoral Research Fellowship in Biology: Spatiotemporal Dynamics of Biodiversity–Disease Relationships,"Gilbert, Neil"
2209218,2022-06-24,138000,Fellowship Award,"Postdoctoral Research Fellowship in Biology: Development, Evolution, and Genetic Mechanisms of Regionalization within the Axial Column: Aves (Birds) as a Model System","Musser, Grace"
2216654,2022-06-25,2999169,Standard Grant,"RaMP: On-Ramp to the Molecular Machine Shop: Postbaccalaureate Training in Biochemistry, Biophysics, and Biodesign",CUNY City College
2208914,2022-06-27,138000,Fellowship Award,NSF PRFB FY 2022: Identifying a Novel Green Fluorescent Small Molecule in a Heterotrophic Dinoflagellate,"Sprecher, Brittany"
2208928,2022-06-27,207000,Fellowship Award,"NSF Postdoctoral Fellowship in Biology FY 2022: C.R.I.C.K.E.T.S. – Circadian Rhythms In Crickets: linKing Evolution, Timing, and Selection","Westwood, Mary Lynn"
2208953,2022-06-27,138000,Fellowship Award,NSF Postdoctoral Fellowship in Biology FY 2022: Examining molecular mechanisms of migratory behavior,"Phillips, Katrina"
2209293,2022-06-27,138000,Fellowship Award,NSF Postdoctoral Fellowship in Biology FY 2022: Evolution of Innate Predator Avoidance Behavior in Flies,"Legan, Andrew Wesley"
2209373,2022-06-27,138000,Fellowship Award,NSF Postdoctoral Fellowship in Biology: How have Gene-environment Interactions Shaped the Repeated Evolution of Differentiated Multicellularity?,"Davison, Dinah R"
2209408,2022-06-27,207000,Fellowship Award,Postdoctoral Research Fellowship in Biology: The Coevolution of Climate Change Responses in Grasses,"Brightly, William H"
2209411,2022-06-27,138000,Fellowship Award,NSF Postdoctoral Fellowship in Biology FY 2022: The Mechanical Engineering of Dendritic Cell Migration,"Ha, Byunghang"
2231701,2022-06-27,499879,Standard Grant,RCN-UBE: Statistical Thinking in Undergraduate Biology (STUB) Network: A network for coordinating the teaching and assessment of statistical thinking in introductory biology,California Polytechnic State University Foundation
2140147,2022-06-28,899593,Continuing Grant,"Improvements to the Royal D. Suttkus Fish Collection, including updates to its database management system",Tulane University
2150060,2022-06-29,416116,Continuing Grant,REU Site: Molecular Basis of Cellular Phenotypes (MBCP) at The Wistar Institute,Wistar Institute
2147677,2022-07-06,445585,Standard Grant,Facility improvements to establish capacity for coral reef resilience research assessing genetic adaptation and physiological acclimatization,Central Caribbean Marine Institute
2203268,2022-07-06,199102,Standard Grant,"RAPID: Securing the LUMCON natural history collection, a vital Gulf Coast resource",Louisiana Universities Marine Consortium
2150396,2022-07-07,398407,Continuing Grant,REU Site: A Summer Research Experience in Structural and Computational Biology and Biophysics,Purdue University
2217333,2022-07-07,493733,Standard Grant,RCN UBE: Connectomes for Undergraduate Education and Learning (CUNEL),Appalachian State University
2231510,2022-07-13,422560,Standard Grant,Supporting Professional Development of Undergraduate Researchers,Rocky Mountain Biological Laboratory
2210979,2022-07-14,827019,Standard Grant,Collaborative Research: BirdFlow: Learning Bird Population Flows from Citizen Science Data,University of Massachusetts Amherst
2210980,2022-07-14,674644,Standard Grant,Collaborative Research: BirdFlow: Learning Bird Population Flows from Citizen Science Data,Cornell University
2217147,2022-07-14,482409,Standard Grant,RCN-UBE: Advancing CURE Teaching Assistant Professional Development via the CURE TAPESTRy Network,University of Texas at El Paso
2216595,2022-07-15,497922,Standard Grant,BRC-BIO:  Morphological underpinnings of reproduction,Texas A&M University Corpus Christi
2216837,2022-07-15,445419,Standard Grant,BRC-BIO:Glial regulation of neural homeostasis during environmental stress in D. melanogaster,College of the Holy Cross
2217793,2022-07-15,500611,Standard Grant,BRC-BIO: Using analysis of historical and contemporary samples to elucidate mechanisms of altitudinal range expansion by plants,University Enterprises Corporation at CSUSB
2217901,2022-07-15,452947,Standard Grant,BRC-BIO: Familiarity with friends: Transgenerational effects as a mechanism for partner choice in the legume-rhizobia mutualism,Clark University
2224885,2022-07-15,901639,Continuing Grant,Capacity: Biological Collections: Enhancement of the Caenorhabditis Natural Diversity Resource,Northwestern University
2138585,2022-07-18,800000,Continuing Grant,A k-mer-based search engine for sequencing databases,Pennsylvania State Univ University Park
2214060,2022-07-18,501088,Standard Grant,BRC-BIO: Adaptive variation through space and time in American pikas (Ochotona princeps),San Jose State University Foundation
2217757,2022-07-18,445676,Standard Grant,"BRC-BIO: Investigation of the role of the plant hormone, abscisic acid, in stomatal formation using a novel drought-tolerant mutant",Rutgers University Camden
2226183,2022-07-18,782337,Continuing Grant,AI-powered multi-scale modeling of microbiome-host interactions,CUNY Hunter College
2216011,2022-07-19,2991747,Standard Grant,RaMP: Post-Baccalaureate Training Program in Biomolecular Structure Prediction and Design,Johns Hopkins University
2216550,2022-07-19,2999844,Standard Grant,RaMP: Training towards an Inclusive and Diverse Workforce in Microbiome Sciences,University of California-Berkeley
2216648,2022-07-19,2719700,Standard Grant,RaMP: Oklahoma Network addressing human impacts across biological processes (ON-RaMP),Oklahoma State University
2217898,2022-07-19,502817,Standard Grant,BRC-BIO: Understanding tree phloem functioning during drought,Smith College
2149505,2022-07-20,999570,Continuing Grant,Collaborative Research: Updating iVirus - the CyVerse-powered analytical toolkit for viruses of microbes,"OHIO STATE UNIVERSITY, THE"
2149506,2022-07-20,330706,Continuing Grant,Collaborative Research: Updating iVirus - the CyVerse-powered analytical toolkit for viruses of microbes,Colorado State University
2210800,2022-07-20,540601,Standard Grant,Research Infrastructure: Increasing scientific capacity and educational and outreach impact of the  Cornell University Insect Collection,Cornell University
2217431,2022-07-20,503000,Standard Grant,BRC-BIO Interactive effects of warming and drought on physiological and growth responses of boreal and temperate tree seedlings: A PUI Research Initiative,Rider University
2217515,2022-07-20,704556,Standard Grant,Developing Random Field based novel approaches for spatial transcriptomics,The University of Texas Health Science Center at Houston
2217874,2022-07-21,501592,Standard Grant,BRC-BIO: Using the genus Aquilegia to develop a multidisciplinary approach to study the evolution and ecology of nectar variation,"University Enterprises, Incorporated"
2217912,2022-07-21,502161,Standard Grant,BRC-BIO: An integrative approach to examine the impacts of evolutionary novelty on generalist species,Appalachian State University
2218191,2022-07-21,471862,Standard Grant,BRC-BIO: Phenotypic convergence and trait loss in high-elevation Andean frogs,California State University Channel Islands
2152585,2022-07-22,250856,Standard Grant,Accessioning and curating the BING peatmoss (Sphagnum) collection into DUKE,Duke University
2204516,2022-07-22,224784,Standard Grant,Curation and Securing of the SUNY Oswego Herbarium,SUNY College at Oswego
2208910,2022-07-22,138000,Fellowship Award,NSF Postdoctoral Fellowship in Biology FY 2022: Quantifying the microbiome's contribution to host acclimation and evolution under stress,"Bolin, Lana Gayle"
2208923,2022-07-22,138000,Fellowship Award,NSF Postdoctoral Fellowship in Biology FY 2022: Innate immunity could buffer extinction risk in genetically compromised populations,"Barela Hudgell, Megan A"
2208973,2022-07-22,138000,Fellowship Award,NSF Postdoctoral Fellowship in Biology FY 2022: Male/female reversal and the ecological implications of plasticity in development,"McDonough-Goldstein, Caitlin Elizabeth"
2208999,2022-07-22,138000,Fellowship Award,NSF Postdoctoral Fellowship in Biology FY 2022: Rules and Strategies of Plant Microbiomes Under Global Change,"Favela, Alonso"
2209002,2022-07-22,138000,Fellowship Award,NSF Postdoctoral Fellowship in Biology FY 2022: Determining functional correlates to the emergence and maintenance of antibiotic resistance genes in host-associated microbiomes,"Reiter, Taylor E"
2209144,2022-07-22,138000,Fellowship Award,NSF Postdoctoral Fellowship in Biology FY 2022: Disentangling the diversity of synovial joint form and function,"Manafzadeh, Armita Razieh"
2209150,2022-07-22,138000,Fellowship Award,"NSF PRFB FY 2022: Uncovering the Influence of Hormone Signaling in Reptile Reproductive Development: Using CRISPR to Link Genotype, Phenotype, and Fitness","Kircher, Bonnie Katherine"
2209151,2022-07-22,138000,Fellowship Award,NSF Postdoctoral Fellowship in Biology FY 2022: The role of genomic preadaptation and physiological state in modulating bacterial invasion success,"Mehlferber, Elijah C"
2209205,2022-07-22,138000,Fellowship Award,"NSF Postdoctoral Fellowship in Biology: A New Paradigm for Symbiosis, Immunity Tradeoffs in a Coral Model System, Astrangia poculata","Borbee, Erin M"
2209241,2022-07-22,138000,Fellowship Award,NSF Postdoctoral Fellowship in Biology: Linking Genotype-Phenotype and Environment of Human Head Lice to Understand the Drivers of Population Level Variation,"Wijewardena, Niyomi"
2209377,2022-07-22,207000,Fellowship Award,"NSF Postdoctoral Fellowship in Biology: Viral-microbial Founder Effects, Horizontal Gene Transfer, and Adaptation on Successional Coral Reefs","Little, Mark Jeffrey"
2210415,2022-07-22,695316,Continuing Grant,Research Infrastructure: Moving and Improving the Florida Museum of Natural History Fish Collection,University of Florida
2218256,2022-07-22,382905,Standard Grant,Genomics at the Shoreline,University of Washington
2211631,2022-07-25,1112716,Standard Grant,Sustaining: A Bridge to Sustainability for the CIPRES Science Gateway,University of California-San Diego
2217429,2022-07-25,369303,Standard Grant,BRC-BIO: Toxicity in the city: the cumulative effects of heavy metals on the behavior and physiology of urban-adapted birds,Kennesaw State University Research and Service Foundation
2217538,2022-07-25,500902,Standard Grant,BRC-BIO: Polyamine regulated morphogenesis in Candida albicans,Texas A&M International University
2217717,2022-07-25,502001,Standard Grant,BRC-BIO: Evolutionary Genomics of Atadenoviruses,Rutgers University Camden
2217826,2022-07-25,476342,Standard Grant,BRC-BIO: Success in the Anthropocene: Evolutionary Ecology of the Common Wall Lizard in Ohio,Ohio Wesleyan University
2217920,2022-07-25,497632,Standard Grant,BRC-BIO: Powering Dynamic Social Networks,Southeastern Louisiana University
2218190,2022-07-25,491207,Standard Grant,BRC-BIO - Expanding the ‘community’ in Community Genetics: Infracommunity genomics of duck symbionts to determine the eco-evolutionary factors underpinning holobiont evolution.,SUNY College at Purchase
2208814,2022-07-26,374934,Standard Grant,Expanding Access and Storage for the Borderland Biological Collections at the University of Texas at El Paso,University of Texas at El Paso
2217769,2022-07-26,502071,Standard Grant,BRC-BIO: Defining metabolic complementation within the sea anemone microbiome,University of California - Merced
2217891,2022-07-26,501356,Standard Grant,BRC-BIO: The transcriptomics of environmentally-controlled differentiation into male or female in plants,Hope College
2218079,2022-07-26,502187,Standard Grant,BRC-BIO: Discovery and characterization of novel viral pathogens of Caenorhabditis elegans,West Chester University of Pennsylvania
2216461,2022-07-27,2992828,Standard Grant,RaMP - Understanding and Preserving Tropical BioDiversity on a Changing Planet,University of Colorado at Boulder
2216814,2022-07-27,499676,Standard Grant,RCN-UBE: San Francisco Bay Research Coordination Network for Student Opportunities in Avian Research to enhance STEM education and assess human impacts on avian biodiversity,Stanford University
2216704,2022-07-28,2998230,Standard Grant,RaMP: Advancing Indigenous perspectives to address climate vulnerability in the Southwest: research training for and by diverse communities,Northern Arizona University
2217100,2022-07-28,2999886,Standard Grant,RaMP: Collaborative: From genome assembly to genomic novelty to phenotype: an integrated training framework,University of Connecticut
2217840,2022-07-28,470754,Standard Grant,BRC-BIO: Alpine Hotspots: Nutrient patches facilitate upslope expansion of tropical alpine communities undergoing rapid climate change,James Madison University
2221747,2022-07-28,1007779,Standard Grant,Research Infrastructure: Sustaining the ABRC: Arabidopsis genomic and genetic seed and DNA stocks,"OHIO STATE UNIVERSITY, THE"
2212613,2022-07-29,522025,Continuing Grant,ICBR: Capacity: Biological Collections: Provasoli-Guillard National Center for Marine Algae and Microbiota (NCMA),Bigelow Laboratory for Ocean Sciences
2233205,2022-07-29,100000,Standard Grant,RCN-UBE Summit: A New Landscape for Undergraduate Biology Education,Colorado State University
2223508,2022-07-31,690623,Continuing Grant,"Collaborative Research: Phenobase: Community, infrastructure, and data for global-scale analyses of plant phenology",Louisiana State University
2223509,2022-07-31,118577,Continuing Grant,"Collaborative Research: Phenobase: Community, infrastructure, and data for global-scale analyses of plant phenology",University of Arizona
2223510,2022-07-31,188299,Continuing Grant,"Collaborative Research: Phenobase: Community, infrastructure, and data for global-scale analyses of plant phenology",Chicago Horticultural Society
2223511,2022-07-31,190403,Continuing Grant,"Collaborative Research: Phenobase: Community, infrastructure, and data for global-scale analyses of plant phenology",California Academy of Sciences
2223512,2022-07-31,292819,Continuing Grant,"Collaborative Research: Phenobase: Community, infrastructure, and data for global-scale analyses of plant phenology",University of Florida
2154089,2022-08-01,701728,Standard Grant,Computational framework for identifiable and phase-consistent allele-specific expression quantification,Carnegie Mellon University
2213824,2022-08-01,12500000,Cooperative Agreement,BII: IISAGE - Discovering the mechanisms and evolution of aging differences between females and males,University of Alabama at Birmingham
2213854,2022-08-01,12456537,Cooperative Agreement,BII: Predicting the global host-virus network from molecular foundations,Georgetown University
2216826,2022-08-01,75000,Standard Grant,Community of Neighboring and National Entrepreneurial Centers and Trainees (CONNECT) Network,St. Catherine University
2217253,2022-08-01,498975,Standard Grant,RCN-UBE: Research Experiences in Southern California for Undergraduate Ecologists network,Pomona College
2223103,2022-08-01,1449090,Standard Grant,Collaborative Research: The Environmental Data Initiative - long-term availability of research data,University of Wisconsin-Madison
2223104,2022-08-01,1497520,Standard Grant,Collaborative Research: The Environmental Data Initiative - long-term availability of research data,University of New Mexico
2225775,2022-08-01,788711,Standard Grant,A New Machine Learning Framework for Single-Cell Multi-Omics Bioinformatics,University of Pittsburgh
2208947,2022-08-02,138000,Fellowship Award,NSF Postdoctoral Fellowship in Biology FY 2022: Predicting Host-Parasite Eco-Evolutionary Dynamics Across a Climate Gradient,"Lyberger, Kelsey"
2209257,2022-08-02,138000,Fellowship Award,NSF Postdoctoral Fellowship in Biology: Identifying Olfactory Pathways that Establish Species Barriers in Cichlid Fish,"Parker, Coltan Gable"
2140245,2022-08-03,358793,Standard Grant,Dielectric characterization of biological nanoparticles using a dielectrophoretic slide,University of Louisville Research Foundation Inc
2140478,2022-08-03,424728,Standard Grant,Capacity: Biological Collections: Securing and Sharing  Biocultural Diversity Collections at The New York Botanical Garden,New York Botanical Garden
2210041,2022-08-03,1245633,Standard Grant,Instrumentation and methods development for millisecond time-resolved studies of protein dynamics using quenching crystallography,Cornell University
2214038,2022-08-03,12500000,Cooperative Agreement,"BII: INSITE: Institute for Symbiotic Interactions, Teaching, and Education in the Face of a Changing Climate",University of California - Merced
2217870,2022-08-03,502043,Standard Grant,BRC-BIO: The effects of nanoparticle matter in air pollution on a sentinel species: House sparrows as the new Canary in the Coalmine,Hope College
2224128,2022-08-03,1146310,Continuing Grant,UKRI/BBSRC-NSF/BIO: Unifying Pfam protein sequence and ECOD structural classifications with structure models,University of Texas Southwestern Medical Center
2216650,2022-08-04,2980653,Standard Grant,RaMP: Understanding Plant Species Rarity: Causes and Consequences from Genes to Ecosystems,Atlanta Botanical Garden
2217370,2022-08-04,499312,Standard Grant,RCN-UBE: Alaska Undergraduate Research Experience: Partnering for Alaska Students by Growing Recruitment and Retention through Undergraduate Research,University of Alaska Anchorage Campus
2217812,2022-08-04,452989,Standard Grant,BRC-BIO: The evolutionary demography of a social mammal,California State University-Long Beach Foundation
2226930,2022-08-04,490564,Standard Grant,A nanoscale thermocouple on a micromachined cantilever for intracellular temperature measurements,Icahn School of Medicine at Mount Sinai
2217859,2022-08-05,502986,Standard Grant,BRC-BIO: Detection of Nicrophorus orbicollis indirect genetic effects critical for fitness,Austin Peay State University
2217908,2022-08-05,435554,Standard Grant,BRC-BIO: The evolution of cellular stress responses and host defenses to bacterial pathogens,Randolph-Macon College
2223875,2022-08-05,1043114,Continuing Grant,Collaborative Research: Digitization and Enrichment of U.S. Herbarium Data from Tropical Africa to Enable Urgent Quantitative Conservation Assessments,University of Kansas Center for Research Inc
2223876,2022-08-05,73280,Standard Grant,Collaborative Research: Digitization and Enrichment of U.S. Herbarium Data from Tropical Africa to Enable Urgent Quantitative Conservation Assessments,University of California-Berkeley
2223877,2022-08-05,95533,Standard Grant,Collaborative Research: Digitization and Enrichment of U.S. Herbarium Data from Tropical Africa to Enable Urgent Quantitative Conservation Assessments,Rancho Santa Ana Botanic Garden
2223878,2022-08-05,159490,Standard Grant,Collaborative Research: Digitization and Enrichment of U.S. Herbarium Data from Tropical Africa to Enable Urgent Quantitative Conservation Assessments,Arizona State University
2223879,2022-08-05,1266390,Standard Grant,Collaborative Research: Digitization and Enrichment of U.S. Herbarium Data from Tropical Africa to Enable Urgent Quantitative Conservation Assessments,Missouri Botanical Garden
2223880,2022-08-05,232968,Standard Grant,Collaborative Research: Digitization and Enrichment of U.S. Herbarium Data from Tropical Africa to Enable Urgent Quantitative Conservation Assessments,Harvard University
2223881,2022-08-05,265043,Standard Grant,Collaborative Research: Digitization and Enrichment of U.S. Herbarium Data from Tropical Africa to Enable Urgent Quantitative Conservation Assessments,New York Botanical Garden
2223957,2022-08-05,790267,Continuing Grant,"A light-sheet microscopy (LSM)-based, spatially-resolved 3D dynamic mechanical analysis (DMA) instrument for developmental biology and physiology",University of Connecticut
2234580,2022-08-05,19230,Standard Grant,Conference: Frontiers in artificial intelligence and machine learning for ecology: 17-20 October 2022,"Cary Institute of Ecosystem Studies, Inc."
2216631,2022-08-08,2999753,Standard Grant,RaMP: The Louisiana Graduate Network in Applied Evolution (LAGNiAppE) to strengthen regional connections and broaden the STEM workforce,Louisiana State University
2217343,2022-08-08,500000,Standard Grant,RCN-UBE: Deepening and Expanding the Mission and Outcomes of the Re-Envisioning Culture Network,University of Missouri-Columbia
2217924,2022-08-08,490662,Standard Grant,BRC-BIO: Elucidating how protein-nucleic acid interactions create site-specific integration of retrotransposable elements,SUNY College at Geneseo
2213983,2022-08-09,12500000,Cooperative Agreement,"BII: Life without water: protecting macromolecules, cells, and organisms during desiccation and rehydration across kingdoms of life",Carnegie Institution of Washington
2222206,2022-08-09,792082,Continuing Grant,Collaborative Research: Electromagnet-integrated optical microscope stage with biocompatible magnetogel for investigating mechanobiology in 2D and 3D,University of Southern California
2222207,2022-08-09,125000,Standard Grant,Collaborative Research: Electromagnet-integrated optical microscope stage with biocompatible magnetogel for investigating mechanobiology in 2D and 3D,Brown University
2217348,2022-08-10,499719,Standard Grant,RCN-UBE: Networking Next Gen Biologists with Community College Educators,Institute for Systems Biology
2217434,2022-08-10,480233,Standard Grant,BRC-BIO: Neuroendocrinology of flying squirrel social behavior,Salisbury University
2224702,2022-08-10,542081,Standard Grant,A Graphical Species Distribution Model of life history connectivity and multi-scale co-existence of marine species,University of Maryland Center for Environmental Sciences
2216605,2022-08-11,2896763,Standard Grant,RaMP: Exploration of Variation across Levels of Organization in a CHANGEable World: Fostering CHANGE through Research in a Community of Practice,North Dakota State University Fargo
2216584,2022-08-15,2516239,Standard Grant,RaMP: Research and Mentoring for Postbaccalaureates in Biological Sciences at the University of Puerto Rico (RaMP-UP),University of Puerto Rico-Rio Piedras
2215946,2022-08-16,573147,Standard Grant,MRI: Acquisition of a Zeiss LSM900 Confocal Microscope with Airyscan 2 to Accelerate Multidisciplinary Research and Training,CUNY Queens College
2217189,2022-08-16,74991,Standard Grant,RCN-UBE Incubator: Integrating Bio-inspired Innovation into Life Science Education Through Interdisciplinary Communities of Practice,University of Louisiana at Lafayette
2214573,2022-08-17,184267,Standard Grant,Research Infrastructure: MRI: Acquisition of a Biomolecular Imaging System for Research and Education,Ball State University
2214633,2022-08-17,730395,Standard Grant,"MRI: Acquisition of a laser scanning confocal microscope with enhanced resolution, sensitivity, and speed to serve as a regional resource for research and education",James Madison University
2214658,2022-08-17,538699,Standard Grant,MRI: Acquisition of a High-throughput/High Resolution Orbitrap Mass Spectrometer to Enable Multidisciplinary Research and Education in the South-East Wisconsin Area,University of Wisconsin-Milwaukee
2214788,2022-08-17,412470,Standard Grant,MRI: Acquisition of a Fluorescence Activated Cell Sorter to Establish a Flow Cytometry Core Facility at Loyola University Maryland,"Loyola University Maryland, Inc."
2215180,2022-08-17,769221,Standard Grant,MRI: Acquisition of a 600 MHz NMR Console and Cryoprobe to Support Research and Education at Boise State University,Boise State University
2215184,2022-08-17,258537,Standard Grant,"MRI: Acquisition of a µCT Scanner for Research, Digitization and Education at the NHMLA",Los Angeles County Museum of Natural History Foundation
2215270,2022-08-17,197808,Standard Grant,MRI: Acquisition of a low vacuum scanning electron microscope (SEM) with EDS detector and STEM capability to advance research and undergraduate research training,Lake Superior State University
2215705,2022-08-17,659979,Standard Grant,Research Infrastructure: MRI: Acquisition of a Big Data HPC Cluster for Interdisciplinary Research and Training,University of California-Riverside
2215833,2022-08-17,365567,Standard Grant,Research Infrastructure: MRI: Acquisition of BioLayer Interferometer Octet RH16 for Label-Free Detection of Biomolecular Interactions,University of Delaware
2216005,2022-08-17,262971,Standard Grant,MRI: Acquisition of a FACSMelody Flow Cytometer and Cell Sorter,Idaho State University
2216145,2022-08-17,265280,Standard Grant,MRI: Acquisition of Automated Isothermal Titration Calorimeter for Biophysical Research at Texas State University,Texas State University - San Marcos
2216269,2022-08-17,582025,Standard Grant,MRI: Acquisition of a laser-scanning confocal microscope for research and active learning,Chico State Enterprises
2216292,2022-08-17,548158,Standard Grant,MRI: Acquisition of a nanoIR3 for Polymers and Life Science Research,South Dakota School of Mines and Technology
2216488,2022-08-17,999988,Standard Grant,MRI: Acquisition of Hitachi HT7800 Electron Microscope,Montana Technological University
2217830,2022-08-17,497100,Standard Grant,BRC-BIO: MediCARGO- Decoding peptide perception during Medicago-Sinorhizobium symbiosis using CRISPR-cas9 As a Reverse Genetics tool,Tennessee State University
2213116,2022-08-18,174769,Standard Grant,MRI: Acquisition of a High Pressure Stopped-Flow Instrument for Studying Biological Systems under Extreme Conditions,Rensselaer Polytechnic Institute
2216359,2022-08-18,499553,Standard Grant,"MRI: Acquisition of a laser scanning confocal microscope for use in research and teaching in the Biology, Chemistry and Physics Departments at Grinnell College",Grinnell College
2216721,2022-08-18,2982873,Standard Grant,RaMP: Understanding Nature and Los Angeles Biodiversity (UNLAB) through Museum Collections and Field-based Research,Los Angeles County Museum of Natural History Foundation
2215877,2022-08-19,297890,Standard Grant,MRI: Acquisition of Gas fluxes and Analyzers to Strengthen Interdisciplinary Research and Education at Murray State University,Murray State University
2215258,2022-08-26,2203088,Standard Grant,MRI: Acquisition of the First 800 MHz NMR with Cryoprobe in the State of Mississippi for Biological and Chemical Research and Teaching,Mississippi State University
2233775,2022-08-31,322300,Standard Grant,Equipment: Helium Recovery Equipment: Securing Rhode Island and Southern New England NMR structural biology infrastructure,Brown University
2242927,2022-10-24,500000,Standard Grant,RCN-UBE: Deepening and Expanding the Mission and Outcomes of the Re-Envisioning Culture Network,University of Illinois at Chicago
2243601,2022-11-22,1080916,Continuing Grant,Funding for Core Activities of the Board on Life Sciences,National Academy of Sciences
2242716,2022-12-02,522056,Continuing Grant,"Collaborative Research: Curating, digitizing and disseminating results from an unparalleled collection of fossil vertebrates from the Late Cretaceous of Madagascar",Denver Museum of Nature and Science
2242717,2022-12-02,168890,Standard Grant,"Collaborative Research: Curating, digitizing and disseminating results from an unparalleled collection of fossil vertebrates from the Late Cretaceous of Madagascar",Ohio University
2216927,2022-12-22,300000,Standard Grant,"Collaborative Research: Digitization TCN: iDigBees Network, Towards Complete Digitization of US Bee Collections to Promote Ecological and Evolutionary Research in a Keystone Clade",BIODIVERSITY OUTREACH NETWORK
2216930,2022-12-22,33046,Standard Grant,"Collaborative Research: Digitization TCN: iDigBees Network, Towards Complete Digitization of US Bee Collections to Promote Ecological and Evolutionary Research in a Keystone Clade",Mississippi State University
2216932,2022-12-22,25009,Standard Grant,"Collaborative Research: Digitization TCN: iDigBees Network, Towards Complete Digitization of US Bee Collections to Promote Ecological and Evolutionary Research in a Keystone Clade",University of Wyoming
2216934,2022-12-22,47672,Standard Grant,"Collaborative Research: Digitization TCN: iDigBees Network, Towards Complete Digitization of US Bee Collections to Promote Ecological and Evolutionary Research in a Keystone Clade",Washington State University
2216936,2022-12-22,71725,Standard Grant,"Collaborative Research: Digitization TCN: iDigBees Network, Towards Complete Digitization of US Bee Collections to Promote Ecological and Evolutionary Research in a Keystone Clade",University of Nebraska-Lincoln
2216943,2022-12-22,41492,Standard Grant,"Collaborative Research: Digitization TCN: iDigBees Network, Towards Complete Digitization of US Bee Collections to Promote Ecological and Evolutionary Research in a Keystone Clade",Brigham Young University
2216945,2022-12-22,149732,Standard Grant,"Collaborative Research: Digitization TCN: iDigBees Network, Towards Complete Digitization of US Bee Collections to Promote Ecological and Evolutionary Research in a Keystone Clade",Colorado State University
2216946,2022-12-22,75546,Standard Grant,"Collaborative Research: Digitization TCN: iDigBees Network, Towards Complete Digitization of US Bee Collections to Promote Ecological and Evolutionary Research in a Keystone Clade",North Carolina State University
2216947,2022-12-22,97349,Standard Grant,"Collaborative Research: Digitization TCN: iDigBees Network, Towards Complete Digitization of US Bee Collections to Promote Ecological and Evolutionary Research in a Keystone Clade",American Museum Natural History
2216949,2022-12-22,11706,Standard Grant,"Collaborative Research: Digitization TCN: iDigBees Network, Towards Complete Digitization of US Bee Collections to Promote Ecological and Evolutionary Research in a Keystone Clade",Southeast Missouri State University
2216953,2022-12-22,28382,Standard Grant,"Collaborative Research: Digitization TCN: iDigBees Network, Towards Complete Digitization of US Bee Collections to Promote Ecological and Evolutionary Research in a Keystone Clade",New Mexico State University
2216955,2022-12-22,19924,Standard Grant,"Collaborative Research: Digitization TCN: iDigBees Network, Towards Complete Digitization of US Bee Collections to Promote Ecological and Evolutionary Research in a Keystone Clade",University of Kentucky Research Foundation
2217280,2022-12-22,47288,Standard Grant,"Collaborative Research: Digitization TCN: iDigBees Network, Towards Complete Digitization of US Bee Collections to Promote Ecological and Evolutionary Research in a Keystone Clade",University of Connecticut
2224122,2022-12-27,930155,Continuing Grant,UKRI/BBSRC - NSF/BIO: Modeling of protein interactions to predict phenotypic effects of genetic mutations,University of Kansas Center for Research Inc
2233083,2022-12-28,502901,Standard Grant,BRC-BIO: Carbon sequestration potential and drought resilience with wet meadow restoration under a changing climate,Southwestern University
2233124,2022-12-28,478374,Standard Grant,BRC-BIO: Exploring the genetic basis of adaptation through convergent dietary specialization in mammals,Lehigh University
2230809,2022-12-29,785162,Standard Grant,Saving a Lost Ecosystem: Restoring and exploring the exceptionally preserved fossils of the Cleveland Shale (Late Devonian),Cleveland Museum of Natural History
2233118,2023-01-03,294395,Standard Grant,BRC-BIO: Understanding the Role of Species Interactions in Evolutionary Radiations Through the Evolution of Non-flying Mammal Pollination in the Iconic Plant Genus Protea,University of Wisconsin-Eau Claire
2232877,2023-01-04,502950,Standard Grant,BRC-BIO: Diverse Undergraduate Research Students in Ecology (DURSiE),Moravian University
2246422,2023-01-04,180041,Standard Grant,Digitization PEN:  Functional Quantitative Characters for Ecology and Evolution (FuncQEE),Regents of the University of Michigan - Ann Arbor
2312016,2023-01-04,725383,Standard Grant,Overcoming combinatoric complexity problems in computational mass spectrometry,University of Arizona
2233982,2023-01-11,757690,Standard Grant,Collaborative Research: MODEL ENABLED MACHINE LEARNING (MnML) FOR PREDICTING ECOSYSTEM REGIME SHIFTS,Oregon State University
2233983,2023-01-11,199984,Standard Grant,Collaborative Research: MODEL ENABLED MACHINE LEARNING (MnML) FOR PREDICTING ECOSYSTEM REGIME SHIFTS,University of Hawaii
2240098,2023-01-17,916998,Continuing Grant,"CAREER: Parallel evolution in the microbiome: novel methods for detecting repeated, rapid adaptations in metagenomic data",University of California-Los Angeles
2243625,2023-01-17,477610,Continuing Grant,CSBR: Natural History: Facilitating Collections-Based Research on Insect Pollinators of the Sonoran Desert Region,University of Arizona
2228385,2023-01-19,802097,Continuing Grant,Collaborative Research: Ranges: Building Capacity to Extend Mammal Specimens from Western North America,University of North Carolina Greensboro
2228386,2023-01-19,61030,Continuing Grant,Collaborative Research: Ranges: Building Capacity to Extend Mammal Specimens from Western North America,Texas A&M AgriLife Research
2228387,2023-01-19,380415,Continuing Grant,Collaborative Research: Ranges: Building Capacity to Extend Mammal Specimens from Western North America,University of New Mexico
2228388,2023-01-19,54939,Continuing Grant,Collaborative Research: Ranges: Building Capacity to Extend Mammal Specimens from Western North America,Los Angeles County Museum of Natural History Foundation
2228389,2023-01-19,87729,Continuing Grant,Collaborative Research: Ranges: Building Capacity to Extend Mammal Specimens from Western North America,Regents of the University of Michigan - Ann Arbor
2228390,2023-01-19,35998,Continuing Grant,Collaborative Research: Ranges: Building Capacity to Extend Mammal Specimens from Western North America,University of Utah
2228391,2023-01-19,146497,Continuing Grant,Collaborative Research: Ranges: Building Capacity to Extend Mammal Specimens from Western North America,University of Kansas Center for Research Inc
2228392,2023-01-19,251448,Continuing Grant,Collaborative Research: Ranges: Building Capacity to Extend Mammal Specimens from Western North America,University of Florida
2228393,2023-01-19,219544,Continuing Grant,Collaborative Research: Ranges: Building Capacity to Extend Mammal Specimens from Western North America,University of California-Berkeley
2228394,2023-01-19,96534,Continuing Grant,Collaborative Research: Ranges: Building Capacity to Extend Mammal Specimens from Western North America,University of Oregon Eugene
2228395,2023-01-19,18451,Continuing Grant,Collaborative Research: Ranges: Building Capacity to Extend Mammal Specimens from Western North America,Arizona State University
2228396,2023-01-19,106684,Continuing Grant,Collaborative Research: Ranges: Building Capacity to Extend Mammal Specimens from Western North America,University of Washington
2228397,2023-01-19,30273,Continuing Grant,Collaborative Research: Ranges: Building Capacity to Extend Mammal Specimens from Western North America,CAL POLY HUMBOLDT SPONSORED PROGRAMS FOUNDATION
2228398,2023-01-19,7413,Standard Grant,Collaborative Research: Ranges: Building Capacity to Extend Mammal Specimens from Western North America,University of Wyoming
2228399,2023-01-19,18156,Continuing Grant,Collaborative Research: Ranges: Building Capacity to Extend Mammal Specimens from Western North America,Denver Museum of Nature and Science
2228400,2023-01-19,34421,Continuing Grant,Collaborative Research: Ranges: Building Capacity to Extend Mammal Specimens from Western North America,California State University-Long Beach Foundation
2228401,2023-01-19,17785,Continuing Grant,Collaborative Research: Ranges: Building Capacity to Extend Mammal Specimens from Western North America,University of Montana
2228402,2023-01-19,20470,Continuing Grant,Collaborative Research: Ranges: Building Capacity to Extend Mammal Specimens from Western North America,California Academy of Sciences
2228403,2023-01-19,113305,Continuing Grant,Collaborative Research: Ranges: Building Capacity to Extend Mammal Specimens from Western North America,Texas Tech University
2228404,2023-01-19,39490,Continuing Grant,Collaborative Research: Ranges: Building Capacity to Extend Mammal Specimens from Western North America,"Board of Regents, NSHE, obo University of Nevada, Reno"
2228405,2023-01-19,57321,Standard Grant,Collaborative Research: Ranges: Building Capacity to Extend Mammal Specimens from Western North America,Field Museum of Natural History
2233633,2023-01-30,467622,Standard Grant,BRC-BIO: Bird feeders in the city: the effect of urbanization on ecological immunology and microbiology in cardueline finches,California State University-Fresno Foundation
2233967,2023-01-30,705880,Continuing Grant,Collaborative Research: BeeHive: A Cross-Problem Benchmarking Framework for Network Biology,Virginia Polytechnic Institute and State University
2233968,2023-01-30,704368,Continuing Grant,Collaborative Research: BeeHive: A Cross-Problem Benchmarking Framework for Network Biology,"Morgridge Institute for Research, Inc."
2233969,2023-01-30,92513,Continuing Grant,Collaborative Research: BeeHive: A Cross-Problem Benchmarking Framework for Network Biology,Reed College
2310061,2023-01-31,591893,Standard Grant,MRI: Acquisition of Hydrogen/Deuterium eXchange Mass Spectrometer,University of Florida
2309885,2023-02-02,500000,Standard Grant,"RCN-UBE: Failure as a part of Learning, A Mindset Education Network (FLAMEnet)",Washington University
2233787,2023-02-06,1203675,Standard Grant,"Collaborative Research: IMPLEMENTATION: EVOLVED - Embedding a Vision to Operationalize, Lift up, and Value Equity and Diversity in the Consortium of Aquatic Science Societies",Western Washington University
2233788,2023-02-06,88281,Standard Grant,"Collaborative Research: IMPLEMENTATION: EVOLVED - Embedding a Vision to Operationalize, Lift up, and Value Equity and Diversity in the Consortium of Aquatic Science Societies",SUNY College at Oneonta
2233789,2023-02-06,584724,Standard Grant,"Collaborative Research: IMPLEMENTATION: EVOLVED - Embedding a Vision to Operationalize, Lift up, and Value Equity and Diversity in the Consortium of Aquatic Science Societies",Clemson University
2233790,2023-02-06,122673,Standard Grant,"Collaborative Research: IMPLEMENTATION: EVOLVED - Embedding a Vision to Operationalize, Lift up, and Value Equity and Diversity in the Consortium of Aquatic Science Societies",University of Wisconsin-Madison
2233509,2023-02-07,499985,Standard Grant,Design: Microbiology Leaders Evolving & Accountable to Progress,American Society For Microbiology
2233415,2023-02-08,464700,Standard Grant,BRC-BIO: Investigating ecophysiological strategies and drought tolerance of temperate lianas,Vassar College
2238365,2023-02-08,560428,Continuing Grant,CAREER: Next-generation Rhizosphere Monitoring - Non-invasive Plant Phenotyping and Health Monitoring Using the Light-piping Properties of Plant Stems,Harvey Mudd College
2240372,2023-02-08,599447,Standard Grant,BIORETS: INterSPecies Interactions Research Experience (INSPIRE),Stanford University
2240497,2023-02-08,592819,Standard Grant,"BIORETS at Converse University: Science, Technology, and Research (STAR) Teachers of South Carolina",Converse College
2244712,2023-02-08,412064,Standard Grant,Research Infrastructure: Increasing Capacity at the University of Louisiana Lafayette Ecology Center,University of Louisiana at Lafayette
2232510,2023-02-09,503000,Standard Grant,"BRC-BIO: The role of serotonin signaling in autoregulation of axon morphology, connectivity, and behavior in Drosophila",Ball State University
2233366,2023-02-09,456522,Standard Grant,BRC-BIO: Trade-offs in locomotor performance: comparing hoppers and jumpers in variable environments,Dickinson College
2233467,2023-02-14,502203,Standard Grant,BRC-BIO: Flexible traits and functional trade-offs: an integrated analysis of gastrointestinal plasticity in mammals,University of North Carolina Greensboro
2233416,2023-02-16,468934,Standard Grant,BRC-BIO: Emergent dynamics and leadership in collective timing decisions,University of Massachusetts Boston
2244034,2023-02-16,405000,Continuing Grant,REU Site Renewal: Functional Genomics Research for Undergraduates,Jackson Laboratory
2244275,2023-02-16,411512,Continuing Grant,REU Site: Research Experiences for Undergraduates in Plant Science at the Donald Danforth Plant Science Center,Donald Danforth Plant Science Center
2244372,2023-02-16,360150,Continuing Grant,REU site: Summer Research at the University at Albany's RNA Institute,SUNY at Albany
2233251,2023-02-22,447650,Standard Grant,BRC-BIO: Analyzing the role of Drosophila variant Polycomb Repressive Complexes in  developmental gene transcription,Emmanuel College
2226917,2023-02-28,276954,Standard Grant,"Renovation, digitization, and integration of the Kansas State University mammal collection within national collaborative collections management for enhancing biodiversity research",Kansas State University
2243824,2023-02-28,324987,Standard Grant,REU Site: Botany and Conservation Biology Research at the Missouri Botanical Garden,Missouri Botanical Garden
2228805,2023-03-01,662630,Standard Grant,A computational approach to identify non-linear sequence similarity between lncRNAs,University of North Carolina at Chapel Hill
2233169,2023-03-01,502793,Standard Grant,BRC-BIO: Bioconversion of Food Waste with Non-model Organisms,Tennessee State University
2233193,2023-03-01,503000,Standard Grant,BRC-BIO: Interrogating Extracellular Vesicle Biogenesis Through Substrate-Associated Signals,Harvey Mudd College
2233342,2023-03-01,211435,Standard Grant,Collaborative Research: DESIGN: Co-creation of affinity groups to facilitate diverse & inclusive ornithological societies,University of Nebraska-Lincoln
2233343,2023-03-01,288563,Standard Grant,Collaborative Research: DESIGN: Co-creation of affinity groups to facilitate diverse & inclusive ornithological societies,Virginia Polytechnic Institute and State University
2233694,2023-03-01,390382,Standard Grant,EVALUATION: Improving institutional diversity in professional society participation through virtual and hybrid conferencing,West Chester University of Pennsylvania
2243400,2023-03-01,378652,Standard Grant,REU Site in Cellular and Molecular Biology at Sanford Research,Sanford Research/USD
2237314,2023-03-03,730629,Continuing Grant,"CAREER: Open-Access, Real-Time High-Throughput Metabolomics for High-Field and Benchtop NMR for Biological Inquiry",University of Memphis
2243919,2023-03-03,406528,Continuing Grant,REU Site: Summer Intensive Research Experiences in Neuroscience (SIREN),Regents of the University of Michigan - Ann Arbor
2244041,2023-03-03,404917,Continuing Grant,REU Site: Interdisciplinary Program in Multi-scale Biological Networks,William Marsh Rice University
2243182,2023-03-07,127694,Standard Grant,REU Site: Pathways to Inclusive Science: Emerging Field Techniques,Rocky Mountain Biological Laboratory
2243206,2023-03-07,598691,Standard Grant,REU Site: Genomics and Computational biology,University of Georgia Research Foundation Inc
2243955,2023-03-07,404868,Standard Grant,REU Site: Modeling the Dynamics of Biological Systems,North Carolina State University
2244169,2023-03-07,404239,Continuing Grant,REU Site: Microbiology at the host-pathogen interface,University of Iowa
2244411,2023-03-07,152309,Standard Grant,REU Site: How Robustness and Resilience in Response to Biotic and Abiotic Stressors Shape Biological Processes,University of California-Berkeley
2153503,2023-03-08,90800000,Cooperative Agreement,Mid-Scale RI-2 Consortium: Compact X-ray Free-Electron Laser Project (CXFEL),Arizona State University
2231736,2023-03-08,564734,Standard Grant,Research Infrastructure: An Integrated Laboratory Facility to Improve Research Capacity at Archbold Biological Station,"Archbold Expeditions, Inc."
2238125,2023-03-08,749994,Continuing Grant,CAREER: Concise descriptors of genomic data facilitate mechanistic inference,University of Pittsburgh
2238831,2023-03-08,721944,Continuing Grant,"CAREER:  Molecular mechanisms, algorithms and software for design and analysis of genome perturbation experiments",Princeton University
2240593,2023-03-09,599282,Standard Grant,BIORETS: Coastal Ecosystems Research Experience for Teachers (CE-BIORETS)-From the Everglades to the Coral Reefs,Florida International University
2247631,2023-03-09,79537,Standard Grant,Collaborative Research: Conference: Supporting inclusive and sustainable research infrastructure for systematics (SISRIS) by connecting scientists and their specimens.,George Mason University
2247632,2023-03-09,20462,Standard Grant,Collaborative Research: Conference: Supporting inclusive and sustainable research infrastructure for systematics (SISRIS) by connecting scientists and their specimens.,Tennessee Technological University
2243416,2023-03-10,409741,Continuing Grant,REU Site: Comparative Animal Model Approaches to Regeneration and Aging,Mount Desert Island Biological Laboratory
2243586,2023-03-10,328693,Standard Grant,REU site: Integrative tree science for the Anthropocene at the Morton Arboretum,Morton Arboretum
2243992,2023-03-10,333831,Standard Grant,REU Sites: Dryland ecology and biodiversity in the northern Chihuahuan Desert,University of New Mexico
2243994,2023-03-10,449562,Continuing Grant,"REU Site: The Summer Systematics Institute: training the next generation of scientists for the field, the lab, and sharing their science with the world",California Academy of Sciences
2244003,2023-03-10,378979,Standard Grant,REU Site: Integrative Cell and Molecular Biology,University of Notre Dame
2244087,2023-03-10,350972,Standard Grant,REU Site: Mechanisms of Evolution,University of Nevada Las Vegas
2244132,2023-03-10,356881,Standard Grant,REU Site: Global Change Ecology at the Smithsonian Environmental Research Center,Smithsonian Institution
2244232,2023-03-10,411818,Continuing Grant,REU Site: Research Experiences in Southeastern Coastal Plain Ecosystems (RESCoPE),"Georgia Southern University Research and Service Foundation, Inc"
2239350,2023-03-13,698684,Continuing Grant,CAREER: Statistical Models and Parallel-computing Methods for Analyzing Sparse and Large Single-cell Chromatin Interaction Datasets,Rowan University
2243657,2023-03-13,323978,Standard Grant,REU Site: Interdisciplinary Training for Research and Outreach in Climate Science (IT-ROCS),CUNY City College
2244506,2023-03-13,457310,Continuing Grant,REU Site: Program in Nanotechnology for Biology and Bioengineering,Johns Hopkins University
2238845,2023-03-14,521012,Continuing Grant,CAREER: Multi-aperture 3D microscopy for cellular-scale measurement over macroscopic volumes,Duke University
2244288,2023-03-15,485683,Standard Grant,REU Site: A Cyberlinked Program in Computational Biomolecular Structure & Design,Johns Hopkins University
2233670,2023-03-16,292310,Standard Grant,"BRC-BIO: Harnessing sequence features to understand and manipulate the
function of reflectin proteins in iridescence",Soka University of America
2233610,2023-03-23,502998,Standard Grant,BRC-BIO: Evolution and ecology across the mutualism-parasitism transition in leafflower plants (Phyllanthaceae) and leafflower moths (Lepidoptera: Gracillariidae: Epicephala),University of Texas of the Permian Basin
2244195,2023-03-29,419001,Standard Grant,REU Site: Inclusive and collaborative approach to cellular and molecular biology for undergraduate researchers at Delaware State University,Delaware State University
2320270,2023-03-31,199912,Standard Grant,BII-Design: Using Synthetic Biology to Discover Cross-Kingdom Metabolic Rules of Life,University of Tennessee Institute of Agriculture
2243562,2023-04-11,1325000,Standard Grant,Ideas Lab: Collaborative Research: Integrating cross-kingdom lncRNA genetic and functional interactions to build predictive network models,Florida State University
2314278,2023-04-14,414219,Continuing Grant,Research Infrastructure: 2021BBSRC-NSF/BIO UniPlex - Genome-Wide Protein Complex Prediction and Validation,University of Illinois at Chicago
2325301,2023-04-17,49739,Standard Grant,Conference: NSF-NIH Joint Workshop on Foundational AI in Biology,Carnegie Mellon University
2233707,2023-04-25,1997452,Standard Grant,Implementation: Implementation of the BIMS Tidal Wave Program,BLACK IN MARINE SCIENCE
2234631,2023-05-01,908605,Continuing Grant,Critical improvement of the Rocky Mountain Herbarium: securing and enabling access to the world's largest collection of plants in the Rocky Mountain region,University of Wyoming
2308699,2023-05-01,637928,Continuing Grant,"Deep transformers for integrating protein sequence, structure and interaction data to predict function",University of Missouri-Columbia
2313865,2023-05-01,800000,Continuing Grant,An Explainable Machine Learning Platform for Single Cell Data Analysis,University of Virginia Main Campus
2229929,2023-05-03,20000000,Cooperative Agreement,AI Institute for Artificial and Natural Intelligence,Columbia University
2244080,2023-05-03,560868,Standard Grant,REU Site:  Genes & the Environment:  Research Experiences for Undergraduates from Rural & Tribal colleges,University of North Dakota Main Campus
2305574,2023-05-03,240000,Fellowship Award,"NSF PRFB FY 2023: Impacts of animal aggregations on stream carbon cycles: Linking evolutionary history, species traits, and environmental context to predict ecosystem function","Lopez, Jonathan Williams"
2305663,2023-05-03,240000,Fellowship Award,NSF Postdoctoral Fellowship in Biology: Leveraging Biocoronas for Enhanced Agricultural Nanotechnology,"Coreas, Roxana"
2305685,2023-05-03,240000,Fellowship Award,"NSF PRFB FY23: Deciphering the relationship between host convergent evolution, division of labor, and microbiome assembly within the honeypot ant system","Francoeur, Charlotte Barnet"
2305707,2023-05-03,240000,Fellowship Award,NSF PRFB FY 2023: Deciphering the Structural Evolution of Alternative-End Joining,"Bradley, Noah Patrick"
2305730,2023-05-03,240000,Fellowship Award,"NSF Postdoctoral Fellowship in Biology: Understanding how Tripartite Interactions between Insects, Symbiotic Bacteria, and Parasites Influence Infection Outcomes in Insect Vectors","Mendiola, Sandra Y"
2305741,2023-05-03,240000,Fellowship Award,NSF PRFB FY23: How do endocrine-molecular mechanisms evolve when parental strategies diverge? Insights from stickleback fish ecotypes,"Farrar, Victoria S"
2305753,2023-05-03,240000,Fellowship Award,NSF PRFB FY 2023: Does long-term selection for growth on recalcitrant vs labile carbon impact Streptomyces nutrient use or inhibitory phenotypes?,"Lane, Brett"
2305831,2023-05-03,240000,Fellowship Award,NSF PRFB FY 2023: Linking spatial variations in cellular chemical energy turnover to tissue growth in a developing organ,"Lemma, Bezia"
2305853,2023-05-03,240000,Fellowship Award,NSF PRFB FY23: Investigating the genomic consequences of hybridization in the Mimulus guttatus complex,"Frayer, Megan E"
2305863,2023-05-03,240000,Fellowship Award,NSF PRFB FY23: Soil carbon allocation among mycorrhizal species under global change,"Edwards, Joseph"
2328140,2023-05-03,704889,Continuing Grant,"CAREER: Assigning comprehensive, standardized sample annotations to enhance the ability to discover, use, and interpret millions of –omics profiles",University of Colorado at Denver
2244073,2023-05-04,282582,Standard Grant,REU Site: Research Experiences in Physiology and Neurobiology at UCONN,University of Connecticut
2244182,2023-05-04,598311,Standard Grant,"REU Site: Systematics, Evolution and Conservation for the 21st Century",American Museum Natural History
2305513,2023-05-11,240000,Fellowship Award,NSF PRFB FY 2023: Development across evolutionary time at a single-cell resolution,"Large, Christopher Ryan Livingston"
2305612,2023-05-11,240000,Fellowship Award,NSF PRFB FY 2023: Testing the Latitudinal Diversity Gradient,"David, Kyle T"
2305725,2023-05-11,240000,Fellowship Award,NSF Postdoctoral Fellowship in Biology: Defining and programming transcriptional activatability in bacterial promoters,"Tenenbaum, Debora"
2305817,2023-05-11,240000,Fellowship Award,NSF PRFB FY 2023: Investigating enhancer and protein divergence at follistatin paralogs underlying genetic assimilation of wing plasticity,"Deem, Kevin D"
2305910,2023-05-11,240000,Fellowship Award,NSF Postdoctoral Fellowship in Biology: Coalescent Modeling of Sex Chromosome Evolution with Gene Flow and Analysis of Sexed-versus-Gendered Effects in Human Admixture,"Miyagi, Miriam"
2305923,2023-05-11,240000,Fellowship Award,NSF PRFB FY23: Does bacterial endospore formation affect host-microbe codiversification?,"Swanson, Mark T"
2305959,2023-05-11,240000,Fellowship Award,NSF Postdoctoral Fellowship in Biology: Free-Living Amoebae Predation Mechanisms and Fostering Inclusive Communities in Environmental Microbiology through Peer-Mentoring,"Dowdell, Katherine"
2305735,2023-05-12,240000,Fellowship Award,NSF Postdoctoral Fellowship in Biology: Understanding the role of dietary toxins in shaping microbial community dynamics in the gut,"Aguilar, Jessica"
2305848,2023-05-12,240000,Fellowship Award,NSF PRFB FY 2023: Behavioral and Physiological Innovations Facilitating the Evolution of Brood Parasitism,"Antonson, Nicholas Dolan"
2305856,2023-05-12,240000,Fellowship Award,NSF PRFB FY 2023: Investigating proximate mechanisms and ultimate drivers of temperature-dependent development of male:female ratios in reptiles,"Breitenbach, Anthony"
2305860,2023-05-12,240000,Fellowship Award,NSF PRFB FY 2023: Resilience of animal social systems to environmental and demographic disturbances,"Madsen, Anastasia"
2305964,2023-05-12,240000,Fellowship Award,NSF Postdoctoral Fellowship in Biology: Illuminating mechanisms of essential asparagine-linked glycosylation enzymes,"Ochoa, Jessica Micaela"
2326640,2023-05-16,25000,Standard Grant,Conference: NSF Student Travel Grant for 2023 IEEE International Conference on Bioinformatics and Biomedicine (BIBM 2023),Drexel University
2305847,2023-05-17,240000,Fellowship Award,NSF Postdoctoral Fellowship in Biology: A community guided assessment of parasitic threats to fish health,"Allen, Raymond Lance"
2312129,2023-05-17,471223,Standard Grant,BRC-BIO: Effects of urbanization on the evolutionary dynamics of invasive species range expansion,Kean University
2305653,2023-05-18,240000,Fellowship Award,NSF PRFB FY23: Heritable viruses as hidden drivers of host phenotypes: Densoviruses and aphid wing plasticity,"Rozo-Lopez, Paula C"
2305704,2023-05-18,240000,Fellowship Award,"NSF PRFB FY23: Dissecting the holobiont: exploring how genetics, environments, and microbiomes contribute to emergent host phenotypes","Hardison, Emily A"
2305797,2023-05-18,240000,Fellowship Award,NSF PRFB FY 2023: The evolution and ecological drivers of retinal specializations in fish,"Kopania, Emily Emiko Konishi"
2303760,2023-05-22,240000,Fellowship Award,NSF PRFB FY 2023: Understanding the ecological drivers and genomic mechanisms of wildlife viral emergence caused by deforestation in Cambodia,"Xu, Cong"
2233699,2023-05-23,1736883,Standard Grant,Collaborative Research: IMPLEMENTATION: C-COAST: Changing the Culture of our Occupations to Achieve Systemic Transformation,Coastal and Estuarine Research Federation
2233700,2023-05-23,127883,Standard Grant,Collaborative Research: IMPLEMENTATION: C-COAST: Changing the Culture of our Occupations to Achieve Systemic Transformation,The University of Central Florida Board of Trustees
2233701,2023-05-23,91246,Standard Grant,Collaborative Research: IMPLEMENTATION: C-COAST: Changing the Culture of our Occupations to Achieve Systemic Transformation,University of The Virgin Islands
2233702,2023-05-23,31867,Standard Grant,Collaborative Research: IMPLEMENTATION: C-COAST: Changing the Culture of our Occupations to Achieve Systemic Transformation,California State University-Long Beach Foundation
2233703,2023-05-23,12121,Standard Grant,Collaborative Research: IMPLEMENTATION: C-COAST: Changing the Culture of our Occupations to Achieve Systemic Transformation,University of Southern Mississippi
2305732,2023-05-23,240000,Fellowship Award,NSF PRFB FY23: Polyploidy as a driver of developmental and morphological evolution,"Itgen, Michael"
2305798,2023-05-23,240000,Fellowship Award,"NSF PRFB FY23: Host-pathogen dynamics in response to resource pulses: nutrients, immunity and disease transmission","Davis, Julie"
2305864,2023-05-23,240000,Fellowship Award,NSF PRFB FY23: The role of hybridization on diet breadth evolution of a extreme dietary generalist,"Comerford, Mattheau S"
2305867,2023-05-23,240000,Fellowship Award,"NSF PRFB FY 2023: Genetic, Physiological, and Environmental Drivers of Plant-Pollinator Niche Dynamics Across Scales of Biological Organization","Arrowsmith, Kathleen Caroline"
2305877,2023-05-23,240000,Fellowship Award,NSF PRFB FY23: Understanding the evolutionary importance and vectoring mechanisms of horizontal gene transfer within a parasitic plant system,"Flynn, Peter J"
2305961,2023-05-23,240000,Fellowship Award,NSF PRFB FY23: Effects of bioengineering on community assembly and ecosystem functioning in a soil microbial community,"Chappell, Callie Rodgers"
2305974,2023-05-23,240000,Fellowship Award,"NSF PRFB FY23: Linking genotypes, phenotypes, and ecology to elucidate the origins of parasite resistance","Muchoney, Nadya Dougherty"
2305978,2023-05-23,240000,Fellowship Award,NSF PRFB FY23: Methylation and microbes as moderators of genotype-by-environment interactions,"Sheffer, Monica M"
2305992,2023-05-23,240000,Fellowship Award,NSF PRFB FY23: Temperature effects on community assembly: a case study in nectar microbes of a western north American native plant,"McGuire, Rosa M"
2237309,2023-05-26,593248,Continuing Grant,CAREER: Super-Resolution 3D Ultrasound Imaging of Brain Activity,University of Memphis
2238093,2023-05-26,539762,Continuing Grant,CAREER: Cryo-electron tomography derived multiscale integrative modeling of subcellular organization,Carnegie Mellon University
2305939,2023-05-26,240000,Fellowship Award,NSF PRFB FY 2023: Salamanders in the city: An integrative investigation into microevolutionary change,"Snead, Anthony Andrew"
2312723,2023-05-26,500880,Standard Grant,"BRC-BIO: High nutrient submarine groundwater discharge delivery effects on coastal primary productivity on coral reefs in Maunalua Bay, Hawaii",Pepperdine University
2233333,2023-05-30,437393,Standard Grant,"BRC-BIO: Effects of insecticides on survival and metamorphosis of the upside-down jellyfish, Cassiopea xamachana, and its symbiotic community",McDaniel College
2305641,2023-05-30,240000,Fellowship Award,NSF PRFB FY 2023: Flexible strategies for multisensory integration inspired by the insect central complex,"Cellini, Benjamin"
2305966,2023-05-30,240000,Fellowship Award,NSF PRFB FY 2023: Mechanisms and evolutionary maintenance of thermal plasticity and adaptation in a splash pool copepod,"Neylan, Isabelle P"
2305971,2023-05-30,240000,Fellowship Award,NSF PRFB FY 2023: Investigating environmental and genomic regulation of molt in birds,"Dougherty, Paul"
2309902,2023-05-31,551622,Continuing Grant,Scaling Flow Decomposition to Multi-Sample Multiassembly and Comparison,Montana State University
2316244,2023-05-31,75000,Standard Grant,RCN-UBE Incubator: KBase Educators: Microbiome Workforce Development Program,University of California-Berkeley
2305890,2023-06-02,240000,Fellowship Award,NSF PRFB FY 2023: Connecting physiological and cellular aging to individual quality in a long-lived free-living mammal.,"Evans, Taylor C"
2305737,2023-06-05,240000,Fellowship Award,NSF PRFB FY 2023: The genomics of local adaptation of larval settlement in a biofouling marine invertebrate,"Birch, Sydney"
2305927,2023-06-05,240000,Fellowship Award,NSF PRFB FY 2023: The impact of changes in genome structure on diversification in adaptive radiation.,"Maayan, Inbar"
2305652,2023-06-12,240000,Fellowship Award,NSF PRFB FY 2023: The Evolution of Multiple Stressor Tolerance: From Genes to Whole Organism Performance,"Williams, Bethany L"
2305659,2023-06-12,240000,Fellowship Award,NSF PRFB FY 2023: Considering evolutionary responses to temperature variability when predicting risk to climate change and disease in amphibians,"Cocciardi, Jennifer M"
2305924,2023-06-12,240000,Fellowship Award,NSF PRFB FY 2023: Unlocking the genetic basis of structural coloration,"Karin, Benjamin R"
2305938,2023-06-12,240000,Fellowship Award,NSF PRFB FY 2023: Multi-omics Assessment of Translocation Impacts on Sonoran Pronghorn,"Payne, Natalie"
2305981,2023-06-12,240000,Fellowship Award,NSF PRFB FY 2023: How does urban environmental heterogeneity and societal inequity shape phenotypic traits in wildlife?,"Stanton, Lauren Ashely"
2305691,2023-06-13,240000,Fellowship Award,NSF PRFB FY 2023: Impact of Environment-Seagrass-Microbe Interactions on Seagrass Stress Response and Ecosystem Functions,"Roth, Jamila"
2305949,2023-06-13,240000,Fellowship Award,"NSF PRFB FY 2023: Assessing morphological, behavioral, and genetic impacts of methylmercury on spiders.","Hannappel, Madeline Pratt"
2305367,2023-06-14,240000,Fellowship Award,NSF PRFB FY 2023: Thermoregulatory evolution of hummingbirds: Using urban heat islands as a globally replicated natural experiment,"Alaasam, Valentina"
2305911,2023-06-14,240000,Fellowship Award,NSF PRFB FY 2023: The evolutionary drivers of iridescence,"Rubin, Juliette"
2305456,2023-06-16,240000,Fellowship Award,NSF Postdoctoral Fellowship in Biology: Potential for Diversified Crop Rotations to Promote Solid Phosphorus Cycling in Agroecosystems,"Garcia, Joshua"
2305481,2023-06-16,240000,Fellowship Award,NSF PRFB FY23: Cross-species gene regulation of a plant-fungal symbiosis under environmental stress,"Hernandez, Damian"
2305837,2023-06-16,240000,Fellowship Award,NSF PRFB FY 2023: Heritable phenotypes and mechanisms through transgenerational plasticity in response to hypoxia in fish,"Negrete, Benjamin"
2305903,2023-06-16,240000,Fellowship Award,NSF Postdoctoral Fellowship in Biology: Quantifying diversity and climate change response in the Chamaecrista fasciculata-rhizobial symbiosis,"Pennington, Lillie K"
2305993,2023-06-16,240000,Fellowship Award,NSF Postdoctoral Fellowship in Biology: Plant plasticity in response to climatic variability and drought stress,"Branch, Haley A"
2305907,2023-06-20,240000,Fellowship Award,NSF PRFB FY 2023: Genes on the move: the evolution of horizontal transfer in bacteria,"Kosterlitz, Olivia"
2305953,2023-06-20,240000,Fellowship Award,NSF PRFB FY 2023: Disentangling convergent evolutionary color patterns from underlying ecological processes in the clownfish-sea anemone symbiosis.,"Froehlich, Catheline Yasmin-Magali"
2312226,2023-06-20,470999,Standard Grant,BRC-BIO A trait-based approach to determine fungal responses to global change drivers,New Mexico State University
2305728,2023-06-22,240000,Fellowship Award,NSF Postdoctoral Fellowship in Biology: Assessment of interactions between nectarivorous birds and flowering plants to investigate pollination loss in Hawaiian forests,"Case, Samuel B"
2232680,2023-06-23,489679,Continuing Grant,Digitizing the Collection of the Orma J. Smith Natural History Museum at the College of Idaho,The College of Idaho
2233233,2023-06-23,472469,Standard Grant,BRC-BIO: Investigating Color and Pattern Diversity in Painted Turtles,Northeastern Illinois University
2305609,2023-06-23,240000,Fellowship Award,NSF Postdoctoral Fellowship in Biology: Investigating a Novel Circadian Time-Keeping Mechanism Revealed by Environmental Manipulation,"Ehichioya, David Ehireme"
2305665,2023-06-23,240000,Fellowship Award,NSF Postdoctoral Fellowship in Biology: The Role of Individual Behavior in Climate Induced Range Shifts,"Wrensford, Kwasi C"
2305705,2023-06-23,240000,Fellowship Award,NSF Postdoctoral Fellowship in Biology: How Does Sociality Impact Evolution?,"Shah, Shailee"
2305738,2023-06-23,240000,Fellowship Award,NSF Postdoctoral Fellowship in Biology: Chironomid Bioturbation at Future High Temperature Scenarios and its Effect on Nutrient Fluxes and Bacterial Activity,"Reyes Maldonado, Roberto"
2305782,2023-06-23,240000,Fellowship Award,NSF Postdoctoral Fellowship in Biology: Identifying and Validating Missing Links in the Global Bat-Virus Network,"Betke, Briana"
2305844,2023-06-23,240000,Fellowship Award,NSF PRFB FY23: Roles of gut microbiomes in herbivorous host toxin tolerance,"Sorouri, Bahareh"
2305969,2023-06-23,240000,Fellowship Award,NSF Postdoctoral Fellowship in Biology: Investigating the role of thermal stress response in facilitating adaptation in camel spiders,"Garcia, Erika Loaiza"
2312572,2023-06-23,495978,Standard Grant,BRC-BIO: Environmental variation and the disruption of biotic local adaptation: Predicting consequences of changing microbial interactions for plant populations,Boise State University
2233201,2023-06-26,452465,Standard Grant,BRC-BIO: GalapaGenomes: Building and Diversifying Undergraduate Research Capacity using Natural History Collections,San Francisco State University
2305773,2023-06-26,240000,Fellowship Award,NSF Postdoctoral Fellowship in Biology,"DeSimone, Joely"
2305812,2023-06-26,240000,Fellowship Award,NSF Postdoctoral Fellowship in Biology: Was there a Tropical Forest in North America after the end-Cretaceous Extinction?,"Harris, Gabriella Rossetto"
2305876,2023-06-26,240000,Fellowship Award,NSF Postdoctoral Fellowship in Biology: Priority Effects Within and Between Guilds of Fungal Symbionts,"Garces, Kylea Rose"
2305941,2023-06-26,240000,Fellowship Award,NSF Postdoctoral Fellowship in Biology: Pollinator Thermal Performance and Limitation in an Early-Blooming Crop,"DesJardins, Nicole S"
2305968,2023-06-26,240000,Fellowship Award,NSF Postdoctoral Fellowship in Biology: Evolution of Masting as a Mechanism for Forest Resilience under Climate Change,"Macias, Diana Stephanie"
2312984,2023-06-27,497916,Standard Grant,BRC-BIO: Establishing a new model system to study the relationship between gut microbiome and host niche specialization,Rutgers University Newark
2316260,2023-06-27,499360,Standard Grant,RCN-UBE: ImmunoReach - An interdisciplinary community of practice to promote immune literacy.,Minnesota State University Moorhead
2316506,2023-06-27,500000,Standard Grant,RCN-UBE: The BUZZ: Engaging Community College Students in Native Bee Biodiversity Research,College of the Canyons
2333228,2023-06-27,94503,Standard Grant,Conference: BIORETS workshop,Florida International University
2305218,2023-06-28,240000,Fellowship Award,NSF Postdoctoral Fellowship in Biology: Skeletal and behavioral underpinnings of extreme locomotor diversity in snakes,"Tingle, Jessica"
2233867,2023-06-29,99996,Standard Grant,Conference: Developing Skills for Advanced Careers in Biology for NSF Postdoctoral Fellows in the PRFB Broadening Participation 2022 Cohort,Society for Advancement of Chicanos & Native Americans in Sci
2313313,2023-06-29,502991,Standard Grant,BRC-BIO: Model-driven discovery and characterization of the metabolism of pigment-producing microalgae at genome-scale,San Diego State University Foundation
2316218,2023-06-29,500000,Standard Grant,RCN-UBE: Connecting Curriculum: A Fly-CURE Network,Oregon State University
2316223,2023-06-29,498823,Standard Grant,"RCN-UBE: Sustainable, nationwide network to promote reproducible big-data analysis in biology programs within community colleges and minority-serving institutions",University of Southern California
2316258,2023-06-29,74988,Standard Grant,"RCN-UBE Incubator: An Interdisciplinary Network in Hawai'i to Develop, Support, and Assess Pathways into STEM Through Research Experiences in Marine Science (REMS)",University of Hawaii
2312378,2023-07-06,498522,Standard Grant,BRC-BIO: Evolutionary Patterns of Ice-Binding Proteins in North Pacific Intertidal Invertebrates,University of Alaska Fairbanks Campus
2313303,2023-07-06,452935,Standard Grant,BRC-BIO: Unraveling mechanisms of neural regeneration and functional recovery in zebrafish,Hope College
2316453,2023-07-06,499437,Standard Grant,RCN-UBE Undergraduate Virtual Experiences as a Recruitment Tool for Underrepresented Students in STEM,Mount Holyoke College
2310684,2023-07-07,501868,Standard Grant,BRC-BIO Structural regulation of cap-independent translation in eukaryotic mRNAs.,Georgia College
2233539,2023-07-10,484314,Standard Grant,"BRC-BIO: Interplay Between Intestinal Barrier Function, Aging, and Neurodegeneration",Christopher Newport University
2318829,2023-07-10,299320,Continuing Grant,Collaborative Research: IIBR: Innovation: Bioinformatics: Linking Chemical and Biological Space: Deep Learning and Experimentation for Property-Controlled Molecule Generation,George Mason University
2318830,2023-07-10,183910,Continuing Grant,Collaborative Research: IIBR: Innovation: Bioinformatics: Linking Chemical and Biological Space: Deep Learning and Experimentation for Property-Controlled Molecule Generation,Villanova University
2318831,2023-07-10,316765,Continuing Grant,Collaborative Research: IIBR: Innovation: Bioinformatics: Linking Chemical and Biological Space: Deep Learning and Experimentation for Property-Controlled Molecule Generation,Emory University
2326879,2023-07-11,515736,Continuing Grant,Developing novel machine learning approaches to studying cell development,The University of Texas Health Science Center at Houston
2233714,2023-07-14,807845,Standard Grant,Research Infrastructure: Sustaining Medicago truncatula mutant resources for legume biology research,Oklahoma State University
2316389,2023-07-16,442152,Standard Grant,IntBIO: Collaborative Research: Integrating nanobiotechnologies to understand the role of nitro-oxidative stress in the coral-dinoflagellate mutualistic symbiosis dynamics,Arizona State University
2316390,2023-07-16,366200,Standard Grant,IntBIO: Collaborative Research: Integrating nanobiotechnologies to understand the role of nitro-oxidative stress in the coral-dinoflagellate mutualistic symbiosis dynamics,University of Rhode Island
2316391,2023-07-16,384490,Standard Grant,IntBIO: Collaborative Research: Integrating nanobiotechnologies to understand the role of nitro-oxidative stress in the coral-dinoflagellate mutualistic symbiosis dynamics,University of California-San Diego
2327144,2023-07-18,898176,Continuing Grant,Molecular signaling in mechanobiology regulation by single-cell analyses using bioinformatics approach,SUNY at Stony Brook
2233887,2023-07-19,545819,Continuing Grant,A scalable integrated multi-modal single cell analysis framework for gene regulatory and cell-cell interaction networks,Georgia Tech Research Corporation
2325121,2023-07-19,673225,Continuing Grant,Robust and Generalizable AI Models for Label-free Cellular Organelle Identification,University of California-Los Angeles
2334665,2023-07-20,124997,Standard Grant,Collaborative Research: EAGER: Deep Learning-based Multimodal Analysis of Sleep,University of Massachusetts Boston
2334666,2023-07-20,125000,Standard Grant,Collaborative Research: EAGER: Deep Learning-based Multimodal Analysis of Sleep,Massachusetts General Hospital
2312857,2023-07-21,503000,Standard Grant,BRC-BIO: Deciphering the roles of RNA modifications in regulating responses to abiotic stresses in cereal crops,The University of Texas Rio Grande Valley
2330206,2023-07-21,1091176,Continuing Grant,CAREER:  Molecular functional diversity of microbes and microbiomes,Emory University
2318923,2023-07-24,2999998,Standard Grant,RaMP: Diversifying the National Biology Workforce through New York Transdisciplinary BioSciences (NY-RaMP),CUNY Hunter College
2319645,2023-07-24,3000000,Standard Grant,RaMP: Training the next generation of interdisciplinary scientists to collaboratively address species responses to climate change with SPARCnet,BRIDGEWATER STATE UNIVERSITY
2319669,2023-07-24,2976918,Standard Grant,RaMP: Woods to Water (W2W) for Training the Next Generation of Ecologists and Natural Resource Managers,University of Alabama Tuscaloosa
2319718,2023-07-24,3000000,Standard Grant,RaMP: Training in the One Health Framework: Studies in Animals and Environments that Affect Human Health in West Virginia (One Health WV),West Virginia University Research Corporation
2319755,2023-07-24,2999224,Standard Grant,RaMP: Mentoring and Research Opportunities for Careers in Coastal Science (MROC2S),"Georgia Southern University Research and Service Foundation, Inc"
2319820,2023-07-24,2986439,Standard Grant,RaMP:  Making meaningful connections: Fostering the Integration of Biodiversity Patterns with Genetic Evolutionary Mechanisms (BioGEM),University of Kansas Center for Research Inc
2319855,2023-07-24,2998993,Standard Grant,RaMP: Research opportunities and access for diverse scientists (ROADs) in extreme dryland environments,University of Texas at El Paso
2312555,2023-07-25,490280,Standard Grant,BRC-BIO: Establishing Astrangia poculata as a study system to understand how multi-partner symbiotic interactions affect pathogen response in cnidarians,Texas State University - San Marcos
2312990,2023-07-25,500000,Standard Grant,Research Infrastructure: Peromyscus Genetic Stock Center Support,University of South Carolina at Columbia
2319694,2023-07-25,2999247,Standard Grant,RaMP: STEGG-INTERACT: Southeast Texas Evolutionary Genetics and Genomics INTEgrative Research and Collaborative Training,University of Houston
2334014,2023-07-26,50000,Standard Grant,Conference: ASM Conference for Undergraduate Educators,American Society For Microbiology
2233325,2023-07-27,502998,Standard Grant,BRC-BIO: Investigating the molecular mechanisms of fungal cell fusion,Stetson University
2311042,2023-07-27,998436,Continuing Grant,NSF-BSF: IIBR Instrumentation: Photonic Band Gap Resonators for High-Field Dynamic Nuclear Polarization of Biological Macromolecules,North Carolina State University
2313370,2023-07-27,502591,Standard Grant,BRC-BIO: Investigation of the tissue-specific role of the ER membrane protein complex (EMC) in the development and maintenance of a multicellular organism,Lake Forest College
2316317,2023-07-28,442392,Standard Grant,RCN-UBE: Case-based Active Science Education (CASE) Mentoring Network,Iowa State University
2323175,2023-07-28,264144,Standard Grant,Updating technical components to sustain XMAPortal and ZMAPortal for the comparative biomechanics research community,Brown University
2327468,2023-07-28,737906,Continuing Grant,"IIBR Research Methods: Probing the structure, abundance, dynamics, and function of protein complexes within their cellular environment",University of Wisconsin-Milwaukee
2243038,2023-07-31,190467,Standard Grant,Desiccation-based microbial sample preservation in remote regions,University of Oregon Eugene
2312718,2023-07-31,486171,Standard Grant,BRC-BIO: Looking beyond the calorie: Nutritional ecology in a generalist predator,Pennsylvania State Univ University Park
2327954,2023-08-03,1319874,Continuing Grant,An Automated High-Content Imaging Platform for Caenorhabditis elegans,University of Arizona
2334585,2023-08-03,49084,Standard Grant,Conference: Grantsmanship Workshop at American Indian Science and Engineering Society 2023 National Conference,American Indian Science and Engineering Society (AISES)
2247108,2023-08-04,1499972,Standard Grant,Sustaining the Chlamydomonas Resource Center,University of Minnesota-Twin Cities
2303588,2023-08-04,99963,Standard Grant,Workshop Proposal: Enabling interdisciplinary and collaborative science through integration of biological and environmental data,American Institute of Biological Sciences
2304787,2023-08-04,723158,Continuing Grant,Development and Optimization of a Digital AC-DC Electropenetrograph for Real-Time Recording of On-host Tick Feeding,Kansas State University
2305814,2023-08-04,920880,Standard Grant,Research Infrastructure: Installation of solar infrastructure to enhance research capacity and resilience to disturbance at El Verde Field Station,University of Puerto Rico-Rio Piedras
2314898,2023-08-04,1000000,Standard Grant,Research Infrastructure: Continued Support of the Duke Lemur Center for the Study of Primate Biology and History,Duke University
2318922,2023-08-04,2512858,Standard Grant,RaMP: Biological Opportunities and Training in Science (BOATS),Marine Environmental Sciences Consortium
2319734,2023-08-04,3000000,Standard Grant,RaMP: Native American Capacity Building to Explore Biological Systems Resilience: Weaving Traditional Ways of Knowing with Western Science,Washington State University
2320130,2023-08-04,208678,Standard Grant,Equipment: MRI Track 1: Acquisition of Flow Cytometer,Northern Kentucky University
2320195,2023-08-04,884934,Standard Grant,Equipment: MRI: Track 1 Acquisition of a Confocal Microscope for Research and Teaching at Vassar College,Vassar College
2240481,2023-08-07,256501,Continuing Grant,"Collaborative Research: Joining the Global Bryophyte and Lichen TCN: Filling Gaps from Hawaii, Asia, and Oceania",Bernice P Bishop Museum
2240482,2023-08-07,61519,Standard Grant,"Collaborative Research: Joining the Global Bryophyte and Lichen TCN: Filling Gaps from Hawaii, Asia, and Oceania",National Tropical Botanical Garden
2233190,2023-08-09,478878,Standard Grant,BRC-BIO: Determining the neural mechanisms regulating photostimulation of migratory physiology and behavior,University of South Alabama
2316122,2023-08-09,500000,Standard Grant,RCN-UBE: Cell Biology Education Consortium: Pathway to Publication,Ouachita Baptist University
2318770,2023-08-09,89562,Standard Grant,Equipment: MRI: Track 1: Acquisition of a Circular Dichroism Spectrometer to Probe Biomolecular Structure and Stability,College of Saint Benedict
2320366,2023-08-09,381870,Standard Grant,Equipment: MRI: Acquisition of a MALDI-TOF Mass Spectrometer for Supporting Interdisciplinary Microbiological Research and Education at Eastern Kentucky University,Eastern Kentucky University
2320640,2023-08-09,1177779,Standard Grant,Equipment: MRI: Track 1 Acquisition of a High-Resolution X-ray Computed Microtomography System with In Situ Capabilities for Multidisciplinary Research and Education,University of Georgia Research Foundation Inc
2320258,2023-08-10,283481,Standard Grant,Equipment: MRI: Track 1 Acquisition of a fluorescent confocal microscope at Truman State University,Truman State University
2319932,2023-08-13,636312,Standard Grant,"Equipment: MRI: Track 1 Acquisition of an Orbitrap Exploris 240 High-Resolution LC-MS for Research, Education, and Outreach at The University of Southern Mississippi (USM)",University of Southern Mississippi
2320765,2023-08-13,349549,Standard Grant,Equipment: MRI: Track 1 Acquisition of a MALDI-TOF/FTIR System to Support Course-Based Undergraduate Research Experiences in Biological and Computational Sciences at an HSI,University of Houston - Clear Lake
2324716,2023-08-13,1447087,Continuing Grant,Collaborative Research: IIBR Instrumentation: A continuous metabolite sensor for lab and field studies,University of California-Irvine
2324717,2023-08-13,230831,Continuing Grant,Collaborative Research: IIBR Instrumentation: A continuous metabolite sensor for lab and field studies,University of Nevada Las Vegas
2308707,2023-08-16,740018,Continuing Grant,Sustainability in Vapor-phase Nitrogen of a World-class Frozen Biorepository at the Museum of Southwestern Biology,University of New Mexico
2312015,2023-08-16,404297,Standard Grant,Capacity: FSML: Acquisition of an Isotope Ratio Mass Spectrometer with liquid chromatography and elemental analyzer interfaces at the Skidaway Institute of Oceanography,University of Georgia Research Foundation Inc
2320397,2023-08-16,384660,Standard Grant,Equipment: MRI: Track 1 Acquisition of a Micro X-ray Fluorescence Spectrometer to Support Multidisciplinary Research and Education in the Upper Midwest,Lake Superior State University
2320767,2023-08-16,297393,Standard Grant,Equipment: MRI: Track 1 Acquisition of a Fluorescence-Activated Cell Sorter (FACS) to Enhance Research Capabilities at Western Kentucky University,Western Kentucky University
2324882,2023-08-16,1200698,Continuing Grant,Capacity: BBSRC-NSF/BIO: Globally harmonized re-analysis of Data Independent Acquisition (DIA) proteomics datasets enables the creation of new resources (DIA-eXchange),Institute for Systems Biology
2329716,2023-08-16,99535,Standard Grant,"Conference: A Proposal to Provide Technical Assistance to Increase the Research Competitiveness of MSIs, Community Colleges, and URM Faculty to BIO-wide Programs",QEM Network HQ
2311380,2023-08-18,1071404,Continuing Grant,"Building Capacity in MorphoSource through state-of-art, flexible data storage protocols for broader and more sustainable adoption by museums and other mass-data producers.",Duke University
2319804,2023-08-21,1767282,Standard Grant,Equipment: MRI: Track 2 Acquisition of a Tundra Cryo-electron microscope,Brandeis University
2319905,2023-08-21,429371,Standard Grant,MRI: Track 1 Acquisition of a fluorescence activated cell sorter to advance multidisciplinary biological research and training at the University of Memphis,University of Memphis
2320158,2023-08-21,1397667,Standard Grant,Equipment: MRI: Track 1 Acquisition of a 600 MHz NMR with Cryoprobe for the Greater Rocky Mountain Region,University of Denver
2320164,2023-08-21,467796,Standard Grant,MRI: Track 1 Acquisition of an Advanced Low-altitude Earth Observing System (ALEOS) with Hyperspectral and LiDAR Capabilities to Advance Interdisciplinary Research and Training,Oklahoma State University
2320241,2023-08-21,1179143,Standard Grant,Equipment: MRI: Track #1 Acquisition of an Orbitrap Eclipse Tribrid Mass Spectrometer,University of New Hampshire
2320450,2023-08-21,439413,Standard Grant,MRI: Track 1 Acquisition of a TEM for Multi-disciplinary Research and Education at University of Texas Rio Grande Valley-A Hispanic Serving Institution.,The University of Texas Rio Grande Valley
2312591,2023-08-22,488947,Standard Grant,BRC-BIO: Pick your poison: The physiological cost of alkaloid sequestration in dendrobatid poison frogs,University of Scranton
2320009,2023-08-22,271925,Standard Grant,MRI: Track 3: Acquisition of a Helium Recovery System to Reduce the Consumption of Helium of Montana State University's NMR Core Facility,Montana State University
2320189,2023-08-22,500408,Standard Grant,MRI: Acquisition of Helium Recovery Equipment: An integrated system for helium capture and recovery for the Oregon State University NMR facility,Oregon State University
2324899,2023-08-22,24951,Standard Grant,Planning: Planning the future of Corey Marsh Ecological Research Center,Michigan State University
2312986,2023-08-23,474462,Continuing Grant,ICBR Capacity: Biological Collections: Infrastructure improvement and data preservation of the Tetrapods Collection at the Ohio State University Museum of Biological Diversity.,"OHIO STATE UNIVERSITY, THE"
2321840,2023-08-23,796800,Continuing Grant,UKRI/BBSRC-NSF/BIO: Interpretable and Noise-Robust Machine Learning for Neurophysiology,University of California-Irvine
2326991,2023-08-23,25877,Standard Grant,Planning: Strategic Planning Workshop for the CSU Desert Studies Center,CSU Fullerton Auxiliary Services Corporation
2333103,2023-08-23,1199957,Standard Grant,"Research Infrastructure: RCN: A Comprehensive Toolkit for Interdisciplinary Team Science,  & its Context-Dependent Application","OHIO STATE UNIVERSITY, THE"
2316800,2023-08-24,701159,Continuing Grant,Collaborative Research: CoralReef3D - An open-source toolkit for underwater 3D ecosystem modeling and analysis,"OHIO STATE UNIVERSITY, THE"
2316801,2023-08-24,179787,Continuing Grant,Collaborative Research: CoralReef3D - An open-source toolkit for underwater 3D ecosystem modeling and analysis,University of Georgia Research Foundation Inc
2316362,2023-08-28,939752,Standard Grant,IntBIO: Collaborative Research: Phenotypes of the Anthropocene: integrating the consequences of sensory stressors across biological scales,Washington State University
2316363,2023-08-28,893079,Standard Grant,IntBIO: Collaborative Research: Phenotypes of the Anthropocene: integrating the consequences of sensory stressors across biological scales,California Polytechnic State University Foundation
2316364,2023-08-28,792127,Standard Grant,IntBIO: Collaborative Research: Phenotypes of the Anthropocene: integrating the consequences of sensory stressors across biological scales,Duke University
2243257,2023-09-06,29781068,Cooperative Agreement,Science and Technology Center for Quantitative Cell Biology,University of Illinois at Urbana-Champaign
2217817,2023-09-21,415898912,Cooperative Agreement,NEON Operations and Maintenance: Evolving from a Strong Foundation,Battelle Memorial Institute
2346114,2023-09-21,1,Cooperative Agreement,National Ecological Observatory Network Governing Cooperative Agreement,Battelle Memorial Institute
2350473,2023-10-10,602344,Standard Grant,CSBR: Emergency Rescue of the Orphaned Fish Collection of the University of Puerto Rico and Capacity Expansion of the Ichthyology Collection at the Sam Noble Museum,University of California-San Diego Scripps Inst of Oceanography
2400009,2023-10-24,634673,Standard Grant,IIBR Informatics: Mixture model algorithms for inferring covariance structures and microbial associations from microbiome data,Claremont McKenna College
2348683,2023-10-26,512731,Standard Grant,Collaborative Research: Image-based Readouts of Cellular State using Universal Morphology Embeddings,"Morgridge Institute for Research, Inc."
2405416,2023-11-11,788711,Standard Grant,A New Machine Learning Framework for Single-Cell Multi-Omics Bioinformatics,"University of Maryland, College Park"
2411431,2023-12-19,901639,Continuing Grant,Capacity: Biological Collections: Enhancement of the Caenorhabditis Natural Diversity Resource,Johns Hopkins University
2334679,2023-12-21,499568,Standard Grant,DESIGN: Driving Culture Change in a Federation of Biological Societies via Cohort-Based Early-Career Leaders,Federation of Amer Societies For Exper Biology
2334964,2023-12-22,448575,Standard Grant,DESIGN: Creating cultural change in small to medium-sized professional societies: a training network approach,Allegheny College
2335235,2023-12-27,443813,Standard Grant,"Collaborative Research: Design: Strengthening Inclusion by Change in Building Equity, Diversity and Understanding (SICBEDU) in Integrative Biology",California State University-Fresno Foundation
2335236,2023-12-27,29017,Standard Grant,"Collaborative Research: Design: Strengthening Inclusion by Change in Building Equity, Diversity and Understanding (SICBEDU) in Integrative Biology",University of California - Merced
2339890,2024-01-25,591052,Standard Grant,BioRETS site: Urban Ecology Research and Environmental Justice,University of Louisville Research Foundation Inc
2341417,2024-01-25,599101,Standard Grant,BIORETS: Engaging Teachers in Ecosystem Science for a Changing World,"Cary Institute of Ecosystem Studies, Inc."
2341459,2024-01-28,599997,Standard Grant,BIORETS: Genes & the Environment: Research Experiences for Teachers from Rural & Tribal Schools,University of North Dakota Main Campus
2341402,2024-01-29,600000,Standard Grant,"BIORETS: Convergence Research Experiences for Teachers in Synthetic and Systems Biology to Address Challenges in Food, Health, Energy, and Environment",Pennsylvania State Univ University Park
2341385,2024-01-30,592118,Standard Grant,"BIORETS: Genetics, Genomics, and Biology Research Experiences for Teachers in the Sciences",Louisiana State University Health Sciences Center
2404769,2024-01-30,593239,Continuing Grant,"CAREER: Three-dimensional super-resolution light microscopy of thick, unprocessed biological samples","University of Massachusetts, Dartmouth"
2318917,2024-02-08,1000000,Continuing Grant,Bridging fields and expanding research opportunities with the timescale of life,Temple University
2319710,2024-02-12,14999899,Cooperative Agreement,NSF-BII: Integrative Movement Sciences Institute,University of California-Irvine
2330043,2024-02-12,19999300,Cooperative Agreement,"Research Infrastructure: Mid-scale RI-1 (MI:IP): X-rays for Life Sciences, Environmental Sciences, Agriculture, and Plant sciences (XLEAP)",Cornell University
2420657,2024-02-15,50000,Standard Grant,2021 REU Site Workshop:  Looking Forward,University of Wyoming
2416314,2024-02-17,585050,Standard Grant,"Collaborative Research: phyloregion, computational infrastructure for biogeographic regionalization and macroecology in the R computing environment",Stanford University
2335225,2024-02-20,1359303,Standard Grant,IMPLEMENTATION: Shifting Culture and Mitigating Inequities in Landscape Ecology Through a Collaborative Network of Professional Societies,University of Arkansas
2341569,2024-02-20,598628,Standard Grant,BIORETS: Research Experiences for Advancing Curriculum on Hawaiian Ecosystem Sciences (REACHES),Bernice P Bishop Museum
2419923,2024-02-20,12500000,Cooperative Agreement,"BII: Life without water: protecting macromolecules, cells, and organisms during desiccation and rehydration across kingdoms of life",Michigan State University
2301405,2024-02-23,1397132,Continuing Grant,"Collaborative Research: Research Infrastructure: MorphoCloud: A Cloud Powered, Open-Source Platform For Research, Teaching And Collaboration In 3d Digital Morphology And Beyond",Seattle Children's Hospital
2301406,2024-02-23,178262,Continuing Grant,"Collaborative Research: Research Infrastructure: MorphoCloud: A Cloud Powered, Open-Source Platform For Research, Teaching And Collaboration In 3d Digital Morphology And Beyond",University of Washington
2301407,2024-02-23,56720,Standard Grant,"Collaborative Research: Research Infrastructure: MorphoCloud: A Cloud Powered, Open-Source Platform For Research, Teaching And Collaboration In 3d Digital Morphology And Beyond",Chapman University
2301408,2024-02-23,104216,Continuing Grant,"Collaborative Research: Research Infrastructure: MorphoCloud: A Cloud Powered, Open-Source Platform For Research, Teaching And Collaboration In 3d Digital Morphology And Beyond",University of Wisconsin-Parkside
2301409,2024-02-23,92470,Continuing Grant,"Collaborative Research: Research Infrastructure: MorphoCloud: A Cloud Powered, Open-Source Platform For Research, Teaching And Collaboration In 3d Digital Morphology And Beyond",University of Arizona
2301410,2024-02-23,68945,Standard Grant,"Collaborative Research: Research Infrastructure: MorphoCloud: A Cloud Powered, Open-Source Platform For Research, Teaching And Collaboration In 3d Digital Morphology And Beyond",University of Louisville Research Foundation Inc
2348895,2024-02-23,411592,Continuing Grant,REU Site: Ecology and Management for Resilient and Adapted Forests,Mississippi State University
2348924,2024-02-23,504194,Standard Grant,REU Site: Summer Research Program in Ecology at Harvard Forest,Harvard University
2349274,2024-02-23,442707,Standard Grant,REU Site: Research Experiences for Deaf and Hard of Hearing Students in Molecular Signaling - How Cells and Organisms Make Decisions,University of Tennessee Knoxville
2349577,2024-02-26,426663,Standard Grant,REU Site: Molecular Biology and Genetics of Cell Signaling,Cornell University
2334832,2024-02-27,494256,Standard Grant,DESIGN: Reforming organizational culture across Biology using a Community of Care framework,Chapman University
2334951,2024-02-27,1274120,Standard Grant,Collaborative Research: IMPLEMENTATION: Broadening participation of marginalized individuals to transform SABER and biology education,University of Alabama at Birmingham
2334952,2024-02-27,206492,Standard Grant,Collaborative Research: IMPLEMENTATION: Broadening participation of marginalized individuals to transform SABER and biology education,Arizona State University
2334953,2024-02-27,138184,Standard Grant,Collaborative Research: IMPLEMENTATION: Broadening participation of marginalized individuals to transform SABER and biology education,University of North Georgia
2334954,2024-02-27,81069,Standard Grant,Collaborative Research: IMPLEMENTATION: Broadening participation of marginalized individuals to transform SABER and biology education,University of California - Merced
2334955,2024-02-27,143926,Standard Grant,Collaborative Research: IMPLEMENTATION: Broadening participation of marginalized individuals to transform SABER and biology education,Florida International University
2348925,2024-03-04,362120,Standard Grant,REU Site: Environmental Science and Ecology on the Colorado Plateau,Northern Arizona University
2422305,2024-03-05,127883,Standard Grant,Collaborative Research: IMPLEMENTATION: C-COAST: Changing the Culture of our Occupations to Achieve Systemic Transformation,University of Rhode Island
2349102,2024-03-12,276285,Continuing Grant,"REU Site: Computational Insights into Infectious Disease Evolution, Ecology and Epidemiology",Yale University
2349220,2024-03-12,315666,Standard Grant,Collaborative Research: REU Site: MICRO-CCS: Microbial Interactions Create Research Opportunities for Community College Students,University of Illinois at Urbana-Champaign
2349221,2024-03-12,149935,Standard Grant,Collaborative Research: REU Site: MICRO-CCS: Microbial Interactions Create Research Opportunities for Community College Students,Parkland College
2349228,2024-03-12,464935,Standard Grant,REU Site: Research Experiences in Integrative and Evolutionary Biology,University of Massachusetts Boston
2349368,2024-03-12,479349,Standard Grant,"REU Site: Nature's machinery through the prism of Physics, Biology, Chemistry and Engineering",Clemson University
2349757,2024-03-12,465000,Standard Grant,REU Site: Interdisciplinary Biological Engineering and Science Training (I-BEST),University of California - Merced
2349224,2024-03-13,389355,Continuing Grant,REU Site: Research Experiences for Undergraduates in Genomics and Neuroscience,Louisiana State University Health Sciences Center
2348507,2024-03-15,463725,Standard Grant,"REU Site: Life in the Mountains: Field Research in Gothic, Colorado",Rocky Mountain Biological Laboratory
2349682,2024-03-15,491183,Standard Grant,"REU SITE: Assessment and sustainable management of ecosystem services at the nexus of food, energy, and water systems",University of Arkansas
2329533,2024-03-22,99999,Standard Grant,Building an agenda and community of biodiversity data science,University of California-Santa Barbara
2349028,2024-03-22,344754,Standard Grant,REU Site: Cellular and Molecular Biology of Stress (CMBS): Exploring the Complexities of Adaptation and Resilience,University of Wisconsin-Madison
2349379,2024-03-22,464887,Continuing Grant,REU Site: Socio-Ecological Systems (SES) in the American West: Rangelands and Resilience at Montana State,Montana State University
2334984,2024-03-27,499957,Standard Grant,DESIGN: Culture Change - Building a Relational and Inclusive Discipline through Genetics Engagement (CC-BRIDGE),Harvard University
2348203,2024-03-28,475976,Standard Grant,REU Site: SURFing the Interface between Chemistry and Biology,University of Florida
2348934,2024-03-28,368274,Standard Grant,REU Site: University of Maryland Eastern Shore Research Experience for Undergraduates in Marine and Estuarine Science,University of Maryland Eastern Shore
2349052,2024-03-28,374957,Standard Grant,REU Site: Quantitative Rules of Life: General Theories across Biological Systems,Santa Fe Institute
2349117,2024-03-28,466842,Standard Grant,REU Site: Microbiology of Low Oxygen Ecosystems (MLOxE) at Montana State,Montana State University
2349254,2024-03-28,281994,Continuing Grant,Collaborative Research: REU Site: Summer Undergraduate Research Program in RNA and Genome Biology (REU-RGB),University of Colorado at Denver
2349255,2024-03-28,182589,Continuing Grant,Collaborative Research: REU Site: Summer Undergraduate Research Program in RNA and Genome Biology (REU-RGB),Metropolitan State University of Denver
2349311,2024-03-28,423341,Continuing Grant,"REU Site: Microbial Biofilm Development, Resistance, & Community Structure",SUNY at Binghamton
2349353,2024-03-28,392786,Continuing Grant,Collaborative Research: REU Site Mystic Aquarium: Plankton to Whales: Consequences of Global Change within Marine Ecosystems,Sea Research Foundation
2349354,2024-03-28,72211,Continuing Grant,Collaborative Research: REU Site Mystic Aquarium: Plankton to Whales: Consequences of Global Change within Marine Ecosystems,University of Connecticut
2349410,2024-03-28,441269,Continuing Grant,REU Site: Summer Undergraduate Research in Genetics and Genomics (SURGe),Texas A&M AgriLife Research
2349462,2024-03-28,463568,Standard Grant,"REU Site: Ecology, Evolution, and Behavior Field Research at Mountain Lake Biological Station",University of Virginia Main Campus
2349652,2024-03-28,396148,Standard Grant,REU Site: Summer Program in Chihuahuan Desert Biodiversity,University of Texas at El Paso
2349627,2024-04-02,422391,Standard Grant,REU Site: Gulf Coastal Plain Ecology,University of Southern Mississippi
2349451,2024-04-09,464968,Standard Grant,REU Site: Plant Genome Research,Boyce Thompson Institute Plant Research
2321666,2024-04-10,25000000,Cooperative Agreement,PDB Management by The Research Collaboratory for Structural Bioinformatics,Rutgers University New Brunswick
2335029,2024-04-11,19999000,Cooperative Agreement,Center: National Synthesis Center for Emergence in the Molecular and Cellular Sciences,Pennsylvania State Univ University Park
2320251,2024-04-15,12498656,Cooperative Agreement,BII: Polyploidy: Integration Across Scales and Biological Systems,University of Florida
2414158,2024-04-15,792082,Continuing Grant,Collaborative Research: Electromagnet-integrated optical microscope stage with biocompatible magnetogel for investigating mechanobiology in 2D and 3D,"ELLISON INSTITUTE, LLC"
2421267,2024-04-15,47078,Standard Grant,Conference: Global Bioinformatics Education Summit 2024 — Energizing Communities to Power the Bioeconomy Workforce,Cold Spring Harbor Laboratory
2334849,2024-04-16,463000,Standard Grant,BRC-BIO: The origin and genetic makeup of rare plants: bridging micro- and macroevolution in the California Floristic Province,CAL POLY HUMBOLDT SPONSORED PROGRAMS FOUNDATION
2334573,2024-04-17,452399,Standard Grant,BRC-BIO: Epigenetic Regulation of Transposable Elements in Maize,Hofstra University
2332375,2024-04-29,444362,Standard Grant,BRC-BIO: Amino acid taste coding mechanisms and modulation in D. melanogaster,University of Vermont & State Agricultural College
2334786,2024-04-30,502593,Standard Grant,BRC-BIO: Proximate and ultimate explanations of extra-pair reproduction in a house wren population,Board of Trustees of Illinois State University
2334260,2024-05-03,487916,Standard Grant,BRC-BIO: Plant-Herbivore Interactions in Novel Communities and Environments,Smith College
2334860,2024-05-03,502981,Standard Grant,BRC-BIO: Foot Morphology for Substrates with Varied Compliance,Wesleyan University
2334535,2024-05-07,502940,Standard Grant,BRC-BIO: The role of the Sphingosine 1-Phosphate and Cyclooxygenase-2 pathway in the crosstalk between fibrosis and angiogenesis,James Madison University
2334799,2024-05-07,491409,Standard Grant,BRC-BIO: Unraveling biogeochemical controls on the soil carbon response to nitrogen fertilization across a northern deciduous forest,Williams College
2334899,2024-05-08,501629,Standard Grant,BRC-BIO: A Biogeochemical Study of Bog Iron in the New Jersey Pine Barrens,Stockton University
2334651,2024-05-10,500999,Standard Grant,BRC-BIO: Which whole-plant traits facilitate desiccation tolerance in the vegetative tissues of terrestrial and epiphytic resurrection ferns?,Pepperdine University
2334629,2024-05-13,480650,Standard Grant,BRC-BIO: How the evolution of duck foot shape relates to swimming ability - from morphology to robophysical models,University of Portland
2334543,2024-06-04,452670,Standard Grant,"BRC-BIO: Advancing Conservation Paleobiology through Ecometrics: Integrating Functional Traits and Environments of Past, Present, and Future Faunas",South Dakota State University
2334779,2024-06-04,501891,Standard Grant,"BRC-BIO: Community Assembly and Transmission of Puerto Rican Reptile Microbiomes: Evolutionary, Ecological, and Pathogen Implications",University of Puerto Rico Mayaguez
2335008,2024-06-04,497567,Standard Grant,BRC-BIO: The interactive effects of bats and insects on shrub encroachment dynamics in the Chihuahuan Desert,New Mexico State University
2409884,2024-06-04,240000,Fellowship Award,Postdoctoral Fellowship: PRFB: Area 1: Modeling gene drive with selfish germline stem cells in the Drosophila testis,"Hodge, Rachel"
2409901,2024-06-04,240000,Fellowship Award,Postdoctoral Fellowship: PRFB: The evolutionary consequences of sensory novelty: Genomic and phenotypic responses to the origin of heat sensing in vipers,"Hogan, Michael P"
2409958,2024-06-04,240000,Fellowship Award,Postdoctoral Fellowship: PRFB: Investigating contact zones to understand the genomic and environmental underpinnings of reproductive isolation and adaptive introgression,"Farleigh, Keaka"
2410100,2024-06-04,240000,Fellowship Award,Postdoctoral Fellowship: PRFB: A fitness landscape for a satellite DNA causing unstable mitosis in Drosophila hybrids,"Xiong, Tianzhu"
2410200,2024-06-04,240000,Fellowship Award,Postdoctoral Fellowship: PRFB: Evaluating the Role of Transcriptional Plasticity in Insect Host Specialization,"Hippee, Alaine C"
2410210,2024-06-04,240000,Fellowship Award,Postdoctoral Fellowship: PRFB: Quantifying single-cell response to phage-induced stresses and high hydrostatic pressure in bacteria.,"Illava, Gabrielle"
2410223,2024-06-04,240000,Fellowship Award,Postdoctoral Fellowship: PRFB: The power of plasticity: aquatic plants' response to an ever-changing environment,"Wickell, David A"
2410289,2024-06-04,240000,Fellowship Award,Postdoctoral Fellowship: PRFB: Investigating the role of genome organization on de novo gene origination through cis- regulation,"Lee, UnJin"
2410503,2024-06-04,240000,Fellowship Award,"Postdoctoral Fellowship: PRFB: Leveraging metagenomics, metatranscriptomics, and gnotobiotic models to facilitate protective microbiomes sourced from natural communities","Doolin, Margaret Louise"
2410511,2024-06-04,240000,Fellowship Award,Postdoctoral Fellowship: PRFB: Effects of precipitation variation on species interactions and coexistence,"Ray, Courtenay A"
2334053,2024-06-05,452434,Standard Grant,BRC-BIO: Uncoiling the ecological and evolutionary drivers of snail-symbiont interrelationships,Arkansas State University Main Campus
2334534,2024-06-05,380238,Standard Grant,BRC-BIO: Maintenance of Alternative Reproductive Tactics in a Plethodontid Salamander,Kennesaw State University Research and Service Foundation
2334884,2024-06-05,501772,Standard Grant,BRC-BIO: The impact of pheromone signaling on C. elegans population dynamics,Missouri University of Science and Technology
2410030,2024-06-05,240000,Fellowship Award,Postdoctoral Fellowship: PRFB: Uncovering ecological and evolutionary drivers of fungal pathogen spread,"Couper, Lisa"
2410072,2024-06-05,240000,Fellowship Award,Postdoctoral Fellowship: PRFB: Understanding the past to conserve the future: integrating historical museum collections and avian conservation genomics,"Nakashima, Whitney"
2410038,2024-06-06,240000,Fellowship Award,Postdoctoral Fellowship: PRFB: Dynamics of evolutionary rescue in giant kelp (Macrocystis pyrifera),"Clark, Meaghan I"
2410205,2024-06-06,240000,Fellowship Award,Postdoctoral Fellowship: PRFB: Testing the Hologenome Concept in a Multi-Host Endoparasitic System,"Griffin, Chasen D"
2410227,2024-06-06,240000,Fellowship Award,Postdoctoral Fellowship: PRFB: Investigating the evolutionary dynamics of recombination landscapes and adaptive trait architectures across varying degrees of gene flow,"Akopyan, Maria"
2410565,2024-06-06,240000,Fellowship Award,Postdoctoral Fellowship: PRFB: Using genomics and simulations to understand divergence and sympatry in island radiations,"Gyllenhaal, Ethan F"
2334660,2024-06-10,502999,Standard Grant,BRC-BIO: Trophoblast invasiveness influencing exosome-mediated cell communication,Worcester Polytechnic Institute
2334732,2024-06-10,494829,Standard Grant,BRC-BIO: Towards mechanistic elucidation of wall-associated kinase immunity receptors in barley-spot blotch interaction,South Dakota State University
2409904,2024-06-10,240000,Fellowship Award,Postdoctoral Fellowship: PRFB: Evolution of ion transporter function during salinity decline,"POPP, Teresa E"
2410082,2024-06-10,240000,Fellowship Award,Postdoctoral Fellowship: PRFB: Unlocking the evolutionary consequences of genetic rescue: Insights from genomics and quantitative genetics,"Guerrera, Alexa G"
2410121,2024-06-10,240000,Fellowship Award,Postdoctoral Fellowship: PRFB: Impact of Translation Efficiency on Immune Response Variation and Evolution,"Ray, Allyson"
2410238,2024-06-10,240000,Fellowship Award,Postdoctoral Fellowship: PRFB: Whole genome duplication and climatic niche evolution,"Gaynor, Michelle L"
2410282,2024-06-10,240000,Fellowship Award,Postdoctoral Fellowship: PRFB: Investigating lichen holobionts' response to climate change from metabolic phenotype to species distributions.,"Fowler, Joshua Clark"
2410331,2024-06-10,240000,Fellowship Award,Postdoctoral Fellowship: PRFB: Characterizing wild viromes in native plants: spatiotemporal patterns and mechanisms governing virus diversity across changing western grasslands,"Lombardi, Elizabeth"
2410413,2024-06-10,240000,Fellowship Award,"Postdoctoral Fellowship: PRFB: Adaptive responses to complex environmental stress in Saccharomyces cerevisiae at multiple levels: genome, transcriptome, and epigenome.","Sandoval-Powers, Megan A"
2410426,2024-06-10,240000,Fellowship Award,Postdoctoral Fellowship: PRFB: Disentangling the tree of life: the role of symbiosis in host diversification,"Cabuslay, Christian Superio"
2410571,2024-06-10,240000,Fellowship Award,Postdoctoral Fellowship: PRFB: Inferring genetic admixture histories via mechanistic modeling in structured ancestral populations,"Agwamba, Kennedy"
2410085,2024-06-11,240000,Fellowship Award,"Postdoctoral Fellowship: PRFB: Comparative evolutionary genomics and population genomics of long-distance migration, an extreme adaptation to seasonality","Pegan, Teresa"
2410099,2024-06-11,240000,Fellowship Award,Postdoctoral Fellowship: PRFB: Effect of interspecific interactions and local climate filters on species distributions under climate change,"Mosley, Camille"
2334070,2024-06-12,486332,Standard Grant,BRC-BIO: Multi-omics guided discovery of natural products from the cave and bat microbiome using ecologically inspired synthetic communities,James Madison University
2334708,2024-06-12,502946,Standard Grant,BRC-BIO: The molecular basis for carbon dioxide sensing and response in dimorphic fungi,Rhodes College
2334869,2024-06-12,497039,Standard Grant,BRC-Bio: Biochemical activation mechanisms of Arabidopsis GCN2 and translational control by reactive oxygen.,Valdosta State University
2349767,2024-06-12,341087,Continuing Grant,"REU Site: Ecology, Evolution, and Equity in Environmental Change (4EC)",University of California-Davis
2410118,2024-06-12,240000,Fellowship Award,Postdoctoral Fellowship: PRFB: Rules of Life: Snake venom as a model for understanding the origins and evolution of gene regulatory networks,"Smith, Sierra N"
2410382,2024-06-12,240000,Fellowship Award,Postdoctoral Fellowship: PRFB: Exploring the linkages between environmental nucleic acids (eNA) and the aquabiome in streams and rivers,"Snyder, Elise Delaney"
2410539,2024-06-12,240000,Fellowship Award,Postdoctoral Fellowship: PRFB: The influence of adaptation to fine-scale topographic variation on climate-induced range shifts,"Clark, Eliza I"
2410728,2024-06-12,240000,Fellowship Award,Postdoctoral Fellowship: PRFB: Bee-ing adaptable: how utilization of local information in honeybee swarms shapes adaptive responses to environmental perturbations,"Chase, Danielle Lee"
2409798,2024-06-13,240000,Fellowship Award,Postdoctoral Fellowship: PRFB: Mechanisms and test of plasticity-mediated persistence,"Harmon, Emily"
2410148,2024-06-13,240000,Fellowship Award,Postdoctoral Fellowship: PRFB: Understanding the Neural Control of Acoustic Duetting,"Venuto, Alexandra C"
2410152,2024-06-13,240000,Fellowship Award,"Postdoctoral Fellowship: PRFB: Predicting the effects of climate change on insect phenotypes, populations, and communities","Belitz, Michael W"
2410242,2024-06-13,240000,Fellowship Award,Postdoctoral Fellowship: PRFB: Meiofaunal methylation- Exploring Epigenetic Influences on Heterochronic Shifts in Development,"Yap-Chiongco, Meghan K"
2410512,2024-06-13,240000,Fellowship Award,Postdoctoral Fellowship: PRFB: Consequences of variation across scales: bioenergetics and behavior from phenotypes to ecosystems,"Hale, Kayla R S"
2410084,2024-06-18,240000,Fellowship Award,Postdoctoral Fellowship: PRFB: I ka wa ma mua: Looking to the past to understand ecosystem dynamics,"Farrant, Damien Nākoa"
2409984,2024-06-20,240000,Fellowship Award,Postdoctoral Fellowship: PRFB: How do Species Interactions and Ecological Communities Respond to Artificial Light at Night?,"Jennings, Sarah L"
2410098,2024-06-20,240000,Fellowship Award,Postdoctoral Fellowship: PRFB: Edges in Ecotones:  Differentiating processes at the leading and lagging edges of the marsh-forest ecotone,"Jobe, Justus G D"
2410350,2024-06-20,240000,Fellowship Award,Postdoctoral Fellowship: PRFB: Understanding human-wildlife interactions in the face of global change: the case of birds around the world,"Frans, Veronica Felicia"
2410358,2024-06-20,240000,Fellowship Award,Postdoctoral Fellowship: PRFB: Investigating DNA transfer-driven ecological relationships as a Rule of Life,"Van Etten, Julia"
2410361,2024-06-20,240000,Fellowship Award,Postdoctoral Fellowship: PRFB: Uncovering mechanisms of climate-driven range contractions in bumble bees,"Sarro, Erica"
2410425,2024-06-20,240000,Fellowship Award,Postdoctoral Fellowship: PRFB: Investigating Fruit Trait Responses to Seed Disperser Limitation,"Clemente, Seanne"
2410507,2024-06-20,240000,Fellowship Award,Postdoctoral Fellowship: PRFB: Using community coalescence theory to measure feedback between animal hosts and ecosystem function via the meta-gut system,"Nonnamaker, Emily"
2410582,2024-06-20,240000,Fellowship Award,Postdoctoral Fellowship: PRFB: Investigating Unsaturated Leaf Airspaces,"Jolly, Amber R"
2410757,2024-06-20,240000,Fellowship Award,Postdoctoral Fellowship: PRFB: Understanding virus-mediated shifts in host genomes and phenotypes in a model evaporative system,"Skoog, Emilie"
2334522,2024-06-21,452969,Standard Grant,BRC-BIO: Structure and functioning of microbial plankton under coastal hypoxia,Hofstra University
2334581,2024-06-21,498983,Standard Grant,BRC-BIO: Development of two biochemical tools to study Potato virus Y infection in plants,Carthage College
2409313,2024-06-21,240000,Fellowship Award,Postdoctoral Fellowship: PRFB: Mechanisms and impacts of synergistic stressors in an imperiled marine reptile,"Silver-Gorges, Ian Michael"
2409877,2024-06-21,240000,Fellowship Award,Postdoctoral Fellowship: PRFB: Relaxed kin selection in unicolonial ants: adrift in the evolutionary doldrums,"Larsen, Tyler J"
2410112,2024-06-21,240000,Fellowship Award,Postdoctoral Fellowship: PRFB: The role of symbiotic yeasts in structuring bumble bee nest microbial communities,"Rutkowski, Danielle"
2410196,2024-06-21,240000,Fellowship Award,Postdoctoral Fellowship: PRFB: Identifying Symbiont-Induced Changes to the Cnidarian Proteome that  Govern a Symbiotic Cell State,"Ciesla, Jessica H"
2410397,2024-06-21,240000,Fellowship Award,Postdoctoral Fellowship: PRFB: Traveling through time: a historical approach to understanding the genomic basis of rapid urban adaptation in house mice,"Clark, Rene Delight"
2410520,2024-06-21,240000,Fellowship Award,Postdoctoral Fellowship: PRFB: Integrating behavioral interactions across space and time to discover the rules that link phenotypic diversity to ecosystem function,"Earl, Alexis D"
2410523,2024-06-21,240000,Fellowship Award,Postdoctoral Fellowship: PRFB: Discovery and functional exploration of nature's repurposed enzymes in specialized metabolism,"Martinez Grundman, Jaime Enrique"
2410547,2024-06-21,240000,Fellowship Award,Postdoctoral Fellowship: PRFB: The impacts of organismal ecology on the distribution of lead pollution in the environment,"Brown, Jordan"
2419155,2024-06-21,190403,Continuing Grant,"Collaborative Research: Phenobase: Community, infrastructure, and data for global-scale analyses of plant phenology",INATURALIST
2409838,2024-06-24,240000,Fellowship Award,Postdoctoral Fellowship: PRFB: Understanding the impacts of simultaneous stressors on bat immunity and spillover risks,"Simonis, Molly C"
2410208,2024-06-24,240000,Fellowship Award,Postdoctoral Fellowship: PRFB: Investigating plant-butterfly dynamics across changing landscapes,"Saldivar, Jolene Antonette"
2410301,2024-06-24,240000,Fellowship Award,Postdoctoral Fellowship: PRFB: Sensorimotor behavioral dynamics of echolocating bats during collective flight,"Tuninetti, Amaro"
2410342,2024-06-24,240000,Fellowship Award,Postdoctoral Fellowship: PRFB: Behavioral and physiological mechanisms of buoyancy regulation in bony fishes,"Kaczmarek, Elska B"
2410553,2024-06-24,240000,Fellowship Award,"Postdoctoral Fellowship: PRFB: Characterizing the history of Batrachochytrium dendrobatidis, a globally-significant amphibian pathogen, with historic and sedimentary DNA","Steigerwald, Emma Cathleen"
2334987,2024-06-25,322925,Standard Grant,BRC-BIO: Coding for Stress Response: Characterization of stress-responsive peptides from sORF-containing long intergenic non-coding RNAs in Arabidopsis thaliana,Gustavus Adolphus College
2434592,2024-06-26,96777,Standard Grant,Conference: Developing Skills for Advanced Careers in Biology for NSF Postdoctoral Fellows in the PRFB Broadening Participation 2023 Cohort,Society for Advancement of Chicanos & Native Americans in Sci
2334140,2024-07-01,498267,Standard Grant,BRC-BIO: Disentangling drivers of color morph responses to climate change in a model salamander species,University of Dayton
2410506,2024-07-01,240000,Fellowship Award,"Postdoctoral Fellowship: Do hotter climates promote the evolution of complex mating displays? Integrating physiology, behavior, & the macroevolution of communication systems","Leith, Noah T"
2410710,2024-07-01,240000,Fellowship Award,"Postdoctoral Fellowship: PRFB: The tropical ""escalator to extinction""; linking community pattern to mechanistic process","Jones, Samuel E I"
2330960,2024-07-02,1426013,Standard Grant,Research Infrastructure: Sustaining the Operation of the UTEX Culture Collection of Algae,University of Texas at Austin
2410087,2024-07-02,240000,Fellowship Award,"Postdoctoral Fellowship: PRFB: Tooth Replacement and the Co-Development of Trigeminally Innervated Structures in Snakes: Morphologies, Mechanisms, and Maternal Effects","Plylar, Helen Bond"
2349344,2024-07-03,409397,Standard Grant,REU Site: Using Microscopy to understand Form and Function Across Biological Scales (MicroFFABS),Syracuse University
2333681,2024-07-08,483851,Standard Grant,BRC-BIO: Testing the drivers of heterogeneity in vector-borne blood parasitism and enhancing biodiversity collections and education in parasitology,University of Scranton
2334983,2024-07-08,495341,Standard Grant,BRC-BIO: Adult hippocampal neurogenesis: GPR37 mediated regulation of granule cell maturation,Smith College
2349492,2024-07-08,464865,Standard Grant,REU Site: Robustness and Resilience of Aquatic Biological Systems,Washington State University
2334944,2024-07-09,463000,Standard Grant,BRC-BIO Marajo: the origin and evolution of vertebrate diversity in the planet's largest fluvial island,CAL POLY HUMBOLDT SPONSORED PROGRAMS FOUNDATION
2418046,2024-07-09,74975,Standard Grant,RCN-UBE Incubator: Fostering a Mentorship Network for Evidence-Based Instructional Practices,Washington College
2349460,2024-07-11,464457,Standard Grant,REU SITE: UC Irvine Summer Institute in Neuroscience,University of California-Irvine
2349548,2024-07-11,549900,Standard Grant,REU Site Biological Discovery in Woods Hole,Marine Biological Laboratory
2334982,2024-07-16,502896,Standard Grant,BRC-BIO: Dispersal of deep biosphere extremophiles in seafloor sediments,Idaho State University
2338935,2024-07-16,807697,Continuing Grant,CAREER: Predictive spatial omics by graph and generative learning,Georgia Tech Research Corporation
2344530,2024-07-16,600120,Standard Grant,A microfluidic-based weighing scale with picogram resolution for single-cell mass measurements,Icahn School of Medicine at Mount Sinai
2418349,2024-07-17,74971,Standard Grant,RCN-UBE Incubator: Expanding Epistemic Boundaries in Biology Education Research,University of Georgia Research Foundation Inc
2403582,2024-07-19,659728,Standard Grant,"Collaborative Research: BioMembHub Cyberinfrastructure for Modeling and Analysis of Proteins, Peptides, and Small Molecules in Biomembranes",Lehigh University
2403583,2024-07-19,488799,Standard Grant,"Collaborative Research: BioMembHub Cyberinfrastructure for Modeling and Analysis of Proteins, Peptides, and Small Molecules in Biomembranes",Regents of the University of Michigan - Ann Arbor
2418329,2024-07-19,493317,Standard Grant,RCN-UBE: Building Open Education Ecosystems to Facilitate the Adoption and Adaptation of Computational and Data-Centric Tools Across Undergraduate Biology Education (OEE-UBE),"BioQUEST Curriculum Consortium, Inc"
2329961,2024-07-22,792845,Standard Grant,Towards a wormier world: Augmenting and georeferencing the largest host-helminth database,University of South Carolina at Columbia
2337423,2024-07-22,730000,Standard Grant,Transforming Protein Engineering Infrastructure: Using PicoShells for Rapid Directed Evolution of Complex Functions,University of California-Los Angeles
2338710,2024-07-22,1095313,Continuing Grant,CAREER: Leveraging the footprints of archaic ancestry to learn about human history and biology,University of California-Berkeley
2344149,2024-07-22,1534925,Standard Grant,Statistical Mechanics of Mutational Ensembles for Adaptive Evolution,Baylor College of Medicine
2347299,2024-07-22,499991,Standard Grant,Development of a piezoelectric inchworm machine for automatic microelectrode implantation into brain with meningeal layer penetration,University of Massachusetts Lowell
2412449,2024-07-22,1068457,Continuing Grant,Computational methods for large scale transcriptome profiling,Johns Hopkins University
2334976,2024-07-23,500846,Standard Grant,BRC-BIO: Undergraduate Researchers Investigating the Biological Effects of Environmental Microplastics,Moravian University
2402406,2024-07-23,278631,Standard Grant,Updating DARWIN (Digital Analysis and Recognition of Whale Images on a Network) to Sustain and Expand its use in Population Ecology,Eckerd College
2418214,2024-07-23,74998,Standard Grant,RCN-UBE: Incubator: Creating a Women's College Biology Network for Faculty and Students (WoCoBio),Agnes Scott College
2400687,2024-07-24,1140828,Standard Grant,Generating New Network Analysis Tools for Elucidating the Functional Logic of 3D Vision Circuits of the Drosophila Brain,Columbia University
2423163,2024-07-24,599955,Continuing Grant,"Collaborative Research: PurSUiT: Global Diversity, Distribution and Evolution of Pucciniomycotina Yeasts Inferred from a Tropical Oceanic Hotspot",Purdue University
2423081,2024-07-25,344539,Continuing Grant,MCA: Advancing autumn phenology research through the integration and analysis of two long-term observational studies,Michigan State University
2417510,2024-07-26,1200000,Standard Grant,Collaborative Research: IIBRP: VR-Bio-Talk: VR Voice-Controlled Visual Analytics Platform for Plant Digital Twins,Purdue University
2417511,2024-07-26,862121,Standard Grant,Collaborative Research: IIBRP: VR-Bio-Talk: VR Voice-Controlled Visual Analytics Platform for Plant Digital Twins,University of Arizona
2438365,2024-07-26,75000,Standard Grant,Conference: Inauguration Conference of 1.2 GHz NMR Spectrometer of National Gateway Ultrahigh Field NMR Center,"OHIO STATE UNIVERSITY, THE"
2418077,2024-07-30,74950,Standard Grant,RCN-UBE Incubator: Facilitating science communication beyond the ivory tower: A network to stabilize and grow undergraduate science communication education research,Middle Tennessee State University
2334694,2024-07-31,436126,Standard Grant,BRC-BIO Molecular Genetic Analysis and Evolution of Biomolecular Condensates in land plants.,Colorado State University-Pueblo
2413041,2024-08-02,768681,Standard Grant,ARTIFICIAL INTELLIGENCE-ASSISTED INTEGRATIVE BIOMOLECULAR NMR PLATFORM,University of Colorado at Denver
2325715,2024-08-05,468391,Standard Grant,Research Infrastructure: FAU Marine Science Lab Renovations at the Gumbo Limbo Environmental Complex,Florida Atlantic University
2415614,2024-08-05,299758,Standard Grant,EAGER: Pioneering gene tree averaging for bacterial phylogenomics,University of Washington
2418919,2024-08-05,997082,Continuing Grant,"IIBR Research Methods: Developing novel methods to sequence, visualize and analyze GlycoRNAs in diverse organisms",University of Texas at Austin
2333910,2024-08-06,696447,Standard Grant,"Lions and tiger sharks, and hares...oh my! Stabilizing and providing digital access to eight decades of parasites from vertebrates",University of Connecticut
2346662,2024-08-06,872532,Standard Grant,"Research Infrastructure: Urgent Infrastructure Improvements to Ensure the Health, Expansion, and Accessibility of New Hampshires Premier Natural History Collections",University of New Hampshire
2404589,2024-08-06,912106,Standard Grant,"Rehousing and expanding access to the type and rare bird collection, American Museum of Natural History",American Museum Natural History
2406624,2024-08-07,41091,Standard Grant,MRI:  Equipment: Acquisition of a qPCR instrument to enrich undergraduate research and education across biological disciplines,Randolph-Macon College
2408093,2024-08-07,341830,Standard Grant,Equipment: MRI: Track 1 Acquisition of a benchtop microCT scanner for interdisciplinary undergraduate research and education,Occidental College
2418216,2024-08-07,74948,Standard Grant,RCN-UBE Incubator: Project Leadership - Embedding Inclusive Leadership Experiences in the STEM Classroom,Princeton University
2422731,2024-08-07,372442,Standard Grant,"Collaborative Research: Developing a research hub for automated bee identification, data sharing, and citizen science using computer vision",Kansas State University
2422732,2024-08-07,305007,Standard Grant,"Collaborative Research: Developing a research hub for automated bee identification, data sharing, and citizen science using computer vision",University of Wisconsin-Madison
2422733,2024-08-07,342866,Standard Grant,"Collaborative Research: Developing a research hub for automated bee identification, data sharing, and citizen science using computer vision",University of Kansas Center for Research Inc
2333014,2024-08-08,639620,Standard Grant,Rehousing and Digitization of the Museum of Comparative Zoology Recent Invertebrate Microscope Slide Collections,Harvard University
2406615,2024-08-08,551957,Standard Grant,Research Infrastructure: MRI: Track 1 Acquisition of an Olympus FV4000RS Confocal Microscope System to Advance Research and Training at the University of Scranton,University of Scranton
2407288,2024-08-08,848348,Standard Grant,MRI: Track 1: Acquisition Of A Field-scanning Spinning Disk Confocal Imaging System For Super-resolution And Live Imaging Of Biological Systems,University of Iowa
2407348,2024-08-08,616215,Standard Grant,Equipment: MRI: Acquisition of a Confocal Microscope to Establish a Multi-Institution Core Facility for Undergraduate Research and Education,Mount St. Mary's University
2408000,2024-08-08,476440,Standard Grant,MRI: Track 1# Acquisition of a Light Sheet Microscope,University of South Alabama
2417643,2024-08-08,500000,Standard Grant,RCN-UBE: HBCU Faculty Collaborative Network for the Integration of Artificial Intelligence and Machine Learning into Teaching General Biology,Florida Agricultural and Mechanical University
2419522,2024-08-08,2963428,Standard Grant,Understanding biodiversity through a global platform for assembly and analysis of large genomes,Pennsylvania State Univ University Park
2313088,2024-08-09,555250,Standard Grant,"Expansion of Kellogg Biological Station Field Lab for Archive, Sample Preparation, and Outreach to Support Long Term Research Programs",Michigan State University
2326712,2024-08-09,190350,Standard Grant,Research Infrastructure: Research Laboratory at Timberlake Biological Field Station,Tarleton State University
2403654,2024-08-09,495808,Standard Grant,RCN: ZooMu Network: Integrating Zoos and Natural History Museums to Enhance Capacity for Biological Collections Research,Yale University
2404760,2024-08-09,1217623,Standard Grant,Collaborative Research: USA National Phenology Network 2.0: Reimagining how we experience the signs of the seasons,University of Arizona
2404761,2024-08-09,268421,Standard Grant,Collaborative Research: USA National Phenology Network 2.0: Reimagining how we experience the signs of the seasons,University of Florida
2406347,2024-08-09,466187,Standard Grant,Equipment: MRI Track 1 Acquisition of a Spinning-Disk Confocal Microscope for Cell and Molecular Biology Research and Undergraduate Teaching and Training,University of Portland
2408173,2024-08-09,355668,Continuing Grant,"Equipment: MRI:Track 1:Acquisition of instrumentation for ultra sensitive stable isotope measurements for environmental research, education and training in the Central Appalachians",University of Maryland Center for Environmental Sciences
2334942,2024-08-12,24960,Standard Grant,FSML Planning Grant: Stono Preserve Field Station,College of Charleston
2401702,2024-08-12,210034,Standard Grant,MRI: Track 1: Acquisition of a high-throughput flow cytometer at Portland State University,Portland State University
2405660,2024-08-12,662562,Continuing Grant,Research Infrastructure: MRI: Track #1 Acquisition of new stable isotope mass spectrometer to support modern and deep-time interdisciplinary environmental research and education,Smithsonian Institution
2407777,2024-08-12,264582,Continuing Grant,Equipment: MRI: Track 1: Acquisition of a Desktop Scanning Electron Microscope  for Aquatic Microbial Research and Education,Bigelow Laboratory for Ocean Sciences
2408622,2024-08-12,934500,Continuing Grant,Equipment: MRI: Track 1 Acquisition of a PacBio Revio System,Texas Tech University
2417992,2024-08-12,496043,Standard Grant,Transforming Learning and Equity in UBE by Cultivating an Ecosystem of Feedback (TUnE-Bio),Simmons University
2423775,2024-08-12,192730,Standard Grant,RAPID: Transferring the East Tennessee State University Herbarium to the University of Tennessee,University of Tennessee Knoxville
2432763,2024-08-12,99664,Standard Grant,Planning: Strategic Planning and Sustainability of the Natural Drosophila Species Stock Center,Cornell University
2439865,2024-08-12,49999,Standard Grant,Conference: ASM Conference for Undergraduate Educators,American Society For Microbiology
2345571,2024-08-13,600000,Standard Grant,IIBR Instrumentation: Optomagnetic twisting cytometry (OMTC) for high throghpout mapping of viscoelastic properties of live tis,University of California-Los Angeles
2408194,2024-08-13,186930,Standard Grant,Equipment: MRI Track 1: Acquisition of NextGen-O2k all-in-one System for Multidisciplinary Research and Education at The University of South Dakota.,University of South Dakota Main Campus
2408291,2024-08-13,251418,Standard Grant,Equipment: MRI: Acquisition of a Scanning Electron Microscope for Multidisciplinary Research and Research Training,Connecticut College
2408467,2024-08-13,634420,Standard Grant,Equipment: MRI Track 1: Acquisition of a Confocal Microscope System with High-Speed Resonant Scanning for Multidisciplinary Research at the University of Alabama in Huntsville.,University of Alabama in Huntsville
2438595,2024-08-13,364812,Standard Grant,A public workflow for predicting peptide binding structures,University of North Carolina at Chapel Hill
2407251,2024-08-14,743852,Standard Grant,Equipment: MRI: Track 1. Acquisition of XtaLAB Synergy-R single crystal diffractometer.,Saint Louis University
2407605,2024-08-15,940303,Continuing Grant,Equipment: Acquisition of an ultra-high resolution timsTOF Mass Spectrometry coupled to a nano-elute ultra high performance liquid chorography system (UHPLC) (Track 1),University of California - Merced
2418051,2024-08-15,499249,Standard Grant,RCN-UBE: Community of Neighboring and National Entrepreneurial Centers and Trainees (CONNECT) Network,St. Catherine University
2438071,2024-08-20,24365,Standard Grant,Collaborative Research: RAPID: Airborne LIDAR and Hyperspectral observations to support characterization of litter pool distributions in partnership with NSF DeAD project,Arizona State University
2438072,2024-08-20,118061,Standard Grant,Collaborative Research: RAPID: Airborne LIDAR and Hyperspectral observations to support characterization of litter pool distributions in partnership with NSF DeAD project,Battelle Memorial Institute
2332567,2024-08-21,923098,Standard Grant,Collaborative Research: Strengthening Global Biodiversity Research by Building Informatics Capacity for Ancient Environmental DNA,University of Wisconsin-Madison
2332568,2024-08-21,493248,Standard Grant,Collaborative Research: Strengthening Global Biodiversity Research by Building Informatics Capacity for Ancient Environmental DNA,University of Toledo
2412115,2024-08-21,18000000,Cooperative Agreement,PIPP Phase II: Analysis and Prediction of Pandemic Expansion (APPEX),University of Tennessee Knoxville
2412389,2024-08-21,18000000,Cooperative Agreement,PIPP Phase II: Community Empowering Pandemic Prediction and Prevention from Atoms to Societies (COMPASS),Virginia Polytechnic Institute and State University
2412446,2024-08-21,17999996,Cooperative Agreement,PIPP Phase II: Environmental Surveillance for Assessing Pathogen Emergence (ESCAPE),University of Kentucky Research Foundation
2412522,2024-08-21,17999996,Cooperative Agreement,PIPP Phase II: Center for Pandemic Insights (CPI),University of California-Davis
2346918,2024-08-22,24950,Standard Grant,Planning: Strategic Planning for Itasca Biological Station & Laboratories,University of Minnesota-Twin Cities
2418285,2024-08-22,499999,Standard Grant,RCN-UBE: Microbiomes In Computational Research Opportunities Network (MICROnet),University of California-Berkeley
2400058,2024-08-27,15000000,Cooperative Agreement,BioFoundry: NSF iBioFoundry for Basic and Applied Biology,University of Illinois at Urbana-Champaign
2400135,2024-08-27,18000000,Cooperative Agreement,BioFoundry: Artificial Intelligence-Driven RNA BioFoundry,University of Pennsylvania
2400220,2024-08-27,18000000,Cooperative Agreement,"BioFoundry: Glycoscience Resources, Education, And Training (BioF:GREAT)",University of Georgia Research Foundation Inc
2400302,2024-08-27,2000000,Standard Grant,"BioFoundry: Center for Robust, Equitable and Accessible Technology and Education (CREATE) for Next Generation BioFoundries",University of Delaware
2400327,2024-08-27,22000000,Cooperative Agreement,"BioFoundry: A BioFoundry for Extreme & Exceptional Fungi, Archaea and Bacteria (Ex-FAB)",University of California-Santa Barbara
2326493,2024-08-28,200000,Standard Grant,FSML: A small nearshore research vessel for the Oregon Institute of Marine Biology,University of Oregon Eugene
2450351,2024-09-20,723158,Continuing Grant,Development and Optimization of a Digital AC-DC Electropenetrograph for Real-Time Recording of On-host Tick Feeding,Auburn University
2502569,2024-11-12,398109,Standard Grant,IIBR RoL:  Collaborative Research:  A Rules Of Life Engine (RoLE) Model to Uncover Fundamental Processes Governing Biodiversity,University of Hawaii
2450802,2024-11-13,1089155,Continuing Grant,Collaborative Research: BBSRC-NSF/BIO: An autonomous registry system for plant microRNAs,University of California-Davis
2505285,2024-11-13,701728,Standard Grant,Computational framework for identifiable and phase-consistent allele-specific expression quantification,University of Pittsburgh
2514928,2024-12-18,690623,Continuing Grant,"Collaborative Research: Phenobase: Community, infrastructure, and data for global-scale analyses of plant phenology",University of Arizona
2515340,2025-01-13,12456537,Cooperative Agreement,BII: Predicting the global host-virus network from molecular foundations,Yale University
2522148,2025-02-05,56720,Standard Grant,"Collaborative Research: Research Infrastructure: MorphoCloud: A Cloud Powered, Open-Source Platform For Research, Teaching And Collaboration In 3d Digital Morphology And Beyond",University of Washington
2517825,2025-02-14,730629,Continuing Grant,"CAREER: Open-Access, Real-Time High-Throughput Metabolomics for High-Field and Benchtop NMR for Biological Inquiry",University of Houston
2437422,2025-02-19,502983,Standard Grant,BRC-BIO: Building a Cell - Coupling Amphiphile Prebiotic Chemistry to Protocell Heredity,The University of Texas Rio Grande Valley
2437635,2025-02-19,502995,Standard Grant,"BRC-BIO: Deciphering the Organization, Membrane Architecture and Immunity functions of plant membrane Nanodomains (DOMAIN)",University of South Alabama
2522386,2025-02-19,500478,Continuing Grant,CAREER:Ontology-powered Named Entity Recognition and Robust Semantic Similarity Metrics,University of Nebraska at Omaha
2437133,2025-02-20,468344,Standard Grant,BRC-BIO: Exploring the phenotypic consequences of copy number variation of the ribosomal RNA genes,SUNY College at Brockport
2437396,2025-02-20,452892,Standard Grant,BRC-BIO: Mechanistic regulation of dynamic gene expression patterns by temporal JNK activation,South Dakota State University
2437568,2025-02-20,461575,Standard Grant,BRC-BIO: Basis of L- and D-Amino Acid Substrate Recognition by Bacterial Aminoacyl-tRNA Editing Enzyme,Earlham College
2437712,2025-02-20,502986,Standard Grant,BRC-BIO: Cell cycle regulators in postmitotic multinucleated cells: Conserved mechanisms regulating muscle cell size.,Oakland University
2437522,2025-02-21,502981,Standard Grant,BRC-BIO: Mechanistic insights into AMPA receptor trafficking during long-term potentiation,University of Richmond
2528521,2025-03-11,798501,Continuing Grant,CAREER: Mining biological functions from single cell multi-omics data,Oregon Health & Science University
2528520,2025-03-20,99753,Standard Grant,Conference: BIO-AI: Cyberinfrastructure and AI for Ecological Research at NEON and Beyond Workshop,University of Pittsburgh
2444114,2025-03-31,440000,Standard Grant,"BIORETS: Research Experiences for Teachers in the Biology of Plants, Animals, Microorganisms, and their Environments",Western Michigan University
2437591,2025-04-07,400000,Standard Grant,BRC-BIO: Estuarine food web responses to urbanization and restoration,Hampton University
2525954,2025-04-11,502998,Standard Grant,BRC-BIO: Evolution and ecology across the mutualism-parasitism transition in leafflower plants (Phyllanthaceae) and leafflower moths (Lepidoptera: Gracillariidae: Epicephala),James Madison University
2409983,2025-04-14,122617,Standard Grant,Converting Mata de Platano Field Station’s Electrical Network to Solar Power with Rainwater Collection System for Sustainable Biological Research.,Inter American University of Puerto Rico San Juan
2444231,2025-04-24,469781,Standard Grant,BIORETS: Conserving Water Resources and Riparian Biodiversity in a Desert Climate,University of Arizona
2447384,2025-04-24,477292,Standard Grant,REU Site: Next generation plant biology and plant-microbe interactions,University of California-Riverside
2447421,2025-04-24,465089,Standard Grant,REU Site: Plant Biology & Conservation Research Experiences for Undergraduates - From Genes to Ecosystems,Chicago Horticultural Society
2507943,2025-04-24,270000,Fellowship Award,Postdoctoral Fellowship: PRFB: Stress-induced phenotypic plasticity and generational effects in the silk-producing glow worm Orfelia fultoni,"Brown, Tyler A"
2507989,2025-04-24,270000,Fellowship Award,Postdoctoral Fellowship: PRFB: Genetic and Mechanistic Bases of Rapid Phenotypic Evolution: Functional Implications & Environmental Associations of Structural White Color in Birds,"McCullough, Jenna Merle"
2508095,2025-04-24,270000,Fellowship Award,Postdoctoral Fellowship: PRFB: The multigenerational impacts of gene flow from genotype to fitness in a wild pedigreed bird population,"Tian, David"
2508111,2025-04-24,270000,Fellowship Award,Postdoctoral Fellowship: PRFB: Rules of Life: Characterizing maternal nutritional profiles to understand reproduction-immunity tradeoffs in amphibians,"Colón-Piñeiro, Zuania"
2506742,2025-04-29,270000,Fellowship Award,"Postdoctoral Fellowship: PRFB: Interplay between structural variants, phenotype, and local adaptation in a cryptic avian complex","Beam, Johanna K"
2506778,2025-04-29,270000,Fellowship Award,Postdoctoral Fellowship: PRFB: Scaling up the impacts of parasitism: from individual host genotypes to ecosystems,"Davenport, Elizabeth Sarah"
2506906,2025-04-29,270000,Fellowship Award,"Postdoctoral Fellowship: PRFB: Genetic elucidation of a multilayer ecological lemur network in Madagascar: Ecosystem properties, dynamics, and conservation priorities",Rowe                    Amanda         K
2507021,2025-04-29,270000,Fellowship Award,Postdoctoral Fellowship: PRFB: Mechanisms coupling photosynthesis and nitrogen fixation from molecular to ecological scales,"Chong, Trisha N"
2507216,2025-04-29,270000,Fellowship Award,Postdoctoral Fellowship: PRFB: Push or pull: sagebrush scent cues as a driver of mule deer migratory behavior in a changing world,"Wuensch, Matthew A"
2507355,2025-04-29,270000,Fellowship Award,Postdoctoral Fellowship: PRFB: Proximate origins and ecological and evolutionary consequences of resource polyphenism,"Cronin, Andrew D"
2507670,2025-04-29,270000,Fellowship Award,Postdoctoral Fellowship: PRFB: Linking phenotypes to environments via thermal physiology across replicate lizard ecomorphs,"Westeen, Erin"
2507847,2025-04-29,270000,Fellowship Award,Postdoctoral Fellowship: PRFB: Using the introduced parrots of southern California as a model system for studying evolutionary response to a rapid shift in environmental conditions,"DeRaad, Devon A"
2507852,2025-04-29,270000,Fellowship Award,"Postdoctoral Fellowship: PRFB: Testing a role for interspecific interactions in signal evolution, speciation, and sympatry in birds","Wacker, Kristen Suzanne"
2507897,2025-04-29,270000,Fellowship Award,Postdoctoral Fellowship: PRFB: Understanding the role epigenetics plays in bacterial adaptation,"Anele, Anuoluwapo O"
2507909,2025-04-29,270000,Fellowship Award,Postdoctoral Fellowship: PRFB: The role of genotype and environment in shaping individual nuclear contributions to transcription in dikaryotic fungi,"Young, Soleil E"
2507924,2025-04-29,270000,Fellowship Award,Postdoctoral Fellowship: PRFB: Eco-evolutionary impacts of cyanobacterial diets on host-parasite interactions,"Sanchez, Kristel Fernanda"
2507925,2025-04-29,270000,Fellowship Award,Postdoctoral Fellowship: PRFB: Environmental Forces Shaping Animal Origins: Investigating the microbial ecology of an extremophile choanoflagellate,"Reyes-Rivera, Josean"
2507956,2025-04-29,270000,Fellowship Award,Postdoctoral Fellowship: PRFB: Drivers  and consequences of insect diet shifts over evolutionary timescales,"Graber, Leland Carl"
2508006,2025-04-29,270000,Fellowship Award,Postdoctoral Fellowship: PRFB: Multi-level integration of behavior and brain transcriptomic variation in a polyphenic insect with biparental care.,"Westwick, Rebecca Renee"
2508011,2025-04-29,270000,Fellowship Award,Postdoctoral Fellowship: PRFB: Pre- and post-phagocytic winnowing mechanisms in cnidarian-algal endosymbiosis,"Ruggeri, Maria"
2508079,2025-04-29,270000,Fellowship Award,Postdoctoral Fellowship: PRFB: The evolution of cyanide tolerance in bamboo lemur gut microbiota,"Donohue, Mariah E"
2508114,2025-04-29,270000,Fellowship Award,Postdoctoral Fellowship: PRFB: Mapping the Bumblebee Social Network Across Levels of Organization,"Ruttenberg, Dee"
2508159,2025-04-29,270000,Fellowship Award,Postdoctoral Fellowship: PRFB: Investigating developmental genetic and environmental modulators of segment addition in annelid worms,"Setton, Emily Victoria Whitney"
2508176,2025-04-29,270000,Fellowship Award,Postdoctoral Fellowship: PRFB: Elucidating the chemical potential of the small intestinal microbiome,"Fu, Beverly"
2508220,2025-04-29,270000,Fellowship Award,Postdoctoral Fellowship: PRFB: Examining the role of the bivalve gut microbiome in facilitating xenobiotic tolerance,"Naik, Abhishek T"
2508258,2025-04-29,270000,Fellowship Award,Postdoctoral Fellowship: PRFB: Neuroendocrinology of adult feminization in a sexually plastic fish,"Maksimoski, Alyse"
2508278,2025-04-29,270000,Fellowship Award,Postdoctoral Fellowship: PRFB: Grounded in Volatility: Using Volatile Organic Compounds to Illuminate Plant-Influenced Microbial Phenotypes in Desert Soils,"Fudyma, Jane D"
2508279,2025-04-29,270000,Fellowship Award,Postdoctoral Fellowship: PRFB: Adaptive costs of multifunctionality in rhodopsins,"Anderson, Nolan Thomas"
2508293,2025-04-29,270000,Fellowship Award,Postdoctoral Fellowship: PRFB: Elucidating the Relationship Between Structure and Enzymatic Activity in PopZ Condensates,"Moses, David"
2508295,2025-04-29,270000,Fellowship Award,Postdoctoral Fellowship: PRFB: Evolutionary determinants of protein biophysics,"McShea, Hanon"
2508854,2025-04-29,270000,Fellowship Award,Postdoctoral Fellowship: PRFB: How host immunity drives the evolution of pathogen virulence,"Blazanin, Michael"
2444512,2025-04-30,469953,Standard Grant,"BIORETS: Biological pathways to adaptability  interactions among the genome,epigenome and environment",Iowa State University
2508299,2025-05-06,270000,Fellowship Award,Postdoctoral Fellowship: PRFB: Characterizing Microeukaryotic Responses to Terrestrial Influence in Sediments Along a Continental Slope,"Schulberg, Sara"
2507649,2025-05-15,270000,Fellowship Award,"Postdoctoral Fellowship: PRFB: You are what you eat: how anthropogenic diets shape the gut microbiome, health, and behavior of urban wildlife","Caspi, Tal"
2507778,2025-05-15,270000,Fellowship Award,Postdoctoral Fellowship: PRFB: A trait based world: Understanding the genetic variation of fungivore nematode phenotypes under warming,"Martin, Tvisha"
2508151,2025-05-15,270000,Fellowship Award,Postdoctoral Fellowship: PRFB: From individuals to landscapes: scaling plant carbon tradeoffs in African savannas,"Wedel, Emily R"
2508185,2025-05-15,270000,Fellowship Award,Postdoctoral Fellowship: PRFB: Impact of MUC1 repeat copy number variation on glycosylation and function,"Pajic, Petar"
2508212,2025-05-15,270000,Fellowship Award,Postdoctoral Fellowship: PRFB: Pathogen-Host Genomic Interactions as Drivers of Invasion Success,"Broomandkhoshbacht, Nasreen Zeeba"
2508215,2025-05-15,270000,Fellowship Award,Postdoctoral Fellowship: PRFB: Soil microbial legacies as drivers of plant coexistence,"Magee, Lukas"
2447694,2025-05-16,421425,Standard Grant,REU SITE: CSHL NSF-REU Bioinformatics and Computational Neuroscience Summer Undergraduate Program,Cold Spring Harbor Laboratory
2444414,2025-05-22,470000,Standard Grant,BIORETS: Creating Communities of Practice to Translate Microbial Evolution in Action Research to the Classroom,University of Pittsburgh
2444765,2025-05-22,462342,Standard Grant,REU Site: Program in Molecular Biosciences,Colorado State University
2447443,2025-05-22,463496,Standard Grant,"REU Site: Saving Critically Endangered Species and Habitats: Next-generation Education, Research, and Training for Conservation Biologists",George Mason University
2447305,2025-05-23,372000,Standard Grant,NSF REU: INSPIRE: Increasing Student Participation in Research Experiences,Texas A&M University-San Antonio
2514564,2025-05-23,456522,Standard Grant,BRC-BIO: Trade-offs in locomotor performance: comparing hoppers and jumpers in variable environments,Claremont McKenna College
2533202,2025-05-23,503000,Standard Grant,"BRC-BIO: The role of serotonin signaling in autoregulation of axon morphology, connectivity, and behavior in Drosophila",Mount Holyoke College
2445014,2025-05-28,432891,Standard Grant,REU Site - Plant and Microbial Bioscience for a Sustainable Future,Washington University
2446018,2025-05-28,415780,Standard Grant,REU Site:  Novel Genome-Scale Technologies and Big Data Science,University of Washington
2447530,2025-05-28,464957,Standard Grant,REU Site: Purdue Undergraduate Research Experiences for Plant Biology and Data Science (PURE-PD),Purdue University
2447582,2025-05-28,467468,Standard Grant,REU Site: Applied Terrestrial Ecology of a Biodiversity Hotspot,Auburn University
2447584,2025-05-28,464355,Standard Grant,REU Site:  The Stressed Life of Cells,University of Kansas Center for Research Inc
2447798,2025-05-28,464662,Standard Grant,REU Site: Training and Experimentation in Computational Biology (TECBio),University of Pittsburgh
2445879,2025-05-29,464993,Standard Grant,REU Site: Interdisciplinary Research Experiences in Urban Watershed Science,Regents of the University of Michigan - Dearborn
2447178,2025-05-29,462900,Standard Grant,REU HIIAKA: Regeneration and Resilience of Socioecological Island Ecosystems,University of Hawaii
2447297,2025-05-29,443508,Standard Grant,REU Site: Plant Genomics @ Michigan State University,Michigan State University
2447759,2025-05-29,470995,Standard Grant,Research Infrastructure: REU Site: How Robustness and Resilience in Response to Biotic and Abiotic Stressors Shape Biological Processes,University of California-Berkeley
2447593,2025-05-30,489895,Standard Grant,REU site: Animal Behavior in Context,Indiana University
2447707,2025-05-30,460504,Continuing Grant,REU Site: in Neural Science,New York University
2447897,2025-05-30,511217,Standard Grant,REU Site - Summer Undergraduate Research Program in Biochemistry,Texas A&M AgriLife Research
2447410,2025-06-03,465000,Standard Grant,REU Site: Ecology in Human-Dominated Landscapes,Miami University
2447669,2025-06-03,465000,Standard Grant,REU Site: Genes & the Environment,University of North Dakota Main Campus
2447103,2025-06-06,368174,Standard Grant,REU Site: Genetic and Biochemical Analysis of Proteins,Purdue University
2446939,2025-06-12,465000,Standard Grant,REU Site: Research Training in Systems and Quantitative Biology,Yale University
2447498,2025-06-13,465000,Standard Grant,REU Site: Synthetic Biology at Northwestern: Data at all scales (SynBREU3.0),Northwestern University at Chicago
2437743,2025-06-18,422467,Standard Grant,"BRC-BIO: GYRnomics: Investigating the relationship between avian immune genes, microbiome, and pathogens in an Arctic raptor",Boise State University
2507640,2025-07-02,270000,Fellowship Award,Postdoctoral Fellowship: PRFB: The Role of Plant Immunity in Driving Maize Microbe-Dependent Heterosis,"Leuschen-Kohl, Rebecca Lynn"
2507806,2025-07-02,270000,Fellowship Award,Postdoctoral Fellowship: PRFB: Deciphering the Role of Pyrazine Biosynthetic Enzymes in Host-Colonization Dynamics and Gut Chemical Diversity,"Hamchand, Randy"
2508050,2025-07-02,270000,Fellowship Award,Postdoctoral Fellowship: PRFB: Integrating the hygric environment into physiological measures across life stages and latitude to predict population viability,"Medina-Báez, Osmary A"
2508266,2025-07-02,270000,Fellowship Award,Postdoctoral Fellowship: PRFB: Biodiversity in hybrid systems: Exploring the hybrid bridge hypothesis,"Durkee, Lily F"
2437394,2025-07-03,359899,Standard Grant,BRC-BIO: Integrating within- and across- generation plasticity to temperature variation to inform eco-evolutionary responses to temperature variation,Northern Arizona University
2437471,2025-07-03,419379,Standard Grant,BRC-BIO: Neural mechanisms underlying stable flight in insects,Bryn Mawr College
2437733,2025-07-03,423262,Standard Grant,BRC-BIO: Molecular identity and function of neuronal cell types underlying social thermoregulation.,University of Wyoming
2437246,2025-07-07,423366,Standard Grant,BRC-BIO: Defining the metabolic and molecular responses of host-viral-fungal interactions,University of California - Merced
2437387,2025-07-07,495000,Standard Grant,BRC-BIO:The symbionts' symbionts: Dissecting the microbiome of the coral endosymbiont (Symbiodiniaceae),American University
2437519,2025-07-07,423192,Standard Grant,BRC-BIO: Scents and sensibility: The impacts of vasotocin and humidity on chemical communication in lizards,Villanova University
2436449,2025-07-08,414830,Standard Grant,BRC-BIO: The role of resources and competition in shaping fine-scale territorial and fission-fusion dynamics in a non-model population of a model species,Macalester College
2437654,2025-07-08,501393,Standard Grant,BRC-BIO: Phenotypic traits facilitate plasticity in a model marine gastropod,Ursinus College
2448028,2025-07-08,683122,Standard Grant,Biophysical Neural Networks for Quantitative Analysis of Genomic Data,Trustees of Boston University
2433529,2025-07-09,848286,Standard Grant,Developing Integrated Movement Models (IMMs) to combine big-data streams and unravel global-scale patterns in migration ecology,Pennsylvania State Univ University Park
2437167,2025-07-09,422183,Standard Grant,BRC-BIO: How temperature-nutrient interactions affect the physiology and ecology of an insect herbivore,Southern Oregon University
2437445,2025-07-09,495178,Standard Grant,BRC-BIO: Interactive effects of ecosystem warming and precipitation regime disturbance on tropical soil greenhouse gas emissions,Chapman University
2433490,2025-07-11,980943,Standard Grant,Enhanced macromolecular structure modeling and validation methods for cryo-EM maps,Purdue University
2435219,2025-07-11,486982,Standard Grant,BRC-BIO Assessment of character displacement in cooperatively nesting wasps,University of Missouri-Saint Louis
2437272,2025-07-11,500448,Standard Grant,BRC-BIO: Tracing Impacts of Invasive Woody Plants on Lake Food Webs,Creighton University
2437500,2025-07-11,501641,Standard Grant,BRC-BIO: Exploring multi-domain syntrophic symbioses in marine oxygen-depleted environments,University of Puerto Rico Mayaguez
2437511,2025-07-11,423626,Standard Grant,BRC-BIO: Neurobiology of Cognition and Emotion in Teleost Fish,Montclair State University
2437513,2025-07-11,502674,Standard Grant,BRC-BIO: Evolution of nitrogen exchange and transformation in mammalian gut microbes,"Minnesota State University, Mankato"
2514869,2025-07-11,713180,Standard Grant,A computational framework for studying context-specific enhancer targeting,The University of Central Florida Board of Trustees
2532339,2025-07-11,49234,Standard Grant,Conference: Remote Sensing and Fluxes for Real-world Impact: Integration with Advanced Techniques,Battelle Memorial Institute
2434867,2025-07-14,800001,Standard Grant,PALYIM: A DEEP-LEARNING PLATFORM FOR POLLEN IMAGE ANALYSIS,University of Illinois at Urbana-Champaign
2442397,2025-07-15,865988,Continuing Grant,CAREER: Theory and methods to understand and predict how heterogeneous population structure shapes evolutionary dynamics,Carnegie Mellon University
2529058,2025-07-16,252629,Standard Grant,Sustaining the Network for Advanced NMR Cyberinfrastructure,University of Connecticut Health Center
2440964,2025-07-17,639214,Continuing Grant,CAREER: Computational infrastructure for building causal models of molecular biology,University of Massachusetts Boston
2531433,2025-07-17,300000,Standard Grant,Probabilistic string similarity sketching software development for metagenomics and RNA-seq,Carnegie Mellon University
2441939,2025-07-21,350721,Standard Grant,BRC-BIO Chronic wasting disease (CWD) in Southwest Montana: Investigating mechanisms of environmental transmission for CWD control.,The University of Montana-Western
2442063,2025-07-21,773200,Continuing Grant,CAREER: Machine Learning Algorithms for Tackling Annotation Inequality in Protein Function Characterization,Georgia Tech Research Corporation
2528786,2025-07-22,495341,Standard Grant,BRC-BIO: Adult hippocampal neurogenesis: GPR37 mediated regulation of granule cell maturation,Morehouse School of Medicine
2436056,2025-07-23,502863,Standard Grant,BRC-BIO: Indirect responses of rodents to overabundant herbivores,Hamilton College
2443276,2025-07-23,993364,Continuing Grant,"CAREER: Bias, design, and access of ecological monitoring programs",University of New Hampshire
2436821,2025-07-24,502819,Standard Grant,BRC-BIO - The effect of sea-level rise on methane dynamics in coastal wetlands: Building undergraduate research opportunities in Hawai'i,Hawaii Pacific University
2437171,2025-07-24,362727,Standard Grant,BRC-BIO: Developing new phylogenetic comparative methods to study the evolution of sequence traits,Towson University
2440821,2025-07-24,1250000,Continuing Grant,CAREER: Pioneering Large-Volume Optical Microscopy with Pupil-Matched Remote Focusing Techniques,University of New Mexico
2503686,2025-07-24,861467,Standard Grant,Super-Resolution Cell and Tissue Imaging via Parallel Multifocal Scanning Microscopy,Georgia Tech Research Corporation
2515589,2025-07-24,1481468,Standard Grant,Research Infrastructure: Scaling Capacity for Coral Research at Arizona State University's Ridge to Reef Restoration Center in Hawai'i,Arizona State University
2531954,2025-07-24,200000,Standard Grant,Collaborative Research: Quantum Algorithms for High-Performance Analysis of Single-Cell Omics Data and Explainable Drug Discovery,Rowan University
2531955,2025-07-24,100000,Standard Grant,Collaborative Research: Quantum Algorithms for High-Performance Analysis of Single-Cell Omics Data and Explainable Drug Discovery,George Mason University
2422619,2025-07-25,225000,Standard Grant,Collaborative Research: Database and toolbox for characterization of subcellular components in cellular cryo-electron tomograms,Carnegie Mellon University
2422620,2025-07-25,225000,Standard Grant,Collaborative Research: Database and toolbox for characterization of subcellular components in cellular cryo-electron tomograms,Purdue University
2451725,2025-07-25,335234,Standard Grant,Research Infrastructure: Securing and Advancing Access to the Duke Lemur Center BioBank,Duke University
2420499,2025-07-28,1905153,Standard Grant,Research Infrastructure: PhyNetPy: An Open-source Library for Developing Phylogenetic Network Inference and Analysis Capabilities,William Marsh Rice University
2420828,2025-07-28,1022795,Standard Grant,Securing and sharing invertebrate collections at the University of Iowa Museum of Natural History through critical storage upgrades and digitization,University of Iowa
2422917,2025-07-28,1953590,Standard Grant,UKRI/BBSRC-NSF/BIO: Development of rich AI datasets for furthering life science research: Capturing rich metadata to facilitate automated deposition of 3D biostructure data.,Rutgers University New Brunswick
2438956,2025-07-28,111266,Standard Grant,Research Infrastructure: Increasing productivity and access for local and visiting researchers at the Hakalau Forest Biological Field Station.,University of Hawaii
2502989,2025-07-28,926816,Standard Grant,Highly-Multiplexed Fluorescence with DNA-Nanoruler Spectral Barcodes,Clemson University
2421088,2025-07-29,774759,Standard Grant,Research Infrastructure: Environmental controlled recirculating seawater system for advanced marine science experimentation,University of Florida
2443910,2025-07-29,777759,Continuing Grant,CAREER: Deep-tissue optical imaging via inverse-scattering,University of Texas at Austin
2422434,2025-07-31,197825,Standard Grant,Collaborative Research: Research Infrastructure: Bringing historic collections into the 21st century: Digitization of Southeastern Lepidopteran collections,University of South Carolina at Columbia
2422435,2025-07-31,72486,Standard Grant,Collaborative Research: Research Infrastructure: Bringing historic collections into the 21st century: Digitization of Southeastern Lepidopteran collections,College of Charleston
2422436,2025-07-31,24236,Standard Grant,Collaborative Research: Research Infrastructure: Bringing historic collections into the 21st century: Digitization of Southeastern Lepidopteran collections,Dalton State College
2448892,2025-07-31,397600,Standard Grant,"Enhancing storage capacity, organization, and online data availability for the BYU herbarium",Brigham Young University
2512787,2025-07-31,569960,Standard Grant,Collaborative Research: Research Infrastructure: Moth Monitoring 2.0: Developing an integrated monitoring framework across life stages to understand insect declines,University of North Carolina at Chapel Hill
2512788,2025-07-31,230000,Standard Grant,Collaborative Research: Research Infrastructure: Moth Monitoring 2.0: Developing an integrated monitoring framework across life stages to understand insect declines,Smith College
2512789,2025-07-31,429998,Standard Grant,Collaborative Research: Research Infrastructure: Moth Monitoring 2.0: Developing an integrated monitoring framework across life stages to understand insect declines,University of Florida
2515654,2025-07-31,686095,Standard Grant,ICBR: Capacity: Biological Collections: Provasoli-Guillard National Center for Marine Algae and Microbiota (NCMA),Bigelow Laboratory for Ocean Sciences
2516741,2025-07-31,894785,Standard Grant,Tools4Cells: A high-throughput platform for identifying protein-protein interactions using pooled immunoprecipitation-mass spectrometry and sparse signal recovery,University of California - Merced
2526602,2025-07-31,1200000,Standard Grant,NSF/BIO-UKRI/BBSRC: Computational Proteomics in a New Physical Dimension,University of California-San Diego
2437073,2025-08-06,452959,Standard Grant,BRC-BIO: Downscaling the effects of network structure on pollinator fitness,University of California - Merced
2509986,2025-08-07,3982009,Standard Grant,"Equipment: MRI: Track 2 Acquisition of a 600 MHz Dynamic Nuclear Polarization NMR System for Interdisciplinary Research, Education, and Training",University of Delaware
2527521,2025-08-07,355101,Standard Grant,MCA: Network-based Tissue Modeling of Retinal Neurogenesis,Reed College
2534124,2025-08-07,498240,Standard Grant,Making Single-Cell Proteomics data FAIR,Northeastern University
2416135,2025-08-14,929903,Standard Grant,Collaborative Research: Research Infrastructure: Di-ODE: Digital Integration of Odonates,University of Alabama Tuscaloosa
2416136,2025-08-14,358801,Standard Grant,Collaborative Research: Research Infrastructure: Di-ODE: Digital Integration of Odonates,American Museum Natural History
2416137,2025-08-14,129256,Standard Grant,Collaborative Research: Research Infrastructure: Di-ODE: Digital Integration of Odonates,North Carolina State University
2416138,2025-08-14,269479,Standard Grant,Collaborative Research: Research Infrastructure: Di-ODE: Digital Integration of Odonates,Brigham Young University
2416140,2025-08-14,279684,Standard Grant,Collaborative Research: Research Infrastructure: Di-ODE: Digital Integration of Odonates,University of Florida
2500041,2025-08-14,1167245,Standard Grant,Research Infrastructure: Enhancing Research and Education at a Midwestern Watershed-Scale Field Station.,University of Nebraska at Omaha
2504115,2025-08-14,875379,Standard Grant,Characterizing transposable element contributions to the transcriptome with evidence-based and inferential methods,Johns Hopkins University
2509770,2025-08-14,1070506,Standard Grant,Equipment: MRI: Track 1 acquisition of a state-of-the-art transmission electron microscope for research and training,University of Hawaii
2510880,2025-08-14,719800,Standard Grant,MRI Track I: Acquisition of an UHPLC-TQ and DESI for facilitation of interdisciplinary ecotoxicological and analytical research at Arkansas State University,Arkansas State University Main Campus
2511193,2025-08-14,1096696,Standard Grant,Equipment: MRI: Track 1 Acquisition of a quadrupole time-of-flight mass spectrometer and accessories for the Kansas Lipidomics Research Center,Kansas State University
2526948,2025-08-14,1012160,Standard Grant,NSF/BIO-UKRI/BBSRC: Integrative Deep Learning and Statistical Models for 3D Multimodal Analysis of Brain Structure,Brown University
2424007,2025-08-18,417797,Standard Grant,Science in the Choco: Developing infrastructure for research and education at the FCAT Research Station,Tulane University
2451775,2025-08-18,1040107,Standard Grant,Monitoring and measuring wild animals without the need for capture,Regents of the University of Idaho
2510358,2025-08-18,687304,Standard Grant,"Equipment: MRI: Track 1 Acquisition of Microbioreactor for Advancing Biological, Environmental, and Biomanufacturing Research",South Dakota School of Mines and Technology
2510361,2025-08-18,650432,Standard Grant,Equipment: MRI: Track 1 Acquisition of a Superresolution Laser Scanning Confocal Microscope for Enhancing Life Sciences Research in Southern Kansas,Wichita State University
2510520,2025-08-18,415580,Standard Grant,Equipment: MRI:Track 3 Helium Recovery System for the National High Magnetic Field Laboratory / University of Florida AMRIS Facility,University of Florida
2511003,2025-08-18,584845,Standard Grant,Equipment: MRI: Track 1 Acquisition of Element AVITI System to Enable Multi-Omics Research and Research Training.,Regents of the University of Idaho
2511652,2025-08-18,167814,Standard Grant,Equipment: MRI: Track 1 Acquisition of a LC-MS for small molecule identification,University of Nebraska-Lincoln
2505985,2025-08-20,1495612,Standard Grant,Transforming MEGA for Big Data Molecular Phylogenetics,Temple University
2437537,2025-08-25,416570,Standard Grant,BRC-BIO: Evolutionary drivers of dimorphic sperm function and development,Governors State University
2501760,2025-08-26,1317921,Standard Grant,Modern Cabinetry for the Ornithology Collection at the Natural History Museum of Los Angeles County,Los Angeles County Museum of Natural History Foundation
2500414,2025-08-27,260558,Standard Grant,Research Infrastructure: Enhancing Marine Research and Education Through Seawater System Filtration Upgrade,Walla Walla University
2511928,2025-08-27,1272028,Standard Grant,Equipment: MRI:TRACK I Acquisition of a Super-resolution Fluorescence Lifetime Imaging  Microscope to track molecular dynamics in living organisms,University of Wyoming
2425204,2025-08-28,115528,Standard Grant,The development of a five-year strategic plan for the Selman Living Laboratory,University of Central Oklahoma
2446451,2025-09-03,986944,Standard Grant,Tools4Cells: Development of self-amplifying RNA systems for bacterial protein synthesis,William Marsh Rice University
2520031,2025-09-09,24758,Standard Grant,Planning Grant: Strategic planning of The Pinelands Research Institute,Pinelands Preservation Alliance
2550004,2025-09-11,445419,Standard Grant,BRC-BIO:Glial regulation of neural homeostasis during environmental stress in D. melanogaster,Barnard College
2553021,2025-11-24,486171,Standard Grant,BRC-BIO: Looking beyond the calorie: Nutritional ecology in a generalist predator,University of Richmond
2549971,2025-11-26,482409,Standard Grant,RCN-UBE: Advancing CURE Teaching Assistant Professional Development via the CURE TAPESTRy Network,Lehigh University
2556197,2025-12-03,690623,Continuing Grant,"Collaborative Research: Phenobase: Community, infrastructure, and data for global-scale analyses of plant phenology",University of Wisconsin-Madison
2607662,2025-12-10,493248,Standard Grant,Collaborative Research: Strengthening Global Biodiversity Research by Building Informatics Capacity for Ancient Environmental DNA,University of Kentucky Research Foundation
2609910,2026-01-26,600120,Standard Grant,A microfluidic-based weighing scale with picogram resolution for single-cell mass measurements,University of North Carolina at Charlotte
2507049,2026-02-06,161832,Standard Grant,Equipment: MRI:Track#3 Acquisition of a Partial Helium Recovery System,Rensselaer Polytechnic Institute
2510241,2026-02-06,723992,Standard Grant,Equipment: MRI Track 1: Acquisition of a Confocal Microscope to promote multidisciplinary research and training at Central Michigan University,Central Michigan University
2510173,2026-02-09,1250907,Standard Grant,Equipment: MRI: Track 1 Acquisition of a JEOL JEM-120i Transmission Electron Microscope with 3D Tomography for the Central Microscopy Facility at the Marine Biological Laboratory,Marine Biological Laboratory
2511747,2026-02-09,750914,Standard Grant,Equipment: NSF MRI: Acquisition of Two-Photon Microscope for Non-Human Primate Research,Washington University
2617954,2026-03-16,1192499,Standard Grant,Collaborative Research: RESEARCH-PGR:  Development of Epigenetic Editing for Crop Improvement,University of California-Berkeley
2510196,2026-03-19,783491,Standard Grant,Equipment: MRI: Track1 Acquisition of a ZEISS LSM980 Airyscan Confocal Microscope for Plant Research,Donald Danforth Plant Science Center
2619097,2026-04-10,35394,Standard Grant,Conference: 2026 BIO-REU Principal Investigator Virtual Meeting,University of Wyoming
2548016,2026-04-15,464970,Standard Grant,REU Site: Interdisciplinary Computational Biology (iCompBio),University of Tennessee Chattanooga
2548054,2026-04-15,443190,Standard Grant,REU Sites: Dryland ecology and biodiversity in the northern Chihuahuan Desert.,University of New Mexico
2548175,2026-04-15,467374,Standard Grant,REU Site: Summer Undergraduate Research Experiences in Integrative Biology and Ecology,University of Alabama Tuscaloosa
2548189,2026-04-15,416025,Standard Grant,REU Site: Integrative Cell and Molecular Biology,University of Notre Dame
2548272,2026-04-15,458766,Standard Grant,REU Site: Scripps Structure and Function Summer Institute (SFSI),The Scripps Research Institute
2546381,2026-04-16,613254,Standard Grant,"BIOPODE - Biomechanics, Integrative Ocean Physiology, and Organismal Development and Evolution",University of Washington
2546940,2026-04-16,298630,Standard Grant,REU Site: Botany and Conservation Biology Research at the Missouri Botanical Garden,Missouri Botanical Garden
2547299,2026-04-16,464952,Standard Grant,REU Site: Comparative Animal Model Approaches to Regeneration and Aging,Mount Desert Island Biological Laboratory
2547457,2026-04-16,469538,Standard Grant,REU Site: Control of Gene Expression for Biological Effect,Trustees of Boston University
2548086,2026-04-16,467053,Standard Grant,REU site: Research Experiences for Undergraduates in Plant Science at the Donald Danforth Plant Science Center,Donald Danforth Plant Science Center
2548171,2026-04-16,465000,Standard Grant,REU Site Renewal: Functional Genomics Research for Undergraduates,Jackson Laboratory
2548268,2026-04-21,321169,Standard Grant,REU Site: Wetlands in the modern world,Lewis and Clark Community College
2548392,2026-04-21,584498,Standard Grant,Artificial Intelligence for Biomolecular Structure Prediction and Design,Johns Hopkins University
2548451,2026-04-21,489519,Standard Grant,REU Site: A Summer Research Experience in Structural and Computational Biology and Biophysics,Purdue University
2548005,2026-04-22,458550,Standard Grant,REU Site: Integrative Biological Studies of Plant-Pollinator Dynamics in an Island Ecosystem,University of Central Oklahoma
2548006,2026-04-22,340300,Standard Grant,"REU Site: Biological Adaptations to Stress - Molecular, Cellular, Ecological",Pepperdine University
2548380,2026-04-22,435260,Standard Grant,REU Site: Summer Research at the University at Albany's RNA Institute,SUNY at Albany
2547958,2026-04-28,460357,Standard Grant,REU Site: Immersive research experiences in Plant Pathology to inspire emerging scientists,University of Nebraska-Lincoln
2548040,2026-04-28,465401,Standard Grant,REU Site: IUSC: Biological Collections and the Extended Specimen for Innovative Research Experiences,University of Illinois at Urbana-Champaign
2548111,2026-04-28,465000,Standard Grant,REU Site: Engaging Undergraduates in Interdisciplinary Evolutionary Science,University of Iowa
2611409,2026-05-04,17000,Standard Grant,"Conference: Support for 2026 Phytochemical Society of North America (PSNA) Conference  PSNA's 65th annual meeting, University of Wisconsin-Madison on June 15-19, 2026.",University of Wisconsin-Madison
2611584,2026-05-04,14820,Standard Grant,"Conference: 2026 Salt and Water Stress in Plants GRC and GRS: Multi-Scale Mechanisms of Stress Resistance Leading to Agriculture and Ecosystem Insight; May 24-29, 2026  Switzerland",Gordon Research Conferences
2622265,2026-05-04,18000000,Cooperative Agreement,PIPP Phase II: Analysis and Prediction of Pandemic Expansion (APPEX),Arizona State University
2519255,2026-05-11,433567,Standard Grant,Adding a large US collection of mollusks from the American Museum of Natural History to the Eastern Seaboard TCN,American Museum Natural History
2611965,2026-05-14,33150,Standard Grant,Conference: Advancing Crop Genome Engineering through Innovative Transformation and Automation Technologies,Society for In Vitro Biology
2547564,2026-05-28,417420,Standard Grant,REU Site: Princeton Neuroscience Institute SYNAPSE Internship Program,Princeton University
2543774,2026-05-29,744419,Continuing Grant,CAREER: Decoding gene regulatory mechanisms with AI and population-scale multi-omics,University of North Carolina at Chapel Hill
2548244,2026-05-29,465000,Standard Grant,REU Site: Natural and Synthetic Mechanisms that Alter Biological Processes,Xavier University of Louisiana
2548346,2026-05-29,462888,Standard Grant,REU Site: Population Biology of Infectious Diseases,University of Georgia Research Foundation Inc
2624282,2026-06-01,1065000,Standard Grant,NSF/BIO-UKRI/BBSRC: Comparing ultrastructure measures across multiscale electron microscopies,University of Pittsburgh
2534139,2026-06-16,898939,Standard Grant,Critical Expansions and Improvements to the Caenorhabditis Natural Strain Resource,Johns Hopkins University
2536932,2026-06-16,932855,Standard Grant,Modern cryostorage for zoological collections,Los Angeles County Museum of Natural History Foundation
2543276,2026-06-16,990023,Continuing Grant,CAREER: Selection Pipeline for Ancient and Modern Genomes: Improving Access to Genomic Methods for Studying Human Adaptations,University of Richmond
2552657,2026-06-16,24965,Standard Grant,Planning Proposal: Strategic Planning for Audubon Nature Institute's Species Survival Center,"AUDUBON NATURE INSTITUTE, INC."
2553902,2026-06-16,974848,Standard Grant,Unlocking the Science Potential of a Historic Fossil Collection,American Museum Natural History
2610535,2026-06-16,74785,Standard Grant,Critical Infrastructure Upgrades to Safeguard Botanical Research Collections and Enhance Research Use,Montgomery Botanical Center
2614748,2026-06-16,996870,Standard Grant,Expansion and Modernization of the Genetic Resources Collection at Louisiana State University Museum of Natural Science,Louisiana State University
2627941,2026-06-16,1572007,Standard Grant,NSF-DBT: Research-PGR: Maize Silk Growth - Strands of Opportunities,University of Kentucky Research Foundation
2547923,2026-06-17,541075,Standard Grant,"REU Renewal: Training Globally Engaged Undergraduates in Food Security Research at Egerton University in Kenya: Underutilized Food Crops/Plants, the Key to Feeding the Future",Bowie State University
2548434,2026-06-17,420868,Standard Grant,REU Site: STEM for Plant Health (Plant-STEM),Utah State University
2624219,2026-06-17,553321,Standard Grant,"BBSRC-NSF/BIO: TSLMM: Methodology, software, and applications for tree-sequence-based linear mixed modelling",University of Oregon Eugene
2528872,2026-06-22,185874,Standard Grant,Modernizing the Transeau Microslide Collection of Filamentous Conjugating Green Algae,Academy of Natural Sciences Philadelphia
2529434,2026-06-22,130437,Standard Grant,Increasing Research Capacities at Wild Basin Creative Research Center,Saint Edward's University
2533962,2026-06-22,649936,Standard Grant,Building a Research Support Hub at the MacLeish Field Station,Smith College
2537525,2026-06-22,569271,Standard Grant,Alaska Research Accommodation Infrastructure Project,SITKA SOUND SCIENCE CENTER INC
2548170,2026-06-22,441657,Standard Grant,REU Site: Microbiology at the host-pathogen interface,University of Iowa
2556052,2026-06-22,605000,Standard Grant,Enhancing Infrastructure at the Point Reyes Field Station,University of California-Berkeley
2601258,2026-06-22,467175,Standard Grant,Acquisition of a Quadrupole ICP Mass Spectrometer for the Skidaway Institute of Oceanography,University of Georgia Research Foundation Inc
2438843,2026-06-23,20000000,Cooperative Agreement,Center: National Synthesis Center for Organismal Resilience to Environmental Change (NSCORE),Columbia University
2603181,2026-06-23,323787,Standard Grant,Mobilization of Linkages Between Great Plains Mammalian Trait Data and Long-term Ecological Research,Kansas State University
2548270,2026-06-24,278996,Standard Grant,Collaborative Research: Multisite REU in Synthetic Biology,Simmons University
2548271,2026-06-24,278943,Standard Grant,Collaborative Research: Multisite REU in Synthetic Biology,North Carolina Agricultural & Technical State University
2549631,2026-06-24,499882,Standard Grant,Population genetic inference software for the genomic age,Florida State University
2548462,2026-06-25,465237,Standard Grant,REU Site: Research Experiences for Undergraduates in Neuroscience,University of Missouri-Columbia
2555813,2026-06-26,431987,Standard Grant,Advancing software capacity for the statistical analysis of AI-processed ecological data,North Carolina State University
2548356,2026-06-29,465014,Standard Grant,"REU Site: Research and Training in Biochemistry, Biophysics and Biodesign (B3) for Undergraduates.",CUNY City College
2542984,2026-06-30,1098937,Continuing Grant,CAREER: Multiplexed mRNA detection at nanometer resolution,Kent State University
2547512,2026-06-30,372396,Standard Grant,REU Site: NOvel interdisciplinary Training in Life and Applied Coastal Science Prepares Next Generation Workforce: NOLA- Next Gen,University of New Orleans
2548105,2026-06-30,464988,Standard Grant,REU Site: Summer Intensive Research Experiences in Neuroscience (SIREN),Regents of the University of Michigan - Ann Arbor
2611127,2026-06-30,193649,Standard Grant,Renovation of the Aquaculture Laboratory to Increase Infrastructure Capacity for Biological Research,Thomas More University
2625682,2026-06-30,200000,Standard Grant,"RAPID: Preserving kelp biodiversity during super-El-Nino, and developing AI-based restoration guidance.",ALTASEADS CONSERVANCY
2423690,2026-07-01,789167,Standard Grant,Calflora Modernization Plan,The Calflora Database
2532725,2026-07-01,1732918,Standard Grant,Research Infrastructure: Robust software infrastructure for bioBakery microbial community analyses in diverse environments,Harvard University
2541865,2026-07-01,1618489,Continuing Grant,CAREER: Leveraging Conserved Gene Duplications to Improve Plant Regeneration,Clemson University
2526957,2026-07-06,1752474,Standard Grant,NSF/BIO-UKRI/BBSRC: Enhancing 3D biostructure data deposition and processing efficiency through automated validation integration.,Rutgers University New Brunswick
2541467,2026-07-06,763367,Continuing Grant,CAREER: Revealing the Connection between Invasive Species Distributions and Disturbance Events Using Satellite Remote Sensing,University of Iowa
2610881,2026-07-06,351346,Standard Grant,Principles of microRNA-mediated morphological evolution,George Washington University
2628743,2026-07-07,161346,Standard Grant,Collaborative Research: RAPID: Securing the Guccion biorepository to build a unique dataset for natural resource exploration in the US using artificial intelligence.,George Mason University
2628744,2026-07-07,135492,Standard Grant,Collaborative Research: RAPID: Securing the Guccion biorepository to build a unique dataset for natural resource exploration in the US using artificial intelligence.,New York State Education Department
2629688,2026-07-07,15068,Standard Grant,Conference: Genomics and Epigenomics Workshop,Texas State University - San Marcos
2619473,2026-07-08,890706,Standard Grant,EDGE-FGT: Genotype-independent Transformation and Genome Editing in Diploid Wheat via Shoot Apical Meristem (SAM)-based Delivery,"University of Maryland, College Park"
2548648,2026-07-10,808664,Standard Grant,Collaborative Research: Tools for Tackling Preferred Specimen Orientation in Cryo-EM,The Salk Institute for Biological Studies
2548649,2026-07-10,184151,Standard Grant,Collaborative Research: Tools for Tackling Preferred Specimen Orientation in Cryo-EM,Baylor College of Medicine
2555811,2026-07-10,860556,Standard Grant,Computational Methods for Assembling Full-Length Circular RNAs,Pennsylvania State Univ University Park
2609743,2026-07-10,1013194,Standard Grant,"Integrating Sequence, Structure, and Dynamics for Predicting and Designing Nucleic Acids",North Carolina State University
2611041,2026-07-10,686065,Standard Grant,"Collaborative Research: Understanding the role of the RNA covalent modification, dihydrouridine, in maintaining photosynthesis and metabolism under stress in plants",Boyce Thompson Institute Plant Research
2611042,2026-07-10,491339,Standard Grant,"Collaborative Research: Understanding the role of the RNA covalent modification, dihydrouridine, in maintaining photosynthesis and metabolism under stress in plants",University of Oklahoma Norman Campus
2611043,2026-07-10,621891,Standard Grant,"Collaborative Research: Understanding the role of the RNA covalent modification, dihydrouridine, in maintaining photosynthesis and metabolism under stress in plants",University of Pennsylvania
2611659,2026-07-10,1051508,Standard Grant,Single-Cell Resolution of The Genetic Basis of Regulatory Evolution in Threespine Stickleback,University of Oregon Eugene
2620375,2026-07-10,1689412,Standard Grant,RESEARCH-PGRP: BIO-AI: Genomic Drivers and Functional Implications of Plant Transcription Start Site Selection,Michigan State University
2622889,2026-07-10,15000,Standard Grant,Conference: 12th International Conference on Legume Genetics and Genomics (ICLGG 2026),University of Florida
2627912,2026-07-10,14990,Standard Grant,Conference: 2027 Quantitative Genetics and Genomics GRC and GRS,Gordon Research Conferences
2629082,2026-07-10,3982009,Standard Grant,"Equipment: MRI: Track 2 Acquisition of a 600 MHz Dynamic Nuclear Polarization NMR System for Interdisciplinary Research, Education, and Training",University of California-Berkeley
2554344,2026-07-11,375523,Standard Grant,"Collaborative Research: Research Infrastructure: Biodiversity On Demand (BOND): A Web Platform for Discovering, Comparing, and Integrating Biodiversity Databases",University of North Carolina at Chapel Hill
2554345,2026-07-11,187990,Standard Grant,"Collaborative Research: Research Infrastructure: Biodiversity On Demand (BOND): A Web Platform for Discovering, Comparing, and Integrating Biodiversity Databases",Missouri Botanical Garden
2554346,2026-07-11,197924,Standard Grant,"Collaborative Research: Research Infrastructure: Biodiversity On Demand (BOND): A Web Platform for Discovering, Comparing, and Integrating Biodiversity Databases",Emory University
2611212,2026-07-11,599871,Standard Grant,Chromatin dynamics underlying vertebrate developmental plasticity using turtle gonadogenesis as case study,Iowa State University
2516238,2026-07-13,819635,Standard Grant,Collaborative Research: RESEARCH-PGR: Cis-Regulatory Dynamics of Maize Domestication and Improvement QTL at Single-Cell Resolution,Rutgers University New Brunswick
2516239,2026-07-13,729010,Standard Grant,Collaborative Research: RESEARCH-PGR: Cis-Regulatory Dynamics of Maize Domestication and Improvement QTL at Single-Cell Resolution,University of Georgia Research Foundation Inc
2516240,2026-07-13,668777,Standard Grant,Collaborative Research: RESEARCH-PGR: Cis-Regulatory Dynamics of Maize Domestication and Improvement QTL at Single-Cell Resolution,New York University
2533648,2026-07-13,566575,Standard Grant,Collaborative Research: Research Infrastructure: Data Without Limits: Cyberinfrastructure for a Sustainable Environmental Data Future,University of Wisconsin-Madison
2533649,2026-07-13,1012087,Standard Grant,Collaborative Research: Research Infrastructure: Data Without Limits: Cyberinfrastructure for a Sustainable Environmental Data Future,University of New Mexico
2535756,2026-07-13,500000,Standard Grant,Collaborative Research: TRTech-PGR: Targeted Proximity Labeling of Extracellular Vesicles with Fluorescence and Biotin,University of Delaware
2535757,2026-07-13,400000,Standard Grant,Collaborative Research: TRTech-PGR: Targeted Proximity Labeling of Extracellular Vesicles with Fluorescence and Biotin,University of California-Davis
2536045,2026-07-13,360000,Standard Grant,Collaborative Research: Two-photon DeepSpiral super-resolution imaging of in vivo molecular dynamics in deep tissue,University of Colorado at Boulder
2536046,2026-07-13,339612,Standard Grant,Collaborative Research: Two-photon DeepSpiral super-resolution imaging of in vivo molecular dynamics in deep tissue,University of Denver
2536047,2026-07-13,491215,Standard Grant,Collaborative Research: Two-photon DeepSpiral super-resolution imaging of in vivo molecular dynamics in deep tissue,University of Colorado at Denver
2541736,2026-07-13,640110,Continuing Grant,CAREER: Decoding Tissue Architecture Through Spatial Transcriptomics Integration and 3D Reconstruction,Vanderbilt University
2550649,2026-07-13,299599,Standard Grant,EAGER: RNA-Directed Programmable Protein Modification,Texas Tech University
2601736,2026-07-13,631195,Standard Grant,Deep Comparative Learning for Estimating Protein Structural Model Accuracy,University of Missouri-Columbia
2601942,2026-07-13,815002,Standard Grant,An Integrated 2D and 3D Graph Machine Learning Platform for Peptide Discovery,University of Virginia Main Campus
2618765,2026-07-13,1000000,Standard Grant,Tools4Cells: TimeCLIP technology to enable time-resolved detection of protein-RNA interactions,University of California-Riverside
2621571,2026-07-13,346686,Standard Grant,Collaborative Research: ICBR: Toward efficient statistical computation for high-dimensional data in ecology and evolutionary biology,Iowa State University
2621572,2026-07-13,234805,Standard Grant,Collaborative Research: ICBR: Toward efficient statistical computation for high-dimensional data in ecology and evolutionary biology,Chatham College
2625942,2026-07-13,399760,Standard Grant,EAGER: Postzygotic hybrid incompatibility through centromere remodeling,University of California-Davis
2601317,2026-07-14,831958,Standard Grant,BIO-AI: TransforMD: A Multiscale Machine Learning Platform for Explainable Protein Engineering with Molecular Dynamics Simulations,Dartmouth College
2547893,2026-07-15,424139,Standard Grant,"REU Site: Understanding complex rural environments through the integration of field, laboratory, and quantitative biology",Michigan State University
2548397,2026-07-15,456647,Standard Grant,REU Site: Skill-building for Community College Undergraduates in Plant Chemical Biology Research,CUNY Borough of Manhattan Community College
2536006,2026-07-16,745999,Standard Grant,Evolutionary Ecology of Siderophores in Bacteria-Insect-Plant Interactions,Cornell University
2542522,2026-07-16,1200000,Continuing Grant,CAREER: Origins of microbial niche adaptation,University of Colorado at Denver
2544197,2026-07-16,860890,Continuing Grant,CAREER:  Discovering the Spatial Modes of Tissue Perturbation with Volumetric DNA Microscopy,University of Chicago
2619053,2026-07-16,946383,Standard Grant,"EDGE-FGT: Enabling CRISPR-Based Functional Genomics of Non-Model, Difficult-To-Manipulate Fungi",University of Tennessee Knoxville
2620734,2026-07-16,736602,Standard Grant,RUI: Enabling phylogenomic research on microbial eukaryotes with EukPhylo,Smith College
2625989,2026-07-16,113984,Standard Grant,Strategic Planning for a Biological Research Field Station at Berry College,Berry College
2542703,2026-07-20,890451,Continuing Grant,"CAREER: Bridging Data, AI, Theory, and Education to Advance Global Urban Biodiversity Research",University of Wisconsin-Madison
2510260,2026-07-22,788409,Standard Grant,Equipment: MRI: Track 1 Acquisition of Lattice Light Sheet Microscope to Study 3D Structures and Dynamics in Soft Matter and Biology,University of Massachusetts Amherst
2539081,2026-07-29,694162,Standard Grant,Collaborative Research: Bridging plant drought and herbivory stress adaptation through comparative multi-domain trait networks,University of California-Irvine
2539082,2026-07-29,309419,Standard Grant,Collaborative Research: Bridging plant drought and herbivory stress adaptation through comparative multi-domain trait networks,Texas A&M AgriLife Research
2539083,2026-07-29,128667,Standard Grant,Collaborative Research: Bridging plant drought and herbivory stress adaptation through comparative multi-domain trait networks,Cornell University
2546047,2026-07-29,399945,Standard Grant,"BIO-AI: STAR: IUSC: Morphological Barcoding, a novel, machine learning-based approach to solving the taxonomic impediment",Tulane University
2548191,2026-07-29,464914,Standard Grant,REU Site: Genomics and Computational Biology,University of Georgia Research Foundation Inc
2548438,2026-07-29,465318,Standard Grant,REU Site: Molecular Basis of Cellular Phenotypes (MBCP),Wistar Institute
2621508,2026-07-29,949781,Standard Grant,Collaborative Research: EDGE CMT: Fractionation of Polyploid Genomes as a Driver of Phenotypic Novelty,University of Florida
2621509,2026-07-29,239407,Standard Grant,Collaborative Research: EDGE CMT: Fractionation of Polyploid Genomes as a Driver of Phenotypic Novelty,University of Missouri-Columbia
2621510,2026-07-29,171388,Standard Grant,Collaborative Research: EDGE CMT: Fractionation of Polyploid Genomes as a Driver of Phenotypic Novelty,Iowa State University
2620761,2026-07-30,830055,Standard Grant,AIM4GREENS: Artificial Intelligence and Modeling for Gene REgulatory Engineering of Networks from Single-Cell Plant Atlases,Clemson University
2629589,2026-07-30,20000,Standard Grant,Conference: NSF Student Travel Grant for the 2026 IEEE International Conference on Bioinformatics and Biomedicine (BIBM),SUNY at Stony Brook
2508806,2026-08-03,1035626,Standard Grant,Equipment: MRI: Track 1 Acquisition of a Laser Scanning Confocal Microscope with Super Resolution and Advanced Acquisition Speed for Research and Education,University of Wisconsin-Milwaukee
2603658,2026-08-03,443707,Standard Grant,Contactless isomotive dielectrophoresis for high throughput single cell spectroscopy,University of Louisville Research Foundation Inc
2624974,2026-08-03,294580,Standard Grant,EAGER: Harnessing the power of AI edge computing for near real-time flux tower analysis,West Virginia University Research Corporation
2508553,2026-08-04,298540,Standard Grant,Equipment: MRI: Track 1 Acquisition of a Mass Photometry system at James Madison University,James Madison University
2509078,2026-08-04,430684,Standard Grant,Equipment: MRI: Track 1 Acquisition of a mobile laser scanning system for 3D research and education in extreme drylands of the southwest border region and the Arctic,University of Texas at El Paso
2510212,2026-08-04,984496,Standard Grant,Equipment: MRI: Track 1 Acquisition of a Cyber-Enabled RapifleX MALDI-TOF/TOF MS to Advance and Modernize the Capabilities at a Multi-User Facility at the University of Toledo,University of Toledo
2510940,2026-08-04,111547,Standard Grant,Equipment: MRI-Tr1: Acquisition of a multi-chamber integrated gas-exchange and fluorescence instrument for multidisciplinary research and applied learning in biology and chemistry,Missouri Western State University
2511056,2026-08-04,182268,Standard Grant,Equipment: MRI: Track 1 Acquisition of a CMOS camera to ensure the transmission electron microscope function in the Microscopy Core Facility at Appalachian State University,Appalachian State University
2511567,2026-08-04,625954,Standard Grant,Equipment: MRI: Track 1 Acquisition of a state-of-the-art confocal microscope to advance research and undergraduate education for students in South Texas,Texas A&M University Corpus Christi
2511682,2026-08-04,1014360,Standard Grant,Equipment: MRI: Track 1: Acquisition of a White-Laser Confocal for Multi-Disciplinary Research in the State of New Mexico,New Mexico State University
2511696,2026-08-04,495290,Standard Grant,Equipment: MRI: Track 1 Acquisition of an Illumina NextSeq 2000 to Support Genomics Research and Training Capacity in South Dakota,South Dakota State University
2625016,2026-08-04,845302,Standard Grant,"Rutgers Duckweed Stock Cooperative, Resources to Enhance Research and Education for a Versatile Model Plant Family",Rutgers University New Brunswick
2511028,2026-08-07,606215,Standard Grant,Equipment: MRI: Track 1 Acquisition of an LSM 900 with Airy Scan 2,West Virginia University Research Corporation
