id,date,estimatedTotalAmt,transType,title,awardeeName
1460461,2015-01-05,357920,Standard Grant,"REU site: Offshore wind energy: Solving the Engineering, Environmental & Socio-Economic Challenges.",University of Massachusetts Amherst
1460674,2015-01-06,412151,Standard Grant,Research Experience for Undergraduates (REU) Site for Computational Sensing and Medical Robotics (CS&MR),Johns Hopkins University
1460995,2015-01-09,399997,Standard Grant,EBICS:VITA REU Site,Georgia Tech Research Corporation
1461038,2015-01-09,360000,Standard Grant,REU Site: Discoveries in Bioimaging,University of Illinois at Urbana-Champaign
1461116,2015-01-09,482687,Standard Grant,Explore it! Building the Next Generation of Sustainable Forest Bioproduct Researchers,University of Maine
1461152,2015-01-09,360757,Standard Grant,REU Site: Integrated Nanomanufacturing,Trustees of Boston University
1461165,2015-01-09,344099,Standard Grant,REU Site: Research Experience in Cyber and Civil Infrastructure Security for Students with ADHD: Fostering Innovation,University of Connecticut
1460486,2015-01-12,376672,Standard Grant,REU Site:  A Multidisciplinary Research Experience in Engineered Bioactive Interfaces and Devices,University of Kentucky Research Foundation
1460776,2015-01-12,361264,Standard Grant,"REU Site: Earth, Wind, and Fire: Sustainable Energy in the 21st Century",Kansas State University
1461215,2015-01-12,322510,Standard Grant,REU Site: Summer Engineering Research Experiences in Diabetes for Undergraduates,Illinois Institute of Technology
1460183,2015-01-14,348405,Standard Grant,REU Site in Additive Manufacturing- Advances and Applications,Milwaukee School of Engineering
1451657,2015-01-20,21000,Standard Grant,University of Puerto Rico-Mayaguez Early Career Faculty Research Enhancement,University of Puerto Rico Mayaguez
1460935,2015-01-20,252096,Standard Grant,REU SITE: Summer Internships in Composites for Extreme Performance,North Carolina State University
1454558,2015-01-21,500000,Standard Grant,CAREER: Assessing and Improving Online Learning Spaces for Diverse and High-Attrition Engineering Students,Purdue University
1460723,2015-01-21,360000,Standard Grant,REU Site:  Research in Optics (RIO) at the University of Arizona,University of Arizona
1449238,2015-01-23,500000,Standard Grant,CAREER: Authentic Modeling and Simulation Practices for Enhancing Model-Based Reasoning in Engineering Education,Purdue University
1461192,2015-01-23,287684,Standard Grant,REU Site: BME Community of Undergraduate Research Scholars for Cancer (BME CUReS Cancer),University of Texas at Austin
1454152,2015-01-26,505375,Standard Grant,CAREER: Broadening Contexts to Motivate Participation in Engineering,Purdue University
1461248,2015-02-03,327818,Standard Grant,Nanotechnology REU with a Focus on Community Colleges,William Marsh Rice University
1516074,2015-02-09,105427,Standard Grant,IUCRC RAPID: Collaborative Research: Rapid Detection & Systems Modeling for Containment and  Casualty Mitigation in Ebola Outbreak,Georgia Tech Research Corporation
1516207,2015-02-09,94573,Standard Grant,IUCRC RAPID: Collaborative Research: Rapid Detection & Systems Modeling for Containment and Casualty Mitigation in Ebola Outbreak,University of Wisconsin-Milwaukee
1461231,2015-02-17,335572,Standard Grant,REU Site: Engineering Applications of Extreme Ultra-Violet (EUV) Laser Light,Colorado State University
1407165,2015-02-24,375000,Standard Grant,RET in Engineering and Computer Science Site: Integrated Nanomanufacturing,Trustees of Boston University
1460988,2015-02-25,356668,Standard Grant,REU Site: Advanced Materials and Manufacturing,University of Massachusetts Lowell
1460984,2015-02-27,365845,Standard Grant,"REU Site: A National REU Site in Wind Energy Science, Engineering and Policy",Iowa State University
1533561,2015-03-02,49981,Standard Grant,Early Career Faculty Travel Grant Program,National Society of Black Engineers
1460757,2015-03-03,400000,Standard Grant,"REU Site: Dare to BE FIRST - Biomechanical Engineering  Foundations in Impactful Research, Science & Technology",University of Delaware
1461102,2015-03-03,415000,Standard Grant,REU Site: Additive Manufacturing,Missouri University of Science and Technology
1461190,2015-03-03,360000,Standard Grant,REU Site: Technical Experience in Advancing Modeling Sciences (TEAMS),South Dakota School of Mines and Technology
1461179,2015-03-04,373907,Standard Grant,REU Site: Summer Research Internships in Manufacturing and Techno-Entrepreneurship Preparation,Tennessee Technological University
1461157,2015-03-10,359893,Standard Grant,REU Site: Advancing California Community College Students Through Engineering Research,University of California-Berkeley
1464542,2015-03-17,180000,Continuing Grant,Collaborative Research:  I/UCRC Phase II:  Center for Resource Recovery & Recycling,Colorado School of Mines
1464560,2015-03-17,462750,Continuing Grant,Collaborative Research:  I/UCRC Phase II:  Center for Resource Recovery & Recycling,Worcester Polytechnic Institute
1464627,2015-03-19,11500,Standard Grant,Planning Grant: I/UCRC for Center For Advanced Research in Forensic Science,West Virginia University Research Corporation
1464603,2015-03-24,11500,Standard Grant,Collaborative Research:  Planning Grant: I/UCRC for Real-Time Intelligence for Smart Electric Grid Operations (RISE),Georgia Tech Research Corporation
1464618,2015-03-24,10000,Standard Grant,Planning Grant: I/UCRC Center for UAS Site Addition (Virginia Tech),Virginia Polytechnic Institute and State University
1464637,2015-03-24,15999,Standard Grant,Collaborative Research:  Planning Grant: I/UCRC for Real-Time Intelligence for Smart Electric Grid Operations (RISE),Clemson University
1464612,2015-03-25,11500,Standard Grant,Planning Grant: I/UCRC for Center for Forensic Science,George Washington University
1461162,2015-03-30,299077,Standard Grant,REU Site:  Wireless Technologies for Health Applications,University of Virginia Main Campus
1464489,2015-03-30,325000,Continuing Grant,I/UCRC Phase I (Site Addition):  Expansion of CICI to Add a New Site at UTA on Sustainable Utilization of Composites in Infrastructure Systems,University of Texas at Arlington
1464428,2015-04-03,13884,Standard Grant,Planning Grant (Site Addition): Center for Health Organization Transformation,University of Washington
1464635,2015-04-06,15850,Standard Grant,Planning Grant: I/UCRC for Center of Forensic Science Research at FIU,Florida International University
1464521,2015-04-09,11500,Standard Grant,Collaborative Research:  Planning Grant: I/UCRC for Power One IC -- NSF Center on Integrated Power Management Circuits and Systems,"OHIO STATE UNIVERSITY, THE"
1464545,2015-04-09,11500,Standard Grant,Collaborative Research:  Planning Grant: I/UCRC for Power One IC -- NSF Center on Integrated Power Management Circuits and Systems,University of Colorado at Boulder
1464588,2015-04-09,11500,Standard Grant,Collaborative Research:  Planning Grant: I/UCRC for Power One IC -- NSF Center on Integrated Power Management Circuits and Systems,Dartmouth College
1464630,2015-04-09,554871,Continuing Grant,Collaborative Research:  I/UCRC Phase I:  The Center for Rational Catalyst Synthesis,University of South Carolina at Columbia
1464633,2015-04-09,11500,Standard Grant,Collaborative Research:  Planning Grant: I/UCRC for Next Generation Nanomaterial and Device Engineering (NGeNE),Pennsylvania State Univ University Park
1464641,2015-04-09,16239,Standard Grant,Collaborative Research:  Planning Grant: I/UCRC for Next Generation Nanomaterial and Device Engineering (NGeNE),University of Virginia Main Campus
1464646,2015-04-09,11500,Standard Grant,Collaborative Research:  Planning Grant: I/UCRC for Next Generation Nanomaterial and Device Engineering (NGeNE),Virginia Polytechnic Institute and State University
1464648,2015-04-09,16134,Standard Grant,Collaborative Research:  Planning Grant: I/UCRC for Power One IC -- NSF Center on Integrated Power Management Circuits and Systems,Arizona State University
1464524,2015-04-13,11485,Standard Grant,Planning Grant: I/UCRC for I/UCRC for Instrumentation Development for Security and Resilience: Collaborative Research and Community Outreach within Forensic Science,Northeastern University
1464539,2015-04-13,11500,Standard Grant,Collaborative Research:  Planning Grant: I/UCRC for Advanced Electronics through Machine Learning,Georgia Tech Research Corporation
1464544,2015-04-13,16258,Standard Grant,Collaborative Research:  Planning Grant: I/UCRC for Advanced Electronics through Machine Learning,University of Illinois at Urbana-Champaign
1464632,2015-04-13,11499,Standard Grant,Collaborative Research:  Planning Grant: I/UCRC for Advanced Electronics through Machine Learning,North Carolina State University
1464595,2015-04-20,325000,Continuing Grant,Collaborative Research:  I/UCRC Phase I:  The Center for Rational Catalyst Synthesis,Virginia Commonwealth University
1464653,2015-04-27,14650,Standard Grant,"Planning grant: I/UCRC for Biophotonic Sensors and Systems, New Site",Purdue University
1464468,2015-05-06,11500,Standard Grant,Planning Grant: I/UCRC for Center for Interdisciplinary Forensic Science Research,California State L A University Auxiliary Services Inc.
1541358,2015-05-15,138784,Standard Grant,Connected Ways of Knowing: Uncovering the Role of Emotion in Engineering Student Learning,Arizona State University
1542531,2015-05-15,343826,Standard Grant,"""A Long Way Coming""--Understanding Engineering Educators' Transformations to Student-Centered Teaching",Arizona State University
1464280,2015-05-28,11500,Standard Grant,Collaborative Research:  Planning Grant: I/UCRC for Advanced Mammalian Biomanufacturing Innovation Center (AMBIC),University of Delaware
1464435,2015-05-28,16360,Standard Grant,Collaborative Research:  Planning Grant: I/UCRC for Advanced Mammalian Biomanufacturing Innovation Center (AMBIC),Johns Hopkins University
1464459,2015-05-28,11499,Standard Grant,Collaborative Research:  Planning Grant: I/UCRC for Advanced Mammalian Biomanufacturing Innovation Center (AMBIC),Clemson University
1519160,2015-06-03,1999959,Standard Grant,IUSE/PFE:RED: The Connected Learner: Design Patterns for Transforming Computing and Informatics Education,University of North Carolina at Charlotte
1519339,2015-06-09,1993593,Standard Grant,IUSE/PFE: RED: Additive Innovation: An Educational Ecosystem of Making and Risk Taking,Arizona State University
1519412,2015-06-09,1993490,Standard Grant,IUSE/PFE: RED: An Engineering Education Skunkworks to Spark Departmental Revolution,Purdue University
1519438,2015-06-09,1988663,Standard Grant,Revolutionizing Roles to Reimagine Integrated Systems of Engineering Formation,Colorado State University
1519453,2015-06-09,1954532,Standard Grant,IUSE/PFE RED:  Developing Changemaking Engineers,University of San Diego
1519467,2015-06-09,2000000,Standard Grant,IUSE/PFE:RED:  Shifting Departmental Culture to Re-Situate Learning and Instruction,Oregon State University
1463829,2015-06-10,339746,Standard Grant,The Empathy Project: An Interdisciplinary Research Effort to Develop a Transferable Theory of Empathy in Engineering,University of Georgia Research Foundation Inc
1463808,2015-06-12,133456,Standard Grant,"Exploring Non-Normative Forms of Capital, Wealth and Knowledge Used by Engineering Students",Clemson University
1541176,2015-06-12,49997,Standard Grant,"Coalition of Hispanic, African and Native Americans for the Next Generation of Engineers and Scientists (CHANGES) Organizational Workshop",University of Texas at Arlington
1539140,2015-06-23,299998,Standard Grant,EAGER: Promoting LGBTQ Equality in Engineering through Virtual Communities of Practice,American Society For Engineering Education
1535689,2015-07-07,198355,Standard Grant,I/UCRC FRP: Physics-Based Compact Modeling of Gallium Nitride (GaN) Devices for Advanced Power Electronics,University of Arkansas
1539938,2015-07-08,200600,Standard Grant,I/UCRC Phase III:  Center for Child Injury Prevention Studies,The Children's Hospital of Philadelphia
1539999,2015-07-08,325000,Continuing Grant,I/UCRC Phase I:  Collaborative Research: I/UCRC Center for Atomically Thin Multifunctional Coatings (ATOMIC),William Marsh Rice University
1540010,2015-07-08,225000,Continuing Grant,I/UCRC Phase II:  Collaborative Research: Water Equipment and Policy Center,Marquette University
1540018,2015-07-08,558025,Continuing Grant,I/UCRC Phase I:  Collaborative Research: I/UCRC Center for Atomically Thin Multifunctional Coatings (ATOMIC),Pennsylvania State Univ University Park
1540032,2015-07-08,457125,Continuing Grant,I/UCRC Phase II:  Collaborative Research: Water Equipment and Policy Center,University of Wisconsin-Milwaukee
1540042,2015-07-08,182858,Standard Grant,Collaborative Research: Preparing Engineering Faculty to Make Academic Change Happen,University of Washington
1540072,2015-07-08,106827,Standard Grant,Collaborative Research: Preparing Engineering Faculty to Make Academic Change Happen,Rose-Hulman Institute of Technology
1540007,2015-07-09,225000,Continuing Grant,I/UCRC Phase II:  Next Generation Photovoltaics,Colorado State University
1540028,2015-07-09,461250,Continuing Grant,I/UCRC Phase II:  Next Generation Photovoltaics,University of Texas at Austin
1545614,2015-07-10,99650,Standard Grant,2015 NSF Maker Summit,American Society For Engineering Education
1535592,2015-07-21,200000,Standard Grant,I/UCRC FRP:  MicroSURF (MicroSuperhydrophobicUltraRapidFluidics) for Enhanced Diagnostics,University of California-Irvine
1534751,2015-07-29,66542,Standard Grant,I/UCRC FRP:  Collaborative Research: Understanding and Modeling Competition Effects on Tree Growth and Stand Development Across Varying Forest Types and Management Intensities,University of Washington
1535587,2015-07-29,66526,Standard Grant,I/UCRC FRP:  Collaborative Research: Understanding and Modeling Competition Effects on Tree Growth and Stand Development Across Varying Forest Types and Management Intensities,Virginia Polytechnic Institute and State University
1539982,2015-07-29,65944,Standard Grant,I/UCRC FRP:  Collaborative Research: Understanding and Modeling Competition Effects on Tree Growth and Stand Development Across Varying Forest Types and Management Intensities,University of Maine
1553791,2015-07-30,50000,Standard Grant,Moving Toward Stronger Communities of Inclusion: Identifying Challenges and Approaches Associated with Introductory Engineering Offerings,Morgan State University
1540045,2015-08-03,225000,Continuing Grant,I/UCRC Phase II:  University of Idaho Membership in Center for Advanced Forestry Systems,Regents of the University of Idaho
1542696,2015-08-03,1289554,Standard Grant,Dissertation Institute,Virginia Polytechnic Institute and State University
1449500,2015-08-05,18500000,Cooperative Agreement,NSF Nanosystems Engineering Research Center for Nantechnology Enabled Water Treatment Systems (NEWT),William Marsh Rice University
1449501,2015-08-05,18500000,Cooperative Agreement,Engineering Research Center for Bio-mediated and Bio-inspired Geotechnics (CBBG),Arizona State University
1449548,2015-08-05,18500000,Cooperative Agreement,Engineering Research Center for Power Optimization for Electro-Thermal Systems (POETS),University of Illinois at Urbana-Champaign
1535692,2015-08-05,68132,Standard Grant,I/UCRC FRP: Collaborative Research: Super-resolution methods for microwave emission source microscopy,University of Houston
1535698,2015-08-05,131868,Standard Grant,I/UCRC FRP: Collaborative Research: Super-resolution methods for microwave emission source microscopy,Missouri University of Science and Technology
1540025,2015-08-05,225000,Continuing Grant,"I/UCRC Phase II:  Collaborative Research: Ceramic, Composite and Optical Materials Center",Clemson University
1540027,2015-08-05,461250,Continuing Grant,"I/UCRC Phase II:  Collaborative Research: Ceramic, Composite and Optical Materials Center",Rutgers University New Brunswick
1460932,2015-08-07,360577,Standard Grant,REU SITE: Interfacing Sustainable Energy and Materials,University of Delaware
1539992,2015-08-07,560500,Continuing Grant,I/UCRC Phase II:  Collaborative Research: CIMJSEA Phase II Proposal,"OHIO STATE UNIVERSITY, THE"
1550961,2015-08-08,146907,Standard Grant,Measuring the Effects of Precollege Engineering on the Experience of Engineering Students,Boise State University
1530734,2015-08-11,1467239,Standard Grant,SNM: Robust Scalable Nanomanufacturing of Photonic Structures,Northwestern University
1528417,2015-08-14,119063,Standard Grant,Collaborative Research:  EAGER: Understanding the Confluence: Social Identities in Engineering Education and Practice,The University of Texas Rio Grande Valley
1528495,2015-08-14,79613,Standard Grant,Collaborative Research: EAGER: Understanding the Confluence: Social Identities in Engineering Education and Practice,University of Hawaii
1528848,2015-08-14,100000,Standard Grant,Collaborative Research: EAGER: Understanding the Confluence: Social Identities in Engineering Education and Practice,Oregon State University
1460943,2015-08-22,405208,Standard Grant,REU Site: Interdisciplinary Research Experience for undergraduates interested in Materials Science and Engineering,Oklahoma State University
1463820,2015-08-22,323859,Standard Grant,Practices Promoting Engineering Education in the Early Years,Texas Tech University
1463865,2015-08-22,298502,Standard Grant,Developing and Assessing Engineering Students' Cognitive Flexibility in the Domain of Sustainable Design,James Madison University
1530753,2015-08-22,1425722,Standard Grant,SNM: Massively Parallel Nanopatterning by Print and Repeat Nanopantography with Reusable Stencil Masks,University of Houston
1540000,2015-08-22,324997,Continuing Grant,"I/UCRC Phase I (Site): Center for Integrative Materials Joining Science for Energy Applications (CIMJSEA) University of Tennessee, Knoxville, (UTK) Site",University of Tennessee Knoxville
1544147,2015-08-22,150000,Standard Grant,Research Initiation: Engineering a Culture of Engagement,Montana State University
1531920,2015-08-23,181161,Standard Grant,Collaborative Research: Understanding the Role of High Schools in Diversifying and Promoting Undergraduate Engineering Degree Attainment,Purdue University
1532015,2015-08-23,204817,Standard Grant,Collaborative Research: Understanding the Role of High Schools in Diversifying and Promoting Undergraduate Engineering Degree Attainment,University of Missouri-Columbia
1542370,2015-08-23,587517,Standard Grant,Research Experience for Teachers: Engineering in Precision Agriculture for Rural STEM Educators,North Dakota State University Fargo
1542524,2015-08-23,115108,Standard Grant,Collaborative Research: Increasing Minority Presence within Academia through Continuous Training (IMPACT),University of Colorado at Colorado Springs
1542728,2015-08-23,225288,Standard Grant,Collaborative Research: Increasing Minority Presence within Academia through Continuous Training (IMPACT),Georgia Tech Research Corporation
1544068,2015-08-23,101102,Standard Grant,Collaborative Research: Research Initiation: Facilitating Design Thinking through Cases,Michigan State University
1544134,2015-08-23,48884,Standard Grant,Collaborative Research: Research Initiation: Facilitating Design Thinking through Cases,University of California - Merced
1544192,2015-08-23,149986,Standard Grant,Research Initiation: Assessing the Effectiveness of the Professional Formation of Engineering Students at The College of New Jersey,The College of New Jersey
1531947,2015-08-24,338174,Standard Grant,Understanding and Reshaping Systemic Communication Patterns in Engineering Education,University of Georgia Research Foundation Inc
1463825,2015-08-25,367094,Standard Grant,Understanding and Measuring Knowledge Construction in Engineers Returning to School for a Master's Degree,Kettering University
1531779,2015-08-27,343499,Standard Grant,Understanding the Role of Credentialing in Promoting and Sustaining Innovative Engineering Practices,South Dakota School of Mines and Technology
1461202,2015-08-31,364819,Standard Grant,REU Site: Multifunctional Materials,Texas A&M Engineering Experiment Station
1544233,2015-08-31,149998,Standard Grant,PFE: Research Initiation - Using Digital Badging and Design Challenge Modules to Develop Professional Identity,University of New Mexico
1531174,2015-09-02,238954,Standard Grant,Collaborative Research: Building Supports for Diversity through Engineering Teams,"Board of Regents, NSHE, obo University of Nevada, Reno"
1531586,2015-09-02,287532,Standard Grant,Collaborative Research: Building Supports for Diversity through Engineering Teams,Purdue University
1539947,2015-09-03,14494,Standard Grant,Planning Grant: I/UCRC for Necrobiome Research and Its Application in Decomposition Ecology and Forensics,Texas A&M AgriLife Research
1544174,2015-09-03,150000,Standard Grant,Research Initiation: Effectively Integrating Sustainability within an Engineering Program,Montana State University
1550046,2015-09-04,49329,Standard Grant,DCL-HSI MYEE Pre-Conference on Retention and Transition,Texas A&M Engineering Experiment Station
1550792,2015-09-04,48268,Standard Grant,Summit on Global Sustainability in Engineering Education: Developing Knowledge and Planning for Strategic Processing,James Madison University
1555449,2015-09-04,99570,Standard Grant,Building Tomorrow's Leaders:  Bridging workforce development in ERCs to meet demand for a skilled workforce,University of South Carolina at Columbia
1542731,2015-09-05,337651,Standard Grant,P3: Producing Native American PhDs and Professors in Engineering,Arizona State University
1542764,2015-09-05,666720,Standard Grant,Broadening Participation of Native Hawaiians for Engineering Faculty Careers,University of Hawaii
1551152,2015-09-05,106658,Standard Grant,Early-Concept Exploratory Research on the Professional Formation of Engineers' Conceptions of the Public,Seattle University
1531607,2015-09-08,380599,Standard Grant,Collaborative Research:  Student Perspectives on Researcher Identity and Transformed Epistemologies (SPRITE),Clemson University
1531641,2015-09-08,89142,Standard Grant,Collaborative Research: Student Perspectives on Researcher Identity and Transformed Epistemologies (SPRITE),"OHIO STATE UNIVERSITY, THE"
1542446,2015-09-08,599997,Standard Grant,RET Site: Rural Educators Engaged in Bioanalytical Engineering Research and Teaching,University of Oklahoma Norman Campus
1540038,2015-09-09,14490,Standard Grant,Planning Grant: I/UCRC for Microbial Forensics,University of North Texas Health Science Center at Fort Worth
1460700,2015-09-10,400948,Continuing Grant,REU Site: Sensor Science and Engineering,University of Maine
1460927,2015-09-10,362683,Standard Grant,Injury Science Research Experiences for Undergraduates,The Children's Hospital of Philadelphia
1461031,2015-09-10,370642,Standard Grant,REU Site: Summer Academy in Sustainable Manufacturing,Wayne State University
1463802,2015-09-10,444183,Standard Grant,Preparing a 21st Century STEM Workforce: Defining & Measuring Leadership in Engineering Education,Virginia Polytechnic Institute and State University
1463809,2015-09-10,311867,Standard Grant,Collaborative Research: Quantifying Differences Between Professional Expert Engineers and Engineering Students Designing: Empirical Foundations for Improved Engineering Education,Utah State University
1463873,2015-09-10,331526,Standard Grant,Collaborative Research: Quantifying Differences Between Professional Expert Engineers and Engineering Students Designing: Empirical Foundations for Improved Engineering Education,University of North Carolina at Charlotte
1530627,2015-09-10,367563,Standard Grant,Preliminary investigation of a social cognitive intervention in early courses,Miami University
1531533,2015-09-10,463822,Standard Grant,Examining the Effect of Entrepreneurial Education Pedagogy on the Development of Women in STEM,Regents of the University of Michigan - Ann Arbor
1540301,2015-09-10,454065,Standard Grant,"Exploring, Documenting, and Improving Humanitarian Service Learning through Engineers Without Borders USA",University of Wisconsin-Stout
1542228,2015-09-10,600000,Standard Grant,RET Site: The Advanced Vehicle Technology Research Experiences for Teachers in Engineering and Computer Science (AVT RET),University of Washington
1542336,2015-09-10,38206,Standard Grant,Collaborative Research: Enriching the Professional Development of School Teachers & Community College Faculty in Rural Michigan: An RET Site on Smart Vehicles.,Western Michigan University
1542368,2015-09-10,561793,Standard Grant,Collaborative Research: Enriching the Professional Development of School Teachers & Community College Faculty in Rural Michigan - An RET Site on Smart Vehicles,Central Michigan University
1542377,2015-09-10,598998,Standard Grant,Grand Challenges for Engineering Focused RET with Stratified Teams,North Carolina State University
1542383,2015-09-10,599590,Standard Grant,RET Site: PLACE- Promoting Learning About Computational tools and the Environment,Michigan Technological University
1542475,2015-09-10,600000,Standard Grant,RET Site: UC Irvine Research Opportunities for Community College Teachers (ROCCT) in Fighting Drought with Innovation,University of California-Irvine
1545667,2015-09-10,4260978,Continuing Grant,Expanding Access to and Participation in the Multiple Institution Database for Investigating Engineering Longitudinal Development,Purdue University
1460712,2015-09-11,342098,Standard Grant,REU site: Advancing polymer materials by integrating chemistry and chemical engineering,Colorado School of Mines
1463744,2015-09-11,49750,Standard Grant,Collaborative Research:  Improving Interdisciplinary Design Teamwork and Communication Using Boundary Negotiating Artifacts,Washington State University
1463760,2015-09-11,244108,Standard Grant,Collaborative Research: Improving Interdisciplinary Design Teamwork and Communication Using Boundary Negotiating Artifacts,Oregon State University
1531375,2015-09-11,299778,Standard Grant,The Engineering Education Maker Identity Project,Texas State University - San Marcos
1539853,2015-09-11,45000,Continuing Grant,I/UCRC Phase III:  Collaborative Research Program for I/UCRC for Lasers and Plasmas,Southern Methodist University
1540253,2015-09-11,934190,Standard Grant,Educator Capacity Building in PreK-12 Engineering Education,National Academy of Sciences
1542333,2015-09-11,575979,Standard Grant,"""RET Site"" Research Experience for Teachers in Alternative Energy and Automotive Engineering (AEAE):  Energizing K-12 Teaching and Learning",Oakland University
1542358,2015-09-11,595460,Standard Grant,RET Site: Research Experience for Teachers in Polymer Engineering,University of Akron
1544244,2015-09-11,150000,Standard Grant,Research Initiation: Investigating Engineering Students Habits of Mind: A Case Study Approach,Purdue University
1550637,2015-09-11,299772,Standard Grant,Overcoming Challenges to Infusing Ethics into the Development of Engineers,National Academy of Sciences
1552643,2015-09-11,99964,Standard Grant,Learning from the Maker Community: Advancing the Maker Movement,American Society For Engineering Education
1544495,2015-09-13,900556,Standard Grant,TeachEngineering: Expanding and Sustaining Curriculum Access for K-12 Teachers,University of Colorado at Boulder
1540030,2015-09-14,135000,Continuing Grant,I/UCRC Phase II:  Center for Lasers and Plasma for Advanced Manufacturing,University of Illinois at Urbana-Champaign
1540003,2015-09-16,325000,Continuing Grant,I/UCRC Phase I (Site): Center for Pharmaceutical Development U. of Delaware Site,University of Delaware
1540011,2015-09-16,225000,Continuing Grant,I/UCRC Phase II:  Collaborative Research: Center for Pharmaceutical Development (CPD),University of Kentucky Research Foundation
1540017,2015-09-16,485310,Continuing Grant,I/UCRC Phase II:  Collaborative Research: Center for Pharmaceutical Development (CPD),Georgia Tech Research Corporation
1542418,2015-09-16,438582,Standard Grant,RET Site:   Collaborative Research:  Sustainable Electronics,Purdue University
1542422,2015-09-16,147591,Standard Grant,RET Site: Collaborative Research: Sustainable Electronics,Tuskegee University
1463769,2015-09-17,299999,Standard Grant,Investigation of Context Across Engineering Domains: Bridging the Eye-Mind Divide,Oregon State University
1542342,2015-09-17,599849,Standard Grant,RET Site: Colorado School of Mines WE2NG: Water-Energy Education for the Next Generation,Colorado School of Mines
1542471,2015-09-17,599120,Standard Grant,RET Site:  Berkeley Engineering RET plus Computing (BERET+C),University of California-Berkeley
1542744,2015-09-17,287842,Standard Grant,"Exploring Advanced Placement Opportunities in Engineering: A Workshop on Designing a Universal, Exchangeable and Transferable (DUET) Credit","University of Maryland, College Park"
1544277,2015-09-17,150000,Standard Grant,Research Initiation: Transformative Approaches to Teaching User-Centered Design,Purdue University
1548197,2015-09-17,370228,Standard Grant,Collaborative Research: ASSIST - Strengthening Engineering Faculty through Diversity Serving Professional Organization Engagement,Society for Advancement of Chicanos & Native Americans in Sci
1548200,2015-09-17,354280,Standard Grant,Collaborative Research: ASSIST - Strengthening Engineering Faculty through Diversity Serving Professional Organization Engagement,Society of Women Engineers
1548214,2015-09-17,745764,Standard Grant,Collaborative Research: ASSIST - Strengthening Engineering Faculty through Diversity Serving Professional Organization Engagement,American Indian Science and Engineering Society (AISES)
1548319,2015-09-17,397433,Standard Grant,Collaborative Research: ASSIST - Strengthening Engineering Faculty through Diversity Serving Professional Organization Engagement,National Society of Black Engineers
1548322,2015-09-17,1082683,Standard Grant,Collaborative Research: ASSIST:  Strengthening Engineering Faculty through Diversity-Serving Professional Organization Engagement,Great Minds in STEM
1551402,2015-09-17,21156,Standard Grant,Who's Not at the Table?: Building Research Capacity for Underserved Communities in Engineering,University of Washington
1551605,2015-09-17,195010,Standard Grant,Collaborative Research:  Who's Not at the Table? Building Research Capacity for Underserved Communities in Engineering,Clemson University
1548542,2015-09-18,99257,Standard Grant,"""Strengthening the Collaboration and Partnership between US and African Engineering Programs by Working Closely with the African Engineering Deans Council (AEDC)",Morgan State University
1555806,2015-09-18,49988,Standard Grant,Practice of Innovation: A Value-Creation Workshop to Significantly Improve the Results from NSF's R&D and Commercialization Initiatives,National Collegiate Inventors and Innovators Alliance
1550777,2015-09-22,299599,Standard Grant,EAGER: The Professional Development and Instruction of Design Comparing both Distance Learning and Face-to-Face Delivery Methods,"University of Maryland, College Park"
1564571,2016-01-21,141701,Standard Grant,Characterizing Faculty Discourses on Gender in Engineering Education for Effective Interventions,University of Massachusetts Lowell
1624215,2016-01-29,49396,Standard Grant,Collaborative Research: Research Initiation Grants in Engineering Education:  Development of Innovation Capacity in Engineering Students through Virtual Internships,Rowan University
1560791,2016-02-09,47500,Standard Grant,Emerging Leaders in Engineering Workshop and Travel Grant,University of Alabama Tuscaloosa
1554057,2016-02-16,529910,Standard Grant,CAREER: Actualizing Latent Diversity: Building Innovation through Engineering Students' Identity Development,Purdue University
1554491,2016-02-17,518155,Standard Grant,CAREER: Empowering students to be adaptive decision-makers,Louisiana Tech University
1632676,2016-03-02,244108,Standard Grant,Collaborative Research: Improving Interdisciplinary Design Teamwork and Communication Using Boundary Negotiating Artifacts,University of Massachusetts Lowell
1554194,2016-03-04,505106,Standard Grant,CAREER: Investigating the Engineering Expansive Learning Spaces for Boys of Color,University of Tennessee Knoxville
1554641,2016-03-04,509336,Standard Grant,CAREER: Personal Epistemology in Engineering Education,Oregon State University
1559867,2016-03-07,373954,Standard Grant,REU Site: Innovative Engineering Using Renewable Resources,University of Alabama Tuscaloosa
1559781,2016-03-10,326497,Standard Grant,REU Site: Engineered Materials for Tissue Engineering and Drug Delivery,University of California-San Diego
1559958,2016-03-10,91939,Standard Grant,Collaborative Research: REU Site: Security Printing and Anti-Counterfeiting Technology,South Dakota State University
1560064,2016-03-10,390545,Standard Grant,REU Site: Penn State Cardiovascular Research: Engineering A Translational Experience (CREATE),Pennsylvania State Univ University Park
1560098,2016-03-10,390550,Standard Grant,"REU Site: Interdisciplinary Nanotechnology Traineeship for Next-Generation Energy, Health, Information, and Manufacturing",University of Connecticut
1560235,2016-03-10,374398,Standard Grant,Interdisciplinary Micro/nano-manufacturing Program Addressing Challenges Today (IMPACT),University of Louisville Research Foundation Inc
1560323,2016-03-10,96669,Standard Grant,Collaborative Research: REU Site: Security Printing and Anti-Counterfeiting Technology,University of South Dakota Main Campus
1560421,2016-03-10,348232,Standard Grant,Collaborative Research: REU Site: Security Printing and Anti-Counterfeiting Technology,South Dakota School of Mines and Technology
1560031,2016-03-17,314261,Standard Grant,REU Site: Solar Energy Research for the Terawatt Challenge,Arizona State University
1559700,2016-03-21,375000,Standard Grant,REU Site: Imaging and Mechanics-based Projects on Accidental Cases of Trauma (IMPACT),Wake Forest University School of Medicine
1559989,2016-03-21,300138,Standard Grant,REU Site: Environmental Engineering Solutions for Pollution Prevention (EESPP-REU),SUNY at Buffalo
1560058,2016-03-21,355563,Standard Grant,REU: Research Experiences for Undergraduates in Nanoscience and Microsystems Engineering,University of New Mexico
1560174,2016-03-21,351506,Standard Grant,REU Site: American Student Placements in Rehabilitation Engineering,University of Pittsburgh
1560247,2016-03-27,341652,Standard Grant,REU Site: Summer Research in Neural Systems Engineering,University of Minnesota-Twin Cities
1560337,2016-03-27,378014,Standard Grant,REU Site: Multi-physics of Active Systems and Structures II,Florida State University
1559845,2016-03-28,386033,Standard Grant,REU Site: Summer Engineering Research Experiences in Transportation Electrification,"University of Maryland, College Park"
1560305,2016-03-28,330759,Standard Grant,"REU site: Developing entrepreneurs in energy storage, catalysis, and biofuels",Louisiana State University
1560239,2016-03-30,402840,Standard Grant,REU Site: Research Experiences for Undergraduates in Fluid Power,University of Minnesota-Twin Cities
1631072,2016-04-01,48227,Standard Grant,Making Academic Change Workshop,Rose-Hulman Institute of Technology
1606396,2016-04-12,325081,Standard Grant,Haptic-Based Learning Experiences as Cognitive Mediators for Conceptual Understanding and Representational Fluency in Engineering Education,Purdue University
1607916,2016-04-12,349712,Standard Grant,The Development of a New Instructional Approach to Teach Engineering in Middle School Science Classrooms,University of Texas at Austin
1560012,2016-04-26,352062,Standard Grant,REU Site: Biological Materials and Processes (BioMaP),Iowa State University
1560194,2016-04-27,339450,Standard Grant,REU Site:  Training Undergraduates in Electrochemical Technologies for Clean Fuels (Biofuels and Hydrogen) Production and Applications,Old Dominion University Research Foundation
1560131,2016-05-04,359663,Standard Grant,"REU Site: Optics and photonics: Technologies, Systems, and Devices",New Jersey Institute of Technology
1560424,2016-05-05,364766,Standard Grant,REU Site: Aerospace Engineering Research Opportunities for Undergraduates (AERO-U),Texas A&M Engineering Experiment Station
1619843,2016-05-06,617202,Standard Grant,RACE-GENDER TRAJECTORIES IN ENGINEERING: THE ROLE OF SOCIAL CONTROL ACROSS NEIGHBORHOOD AND SCHOOL CONTEXTS,Washington University
1542286,2016-05-19,600000,Standard Grant,RET Site in Mechatronics and Robotics with Entrepreneurship and Industry Experiences,New York University
1559819,2016-05-19,359854,Standard Grant,"REU Site: Integrated Bioengineering Research, Education, and Outreach Experiences for Females and Underrepresented Minorities at WPI",Worcester Polytechnic Institute
1560360,2016-05-19,371517,Standard Grant,REU Site: Experiential Learning Undergraduate Research Opportunities on Energy and the Environment,Drexel University
1560894,2016-05-23,49500,Standard Grant,Mentoring and Networking Workshop for Junior Women Faculty in the Big 10,University of Minnesota-Twin Cities
1637430,2016-05-23,49276,Standard Grant,Broadening Participation in Engineering Opportunity: HBCU Summer Engineering Faculty and Student Seminar,Association of Public and Land-Grant Universities
1607809,2016-05-27,299329,Standard Grant,Collaborative Research: Building Social Infrastructure for Achieving Change at Scale,Virginia Polytechnic Institute and State University
1607849,2016-05-27,131457,Standard Grant,Collaborative Research: Building Social Infrastructure for Achieving Change at Scale,South Dakota School of Mines and Technology
1623411,2016-05-27,296033,Standard Grant,MAKER:  An Ethnography of Maker and Hacker Spaces Achieving Diverse Participation,Virginia Polytechnic Institute and State University
1636404,2016-05-31,21642,Standard Grant,"Collaborative Research: Engineering Identity, its Predictors, and its Impact on Retention across Educational Stages",University of Texas at El Paso
1636443,2016-05-31,325000,Standard Grant,"Developing Pre-service Science Teachers' Pedagogical Content Knowledge for Engineering Design Integrated Science Teaching, and Assessing the Impact on Student Learning",University of Virginia Main Campus
1636449,2016-05-31,278359,Standard Grant,"Collaborative Research: Engineering Identity, its Predictors, and its Impact on Retention across Educational Stages",University of Texas at Austin
1641143,2016-05-31,8909,Standard Grant,Phase I I/UCRC Iowa State U. Site: Center for Advanced Non-Ferrous Structural Alloys (CANFSA),Iowa State University
1564509,2016-06-01,17000,Standard Grant,Collaborative Research: Workshops to Develop a Community-Informed Framework   Characterizing the Impact of Engineering Education R&D,University of Texas at Austin
1564629,2016-06-01,160658,Standard Grant,Collaborative Research:  Workshops to Develop a Community-Informed Framework Characterizing the Impact of Engineering Education R&D,Arizona State University
1636475,2016-06-01,599905,Standard Grant,Value through the voices: Exploring making and its impact on engineering identity formation of underrepresented groups,Arizona State University
1560007,2016-06-03,371867,Standard Grant,REU Site: Engineering and Nanoscience of Materials and Device Applications in Biotechnology and Medicine,The University of Central Florida Board of Trustees
1609089,2016-06-03,600000,Standard Grant,"RET Site: Water ECubeG (Engineering, Ecology, Environment, Geosciences)",Virginia Polytechnic Institute and State University
1623490,2016-06-03,298425,Standard Grant,MAKER: Making Opportunities for Baltimore Inner City Youth in a 3D Print Shop,University of Maryland Baltimore County
1559963,2016-06-06,332556,Standard Grant,REU Site: Bioengineering and Biomanufacturing,Rensselaer Polytechnic Institute
1623053,2016-06-09,1922980,Standard Grant,"IUSE/PFE:RED: Rethinking Engineering Diversity, Transforming Engineering Diversity (REDTED)",Rowan University
1623105,2016-06-09,1999957,Standard Grant,IUSE/PFE-RED: FACETS: Formation of Accomplished Chemical Engineers for Transforming Society,University of New Mexico
1623141,2016-06-09,1998057,Standard Grant,IUSE/PFE:RED: Defining the Frontiers of Bioengineering Education at Illinois and Beyond,University of Illinois at Urbana-Champaign
1623189,2016-06-09,2000000,Standard Grant,IUSE/PFE:RED: Computer Science Professionals Hatchery (CSP Hatchery),Boise State University
1623190,2016-06-09,1919843,Standard Grant,IUSE/PFE:RED: A Model of Change for Preparing a New Generation for Professional Practice in Computer Science,University of Texas at El Paso
1623125,2016-06-14,1999869,Standard Grant,IUSE/PFE:RED: Reinventing the Instructional and Departmental Enterprise (RIDE) to Advance the Professional Formation of Electrical and Computer Engineers,Iowa State University
1608843,2016-06-20,499038,Standard Grant,RET Site: Optics Research Experience for Teachers in Native American Schools (O-RETinas),University of Arizona
1609524,2016-06-22,524706,Standard Grant,ENgaging Educators in Renewable EnerGY (ENERGY),"Georgia Southern University Research and Service Foundation, Inc"
1609566,2016-06-23,599931,Standard Grant,Quality of Life Technology Research Experience for Teachers,University of Pittsburgh
1559973,2016-06-28,292562,Standard Grant,REU Site: Materials for Energy and the Environment,Princeton University
1608886,2016-06-29,545380,Standard Grant,RET Site: Incorporating Engineering Design and Manufacturing into High School Curriculum,Lamar University
1636446,2016-07-01,299990,Standard Grant,Understanding the Professional Formation of Engineers through the Lens of Design Thinking: Unpacking the Problem of Diversity and Inclusion,Purdue University
1624497,2016-07-06,300000,Continuing Grant,Phase II I/UCRC Florida Atlantic University Site: Center for Health Organization Transformation.,Florida Atlantic University
1624602,2016-07-06,500000,Continuing Grant,"Phase II U. of Colorado Boulder Site: Center for Membrane Science, Engineering and Technology (MAST)",University of Colorado at Boulder
1624662,2016-07-06,15000,Standard Grant,Northeastern University Planning Grant: I/UCRC for Energy-Smart Electronic Systems,Northeastern University
1624572,2016-07-07,500000,Continuing Grant,Phase II I/UCRC U. of North Carolina at Charlotte Site: Center for Metamaterials (CfM),University of North Carolina at Charlotte
1624712,2016-07-07,749586,Continuing Grant,Phase I I/UCRC University of Louisville Site: Center for Efficient Vehicles and Sustainable Transportation Systems (EV-STS),University of Louisville Research Foundation Inc
1624690,2016-07-08,299322,Continuing Grant,Phase II I/UCRC U. of Alabama at Birmingham Site: Center for Health Organization Transformation,University of Alabama at Birmingham
1624767,2016-07-08,749995,Continuing Grant,Phase I I/UCRC Worcester Polytechnic Institute Site: Center for Advanced Research in Drying (CARD),Worcester Polytechnic Institute
1624812,2016-07-08,748382,Continuing Grant,Phase I I/UCRC University of Illinois at Urbana-Champaign Site: Center for Advanced Research in Drying (CARD),University of Illinois at Urbana-Champaign
1624842,2016-07-08,750000,Continuing Grant,Phase I I/UCRC Arizona State University Site: Center for Efficient Vehicles and Sustainable Transportation Systems (EV-STS).,Arizona State University
1623067,2016-07-11,2000000,Standard Grant,IUSE/PFE:RED: Radically Expanding Pathways in the Professional Formation of Engineers,Virginia Polytechnic Institute and State University
1564418,2016-07-13,49981,Standard Grant,GEM Professional Development and Travel Grant to National Conference,The National GEM Consortium
1624640,2016-07-13,15000,Standard Grant,University of New Hampshire Planning Grant: I/UCRC for Metal Deformation Processes (iuFOCUS),University of New Hampshire
1624793,2016-07-13,14993,Standard Grant,Planning Grant: I/UCRC for Center for Advanced Forensic Science Research at University of South Alabama,University of South Alabama
1624817,2016-07-13,15000,Standard Grant,Texas A&M U. Planning Grant: I/UCRC for Metal Deformation Processes (iuFOCUS),Texas A&M Engineering Experiment Station
1624823,2016-07-13,14999,Standard Grant,Northwestern U. Planning Grant: I/UCRC for Metal Deformation Processes (iuFOCUS),Northwestern University
1624536,2016-07-14,500000,Continuing Grant,Phase II I/UCRC Virginia Polytechnic Institute: Center for Wood-Based Composites (WBC),Virginia Polytechnic Institute and State University
1624599,2016-07-14,499995,Continuing Grant,Phase II I/UCRC Oregon State U. Site: Center for Wood-Based Composites (WBC),Oregon State University
1624679,2016-07-14,500000,Continuing Grant,Phase II I/UCRC Clarkson University Site: Center for Metamaterials (CfM),Clarkson University
1624836,2016-07-14,499990,Continuing Grant,Phase II I/UCRC Colorado School of Mines Site: Center for Advanced Non-Ferrous Structural Alloys (CANFSA),Colorado School of Mines
1624539,2016-07-16,400000,Continuing Grant,Phase II I/UCRC Texas A&M Engineering Experiment Station Site: Center for Next Generation Photovoltaics,Texas A&M Engineering Experiment Station
1624373,2016-07-19,400000,Continuing Grant,Phase II Lehigh U Site: I/UCRC for Manufacturing and Materials Joining Innovation Center (Ma2JIC),Lehigh University
1624748,2016-07-19,499996,Continuing Grant,Phase II I/UCRC Iowa State U Site: Center for Advanced Non-Ferrous Structural Alloys (CANFSA),Iowa State University
1560478,2016-07-21,380001,Standard Grant,Research Experience for Undergraduates in UAV Technologies,"Cal Poly Pomona Foundation, Inc."
1638888,2016-08-02,99987,Standard Grant,Building Research Capacity for STEM Faculty Development,Clemson University
1640328,2016-08-02,150000,Standard Grant,Research Initiation: Reshaping Engineering Classroom Norms to Diversify the Profession,Northern Arizona University
1560303,2016-08-03,359906,Standard Grant,REU Site: REU in Functional Materials and Manufacturing at University of South Florida,University of South Florida
1560070,2016-08-15,352644,Standard Grant,"REU Site:  Solid-State Devices for Electronics, Photonics, and Magnetics Technology",Clemson University
1640523,2016-08-15,149998,Standard Grant,Research Initiation:  Exploring the role of innovation and social self-efficacy within a diverse engineering ecosystem at New Mexico State University's College of Engineering,New Mexico State University
1649313,2016-08-16,46195,Standard Grant,Pilot Program/Travel Grant:   Broadening Participation Among Underrepresented Female Students in Engineering,Society of Women Engineers
1611019,2016-08-17,595702,Standard Grant,RET Site: Collaborative Multidisciplinary Engineering Design Experiences for Teachers (CoMET),The University of Central Florida Board of Trustees
1623554,2016-08-17,299943,Standard Grant,"EAGER: MAKER: Inspiring the Flathead Indian Reservation's Next-Generation Workforce through Mobile, Cultural Making",University of Montana
1634069,2016-08-17,162256,Standard Grant,"Sustaining the Engagement of Highly Diverse Communities of High School Students in an Out-of-School Engineering Residency Program: An Exploratory, Capacity-Building Study",New York Hall of Science
1560138,2016-08-18,360485,Standard Grant,REU Site: Research and Education in Multiscale Sensing and Imaging,Iowa State University
1640417,2016-08-23,150000,Standard Grant,"Research Initiation: Understanding the relationships between participation in co-curricular activities, student characteristics, and the professional formation of engineers.",Regents of the University of Michigan - Ann Arbor
1559632,2016-08-24,286424,Standard Grant,REU Site: Observing Our World with Light and Sound,Montana State University
1624698,2016-08-24,750000,Continuing Grant,Phase I I/UCRC University of Delaware Site: Advanced Mammalian Biomanufacturing Innovation Center (AMBIC),University of Delaware
1640440,2016-08-24,150000,Standard Grant,Research Initiation: Forming the Empathic Engineer - A Path to Gender Equity in the Profession,University of Memphis
1640488,2016-08-24,26363,Standard Grant,Collaborative Research:   Research Initiation: Factors Affecting Underrepresented Minority Student Success and Pathways to Engineering Careers at Majority and Minority Institutions,Alabama A&M University
1640553,2016-08-24,123859,Standard Grant,Collaborative Research: Research Initiation: Factors Affecting Underrepresented Minority Student Success and Pathways to Engineering Careers at Majority and Minority Institutions,University of Toledo
1624641,2016-08-25,750000,Continuing Grant,Phase I I/UCRC Clemson University Site: Advanced Mammalian Biomanufacturing Innovation Center (AMBIC),Clemson University
1611114,2016-08-26,577815,Standard Grant,RET Site in Engineering and Computer Science: Digital Signal Processing in Radio Astronomy,West Virginia University Research Corporation
1624684,2016-08-26,750000,Continuing Grant,Phase I I/UCRC Johns Hopkins University Site: Advanced Mammalian Biomanufacturing Innovation Center (AMBIC),Johns Hopkins University
1624718,2016-08-26,750000,Continuing Grant,Phase I I/UCRC University of Massachusetts Lowell Site: Advanced Mammalian Biomanufacturing Innovation Center (AMBIC),University of Massachusetts Lowell
1654315,2016-08-30,45037,Standard Grant,Proposing a Revolution - Lessons Learned in Designing RED Projects,University of San Diego
1606868,2016-08-31,58570,Standard Grant,Learning in laboratories:  Investigating interactions between engineering research communities and undergraduate workers,University of Virginia Main Campus
1607711,2016-08-31,125532,Standard Grant,Collaborative Research:  From School to Work: Understanding the Transition from Capstone Design to Industry,New Mexico Institute of Mining and Technology
1607811,2016-08-31,200181,Standard Grant,Collaborative Research:   From School to Work: Understanding the Transition from Capstone Design to Industry,Virginia Polytechnic Institute and State University
1607962,2016-08-31,65196,Standard Grant,Collaborative Research:   From School to Work: Understanding the Transition from Education Capstone Design to Industry,Smith College
1607997,2016-08-31,91786,Standard Grant,Collaborative Research:  From School to Work: Understanding the Transition from Education Capstone Design to Industry,University of Colorado at Boulder
1647928,2016-08-31,503093,Standard Grant,Gatekeepers to Broadening Participation in Engineering: Investigating variation across high schools comparing who could go versus who does go into engineering,Virginia Polytechnic Institute and State University
1648454,2016-08-31,386530,Standard Grant,The Double Bind of Race and Gender:  A Look into the Experiences of Women of Color in Engineering,University of Illinois at Urbana-Champaign
1647485,2016-09-01,1239883,Standard Grant,An Investigation of the Engineering Pipeline Challenges Facing K-12 Students in Alabama's Black Belt Region,University of Alabama in Huntsville
1654206,2016-09-01,49870,Standard Grant,Catalyzing a Research Agenda for Enhancing Engineering Education through Institutional Collaborations,Franklin W. Olin College of Engineering
1655081,2016-09-01,49970,Standard Grant,Innovation-for-Impact: A Value-creation Program to Improve the Impact of NSF's R&D and Commercialization Initiatives,American Society For Engineering Education
1559984,2016-09-02,354450,Standard Grant,REU Site:  Re-Inventing America's Urban Water Infrastructure,Stanford University
1560107,2016-09-02,480922,Standard Grant,REU Site: Collaborative International Automotive Engineering in Germany and the USA,Virginia Polytechnic Institute and State University
1640521,2016-09-02,150000,Standard Grant,Research Initiation: Exploring Enculturation of Engineering Students in the First-Year Engineering Program,Texas A&M Engineering Experiment Station
1647281,2016-09-02,290028,Standard Grant,Collaborative Research: Pushing Students Away: Developing a Research Agenda for Broadening Participation of African Americans in Engineering and Computer Science,Arizona State University
1647327,2016-09-02,281127,Standard Grant,Collaborative Research: Pushing Students Away: Developing a Research Agenda for Broadening Participation of African Americans in Engineering and Computer Science,Virginia Polytechnic Institute and State University
1648016,2016-09-02,791702,Standard Grant,Increasing Student Engagement by Improving Social-cognitive Bias Education,Texas A&M Engineering Experiment Station
1649956,2016-09-02,300000,Standard Grant,HBCU-DCL EAGER: Unraveling Academic Success: Identifying High Impact Practices to Support Academic Persistence and Degree Completion for Underrepresented Populations in Engineering,Tennessee State University
1655109,2016-09-02,49986,Standard Grant,Better Engaging Minority Serving Institutions in Engineering Education Research and Innovation,American Society For Engineering Education
1560155,2016-09-07,406120,Standard Grant,REU Site: Undergraduate Research in Energy and Propulsion,Texas A&M Engineering Experiment Station
1560268,2016-09-07,382184,Standard Grant,REU Site: Research Opportunities in Bioinspired Robotics,"University of Maryland, College Park"
1635204,2016-09-07,59507,Standard Grant,Collaborative Research:   Preparing engineers to address climate change and its implications on sustainability: modeling impact of college experiences on students,Purdue University
1635534,2016-09-07,239678,Standard Grant,Collaborative Research:   Preparing engineers to address climate change and its implications on sustainability: modeling impact of college experiences on students,Virginia Polytechnic Institute and State University
1636442,2016-09-07,308819,Standard Grant,Pathways from School to Work (PATHS): A Longitudinal Study of Undergraduate Engineering Students from College into the Workforce,Stanford University
1648609,2016-09-07,289089,Continuing Grant,HBCU-DCL EAGER: Engineering Education: Capturing and Defining Experiences of Stereotype Threat Among African American Students in Engineering.,Xavier University of Louisiana
1649318,2016-09-07,208999,Standard Grant,Collaborative Research:  Creating National Leadership Cohorts for Making Academic Change Happen,Rose-Hulman Institute of Technology
1649379,2016-09-07,249806,Standard Grant,Collaborative Research:  Creating National Leadership Cohorts for Making Academic Change Happen,University of Washington
1559968,2016-09-08,412491,Standard Grant,REU Site: Cellular Bioengineering -- From Biomaterials to Stem Cells,Rutgers University New Brunswick
1559970,2016-09-08,383853,Standard Grant,REU Site: Advancing Human Health from Nano to Network,University of Rochester
1560282,2016-09-08,361861,Standard Grant,REU Site: Multi-Scale Systems Bioengineering,University of Virginia Main Campus
1560283,2016-09-08,397863,Standard Grant,REU Site:From the body to the grid:  Joint ERC REU explores energy from nano-scale harvesting to smart grid technology,North Carolina State University
1640499,2016-09-08,149921,Standard Grant,Research Initiation:   Understanding the Conditions for Inclusive Spaces for LGBTQ Engineering Students,Worcester Polytechnic Institute
1649355,2016-09-12,294495,Standard Grant,"NSF INCLUDES: Increasing Degrees Awarded to African American, Hispanic, Native American and Women Students in Engineering (50K Coalition)",National Society of Black Engineers
1649378,2016-09-12,299998,Standard Grant,NSF INCLUDES: Enhancing the New Mexico STEM Pipeline - Design and Development Launch Pilot,New Mexico State University
1649384,2016-09-12,299393,Standard Grant,"NSF INCLUDES: LEVERAGE, Strengthening the ASSIST Collaborative to Illuminate Engineering Faculty Pathways",Great Minds in STEM
1650390,2016-09-12,248397,Standard Grant,DCL: NSF INCLUDES Conference on Multi-Scale Evaluation in STEM Education,University of Tennessee Knoxville
1650433,2016-09-12,249486,Standard Grant,DCL: NSF INCLUDES Conference Grant,University of Cincinnati Main Campus
1650575,2016-09-12,227862,Standard Grant,DCL: NSF INCLUDES. Conference to Advance the Collective Impact of Retention and Continuation Strategies for Hispanics and Other Underrepresented Minorities in STEM Fields,University of California - Merced
1560072,2016-09-13,324761,Standard Grant,"REU Site: Engineering Entrepreneurship Education (E3) - A Multidisciplinary, Entrepreneurial Research Experience for Undergraduates",University of Connecticut
1642895,2016-09-14,895916,Standard Grant,Coaching toward the Professoriate: Race and Gender Conscious Mentoring for Black Doctoral Students in Engineering and Computing,Vanderbilt University
1655104,2016-09-16,590944,Standard Grant,IUCRC Evaluation Project: Model Redesign & Development,North Carolina State University
1624727,2016-09-20,300000,Continuing Grant,Phase II I/UCRC Pennsylvania State University Site: Center for Health Organization Transformation,Pennsylvania State Univ University Park
1647405,2016-09-20,598954,Standard Grant,"Studying and Evaluating Education, Guidance, Advancement, and Learning in Technology and Engineering",SUNY at Stony Brook
1659079,2016-10-20,505106,Standard Grant,CAREER: Investigating the Engineering Expansive Learning Spaces for Boys of Color,Drexel University
1700047,2016-11-15,203625,Standard Grant,Academic Career Enhancement for Underrepresented Faculty in Engineering,Old Dominion University Research Foundation
1649206,2016-11-30,297764,Standard Grant,"Georgia STEPS (Science, Technology and Engineering Partners for Success)",Wiregrass Georgia Technical College
1653854,2016-11-30,519967,Standard Grant,CAREER: Promoting Engineering Innovation Through Increased Neurodiversity by Encouraging the Participation of Students with ADHD,University of Connecticut
1700910,2016-12-01,110258,Standard Grant,Characterizing Non-Traditional Student Access and Success in Engineering,University of Louisville Research Foundation Inc
1653140,2016-12-13,560658,Standard Grant,CAREER: Advocating for Engineering through Hidden Curricula: A Multi-Institutional Mixed Method Approach,Utah State University
1723393,2016-12-22,4223,Standard Grant,BRIGE: Damage Evaluation and Life-Cycle Assessment of Reinforced HPFRC Beam-Column Joints under Multi-Axial Loading,University of Southern California
1647986,2016-12-28,120000,Standard Grant,Collaborative Research: The Niela Project: A Qualitative Investigation of the Experiences of Black Women in Pursuit of Doctorates and Postdoctorates in Engineering and Computing,Heidelberg College
1648332,2016-12-28,393625,Standard Grant,Collaborative Research: The Niela Project: A Qualitative Investigation of the Experiences of Black Women in Pursuit of Doctorates and Postdoctorates in Engineering and Computing,University of California-Irvine
1651808,2017-01-18,569702,Standard Grant,CAREER:Leveraging learning and engineering identity to broaden participation of Black males in colleges of engineering,Iowa State University
1650470,2017-01-19,299560,Continuing Grant,Phase II I/UCRC University of Wisconsin-Milwaukee: Center for Grid-connected Advanced Power Electronic Systems (GRAPES),University of Wisconsin-Milwaukee
1650504,2017-01-19,500000,Continuing Grant,Phase II I/UCRC Trustees of Boston University: Center on Biophotonic Sensors and Systems,Trustees of Boston University
1650588,2017-01-19,500000,Continuing Grant,Phase II I/UCRC University of California-Davis: Center for Biophotonics Sensors and Systems,University of California-Davis
1650423,2017-01-23,499891,Continuing Grant,Phase II I/UCRC Virginia Polytechnic Institute and State University: Center for Tire Research (CenTiRe),Virginia Polytechnic Institute and State University
1650458,2017-01-24,15000,Standard Grant,"Planning I/UCRC Drexel University: Center for High Pressure Plasma Energy, Agriculture, and Biomedical Technologies (PEAB)",Drexel University
1650460,2017-01-24,499979,Continuing Grant,Phase II I/UCRC University of Akron:  Center for Tire Research (CenTiRe),University of Akron
1650544,2017-01-24,300000,Standard Grant,Phase I I/UCRC University of Connecticut Site: Center for Novel High Voltage/Temperature Materials and Structures (HVT),University of Connecticut
1650488,2017-01-25,15000,Standard Grant,"Planning I/UCRC University of Michigan Ann Arbor: Center for High Pressure Plasma Energy, Agriculture, and Biomedical Technologies (PEAB)",Regents of the University of Michigan - Ann Arbor
1650517,2017-01-25,15000,Standard Grant,Planning I/UCRC University of Massachusetts Lowell: Center for Science of Heterogeneous Additive Printing of 3D Materials (SHAP3D),University of Massachusetts Lowell
1650538,2017-01-25,15000,Standard Grant,Planning I/UCRC University of Connecticut: Center for Science of Heterogeneous Additive Printing of 3D Materials (SHAP3D),University of Connecticut
1650461,2017-01-26,15000,Standard Grant,Planning I/UCRC Georgia Institute of Technology: Center for Science of Heterogeneous Additive Printing of 3D Materials (SHAP3D),Georgia Tech Research Corporation
1663249,2017-01-26,99856,Standard Grant,Workshop on Improving the Diversity of Faculty in Electrical and Computer Engineering (iREDEFINE ECE),Rutgers University New Brunswick
1650463,2017-01-27,15000,Standard Grant,Planning I/UCRC Virginia Polytechnic Institute and State University: Center for Advanced Subsurface Earth Resource Models,Virginia Polytechnic Institute and State University
1650500,2017-01-27,14998,Standard Grant,Planning I/UCRC Colorado School of Mines: Center for Advanced Subsurface Earth Resource Models,Colorado School of Mines
1723385,2017-01-30,49599,Standard Grant,Making Academic Change Happen for Emerging Engineering Educators (Workshop Proposal),Rose-Hulman Institute of Technology
1650564,2017-01-31,600000,Continuing Grant,Phase I I/UCRC University of Alabama: Center for Efficient Vehicles and Sustainable Transportation Systems (EV-STS),University of Alabama Tuscaloosa
1650585,2017-01-31,15000,Standard Grant,Planning I/UCRC California Institute of Technology: Center for Geomechanics and Mitigation of Geohazards,California Institute of Technology
1664250,2017-02-01,349998,Standard Grant,Representation of Engineering Concepts in Academic and Engineering Workplace Settings: How situated are engineering concepts in these contexts?,Oregon State University
1664228,2017-02-03,317971,Standard Grant,Learning from Engineers to Develop a Model of Disciplinary Literacy in Engineering,Utah State University
1659796,2017-02-05,356199,Standard Grant,"REU Site: Biomedical Engineering in Simulations, Imaging, and Modeling (BME-SIM)",East Carolina University
1664231,2017-02-05,298159,Standard Grant,The Formation of Undergraduate Engineers as Engineering Leaders,Montana State University
1664260,2017-02-05,369480,Standard Grant,Engineering Dissent: Moving Political Engagement for Social Justice from the Vanguard into the Mainstream of the Engineering Profession,University of Colorado at Boulder
1663909,2017-02-07,73581,Standard Grant,Collaborative Research: Supporting Agency Among Early Career Engineering Education Faculty in Diverse Institutional Contexts,University of North Carolina at Charlotte
1663919,2017-02-07,71682,Standard Grant,Collaborative Research: Supporting Agency among Early Career Engineering Education Faculty in Diverse Institutional Contexts,The College of New Jersey
1664008,2017-02-07,111538,Standard Grant,Collaborative Research: Supporting Agency Among Early Career Engineering Education Faculty in Diverse Institutional Contexts,Franklin W. Olin College of Engineering
1664016,2017-02-07,56503,Standard Grant,Collaborative Research: Supporting Agency Among Early Career Engineering Education Faculty in Diverse Institutional Contexts,Rowan University
1664038,2017-02-07,61818,Standard Grant,Collaborative Research: Supporting Agency Among Early Career Engineering Education Faculty in Diverse Institutional Contexts,University of Houston
1664217,2017-02-07,64170,Standard Grant,Collaborative Research: Supporting Agency Among Early Career Engineering Education Faculty in Diverse Institutional Contexts,Virginia Polytechnic Institute and State University
1658845,2017-02-14,307800,Standard Grant,REU Site: Engineering Tools for Disease Diagnostics and Treatment,Washington State University
1659495,2017-02-14,439436,Standard Grant,REU Site: Interdisciplinary Water Science and Engineering,Virginia Polytechnic Institute and State University
1659525,2017-02-14,391338,Standard Grant,REU Site: Interdisciplinary Research Experiences in Nanotechnology and Biomedicine,University of Georgia Research Foundation Inc
1659623,2017-02-14,326138,Standard Grant,REU Site:  Advancing Sustainable Systems and Environmental Technologies to Serve Humanity (ASSETs to Serve Humanity),Clarkson University
1610089,2017-02-16,594426,Standard Grant,RET Site: Innovative Transportation Systems,Montana State University
1723314,2017-02-17,1218348,Standard Grant,Dissertation Institute,Old Dominion University Research Foundation
1650561,2017-02-24,14992,Standard Grant,Planning I/UCRC Missouri University of Science and Technology: Center for On-the-Move Energy Technologies (COMET),Missouri University of Science and Technology
1659559,2017-02-24,391824,Standard Grant,REU Site: Engineering and Computing in Rehabilitation and Assisitve Technologies,Cleveland State University
1664271,2017-02-24,211785,Standard Grant,Collaborative Research: The Making of Engineers: Influence of  Makerspaces on the Preparation of Undergraduates as Engineers,Oregon State University
1664272,2017-02-24,91050,Standard Grant,Collaborative Research: The Making of Engineers: Influence of Makerspaces on the Preparation of Undergraduates as Engineers,Colorado Mesa University
1664274,2017-02-24,99700,Standard Grant,Collaborative Research: The Making of Engineers: Influence of Makerspaces on the Preparation of Undergraduates as Engineers,Utah State University
1659190,2017-03-01,381244,Standard Grant,SUNFEST: Summer Undergraduate Research in Sensor Technologies,University of Pennsylvania
1659510,2017-03-01,356601,Standard Grant,REU Site: Integrated Optics for Undergraduate Native Americans (IOU-NA),University of Arizona
1650511,2017-03-02,15000,Standard Grant,Planning I/UCRC Kansas State University: Center for On-the-Move Energy Technologies (COMET),Kansas State University
1650541,2017-03-02,199983,Standard Grant,Phase III I/UCRC Ohio State University: Center for Child Prevention Studies (CChIPS),"OHIO STATE UNIVERSITY, THE"
1653378,2017-03-02,535297,Standard Grant,"CAREER: Modeling the Longitudinal Career Pathways of Engineering Doctorates by Gender, Race/Ethnicity, and Discipline",Purdue University
1659324,2017-03-02,425804,Standard Grant,"REU Site: Enhancing Knowledge Integration Through Undergraduate Research -- Particle-based Functional Materials for Energy, Sustainability, and Biomedicine",University of Pittsburgh
1659601,2017-03-03,352698,Standard Grant,REU Site: Sustainability of Horizontal Civil Networks in Rural Areas,University of Nebraska-Lincoln
1659688,2017-03-03,359848,Standard Grant,REU Site: Multidisciplinary Research for Undergraduates in Nanomaterials for Energy and Biological Applications,Indiana University
1732084,2017-03-03,9142441,Cooperative Agreement,Evaluation and Assessment Program for the Industry University Cooperative Research Center (IUCRC) Program,National Collegiate Inventors and Innovators Alliance
1659468,2017-03-06,360000,Standard Grant,REU Site: Removing Barriers to Ocean Current Based Electricity Production through Undergraduate Research,Florida Atlantic University
1659657,2017-03-10,376692,Standard Grant,"REU Site for Nanotechnology in Health, Energy and the Environment",SUNY at Stony Brook
1651511,2017-03-14,508214,Standard Grant,CAREER: Characterizing Gendered Socialization of Newcomer Engineers to Promote Inclusive Practices and Retention of a Diverse Workforce,University of Massachusetts Lowell
1650497,2017-03-16,15000,Standard Grant,Planning I/UCRC Northeastern University: Center for Center for On-the-Move Energy Technologies (COMET),Northeastern University
1659818,2017-03-17,414681,Standard Grant,REU Site:  Green Energy Technology Undergraduate Program,Rutgers University New Brunswick
1659856,2017-03-17,360000,Standard Grant,REU Site: Interdisciplinary Research Experiences in Metrology & Non-Destructive Inspection,Texas A&M Engineering Experiment Station
1659497,2017-03-20,375105,Standard Grant,REU Site: Integration of Biology and Materials in Chemical Engineering,Pennsylvania State Univ University Park
1700596,2017-03-21,29988,Standard Grant,BPE Symposia/Travel:  Funding Women Engineers to Attend the National LATTICE Symposia,University of Washington
1737384,2017-03-21,49999,Standard Grant,HerStory is Our Story: Creating a Legacy Through Engineering and Other STEM Entrepreneurship,Arizona State University
1659653,2017-03-23,372888,Standard Grant,REU Site: From Bench to Market: Engineering Systems for High Efficiency Separations,University of Arkansas
1659710,2017-03-23,438889,Standard Grant,REU Site: Fluid Mechanics with Analysis using Computations and Experiments (FM-ACE),University of Alabama Tuscaloosa
1659539,2017-03-24,386041,Standard Grant,"REU Site: Nano-, Bio-, and Quantum Photonics at University of Rochester",University of Rochester
1659813,2017-03-24,380574,Standard Grant,REU Site: Undergraduate Research in Intelligent Autonomous Vehicles,Wright State University
1664280,2017-03-24,306025,Standard Grant,Extending the Theoretical Framework of Numeracy to Engineers,South Dakota School of Mines and Technology
1650483,2017-03-28,600000,Continuing Grant,Phase I I/UCRC University of Texas at Austin: Center for Efficient Vehicles and Sustainable Transportation Systems (EV-STS),University of Texas at Austin
1659629,2017-03-28,75948,Standard Grant,Collaborative Research: REU Site: Nano-NY,Research Foundation CUNY - Advanced Science Research Center
1659808,2017-03-28,372997,Standard Grant,Collaborative Research: REU Site: Nano-NY,Columbia University
1659882,2017-03-30,385658,Standard Grant,REU Site: Summer Engineering Research Experiences in Power and Energy Systems for Smart Cities,University of Denver
1734772,2017-03-30,49998,Standard Grant,BPE TRAVEL GRANT:  Learn from Disasters Field Mission on Reconstruction of the Tohoku Region of Japan for Underrepresented Students in Engineering,University of Nebraska-Lincoln
1659394,2017-04-10,369800,Standard Grant,Electrochemical Engineering - Harnessing Electrons to Run Processes: From Batteries and Fuel-Cells to Microelectronics and Sensors,Case Western Reserve University
1711543,2017-04-10,597892,Standard Grant,RET Site:  Engineering for Biology: Multidisciplinary Research Experiences for Teachers in Elementary Grades,University of Florida
1711946,2017-04-11,543466,Standard Grant,RET Site: Sustainable Development-Research Experience for Teachers,South Dakota School of Mines and Technology
1654890,2017-04-13,50000,Standard Grant,Advanced Manufacturing Workshop: Preparing the Next Generation of Women of Color Engineering Researchers,Iowa State University
1734967,2017-04-13,456076,Standard Grant,Broadening Participation in Engineering: A Qualitative Study on Latina/o Persistence In and Beyond the Degree,University of Texas at El Paso
1733004,2017-04-26,390461,Standard Grant,2017 NSF Engineering Education and Centers (EEC) Grantees Conference,American Society For Engineering Education
1710826,2017-05-01,598705,Standard Grant,RET Site: Engineering Design Challenges and Research Experiences for Secondary and Community College Teachers,University of Cincinnati Main Campus
1738262,2017-05-01,71682,Standard Grant,Collaborative Research: Supporting Agency among Early Career Engineering Education Faculty in Diverse Institutional Contexts,University of Tennessee Knoxville
1659777,2017-05-02,364006,Standard Grant,REU Site: Undergraduate Research Opportunities in Biomedical Devices at the University of Nebraska-Lincoln,University of Nebraska-Lincoln
1649717,2017-05-03,197148,Standard Grant,"EAGER (HBCU-DCL): Broadening Participation in Neural Engineering, Bioengineering, and Systems Engineering Research",Fort Valley State University
1659615,2017-05-03,287478,Standard Grant,REU Site: Research Experience for Undergraduates for Meeting the Grand Challenges in Engineering,Duke University
1711701,2017-05-03,600000,Standard Grant,RET Site: Research to Inspire Students in Engineering through commUnity Partnerships (RISE UP),University of New Hampshire
1734834,2017-05-04,257205,Standard Grant,Community Cultures: Broadening Participation By Understanding How Rural Communities Support Engineering as College Major Choice,Virginia Polytechnic Institute and State University
1719257,2017-05-08,194750,Standard Grant,RAPID: Engineering Research Center History,American Society For Engineering Education
1733636,2017-05-09,349900,Standard Grant,Professional Identity Development in Civil Engineering Students with Disabilities,Virginia Polytechnic Institute and State University
1733665,2017-05-09,399157,Standard Grant,Defining and Assessing Systems Thinking in Diverse Engineering Populations,Regents of the University of Michigan - Ann Arbor
1733644,2017-05-16,49988,Standard Grant,A Pilot Investigation of Construction Workforce and Education Inequalities and Biases in Construction/Civil/Architectural Engineering,University of Nevada Las Vegas
1733716,2017-05-17,399388,Standard Grant,The untapped community: Community colleges as an opportunity to broaden participation in engineering,Arizona State University
1733594,2017-05-18,350000,Standard Grant,"Investigating the Formation of Engineers and the Future Professoriate: Linking Writing Approaches and Attitudes to Doctoral Socialization, Persistence, and Attrition",Pennsylvania State Univ University Park
1664264,2017-05-19,186401,Standard Grant,Collaborative Research: Understanding Engineering Pathways and their Impact on Community and Identity,Mississippi State University
1664266,2017-05-19,162336,Standard Grant,Collaborative Research: Understanding Engineering Pathways and Their Impact on Community and Identity,"OHIO STATE UNIVERSITY, THE"
1733474,2017-05-23,349562,Standard Grant,Reflection in engineering education: Advancing conversations,University of Washington
1733678,2017-05-24,156263,Standard Grant,"Collaborative Research: Identifying the Interplay of Expertise Development, Creativity, and Learning in University Makerspaces",James Madison University
1733708,2017-05-24,242928,Standard Grant,"Collaborative Research: Identifying the Interplay of Expertise Development, Creativity, and Learning in University Makerspaces",Georgia Tech Research Corporation
1659884,2017-05-25,284228,Standard Grant,REU Site: An Integrated Diversity Undergraduate Research Experience in Functional Nanomaterials,University of California-Los Angeles
1733649,2017-06-16,399804,Standard Grant,Preparing undergraduate 'learning assistants' to teach in design courses,"University of Maryland, College Park"
1738617,2017-06-21,135213,Continuing Grant,I/UCRC:  Center for Advanced Design and Manufacturing of Integrated Microfluidics (CADMIM),University of Illinois at Chicago
1723802,2017-06-23,300000,Standard Grant,EAGER: MAKER:  Student Learning Trajectories from Making Activities,Arizona State University
1745514,2017-06-23,12056,Standard Grant,"Coalition of Hispanic, African and Native Americans for the Next Generation of Engineers and Scientists (CHANGES) Organizational Workshop",Mercer University
1730568,2017-06-27,2000000,Standard Grant,"IUSE/PFE:RED: PPSE - Transforming Programmers to Professional Software Engineers through Curricular Innovation, Inclusive Pedagogy, and Faculty Development",East Carolina University
1659507,2017-07-03,171555,Standard Grant,REU SITE:   Collaborative Research:  Integrated Academia-Industry Research Experience for Undergraduate in Smart Structure Technology (IAIRESST),University of South Carolina at Columbia
1659877,2017-07-03,144434,Standard Grant,REU SITE:   Collaborative Research:   Integrated Academia-Industry Research Experience for Undergraduate in Smart Structure Technology (IAIRESST),San Francisco State University
1734814,2017-07-03,217429,Standard Grant,Collaborative Research:   Professional Preparation of Underrepresented Minority PhD's and Post-Docs for a Career in Engineering Academia,Mississippi State University
1734822,2017-07-03,216908,Standard Grant,Collaborative Research:  Professional Preparation of Underrepresented Minority PhD's and Post-Docs for a Career in Engineering Academia,University of Akron
1734833,2017-07-03,190652,Standard Grant,Collaborative Research:   Professional Preparation of Underrepresented Minority PhD's and Post-Docs for a Career in Engineering Academia,University of Houston
1730576,2017-07-06,1999289,Standard Grant,IUSE/PFE:RED: Clemson University: Learning Teams and Innovation Ventures for Adaptable Training in Engineering (CULTIVATE),Clemson University
1730262,2017-07-07,1999971,Standard Grant,IUSE/PFE:RED: Transforming for inclusion: fostering belonging and uniqueness in engineering education and practice,Georgia Tech Research Corporation
1730693,2017-07-10,1999999,Standard Grant,IUSE/PFE: RED: REvolutionizing Diversity Of Engineering (REDO-E),Texas A&M Engineering Experiment Station
1659663,2017-07-12,366423,Standard Grant,Engineering New REU Approaches to Challenges in MultiTERM,Wake Forest University School of Medicine
1745347,2017-07-17,506888,Standard Grant,CAREER: Empowering students to be adaptive decision-makers,Clemson University
1744391,2017-07-20,49854,Standard Grant,Faculty of Color Uncovering Success Strategies in Engineering,North Carolina State University
1738734,2017-07-21,15000,Standard Grant,Planning Grant - University of Georgia: Center for Bioplastics and Biocomposites (CB2),University of Georgia Research Foundation Inc
1739805,2017-07-25,750000,Continuing Grant,Phase I IUCRC Florida International University: Center for Advanced Research in Forensic Science (CARFS),Florida International University
1740434,2017-07-25,749840,Continuing Grant,Phase I IUCRC University of South Alabama: Center for Advanced Research in Forensic Science (CARFS),University of South Alabama
1738417,2017-07-27,300000,Standard Grant,Phase I IUCRC Iowa State University: Center for Bioplastics and Biocomposites,Iowa State University
1738669,2017-07-27,300000,Standard Grant,Phase I IUCRC Washington State University: Center for Bioplastics and Biocomposites (CB2),Washington State University
1738752,2017-07-27,300000,Standard Grant,Phase I Site Addition:  I/UCRC for Multi-Functional Integrated System Technology (MIST) Center,University of Virginia Main Campus
1723704,2017-07-28,281103,Standard Grant,EAGER: MAKER: Maker Fridays: Engaging Rural and Underrepresented High School Students in Pre-Engineering Design and Creativity,Northeast Community College
1738739,2017-07-28,14996,Standard Grant,Planning IUCRC The Ohio State University: Center for Disruptive Musculoskeletal Innovations (CDMI),"OHIO STATE UNIVERSITY, THE"
1748840,2017-08-01,2152829,Cooperative Agreement,"NSF Engineering Education and Centers: Stewarding a Community of Scholars, Leaders, and Innovators",American Society For Engineering Education
1738359,2017-08-03,200000,Standard Grant,Phase II IUCRC University of Louisville: Center for Health Organization Transformation (CHOT),University of Louisville Research Foundation Inc
1738802,2017-08-03,500000,Continuing Grant,Phase II IUCRC Columbia University: Center for Energy Harvesting Materials and Systems (CEHMS),Columbia University
1749464,2017-08-03,50000,Standard Grant,Broadening Participation through a Workshop on Nanoengineered Surfaces for Thermal Energy Transport,Washington University
1738186,2017-08-07,196386,Standard Grant,Research Initiation:  Understanding Student Perceptions of Engineering Stress Culture (ESC),University of Illinois at Urbana-Champaign
1738265,2017-08-07,200000,Standard Grant,Phase II IUCRC University of Washington Site Addition:  Center for Health Organization Transformation (CHOT),University of Washington
1738723,2017-08-07,250000,Continuing Grant,Phase III IUCRC Ohio State University: Center for Smart Vehicle Concepts (SVC),"OHIO STATE UNIVERSITY, THE"
1720625,2017-08-08,4000000,Cooperative Agreement,Network for Computational Nanotechnology - Engineered nanoBIO Node,Indiana University
1720701,2017-08-08,4000000,Cooperative Agreement,Network for Computational Nanotechnology - Hierarchical nanoMFG Node,University of Illinois at Urbana-Champaign
1738214,2017-08-09,199818,Standard Grant,Research Initiation:   Enhancing the Learning Outcomes of Empathic Innovation in Longevity Engineering,Purdue University
1738689,2017-08-09,500000,Continuing Grant,Phase II IUCRC Virginia Tech: Center for Energy Harvesting Materials and Systems (CEHMS),Virginia Polytechnic Institute and State University
1740103,2017-08-10,249895,Standard Grant,Training Successful Trajectories: Interventions to Increase Minority Student and Future Engineering and Other STEM Faculty Application Success Rates,Villanova University
1738145,2017-08-11,199907,Standard Grant,Research Initiation:  Investigating the role of social responsibility on Veteran student retention,Kansas State University
1748384,2017-08-11,71206,Standard Grant,EAGER:  Demystifying the Engineering and Computer Science Underrepresentation Problem:  Understanding the Pathways to and through these Disciplines for Black and Hispanic Women,Florida International University
1738141,2017-08-14,200000,Standard Grant,Research Initiation: The impact of engineering summer camps on middle school students' interest and identity,"Board of Regents, NSHE, obo University of Nevada, Reno"
1737748,2017-08-15,49978,Standard Grant,Travel Grant:  MESA USA National Engineering Competition,Temple University
1738132,2017-08-15,199801,Standard Grant,Research Initiation:  A Study on the Intersection of Race and Gender on Leadership Formation of Engineering Students,University of Illinois at Chicago
1738154,2017-08-15,188055,Standard Grant,Research Initiation:  Why do students decide to get involved in co-curricular engineering projects?,California Polytechnic State University Foundation
1738205,2017-08-15,199922,Standard Grant,Research Initiation: Leveling the Playing Field: Using Instructional Strategies to Address Disparities in Task Orientation for Women and Underrepresented Group,University of Delaware
1743357,2017-08-15,49954,Standard Grant,Workshop: Third National Energy Education Summit: Engineering Connections for Broad Energy Education,National Council for Science and the Environment/CEDD
1711706,2017-08-16,517882,Standard Grant,RET Site: Joule Fellows: Sustainable Energy for an Inclusive Society,University of Connecticut
1738782,2017-08-20,500000,Continuing Grant,Phase II IUCRC Villanova University: Center for Energy-Smart Electronic Systems (ES2),Villanova University
1738793,2017-08-20,500000,Continuing Grant,Phase II IUCRC Binghamton University: Center for Energy-Smart Electronic Systems (ES2),SUNY at Binghamton
1738811,2017-08-20,499992,Continuing Grant,Phase II IUCRC  University of Texas at Arlington:  Center for Energy Smart Electronic Systems,University of Texas at Arlington
1753029,2017-08-22,100000,Standard Grant,EAGER:  Novel Biobased Chemicals,Iowa State University
1745287,2017-08-23,204817,Standard Grant,Collaborative Research: Understanding the Role of High Schools in Diversifying and Promoting Undergraduate Engineering Degree Attainment,University of Kentucky Research Foundation
1747956,2017-08-23,99754,Standard Grant,A Workshop to Finalize the Planning for a National Pilot of an AP in Engineering,"University of Maryland, College Park"
1664242,2017-08-24,349316,Standard Grant,Understanding the Formation of Sociotechnical Thinking in Engineering Education,Colorado School of Mines
1664269,2017-08-24,346361,Standard Grant,From Direct Instruction to Authentic Learning: A Shift to Increase Academic Success and Engineering Competencies among Youth of Color,"Teachers College, Columbia University"
1711917,2017-08-24,554678,Standard Grant,RET Site: Enhancing Teacher Knowledge & Skills in Modern Manufacturing,Texas A&M Engineering Experiment Station
1738209,2017-08-29,199995,Standard Grant,Research Initiation: The Formation of Engineering Students' Beliefs about Intelligence,Kansas State University
1736351,2017-08-30,75000,Standard Grant,EAGER: Impact of the emerging engineering education research and innovation community,Virginia Polytechnic Institute and State University
1736469,2017-08-30,150000,Standard Grant,EAGER: Collaborative Research: Impact of the emerging engineering education research and innovation community,Purdue University
1736493,2017-08-30,75000,Standard Grant,EAGER: Collaborative Research: Impact of the emerging engineering education research and innovation community,Arizona State University
1734878,2017-08-31,450000,Standard Grant,"Engineering Youth Experience for Promoting Relationships, Identity Development, and Empowerment",University of South Florida
1742942,2017-09-01,299882,Standard Grant,HBCU-DCL EAGER: Virtually Preparing Underrepresented Students for the Engineering and Computer Science Professoriate Using Embodied Conversational Agents,Morehouse College
1744636,2017-09-01,49981,Standard Grant,The National GEM Consortium: Graduate Student Travel Grant Program,The National GEM Consortium
1734877,2017-09-05,300000,Standard Grant,Preparing Future Minority Faculty for the Professoriate,North Carolina Agricultural & Technical State University
1741561,2017-09-05,199906,Standard Grant,Collaborative Research (HBCU-DCL EAGER): Broadening participation and strengthening capacity in interdisciplinary engineering model development,George Washington University
1741662,2017-09-05,100090,Standard Grant,Collaborative Research (HBCU-DCL EAGER): Broadening participation and strengthening capacity in interdisciplinary engineering model development,North Carolina Agricultural & Technical State University
1748398,2017-09-05,49999,Standard Grant,Underrepresented Engineering Students: Travel/Training Grant to Attend the International Microwave Symposium,University of Minnesota-Twin Cities
1659524,2017-09-06,296581,Standard Grant,REU Site: Advanced materials and processes for a resilient society,Worcester Polytechnic Institute
1659650,2017-09-06,352887,Standard Grant,REU Site: Applied Research Experience in Electrical and Computer Engineering (ApREECE),Oakland University
1659794,2017-09-06,367032,Standard Grant,REU Site: Power Optimization of Electro-Thermal Sytems (POETS) REU,University of Illinois at Urbana-Champaign
1711515,2017-09-06,590610,Standard Grant,RET Site: Research Experience for Teachers in Nanoengineering with a Focus on Teacher Leadership,William Marsh Rice University
1743329,2017-09-06,99933,Standard Grant,Native Americans: An Exploratory Study Pinpointing the Factors That Influence Their Interests and Aspirations for Engineering Faculty Positions,University of Minnesota-Twin Cities
1743335,2017-09-06,249066,Standard Grant,Black Males in Middle School (HBCU-DCL EAGER): Investigating How STEM Mentoring Programs and Experiences Influences Their Academic and Career Interest in Engineering,Bowie State University
1743572,2017-09-06,99998,Standard Grant,Native Americans: An Exploratory Study Pinpointing the Factors That Influence Their Interests and Aspirations for Engineering Faculty Positions,Oklahoma State University
1711603,2017-09-07,553966,Standard Grant,RET Site in Manufacturing Simulation and Automation,Pennsylvania State Univ University Park
1734954,2017-09-07,49720,Standard Grant,Broadening Participation: A Summit to Engage PK-12 Teachers in Engineering Experiential Learning,University of Alabama Tuscaloosa
1737686,2017-09-07,49711,Standard Grant,Broadening Participation in Engineering: Workshop on Reducing Attrition in Precalculus Pathways,Clemson University
1752897,2017-09-07,498953,Standard Grant,"RFE: Inclusion, exclusion, and socialization in engineering programs - Investigating key affective socio-psychological mechanisms in professional formation",University of Georgia Research Foundation Inc
1647722,2017-09-08,19750000,Cooperative Agreement,Engineering Research Center for Innovative and Strategic Transformation of Alkane Resources - CISTAR,Purdue University
1647837,2017-09-08,19750000,Cooperative Agreement,Nanosystems Engineering Research Center for Directed Multiscale Assembly of Cellular Metamaterials with Nanoscale Precision: CELL-MET,Trustees of Boston University
1648035,2017-09-08,37222000,Cooperative Agreement,NSF Engineering Research Center for Cell Manufacturing Technologies (CMaT),Georgia Tech Research Corporation
1648451,2017-09-08,19750000,Cooperative Agreement,NSF Engineering Research Center for Precise Advanced Technologies and Health Systems for Under-resourced Populations (PATHS-UP),Texas A&M Engineering Experiment Station
1734044,2017-09-08,299552,Standard Grant,"EAGER: Investigating and Pinpointing the College Success Factors for First-Generation, Underrepresented College Students in Engineering",Colorado School of Mines
1734741,2017-09-08,399999,Standard Grant,The PROMISE Engineering Institute,University of Maryland Baltimore County
1744467,2017-09-08,299998,Standard Grant,NSF INCLUDES DDLP:The Alabama Alliance for an Inclusive Middle Grades Computer Science Preparation through Makerspaces in the Alabama Black Belt Region,Tuskegee University
1744497,2017-09-08,299994,Standard Grant,NSF INCLUDES DDLP Statewide Consortium: Supporting Underrepresented Populations in Precalculus by Organizational Redesign toward Engineering Diversity,Clemson University
1744500,2017-09-08,299856,Standard Grant,NSF INCLUDES DDLP: Increasing Minority Presence within Academia through Continuous Training (IMPACT),Georgia Tech Applied Research Corporation
1744502,2017-09-08,298592,Standard Grant,NSF INCLUDES DDLP: Expanding Diversity in Energy and Environmental Sustainability through the creation of learning opportunities for minority students in the Mid-Atlantic region,Delaware State University
1744539,2017-09-08,300000,Standard Grant,NSF INCLUDES DDLP: Fostering Engineering Identity and Support Structures to Promote Entry and Persistence in Engineering for First-Generation Students,Arizona State University
1752096,2017-09-08,299999,Standard Grant,EAGER:Identifying and Disseminating Transformative Professional Development of Engineering Undergraduates Who Perform Outreach,Pennsylvania State Univ University Park
1737772,2017-09-11,200000,Standard Grant,Broadening Participation: An Alaska Native Science & Engineering Program Dissemination Conference,University of Alaska Anchorage Campus
1743666,2017-09-14,286136,Standard Grant,Collaborative Research: EAGER - Developing a Consortium Model for the Successful Implementation of the Rising Engineering Education Faculty Experience (REEFE),University of Tennessee Knoxville
1743667,2017-09-14,13853,Standard Grant,Collaborative Research: EAGER - Developing a Consortium Model for the Successful Implementation of the Rising Engineering Education Faculty Experience (REEFE),Rowan University
1748473,2017-09-14,114116,Standard Grant,Collaborative Research: A Virtual Community of Practice to Promote LGBTQ Inclusion in Engineering,University of Illinois at Urbana-Champaign
1748499,2017-09-14,473325,Standard Grant,Collaborative Research: A Virtual Community of Practice to Promote LGBTQ Inclusion in Engineering,American Society For Engineering Education
1723404,2017-09-15,49883,Standard Grant,"A Broadening Participation in Engineering Workshop for Distance Learning Programs in STEM: Experiences, Challenges, and Solutions",University of Nevada Las Vegas
1734899,2017-09-20,407769,Standard Grant,The APLU Project: Status Reports on Broadening Participation in Engineering,Association of Public and Land-Grant Universities
1724672,2017-10-23,99564,Standard Grant,Engineering Deans Forum on Broadening Participation,CUNY City College
1748685,2017-11-07,49947,Standard Grant,Developing an Industry-Inspired Academic Research Center to Address the Opportunities Created by the QUANTUM LEAP Big Challenge,University Industry Demonstration Partnership
1759827,2017-11-08,340861,Standard Grant,Understanding the Role of Credentialing in Promoting and Sustaining Innovative Engineering Practices,"Minnesota State University, Mankato"
1759958,2017-11-09,131457,Standard Grant,Collaborative Research: Building Social Infrastructure for Achieving Change at Scale,"Minnesota State University, Mankato"
1751369,2017-12-07,516061,Standard Grant,CAREER: Framing and Reframing Agency in Making and Engineering (FRAME),University of New Mexico
1763288,2017-12-07,349860,Standard Grant,Research:  Effects of Perceived Bias on Engineering Identity Development in the  Graduate Student Community,North Carolina State University
1747690,2017-12-20,15000,Standard Grant,"Planning Grant: The Pennsylvania State University addition to the  Industry University Cooperative Research Center (IUCRC) for Membrane Science, Engineering and Technology (MAST)",Pennsylvania State Univ University Park
1812714,2017-12-26,80000,Standard Grant,National GEM Consortium-American Society for Engineering Education Doctoral Research Showcase,American Society For Engineering Education
1747750,2017-12-27,15000,Standard Grant,"Planning Grant:  Industry University Cooperative Research Center (IUCRC) for Bioanalytic Metrology (CBM), Indiana University",Indiana University
1747764,2017-12-27,15000,Standard Grant,"Planning Grant:  Industry University Cooperative Research Center (IUCRC) for Bioanalytic Metrology (CBM), University of Notre Dame",University of Notre Dame
1747786,2017-12-27,15000,Standard Grant,"Planning Grant: Industry University Cooperative Research Center (IUCRC) for Bioanalytic Metrology (CBM), Purdue University",Purdue University
1747752,2017-12-29,150000,Continuing Grant,"Phase II Industry University Cooperative Research Center for Resource Recovery & Recycling (CR3), Colorado School of Mines",Colorado School of Mines
1747765,2017-12-29,150000,Continuing Grant,"Phase II Industry University Cooperative Research Center for Resource Recovery & Recycling (CR3), Worcester Polytechnic Institute",Worcester Polytechnic Institute
1764103,2018-01-03,349311,Standard Grant,Research: Invisible Gendered Experiences in Engineering Education,Oregon State University
1747757,2018-01-05,200000,Standard Grant,"Phase II Grant Industry University Cooperative Research Center (IUCRC) for GRid-connected Advanced Power Electronic Systems (GRAPES), University of Arkansas",University of Arkansas
1811170,2018-01-08,195279,Standard Grant,Developing and Assessing Engineering Students' Cognitive Flexibility in the Domain of Sustainable Design,Wake Forest University
1763357,2018-01-09,344572,Standard Grant,Research:  Engineering Students' Beliefs about Decision-Making,"OHIO STATE UNIVERSITY, THE"
1763477,2018-01-09,338798,Standard Grant,Research: Examining the impact of mechanical objects in students learning of thermodynamics-related engineering problems,Virginia Polytechnic Institute and State University
1757522,2018-01-18,359905,Standard Grant,REU Site: Undergraduate Research in Sustainable Energy (U-RISE),Regents of the University of Michigan - Ann Arbor
1752598,2018-01-19,500000,Standard Grant,CAREER: Alaska Native Belonging in High School Math and Science Classrooms,University of Alaska Anchorage Campus
1757401,2018-01-19,287979,Standard Grant,REU Site: Summer Undergraduate Research in Engineering (SURE) - Robotics,Georgia Tech Research Corporation
1755437,2018-01-24,49799,Standard Grant,Symposium for Engineering School Deans to Increase the Retention of Women and Underrepresented Minority Students,National Society of Black Engineers
1757745,2018-01-24,354811,Standard Grant,"REU Site: New approaches to engineering cells, tissues, and organs","University of Maryland, College Park"
1757882,2018-01-25,358850,Standard Grant,REU Site on Cybermanufacturing,Texas A&M Engineering Experiment Station
1757354,2018-01-30,437814,Standard Grant,REU Site:  A Multidisciplinary Research Experience in Engineered Bioactive Interfaces and Devices,University of Kentucky Research Foundation
1757815,2018-02-02,361237,Standard Grant,"REU Site: Biomedical Materials, Devices, Therapeutics, and Emerging Frontiers",Rowan University
1757979,2018-02-05,359982,Standard Grant,REU Site: Tomorrow's Nanomanufacturing: Engineering with Science (TNEWS),University of Arkansas
1747671,2018-02-06,750000,Continuing Grant,"IUCRC Phase I Drexel University: Center for High Pressure Plasma Energy, Agriculture, and Biomedical Technologies (PEAB)",Drexel University
1747760,2018-02-15,750000,Continuing Grant,"IUCRC Phase I GWU: Center for High Pressure Plasma Energy, Agriculture, and Biomedical Technologies (PEAB)",George Washington University
1751314,2018-02-15,570890,Standard Grant,CAREER: Valuing the Social in Engineering and Computer Science,California Polytechnic State University Foundation
1757395,2018-02-21,366563,Standard Grant,"REU Site: Next-generation health monitoring systems with flexible electronics, novel algorithms and secure communication.",University of Washington
1757558,2018-02-22,321750,Standard Grant,"REU Site:  Immersive Research in Energy Generation, Storage/Conversion, and Power Transmission",Tennessee Technological University
1757967,2018-02-22,360000,Standard Grant,REU Site: Nanotechnology REU with a Focus on Community Colleges,William Marsh Rice University
1734347,2018-02-26,398263,Standard Grant,"Explaining Choice, Persistence, and Attrition of Black Students in Electrical, Computer, and Mechanical Engineering",Clemson University
1757529,2018-02-26,472891,Standard Grant,REU Site program Explore it! Building the Next Generation of Sustainable Forest Bioproduct Researchers.,University of Maine
1757949,2018-02-26,427371,Standard Grant,"REU Site: Neurotechnologies to Help the Body Move, Heal, and Feel Again",University of Houston
1757837,2018-02-28,360000,Standard Grant,REU Site: Frontiers in Biomedical Imaging,University of Illinois at Urbana-Champaign
1757812,2018-03-01,353206,Standard Grant,REU Site: Integrating Research in Sustainable Energy and the Environment across Disciplines  (IR-SEED),Texas A&M University-Kingsville
1757989,2018-03-01,355470,Standard Grant,"REU Site: An Interdisciplinary Research Experience for Undergraduates in Food Safety, Food Engineering, and Nutrition",Illinois Institute of Technology
1762436,2018-03-01,181661,Standard Grant,Collaborative Research:Research: Advancing Engineering Education Research through Peer Review Analysis,Pennsylvania State Univ University Park
1762444,2018-03-01,51718,Standard Grant,Collaborative Research:Research: Advancing Engineering Education Research through Peer Review Analysis,University of Massachusetts Lowell
1757548,2018-03-05,360000,Standard Grant,REU Site: Undergraduate Research in Nanoscience and Nanotechnology,University of Iowa
1757650,2018-03-09,361454,Standard Grant,"NSF REU-Site: Research Experience for Undergraduates site to create ""Pathways Opening World Energy Resources"" (REU - POWER)",Northeastern University
1757777,2018-03-09,359783,Standard Grant,REU Site: An Interdisciplinary CubeSat Research and STEM Education Platform at the University of Tennessee at Chattanooga (UTChattSat),University of Tennessee Chattanooga
1757462,2018-03-14,365278,Standard Grant,REU Site: Injury Science Research Experiences for Undergraduates,The Children's Hospital of Philadelphia
1757994,2018-03-14,445626,Standard Grant,REU Site: Designing for Safety and Safety by Design,University of California-San Diego
1757846,2018-03-20,361740,Standard Grant,REU Site: Undergraduate Research Experience in Biomedical Translational Science and Technology Development,SUNY at Binghamton
1763917,2018-04-03,396008,Standard Grant,"Research: Examining the Influence of Youth-led, Museum-based Engineering Experiences on Participating Youth and the Visiting Public",New York Hall of Science
1813017,2018-04-03,249992,Standard Grant,NSF INCLUDES Symposium for ADVANCING STEM Latinas in Academic Careers,The University of Texas Rio Grande Valley
1758009,2018-04-04,684435,Standard Grant,Bio-inspired & Bio-mediated Geotechnics Research Experience for Undergraduates (BBG REU),University of California-Davis
1801626,2018-04-05,500596,Standard Grant,RET Site: Integrated Nanomanufacturing,Trustees of Boston University
1757393,2018-04-09,357618,Standard Grant,REU Site: Launching Aerospace's Underrepresented Students into the Next Chapter - Unmanned Aerial Systems (LAUNCH-UAS),Iowa State University
1757579,2018-04-09,360859,Standard Grant,REU SIte: Southeastern Undergraduate Internship in Nanotechnology (SUIN),Georgia Tech Research Corporation
1757885,2018-04-09,397808,Standard Grant,REU Site: BME Community of Undergraduate Research Scholars for Cancer (BME CUReS Cancer),University of Texas at Austin
1760810,2018-04-09,587377,Standard Grant,RET Site: Teaching Engineering & Design Innovation,Stanford University
1757786,2018-04-10,357012,Standard Grant,REU Site: Research Experience for Undergraduates in Advanced Infrastructural Materials,University of Louisiana at Lafayette
1801499,2018-04-12,600000,Standard Grant,RET Site: Milwaukee Water-Energy Nexus Education Initiative,University of Wisconsin-Milwaukee
1801398,2018-04-17,14960,Standard Grant,Collaborative Research: RET Site: Quadcopter Research Experiences for Tulsa-Area STEM Teachers,Oklahoma State University
1801716,2018-04-17,376064,Standard Grant,Collaborative Research: RET Site: Quadcopter Research Experiences for Tulsa-Area STEM Teachers,University of Tulsa
1829162,2018-04-30,19185,Standard Grant,CDMI - FDA SMART Workshop,University of California-San Francisco
1749210,2018-05-08,100000,Standard Grant,HBCU-DCL: Collaborative Workshop Between the Experimental Centric Pedagogy and Mobile Hands-On STEM Projects,Morgan State University
1812341,2018-05-15,75272,Standard Grant,Collaborative Research:  EAGER: Understanding the Confluence: Social Identities in Engineering Education and Practice,University of Texas at Tyler
1801727,2018-06-22,581073,Standard Grant,RET Site: Cross-disciplinary Research Experiences on Smart Cities for Nevada Teachers: Integrating Big Data into Robotics,"Board of Regents, NSHE, obo University of Nevada, Reno"
1832966,2018-06-22,3700,Standard Grant,Collaborative Conference: Research on Engineering Practice: Catalyzing a Scholarly Community,Franklin W. Olin College of Engineering
1833055,2018-06-22,4228,Standard Grant,Collaborative Conference: Research on Engineering Practice: Catalyzing a Scholarly Community,George Washington University
1833113,2018-06-22,7726,Standard Grant,Collaborative Conference: Research on Engineering Practice: Catalyzing a Scholarly Community,Purdue University
1833124,2018-06-22,33069,Standard Grant,Collaborative Conference: Research on Engineering Practice: Catalyzing a Scholarly Community,Arizona State University
1757953,2018-06-25,388486,Standard Grant,REU Site: Enriching the Undergraduate Research Experience for Native American Students,Fort Lewis College
1801666,2018-06-25,598785,Standard Grant,RET Site: Research Experiences for Teachers in Neural Engineering,University of Missouri-Columbia
1821526,2018-06-25,200000,Continuing Grant,I/UCRC Phase II at Colorado State University:  Center for Next Generation Photovoltaics,Colorado State University
1821914,2018-06-25,750000,Continuing Grant,Phase II IUCRC at University of Florida:  Center for Arthropod Management Technologies,University of Florida
1821936,2018-06-25,599999,Continuing Grant,Phase II IUCRC at University of Kentucky:  Center for Arthropod Management Technologies (CAMTech),University of Kentucky Research Foundation
1822143,2018-06-25,15000,Standard Grant,Planning IUCRC at Columbia University:  Center for Biological Applications of Solid-State Systems (C-BASS),Columbia University
1822147,2018-06-25,750000,Continuing Grant,Phase I IUCRC at University of Massachusetts Lowell:  Center for Science of Heterogeneous Additive Printing of 3D Materials (SHAP3D),University of Massachusetts Lowell
1822149,2018-06-25,15000,Standard Grant,Planning IUCRC at City University of New York:  Center for Biological Applications of Solid-State Systems (CBASS),Research Foundation CUNY - Advanced Science Research Center
1822151,2018-06-25,15000,Standard Grant,Planning IUCRC at Harvard University:  Center for Biological Applications of Solid-State Systems (CBASS),Harvard University
1822157,2018-06-25,750000,Continuing Grant,Phase 1 IUCRC at University of Connecticut:  Center for Science of Heterogeneous Additive Printing of 3D Materials (SHAP3D),University of Connecticut
1822141,2018-06-26,750000,Continuing Grant,Phase I IUCRC at Georgia Institute of Technology:  Center for Science of Heterogeneous Additive Printing of 3D Materials  SHAP3D,Georgia Tech Research Corporation
1822130,2018-06-27,500004,Continuing Grant,"Phase II IUCRC at New Jersey Institute of Technology:  Center for Membrane Science, Engineering and Technology (MAST)",New Jersey Institute of Technology
1822206,2018-06-27,300000,Continuing Grant,Phase II IUCRC at The University of Texas at Austin:  Center for Next Generation Photovoltaics,University of Texas at Austin
1822101,2018-07-10,500000,Continuing Grant,"Phase II IUCRC at University of Arkansas:  Center for Membrane Science, Engineering and Technology (MAST)",University of Arkansas
1757869,2018-07-11,376553,Standard Grant,"REU Site: Dare to BE FIRST - Biomechanical Engineering Foundations in Impactful Research, Science & Technology",University of Delaware
1822162,2018-07-12,500000,Continuing Grant,Phase II IUCRC at Kansas State University:  Center for Wheat Genetic Resources (WGRC),Kansas State University
1757128,2018-07-13,378856,Standard Grant,REU Site: Engineering for Healthcare,University of Florida
1826354,2018-07-17,349812,Standard Grant,Research: Asset-based Practices in Engineering Design (APRENDE): Formation of Engineers through a Funds of Knowledge Approach,University of San Diego
1757618,2018-07-18,323393,Standard Grant,REU Site: Research Experience for Undergraduates in Nanoscale Science and Engineering,Northwestern University
1830735,2018-07-18,200000,Standard Grant,Research Initiation: Systematic Use of Simulation in the Electrical and Computer Engineering Classroom to Drive Reflection and Metacognition,University of Pittsburgh
1826388,2018-07-19,293453,Standard Grant,Research: Workplace Preparation in the Aerospace Engineering Profession,Iowa State University
1763204,2018-07-20,329630,Standard Grant,Research: Collaborative Research: Changing the Conversation with Humanitarian Engineering Context,University of Washington
1763312,2018-07-20,20280,Standard Grant,Research: Collaborative Research: Changing the Conversation with Humanitarian Engineering Context,Iowa State University
1826181,2018-07-20,342502,Standard Grant,RFE Design and Development: Framing Engineering as Community Activism for Values-Driven Engineering,Auburn University
1837805,2018-07-20,138282,Standard Grant,EAGER: Supporting Faculty Early Career Development in Engineering Education Research,"Minnesota State University, Mankato"
1837808,2018-07-20,147256,Standard Grant,EAGER: Supporting Faculty Early Career Development in Engineering Education Research,Purdue University
1827377,2018-07-23,399907,Standard Grant,The In/authentic Experiences of Black Engineers,University of Florida
1836081,2018-07-23,81857,Standard Grant,Practices Promoting Engineering Education in the Early Years,University of Houston
1830814,2018-07-26,199957,Standard Grant,Research Initiation: Analyzing inequities in undergraduate workforce opportunities between biomedical and other engineering disciplines,"OHIO STATE UNIVERSITY, THE"
1830802,2018-07-27,199711,Standard Grant,Research Initiation: Computational thinking in Biological Engineering,Purdue University
1842119,2018-07-27,299994,Standard Grant,EAGER: Facilitating International Collaboration to Advance Engineering Research,National Collegiate Inventors and Innovators Alliance
1824856,2018-07-30,179735,Standard Grant,Collaborative Research: Design and Development: NGSS-aligned Museum-based Engineering Education Program with Classroom Extensions,University of California-Santa Barbara
1824859,2018-07-30,169988,Standard Grant,Collaborative Research: Design and Development: NGSS-aligned Museum-based Engineering Education Program with Classroom Extensions,"MOXI, The Wolf Museum of Exploration + Innovation"
1830730,2018-08-01,197689,Standard Grant,Research Initiation: Exploring Epistemologies where Engineering Meets Art,Arizona State University
1830741,2018-08-01,199875,Standard Grant,Research Initiation: Advanced Modeling of Metacognitive Problem Solving and Group Effectiveness in Collaborative Engineering Teams,Pennsylvania State Univ University Park
1830177,2018-08-03,49657,Standard Grant,Design and Development: Workshop Proposal for Emerging Engineering Educators Making Academic Change Happen (E3 MACH),Rose-Hulman Institute of Technology
1830788,2018-08-03,17706,Standard Grant,Research Initiation: Collaborative Research: Understanding pedagogically motivating factors for under-represented and non-traditional students in an engineering classroom,Utah State University
1830812,2018-08-03,182185,Standard Grant,Research Initiation: Collaborative Research: Understanding pedagogically motivating factors for under-represented and non-traditional students in an engineering classroom,Rutgers University New Brunswick
1830761,2018-08-09,186204,Standard Grant,Research Initiation: The Role of Internships in Developing Engineering Professional Identity for First Generation Low-Income Students,Elizabethtown College
1748686,2018-08-12,99971,Standard Grant,University-Industry Engagement outside Major Metropolitan Areas and Megacities: Identifying Issues and Finding Solutions,University of Arkansas
1828172,2018-08-13,248744,Standard Grant,Collaborative Research: An Intersectional Perspective to Studying Microagressions in Engineering Programs,Iowa State University
1828559,2018-08-13,119951,Standard Grant,Collaborative Research: An Intersectional Perspective to Studying Microagressions in Engineering Programs,North Carolina Agricultural & Technical State University
1832788,2018-08-13,38515,Standard Grant,A Planning Grant to Support Intergenerational Mentoring Among African American Women in the Engineering Academy,Old Dominion University Research Foundation
1830909,2018-08-14,199961,Standard Grant,Research Initiation: Leveraging Systems Thinking to Enhance the Holistic Formation of Engineers,Mississippi State University
1848892,2018-08-14,299812,Standard Grant,EAGER: Co-Creating a Research Agenda to Evaluate University Ambassador Programs' Impact on Engineering Identity of K-12 Students,Trustees of Boston University
1822144,2018-08-15,300000,Continuing Grant,IUCRC Phase II at The Ohio State University:  Manufacturing and Materials Joining Innovation Center - Ma2JIC,"OHIO STATE UNIVERSITY, THE"
1822184,2018-08-15,15000,Standard Grant,Planning IUCRC at City College of New York:  Center for Building Energy Smart Technology (BEST),CUNY City College
1822186,2018-08-15,200000,Continuing Grant,"Phase II IUCRC at University of Tennessee, Knoxville (UTK):  Manufacturing and Materials Joining Innovation Center (Ma2JIC)",University of Tennessee Knoxville
1842642,2018-08-15,49957,Standard Grant,Workshops for the Future of Mechatronic and Robotic Education,Southern Illinois University at Edwardsville
1849257,2018-08-15,184175,Standard Grant,Pilot Study to Accelerate Engineering Research Center Preparedness,"University of Maryland, College Park"
1757793,2018-08-16,259182,Standard Grant,REU Site: Intelligent Energetic Systems Engineering (INTENSE),New Mexico Institute of Mining and Technology
1822201,2018-08-16,200000,Continuing Grant,Phase II IUCRC at Colorado School of Mines:  Center for Manufacturing & Materials Joining Innovation Center (Ma2JIC),Colorado School of Mines
1822213,2018-08-16,200064,Continuing Grant,Phase II IUCRC at University of Hawaii:  Center for Electromagnetic Compatibility (CEMC); University of Hawaii in Electromagnetic Technologies,University of Hawaii
1840249,2018-08-24,94227,Standard Grant,Planning Grant: Engineering Research Center for Advancing a Circular Water Economy (ACWa-Econ),University of Minnesota-Twin Cities
1840570,2018-08-24,99998,Standard Grant,Planning Grant: Engineering Research Center for EMpowering People to achieve Optimal Well-being through Engineering Research: EMPOWER Center,North Carolina State University
1822026,2018-08-28,500000,Continuing Grant,"Phase II IUCRC at University of North Carolina, Charlotte:  Center for Freeform Optics (CeFO)",University of North Carolina at Charlotte
1822028,2018-08-28,15000,Standard Grant,Planning IUCRC Oakland University Center for Digital Joining and Repair,Oakland University
1822049,2018-08-28,500000,Continuing Grant,Phase II IUCRC at University of Rochester:  Center for Freeform Optics,University of Rochester
1822092,2018-08-28,15000,Standard Grant,Planning IUCRC at University of Nebraska-Lincoln:  Center for Engineering and Manufacturing Technologies Advancing Food Safety and Security (CAFSS),University of Nebraska-Lincoln
1822112,2018-08-28,15000,Standard Grant,Planning IUCRC at Case Western Reserve University:  Center for Industrial Energy Efficiency (CIEE),Case Western Reserve University
1822117,2018-08-28,15000,Standard Grant,Planning IUCRC at Georgia Institute of Technology:  Center for Engineering and Manufacturing Technologies Advancing Food Safety and Security (CAFSS),Georgia Tech Applied Research Corporation
1822148,2018-08-28,14999,Standard Grant,Planning IUCRC at University of Tennessee/Knoxville:  Center for [Digital Composite Joining and Repair],University of Tennessee Knoxville
1822152,2018-08-28,14999,Standard Grant,Planning IUCRC at The University of Arkansas:  Center for Infrastructure Trustworthiness in Energy Systems (CITES),University of Arkansas
1822156,2018-08-28,15000,Standard Grant,Planning IUCRC at University of Colorado Boulder:  Center for Building Energy Smart Technologies (BEST),University of Colorado at Boulder
1825126,2018-08-28,274879,Standard Grant,Research:  D eveloping  E ngineering  E xperiences and  P athways in Engineering Technology Career  Formation (D.E.E.P. Engineering Technology Career Formation),Clemson University
1828227,2018-08-28,336343,Standard Grant,Investigating the Career Development and Professional Trajectories of Disadvantaged Students in Engineering,Utah State University
1822035,2018-08-29,15000,Standard Grant,Planning IUCRC at Georgia Institute of Technology:  Center for [Digital Composite Joining and Repair],Georgia Tech Research Corporation
1822163,2018-08-29,15000,Standard Grant,Planning IUCRC at Purdue University:  Center for Industrial Energy Efficiency (CIEE),Purdue University
1822205,2018-08-29,15000,Standard Grant,Planning IUCRC at University of Illinois at Urbana-Champaign:  Center for Infrastructure Trustworthiness in Energy Systems (CITES),University of Illinois at Urbana-Champaign
1824610,2018-08-29,249385,Standard Grant,Research: Understanding Ambiguity in Engineering Problem Solving,University of Florida
1828306,2018-08-29,199994,Standard Grant,Collaborative Research: Windows of Opportunity-Understanding Black Male Engineers in the Pursuit of Advanced Degrees,University of Connecticut
1828347,2018-08-29,199447,Standard Grant,Collaborative Research: Windows of Opportunity-Understanding Black Male Engineers in the Pursuit of Advanced Degrees,University of Houston
1840352,2018-08-29,100000,Standard Grant,Planning Grant: Engineering Research Center for Edge Intelligence,Georgia Tech Research Corporation
1840358,2018-08-29,99950,Standard Grant,Planning Grant: Engineering Research Center for Healthy and Safe Aging (ERC-HSA),University of Wisconsin-Madison
1840359,2018-08-29,100000,Standard Grant,Planning Grant: Engineering Research Center for Energy Storage System Enabled Society (ESSENSE),The University of Central Florida Board of Trustees
1840363,2018-08-29,99999,Standard Grant,Planning Grant: Engineering Research Center for Design by Anyone and Build Anywhere (iMOS),North Carolina State University
1840369,2018-08-29,100000,Standard Grant,Planning Grant: Engineering Research Center for Electrons Leveraged through Electrochemical Conversion Technologies to Realize Opportunities for New Services (ELECTRONS),University of Tennessee Knoxville
1840370,2018-08-29,97750,Standard Grant,Planning Grant: Engineering Research Center for Resilient Rural Infrastructure (RRI),Auburn University
1840389,2018-08-29,100000,Standard Grant,Planning Grant: Engineering Research Center for Photonic Quantum Networks (PQN),University of Arizona
1840392,2018-08-29,100000,Standard Grant,Planning Grant: ERC for Control of Urban Thermal Environments  (CUTE),Georgia Tech Research Corporation
1840396,2018-08-29,98385,Standard Grant,Planning Grant: Engineering Research Center for Aging-centric Engineering Technologies (AgETech),Iowa State University
1840402,2018-08-29,99985,Standard Grant,Planning Grant: Engineering Research Center for In-Situ Control of the Nitrogen Cycle (In-SINC),Ohio University
1840420,2018-08-29,100000,Standard Grant,Planning Grant: Engineering Research Center for Ubiquitous and Unique Embedded Security,University of Massachusetts Amherst
1840424,2018-08-29,100000,Standard Grant,"Planning Grant: Engineering Research Center for Offshore Wind Energy Center for Infrastructure Resilience, Control, Innovation, and Transmission (OWE-CIRCIT)",Tufts University
1840446,2018-08-29,100000,Standard Grant,Planning Grant: Engineering Research Center for Augmentation Systems and Intelligent Support Technologies for Aging (ASISTa-ERC),Johns Hopkins University
1840453,2018-08-29,100000,Standard Grant,Planning Grant: Engineering Research Center for Soft Energy and Power,Texas A&M Engineering Experiment Station
1840467,2018-08-29,100000,Standard Grant,"Planning Grant: Engineering Research Center for Responsive, Efficient, Livable, and Independent Sunlight-enabled Habitats (RELISH)",SUNY at Buffalo
1840478,2018-08-29,100000,Standard Grant,"Planning Grant: Engineering Research Center for Naturally Inspired Resilient, Sustainable and Adaptable Infrastructure",South Dakota School of Mines and Technology
1840484,2018-08-29,99282,Standard Grant,Planning Grant: Engineering Research Center for Transformational Science and Manufacturing Innovation on Heterogeneous Materials Joining  - ERC-TRANSMI-HMJ,"OHIO STATE UNIVERSITY, THE"
1840512,2018-08-29,100000,Standard Grant,Planning Grant: Engineering Research Center for Resiliency Enhancement and Disaster-Impact Interception (READII) in the Manufacturing Sector,Texas A&M Engineering Experiment Station
1840566,2018-08-29,100000,Standard Grant,Planning Grant: Engineering Research Center for Computing Yourself to be Better - Engineering for Revolutionizing Medical Decision-making (CYBER-MD),University of California-San Diego
1840567,2018-08-29,100000,Standard Grant,Planning Grant: Engineering Research Center for Carbon Dioxide Utilization (CarbonUSE),University of California-Los Angeles
1840598,2018-08-29,100000,Standard Grant,Planning Grant: Engineering Research Center for Advanced Materials Manufacturing and Discovery for Extreme Environments (CAM2DE2),Texas A&M Engineering Experiment Station
1840607,2018-08-29,100000,Standard Grant,Planning Grant: Engineering Research Center for Hurricane Urban Planning Hazards Research (HUPHR),University of Houston
1840619,2018-08-29,97964,Standard Grant,Planning Grant: Engineering Research Center for Accelerated Catalytic Design and Characterization (ACDC),Northwestern University
1840657,2018-08-29,99996,Standard Grant,Planning Grant: Engineering Research Center for Cognitive NeuroEngineering,University of California-Davis
1822124,2018-08-30,149997,Standard Grant,Phase I IUCRC at The Ohio State University:  Center for Disruptive Musculoskeletal Innovations,"OHIO STATE UNIVERSITY, THE"
1825032,2018-08-30,350000,Standard Grant,Design and Development: Diversifying Engineering via Identity-Congruent Education (DE-ICE),Montana State University
1825732,2018-08-30,372370,Standard Grant,Research: Staying the course: Understanding the motivational factors contributing to persistence among undergraduate engineering students in online courses,Arizona State University
1826099,2018-08-30,350000,Standard Grant,Research: A Mixed-Methods Approach to Characterizing Engineering Students' Computational Habits of Mind,Purdue University
1830793,2018-08-30,199642,Standard Grant,Research Initiation: Investigating the Role of Problem Typology in Helping Engineering Undergrads Effectively Communicate Their Experience,SUNY at Buffalo
1840399,2018-08-30,100000,Standard Grant,Planning Grant: Engineering Research Center for Technology-Empowered Communities of Recovery (TECOR),George Mason University
1840435,2018-08-30,100000,Standard Grant,Planning Grant: Engineering Research Center for Data for Socio-Physical Extreme Event Resilience (Data-SPEER),Stanford University
1840477,2018-08-30,100000,Standard Grant,Planning Grant: Engineering Research Center for Polymer Enhanced Biology -  CPEB,Carnegie Mellon University
1840492,2018-08-30,100000,Standard Grant,Planning Grant: Engineering Research Center for Comprehensive Energy Storage Solutions in Electrified Transportation,Regents of the University of Michigan - Ann Arbor
1840493,2018-08-30,99423,Standard Grant,"Planning Grant: Engineering Research Center for Sharing economy - Humans, Automation, Resilience and Engineering: SHARE",Northeastern University
1840519,2018-08-30,100000,Standard Grant,Planning Grant: Engineering Research Center for Wireless Power (WiPOWER) for a Cordless World,Pennsylvania State Univ University Park
1840557,2018-08-30,95664,Standard Grant,Planning Grant: Engineering Research Center for Microscale Autonomous Device Engineering (MADE),University of Chicago
1840634,2018-08-30,100000,Standard Grant,Planning Grant: Engineering Research Center for Materials for Agriculture Resource Imaging Analytics at High Resolution (MARIAH),University of Arkansas
1825328,2018-08-31,349921,Standard Grant,Research: Next Generation Engineers: Examining the Pathways of Adolescent Females in SWENext,University of Texas at Austin
1840284,2018-08-31,100000,Standard Grant,Planning Grant: Engineering Research Center for Advanced Films and Smart Packaging Systems Project Summary,Case Western Reserve University
1840309,2018-08-31,98958,Standard Grant,Planning Grant: Engineering Research Center for Health Information Visualization and Exploration (HIVE),University of Massachusetts Amherst
1840416,2018-08-31,100000,Standard Grant,Planning Grant: Engineering Research Center for Advanced Organ Biofabrication,Carnegie Mellon University
1840432,2018-08-31,97682,Standard Grant,"Planning Grant: Engineering Research Center for Intelligent Infrastructure for Safe, Efficient and Resilient Mobility (ERC-I2SERM)",University of Kansas Center for Research Inc
1840433,2018-08-31,100000,Standard Grant,Planning Grant: Engineering Research Center for Infrastructure Finance through Intelligent Design and Operations (InFinIDO),Regents of the University of Michigan - Ann Arbor
1840440,2018-08-31,99940,Standard Grant,Planning Grant: Engineering Research Center for Rapid Innovations in SystEms Engineering and Agricultural Sustainability (RiseEnAg),North Carolina State University
1840452,2018-08-31,100000,Standard Grant,Planning Grant: Engineering Research Center for Precision Microbiome Engineering (PreMiEr),Duke University
1840458,2018-08-31,100000,Standard Grant,Planning Grant: Engineering Research Center for Safe and Secure Artificial Intelligence Solutions (SAIS),Old Dominion University Research Foundation
1840468,2018-08-31,100000,Standard Grant,Planning Grant: Engineering Research Center for Adaptive Small-systems for data Analytic Pain Management (ERC-ASAP),"University of Maryland, College Park"
1840470,2018-08-31,100000,Standard Grant,Planning Grant: Engineering Research Center for Convergent Genomics,University of California-Santa Cruz
1840476,2018-08-31,100000,Standard Grant,Planning Grant: Engineering Research Center for Global Biodefense (PERC-GB),University of California-Davis
1840489,2018-08-31,100000,Standard Grant,Planning Grant: Engineering Research Center for translating and evolving nanoscale assembly for society (TENAS),Pennsylvania State Univ University Park
1840504,2018-08-31,100000,Standard Grant,Planning Grant: Engineering Research Center for the Global Environment Nutrient Network (GEN-2),Virginia Polytechnic Institute and State University
1840513,2018-08-31,100000,Standard Grant,Planning Grant: Engineering Research Center For Sustainable Energy Smart Solutions (SUESS),Cornell University
1840540,2018-08-31,100000,Standard Grant,"Planning Grant: Engineering Research Center for Advanced Streetscape Sensing, Communications and Computing (ASTRSCC)",Columbia University
1840559,2018-08-31,100000,Standard Grant,Planning Grant: Engineering Research Center for Cyber-Enabled Public Services to Achieve Healthy Communities in America's Changing City Regions,Regents of the University of Michigan - Ann Arbor
1840560,2018-08-31,98898,Standard Grant,Planning Grant: Engineering Research Center for REstorative infrastructure through Convergent Engineering and Psychology (RE&#8208;CEP),University of Virginia Main Campus
1840621,2018-08-31,100000,Standard Grant,Planning Grant: Engineering Research Center for DEmocratizing Manufacturing Accessibility for Designers (DEMAND),Northwestern University
1840660,2018-08-31,100000,Standard Grant,Planning Grant: Engineering Research Center for the Arctic 2050: Preparing for Human Displacement at the Climate Change Frontline,University of Alaska Fairbanks Campus
1842510,2018-08-31,49526,Standard Grant,Broadening Participation in Engineering through Center-based Research,Fort Valley State University
1840654,2018-09-04,99806,Standard Grant,"Planning Grant: Engineering Research Center for Fire Impacts, Remediation, and Education (FIRE)",Boise State University
1840953,2018-09-04,99781,Standard Grant,E3: Excellence in Engineering Education - A Workshops Series for School Administrators,SUNY at Stony Brook
1822140,2018-09-05,750000,Continuing Grant,Phase I IUCRC at Dartmouth College:  Center for Integrated Power Management Circuits and Systems - Power One IC,Dartmouth College
1822724,2018-09-05,750000,Standard Grant,Immersive virtual learning for worker-robot teamwork on construction sites,University of Southern California
1825830,2018-09-05,349792,Standard Grant,"Research: Longitudinal Exploration of Engineering Design Team Performance in Relation to Team Composition, Climate, and Communication Patterns",Pennsylvania State Univ University Park
1828619,2018-09-05,553027,Standard Grant,"Documenting Experiences and Resources Supporting the Community College Transfer, Persistence, and Graduation of Black Engineering Students","University of Maryland, College Park"
1830836,2018-09-05,200000,Standard Grant,Research Initiation: Reimagining Engineering Societies and Organizations to Support Participation of Women and Underrepresented Minority Students,Oregon State University
1840652,2018-09-05,100000,Standard Grant,Planning Grant: Engineering Research Center for Adaptive and Resilient  Coastal Infrastructure (CARCI),Oregon State University
1747739,2018-09-06,750000,Continuing Grant,"IUCRC Phase I: The University of Michigan Center for High Pressure Plasma Energy, Agriculture, and Biomedical Technologies (PEAB)",Regents of the University of Michigan - Ann Arbor
1757690,2018-09-06,359952,Standard Grant,Transfer-to-Excellence (TTE) Research Experiences for Undergraduates (REU) Site,University of California-Berkeley
1801710,2018-09-06,594001,Standard Grant,RET Site: Exploring Career Opportunities through Water-Themed Engineering Research  (ECO-WaTER),University of Kansas Center for Research Inc
1825669,2018-09-06,398295,Standard Grant,Design and Development: Fostering Graduate Student Professional Development Through an Instructional Incubator and Teaching Apprenticeship Model,Regents of the University of Michigan - Ann Arbor
1830811,2018-09-06,192183,Standard Grant,"Research Initiation: Understanding the Impact of Engineering Faculty's Mindset on Instructional Practice, Learning Environment, and Teacher Authenticity",University of Texas at Tyler
1836158,2018-09-06,49990,Standard Grant,HBCU Engineering Faculty Workshop 2019,Association of Public and Land-Grant Universities
1841463,2018-09-06,190000,Standard Grant,EAGER: Nanostructured porous and laminate coatings for biodegradable magnesium-based implants with tunable water permeability and improved mechanical properties,North Carolina Agricultural & Technical State University
1801756,2018-09-07,599360,Standard Grant,RET Site: Authentic Research Experiences for Teachers (ARETe): Connecting Community College Faculty and Students to University Engineering and Computer Science Labs,University of Colorado at Boulder
1824594,2018-09-07,403178,Standard Grant,Cognitive Barriers to Understanding Complexity in Human-Technical Systems: Evidence from Engineering Students and Practitioners,Virginia Polytechnic Institute and State University
1840457,2018-09-07,99999,Standard Grant,"Planning Grant: Engineering Research Center for Tribology to Create Reliable, Efficient, Sustainable Transportation",University of Pennsylvania
1848668,2018-09-07,198999,Standard Grant,Nanoscale Energy and Interfacial Transport Research Based Mentoring Program to increase Underrepresented Minority Students in STEM,Washington University
1846930,2018-09-10,49809,Standard Grant,Workshop for Evaluating Part-Time Doctoral Study  for Growing the Underrepresented Student Population,University of Massachusetts Lowell
1828659,2018-09-11,550000,Standard Grant,Learning from the PROSE: Exploring professional organizations' role in supporting Black engineering student success,Arizona State University
1840464,2018-09-11,99971,Standard Grant,Planning Grant: Engineering Research Center for One Water,University of Texas at El Paso
1840636,2018-09-11,98227,Standard Grant,Planning Grant:  Engineering Research Center for Auditory Bioengineering,William Marsh Rice University
1842604,2018-09-11,100000,Standard Grant,EAGER: Assessing Potential Bioprivileged Molecules,Iowa State University
1849430,2018-09-12,3999410,Continuing Grant,Engineering for US All - E4USA: A National Pilot High School Engineering Course and Database,"University of Maryland, College Park"
1848842,2018-09-13,200746,Standard Grant,Investigating the Impact of Engineering Graduate Student Financial Literacy on URP Entering and Staying in the Engineering Workforce.,New Mexico State University
1836833,2018-09-15,291558,Standard Grant,ERC History Project: Phase Two,American Society For Engineering Education
1840419,2018-09-15,100000,Standard Grant,Planning Grant: Engineering Research Center for Additive Food Manufacturing Technologies (CAFMT).,University of Nebraska-Lincoln
1840510,2018-09-20,100000,Standard Grant,"Planning Grant: Engineering Research Center for Human, Machine, and Network Functional, Symbiotic Integration On Neural Systems (Human Fusions)",Case Western Reserve University
1848696,2018-09-20,199999,Standard Grant,Statewide effort to diversify undergraduate engineering student population.,University of Nebraska-Lincoln
1849454,2018-09-21,2333172,Continuing Grant,REU-RET Mega-Site: Research Experiences for Undergraduates and Teachers in Smart and Connected Cities,Morgan State University
1853880,2018-10-17,5914,Standard Grant,BPE TRAVEL GRANT:  Learn from Disasters Field Mission on Reconstruction of the Tohoku Region of Japan for Underrepresented Students in Engineering,Bucknell University
1902829,2018-10-30,91050,Standard Grant,Collaborative Research: The Making of Engineers: Influence of Makerspaces on the Preparation of Undergraduates as Engineers,University of Central Arkansas
1841319,2018-11-06,300000,Continuing Grant,Phase I IUCRC at University of Georgia:  Center for Bioplastics and Biocomposites (CB2),University of Georgia Research Foundation Inc
1841426,2018-11-07,15000,Standard Grant,Planning IUCRC at Case Western Reserve University: Center on Data Science for Materials Reliability and Degradation (MDS-Rely),Case Western Reserve University
1841450,2018-11-07,15000,Standard Grant,Planning IUCRC at University of Pittsburgh:  Center for Data Science for Materials Reliability and Degradation (MDS-Rely),University of Pittsburgh
1841473,2018-11-09,500000,Continuing Grant,Phase II IUCRC at University of Illinois at Chicago:  Center for Advanced Design and Manufacturing of Integrated Microfluidics (CADMIM),University of Illinois at Chicago
1841509,2018-11-09,750000,Continuing Grant,"Phase II IUCRC at University of California, Irvine:  Center for Advanced Design and Manufacturing of Integrated Microfluidics (CADMIM)",University of California-Irvine
1841363,2018-11-26,15000,Standard Grant,Planning IUCRC at University of Minnesota-Twin Cities:  Center for Integrated Material Science and Engineering for Pharmaceutical Products (CIMSEPP),University of Minnesota-Twin Cities
1841433,2018-11-26,15000,Standard Grant,Planning IUCRC at NJIT Center for Integrated Material Science and Engineering for Pharmaceutical Products (CIMSEPP),New Jersey Institute of Technology
1841506,2018-11-26,449999,Continuing Grant,Phase I IUCRC at Maryland:  Advanced Mammalian Biomanufacturing Innovation Center (AMBIC),"University of Maryland, College Park"
1841767,2018-11-26,15000,Standard Grant,Planning IUCRC at St. John's University:  Center for Integrated Material Science and Engineering for Pharmaceutical Products (CIMSEPP),Saint John's University
1911331,2018-12-06,49890,Standard Grant,Communicating Across the Researcher Practitioner Divide,Virginia Polytechnic Institute and State University
1844878,2018-12-10,562214,Continuing Grant,CAREER: Characterizing Master's-Level Departure from the Engineering Doctorate through Multiple Stakeholders' Perspectives,Pennsylvania State Univ University Park
1855357,2018-12-11,74125,Standard Grant,Collaborative Research: Supporting Agency Among Early Career Engineering Education Faculty in Diverse Institutional Contexts,Florida International University
1840746,2018-12-17,399812,Standard Grant,Sharing Exemplary Admissions Practices that Promote Diversity in Engineering,National Academy of Sciences
1830269,2018-12-20,200000,Standard Grant,"Research Initiation: Understanding the Impact of Institutional Supports on the Motivation, Belonging, Identity Development, and Persistence of Engineering Students",Michigan State University
1852277,2018-12-20,360000,Standard Grant,REU Site: Engineering for Bouncing Back,Oregon State University
1841404,2018-12-21,15000,Standard Grant,Planning IUCRC at Louisiana Tech University:  Center for Innovations in Structural Integrity Assurance (CISIA),Louisiana Tech University
1841437,2018-12-21,15000,Standard Grant,Planning IUCRC at SDSMT:  Center for Solid-State Green Electric Power Generation and Storage (CEPS),South Dakota School of Mines and Technology
1841492,2018-12-21,14977,Standard Grant,Planning IUCRC at University of Arkansas: Center for High-Frequency Electronics And Circuits for Communication Systems (CHECCS),University of Arkansas
1841494,2018-12-21,15000,Standard Grant,Planning IUCRC at LSU & Agricultural and Mechanical College:  Center for Innovations in Structural Integrity Assurance (CISIA),Louisiana State University
1841502,2018-12-21,15000,Standard Grant,Planning IUCRC at SDSU Site:  Center for Solid-State Green Electric Power Generation and Storage (CEPS),South Dakota State University
1841512,2018-12-21,15000,Standard Grant,Planning IUCRC at Northeastern University:  Center for Solid-State Green Electric Power Generation and Storage (CEPS),Northeastern University
1841518,2018-12-21,15000,Standard Grant,Planning IUCRC at University of South Dakota:  Center for Solid-State Green Electric Power Generation and Storage (CEPS),University of South Dakota Main Campus
1841535,2018-12-21,14999,Standard Grant,Planning IUCRC at Oklahoma State University:  Center for Sustainably Integrated Buildings and Sites (SIBS),Oklahoma State University
1854814,2019-01-28,3035,Standard Grant,Collaborative Conference: Research on Engineering Practice: Catalyzing a Scholarly Community,Florida International University
1841453,2019-02-01,5000000,Continuing Grant,Phase II IUCRC at The Pennsylvania State University: Center for Dielectrics and Piezoelectrics: CDP,Pennsylvania State Univ University Park
1841474,2019-02-01,501000,Continuing Grant,"Phase II IUCRC at The Pennsylvania State University:  Center for Membrane Science, Engineering and Technology (MAST)",Pennsylvania State Univ University Park
1841466,2019-02-04,499999,Continuing Grant,Phase II IUCRC at North Carolina State University:  Center for Dielectrics and Piezoelectrics,North Carolina State University
1841503,2019-02-04,750000,Continuing Grant,Phase I I/UCRC at Florida International University:  Center for Wind Hazard and Infrastructure Performance (WHIP),Florida International University
1841523,2019-02-04,750000,Continuing Grant,Phase I at IUCRC TTU:  Center for Wind Hazard and Infrastructure Performance (WHIP),Texas Tech University
1852243,2019-02-05,359875,Standard Grant,REU Site: Environmental Engineering Solutions for Pollution Prevention,SUNY at Buffalo
1915830,2019-02-05,49950,Standard Grant,The 2019 Big 10 Women's Workshop (BTWW): Closing the Mentoring Loop,University of Illinois at Urbana-Champaign
1920042,2019-02-06,97049,Standard Grant,Planning Grant: Engineering Research Center for Materials for Agriculture Resource Imaging Analytics at High Resolution (MARIAH),Utah State University
1852116,2019-02-08,331914,Standard Grant,REU Site: Mechanobiology at VCU,Virginia Commonwealth University
1852298,2019-02-08,386231,Standard Grant,REU SITE: BUCKEYE REU SITE,"OHIO STATE UNIVERSITY, THE"
1852560,2019-02-08,352414,Standard Grant,REU Site: Biomedical engineering Research for Active military and Veterans (BRAVe),University of Texas at San Antonio
1914647,2019-02-11,96666,Standard Grant,EAGER Collaborative Proposal: Developing Engineering Faculty as Engineering Education Researchers Through Mentorship,"Board of Regents, NSHE, obo University of Nevada, Reno"
1914735,2019-02-11,203244,Standard Grant,EAGER Collaborative Proposal: Developing Engineering Faculty as Engineering Education Researchers Through Mentorship,University of Illinois at Urbana-Champaign
1852161,2019-02-12,352034,Standard Grant,REU Site: Engineering Sensors Systems and Signal Processing for Speech Pathology,University of Alabama Tuscaloosa
1852322,2019-02-12,359932,Standard Grant,REU Site: American Student Placements and Internships in Rehabilitation Engineering (ASPIRE),University of Pittsburgh
1841421,2019-02-13,14994,Standard Grant,Planning IUCRC at Mississippi State University:  Center for Environmental Sustainability through Insect Farming,Mississippi State University
1841424,2019-02-14,14999,Standard Grant,Planning IUCRC at Texas A&M University:  Center for Environmental Sustainability through Insect Farming (CEStIns),Texas A&M AgriLife Research
1841482,2019-02-14,14926,Standard Grant,Planning IUCRC at Indiana University:  Center for Environmental Sustainability through Insect Farming (CEStIns),Indiana University
1841519,2019-02-14,15000,Standard Grant,Planning IUCRC at University of Tennessee:  Center for High-Frequency Electronics and Circuits for Communication Systems (CHECCS),University of Tennessee Knoxville
1916976,2019-02-15,49994,Standard Grant,Impact: Redefining Electrical and Computer Engineering Faculty (iREDEFINE ECE),Seattle University
1852375,2019-02-21,364517,Standard Grant,"REU Site: Optics and photonics: Technologies, Systems, and Devices",New Jersey Institute of Technology
1852544,2019-02-21,374220,Standard Grant,"REU Site: Developing entrepreneurs in energy storage, catalysis, and biofuels",Louisiana State University
1851998,2019-02-22,430897,Standard Grant,REU Site: Sensor Science and Engineering,University of Maine
1852351,2019-02-22,13464,Standard Grant,Collaborative Research: REU Site: Solar and Alternative Technologies,Oklahoma State University
1852477,2019-02-22,347044,Standard Grant,Collaborative Research: REU Site: Solar and Alternative Technologies,University of Tulsa
1852111,2019-02-25,394728,Standard Grant,REU Site: Research Experiences for Undergraduates in Chemical Engineering at the University of Florida,University of Florida
1852255,2019-02-28,397428,Standard Grant,REU Site: Integrated Nanomanufacturing,Trustees of Boston University
1913128,2019-03-01,100000,Standard Grant,Collaborative Research: PaiRED: Partnering Across Insider-views of RED,University of New Mexico
1914578,2019-03-01,99546,Standard Grant,Collaborative Research: PaiRED: Partnering Across Insider-views of RED,Arizona State University
1914584,2019-03-01,100000,Standard Grant,Collaborative Research: PaiRED: Partnering Across Insider-views of RED,Oregon State University
1851974,2019-03-04,387575,Standard Grant,REU Site: Interdisciplinary Application of Advanced Polymers for Engineering Innovations,University of Alabama Tuscaloosa
1852112,2019-03-04,370304,Standard Grant,REU Site: Automotive and Energy Research and Industrial Mentorship (AERIM) Program at Oakland University,Oakland University
1852130,2019-03-04,382371,Standard Grant,"REU Site: Advanced Technologies for HYpersonic, Propulsive, Energetic, and Reusable Platforms (HYPER)",The University of Central Florida Board of Trustees
1852535,2019-03-04,360000,Standard Grant,REU Site: Multifunctional Materials,Texas A&M Engineering Experiment Station
1852609,2019-03-04,351601,Standard Grant,REU Site: Engineered Materials for Tissue Engineering and Drug Delivery,University of California-San Diego
1922719,2019-03-04,269236,Standard Grant,REU Site: Tomorrow's Nanomanufacturing: Engineering with Science (TNEWS),Utah State University
1852396,2019-03-05,359642,Standard Grant,REU Site: Wearable and Emerging technologies - Facilitating research Opportunities and Creating pathways for Underrepresented Students (WE-FOCUS) at FIU,Florida International University
1852578,2019-03-06,491713,Standard Grant,REU Site: Biomimetic and Soft Robotics (BioSoRo): from Biological Inspirations to Engineered Mechanisms,"Board of Regents, NSHE, obo University of Nevada, Reno"
1852253,2019-03-07,360000,Standard Grant,REU Site: Research Experience for Student Veterans in Advanced Manufacturing and EntrePreneurship (REVAMP),Georgia Tech Research Corporation
1911881,2019-03-07,239873,Standard Grant,CAREER:Investigating Co-Curricular Participation of Students Underrepresented in Engineering,University of Florida
1929726,2019-04-01,102259,Standard Grant,Collaborative Research: Improving Interdisciplinary Design Teamwork and Communication Using Boundary Negotiating Artifacts,San Jose State University Foundation
1926935,2019-04-02,127589,Standard Grant,Collaborative Research: Pushing Students Away: Developing a Research Agenda for Broadening Participation of African Americans in Engineering and Computer Science,Virginia Polytechnic Institute and State University
1852251,2019-04-05,360000,Standard Grant,REU Site: Scalable Nanomanufacturing of Complex Materials,Pennsylvania State Univ University Park
1852308,2019-04-05,360000,Standard Grant,"REU SITE: IDEA Incubator for Porous Materials: Integrating Discovery, Engineering and Art",University of Kansas Center for Research Inc
1852447,2019-04-05,347826,Standard Grant,REU Site:  Developing a Clean Energy Future with Underserved Students,Worcester Polytechnic Institute
1929727,2019-04-09,504220,Standard Grant,CAREER: Characterizing Gendered Socialization of Newcomer Engineers to Promote Inclusive Practices and Retention of a Diverse Workforce,San Jose State University Foundation
1852177,2019-04-17,95196,Standard Grant,Collaborative Research: REU Site: Security Printing and Anti-counterfeit Technologies,South Dakota State University
1852306,2019-04-17,102749,Standard Grant,Collaborative Research: REU Site: Security Printing and Anti-Counterfeiting Technology,University of South Dakota Main Campus
1852336,2019-04-17,321117,Standard Grant,Collaborative Research: REU Site: Security Printing and Anti-Counterfeiting Technology,South Dakota School of Mines and Technology
1929320,2019-04-22,280425,Standard Grant,Collaborative Research: Building Social Infrastructure for Achieving Change at Scale,Purdue University
1929728,2019-04-26,51718,Standard Grant,Collaborative Research:Research: Advancing Engineering Education Research through Peer Review Analysis,San Jose State University Foundation
1929734,2019-04-26,22842,Standard Grant,Collaborative Research:  Workshops to Develop a Community-Informed Framework Characterizing the Impact of Engineering Education R&D,Virginia Polytechnic Institute and State University
1931371,2019-04-26,281223,Standard Grant,Preparing a 21st Century STEM Workforce: Defining & Measuring Leadership in Engineering Education,University of Florida
1852388,2019-04-29,366967,Standard Grant,REU Site: Thermal Management on Multiple Scales,Washington University
1852430,2019-04-29,367353,Standard Grant,REU Site:Wellman-HST Summer Institute for Biomedical Optics,Massachusetts General Hospital
1855242,2019-05-03,595935,Standard Grant,RET Site: Engineering and Data Analytics in Smart Cities,University of Tennessee Chattanooga
1855180,2019-05-08,600000,Standard Grant,RET Site: Atomic Scale Design and Engineering,North Carolina State University
1916564,2019-05-09,300000,Continuing Grant,IUCRC Phase I at North Dakota State University:  Center for Bioplastics and Biocomposites [CB2],North Dakota State University Fargo
1916673,2019-06-03,415166,Standard Grant,Research: Looks Like Me: Leveraging Funds of Identity to Enhance Engineering Career Pursuits in Rural/Reservation Communities,Montana State University
1855237,2019-06-05,599181,Standard Grant,RET Site: Reinvigorating Energy Teaching (RET) via Research with Engineers,University of Louisville Research Foundation Inc
1917352,2019-06-06,50192,Standard Grant,"Research in Improving Computational Thinking in the Formation of Engineers, a Multi-Institutional Initiative.",Milwaukee School of Engineering
1917354,2019-06-06,63474,Standard Grant,"Collaborative Research: Research in Improving Computational Thinking in the Formation of Engineers, a Multi-Institution Initiative",University of Oklahoma Norman Campus
1917359,2019-06-06,349266,Standard Grant,"Collaborative Research: Research in Improving Computational Thinking in the Formation of Engineers, a Multi-Institutional Initiative.",Texas A&M Engineering Experiment Station
1923229,2019-06-06,361507,Standard Grant,Exploring the Success of HBCUs Development of Blacks Earning Engineering and Computing Graduate Degrees,Florida International University
1927232,2019-06-06,199997,Standard Grant,Research Initiative: A Holistic Cross-Disciplinary Project Experience as a Platform to Advance the Professional Formation of Engineers,West Virginia University Research Corporation
1927341,2019-06-06,199956,Standard Grant,Research Initiation: A Mixed Methods Approach to Examine and Foster Academic Resilience in Undergraduate Engineering Students,University of Georgia Research Foundation Inc
1924673,2019-06-10,49743,Standard Grant,"A community building workshop on Energy, Earth and Environmental Education",Carleton College
1855231,2019-06-11,331650,Standard Grant,COLLABORATIVE RET Site - Global STEM - Appropriate Technology for Developing Communities,University of Dayton
1855239,2019-06-11,268189,Standard Grant,COLLABORATIVE RET Site: Global STEM - Appropriate Technologies for Developing Communities,Central State University
1855314,2019-06-13,598627,Standard Grant,RET Site: Research Experience for Teachers in Manufacturing of Nano-Enabled Devices,University of Texas at Austin
1927125,2019-06-17,200000,Standard Grant,Research Initiation: Recruiting More U.S. Women into Engineering Based on Stories from Morocco,Mississippi State University
1927218,2019-06-17,199453,Standard Grant,"Research Initiation: Effects of High Impact Engagement Activities at Land Grant Universities on Engineering Student Participation, Persistence, and Success",Washington State University
1927144,2019-06-18,200000,Standard Grant,Research Initiation: Formation of Engineering Identity Through Capstone Design Peer-Interventions,Montana State University
1935545,2019-06-18,99999,Standard Grant,The Inclusive Engineering Consortium Stakeholders' Workshop,North Carolina Agricultural & Technical State University
1926480,2019-06-20,199913,Standard Grant,Research Initiation: Improving Engineering-Related Social Cognitions through Teaching Practices,University of Missouri-Columbia
1916534,2019-06-24,593957,Standard Grant,Understanding Employment Trajectories of Racially Minoritized Engineering PhDs,Vanderbilt University
1852125,2019-06-26,351214,Standard Grant,REU Site: Biological Materials and Processes (BioMaP),Iowa State University
1852537,2019-07-01,371315,Standard Grant,REU Site: Engineering Applications of Extreme Ultra-Violet (EUV) Laser Light,Colorado State University
1927035,2019-07-01,180817,Standard Grant,Collaborative Research: Research Initiation: Writing Education Initiating Identity Transformation in Engineering Students-The Wri2tes Project,George Washington University
1927096,2019-07-01,18257,Standard Grant,Collaborative Research: Research Initiation: Writing Education Initiating Identity Transformation in Engineering Students-The Wri2tes Project,Virginia Polytechnic Institute and State University
1927119,2019-07-01,59898,Standard Grant,Research Initiation: Collaborative Proposal: Diversifying Paths through Engineering with Extra-/Co-Curricular Participation,Virginia Polytechnic Institute and State University
1927143,2019-07-01,91212,Standard Grant,Research Initiation: Collaborative Proposal: Diversifying Paths through Engineering with Extra-/Co-Curricular Participation,Rose-Hulman Institute of Technology
1930848,2019-07-01,399371,Standard Grant,Design and Development: Research Exploring Activity Characteristics and Heuristics for Early Childhood Engineering (REACH-ECE),University of Notre Dame
1935777,2019-07-01,98504,Standard Grant,Collaborative Research: A Virtual Community of Practice to Promote LGBTQ Inclusion in Engineering,"Board of Regents, NSHE, obo University of Nevada, Reno"
1855256,2019-07-02,600000,Standard Grant,RET Site: Building Education,Pennsylvania State Univ University Park
1927149,2019-07-02,62334,Standard Grant,Collaborative Research: Research Initiation: Is it Rocket Science or Brain Science? Developing an Approach to Measuring Engineering Intuition,Embry-Riddle Aeronautical University
1927250,2019-07-02,137641,Standard Grant,Collaborative Research: Research Initiation: RUI: Is it Rocket Science or Brain Science? Developing an Approach to Measuring Engineering Intuition,Bucknell University
1902072,2019-07-03,350000,Standard Grant,RESEARCH: THE FORMATION OF ENGINEERS IN THE RESEARCH LAB:  A COGNITIVE ETHNOGRAPHIC STUDY,University of Texas at Dallas
1852155,2019-07-05,378145,Standard Grant,Research Experiences for Undergraduates (REU) Site for Computational Sensing and Medical Robotics (CS&MR),Johns Hopkins University
1932947,2019-07-12,39807,Standard Grant,Collaborative Research: Design and Development: The Skillful Learning Institute,Virginia Polytechnic Institute and State University
1932958,2019-07-12,18324,Standard Grant,Collaborative Research: Design and Development: The Skillful Learning Institute,University of Tennessee Knoxville
1932969,2019-07-12,41866,Standard Grant,Collaborative Research: Design and Development: The Skillful Learning Institute,Rose-Hulman Institute of Technology
1930777,2019-07-15,402164,Standard Grant,Research: Practices of Engineers in Rural Schools Involving Students and Teachers (PERSIST) in Engineering,Pennsylvania State Univ University Park
1852382,2019-07-17,377296,Standard Grant,REU site in Mechanical Engineering: Energy and the Environment (ME3),University of Minnesota-Twin Cities
1929478,2019-07-18,174080,Standard Grant,Collaborative Research: Research: Characterizing Engineering Student Mental Wellness and Its Role in Predicting Engineering Attrition,California Polytechnic State University Foundation
1929484,2019-07-18,174001,Standard Grant,Collaborative Research: Research: Characterizing Engineering Student Mental Wellness and Its Role in Predicting Attrition,San Jose State University Foundation
1932631,2019-07-19,342938,Standard Grant,Design and Development: Engineering and Empathy Pre-K/K,Childrens Museum Boston
1925630,2019-07-22,11000,Standard Grant,Collaborative Research: Uncovering the Effects of Stereotype Threats on Latina/o Students? Success in Undergraduate Engineering,University of Texas at San Antonio
1927399,2019-07-22,189000,Standard Grant,Collaborative: Research Initiation: Uncovering the Effects of Stereotype Threats on Latinx Students' Success in Undergraduate Engineering,Iowa State University
1916645,2019-07-24,751000,Continuing Grant,Phase I IUCRC at Indiana University:  Center for Bioanalytic Metrology,Indiana University
1916691,2019-07-24,751000,Continuing Grant,Phase I IUCRC at Purdue University:  Center for Bioanalytic Metrology (CBM),Purdue University
1916601,2019-07-25,751000,Continuing Grant,Phase I IUCRC at Notre Dame: Center for Bioanalytic Metrology,University of Notre Dame
1916929,2019-07-25,449313,Standard Grant,Research: Supporting Ethical Engineering: The role of immersive engineering subcommunities,"University of Maryland, College Park"
1922511,2019-07-25,15000,Standard Grant,Planning IUCRC at University of Washington:  Center for Soil Dynamics Technologies (SDT),University of Washington
1938744,2019-07-25,65930,Standard Grant,Collaborative EAGER: Novel Ethnographic Investigations of Engineering Workplaces to Advance Theory and Research Methods for Preparing the Future Workforce,Youngstown State University
1939105,2019-07-25,80582,Standard Grant,Collaborative EAGER: Novel Ethnographic Investigations of Engineering Workplaces to Advance Theory and Research Methods for Preparing the Future Workforce,George Mason University
1939272,2019-07-25,153409,Standard Grant,Collaborative EAGER: Novel Ethnographic Investigations of Engineering Workplaces to Advance Theory and Research Methods for Preparing the Future Workforce,Purdue University
1922477,2019-07-26,15000,Standard Grant,Planning I/UCRC at University of Florida Center for Soil Dynamics technologies,University of Florida
1922531,2019-07-26,15000,Standard Grant,Planning IUCRC at Iowa State University:  Center for Soil Dynamics Technologies,Iowa State University
1922532,2019-07-26,15000,Standard Grant,Planning IUCRC at University of Connecticut:  Center for Soil Dynamics Technologies,University of Connecticut
1922548,2019-07-26,15000,Standard Grant,Planning IUCRC at University of Southern California:  Center for Soil Dynamics Technologies,University of Southern California
1926957,2019-07-26,199410,Standard Grant,"Research Initiation: Faculty, Student, and Employer Understanding of Holistic Engineers in the Energy Sector",George Washington University
1936869,2019-08-06,100000,Standard Grant,Planning Grant: Engineering Research Center for Neural Engineering Systems with Societal Impact (NESSI),University of Florida
1927150,2019-08-09,200000,Standard Grant,Research Initiation: A Study of Biomedical Engineering Student Self-Efficacy Toward Design,Indiana University
1916727,2019-08-12,15000,Standard Grant,Planning IUCRC at Colorado School of Mines:  Energy Information Nexus (EIN),Colorado School of Mines
1855290,2019-08-13,578403,Standard Grant,RET Site for Sustainable Polymer Engineering Research,University of Southern Mississippi
1936888,2019-08-14,100000,Standard Grant,NSF ERC for Green Air Transportation,University of Miami
1936983,2019-08-14,100000,Standard Grant,Planning Grant: Engineering Research Center for SAFTE: Convergent Team Development for Safe Autonomous Future Transportation Engineering (SAFTE),Pennsylvania State Univ University Park
1936709,2019-08-15,90457,Standard Grant,Planning Grant: Engineering Research Center for the Electrification of the Chemical Industry (CECI),New York University
1936928,2019-08-15,99998,Standard Grant,Planning Grant: Engineering Research Center for Urban Agricultural Infratructure Systems,Georgia Tech Research Corporation
1936963,2019-08-15,99611,Standard Grant,"Planning Grant: Engineering Research Center for Sustainable Rubber Products: Innovation, Science and Engineering = SuRPrISE","OHIO STATE UNIVERSITY, THE"
1936986,2019-08-15,100000,Standard Grant,Planning Grant: Engineering Research Center: Aerospace Autonomy Center of Excellence (AACE),Duke University
1937013,2019-08-15,99907,Standard Grant,"Planning Grant: Engineering Research Center for ENgineered Solutions for rUral REsilience--ENSURE: Food, Energy, Environment, and Infrastructure",Kansas State University
1855201,2019-08-19,592681,Standard Grant,RET SITE: Simulation and Visualization Technologies for Innovative Industrial Solutions,Purdue University
1927284,2019-08-19,105043,Standard Grant,Collaborative Research/Research Initiation: What Practice Makes Perfect,Embry-Riddle Aeronautical University
1927290,2019-08-19,94956,Standard Grant,Collaborative Research/Research Initiation: What Practice Makes Perfect,The University of Central Florida Board of Trustees
1936893,2019-08-19,99474,Standard Grant,Planning Grant: Engineering Research Center for Smart One Water (SOW),Virginia Polytechnic Institute and State University
1936949,2019-08-19,100000,Standard Grant,Planning Grant: NSF Engineering Research Center for Smart Personalized Assistive Devices and Enabling Systems (SPADES),Regents of the University of Michigan - Ann Arbor
1937116,2019-08-19,99977,Standard Grant,"Planning Grant: Engineering Research Center for Communication-network-free, Autonomous, Renewable Electric Power Systems (CARE)",Illinois Institute of Technology
1938600,2019-08-19,47355,Standard Grant,Workshop: Applications to Interviews (A2I) - Preparing for the Faculty Job Market,Arizona State University
1916302,2019-08-20,15000,Standard Grant,Planning IUCRC at University of Washington:  Energy Information Nexus (EIN),University of Washington
1936981,2019-08-20,98825,Standard Grant,Planning Grant: Engineering Research Center for Technologies and Design for Sustainable Offshore Aquaculture (SOA),Massachusetts Institute of Technology
1927037,2019-08-22,152762,Standard Grant,Collaborative Research: Research Initiation: Market-driven design concept formation in undergraduate engineers,Stevens Institute of Technology
1927114,2019-08-22,47238,Standard Grant,Collaborative Research: Research Initiation: Market-driven design concept formation in undergraduate engineers,Virginia Polytechnic Institute and State University
1936861,2019-08-22,99752,Standard Grant,Planning Grant: Engineering Research Center for Emerging Disaster Engineering  Encompassing Human Directed Expert Systems (ERC-DEES),Michigan Technological University
1936896,2019-08-22,100000,Standard Grant,"Planning Grant: Engineering Research Center for Thermal Energy Recovery, Refrigeration and Management (TERRM)",Pennsylvania State Univ University Park
1936926,2019-08-22,100000,Standard Grant,Planning Grant: Engineering Research Center for Innovative Materials and Processes for Antimicrobial Control Technologies (IMPACT),Syracuse University
1936930,2019-08-22,99887,Standard Grant,Planning Grant: Engineering Research Center for Biologically Inspired Realizable Building Energy Eco-Systems (BIRDBEES),Georgia Tech Research Corporation
1936936,2019-08-22,100000,Standard Grant,Planning Grant: Engineering Research Center for Protecting and Advancing Water-Energy-Environment and Sustainability (PAWES),University of Tennessee Knoxville
1936965,2019-08-22,99999,Standard Grant,Planning Grant: Engineering Research Center for AI in Construction (AI-Con),Texas A&M Engineering Experiment Station
1936969,2019-08-22,100000,Standard Grant,Planning Grant: Engineering Research Center for Hazard Mitigation and Community Resilience (HMCR),Iowa State University
1936999,2019-08-22,100000,Standard Grant,Planning Grant: Engineering Research Center for Human Interactive Technologies (HIT),CSU Fullerton Auxiliary Services Corporation
1937000,2019-08-22,100000,Standard Grant,Planning Grant: Engineering Research Center for Computer And Network RESIliency and Security for Transportation (CAN-RESIST),Clemson University
1937012,2019-08-22,99691,Standard Grant,"Planning Grant: Engineering research center for managing complex socio-environmental problems using a generic, tiered system-of-systems (GTSoS) modeling and data-science framework",Virginia Polytechnic Institute and State University
1937021,2019-08-22,94433,Standard Grant,Planning Grant: Engineering Research Center for Continuous Membrane-enabled Manufacturing of Pharmaceutical (CMMP),New Jersey Institute of Technology
1937023,2019-08-22,100000,Standard Grant,"Planning Grant: Engineering Research Center for Innovations in Resource Loss Reduction, Recovery, and Reuse (InnR3) for Sustainable Food Systems",University of Illinois at Urbana-Champaign
1937039,2019-08-22,100000,Standard Grant,Planning Grant: Engineering Research Center for Wind Integrated with Storage for Energy Resilience (WISER),University of Virginia Main Campus
1937085,2019-08-22,99999,Standard Grant,Planning Grant: Engineering Research Center on Sanitation and Water Infrastructure of the Future for Marginalized Communities (SWIFt-MC),North Carolina State University
1937103,2019-08-22,100000,Standard Grant,Planning Grant: Engineering Research Center for Autonomous Sustainable Urban Systems (ATLAS),Carnegie Mellon University
1916693,2019-08-23,15000,Standard Grant,Planning IUCRC at University of Rhode Island: Center for Ocean System Simulation and Control,University of Rhode Island
1916753,2019-08-23,15000,Standard Grant,Planning IUCRC at Texas A&M University:  Center for Ocean  System Simulation and Control,Texas A&M Engineering Experiment Station
1937057,2019-08-23,100000,Standard Grant,"Planning Grant: Engineering
 Tools for Education Research (EnTER)",Tufts University
1937094,2019-08-23,96230,Standard Grant,Planning Grant: Engineering Research Center for Integrated Mechanobiology for Women's Health (IMWEL),Columbia University
1937105,2019-08-23,100000,Standard Grant,Planning Grant: An Engineering Research Center for the Engineering of Emergent Biocomplexity (ERC-EEB),Cornell University
1937107,2019-08-23,92579,Standard Grant,Planning Grant: Engineering Research Center for Health Care Transformation (ERC-HCT),University of South Carolina at Columbia
1937121,2019-08-23,99935,Standard Grant,PLANNING GRANT: Engineering Research Center for Empathetically Engineered Profitable Housing (CEEPH),Mississippi State University
1937135,2019-08-23,100000,Standard Grant,Planning Grant: Engineering Research Center for Sustainable Urban Ecosystems,University of Texas at San Antonio
1936998,2019-08-26,100000,Standard Grant,Planning Grant: Engineering Research Center for Exploring Human-Machine Integrated Systems in Digitally Intensive Manufacturing Environments (HMIS-DIME),Clemson University
1937031,2019-08-26,100000,Standard Grant,Planning Grant: Engineering Research Center for Convergence of Scalable and Sustainable Digital Fabrication of Smart Textiles,University of Pennsylvania
1937062,2019-08-26,100000,Standard Grant,Planning Grant: Engineering Research Center for Hybrid Inorganic Photonic Integrated Circuits (HIPICs),North Carolina State University
1937070,2019-08-26,99999,Standard Grant,"Planning Grant: Engineering Research Center for Built Infrastructure Geospatial Data Acquisition, Visualization, and Analysis (BIGDAVA)",Oregon State University
1937128,2019-08-26,100000,Standard Grant,Planning Grant: Engineering Research Center for Integrative Manufacturing and Remanufacturing Technologies (iMart) to Spur Rural Development,Missouri University of Science and Technology
1937129,2019-08-26,100000,Standard Grant,Planning Grant: Engineering Research Center for Digital Twins in Engineering and Medicine,Stanford University
1853158,2019-08-27,99855,Standard Grant,Workshop: Making and Makerspaces in Electrical and Computer Engineering Education,Arizona State University
1936910,2019-08-27,100000,Standard Grant,Planning Grant: Engineering Research Center for Ubiquitous Wireless Power for a Healthy World (POWERHEALTH),Pennsylvania State Univ University Park
1916769,2019-08-28,14999,Standard Grant,"Planning IUCRC at University of California, Irvine: Energy Information Nexus (EIN)",University of California-Irvine
1920761,2019-08-28,2000000,Standard Grant,IUSE/PFE:RED Innovation Beyond Accommodation: Leveraging Neurodiversity for Engineering Innovation,University of Connecticut
1936864,2019-08-30,100000,Standard Grant,"Planning Grant: Engineering Research Center for Intelligent Sensing, Mapping, and Forecasting of Water Quality for Sustainable Coastal Ecosystems (iCoast)",University of Florida
1941186,2019-08-30,99933,Standard Grant,Workshop: Building an Inclusive Foundation of Engineering Education Research Scholarship for Future Growth,George Mason University
1925964,2019-09-05,33331,Standard Grant,Collaborative Research: Research Initiation: Defining 21st Century Lifelong Learning Skills for Engineering Practice,Virginia Polytechnic Institute and State University
1925968,2019-09-05,166668,Standard Grant,Collaborative Research:  Research Initiation:  Defining 21st Century Lifelong Learning Skills for Engineering Practice,Washington State University
1946840,2019-09-05,49999,Standard Grant,A Workshop to Broaden Participation in Engineering by Creating Cultures of Inclusion,Purdue University
1855147,2019-09-09,579490,Standard Grant,RET Site: High School Teacher Experience in Engineering Design and Manufacturing,University of Houston
1936778,2019-09-09,630386,Standard Grant,Identifying Marginalization and Allying Tendencies to Transform Engineering Relationships,Purdue University
1852331,2019-09-11,360000,Standard Grant,REU Site: Engineering Medical Advances at the Interface of Experiments and Computation,University of South Carolina at Columbia
1855308,2019-09-19,599991,Standard Grant,RET Site: Berkeley Research Experiences for Teachers plus Data Science (BERET+D),University of California-Berkeley
1941701,2019-09-19,3189383,Continuing Grant,TeachEngineering: Democratizing Access to Engineering Education for K-12 Teachers,University of Colorado at Boulder
1949880,2019-09-19,349266,Standard Grant,"Collaborative Research: Research in Improving Computational Thinking in the Formation of Engineers, a Multi-Institutional Initiative.",Texas A&M University
1949691,2019-10-10,189000,Standard Grant,Collaborative: Research Initiation: Uncovering the Effects of Stereotype Threats on Latinx Students' Success in Undergraduate Engineering,Auburn University
1954073,2019-10-23,130481,Continuing Grant,I/UCRC Phase I (Site Addition):  Expansion of CICI to Add a New Site at UTA on Sustainable Utilization of Composites in Infrastructure Systems,Texas A&M Engineering Experiment Station
1943805,2019-11-14,583179,Continuing Grant,CAREER:  Developing Divergent Thinking throughout Engineering Education and Practice,Regents of the University of Michigan - Ann Arbor
1935696,2019-11-19,285642,Standard Grant,The Double Bind of Race and Gender:  A Look into the Experiences of Women of Color in Engineering,"Board of Regents, NSHE, obo University of Nevada, Reno"
1939164,2019-11-22,115507,Continuing Grant,I/UCRC Phase II:  Collaborative Research: Center for Pharmaceutical Development (CPD),Purdue University
1948696,2019-11-25,142688,Standard Grant,Academic Career Enhancement for Underrepresented Faculty in Engineering,University of Texas at Dallas
1943541,2019-12-03,581847,Continuing Grant,CAREER: Supporting Undergraduate Mental Health by Building a Culture of Wellness in Engineering,University of Illinois at Urbana-Champaign
1927268,2019-12-06,199999,Standard Grant,"Research Initiation: The Impact of Engineering Education Guilds - Understanding Vision, Quantifying Propagation, and Situating Among Other Faculty Resources",Rowan University
1954421,2019-12-09,131,Standard Grant,A Planning Grant to Support Intergenerational Mentoring Among African American Women in the Engineering Academy,University of Texas at Dallas
1915078,2019-12-17,500000,Continuing Grant,IUCRC Phase III at University of Maine:  Center for Advanced Forestry Systems (CAFS),University of Maine
1916497,2019-12-17,250000,Continuing Grant,Phase III IUCRC at University of Texas at Arlington: Center for Integration of Composites into Infrastructure (CICI),University of Texas at Arlington
1916629,2019-12-17,499997,Continuing Grant,Phase II IUCRC at UC San Francisco: Center for Disruptive Musculoskeletal Innovations (CDMI),University of California-San Francisco
1916636,2019-12-17,500000,Continuing Grant,Phase II IUCRC at The University of Toledo: Center for Disruptive Musculoskeletal Innovations (CDMI),University of Toledo
1916677,2019-12-17,250000,Continuing Grant,Phase III IUCRC at West Virginia University: Center for Integration of Composites into Infrastructure (CICI),West Virginia University Research Corporation
1916768,2019-12-17,250000,Continuing Grant,Phase III IUCRC at North Carolina State University:  Center for Integration of Composites into Infrastructure (CICI),North Carolina State University
1916776,2019-12-17,526941,Continuing Grant,"Phase II IUCRC at UT Dallas: Center for Wind Energy Science, Technology and Research (WindSTAR)",University of Texas at Dallas
2012766,2019-12-17,41587,Standard Grant,Planning Grant: Engineering Research Center for In-Situ Control of the Nitrogen Cycle (In-SINC),Texas Tech University
1944807,2019-12-19,579399,Continuing Grant,CAREER: Breaking the Tradition of Silence through Conocimiento and Consciousness Raising among Latinx Engineers,University of San Diego
1916155,2019-12-23,500000,Continuing Grant,Phase III IUCRC at University of Washington: Center for Advanced Forestry Systems (CAFS),University of Washington
1916535,2019-12-23,500000,Continuing Grant,Phase III IUCRC at Missouri University of Science and Technology:  Center for Electromagnetic Compatibility,Missouri University of Science and Technology
1916552,2019-12-23,457385,Continuing Grant,I/UCRC Phaser III at North Carolina State University:  Center for Advanced Forestry Systems,North Carolina State University
1916651,2019-12-23,499970,Continuing Grant,Phase II IUCRC at Ohio State University: Center for Disruptive Musculoskeletal Innovations (CDMI),"OHIO STATE UNIVERSITY, THE"
1916707,2019-12-23,300000,Continuing Grant,Phase II IUCRC at The Pennsylvania State University:  Center for Energy Harvesting Materials and Systems (CEHMS),Pennsylvania State Univ University Park
1916793,2019-12-23,500000,Continuing Grant,Phase III at Oregon State University:  Center for Advanced Forestry Systems (CAFS),Oregon State University
1916699,2019-12-26,500000,Continuing Grant,Phase III IUCRC at University of Idaho: Center for Advanced Forestry Systems,Regents of the University of Idaho
1929892,2020-01-02,220073,Standard Grant,Collaborative Research: Novel neurocognitive assessment of engineering education interventions applied to systems thinking,Virginia Polytechnic Institute and State University
1929896,2020-01-02,200790,Standard Grant,Collaborative Research: Novel neurocognitive assessment of engineering education interventions applied to systems thinking,University of North Carolina at Charlotte
1944847,2020-01-02,575284,Continuing Grant,CAREER: Ready for Change: Fostering Adaptability along the Engineering Pathway,Arizona State University
2002536,2020-01-06,411304,Standard Grant,Dissertation Institute,University of Texas at Dallas
1939038,2020-01-08,15000,Standard Grant,Planning IUCRC at University of Cincinnati: Center for Hierarchical Emergent Materials (CHEM),University of Cincinnati Main Campus
1939079,2020-01-10,15000,Standard Grant,Planning IUCRC at University of Delaware: Center for Heirarchical Emergent Materials (CHEM),University of Delaware
1916587,2020-01-16,458708,Continuing Grant,Phase III IUCRC at Purdue University:  Center for Advanced Forestry Systems (CAFS),Purdue University
2016440,2020-01-21,423141,Standard Grant,CAREER:Leveraging learning and engineering identity to broaden participation of Black males in colleges of engineering,University of Wisconsin-Madison
1916715,2020-01-22,582049,Continuing Grant,"Phase II IUCRC at University of Massachusetts Lowell:  Center for Wind Energy Science, Technology and Research (WindSTAR)",University of Massachusetts Lowell
1922389,2020-01-22,252405,Continuing Grant,Phase III IUCRC at University of Houston: Center for Electromagnetic Compatibility,University of Houston
1943811,2020-01-29,570901,Continuing Grant,CAREER: Responsive Support Structures for Marginalized Students: A Critical Interrogation of Navigational Strategies,Virginia Polytechnic Institute and State University
1943934,2020-01-29,597139,Continuing Grant,CAREER: Surfacing deeply-held beliefs about gender- and race-based minoritization in engineering,"OHIO STATE UNIVERSITY, THE"
2011231,2020-02-06,49500,Standard Grant,Travel Grant to Support Diversity and Inclusion in the ASME MEED Summit and IMECE Conference,American Society of Mechanical Engineers
2017796,2020-02-14,250000,Continuing Grant,Phase III IUCRC at TAMU College Station: Center for Integration of Composites into Infrastructure (CICI),Texas A&M Engineering Experiment Station
1950645,2020-02-25,437865,Standard Grant,"REU Site for Nanotechnology in Health, Energy and the Environment",SUNY at Stony Brook
1950720,2020-02-27,405000,Standard Grant,REU Site: SUNFEST - Summer Undergraduate Research in Sensor Technologies,University of Pennsylvania
2019308,2020-02-28,99975,Standard Grant,"The Inclusive Engineering Consortium Workshop & travel support for Electrical & Computer Engineering Department Heads Association (ECEDHA) Conference March 18-21, 2020, Orlando, FL",Tuskegee University
1950500,2020-03-02,453844,Standard Grant,REU Site: Retaining Engineers through Research Entrepreneurship and Advanced Materials Training (RETREAT),Florida State University
1916342,2020-03-03,250000,Continuing Grant,Phase III IUCRC at University of Miami: Center for Integration of Composites into Infrastructure (CICI),University of Miami
1939124,2020-03-03,309970,Continuing Grant,Phase III IUCRC at University of Wisconsin-Milwaukee: Center for Grid-connected Advanced Power Electronics Systems (GRAPES),University of Wisconsin-Milwaukee
1939144,2020-03-03,500000,Continuing Grant,Phase III IUCRC at University of Arkansas: Center for Grid-Connected Advanced Power Electronics Systems (GRAPES),University of Arkansas
1939876,2020-03-03,500000,Continuing Grant,Phase II IUCRC at University of South Carolina: The Center for Rational Catalyst Synthesis,University of South Carolina at Columbia
1940158,2020-03-03,500000,Continuing Grant,Phase II IUCRC at Virginia Commonwealth University: The Center for Rational Catalyst Synthesis,Virginia Commonwealth University
1950486,2020-03-03,170666,Standard Grant,REU Site: Collaborative Research: Research Experience for Undergraduates in Underground Infrastructure,Colorado School of Mines
1950487,2020-03-03,146831,Standard Grant,REU Site: Collaborative Research: Research Experience for Undergraduates in Underground Infrastructure,Lehigh University
1950492,2020-03-03,161597,Standard Grant,REU Site: Collaborative Proposal: Research Experience for Undergraduates in Underground  Infrastructure,California State L A University Auxiliary Services Inc.
2016183,2020-03-03,98648,Standard Grant,"Impact: Redfining Electrical and Computer Engineering Faculty (iREDEFINE ECE); March 2020, Orlando, FL",Electrical and Computer Engineering Department Heads Association
1950123,2020-03-04,390000,Standard Grant,REU Site: Marine Renewable Energy,Florida Atlantic University
1950137,2020-03-04,397608,Standard Grant,REU SITE: Interdisciplinary Micro/nano/additive-manufacturing Program Addressing Challenges Today - Next Generation (IMPACT-NG),University of Louisville Research Foundation Inc
1950597,2020-03-04,445241,Standard Grant,REU Site: Sustainability of Horizontal Civil Networks in Rural Areas,University of Nebraska-Lincoln
1950639,2020-03-04,403561,Standard Grant,REU Site: Integration of Biology and Materials in Chemical Engineering,Pennsylvania State Univ University Park
1950872,2020-03-05,404998,Standard Grant,"REU Site: Smart Cities - Intelligent, Safe, And Secure Mobility",University of Nevada Las Vegas
1953733,2020-03-09,600000,Standard Grant,RET Site: Arkansas Data Analytics Teacher Alliance (AR-DATA),University of Arkansas
1950689,2020-03-10,386521,Standard Grant,REU Site: Pharmaceutical Engineering at Virginia Commonwealth University,Virginia Commonwealth University
1950788,2020-03-12,362807,Standard Grant,"REU Site: Preparing RF Engineers for Communication, Imaging and Sensing (PRECISE)",Florida International University
1953411,2020-03-12,600000,Standard Grant,"RET Site: Training STEM teachers in alternative (biomass, solar, wind, and hydrogen) energy research through hands on laboratory and computational experiences",Old Dominion University Research Foundation
1950855,2020-03-18,428647,Standard Grant,REU Site: Interdisciplinary Convergence to Advance the Biotechnological and Bioscience Workforce,University of Alabama Tuscaloosa
1950507,2020-03-19,413186,Standard Grant,"REU Site: Biomedical Engineering in Simulations, Imaging, and Modeling  (BME-SIM)",East Carolina University
1950581,2020-03-19,404071,Standard Grant,REU Site: Interdisciplinary Research Experiences in Nanotechnology and Biomedicine,University of Georgia Research Foundation Inc
1949718,2020-03-20,437439,Standard Grant,REU Site: Smart Manufacturing Research Experiences for Undergraduates (SMREU),Drexel University
1950281,2020-03-20,411291,Standard Grant,REU Site: Imaging and Mechanics-based Projects on Accidental Cases of Trauma (IMPACT),Wake Forest University School of Medicine
1950374,2020-03-20,406817,Standard Grant,REU Site: Multi-Scale Systems Bioengineering and Biomedical Data Sciences,University of Virginia Main Campus
2010696,2020-03-20,179722,Standard Grant,EAGER: MAKER:  Student Learning Trajectories from Making Activities,South Dakota School of Mines and Technology
2013735,2020-03-20,13853,Standard Grant,Collaborative Research: EAGER - Developing a Consortium Model for the Successful Implementation of the Rising Engineering Education Faculty Experience (REEFE),University of Tennessee Knoxville
1950304,2020-03-24,404476,Standard Grant,REU Site: Collaborative Approaches among Scientists and Engineers,Auburn University
1950192,2020-03-27,398210,Standard Grant,REU Site: Summer Academy in Sustainable Manufacturing,Wayne State University
1950672,2020-03-30,404997,Standard Grant,REU Site: Multidisciplinary Research for Undergraduates in Nanomaterials for Energy and Biological Applications,Indiana University
2001724,2020-03-30,400000,Standard Grant,Investigating the Barriers to Retention and Tenure for Black and Hispanic Engineering Faculty at R1 Institutions,University of South Carolina at Columbia
2026740,2020-03-30,100773,Standard Grant,RAPID:Novel Foam formulations for decontamination of surfaces with minimum wastewater generation,Columbia University
2026875,2020-03-30,200000,Standard Grant,RAPID: Developing Advanced Modeling and Analysis Tools to track Human Movement Patterns and Coronavirus / Infectious Disease Spread Dynamics in Geographical Networks,Pennsylvania State Univ University Park
1953382,2020-03-31,150000,Standard Grant,RET Site: Collaborative Research: Research Experiences for Teachers across the National Nanotechnology Coordinated Infrastructure,University of Nebraska-Lincoln
1953396,2020-03-31,149821,Standard Grant,RET Site: Collaborative Research: Research Experiences for Teachers across the National Nanotechnology Coordinated Infrastructure,University of Minnesota-Twin Cities
1953418,2020-03-31,150000,Standard Grant,RET Site: Collaborative Research: Research Experiences for Teachers across the National Nanotechnology Coordinated Infrastructure,Georgia Tech Research Corporation
1953437,2020-03-31,150000,Standard Grant,RET Site: Collaborative Research: Research Experiences for Teachers across the National Nanotechnology Coordinated Infrastructure,Northwestern University
2001914,2020-03-31,145271,Standard Grant,Collaborative Research: Windows of Opportunity-Understanding Black Male Engineers in the Pursuit of Advanced Degrees,Florida State University
2027471,2020-04-06,192694,Standard Grant,RAPID: Faculty Adaptability and Community Engagement when Teaching in a Crisis,University of Nebraska-Lincoln
1939009,2020-04-07,750000,Continuing Grant,Phase II IUCRC  at University of Florida: Center for Multi-functional Integrated System Technology (MIST),University of Florida
1939012,2020-04-07,609410,Continuing Grant,Phase  II IUCRC at University of Virginia: Center for Multi-functional Integrated System Technology (MIST),University of Virginia Main Campus
1939050,2020-04-07,627500,Continuing Grant,Phase II IUCRC at University of Central Florida: Center for Multi-functional Integrated System Technology,The University of Central Florida Board of Trustees
1950207,2020-04-07,404865,Standard Grant,"REU Site: Propulsion, Aerodynamics, Materials and Controls of Aerial Vehicles","Georgia Southern University Research and Service Foundation, Inc"
2012998,2020-04-07,100000,Standard Grant,NSF INCLUDES Planning Grant: Developing a Shared Vision for Engaging Persons with Disabilities in Science and Engineering,Arizona State University
2028452,2020-04-09,108113,Standard Grant,"RAPID: Using SenseMaker to Investigate Complex Dynamics in Social Systems to Inform Agile, Real-Time Policy-Responses in Times of Crisis",University of Georgia Research Foundation Inc
2027876,2020-04-10,200000,Standard Grant,RAPID: Cold Adaptive Atmospheric Plasma Decontamination of COVID-19,George Washington University
2009977,2020-04-15,637981,Standard Grant,Using Passive Sensing to Assess the Impact of Real-Time Discrimination against Women and Underrepresented Minorities in Engineering,University of Washington
2029206,2020-04-27,125341,Standard Grant,RAPID: Engineering Student Mental Wellness During the COVID-19 Pandemic,California Polytechnic State University Foundation
1939428,2020-04-28,15000,Standard Grant,Planning IUCRC at University of Michigan: Center for Hierarchical Emergent Materials (CHEM),Regents of the University of Michigan - Ann Arbor
1950082,2020-05-01,376717,Standard Grant,"REU Site: Hardware, Embedded Software, and Analytics for Environment Quality Monitoring",Marquette University
2030083,2020-05-01,75319,Standard Grant,Collaborative Research: RAPID: Approaches to Online Implementation and Social Support in Undergraduate Engineering Courses,"OHIO STATE UNIVERSITY, THE"
2030133,2020-05-01,124239,Standard Grant,Collaborative Research: RAPID: Approaches to Online Implementation and Social Support in Undergraduate Engineering Courses,Purdue University
2031083,2020-05-01,100000,Standard Grant,"RAPID: Enabling the Development of COVID-19 Vaccines, Therapeutics and Diagnostics through Innovations in Measurement Science",Indiana University
2031084,2020-05-01,50000,Standard Grant,"RAPID: Collaborative Research: Enabling the Development of COVID-19 Vaccines, Therapeutics and Diagnostics through Innovations in Measurement Science",Purdue University
2031090,2020-05-01,50000,Standard Grant,"RAPID: Collaborative Research: Enabling the Development of COVID-19 Vaccines, Therapeutics and Diagnostics through Innovations in Measurement Science",University of Notre Dame
1949182,2020-05-06,378171,Standard Grant,REU Site: Observing our world with light and sound,Montana State University
2029564,2020-05-11,152514,Standard Grant,RAPID: Understanding the Impact of Abrupt Changes to Instructional Methods on Underrepresented Engineering Students,University of Georgia Research Foundation Inc
2031717,2020-05-12,148720,Standard Grant,RAPID: Impact of the COVID-19 Pandemic on Electrical and Computer Engineering Programs at Minority Serving Institutions Served by the Inclusive Engineering Consortium,Electrical and Computer Engineering Department Heads Association
2011110,2020-05-13,350000,Standard Grant,"Research: Characterizing Postdoctoral Education, Mentorship, Gender, and Race in the Formation of Academic Engineers and Computer Scientists",Pennsylvania State Univ University Park
1950612,2020-05-14,468369,Standard Grant,Research Experience for Undergraduates in UAV Technologies,"Cal Poly Pomona Foundation, Inc."
2031221,2020-05-15,176730,Standard Grant,RAPID: The Impact of COVID-19 on Broadening Participation in Engineering at HBCUs,Florida International University
1953102,2020-05-18,540649,Standard Grant,Research Experiences for Teachers: Civil Engineering Instruction for Secondary Education Teachers,North Dakota State University Fargo
2021452,2020-05-20,145463,Standard Grant,From Direct Instruction to Authentic Learning: A Shift to Increase Academic Success and Engineering Competencies among Youth of Color,Barnard College
2024081,2020-06-02,446914,Standard Grant,"Documenting Experiences and Resources Supporting the Community College Transfer, Persistence, and Graduation of Black Engineering Students",Florida International University
2033445,2020-06-03,182278,Standard Grant,RAPID: Assessing the Reactionary Response of High School Engineering Teachers to COVID-19,Virginia Polytechnic Institute and State University
1953601,2020-06-08,130333,Standard Grant,Sustainable Energy Engineering for Empowering Rural Communities,East Central University
1953732,2020-06-08,455614,Standard Grant,Sustainable Energy Engineering for Empowering Rural Communities,University of Oklahoma Norman Campus
2005244,2020-06-23,376535,Standard Grant,Design and Development:  Understanding the Contextual Factors that Impact Academic Change Through a Practice-Research Collaboration Supporting the NSF RED Projects,University of Washington
2005307,2020-06-23,243560,Standard Grant,Design and Development:  Understanding the Contextual Factors that Impact Academic Change Through a Practice-Research Collaboration Supporting the NSF RED Projects,Rose-Hulman Institute of Technology
1950794,2020-06-24,349954,Continuing Grant,REU Site: SocioMobility,Michigan State University
1953645,2020-06-26,591489,Standard Grant,RET Site: Providing Research Experiences and Practicum on Cyber-Physical Systems for Regional Community College Faculty (PREP-CPS),University of Tennessee Chattanooga
1950558,2020-06-30,450021,Standard Grant,REU Site: RE@CSU -- Rehabilitation Engineering at Cleveland State University,Cleveland State University
1950861,2020-06-30,512285,Standard Grant,REU Site: Collaborative International Automotive and Autonomous Systems Engineering in Germany and the USA,Virginia Polytechnic Institute and State University
1916720,2020-07-08,500000,Continuing Grant,IUCRC Proposal Phase III at University of Georgia:  Center for Advanced Forestry Systems (CAFS),University of Georgia Research Foundation Inc
2024736,2020-07-09,70168,Standard Grant,Collaborative Research: Research Initiation: Engineering students' outcome expectations for AI careers: An exploratory study,"OHIO STATE UNIVERSITY, THE"
2024970,2020-07-09,199633,Standard Grant,Research Initiation: Factors Motivating Engineering Faculty to Adopt and Teach New Engineering Technologies,Michigan Technological University
2025059,2020-07-09,128131,Standard Grant,Collaborative Research: Research Initiation: Engineering students' outcome expectations for AI careers: An exploratory study,University of Illinois at Urbana-Champaign
2024394,2020-07-13,199879,Standard Grant,Research Initiation: Development of a Survey Instrument to Identify Mental Health Related Help-Seeking Beliefs in Engineering Students,University of Kentucky Research Foundation
2024466,2020-07-13,200000,Standard Grant,Research Initiation: Infusing Culturally Relevant Pedagogy (CRP) at the Start of the Engineering Mechanics Curriculum,James Madison University
2029782,2020-07-16,473883,Standard Grant,Collaborative Research: Rising Doctoral Institute,University of Texas at Dallas
2029784,2020-07-16,393667,Standard Grant,Collaborative Research: Rising Doctoral Institute,Rowan University
2029785,2020-07-16,370948,Standard Grant,Collaborative Research: Rising Doctoral Institute,Virginia Polytechnic Institute and State University
2029796,2020-07-16,524385,Standard Grant,Collaborative Research: Rising Doctoral Institute,Arizona State University
2032802,2020-07-23,300000,Standard Grant,EAGER: Investigating the rapid transition from face-to-face to exclusively online engineering laboratory classes in an Electrical and Computer Engineering program,University of Georgia Research Foundation Inc
1941524,2020-08-03,32000000,Cooperative Agreement,NSF Engineering Research Center for Advancing Self Sufficiency through Powered Infrastructure for Roadway Electrification (ASPIRE),Utah State University
1941529,2020-08-03,32000000,Cooperative Agreement,NSF Engineering Research Center for the Internet of Things for Precision Agriculture (IoT4Ag),University of Pennsylvania
1941543,2020-08-03,31999492,Cooperative Agreement,NSF Engineering Research Center for Advanced Technologies for Preservation of Biological Systems (ATP-Bio),University of Minnesota-Twin Cities
1941583,2020-08-03,32000000,Cooperative Agreement,NSF Engineering Research Center for Quantum Networks (CQN),University of Arizona
2025088,2020-08-04,200000,Standard Grant,Research Initiation: Measuring mental demand of interactive textbooks using wearables and web analytics,University of Toledo
2024525,2020-08-06,199981,Standard Grant,Research Initiation: Long-Term Effect of Involvement in Humanitarian Engineering Projects on Student Professional Formation and Views of Diversity and Inclusion,David Lipscomb University
2025035,2020-08-06,180496,Standard Grant,Research Initiation: Influence of self-efficacy and social support on persistence and achievement in chemical engineering sophomores,Louisiana Tech University
2037788,2020-08-06,69516,Standard Grant,EAGER Collaborative Proposal: Building a Community of Mentors in Engineering Education Research Through Peer Review Training,University of Illinois at Urbana-Champaign
2037797,2020-08-06,23996,Standard Grant,EAGER Collaborative Proposal: Building a Community of Mentors in Engineering Education Research Through Peer Review Training,"Minnesota State University, Mankato"
2037807,2020-08-06,206397,Standard Grant,EAGER: Collaborative Research: Building a Community of Mentors in Engineering Education Research Through Peer Review Training,Clemson University
1947114,2020-08-07,254381,Standard Grant,Research: Predicting Achievement and Improving Equity in Engineering Using Contextualized High School Performance,Regents of the University of Michigan - Ann Arbor
2023275,2020-08-07,855971,Standard Grant,Design and Development: NSF Engineering Research Centers Unite: Developing and Testing a Suite of Instruments to Enhance Overall Education Program Evaluation,Arizona State University
2025080,2020-08-07,200000,Standard Grant,Research Initiation:Exploring the Role of Story-Driven Learning to Foster Empathy in the Professional Formation of Engineers,Georgia Tech Research Corporation
2025093,2020-08-10,194464,Standard Grant,Research Initiation:  Computational Modeling in the Professional Formation of Materials Engineers (PFE: RIEF),Campbell University
2024989,2020-08-12,199965,Standard Grant,IrecognizeU: Finding the Pathway to Increasing Women Civil Engineering Students’ Feeling of Recognition to Develop an Engineering Identity,Iowa State University
2025096,2020-08-14,200000,Standard Grant,Research Initiation: Graduate Student Mental Health and Stress in Engineering,"Board of Regents, NSHE, obo University of Nevada, Reno"
2030166,2020-08-14,49999,Standard Grant,Workshop on Unified Curriculum and Course Design for Mechatronics and Robotics Engineering,Worcester Polytechnic Institute
2036870,2020-08-18,499721,Standard Grant,FMSG: ARM4MOD: AI-powered and Robot-assisted Manufacturing for Modular Construction,New York University
2029410,2020-08-24,56800,Standard Grant,Collaborative Research: Workshop proposal: Building Foundations for Engineering Faculty in Engineering Education Research,University of Illinois at Urbana-Champaign
2029446,2020-08-24,43139,Standard Grant,Collaborative Research: Workshop proposal: Building Foundations for Engineering Faculty in Engineering Education Research,"OHIO STATE UNIVERSITY, THE"
2022275,2020-08-25,1000000,Standard Grant,"IUSE/PFE:RED A&I: Soft Wired Teaming for Creating Opportunities to Revolutionize the Preparation of Students (TCORPS) through Building, Testing and Sharing Pedagogical Improvements",Texas A&M Engineering Experiment Station
2022298,2020-08-31,1000000,Standard Grant,"IUSE/PFE:RED A&I: Adapting and Implementing Interactive Problem-Driven Learning, Professional and Computational Skills Development for Early and Vertically-Integrated Engagement",Georgia Tech Research Corporation
2015688,2020-09-01,211254,Standard Grant,COLLABORATIVE RESEARCH: We are thriving: Challenging negative discourse through voices of women in project teams,Kansas State University
2015741,2020-09-01,117977,Standard Grant,COLLABORATIVE RESEARCH: We are thriving: Challenging negative discourse through voices of women in project teams,Cornell University
2015909,2020-09-01,100845,Standard Grant,COLLABORATIVE RESEARCH: We are thriving: Challenging negative discourse through voices of women in project teams,University of Nevada Las Vegas
2024973,2020-09-01,151837,Standard Grant,Research Initiation: Expanding the Boundaries of Ethical Reasoning and Professional Responsibility in Engineering Education Through Critical Narrative,Embry-Riddle Aeronautical University
2024569,2020-09-02,49999,Standard Grant,Understanding the Role of Affinity Groups on the Advancement of Women of Color in the Engineering Academy  a Workshop,Rochester Institute of Tech
2024570,2020-09-03,151155,Standard Grant,Collaborative Research: Research Initiation: Educational Methods for Teaching Adaptive Responses to Entrepreneurial Failure,California Polytechnic State University Foundation
2024647,2020-09-03,22284,Standard Grant,Collaborative Research: Research Initiation: Educational Methods for Teaching Adaptive Responses to Entrepreneurial Failure,Pennsylvania State Univ University Park
2021608,2020-09-04,995828,Standard Grant,IUSE/PFE:RED A&I - Sustainable TRansformation of Environmental engineering Education for Modern society (STREEM),Montana State University
2035717,2020-09-04,499997,Standard Grant,FMSG: Rapidly Repurposing and Scaling Assembly Lines Through the Co-design of Tooling and Controls of Robotic Work Cells,University of Washington
2024960,2020-09-08,200000,Standard Grant,Research Initiation - Developing Professional Identity: Integrating Academic and Workplace Competencies within Engineering Programs,University of Illinois at Chicago
2036853,2020-09-08,499383,Standard Grant,"FMNet: Building a Network to create the Workforce Foundation, Actionable Roadmap, and Infrastructure Design to Integrate Data Science, AI, and Predictive Analytics throughout Bioma",Georgia Tech Research Corporation
2022271,2020-09-09,1998283,Standard Grant,IUSE/PFE: RED Innovation: Enabling Convergence in Undergraduate Engineering through Structural Change,Bucknell University
2032781,2020-09-09,197300,Standard Grant,QEM Outreach Forum on Building Research and Education Capacity in Engineering at Minority-serving Institutions,QEM Network HQ
2038244,2020-09-09,65747,Standard Grant,Developing and Assessing Engineering Students' Cognitive Flexibility in the Domain of Sustainable Design,James Madison University
2035273,2020-09-10,48835,Standard Grant,Building Bridges: The Power of the Sisterhood,URU THE RIGHT TO BE INC
1950509,2020-09-14,428840,Standard Grant,REU Site: Cellular Bioengineering: From Biomaterials to Stem Cells,Rutgers University New Brunswick
2022299,2020-09-14,2000000,Standard Grant,IUSE/PFE:RED: Breaking Boundaries: An Organized Revolution for the Professional Formation of Electrical Engineers,University of South Florida
2051599,2020-09-22,314699,Standard Grant,The PROMISE Engineering Institute,University of California-Davis
2113739,2020-12-30,17706,Standard Grant,Research Initiation: Collaborative Research: Understanding pedagogically motivating factors for under-represented and non-traditional students in an engineering classroom,University of Florida
2110432,2021-01-13,81204,Standard Grant,Workshop: Quantum Engineering Education,Colorado School of Mines
2113755,2021-01-22,99700,Standard Grant,Collaborative Research: The Making of Engineers: Influence of Makerspaces on the Preparation of Undergraduates as Engineers,University of Florida
2028076,2021-01-26,342993,Standard Grant,Design and Development: Solving Community Problems with Engineering (SCoPE),WGBH Educational Foundation
2044258,2021-01-27,684079,Continuing Grant,CAREER: Theory and Pedagogy within University Makerspaces,University of Texas at Austin
2045634,2021-02-01,567935,Continuing Grant,CAREER: Support our Troops: Re-storying student veteran and service member deficit in engineering through professional formation and community engagement,Utah State University
2042377,2021-02-03,580582,Continuing Grant,CAREER: Disrupting the Status Quo Regarding Who Gets to be an Engineer,Virginia Polytechnic Institute and State University
2027486,2021-02-04,49339,Standard Grant,"Collaborative Research: Research: Intersections between Diversity, Equity, and Inclusion (DEI) and Ethics in Engineering",Virginia Polytechnic Institute and State University
2027519,2021-02-04,349516,Standard Grant,"Collaborative Research: Research: Intersections between Diversity, Equity, and Inclusion (DEI) and Ethics in Engineering",Purdue University
2047420,2021-02-04,513506,Continuing Grant,CAREER: Fair assessments: Examining Cultural Familiarity to Decrease Bias in Engineering Classroom Assessments,Purdue University
2034800,2021-02-09,347928,Standard Grant,Research: RFE—Understanding graduate engineering student well-being for prediction of retention,University of Illinois at Urbana-Champaign
2109771,2021-02-09,61818,Standard Grant,Collaborative Research: Supporting Agency Among Early Career Engineering Education Faculty in Diverse Institutional Contexts,University of Tennessee Knoxville
2039864,2021-02-12,252650,Standard Grant,EAGER: Collaborative Research: Changing the Paradigm: Developing a Framework for Secondary Analysis of EER Datasets,Virginia Polytechnic Institute and State University
2039871,2021-02-12,47350,Standard Grant,EAGER: Collaborative Research: Changing the Paradigm: Developing a Framework for Secondary Analysis of EER Datasets,University of Georgia Research Foundation Inc
2050587,2021-02-24,414979,Standard Grant,REU Site: Undergraduate Research Opportunities in Biomedical Engineering Devices at the University of Nebraska-Lincoln,University of Nebraska-Lincoln
2050887,2021-02-24,433369,Standard Grant,"REU Site: Exploring Aerospace Research at the Intersection of Mechanics, Materials Science, and Aerospace Physiology",Embry-Riddle Aeronautical University
2049044,2021-02-25,388428,Standard Grant,REU Site: Computational Bioengineering,University of Iowa
2050899,2021-02-26,68890,Standard Grant,REU Site: Collaborative Research: Establishing New Generations of scholars to Amplify and Grow Engineering Education (ENGagED),University of Florida
2051156,2021-02-26,456519,Standard Grant,REU Site: Collaborative Research: Establishing New Generations of scholars to Amplify and Grow Engineering Education (ENGagED),Arizona State University
2053046,2021-02-26,350000,Standard Grant,"Research: Advancing Engineers’ Ability to Recognize, Strategize About, and Act On Concerns Related to Public Welfare",Regents of the University of Michigan - Ann Arbor
2050266,2021-03-02,373887,Standard Grant,REU Site: Engineering and Nanoscience of Materials and Device Applications in Biotechnology and Medicine,The University of Central Florida Board of Trustees
2050742,2021-03-02,391099,Standard Grant,REU Site: Research experience through collaborative teams in bioprocessing for conversion of waste into products of value,Auburn University
2045738,2021-03-03,414893,Standard Grant,REU Site: Advanced Manufacture of Novel Materials and Bio-Nano Applications,Milwaukee School of Engineering
2050856,2021-03-03,397090,Standard Grant,REU Site: Exploring the Limits of Life - Understanding Biofilms in Extreme Environments,Montana State University
2050739,2021-03-04,358920,Standard Grant,"REU Site:  TECH SCEnE - Technology, Science and Community Engagement in Engineering",Michigan Technological University
2050879,2021-03-04,420383,Standard Grant,REU Site: Sustainable Resilient Transportation Systems,University of Delaware
2051074,2021-03-04,406696,Standard Grant,REU Site: Research Experience for Neurodiverse Students: Transforming the Nation's Aging Infrastructure by Advancing Radical Solutions,University of Connecticut
2053141,2021-03-17,49999,Standard Grant,Towards Civility: A Workshop to Evaluate and Inspire Collection and Analysis of Data on Harassing Behaviors in Engineering and Engineering Technology,University of Cincinnati Main Campus
2049974,2021-03-19,99502,Standard Grant,Scaling Capacity-Building of Minority Engineering Programs and Women Engineering Programs,National Society of Black Engineers
2120443,2021-03-19,99564,Standard Grant,Engineering Deans Forum on Broadening Participation,Franklin W. Olin College of Engineering
2123016,2021-03-22,560658,Standard Grant,CAREER: Advocating for Engineering through Hidden Curricula: A Multi-Institutional Mixed Method Approach,University of Florida
2050878,2021-03-24,434002,Standard Grant,REU SITE: Research Experience for Undergraduates in Molecular Engineering,University of Chicago
2050764,2021-03-25,161232,Standard Grant,REU SITE: Collaborative Research: Nanoscale Detectives -- Elucidating the Structure and Dynamics of Hybrid Perovskite Systems,University of North Carolina at Chapel Hill
2050841,2021-03-25,160944,Standard Grant,REU SITE: Collaborative Research: Nanoscale Detectives -- Elucidating the Structure and Dynamics of Hybrid Perovskite Systems,Duke University
2050842,2021-03-25,405000,Standard Grant,REU Site: Imaging in Medicine and Biology for Underrepresented Minorities,University of Rochester
2050900,2021-03-25,162000,Standard Grant,REU SITE: Collaborative Research: Nanoscale Detectives --  Elucidating the Structure and Dynamics of Hybrid Perovskite Systems,North Carolina State University
2050944,2021-03-25,405000,Standard Grant,"REU Site: Particle-based Functional Materials for Energy, Sustainability, and Biomedicine",University of Pittsburgh
2051002,2021-03-25,380083,Standard Grant,"REU Site: Interdisciplinary, Multiscale Materials Modeling (I3M)",University of Louisville Research Foundation Inc
2046167,2021-03-26,402533,Standard Grant,"REU Site: Renewal of Summer Internships in Nanomaterials, Nanomechanics, and Leadership Training in Engineering",University of Arkansas
2051113,2021-03-29,403354,Standard Grant,REU Site: Artificial Intelligence Powered Robotics in 5G Network,University of Texas at San Antonio
2045392,2021-04-05,575430,Continuing Grant,CAREER: Advancing academic cultures of well-being by understanding professional  experiences of engineering faculty,Harding University Main Campus
2054341,2021-04-06,697965,Standard Grant,Youth Engineering Solutions: Engineering Opportunities in Out-of-School Programs for English Learners,Pennsylvania State Univ University Park
2113312,2021-04-09,487834,Standard Grant,Collaborative Research: Leveraging the Collective Strengths of e4usa and FIRST for Greater Impact on the Future Engineering Workforce (e4usa+FIRST),Arizona State University
2113402,2021-04-09,260871,Standard Grant,Collaborative Research: Leveraging the Collective Strengths of e4usa and FiRST for Greater Impact on the Future Engineering Workforce (e4usa+FIRST),Morgan State University
2034824,2021-04-13,641379,Standard Grant,Breaking Barriers to Participation: A Cultural Approach to Increasing Native Hawaiian Representation in Engineering,University of Hawaii
2126251,2021-04-19,398295,Standard Grant,Design and Development: Fostering Graduate Student Professional Development Through an Instructional Incubator and Teaching Apprenticeship Model,Northeastern University
2050451,2021-04-26,523750,Standard Grant,REU Site: Growing Entrepreneurially-Minded Undergraduate Researchers with New Product Development in Applied Energy,Purdue University
2052661,2021-04-28,20000,Standard Grant,IUCRC Planning Grant IUPUI: Center for Quantum Technologies (CQT),Indiana University
2052706,2021-04-28,20000,Standard Grant,IUCRC Planning Grant University of Notre Dame: Center for Quantum Technologies (CQT),University of Notre Dame
2052730,2021-04-28,20000,Standard Grant,IUCRC Planning Grant Indiana University: Center for Quantum Technologies (CQT),Indiana University
2052739,2021-04-28,20000,Standard Grant,IUCRC Planning Grant Purdue University: Center for Quantum Technologies (CQT),Purdue University
2050728,2021-04-30,389826,Standard Grant,"REU Site: Biochemical, Environmental, and MOlecular Research in Engineering (BEMORE)",University of Maryland Baltimore County
2040655,2021-05-04,299693,Standard Grant,Responses of Universities to Crisis- Impact and Implications on Underrepresented Minority Engineering Faculty,University of Houston
2050979,2021-05-04,404784,Standard Grant,REU Site: Green Infrastructure for Sustainable Urban Environments (GI4SUrE),University of Tennessee Knoxville
2050960,2021-05-07,425279,Standard Grant,REU Site: Research Experiences in Information Centric Engineering for  Emerging Process Domains,Oklahoma State University
2051066,2021-05-07,392737,Standard Grant,REU Site: Multidisciplinary Research Experience in Advance Manufacturing for Undergraduates,Texas State University - San Marcos
2052745,2021-05-13,250000,Continuing Grant,IUCRC Phase III University of North Carolina at Charlotte: Center for Metamaterials (CfM),University of North Carolina at Charlotte
2127509,2021-05-13,18394366,Fellowship Award,Engineering Fellows Postdoctoral Fellowship Program,American Society For Engineering Education
2051502,2021-05-19,473913,Standard Grant,Empowering Engineering Scholar-Activists through Community-driven Research Experiences,University of Texas at Austin
2040095,2021-05-20,350000,Standard Grant,Engineering is Not Neutral: Transforming Instruction via Collaboration and Engagement (ENNTICE),University of Colorado at Denver-Downtown Campus
2052749,2021-06-02,20000,Standard Grant,IUCRC Planning Grant University of Illinois: Center for Aggressive Scaling by Advanced Processes for Electronics and Photonics (ASAP),University of Illinois at Urbana-Champaign
2105953,2021-06-03,60914,Standard Grant,Collaborative Research: Research Initiation: Social Engagement & Belonging in Academic Makerspaces,University of Texas at Austin
2106017,2021-06-03,138528,Standard Grant,Collaborative Research: Research Initiation: Social Engagement & Belonging in Academic Makerspaces,Western Washington University
1953648,2021-06-10,599796,Standard Grant,RET Site: Next-generation Clean Energy Sources and Storage,"Board of Regents, NSHE, obo University of Nevada, Reno"
2038309,2021-06-10,349601,Standard Grant,Future Ready Engineering Leaders,SUNY at Stony Brook
2051090,2021-06-10,365212,Standard Grant,REU Site: Advanced Manufacturing for a Sustainable Energy Future,Boise State University
2050175,2021-06-16,514253,Standard Grant,REU Site: Research Experience for Undergraduates in Big Data Analytics and Machine Learning,North Dakota State University Fargo
2055395,2021-06-24,207000,Standard Grant,RET Site: Collaborative Research: Sonoran Photovoltaics Laboratory: Energizing the STEM Pipeline through Citizen Science,University of Arizona
2055726,2021-06-24,392999,Standard Grant,RET Site: Collaborative Research: Sonoran Photovoltaics Laboratory: Energizing the STEM Pipeline through Citizen Science,Arizona State University
2106229,2021-06-25,199980,Standard Grant,Research Initiation: Exploring the Associations Between Personality Attributes and Transformative Learning of Engineering Study Abroad Program Participants,University of Cincinnati Main Campus
2106242,2021-06-25,125186,Standard Grant,Collaborative Research: Research Initiation: Leveraging Design Thinking to Deal with Ambiguity Embedded in Data-Driven Engineering Problems,University of South Florida
2106243,2021-06-25,74814,Standard Grant,Collaborative Research: Research Initiation: Leveraging Design Thinking to Deal with Ambiguity Embedded in Data-Driven Engineering Problems,Virginia Polytechnic Institute and State University
2052611,2021-06-30,679000,Continuing Grant,IUCRC Phase I: Syracuse University: Center for Solid-State Electric Power Storage (CEPS),Syracuse University
2052612,2021-06-30,191354,Continuing Grant,IUCRC Phase III Pennsylvania State University (PSU): Manufacturing and Materials Joining Innovation Center (Ma2JIC),Pennsylvania State Univ University Park
2052631,2021-06-30,892000,Continuing Grant,IUCRC Phase I: South Dakota School of Mines and Technology: Center for Solid-State Electric Power Storage (CEPS),South Dakota School of Mines and Technology
2052729,2021-06-30,191354,Continuing Grant,"IUCRC Phase III University of Tennessee, Knoxville (UTK): Manufacturing and Materials Joining Innovation Center (Ma2JIC)",University of Tennessee Knoxville
2052735,2021-06-30,250000,Continuing Grant,IUCRC Phase III Colorado State University: Center for a Solar Powered Future (SPF2050),Colorado State University
2052747,2021-06-30,425927,Continuing Grant,IUCRC Phase III The Ohio State University: Manufacturing & Materials Joining Innovation Center (Ma2JIC),"OHIO STATE UNIVERSITY, THE"
2052796,2021-06-30,679000,Continuing Grant,IUCRC Phase I: Northeastern University: Center for Solid-State Electric Power Storage (CEPS),Northeastern University
2052809,2021-06-30,375000,Continuing Grant,"IUCRC Phase I University of California, San Diego: Center for Power Management Integration (PMIC)",University of California-San Diego
2052814,2021-06-30,250000,Continuing Grant,IUCRC Phase III - The University of Texas at Austin: Center for a Solar Powered Future (SPF2050),University of Texas at Austin
2052819,2021-06-30,191354,Continuing Grant,IUCRC Phase III Colorado School of Mines: Manufacturing and Materials Joining Innovation Center (Ma2JIC),Colorado School of Mines
2055138,2021-06-30,600000,Standard Grant,RET Site: Culturally Responsive Energy Engineering Education in Rural/Reservation Elementary Schools,Montana State University
2106206,2021-06-30,199999,Standard Grant,Research Initiation: Facilitating Professional Formation of Engineers through Strategic Agency of Engineering Faculty,University of Florida
2113626,2021-06-30,20000,Standard Grant,IUCRC Planning Grant: Oregon State University: Center for Concrete Advanced Network - CAN,Oregon State University
2113789,2021-06-30,19999,Standard Grant,IUCRC Planning Grant Tufts University: Center for Cellular Agriculture and Cultured Meat (CACM),Tufts University
2113791,2021-06-30,20000,Standard Grant,IUCRC Planning Grant: University of Wisconsin-Milwaukee: Center for Concrete Advanced Network - CAN,University of Wisconsin-Milwaukee
2113806,2021-06-30,19926,Standard Grant,IUCRC Planning Grant: The University of Texas at Arlington: Center for Concrete Technology: Concrete Advancement Network (CAN),University of Texas at Arlington
2106286,2021-07-01,199999,Standard Grant,Research Initiation: Understanding Impacts of Soft Robotics Curricula on Female Students Engineering Identity,University of Illinois at Urbana-Champaign
2106322,2021-07-01,199919,Standard Grant,Research Initiation: Understanding Teamwork Experience and its Linkage to Engineering Identity of Diverse Students,San Francisco State University
2123852,2021-07-01,98615,Standard Grant,Planning Grant: Engineering Research Center for Environmentally Applied Refrigerant Technology Hub (EARTH),University of Kansas Center for Research Inc
2124356,2021-07-01,99999,Standard Grant,Planning Grant: Engineering Research Center for Integrating Native Solutions to Promote and Inform Resilient Engineering (INSPIRE),University of Colorado at Boulder
2052780,2021-07-06,499995,Continuing Grant,"IUCRC Phase I: University of Tennessee, Knoxville (UTK) Site: Center for High-Frequency Electronics and Circuits for Communication Systems (CHECCS)",University of Tennessee Knoxville
2106192,2021-07-06,19998,Standard Grant,Collaborative Research: Research Initiation: Career Education Program to Increase Engineering Identity for Students from Low-Income High Schools,Purdue University
2106264,2021-07-06,180000,Standard Grant,Collaborative Research: Research Initiation: Career Education Program to Increase Engineering Identity for Students from Low-Income High Schools,Pennsylvania State Univ University Park
2113841,2021-07-06,20000,Standard Grant,IUCRC Planning Grant: North Carolina State University: Center for Digital Factory Innovation (CDFI),North Carolina State University
2113892,2021-07-06,20000,Standard Grant,IUCRC Planning Grant: University of New Hampshire: Center for Digital Factory Innovations (CDFI),University of New Hampshire
2124284,2021-07-06,100000,Standard Grant,Planning Grant: Engineering Research Center for Innovative Built and Regenerative Environments for Advancing Timeless Habitability and Equity (I-BREATHE),Arizona State University
2113902,2021-07-07,20000,Standard Grant,IUCRC Planning Grant Arizona State University: Center for Concrete Advanced Network - CAN,Arizona State University
2123946,2021-07-09,99712,Standard Grant,Planning Grant: Engineering Research Center for Next Generations of Wireless  Telecommunication (WiTeC),San Diego State University Foundation
2124088,2021-07-09,100000,Standard Grant,"Planning Grant: Engineering Research Center for Electrosymbiotic Engineering, Design, and Technology (CEED-TECH)",Washington State University
2124215,2021-07-09,99623,Standard Grant,Planning Grant:  Engineering Research Center for Integrated Systems Operations and Planning of a Carbon Neutral Electric Grid,University of North Carolina at Charlotte
2124295,2021-07-09,100000,Standard Grant,Planning Grant: Engineering Research Center for Resilient AI Network (RAIN) for next-generation manufacturing,Purdue University
2124455,2021-07-09,100000,Standard Grant,Planning Grant: Engineering Research Center for Wildfire Hazard Resilience and Risk Engineering (WiRE),University of California-Los Angeles
2123722,2021-07-12,99910,Standard Grant,Planning Grant: Engineering Research Center for Employment of Persons with Disabilities through Inclusion Engineering (EDIE),Vanderbilt University
2052817,2021-07-16,400000,Continuing Grant,IUCRC Phase II: UC Davis/Berkeley: Center for Rational Catalyst Synthesis (CeRCaS),University of California-Davis
2055384,2021-07-16,596868,Standard Grant,RET Site in Manufacturing Simulation and Automation,Pennsylvania State Univ University Park
2055716,2021-07-16,586645,Standard Grant,RET Site: Inquiry Driven Engineering Activities using Bioengineering Examples (IDEA-BioE),University of Kansas Center for Research Inc
2113821,2021-07-16,20000,Standard Grant,IUCRC Planning Grant: Georgia Tech: Center for Digital Factory Innovations (CDFI),Georgia Tech Research Corporation
2124141,2021-07-16,99481,Standard Grant,Planning Grant: Engineering Research Center for Symbiotic Systems,Carnegie Mellon University
2124189,2021-07-16,98980,Standard Grant,Planning Grant: Engineering Research Center for Food Resiliency through Engineered Supply Chains (FRESCH),New Mexico State University
2052764,2021-07-20,500000,Continuing Grant,IUCRC Phase I: Florida International University: Center for High-Frequency Electronics and Circuits for Communication Systems (CHECCS),Florida International University
2052795,2021-07-20,250000,Continuing Grant,IUCRC Phase I: Center for Innovations in Structural Integrity Assurance (CISIA),Louisiana Tech University
2052810,2021-07-20,1250000,Continuing Grant,IUCRC Phase I: Center for Innovations in Structural Integrity Assurance (CISIA),Louisiana State University
2123794,2021-07-20,99573,Standard Grant,Planning Grant: Engineering Research Center for Rapid Evaluation of Coastal Ocean and Nearshore - RECON,University of Delaware
2124239,2021-07-20,99946,Standard Grant,Planning Grant: Engineering Research Center for Precision Meteorology (ERC-PM),Oklahoma State University
2124837,2021-07-20,99982,Standard Grant,"Planning Grant: Engineering Research Center for  Beneficial Energy System Transformations for Climate Change, Adaptation, and Societal Equity (BEST-CCASE)",Arizona State University
2113844,2021-07-21,205421,Standard Grant,Collaborative Research: Research: RUI: Engineers making process safety judgements...Mind the Gap! Beliefs vs. behavior,Rowan University
2113845,2021-07-21,92099,Standard Grant,Collaborative Research: Research: RUI: Engineers making process safety judgements...Mind the Gap! Beliefs vs. behavior,"OHIO STATE UNIVERSITY, THE"
2113846,2021-07-21,51099,Standard Grant,Collaborative Research: Research: RUI: Engineers making process safety judgements...Mind the Gap! Beliefs vs. behavior,Bucknell University
2124319,2021-07-21,100000,Standard Grant,Planning Grant: Engineering Research Center for Connected Eldercare,Massachusetts Institute of Technology
2126082,2021-07-21,100000,Standard Grant,Planning Grant: Engineering Research Center for Engineering Student Success Initiatives,University of Houston
2052807,2021-07-23,1249980,Continuing Grant,IUCRC Phase I: University of Arkansas: Center for High-Frequency Electronics and Circuits for Communication Systems (CHECCS),University of Arkansas
2052454,2021-07-26,874786,Continuing Grant,IUCRC Phase I Texas A&M: Center for Insect Biomanufacturing and Innovation (CIBI),Texas A&M AgriLife Research
2052565,2021-07-26,682828,Continuing Grant,IUCRC Phase I Indiana University Indianapolis (IUI): Center for Insect Biomanufacturing and Innovation (CIBI),Indiana University
2052788,2021-07-26,680342,Continuing Grant,IUCRC Phase I Mississippi State University: Center for Insect Biomanufacturing and Innovation (CIBI),Mississippi State University
2100075,2021-07-26,612490,Continuing Grant,IUCRC Phase II+: University of Massachusetts Lowell: Advanced Mammalian Biomanufacturing Innovation Center (AMBIC),University of Massachusetts Lowell
2100442,2021-07-26,612500,Continuing Grant,IUCRC Phase II+ Clemson University: Advanced Mammalian Biomanufacturing Innovation Center (AMBIC),Clemson University
2100502,2021-07-26,612500,Continuing Grant,IUCRC Phase II+: University of Delaware: Advanced Mammalian Biomanufacturing Innovation Center (AMBIC),University of Delaware
2100632,2021-07-26,612500,Continuing Grant,IUCRC Phase II+ University of Maryland: Center for Advanced Mammalian Biomanufacturing Innovation (AMBIC),"University of Maryland, College Park"
2100800,2021-07-26,1300000,Continuing Grant,IUCRC Phase II+: Johns Hopkins University: Advanced Mammalian Biomanufacturing Innovation Center (AMBIC),Johns Hopkins University
2113609,2021-07-26,414995,Continuing Grant,IUCRC Phase II: Washington State University: Center for Bioplastics and Biocomposites [CB2],Washington State University
2113804,2021-07-26,755000,Continuing Grant,IUCRC Phase II: North Dakota State University: Center for Bioplastics and Biocomposites [CB2],North Dakota State University Fargo
2113830,2021-07-26,415000,Continuing Grant,IUCRC Phase II: University of Georgia: Center for Bioplastics and Biocomposites (CB2),University of Georgia Research Foundation Inc
2124332,2021-07-26,100000,Standard Grant,Planning Grant: Engineering Research Center for Green and Climate Resilient Built Environments (Green CRiB),North Carolina State University
2106180,2021-07-27,42912,Standard Grant,Collaborative Research: Research Initiation: The Use of Mobile Technology and Innovative Pedagogy to Improve Undergraduate Thermal-Fluid Science Learning,Virginia Polytechnic Institute and State University
2106345,2021-07-27,157088,Standard Grant,Collaborative Research: Research Initiation: The Use of Mobile Technology and Innovative Pedagogy to Improve Undergraduate Thermal-Fluid Science Learning,Boise State University
2113695,2021-07-28,415000,Continuing Grant,IUCRC Phase II: Iowa State University: Center for Bioplastics and Biocomposites [CB2],Iowa State University
2124376,2021-07-28,100000,Standard Grant,Planning Grant: Engineering Research Center for Agricultural and Rural Connectivity (ARC),University of Nebraska-Lincoln
2113831,2021-08-03,500000,Continuing Grant,IUCRC Phase II: Worcester Polytechnic Institute: Center for Advanced Research in Drying (CARD),Worcester Polytechnic Institute
2113873,2021-08-03,450000,Continuing Grant,IUCRC Phase II Boise State University: Center for Atomically Thin Multifunctional Coatings (ATOMIC),Boise State University
2113915,2021-08-03,500000,Continuing Grant,IUCRC Phase II: U of Illinois at Urbana-Champaign: Center for Advanced Research in Drying (CARD),University of Illinois at Urbana-Champaign
2106257,2021-08-04,160928,Standard Grant,Collaborative Research: Research Initiation: Understanding of Engineering Core Concepts Contextualized in Domain-Specific Settings Through Active Exploration,Stevens Institute of Technology
2106261,2021-08-04,38902,Standard Grant,Collaborative Research: Research Initiation: Understanding of Engineering Core Concepts Contextualized in Domain-Specific Settings Through Active Exploration,Virginia Polytechnic Institute and State University
2117224,2021-08-04,250198,Standard Grant,Collaborative Research: Research: Investigating Jonassen’s Design Theory of Problem Solving in Support of Pedagogical Change in Introductory Aerospace Engineering,SUNY at Buffalo
2118077,2021-08-04,96961,Standard Grant,Collaborative Research: Research: Investigating Jonassen’s Design Theory of Problem Solving in Support of Pedagogical Change in Introductory Aerospace Engineering,North Carolina State University
2123863,2021-08-04,99988,Standard Grant,Planning Grant: Engineering Research Center for Micro Ferroelectronics for Devices and Systems:  microFeDS,Rochester Institute of Tech
2129282,2021-08-04,194777,Standard Grant,Collaborative Research: RFE: Pandemic Impact: Undergraduates’ Social Capital and Engineering Professional Skills,Purdue University
2129308,2021-08-04,284408,Standard Grant,Collaborative Research: RFE: Pandemic Impact: Undergraduates’ Social Capital and Engineering Professional Skills,"OHIO STATE UNIVERSITY, THE"
2055705,2021-08-05,596380,Standard Grant,RET Site: The University of Texas at Arlington (UTA) RET Site on Sustainable and Resilient Infrastructure for Urban Communities,University of Texas at Arlington
2113498,2021-08-05,250000,Continuing Grant,IUCRC Phase III: Worcester Polytechnic Institute: Center for Resource Recovery and Recycling (CR3),Worcester Polytechnic Institute
2113788,2021-08-05,250000,Continuing Grant,IUCRC Phase III: Colorado School of Mines: Center for Resource Recovery & Recycling (CR3),Colorado School of Mines
2113857,2021-08-05,275000,Continuing Grant,IUCRC Phase III: University of Wisconsin-Milwaukee: Center for Water Equipment and Policy (WEP),University of Wisconsin-Milwaukee
2113907,2021-08-05,750000,Continuing Grant,IUCRC Proposal Phase I: University of Colorado Boulder: Center for Building Energy Smart Technologies (BEST),University of Colorado at Boulder
2133653,2021-08-05,99925,Standard Grant,Facilitating Remote Electrical and Computer Engineering Teaching: Seizing the Moment with Project RECET,Electrical and Computer Engineering Department Heads Association
2042343,2021-08-09,588493,Standard Grant,Defining and Building the Engineering Workforce of the Future,American Society For Engineering Education
2113819,2021-08-09,1200000,Continuing Grant,IUCRC Phase I:  University of Illinois at Urbana-Champaign: Center for Infrastructure Trustworthiness in Energy Systems (CITES),University of Illinois at Urbana-Champaign
2113874,2021-08-09,749995,Continuing Grant,IUCRC Phase 1: The City College of New York: Center for Building Energy Smart  Technologies (BEST),CUNY City College
2113880,2021-08-09,525000,Continuing Grant,IUCRC Phase 1 Florida International University: Center for Infrastructure Trustworthiness in Energy Systems (CITES),Florida International University
2113903,2021-08-09,525000,Continuing Grant,IUCRC Phase I: The University of Arkansas: Center for Infrastructure Trustworthiness in Energy Systems (CITES),University of Arkansas
2114241,2021-08-09,270642,Standard Grant,Collaborative Research: Audio for Inclusion: Uncovering Marginalized Student Narratives to Provide Insight to Faculty on the Known Unknowns of Inclusion,Florida International University
2114242,2021-08-09,200982,Standard Grant,Collaborative Research: Audio for Inclusion: Uncovering Marginalized Student Narratives to Provide Insight to Faculty on the Known Unknowns of Inclusion,Utah State University
2124312,2021-08-09,100000,Standard Grant,Planning Grant: Engineering Research Center for the Next-generation Enterprise to Engineer Diagnostics at Low-cost for the home-Ecosystem (NEEDLE),Brown University
2050956,2021-08-10,413036,Standard Grant,REU Site: CO2 Chemical Engineering: Opportunities and Challenges,University of South Carolina at Columbia
2106319,2021-08-11,200000,Standard Grant,Research Initiation: A Hybrid Community of Practice Model to Prepare Pre-Service Teachers to Teach Engineering,University of Tennessee Knoxville
2106346,2021-08-11,199776,Standard Grant,"Research Initiation: Understanding the Relationships Between Gender, Self-Efficacy, and Extracurricular Activities in the Professional Formation of Engineers",Rochester Institute of Tech
2113864,2021-08-11,600000,Continuing Grant,I/UCRC Phase II: The Pennsylvania State University: Center for Atomically Thin Multifunctional Coatings (ATOMIC),Pennsylvania State Univ University Park
2124368,2021-08-11,100000,Standard Grant,"Planning Grant: Engineering Research Center for Lignin Engineering, Analysis, and Research for Sustainable Technology (CLEAReST)",University of Kentucky Research Foundation
2113851,2021-08-12,225000,Continuing Grant,IUCRC Phase III: Marquette University: Center for Water Equipment and Policy (WEP),Marquette University
2113882,2021-08-12,450000,Continuing Grant,IUCRC Phase II Rice University: Center for Atomically Thin Multifunctional Coatings (ATOMIC),William Marsh Rice University
2100560,2021-08-16,100845,Standard Grant,COLLABORATIVE RESEARCH: We are thriving: Challenging negative discourse through voices of women in project teams,University of Nebraska-Lincoln
2124244,2021-08-17,100000,Standard Grant,Planning Grant: Engineering Research Center for Accelerated Formulations Engineering (CAFE),Cornell University
2055418,2021-08-20,600000,Standard Grant,RET site: Multidisciplinary Teacher Research Experience in Engineering (M-TREE),San Jose State University Foundation
2055507,2021-08-20,599980,Standard Grant,RET Site: Engineering for People and the Planet: Research Experiences for Teaching Integrated STEM,Worcester Polytechnic Institute
2105156,2021-08-20,349997,Standard Grant,Research: Evidencing Epidemic Change in Engineering Education: Shedding Light on Instructor Adaptability and Course Complexity for Sustained Change,University of Nebraska-Lincoln
2112775,2021-08-20,99647,Standard Grant,Workshop: ProVis-EER: Developing Professional Vision into Empirical Practices within Engineering Education Research (EER) though Digital Apprenticeship,George Mason University
2113631,2021-08-20,349157,Standard Grant,Research: Faculty Assessment Mental Models in Engineering Education,Virginia Polytechnic Institute and State University
2114181,2021-08-20,191434,Standard Grant,Research: Collaborative Research: Non-Academic Career Paths of Master’s and PhD Engineers,Virginia Polytechnic Institute and State University
2114210,2021-08-20,207916,Standard Grant,Research: Collaborative Research: Non-Academic Career Paths of Master’s and PhD Engineers,University of Texas at Austin
2051084,2021-08-24,380790,Standard Grant,REU Site: A Convergent Approach on Traineeship Towards Realizing H2 Economy,University of Connecticut
2051132,2021-08-24,405000,Standard Grant,REU Site: Interdisciplinary Research Experiences in Metrology & Inspection,Texas A&M Engineering Experiment Station
2120746,2021-08-24,4007357,Continuing Grant,Engineering for US All-E4USA: A National Pilot High School Engineering Course and Database,"University of Maryland, College Park"
2147541,2021-08-24,31144,Standard Grant,Analysis of Variation in Student Success in Engineering Degrees among Several Institutions,Association of Public and Land-Grant Universities
2151404,2021-11-02,579399,Continuing Grant,CAREER: Breaking the Tradition of Silence through Conocimiento and Consciousness Raising among Latinx Engineers,University of Texas at San Antonio
2147632,2021-11-26,390516,Standard Grant,Engineering for One Planet: Scaling for Impact Workshop,National Collegiate Inventors and Innovators Alliance
2149677,2021-11-30,120000,Standard Grant,Collaborative Research: The Niela Project: A Qualitative Investigation of the Experiences of Black Women in Pursuit of Doctorates and Postdoctorates in Engineering and Computing,Missouri State University
2138463,2021-12-06,186861,Standard Grant,ERI: Towards Data-Capable Engineers with a Variability-Capable Mindset,Franklin W. Olin College of Engineering
2204719,2021-12-07,553966,Standard Grant,RET Site in Manufacturing Simulation and Automation,University of Louisville Research Foundation Inc
2208680,2021-12-07,199875,Standard Grant,Research Initiation: Advanced Modeling of Metacognitive Problem Solving and Group Effectiveness in Collaborative Engineering Teams,University of Louisville Research Foundation Inc
2109938,2021-12-16,349999,Standard Grant,The Path to College and Career: Exploring the Role of High School Engineering Courses for Students with Learning Disabilities,"OHIO STATE UNIVERSITY, THE"
2131875,2021-12-16,369821,Standard Grant,Research-Oriented Learning Experiences (ROLE) Program,New Mexico State University
2138846,2021-12-16,205932,Standard Grant,ERI: IoT-Enabled Smart Learning Environment for Ambient Assessment of Socio-Technical Skills in Engineering Students,Lewis University
2135080,2021-12-22,378869,Standard Grant,STEM Excellence in Engineering Equity (SEEE),University of Pittsburgh
2137226,2022-01-05,20000,Standard Grant,"Planning Grant, University of Washington: Center for Data-driven High-rate Composites Manufacturing (DH-COM)",University of Washington
2141903,2022-01-23,281353,Standard Grant,Collaborative Research: Sustaining and Scaling the impact of the MIDFIELD project at the American Society for Engineering Education,American Society For Engineering Education
2142087,2022-01-23,1090609,Standard Grant,Collaborative Research: Sustaining and Scaling the impact of the MIDFIELD project at the American Society for Engineering Education,Purdue University
2104782,2022-01-24,309432,Standard Grant,Collaborative Research: Research: Assessing Empathic Formation in Engineering Design,Purdue University
2104792,2022-01-24,50001,Standard Grant,Collaborative Research: Research: Assessing empathic formation in engineering design,Iowa State University
2104979,2022-01-24,36604,Standard Grant,Collaborative Research: Research: Assessing Empathic Formation in Engineering Design,SUNY at Buffalo
2211835,2022-01-24,21294,Standard Grant,Travel: CoNECD 2022 BPE CAREER Award Panel,Virginia Polytechnic Institute and State University
2137212,2022-01-26,19967,Standard Grant,IUCRC Planning Grant University of Pittsburgh: Center for Advanced Magnetics for Power and Energy Development (AMPED),University of Pittsburgh
2137241,2022-01-26,19990,Standard Grant,IUCRC Planning Grant: Center for Advanced Magnetics for Power and Energy Development (AMPED),Carnegie Mellon University
2137266,2022-01-26,20000,Standard Grant,IUCRC Planning Grant NCSU: Center for Advanced Magnetics for Power and Energy Development (AMPED),North Carolina State University
2202428,2022-02-07,36291,Standard Grant,Conference: Energy Access Educators Workshop,Seattle University
2202882,2022-02-07,12777,Standard Grant,Conference: Electricity Access Educators Workshop,Villanova University
2204601,2022-02-14,596868,Standard Grant,RET Site in Manufacturing Simulation and Automation,University of Louisville Research Foundation Inc
2210606,2022-02-14,91321,Continuing Grant,Engineering Research Centers Stakeholder Workshops,National Collegiate Inventors and Innovators Alliance
2143173,2022-02-23,547447,Continuing Grant,CAREER: An Asset-based Longitudinal and Intersectional Analysis of Black Women’s Experiences within Informal and Formal Engineering Education,Florida International University
2107008,2022-02-25,299647,Standard Grant,EAGER: Natural Language Processing for Teaching and Research in Engineering Education,Virginia Polytechnic Institute and State University
2145884,2022-02-25,600397,Continuing Grant,CAREER: GIVEN-Gaming Intervention of Values Engineers Need,"Board of Regents, NSHE, obo University of Nevada, Reno"
2145961,2022-02-25,587505,Continuing Grant,CAREER: Better Together: Leveraging the Shared Commitment of Community Colleges and HBCUs to Optimize Black Engineering Student Pathways,Florida International University
2211032,2022-03-04,349812,Standard Grant,Research: Asset-based Practices in Engineering Design (APRENDE): Formation of Engineers through a Funds of Knowledge Approach,University of Texas at San Antonio
2144213,2022-03-07,599943,Continuing Grant,CAREER: Valuing Education and Career Transition Opportunities Raising Student Success in Engineering,Clemson University
2137274,2022-03-08,499995,Continuing Grant,IUCRC Phase II UT Austin Site: Center for Efficient Vehicles and Sustainable Transportation Systems (EVSTS),University of Texas at Austin
2137275,2022-03-08,500000,Continuing Grant,IUCRC Phase II University of Alabama: Center for Efficient Vehicles and Sustainable Transportation Systems (EVSTS),University of Alabama Tuscaloosa
2137295,2022-03-08,500000,Continuing Grant,IUCRC Phase II Arizona State University Site: Center for Efficient Vehicles and Sustainable Transportation Systems (EVSTS),Arizona State University
2147117,2022-03-08,500000,Continuing Grant,IUCRC Phase II University of Louisville: Center for Efficient Vehicles and Sustainable Transportation Systems (EVSTS),University of Louisville Research Foundation Inc
2149857,2022-03-11,431333,Standard Grant,REU Site: Coastal Infrastructure Resilience Research (CIRR),University of Miami
2150296,2022-03-11,364499,Standard Grant,REU Site: ChemE-NYC: Climate and Health Solutions,Columbia University
2150369,2022-03-11,463231,Standard Grant,Undergraduate Research and Innovation Experience in Cancer Diagnosis and Therapeutic Intervention,New Jersey Institute of Technology
2150389,2022-03-11,509124,Standard Grant,"REU Site: Research Experience for Undergraduates in Arctic Renewable Energy Development, Economics, and Integration",University of Alaska Fairbanks Campus
2150436,2022-03-11,431976,Standard Grant,REU Site: From Bench to Market: Engineering Systems for High Efficiency Separations,University of Arkansas
2150238,2022-03-15,382895,Standard Grant,REU Site: Summer Research Experience on Resilient Carbon-Free U.S. Electric Power Systems,Clarkson University
2150365,2022-03-15,402750,Standard Grant,REU Site: Unmanned Aerial Systems with Real-World Applications in Oklahoma,University of Oklahoma Norman Campus
2220329,2022-03-15,99946,Standard Grant,Workshop: Building a Framework to Understand the Impact of Entrepreneurship Support Programs on the Formation of Engineers,National Collegiate Inventors and Innovators Alliance
2143867,2022-03-16,597223,Continuing Grant,CAREER: Enabling Transformational Service-Learning in Engineering through Critically Reflexive Practice,"OHIO STATE UNIVERSITY, THE"
2150449,2022-03-16,384771,Standard Grant,REU Site: Research Experiences in Microelectronics and Sensor Systems,University of Tennessee Knoxville
2146282,2022-03-17,554272,Continuing Grant,CAREER: Bricks & Blox Building Academy:  Developing Spatial Skills & Engineering Identity through Embodied Play,Valparaiso University
2149975,2022-03-17,398283,Standard Grant,REU Site: Engaging Undergraduates Students in Converting Waste to Sustainable Construction Materials,University of Louisville Research Foundation Inc
2150076,2022-03-17,413454,Standard Grant,"REU Site: Integrated Bioengineering Research, Career Development, and Outreach Experiences at Worcester Polytechnic Institute",Worcester Polytechnic Institute
2150488,2022-03-17,391703,Standard Grant,REU site: Research Experience for Undergraduates in Wind Energy Systems,University of Texas at Dallas
2150387,2022-03-23,407212,Standard Grant,REU Site: Airborne Connections: From Emission Source to Impact to Solution,Colorado State University
2152441,2022-03-23,349936,Standard Grant,Studying Undergraduate Curricular Complexity for Engineering Student Success (SUCCESS),University of Cincinnati Main Campus
2139096,2022-03-24,454335,Standard Grant,Addressing Demographic Disparities in Students Choice of Engineering Disciplines (ADDS-CoED),University of Arizona
2150523,2022-03-24,444124,Standard Grant,REU Site:Interdisciplinary Research Experience on Decarbonization: Path to 2035,University of California-Irvine
2149555,2022-03-25,392542,Standard Grant,REU Site: Injury Science Research Experience for Undergraduates,The Children's Hospital of Philadelphia
2149772,2022-03-25,391084,Standard Grant,REU Site:  American Student Placements and Internships in Rehabilitation Engineering (ASPIRE),University of Pittsburgh
2149891,2022-03-25,323910,Standard Grant,REU Site: Investigation of Subterranean Features in the Appalachian Region,Marshall University Research Corporation
2224135,2022-03-28,540649,Standard Grant,Research Experiences for Teachers: Civil Engineering Instruction for Secondary Education Teachers,Iowa State University
2206952,2022-03-30,600000,Standard Grant,RET Site: Mission Rebuild Workforce through Advanced Manufacturing Training Of K-14 Educators,Bowling Green State University
2148764,2022-04-11,403106,Standard Grant,REU Site: Ole Miss Nanoengineering Summer REU Program,University of Mississippi
2206864,2022-04-11,600000,Standard Grant,RET Site: Integrating data-driven research in Renewable Energy Across Disciplines (I-READ),Texas A&M University-Kingsville
2150417,2022-04-12,404391,Standard Grant,REU Site: REU-PATHWAYS: Pathways for community college students to  enrich their education and careers,Northeastern University
2147727,2022-04-18,139883,Standard Grant,Collaborative Research: Engaging Engineering Graduate Program Directors in Shifting the Default to Trauma-Informed Frameworks of Care,Florida International University
2147744,2022-04-18,187223,Standard Grant,Collaborative Research: Engaging Engineering Graduate Program Directors in Shifting the Default to Trauma-Informed Frameworks of Care,"Board of Regents, NSHE, obo University of Nevada, Reno"
2206953,2022-04-18,599978,Standard Grant,RET Site: Machine Learning and Smart System Design,Texas A&M Engineering Experiment Station
2206986,2022-04-18,599930,Standard Grant,RET Site: Interdisciplinary Additive Manufacturing Research Experience for Teachers (IAM-RET),Colorado School of Mines
2149667,2022-04-19,447853,Standard Grant,REU Site: Lowering the Carbon Footprint through Research in Propulsion  and Power Generation,Pennsylvania State Univ University Park
2150178,2022-04-22,398494,Standard Grant,REU Site: Center for power Optimization of Electro-Thermal Systems (POETS),University of Illinois at Urbana-Champaign
2147193,2022-04-25,258054,Standard Grant,Collaborative Research: Research: Stigma of mental health conditions in engineering and its relationship with help-seeking attitudes of undergraduates and early professionals,SUNY at Buffalo
2147194,2022-04-25,117514,Standard Grant,Collaborative Research: Research: Stigma of mental health conditions in engineering and its relationship with help-seeking attitudes of undergraduates and early professionals,Purdue University
2206962,2022-04-26,599947,Standard Grant,RET Site: Engaging and Enabling Teachers through Advanced Manufacturing Research,Clemson University
2137223,2022-04-27,248628,Continuing Grant,IUCRC Phase III Virginia Tech: Center for Tire Research (CenTiRe),Virginia Polytechnic Institute and State University
2137261,2022-04-27,249995,Continuing Grant,IUCRC Phase III University of Akron: Center for Tire Research (CenTiRe),University of Akron
2204738,2022-05-09,199958,Standard Grant,Research Initiation: Assessing the Impact of Digital Badging in Makerspaces on the Formation of Engineers,University of Arizona
2204892,2022-05-09,199999,Standard Grant,Research Initiation:  Predicting Student Success and Persistence in Early Engineering Coursework Using Real-Time Changes in Emotion,University of Miami
2204919,2022-05-09,199996,Standard Grant,Research Initiation: Developing Spatial Visualization and Understanding of Complex Systems via Interactive Mixed Reality Modules,Purdue University
2211300,2022-05-10,393625,Standard Grant,Collaborative Research: The Niela Project: A Qualitative Investigation of the Experiences of Black Women in Pursuit of Doctorates and Postdoctorates in Engineering and Computing,George Mason University
2204885,2022-05-11,100000,Standard Grant,Collaborative Research: Research Initiation: Complementary affordances of virtual and physical laboratories for developing engineering epistemic practices,Tufts University
2204933,2022-05-11,99990,Standard Grant,Collaborative Research: Research Initiation: Complementary affordances of virtual and physical laboratories for developing engineering epistemic practices,Oregon State University
2144698,2022-06-10,590963,Continuing Grant,CAREER: The Overlooked Barrier –  Exploring How Engineering Education Research Teams Negotiate Epistemic Differences,University of Tennessee Knoxville
2204726,2022-06-10,178171,Standard Grant,Research Initiation: Understanding Interactions Between Affect and Identity in First- and Second-Year Engineering Students,Trinity University
2204970,2022-06-13,124904,Standard Grant,Collaborative Research: Research Initiation: Defining Engineering Quantitative Literacy,"Loyola University Maryland, Inc."
2204971,2022-06-13,33533,Standard Grant,Collaborative Research: Research Initiation: Defining Engineering Quantitative Literacy,University of Florida
2204972,2022-06-13,41244,Standard Grant,Collaborative Research: Research Initiation: Defining Engineering Quantitative Literacy,Purdue University
2206932,2022-06-13,600000,Standard Grant,RET Site: Research Experiences for Teacher Advancement In Nanotechnology (RETAIN),Indiana University
2209869,2022-06-16,20000,Standard Grant,IUCRC Planning Grant Ohio State University: Center for Industrial Metal Forming (CIMF),"OHIO STATE UNIVERSITY, THE"
2209887,2022-06-16,20000,Standard Grant,"IUCRC Planning Grant: North Carolina State University, Center for Industrial Metal Forming",North Carolina State University
2204956,2022-06-17,175389,Standard Grant,Collaborative Research: Research Initiation: Assessing Global Engagement Interventions to Advance Global Engineering Competence for Engineering Formation,University of Dayton
2204957,2022-06-17,23973,Standard Grant,Collaborative Research: Research Initiation: Assessing Global Engagement Interventions to Advance Global Engineering Competence for Engineering Formation,Virginia Polytechnic Institute and State University
2205022,2022-06-17,199998,Standard Grant,Research Initiation: Facilitating Knowledge Transfer within Engineering Curricula,Stevens Institute of Technology
2205033,2022-06-17,198413,Standard Grant,Research Initiation: Mapping Identity Development in Doctoral Engineering Students,Texas Tech University
2217477,2022-06-22,799994,Standard Grant,BPE Track 3 Inclusive Mentoring Hub: Raices Institute for Transformative Advocacy (RITA),University of Florida
2217621,2022-06-22,1198203,Standard Grant,Track 4 Phase I: The Autism Self-advocacy Center for Equity and Neurodiversity in Engineering (The A-SCENE) at Vanderbilt University,Vanderbilt University
2217640,2022-06-22,1199981,Standard Grant,Track 4: Center for Equity in Engineering: Organizational Transformation for Graduate Education,Virginia Polytechnic Institute and State University
2217745,2022-06-22,799882,Standard Grant,Track 3: Increasing Minority Presence within Academia through Continuous Training at Scale (IMPACTS),Georgia Tech Research Corporation
2209853,2022-06-24,20000,Standard Grant,IUCRC Planning Grant Purdue University: Center for Interface Sciences for Emerging Devices & Systems (CISEDS),Purdue University
2209891,2022-06-24,20000,Standard Grant,IUCRC Planning Grant North Carolina State University: Center for Interface Sciences for Emerging Devices & Systems (CISEDS),North Carolina State University
2209759,2022-06-27,20000,Standard Grant,IUCRC Planning Grant University of New Hampshire: Center for Industrial Metal Forming,University of New Hampshire
2219807,2022-06-28,1196180,Standard Grant,Greenway Institute of Elizabethtown College Center for Sustainability and Equity in Engineering,Elizabethtown College
2227147,2022-06-28,47420,Standard Grant,Conference: Track 1: The 2022 Big Ten Womens Workshop,University of Nebraska-Lincoln
2209616,2022-06-29,20000,Standard Grant,"IUCRC Planning Grant, Oakland University: Center for Industrial Metal Forming (CIMF)",Oakland University
2217685,2022-07-06,799445,Standard Grant,BPE-Track 3: Inclusive mentoring hub for enabling pathways from inner-city and rural Appalachian households to engineering in Kentucky and West Virginia,University of Kentucky Research Foundation
2217703,2022-07-12,159865,Standard Grant,Collaborative Research BPE track 3: Minority Mentoring for Advancement and Participation in Engineering Hub,Jackson State University
2217708,2022-07-12,165305,Standard Grant,Collaborative Research: BPE Track 3 Minority Mentoring for Advancement and Participation in Engineering Hub,North Carolina Agricultural & Technical State University
2217718,2022-07-12,430000,Standard Grant,Collaborative Research BPE track 3: Minority Mentoring for Advancement and Participation in Engineering Hub,Morgan State University
2217732,2022-07-12,50000,Standard Grant,Collaborative Research BPE track 3: Minority Mentoring for Advancement and Participation in Engineering Hub,ZIKER ENTERPRISES LLC
2217681,2022-07-14,99808,Standard Grant,"Planning: Track 1: Curriculum and Advancements in Recruitment, Education, and Engineering Retention (CAREER)",Boise State University
2217780,2022-07-15,1199998,Standard Grant,Broadening Participation in STEM,The University of Texas Rio Grande Valley
2206941,2022-07-26,600000,Standard Grant,RET Site: Chip Design Experiences for Teachers to Stimulate Semiconductor Education in Oklahoma,Oklahoma State University
2217741,2022-07-29,1193572,Standard Grant,Center: Track 4: Learning to Serve: A Center for Equity in Engineering at an Emerging MSI,University of Texas at Austin
2209829,2022-07-31,20000,Standard Grant,IUCRC Planning Grant The University of Memphis: Center for Electrified and Autonomous Transportation in Agile Freight Supply-Chains (CEATAFS),University of Memphis
2209899,2022-07-31,20000,Standard Grant,IUCRC Planning Grant IUPUI: Center for Electrified and Autonomous Transportation in Agile Freight Supply Chains (CEATAFS),Indiana University
2217753,2022-07-31,99945,Standard Grant,EEC Planning: Track 1 BPE for Development of Hypersonics Research Collaborations,University of Texas at San Antonio
2217545,2022-08-01,1199904,Standard Grant,Center: Track 4: Creating a Teaching Engineering Equity Center,Regents of the University of Michigan - Ann Arbor
2133504,2022-08-09,26000000,Cooperative Agreement,NSF Engineering Research Center for Precision Microbiome Engineering (PreMiEr),Duke University
2133516,2022-08-09,26000000,Cooperative Agreement,NSF Engineering Research Center for Smart Streetscapes (CS3),Columbia University
2133576,2022-08-09,26000000,Cooperative Agreement,NSF Engineering Research Center for Advancing Sustainable and Distributed Fertilizer Production (CASFER),Texas Tech University
2133630,2022-08-09,25938414,Cooperative Agreement,NSF Engineering Research Center for Hybrid Autonomous Manufacturing Moving from Evolution to Revolution (ERC-HAMMER),"OHIO STATE UNIVERSITY, THE"
2222847,2022-08-09,1185499,Standard Grant,Track 4: Center for Equity and Diversity in Engineering at the University of New Orleans - Using Equity and Inclusion in the Transformation Preparation of Engineers,University of New Orleans
2135328,2022-08-10,159038,Standard Grant,Collaborative Research: Research: Early-Career Engineers Experiences with Equity and Ethics as They Transition to Practice and Implications for Formation of Engineers,Colorado State University
2135329,2022-08-10,190725,Standard Grant,Collaborative Research: Research: Early-Career Engineers Experiences with Equity and Ethics as They Transition to Practice and Implications for Formation of Engineers,University of New Mexico
2150204,2022-08-11,400489,Standard Grant,REU Site: RIDE - Research for Inclusivity and Driving Equity,University of Massachusetts Amherst
2150424,2022-08-11,395188,Standard Grant,REU Site: Plastic Recycling and Advanced Chemical-physical Transformations for Improved Circular Economy (PRACTICE-REU),SUNY at Buffalo
2138019,2022-08-12,345183,Standard Grant,Collaborative Research: Research: Understanding and Improving Design Activity Engagement in the Engineering Capstone Experience,Oregon State University
2138106,2022-08-12,111448,Standard Grant,Collaborative Research: Research: Understanding and Improving Design Activity Engagement in the Engineering Capstone Experience,Harding University Main Campus
2204959,2022-08-12,200000,Standard Grant,Research Initiation: Explore student virtual collaborations to prepare for future digital education,Michigan State University
2232537,2022-08-12,45908,Standard Grant,Collaborative Research: Planning: Track 1: Beyond Recruitment: Engaging Allies to Foster Black Junior Environmental Engineering Faculty Success,University of Washington
2232538,2022-08-12,18304,Standard Grant,Collaborative Research: Planning: Track 1: Beyond Recruitment: Engaging Allies to Foster Black Junior Environmental Engineering Faculty Success,Stanford University
2232539,2022-08-12,8356,Standard Grant,Collaborative Research: Planning: Track 1: Beyond Recruitment: Engaging Allies to Foster Black Junior Environmental Engineering Faculty Success,University of North Carolina at Charlotte
2140601,2022-08-15,349985,Standard Grant,Research: Engineering for Social Justice: Factors shaping the career aspirations and mindsets of humanitarian engineers,University of Colorado at Boulder
2204937,2022-08-15,199286,Standard Grant,"Research Initiation: Investigating the Connection Among Undergraduate Engineering Students Data Proficiency, Motivation, and Engineering Identity",South Dakota State University
2205067,2022-08-15,199915,Standard Grant,Research Initiation: Enhancing Engineering Students' Innovation Self-Efficacy through Design of K-12 STEM Projects,University of Colorado at Boulder
2205001,2022-08-16,199999,Standard Grant,"Research Initiation: Peer-led, Student Instructed, Study Groups: A Formation of Engineers Framework for Understanding Self-Efficacy and Persistence in Transfer Students",Arizona State University
2205023,2022-08-17,200000,Standard Grant,Research Initiation: Understanding engineering career fairs as informal professionalization learning spaces,Arizona State University
2224928,2022-08-17,600000,Continuing Grant,IUCRC Phase I Indiana University: Center for Quantum Technologies (CQT),Indiana University
2225567,2022-08-17,349591,Standard Grant,Research: Identifying intervention targets to increase mental health help seeking in undergraduate engineers,University of Kentucky Research Foundation
2227258,2022-08-17,490174,Standard Grant,Track 2: Assessing Student Satisfaction and Engagement in Teams (ASSET): An Empirical Review and Scale Development,Purdue University
2232367,2022-08-17,99999,Standard Grant,Planning: IUPUI Plan for Center for Equity in Engineering,Indiana University
2212721,2022-08-18,1046069,Standard Grant,Engineering the Inclusive Mindset for the Future: A Blueprint for Systemic Change in Engineering Education,American Society For Engineering Education
2224421,2022-08-18,197016,Standard Grant,Collaborative Research: Research: An exploration of how faculty mentoring influences doctoral student psychological safety and the impact on work-related outcomes,Virginia Polytechnic Institute and State University
2224422,2022-08-18,152219,Standard Grant,Collaborative Research: Research: An exploration of how faculty mentoring influences doctoral student psychological safety and the impact on work-related outcomes,University of Illinois at Urbana-Champaign
2224985,2022-08-18,525000,Continuing Grant,IUCRC Phase I  University of Notre Dame: Center for Quantum Technologies (CQT),University of Notre Dame
2209691,2022-08-19,250000,Continuing Grant,IUCRC Phase III Villanova University: Center for Energy Smart Electronic Systems (ES2),Villanova University
2209751,2022-08-19,250000,Continuing Grant,"IUCRC Phase III University of Texas, Arlington: Center for Energy-Smart Electronic Systems (ES2)",University of Texas at Arlington
2209776,2022-08-19,250000,Continuing Grant,IUCRC Phase III Binghamton University: Center for Energy-Smart Electronic Systems (ES2),SUNY at Binghamton
2150415,2022-08-22,402511,Standard Grant,"REU Site: Neurotechnologies to Help the Body Move, Heal, and Feel Again",University of Houston
2224960,2022-08-24,1125000,Continuing Grant,IUCRC Phase I  Purdue University: Center for Quantum Technologies (CQT),Purdue University
2150337,2022-08-25,404997,Standard Grant,REU Site:  A Multidisciplinary Research Experience in Engineered Bioactive Interfaces and Devices,University of Kentucky Research Foundation
2150088,2022-08-26,350858,Standard Grant,REU Site: Solving Societal Grand Challenges with Electrical and Computer Engineering,University of Delaware
2150000,2022-08-31,217099,Standard Grant,Collaborative Research: REU Site: The Great Lakes Wind Energy Challenges (REU-GLWind),Cleveland State University
2150380,2022-08-31,208801,Standard Grant,Collaborative Research: REU Site: The Great Lakes Wind Energy Challenges (REU-GLWind),Case Western Reserve University
2212690,2022-09-02,249303,Standard Grant,Collaborative Research: Track 2: Disrupting Engineering Trauma,University of Cincinnati Main Campus
2212704,2022-09-02,245079,Standard Grant,Collaborative Research: Track 2: Disrupting Engineering Trauma,"Board of Regents, NSHE, obo University of Nevada, Reno"
2217490,2022-09-08,42089,Standard Grant,Collaborative Research: Research: Collaboration in Engineering Student and Practitioner Teams: A Study of Beliefs about Effective Behaviors,Iowa State University
2217523,2022-09-08,264627,Standard Grant,Collaborative Research: Research: Collaboration in Engineering Student and Practitioner Teams:  A Study of Beliefs about Effective Behaviors,Virginia Polytechnic Institute and State University
2217606,2022-09-08,42874,Standard Grant,Collaborative Research: Research: Collaboration in Engineering Practitioner and Student Teams: A Study of Beliefs about Effective Behaviors,"OHIO STATE UNIVERSITY, THE"
2231718,2022-09-08,68228,Standard Grant,Conference: Diversifying Student Participation by Mentoring the Next Generation of Researchers in Operations Research and Management Sciences,University of Missouri-Saint Louis
2232103,2022-09-09,99414,Standard Grant,Conference: Weeding In Not Weeding Out in Engineering Education,American Society For Engineering Education
2242635,2022-09-16,20000,Standard Grant,IUCRC Planning Grant: North Carolina State University: Center for Digital Factory Innovation (CDFI),University of North Carolina at Charlotte
2245022,2022-10-11,199286,Standard Grant,"Research Initiation: Investigating the Connection Among Undergraduate Engineering Students Data Proficiency, Motivation, and Engineering Identity",Florida Institute of Technology
2301341,2022-10-25,199998,Standard Grant,Research Initiation: Facilitating Knowledge Transfer within Engineering Curricula,University of Delaware
2231625,2022-12-13,750000,Continuing Grant,IUCRC Phase I: University of Illinois at Urbana-Champaign (UIUC): Center for Advanced Semiconductor Chips with Accelerated Performance (ASAP),University of Illinois at Urbana-Champaign
2203230,2023-01-17,199640,Standard Grant,Collaborative Research: Research: Agency in Chemical Engineering Experiments,University of New Mexico
2203231,2023-01-17,176899,Standard Grant,Collaborative Research: Research: Agency in Chemical Engineering Experiments,Montana State University
2231429,2023-01-18,20000,Standard Grant,IUCRC Planning Grant New York University:  Center for Decarbonizing Chemical Manufacturing Using Sustainable Electrification (DC-MUSE),New York University
2231617,2023-01-18,20000,Standard Grant,IUCRC Planning Grant University of Colorado Boulder: Center for Decarbonizing Chemical Manufacturing Using Sustainable Electrification (DC-MUSE),University of Colorado at Boulder
2306265,2023-01-18,245079,Standard Grant,Collaborative Research: Track 2: Disrupting Engineering Trauma,Georgia Tech Research Corporation
2306150,2023-01-24,600397,Continuing Grant,CAREER: GIVEN-Gaming Intervention of Values Engineers Need,Georgia Tech Research Corporation
2231416,2023-01-26,700000,Continuing Grant,IUCRC Phase I University of Washington: Center for Soil Technologies (SoilTech),University of Washington
2231632,2023-01-26,650000,Continuing Grant,IUCRC Phase I Iowa State University: Center for Soil Technologies (SoilTech),Iowa State University
2231646,2023-01-26,700000,Continuing Grant,IUCRC Phase I University of Connecticut: Center for Soil Technologies (SoilTech),University of Connecticut
2231659,2023-01-31,950000,Continuing Grant,"IUCRC Phase I University of Southern California: Center for Soil Technologies (SoilTech), Lead Site",University of Southern California
2316547,2023-02-07,152219,Standard Grant,Collaborative Research: Research: An exploration of how faculty mentoring influences doctoral student psychological safety and the impact on work-related outcomes,Regents of the University of Michigan - Ann Arbor
2315912,2023-02-10,581847,Continuing Grant,CAREER: Supporting Undergraduate Mental Health by Building a Culture of Wellness in Engineering,Regents of the University of Michigan - Ann Arbor
2138352,2023-02-13,296939,Standard Grant,Collaborative Research: Research: Development and Validation of Learning Through Making Instrument (LMI),Purdue University
2138372,2023-02-13,59753,Standard Grant,Collaborative Research: Research:   Development and Validation of Learning through Making Instrument (LMI),James Madison University
2138447,2023-02-13,57714,Standard Grant,Collaborative Research: Research: Development and Validation of Learning through Making Instrument (LMI),Georgia Tech Research Corporation
2309255,2023-03-01,98543,Standard Grant,"Track 1: Conference - Two Means to an End, Broadening participation research and practice - CAREER panel and workshop for DEIA leaders",Virginia Polytechnic Institute and State University
2244253,2023-03-14,459856,Standard Grant,REU Site: Interdisciplinary Research Experiences in Nanotechnology and Biomedicine,University of Georgia Research Foundation Inc
2244324,2023-03-15,405000,Standard Grant,"REU Site: Advanced Technologies for HYpersonic, Propulsive, Energetic and Reusable Platforms (HYPER)",The University of Central Florida Board of Trustees
2226553,2023-03-21,178250,Standard Grant,Collaborative Research: Machine Learning for Student Reasoning during Challenging Concept Questions,Tufts University
2226601,2023-03-21,171743,Standard Grant,Collaborative Research: Machine Learning for Student Reasoning during Challenging Concept Questions,University of Massachusetts Lowell
2243722,2023-03-21,422300,Standard Grant,REU Site: Inclusion and Innovation in Medical Devices,University of Massachusetts Lowell
2243796,2023-03-21,173358,Standard Grant,Workshop: Building Research Capacity in Engineering Education Through a RIEF Virtual Community of Practice,"OHIO STATE UNIVERSITY, THE"
2244040,2023-03-21,388489,Standard Grant,REU Site: Semiconductor Hands-On Research Experience (SHORE),Regents of the University of Michigan - Ann Arbor
2244304,2023-03-21,435993,Standard Grant,REU Site: Undergraduate Research Experiences on Resilient and Sustainable of Infrastructure System in Smart Cities (RSISSC),"OHIO STATE UNIVERSITY, THE"
2244490,2023-03-22,402904,Standard Grant,REU Site: Smart and Sustainable Construction in the Digital Era,Texas A&M University
2244499,2023-03-22,461459,Standard Grant,REU Site: Developing next generation entrepreneurs in sustainable manufacturing,Louisiana State University
2243993,2023-04-05,387441,Standard Grant,REU Site: Enabling Technologies and New REU Approaches to Engineer Complex Tissues,Wake Forest University School of Medicine
2244042,2023-04-05,402740,Standard Grant,REU Site: Research Experience for Undergraduates in Robotics and Autonomous Systems,Kent State University
2243816,2023-04-14,399892,Standard Grant,"REU SITE: IDEA Incubator for Porous Materials: Integrating Discovery, Engineering and Art",University of Kansas Center for Research Inc
2243923,2023-04-14,404872,Standard Grant,REU Site: Climate and Sustainability Research in Nanotechnology and Electrochemical Devices for Community College Students,William Marsh Rice University
2243953,2023-04-14,414426,Standard Grant,REU Site: Training in Emerging Biomedical Optics and Imaging Approaches,University of Arkansas
2244031,2023-04-14,405000,Standard Grant,"REU Site: Nanophotonics, Quantum Photonics, and Vision/Biomedical Optics at the University of Rochester.",University of Rochester
2244254,2023-04-14,436092,Standard Grant,REU Site: Thermal Energy Management on Multiple Scales,Washington University
2244390,2023-04-14,405191,Standard Grant,REU Site for Energy-Efficient Devices and Systems (R-SEEDS),Western Michigan University
2244119,2023-04-17,380458,Standard Grant,REU Site in Advanced Manufacturing and Supply Chain,University of Louisville Research Foundation Inc
2244410,2023-04-17,416980,Standard Grant,REU Site: Soft Materials for Applications in Sustainability and Healthcare Engineering,University of Notre Dame
2301912,2023-04-17,599997,Standard Grant,RET Site: Energize Teachers,Tennessee Technological University
2302127,2023-04-17,599985,Standard Grant,RET site: A Year-Long NanoEngineering Exploration from the Lab to the Classroom,William Marsh Rice University
2244129,2023-04-24,324846,Standard Grant,REU Site: Intelligent Energetic Systems Engineering (INTENSE) REU,New Mexico Institute of Mining and Technology
2244201,2023-05-17,405000,Standard Grant,REU Site:  Nanomanufacturing of Emerging 2D Materials and Devices,Pennsylvania State Univ University Park
2302190,2023-05-17,599625,Standard Grant,"RET Site: Climate Changemakers in Waste Upcycling, Water Justice and Sustainable Energy",University of San Diego
2318849,2023-05-18,203244,Standard Grant,EAGER Collaborative Proposal: Developing Engineering Faculty as Engineering Education Researchers Through Mentorship,Regents of the University of Michigan - Ann Arbor
2237371,2023-05-25,595997,Continuing Grant,CAREER: Engineering in Youth-led Technology-rich Settings: Promoting Belonging and Preventing Harm,Boston College
2244546,2023-05-25,456034,Standard Grant,REU Site: Engineering Materials for a Healthy World,University of Colorado at Boulder
2245762,2023-05-25,87479,Standard Grant,Conference: Transforming Engineering Access for Mercer Students (TEAMS),Mercer County Community College
2305446,2023-05-25,346910,Standard Grant,Research: Characterizing Gendered Socialization of Early Career Civil Engineers to Promote Inclusive Practices and Retention of a Diverse Workforce,San Jose State University Foundation
2318586,2023-06-01,69516,Standard Grant,EAGER Collaborative Proposal: Building a Community of Mentors in Engineering Education Research Through Peer Review Training,Regents of the University of Michigan - Ann Arbor
2234256,2023-06-05,1999922,Standard Grant,IUSE/PFE:RED Innovation: Breaking the Binary,California Polytechnic State University Foundation
2317518,2023-06-05,554272,Continuing Grant,CAREER: Bricks & Blox Building Academy:  Developing Spatial Skills & Engineering Identity through Embodied Play,Purdue University
2247070,2023-06-06,62497,Standard Grant,Collaborative Research: Planning: Track 1 for Catalyzing a Paradigm Shift towards an Inclusive Engineering for Community Development,"OHIO STATE UNIVERSITY, THE"
2247071,2023-06-06,37405,Standard Grant,Collaborative Research: Planning: Track 1 for Catalyzing a Paradigm Shift towards an Inclusive Engineering for Community Development,Colorado School of Mines
2243754,2023-06-07,374197,Standard Grant,REU Site: Research Experience for Undergraduates in Biosensing - Engineering Molecular or Nanoscale Signal Transducers for High-Performance Bio-Detection,"Board of Regents, NSHE, obo University of Nevada, Reno"
2235461,2023-06-08,1000000,Standard Grant,IUSE/PFE:RED A&I: Project-Driven Learning for the Next Generation of Bioengineers,University of California-Los Angeles
2244313,2023-06-08,483088,Standard Grant,REU Site: Fluid Mechanics with Analysis using Computations and Experiments (FM-ACE),University of Alabama Tuscaloosa
2302144,2023-06-08,602645,Standard Grant,RET Site: Engaging and Training Alabama STEM Teachers in Sensing Technologies,University of Alabama Tuscaloosa
2306156,2023-06-08,200000,Standard Grant,Research Initiation: Improving engineering mechanics self-efficacy by focusing on abstracting the physical world as a precursor to analysis.,Clemson University
2306178,2023-06-08,200000,Standard Grant,Research Initiation: Addressing the Readiness Gap through Examining Engineering Students' Perceptions of their Future Professional Selves,University of Southern California
2306259,2023-06-08,200000,Standard Grant,Research Initiation: Studying the Implementation and Efficacy of an African-Centered Pedagogy and Curriculum for the STEM Education of African American Learners,Morgan State University
2306271,2023-06-08,192573,Standard Grant,Research Initiation: Development and Initial Validation of an Engineering Empathy Scale,Austin Peay State University
2311222,2023-06-08,49925,Standard Grant,Conference: Track 1: 2023 Rising BME Scholars Regional Conference,University of Minnesota-Twin Cities
2320088,2023-06-08,86592,Standard Grant,Collaborative Research: Conference: Electricity Access and Sustainable Business Model Educators Workshop,Villanova University
2320089,2023-06-08,20374,Standard Grant,Collaborative Research: Conference: Electricity Access and Sustainable Business Model Educators Workshop,Seattle University
2325352,2023-06-08,42089,Standard Grant,Collaborative Research: Research: Collaboration in Engineering Student and Practitioner Teams: A Study of Beliefs about Effective Behaviors,"OHIO STATE UNIVERSITY, THE"
2244293,2023-06-26,262052,Standard Grant,Collaborative Research: REU site: Multi-disciplinary Research Experiences in Smart Personal Protective Equipment (SmaPP),Oklahoma State University
2244294,2023-06-26,178937,Standard Grant,Collaborative Research: REU site: Multi-disciplinary Research Experiences in Smart Personal Protective Equipment (SmaPP),University of Alabama in Huntsville
2306230,2023-06-28,175000,Standard Grant,Collaborative Research: Research Initiation: Formation of the Foundations for Engineering Intuition in Structural Engineering with Mixed Reality,University of Virginia Main Campus
2306231,2023-06-28,25000,Standard Grant,Collaborative Research: Research Initiation: Formation of the Foundations for Engineering Intuition in Structural Engineering with Mixed Reality,Virginia Polytechnic Institute and State University
2235345,2023-07-17,998850,Standard Grant,IUSE/PFE:RED A&I Curriculum integration through collaborative teaching and mentoring: adapting an integrated system for engineering formation,Rensselaer Polytechnic Institute
2302112,2023-07-17,600482,Standard Grant,Excellence in Research: Mixed Reality in Engineering Education,Prairie View A & M University
2306176,2023-07-17,198651,Standard Grant,"Research Initiation: Understanding Team Diversity, Equity, and Inclusion in Undergraduate Engineering Design Projects",Miami University
2325099,2023-07-17,350000,Standard Grant,RESEARCH: THE FORMATION OF ENGINEERS IN THE RESEARCH LAB:  A COGNITIVE ETHNOGRAPHIC STUDY,University of North Texas
2244144,2023-07-20,410216,Standard Grant,REU Site: FIRE: Facilitating Inclusive Research Experiences in Mechanical Engineering and Materials Science,University of Pittsburgh
2306052,2023-08-03,152201,Standard Grant,Collaborative Research: Research Initiation: Contextualizing Engineering Science Courses by Teaching History and Judgement,University of Iowa
2306053,2023-08-03,47799,Standard Grant,Collaborative Research: Research Initiation: Contextualizing Engineering Science Courses by Teaching History and Judgement,Regents of the University of Michigan - Ann Arbor
2306830,2023-08-03,373508,Standard Grant,Collaborative Research: BPE Track 2: Disability DCL - Capturing Narratives that Characterize Neurodivergent Strengths and Weaknesses,Utah State University
2306831,2023-08-03,26492,Standard Grant,Collaborative Research: BPE Track 2: Disability DCL - Capturing Narratives that Characterize Neurodivergent Strengths and Weaknesses,"Minnesota State University, Mankato"
2311210,2023-08-03,800000,Standard Grant,Track 3: Mentoring for the Formation of Research Careers in Engineering (M-FORCE),University of Minnesota-Twin Cities
2317780,2023-08-14,399997,Standard Grant,Track 2: Does the Diversity Perspective of R1 Institutions Matter for the Workplace Inclusion of Their Black and Hispanic Engineering Faculty?,University of South Carolina at Columbia
2306262,2023-08-15,149989,Standard Grant,Collaborative Research: Research Initiation: Factors Affecting Latina Engineering Student Decisions to Enter Graduate School or Engineering Career Pathways,University of Florida
2306263,2023-08-15,50000,Standard Grant,Collaborative Research: Research Initiation: Factors Affecting Latina Engineering Student Decisions to Enter Graduate School or Engineering Career Pathways,Northwestern University
2233683,2023-08-21,399048,Standard Grant,Track 2: PROMISE Engineering Institute Mentor Academy,University of California-Davis
2237564,2023-08-21,612735,Continuing Grant,CAREER: Using Equity Metrics and Reflective Engagement to Transform Engineering Classrooms Towards Racial Equity,Florida International University
2237867,2023-08-21,563407,Continuing Grant,CAREER: Centering the Engineering Identity of Black Men to Enhance Representation and Degree Completion,University of Houston
2306239,2023-08-21,199982,Standard Grant,Research Initiation: The Influences of Engineering and Science Identities among Faculty in the Mentoring of Graduate Students,Northwestern University at Chicago
2238546,2023-08-22,622098,Continuing Grant,CAREER: Overcoming Pedagogical Inertia: Amplifying the Course Transformation Narratives of Engineering Education's Positive Deviants,Florida International University
2306099,2023-08-23,199319,Standard Grant,Research Initiation : Exploring First Generation Engineering Technology College Students Acquisition of the Engineering Identity,University of North Carolina at Charlotte
2306285,2023-08-23,199683,Standard Grant,Research Initiation: Embodied and Student-Centered Robotics in the Professional Formation of Engineers,Middle Tennessee State University
2319137,2023-08-23,300000,Standard Grant,EAGER: Impact of Generative Artificial Intelligence (GAI) on Engineering Education Practices,George Mason University
2238410,2023-08-25,599520,Continuing Grant,CAREER: Learning from Black Intellectualism: Broadening Epistemic Foundations in Engineering Education to Empower Black Students and Faculty,Regents of the University of Michigan - Ann Arbor
2325523,2023-08-25,77167,Standard Grant,Collaborative Research: RUI: Trust but Verify: The Use of Intuition in Engineering Problem Solving,Bucknell University
2325524,2023-08-25,211531,Standard Grant,Collaborative Research: RUI: Trust but Verify: The Use of Intuition in Engineering Problem Solving,Arizona State University
2325525,2023-08-25,61300,Standard Grant,Collaborative Research: RUI: Trust but Verify: The Use of Intuition in Engineering Problem Solving,Embry-Riddle Aeronautical University
2244052,2023-08-29,404478,Standard Grant,REU Site: Interdisciplinary Research Experiences in Advanced Air Mobility for Undergraduates (IREAAMU),University of Tennessee Knoxville
2308531,2023-08-29,800000,Continuing Grant,Collaborative Research: Track 4: Developing Equity-Minded Engineering Practitioners (DEEP),University of Illinois at Urbana-Champaign
2308532,2023-08-29,400000,Standard Grant,Collaborative Research: Track 4: Developing Equity-Minded Engineering Practitioners (DEEP),Morgan State University
2317318,2023-08-29,255655,Standard Grant,Collaborative Research: Academic Change and the RED Community of Practice: Sustaining a Revolution Through Change Leadership and Research,Rose-Hulman Institute of Technology
2317319,2023-08-29,294345,Standard Grant,Collaborative Research: Academic Change and the RED Community of Practice: Sustaining a Revolution Through Change Leadership and Research,University of Washington
2306226,2023-08-30,199997,Standard Grant,Research Initiation: Developing Technical Identity of Construction Engineering Students with Mixed Reality,Georgia Tech Research Corporation
2330583,2023-08-30,1696448,Standard Grant,"IUSE/PFE:RED Two-Year: Engineering Pathways for Access, Community, and Transfer (EPACT)",Truckee Meadows Community College
2310681,2023-09-06,150000,Standard Grant,IUCRC Phase III University of North Carolina at Charlotte: Center for Freeform Optics (CeFO),University of North Carolina at Charlotte
2310815,2023-09-06,249994,Standard Grant,IUCRC Phase III University of Florida: Center for Arthropod Management Technologies (CAMTech),University of Florida
2306219,2023-09-08,199844,Standard Grant,Research Initiation: Enhancement of transfer of design thinking in undergraduate Bioengineering students,Temple University
2313240,2023-09-08,204012,Standard Grant,Collaborative Research: Research: Understanding and Scaffolding the Productive Beginnings of Engineering Judgment in Undergraduate Students,SUNY at Buffalo
2313241,2023-09-08,197329,Standard Grant,Collaborative Research: Research: Understanding and Scaffolding the Productive Beginnings of Engineering Judgment in Undergraduate Students,Regents of the University of Michigan - Ann Arbor
2302171,2023-09-11,600000,Standard Grant,"RET Site: Computational Modeling and Simulation for Science, Technology, Engineering, and Mathematics Education",University of Illinois at Chicago
2310663,2023-09-11,20000,Standard Grant,IUCRC Planning Grant Carnegie Mellon University: Center for Materials Data Science for Reliability and Degradation (MDS-Rely),Carnegie Mellon University
2317076,2023-09-11,49997,Standard Grant,Conference: IEC Asset Driven Equitable Partnership (ADEP) Workshop,"Inclusive Engineering Consortium, Inc."
2321316,2023-09-11,49998,Standard Grant,Conference: Impact: Redefining Electrical and Computer Engineering Faculty (iREDEFINE ECE),Electrical and Computer Engineering Department Heads Association
2303315,2023-09-12,99999,Standard Grant,Conference: TRACK 1 - Strengthening the Community College Pathway to Baccalaureate Engineering,American Society For Engineering Education
2313369,2023-09-12,2053751,Standard Grant,"Conference: Advancing a Community of NSF Engineering Education and Centers Scholars, Leaders, and Innovators",American Society For Engineering Education
2232999,2023-09-13,350000,Standard Grant,Research: Do Test-Optional Policies in Engineering Admissions Improve Decision Making and Equity? Empirical Research using Experimental Simulations,Regents of the University of Michigan - Ann Arbor
2308517,2023-09-13,1199988,Standard Grant,Center: Track 4 Center for Engineering Equity Throughout the Student Collegiate Experience,Colorado School of Mines
2310640,2023-09-13,350000,Standard Grant,IUCRC Phase III University of Rochester: Center for Freeform Optics (CeFO),University of Rochester
2317070,2023-09-13,20000,Standard Grant,IUCRC Planning Grant University of Michigan: Center for Digital Twins for Consolidated Manufacturing Intelligence (DTCMI),Regents of the University of Michigan - Ann Arbor
2329189,2023-09-13,538414,Standard Grant,Collaborative Research: FuSe: Monolithic 3D Integration (M3D) of 2D Materials-Based CFET Logic Elements towards Advanced Microelectronics,Washington University
2329190,2023-09-13,446250,Standard Grant,Collaborative Research: FuSe: Monolithic 3D Integration (M3D) of 2D Materials-Based CFET Logic Elements towards Advanced Microelectronics,Massachusetts Institute of Technology
2329191,2023-09-13,446250,Standard Grant,Collaborative Research: FuSe: Monolithic 3D Integration (M3D) of 2D Materials-Based CFET Logic Elements towards Advanced Microelectronics,University of Texas at Austin
2329192,2023-09-13,446250,Standard Grant,Collaborative Research: FuSe: Monolithic 3D Integration (M3D) of 2D Materials-Based CFET Logic Elements towards Advanced Microelectronics,University of California-Los Angeles
2239348,2023-09-14,606720,Continuing Grant,CAREER: BLACK-LATINX RESOURCES IN COMMUNITY-LED ENGINEERING: INVESTIGATING THE ROLE OF LANGUAGE AND CULTURE,Tufts University
2308405,2023-09-14,800000,Standard Grant,BPE Track 3: Kindred Harbor Collective: Harvesting Black Consciousness in Engineering Education,Regents of the University of Michigan - Ann Arbor
2316787,2023-09-14,99663,Standard Grant,Planning: Track 1: Engineering WISE (Wellness through Integrated Support and Engagement),University of Kentucky Research Foundation
2327937,2023-09-14,318277,Standard Grant,Collaborative Research: Research: Developing reflexive engineers through accessing and characterizing   implicit beliefs about the value of diverse perspectives in service-learning,"OHIO STATE UNIVERSITY, THE"
2327938,2023-09-14,31700,Standard Grant,Collaborative Research: Research: Developing reflexive engineers through accessing and characterizing   implicit beliefs about the value of diverse perspectives in service-learning,Purdue University
2318489,2023-09-15,418531,Standard Grant,Design & Development: Colorado Science and Engineering Inquiry Collaborative,University of Colorado at Boulder
2244437,2023-09-18,165342,Standard Grant,Collaborative Research: REU Site: STEM Research for Social Change,University of Dayton
2244438,2023-09-18,184016,Standard Grant,Collaborative Research: REU Site: STEM Research for Social Change,Central State University
2244439,2023-09-18,177272,Standard Grant,Collaborative Research: REU Site: STEM Research for Social Change,St Mary's University San Antonio
2308607,2023-09-19,388611,Standard Grant,Exploring the Impact of Global Undergraduate Experiences on Engineers' Career Pathways and Approaches to Engineering Work,Purdue University
2321390,2023-09-19,409743,Standard Grant,Collaborative Research: Supporting the Whole Student: Identifying and Mitigating Barriers to Persistence for Underserved Post-Traditional Engineering Students,Florida International University
2321391,2023-09-19,200041,Standard Grant,Collaborative Research: Supporting the Whole Student: Identifying and Mitigating Barriers to Persistence for Underserved Post-Traditional Engineering Students,University of Kansas Center for Research Inc
2338936,2023-09-19,99647,Standard Grant,Conference: Reinforcing the future of BPE research through a poster session for BPE NSF Awardees,Virginia Polytechnic Institute and State University
2344799,2023-09-19,697965,Standard Grant,Youth Engineering Solutions: Engineering Opportunities in Out-of-School Programs for English Learners,Museum of Science
2234708,2023-09-20,99791,Standard Grant,Planning: BPE TRACK 1: DISRUPTING RACIALIZED PRIVILEGE IN THE STEM CLASSROOM,Georgia Tech Research Corporation
2306270,2023-09-20,199673,Standard Grant,Research Initiation: Promoting first year engineering students agency to navigate their college experience through time management and metacognition skills,SUNY at Buffalo
2346868,2023-11-14,590963,Continuing Grant,CAREER: The Overlooked Barrier –  Exploring How Engineering Education Research Teams Negotiate Epistemic Differences,SUNY at Buffalo
2403968,2023-11-30,70168,Standard Grant,Collaborative Research: Research Initiation: Engineering students' outcome expectations for AI careers: An exploratory study,University of Georgia Research Foundation Inc
2406960,2023-12-04,284408,Standard Grant,Collaborative Research: RFE: Pandemic Impact: Undergraduates’ Social Capital and Engineering Professional Skills,University of Georgia Research Foundation Inc
2407082,2023-12-15,173358,Standard Grant,Workshop: Building Research Capacity in Engineering Education Through a RIEF Virtual Community of Practice,University of Georgia Research Foundation Inc
2414042,2023-12-20,346910,Standard Grant,Research: Characterizing Gendered Socialization of Early Career Civil Engineers to Promote Inclusive Practices and Retention of a Diverse Workforce,Washington State University
2342384,2024-01-23,299999,Standard Grant,EAGER: Artificial Intelligence to Understand Engineering Cultural Norms,Regents of the University of Michigan - Ann Arbor
2310930,2024-01-30,20000,Standard Grant,IUCRC Planning Grant Purdue University: Center for Visual Structural Expertise for Resilience C-ViSER,Purdue University
2311019,2024-01-30,20000,Standard Grant,IUCRC Planning Grant University of Houston: Center for Visual Structural Expertise for Resilience (C-ViSER),University of Houston
2415592,2024-02-02,415166,Standard Grant,Research: Looks Like Me: Leveraging Funds of Identity to Enhance Engineering Career Pursuits in Rural/Reservation Communities,Purdue University
2310866,2024-02-22,166665,Continuing Grant,"IUCRC Phase III New Jersey Institute of Technology: Center for Membrane Applications, Science and Technology (MAST)",New Jersey Institute of Technology
2310905,2024-02-22,499997,Continuing Grant,"Center: IUCRC Phase III University of Arkansas: Center for Membrane Applications, Science and Technology (MAST)",University of Arkansas
2310937,2024-02-22,166665,Continuing Grant,"IUCRC Phase III University of Colorado Boulder: Center for Membrane Applications, Science and Technology (MAST)",University of Colorado at Boulder
2310832,2024-02-27,166665,Continuing Grant,"IUCRC Phase III The Pennsylvania State University: Center for Membrane Applications, Science and Technology (MAST)",Pennsylvania State Univ University Park
2333362,2024-02-28,20000,Standard Grant,IUCRC  Planning Grant University of Texas Rio Grande Valley: Center to Accelerate Recipe Development for Additive Manufacturing of Metals (CARDAMOM),The University of Texas Rio Grande Valley
2333363,2024-02-28,20000,Standard Grant,IUCRC Planning Grant The University of Alabama: Center to Accelerate Recipe Development for Additive Manufacturing of Metals (CARDAMOM),University of Alabama Tuscaloosa
2333364,2024-02-28,20000,Standard Grant,IUCRC Planning Grant University of Nebraska-Lincoln: Center to Accelerate Recipe Development for Additive Manufacturing of Metals (CARDAMOM),University of Nebraska-Lincoln
2349562,2024-03-06,499293,Standard Grant,REU Site: Transformational Technologies for Next-Generation Aerospace Systems,Florida State University
2349580,2024-03-06,445485,Standard Grant,REU Site: Research Experiences for American Leadership of Industry with Zero Emissions by 2050 (REALIZE-2050),University of Cincinnati Main Campus
2349731,2024-03-06,460039,Standard Grant,REU site: Research at the interface between engineering and medicine (ENGMED),William Marsh Rice University
2332038,2024-03-11,171088,Standard Grant,Charting the Development Sociotechnical Thinking in Engineering Students and Professionals,California Polytechnic State University Foundation
2348856,2024-03-11,427165,Standard Grant,"REU Site: University of Colorado, Engineering Smart Biomaterials",University of Colorado at Boulder
2349211,2024-03-11,458989,Standard Grant,REU Site: Mechanobiology at VCU,Virginia Commonwealth University
2349256,2024-03-11,477340,Standard Grant,REU Site: Exploring the Limits of Life - Understanding Biofilms in Extreme Environments,Montana State University
2341677,2024-03-12,349998,Standard Grant,Research: Building on Student Academic Engineering Knowledge to Unlock their Potential to Become Professional Engineers,Oregon State University
2348814,2024-03-12,487086,Standard Grant,REU Site: Multidisciplinary Approaches for Overcoming Water Resources and Sustainable Engineering Challenges in Appalachian Regions,University of Kentucky Research Foundation
2348968,2024-03-12,472193,Standard Grant,REU-Site: URI Plastic Initiative at the University of Rhode Island,University of Rhode Island
2349765,2024-03-12,405851,Standard Grant,REU Site: Controlled Environment Agriculture (CEAfREU),University of Wyoming
2310861,2024-03-13,925000,Continuing Grant,"IUCRC Phase I University of Wisconsin-Milwaukee: Center for Concrete Advancement Network (CAN), Lead Site",University of Wisconsin-Milwaukee
2310872,2024-03-13,575000,Continuing Grant,IUCRC Phase I Oregon State University: Center for Concrete Advancement Network (CAN),Oregon State University
2349250,2024-03-15,462310,Standard Grant,REU Site: Research Experience for Undergraduates in Resilience Against Extreme Weather Events,Florida State University
2418876,2024-03-15,49843,Standard Grant,Conference: Caring for the Future: Empathy in Engineering Education,Virginia Polytechnic Institute and State University
2348869,2024-04-09,416842,Standard Grant,REU Site: Interdisciplinary Micro/nano/additive-manufacturing Program Addressing Challenges Today - Gen 3 (IMPACT-Gen3),University of Louisville Research Foundation Inc
2348993,2024-04-09,438627,Standard Grant,REU Site: Summer Academy in Sustainable Manufacturing,Wayne State University
2409905,2024-04-09,570890,Standard Grant,CAREER: Valuing the Social in Engineering and Computer Science,University of Virginia Main Campus
2421101,2024-04-09,30000,Standard Grant,Conference: International Workshop on Nitride Semiconductors 2024,North Carolina State University
2339619,2024-04-17,650000,Continuing Grant,CAREER: Eradicate the Gate: Empowering Learners and Equalizing Assessment in K12 Engineering Education,North Carolina State University
2333329,2024-04-23,675000,Continuing Grant,IUCRC Phase II Dartmouth: Center for Power Management Integration (PMIC) - Lead Site,Dartmouth College
2333344,2024-04-23,325000,Continuing Grant,Center: IUCRC Phase II University of California San Diego: Center for Power Management Integration Center (PMIC),University of California-San Diego
2339207,2024-04-23,649950,Continuing Grant,CAREER: Re-envisioning Engineering Pedagogy to Support a Range of Visuo-spatial Skills,University of Nebraska-Lincoln
2339289,2024-04-23,593899,Continuing Grant,"CAREER: Choose Your PATH: Identifying and Supporting Undergraduate Academic Decision Points for Persistence, Attrition, Transition, or Hiatus (PATH)",Campbell University
2349225,2024-04-23,477793,Standard Grant,REU Site: Cellular Bioengineering: From Biomaterials to Stem Cells,Rutgers University New Brunswick
2340238,2024-04-29,649911,Continuing Grant,CAREER: Contextual Influences on Faculty Pedagogies and Their Impact on Student Learning,Tufts University
2349222,2024-04-29,416638,Standard Grant,REU Site: Research Experiences in Pediatric Prosthetics,The University of Central Florida Board of Trustees
2349631,2024-04-29,478698,Standard Grant,"Collaborative Research: REU Site, NanoNYC",Columbia University
2349632,2024-04-29,78346,Standard Grant,"Collaborative Research: REU Site, NanoNYC",Research Foundation CUNY - Advanced Science Research Center
2349091,2024-05-01,465000,Standard Grant,"REU Site: Our sustainable future: Remote sensing, smart systems, and innovative devices",Montana State University
2340778,2024-05-08,597245,Continuing Grant,CAREER: Innovation for Inclusion: Transforming Engineering through Scalable Accessibility,Utah State University
2346881,2024-05-08,299998,Standard Grant,EAGER: Leveraging Disruptive Technologies to Promote Learner Agency in Engineering Education,Utah State University
2348089,2024-05-08,349551,Standard Grant,Research: Defining and Assessing Engineering Judgment,University of Pittsburgh
2349705,2024-05-08,464485,Standard Grant,REU Site: Multifunctional Materials,Texas A&M Engineering Experiment Station
2404797,2024-05-08,342323,Standard Grant,PERSISTENCE PATHWAYS: CHANGING RESEARCH LABS TO PERSIST IN ENGINEERING GRADUATE EDUCATION,Purdue University
2412398,2024-05-08,349360,Standard Grant,Research: Exploring How AI Engineers Perceive and Develop Translational Ethical Competency,Virginia Polytechnic Institute and State University
2333323,2024-05-09,750000,Continuing Grant,Center: IUCRC Phase I Purdue University: Center for Freight & Logistics Efficiency with Electrified & Automated Trucking (FLEET),Purdue University
2333354,2024-05-09,750000,Continuing Grant,Center: IUCRC Phase I The University of Memphis: Center for Freight & Logistics Efficiency with Electrified & Automated Trucking (FLEET),University of Memphis
2339214,2024-05-09,649149,Continuing Grant,CAREER: Vivificando Valores Incluyentes Radicalmente en la Educacion de Ingenieria (ViVIR): Inspiring Radically Inclusive Values in Engineering Education,Northern Arizona University
2345025,2024-05-09,436652,Standard Grant,REU Site: Interdisciplinary Research to Prepare Students for the Next Era of Domestic Semiconductor Device Fabrication,University of Alabama Tuscaloosa
2349618,2024-05-09,321665,Standard Grant,REU Site: Enhancing the undergraduate research training experience in mesoscopic functional nanomaterials,University of California-Los Angeles
2349639,2024-05-09,482687,Standard Grant,REU Site: Collaborative Approaches among Scientists and Engineers,Auburn University
2349657,2024-05-09,403256,Standard Grant,"REU Site: Regulatory Science for Engineering Intuitive, Engaging, Safe and Effective Human-Device Interaction",University of Houston
2349342,2024-05-21,484923,Standard Grant,REU Site: Sensor Science and Engineering,University of Maine
2337755,2024-06-06,649033,Continuing Grant,CAREER: Examining Servingness for Latino Engineering Doctoral Students in Hispanic Serving Institutions,Arizona State University
2406867,2024-06-10,199998,Standard Grant,Research Initiation: Developing perspective-taking in first-year engineering students using arts-based observation,Kennesaw State University Research and Service Foundation
2407224,2024-06-10,191439,Standard Grant,"Research Initiation: LIONS Bridge Program:A Program Aimed at Enhancing Learning, Inclusivity, Opportunities, and Nurturing Students from Historically Excluded Groups in Engineering",University of North Alabama
2414213,2024-06-11,49998,Standard Grant,BPE-Track 1: Conference: 2024 Rising BME Scholars Regional Conference,University of Illinois at Chicago
2331010,2024-06-17,99985,Standard Grant,BPE Track 1: Planning: Foundational Mathematics for Engineers at San Diego State University,San Diego State University Foundation
2419224,2024-06-17,600000,Standard Grant,RET Site: for Sustainable Polymer Engineering Research,University of Southern Mississippi
2349092,2024-06-20,465000,Standard Grant,REU Site: Exploring Intelligent Technologies Shaping Future Smart Cities,"Board of Regents, NSHE, obo University of Nevada, Reno"
2413139,2024-06-20,20000,Standard Grant,"IUCRC Planning Grant, University of Florida: Center for Science, Technology and Advanced Research in Space (C-STARS) - Lead Site",University of Florida
2419242,2024-06-20,599855,Standard Grant,RET Site: Berkeley Engineering Research Experiences for Teachers - Artificial Intelligence Resources for a Cleaner Environment (BERET-AIRE),University of California-Berkeley
2419292,2024-06-20,599919,Standard Grant,RET Site: Engineering for People and the Planet: Research Experiences for Teaching Integrated STEM,Worcester Polytechnic Institute
2407134,2024-06-26,153597,Standard Grant,Collaborative Research: Research Initiation: Strategies to Coach Near-Peer Mentors to Support First-Year Engineering Students Experiencing Team Conflicts,University of Delaware
2407135,2024-06-26,46402,Standard Grant,Collaborative Research: Research Initiation: Strategies to Coach Near-Peer Mentors to Support First-Year Engineering Students Experiencing Team Conflicts,Towson University
2413027,2024-06-26,20000,Standard Grant,"IUCRC Planning Grant, Florida Tech: Center for Science, Technology and Advanced Research in Space (C-STARS)",Florida Institute of Technology
2413189,2024-06-26,20000,Standard Grant,"IUCRC Planning Grant, Embry-Riddle Aeronautical University: Center for Science, Technology and Advanced Research in Space (C-STARS).",Embry-Riddle Aeronautical University
2413277,2024-06-26,20000,Standard Grant,"IUCRC Planning Grant, Florida A&M University: Center for Science, Technology and Advanced Research in Space (C-STARS)",Florida Agricultural and Mechanical University
2419116,2024-06-26,198427,Standard Grant,Collaborative Research: COLLABORATIVE RET Site: Teacher POWER (Preparing Our Workforce through Electronics and Research),Wright State University
2419117,2024-06-26,205020,Standard Grant,Collaborative Research: COLLABORATIVE RET Site: Teacher POWER (Preparing Our Workforce through Electronics and Research),University of Dayton
2419118,2024-06-26,195937,Standard Grant,Collaborative Research: COLLABORATIVE RET Site: Teacher POWER (Preparing Our Workforce through Electronics and Research),Central State University
2347252,2024-06-27,352310,Standard Grant,REU Site: Safety Analysis and Design Nexus: Bridging Theory and Practice,Marshall University Research Corporation
2349425,2024-06-27,453885,Standard Grant,REU Site: Biological Materials and Processes (BioMaP),Iowa State University
2407416,2024-06-27,137800,Standard Grant,Collaborative Research: Research Initiation: Understanding the Opportunities and Impacts of Undergraduate Engineering Students' Adoption of Software Engineering Practices and Tools,Franklin W. Olin College of Engineering
2407417,2024-06-27,61770,Standard Grant,Collaborative Research: Research Initiation: Understanding the Opportunities and Impacts of Undergraduate Engineering Students' Adoption of Software Engineering Practices and Tools,Michigan Technological University
2406698,2024-07-01,200000,Standard Grant,"Research Initiation: Characterizing Engineering Students Design Thinking, Energy Science Learning, and Economic Decision-Making using an Energy based software platform",Purdue University
2349722,2024-07-08,464480,Standard Grant,REU SITE: Interdisciplinary Research Experience for Undergraduates in Materials Science and Engineering at UTRGV,The University of Texas Rio Grande Valley
2348977,2024-07-10,464508,Standard Grant,REU Site: Interdisciplinary Research to Address Microplastics in Gulf Coast Region,University of South Alabama
2349296,2024-07-10,177162,Standard Grant,Collaborative Research: REU Site: C3: Collaboration to Combat Crime - An Interdisciplinary Approach,South Dakota State University
2349297,2024-07-10,139546,Standard Grant,Collaborative Research: REU Site: C3: Collaboration to Combat Crime - An Interdisciplinary Approach,University of South Dakota Main Campus
2349298,2024-07-10,156680,Standard Grant,Collaborative Research: REU Site: C3: Collaboration to Combat Crime - An Interdisciplinary Approach,South Dakota School of Mines and Technology
2349616,2024-07-10,464548,Standard Grant,REU Site: Smart Cities - Advancing Mobility,University of Nevada Las Vegas
2407003,2024-07-10,200000,Standard Grant,RUI: Research Initiation: Investigating the impact of the liberal arts on the ethical development of engineers.,DOANE UNIVERSITY
2348774,2024-07-17,416840,Standard Grant,REU Site: Human-Centered Operations Research and Engineering (H-CORE),Clemson University
2349439,2024-07-17,460468,Standard Grant,REU Site: Unleashing the Light: Building the Future of Laser Technologies,The University of Central Florida Board of Trustees
2349859,2024-07-18,490344,Standard Grant,REU Site: Sustainability and Resilience of Civil and Environmental Infrastructure in Rural Areas,University of Nebraska-Lincoln
2412582,2024-07-19,450000,Continuing Grant,IUCRC Phase II Purdue University: Center for Bioanalytic Metrology (CBM),Purdue University
2412804,2024-07-19,600000,Continuing Grant,IUCRC Phase II Notre Dame: Center for Bioanalytic Metrology (CBM) - Lead Site,University of Notre Dame
2413195,2024-07-19,450000,Continuing Grant,IUCRC Phase II Indiana University: Center for Bioanalytic Metrology (CBM),Indiana University
2436663,2024-07-30,580582,Continuing Grant,CAREER: Disrupting the Status Quo Regarding Who Gets to be an Engineer,Vanderbilt University
2339702,2024-08-02,592712,Continuing Grant,CAREER: Minds and Machines: Exploring Engineering Faculty Member Mental Models of Generative AI and Instructional Decisions,Virginia Polytechnic Institute and State University
2413138,2024-08-02,597136,Continuing Grant,IUCRC Phase I Stevens Institute of Technology: Center for Growing Ocean Energy Technologies and the Blue Economy (GO Blue),Stevens Institute of Technology
2413206,2024-08-02,487500,Continuing Grant,IUCRC Phase I Oakland University: Center for Industrial Metal Forming (CIMF),Oakland University
2413225,2024-08-02,1050000,Continuing Grant,IUCRC Phase I University of Michigan: Center for Growing Ocean Energy Technologies and the Blue Economy (GO Blue) - Lead Site,Regents of the University of Michigan - Ann Arbor
2413330,2024-08-02,599996,Continuing Grant,"IUCRC Phase I Texas A&M University-Corpus Christi: Center for Growing Ocean Energy Technologies and the Blue Economy (GO Blue), Partner Site",Texas A&M University Corpus Christi
2413355,2024-08-02,487500,Continuing Grant,IUCRC Phase I University of New Hampshire: Center for Industrial Metal Forming (CIMF),University of New Hampshire
2413375,2024-08-02,1275000,Continuing Grant,IUCRC Phase I The Ohio State University: Center for Industrial Metal Forming (CIMF) - Lead Site,"OHIO STATE UNIVERSITY, THE"
2430560,2024-08-02,866879,Standard Grant,NLI: Research: A Collaborative Approach to Curricular Transformation: Leveraging Institutional Experience to Advance Sustainable Engineering Education,Arizona State University
2430676,2024-08-02,200867,Standard Grant,Collaborative Research: NLI: Design and Development: Priming to support sustainable design and sustainable mindsets,University of Arizona
2430677,2024-08-02,197710,Standard Grant,Collaborative Research: NLI: Design and Development: Priming to support sustainable design and sustainable mindsets,Regents of the University of Michigan - Ann Arbor
2431057,2024-08-02,349893,Standard Grant,NLI: Research: Influence of Sustainability-Focused Course Interventions on Students' Engineering Identity Development,Rochester Institute of Tech
2405232,2024-08-05,800000,Standard Grant,BPE-Track 3: Engineering Academic Mentoring Collective,University of Akron
2405679,2024-08-05,188901,Standard Grant,Research Initiation: Examining ECE student's assets from multiple perspectives,University of Georgia Research Foundation Inc
2407301,2024-08-05,184727,Standard Grant,Research Initiation: Measuring Changes in Attitudes Towards Human Rights in Engineering Students,University of Connecticut
2412193,2024-08-05,1200000,Standard Grant,BPE-Track 4: Phase I: Planning a Center for Equity in Engineering at the University of New Mexico,University of New Mexico
2417252,2024-08-05,414234,Standard Grant,Research: Prompting Socially Engaged Divergent Thinking in  Engineering Design by Leveraging Generative AI,Purdue University
2339884,2024-08-06,530351,Continuing Grant,CAREER: Recognizing Engineering Formation: Learning Experiences as a Catalyst for Transformation (REFLECT) from Student to Professional Engineer,SUNY at Buffalo
2403932,2024-08-06,199988,Standard Grant,Research Initiation: Introducing a Mixed-Methods Approach to Engineering Students through Human-Centered Design,University of Louisville Research Foundation Inc
2404731,2024-08-06,80636,Standard Grant,Collaborative Research: Research Initiation: Multi-disciplinary undergraduate education impact on career choice processes: An exploratory study,"OHIO STATE UNIVERSITY, THE"
2404732,2024-08-06,107022,Standard Grant,Collaborative Research: Research Initiation: Multi-disciplinary undergraduate education impact on career choice processes: An exploratory study,University of Georgia Research Foundation Inc
2407190,2024-08-06,199576,Standard Grant,Research Initiation: Evaluating the Impact of a Wellness Program on Emotional Intelligence and Psychological Capital of Engineering Students,University of California-Davis
2407292,2024-08-06,1199649,Standard Grant,BPE-Track 4: Phase I: The Engineering Wellness Center: Redefining success for engineering students,University of Kentucky Research Foundation
2408749,2024-08-06,1199999,Standard Grant,BPE-Track 4: Phase I: Developing Complete Engineers: Nebraska Engineering Inclusive Excellence Center (NEIEC),University of Nebraska-Lincoln
2414169,2024-08-06,299653,Standard Grant,Collaborative Research: Intercultural Competencies In the Wild: Exploring Situated Intercultural Competency Development in Graduate Engineering Research Environments,University of Nebraska-Lincoln
2414170,2024-08-06,299913,Standard Grant,Collaborative Research: Intercultural Competencies In the Wild: Exploring Situated Intercultural Competency Development in Graduate Engineering Research Environments,Pennsylvania State Univ University Park
2414751,2024-08-06,400000,Standard Grant,BPE-Track 2: Modernizing Education: Using AI to Improve Students’ Learning   and Build Skills for the Future,Northeastern University
2422009,2024-08-06,249442,Standard Grant,Collaborative Research: Reconceptualizing Community Cultural Wealth in an engineering design context: Efforts towards curricular integration,Arizona State University
2422010,2024-08-06,179171,Standard Grant,Collaborative Research: Reconceptualizing Community Cultural Wealth in an engineering design context: Efforts towards curricular integration,University of Georgia Research Foundation Inc
2430739,2024-08-07,350000,Standard Grant,NLI: Research: Integrating Sustainability into Industrial and Systems Engineering Curriculum,North Carolina Agricultural & Technical State University
2406798,2024-08-08,200000,Standard Grant,Research Initiation: Investigating engineering identity and student support in undergraduate civil engineering students,West Virginia University Research Corporation
2406787,2024-08-09,1155902,Continuing Grant,BPE Track 4: Phase I: Systemic Transformation to Foster Inclusion and Belonging in Engineering Recruitment and Retention (FIBERR): A Student-Centered Approach.,Boise State University
2408861,2024-08-09,800000,Standard Grant,BPE-Track 3: Extending the Impact: Redefining Electrical and Computer Engineering Faculty Through Inclusive Mentoring Hubs (iREDEFINE i2mHubs),Seattle University
2407013,2024-08-14,120613,Standard Grant,Collaborative Research: Research Initiation: Applying Inclusive Teaching Strategies to Promote Cognitive Belonging and Engagement in an Architectural Engineering Course,Pennsylvania State Univ University Park
2407014,2024-08-14,79241,Standard Grant,Collaborative Research: Research Initiation: Applying Inclusive Teaching Strategies to Promote Cognitive Belonging and Engagement in an Architectural Engineering Course,Clemson University
2407457,2024-08-14,200000,Standard Grant,Research Initiation: Cultivating Global Engagement in Bioengineering Education,Clemson University
2407487,2024-08-14,199810,Standard Grant,Research Initiation: Computational notebooks as scaffolds to consolidate threshold concepts in an undergraduate introductory statistics course in chemical engineering,SUNY at Buffalo
2406953,2024-08-15,169888,Standard Grant,Collaborative Research: Research Initiation: Elevating First-Year Engineering Engagement: A Comparative Analysis of Drone Courses Between HyFlex and In-Person Formats,Regents of the University of Idaho
2406954,2024-08-15,30000,Standard Grant,Collaborative Research: Research Initiation: Elevating First-Year Engineering Engagement: A Comparative Analysis of Drone Courses Between HyFlex and In-Person Formats,University of Cincinnati Main Campus
2407294,2024-08-15,199954,Standard Grant,Research Initiation: Exploring Metacognitive Strategies with External Resources for Engineering Courses in the Age of Generative AI,University of Cincinnati Main Campus
2407374,2024-08-15,181785,Standard Grant,Collaborative Research: Research Initiation: Investigating the Impact of Mentorship Structures on Women's Persistence in Engineering,University of South Florida
2407375,2024-08-15,18215,Standard Grant,Collaborative Research: Research Initiation: Investigating the Impact of Mentorship Structures on Women's Persistence in Engineering,University of Cincinnati Main Campus
2421409,2024-08-15,300619,Standard Grant,"Collaborative Research: Judgment, Identity, and Participatory Praxis of Black Men in Engineering Student Teams",George Washington University
2421410,2024-08-15,99108,Standard Grant,"Collaborative Research: Judgment, Identity, and Participatory Praxis of Black Men in Engineering Student Teams",University of Houston
2430790,2024-08-15,349410,Standard Grant,NLI: Design and Development: RUI: Prototyping a systems thinking framework to foster environmental and sociotechnical thinking across an interdisciplinary engineering curriculum,Harvey Mudd College
2434396,2024-08-15,4215616,Continuing Grant,TeachEngineering: Expanding the democratization of engineering education through increased partnerships and professional development,University of Colorado at Boulder
2444574,2024-08-15,31289,Standard Grant,Collaborative Research: Conference: A Planning Workshop for the Advocacy Building Campaign for EER (ABC for EER),Clemson University
2444575,2024-08-15,18706,Standard Grant,Collaborative Research: Conference: A Planning Workshop for the Advocacy Building Campaign for EER (ABC for EER),Regents of the University of Michigan - Ann Arbor
2349129,2024-08-16,469831,Standard Grant,"REU Site: Intelligent Systems for Healthcare, Imaging, Communications and Infrastructure",University of Utah
2349752,2024-08-16,498129,Standard Grant,REU Site: Engineering for Bouncing Back Better — Integrating Resiliency and Engineering Disciplines Through Systems Thinking,Oregon State University
2419249,2024-08-16,600000,Standard Grant,RET Site: Researching Cellular Agriculture: Bridging engineering and plant science to cultivate future engineering teachers.,Boston College
2419289,2024-08-16,199528,Standard Grant,Collaborative Research: RET Site: Research Experiences for Teachers across the National Nanotechnology Coordinated Infrastructure,Georgia Tech Research Corporation
2419290,2024-08-16,200000,Standard Grant,Collaborative Research: RET Site: Research Experiences for Teachers across the National Nanotechnology Coordinated Infrastructure,University of Minnesota-Twin Cities
2419291,2024-08-16,199950,Standard Grant,Collaborative Research: RET Site: Research Experiences for Teachers across the National Nanotechnology Coordinated Infrastructure,University of Nebraska-Lincoln
2424859,2024-08-16,1800000,Continuing Grant,FuSe2 Topic 2: Heterogenous Integration of Wide-Bandgap Microelectronics and  Power Electronics for Efficient Power Delivery to AI Processors in Data Centers,Virginia Polytechnic Institute and State University
2435174,2024-08-16,499771,Continuing Grant,Collaborative Research: e4usa+FIRST: Scaling Collective Impact through Pre-College Robotics Curricula,"OHIO STATE UNIVERSITY, THE"
2435175,2024-08-16,1808029,Continuing Grant,Collaborative Research: e4usa+FIRST: Scaling Collective Impact through Pre-College Robotics Curricula,Arizona State University
2330040,2024-08-20,26000000,Cooperative Agreement,Center: NSF Engineering Research Center for Human AugmentatioN via Dexterity (HAND),Northwestern University at Chicago
2330145,2024-08-20,25996432,Cooperative Agreement,Center: NSF Engineering Research Center for Transformation of American Rubber through Domestic Innovation for Supply Security (TARDISS),"OHIO STATE UNIVERSITY, THE"
2330175,2024-08-20,26000000,Cooperative Agreement,Center: NSF Engineering Research Center for Environmentally Applied Refrigerant Technology Hub (EARTH),University of Kansas Center for Research Inc
2330245,2024-08-20,26000000,Cooperative Agreement,NSF Engineering Research Center for Carbon Utilization Redesign for Biomanufacturing (CURB),Washington University
2348880,2024-08-20,442853,Standard Grant,REU Site: Applied Research Experience in Electrical and Computer Engineering (ApREECE),Oakland University
2349173,2024-08-20,464871,Standard Grant,REU Site: Integrated Nanomanufacturing,Trustees of Boston University
2349238,2024-08-20,464923,Standard Grant,"REU Site: Undergraduate Research in Sensor Development (Design, Manufacture, Analysis) and Implementation Pipeline",Clarkson University
2349263,2024-08-20,456796,Standard Grant,"REU Site: Optics and photonics: Technologies, Systems, and Devices",New Jersey Institute of Technology
2349310,2024-08-20,549749,Standard Grant,REU SITE: Summer Research Program at SRC JUMP2.0 SUPREME,Cornell University
2349213,2024-08-21,464937,Standard Grant,REU Site: Control and Sensing in Autonomous Vehicles,Kettering University
2349378,2024-08-21,402887,Standard Grant,REU Site: Research on Sustainable Energy Technology and Systems (ROSETAS),Johns Hopkins University
2349519,2024-08-21,511191,Standard Grant,REU Site: Southeastern Undergraduate Internship in Nanotechnology (SUIN),Georgia Tech Research Corporation
2445412,2024-08-21,128131,Standard Grant,Collaborative Research: Research Initiation: Engineering students' outcome expectations for AI careers: An exploratory study,Regents of the University of Michigan - Ann Arbor
2329942,2024-08-27,33313,Standard Grant,BPE-Track 1: Collaborative Research: Planning: Developing Accessible Pathways to Civil Engineering Industry for Students with Disabilities: Initiating Partnerships with Industry,University of Nebraska-Lincoln
2329943,2024-08-27,32889,Standard Grant,BPE-Track 1: Collaborative Research: Planning: Developing Accessible Pathways to Civil Engineering Industry for Students with Disabilities: Initiating Partnerships with Industry,Northeastern University
2329944,2024-08-27,33796,Standard Grant,BPE-Track 1: Collaborative Research: Planning: Developing Accessible Pathways to Civil Engineering Industry for Students with Disabilities: Initiating Partnerships with Industry,Utah State University
2327593,2024-08-28,315325,Standard Grant,BPE-Track 2: Collaborative: Supporting Engineering Faculty Gender Equity by Understanding the Experiences and Career Trajectories of Women in Non-tenure Track Faculty Roles,Regents of the University of Michigan - Ann Arbor
2327594,2024-08-28,84206,Standard Grant,BPE Track 2: Collaborative: Supporting Engineering Faculty Gender Equity by Understanding the Experiences and Career Trajectories of Women in Non-tenure Track Faculty Roles.,University of Illinois at Urbana-Champaign
2434698,2024-09-05,211531,Standard Grant,Collaborative Research: RUI: Trust but Verify: The Use of Intuition in Engineering Problem Solving,"OHIO STATE UNIVERSITY, THE"
2425374,2024-09-10,1999999,Continuing Grant,Fuse2 Topic 2:  Heterogeneously Integrated Arrays for Massively Scalable sub-THz Communications and Sensing,Pennsylvania State Univ University Park
2452322,2024-11-15,59753,Standard Grant,Collaborative Research: Research:   Development and Validation of Learning through Making Instrument (LMI),Carthage College
2449948,2024-11-22,117514,Standard Grant,Collaborative Research: Research: Stigma of mental health conditions in engineering and its relationship with help-seeking attitudes of undergraduates and early professionals,University of Texas at El Paso
2429274,2024-11-25,352085,Standard Grant,Early-Career Engineers on Navigating Mentorship and Career Transitions,University of Florida
2448939,2024-11-26,62497,Standard Grant,Collaborative Research: Planning: Track 1 for Catalyzing a Paradigm Shift towards an Inclusive Engineering for Community Development,Florida International University
2451885,2024-12-05,649149,Continuing Grant,CAREER: Vivificando Valores Incluyentes Radicalmente en la Educacion de Ingenieria (ViVIR): Inspiring Radically Inclusive Values in Engineering Education,Arizona State University
2436865,2025-01-08,366778,Standard Grant,Research: Enhancing Engineering Identity through Faculty Communication: A Focus on Latinx Students,"The University Corporation, Northridge"
2441887,2025-01-13,650062,Continuing Grant,"CAREER: It's Not Sorcery, It's Skill: Shedding Light on How Professional and Personal Experiences Shape the Use of Intuition in Engineering Practice",Bucknell University
2504217,2025-01-13,292815,Standard Grant,EAGER: LGBTQI+ DCL:Exploring the influence of community cultural wealth on nonbinary engineering students professional formation,Purdue University
2433099,2025-01-15,87500,Standard Grant,Collaborative Research: Research: The Engineering Master’s Workforce: Leveraging Natural Language Processing Techniques to Understand Employer Demands and Student Goals,University of Nebraska-Lincoln
2433100,2025-01-15,174615,Standard Grant,Collaborative Research: Research: The Engineering Master’s Workforce: Leveraging Natural Language Processing Techniques to Understand Employer Demands and Student Goals,Virginia Polytechnic Institute and State University
2433101,2025-01-15,86132,Standard Grant,Collaborative Research: Research: The Engineering Master’s Workforce: Leveraging Natural Language Processing Techniques to Understand Employer Demands and Student Goals,University of Texas at Austin
2435294,2025-02-28,529067,Continuing Grant,"IUCRC Phase I Western Michigan University (Partner Site): Center for Plastic, Paper, and Hybrid-Packaging End-of-Life Solutions (C3PS)",Western Michigan University
2446787,2025-03-05,399337,Standard Grant,REU Site: Imaging and Mechanics-based Projects on Accidental Cases of Trauma (IMPACT),Wake Forest University School of Medicine
2447802,2025-03-18,516522,Standard Grant,REU Site: Multi-Scale Systems Bioengineering and Biomedical Data Sciences,University of Virginia Main Campus
2514040,2025-03-24,111448,Standard Grant,Collaborative Research: Research: Understanding and Improving Design Activity Engagement in the Engineering Capstone Experience,University of Georgia Research Foundation Inc
2435438,2025-04-01,970191,Continuing Grant,"IUCRC Phase I Michigan State University (Lead site): Center for Plastic, Paper, and Hybrid-Packaging End-of-Life Solutions (C3PS)",Michigan State University
2525989,2025-04-04,3365326,Continuing Grant,Strengthening Engineering Education for Tomorrow's Workforce,"ENGINEERING FOR US ALL, INC."
2447491,2025-04-07,464870,Standard Grant,REU Site: Multidisciplinary Polymer Exploration for Undergraduate STEM Researchers,University of Alabama Tuscaloosa
2447626,2025-04-07,501896,Standard Grant,REU Site: Integration of Biology and Materials in Chemical Engineering,Pennsylvania State Univ University Park
2441096,2025-04-14,650921,Continuing Grant,CAREER: Characterizing the Process of Global Formation for Engineers,Purdue University
2523800,2025-04-14,622098,Continuing Grant,Overcoming Pedagogical Inertia: Amplifying the Course Transformation Narratives of Engineering Educators,Cornell University
2447304,2025-04-15,372294,Standard Grant,REU Site: Building a Greener Future: Sustainable Construction Research for Empowering Students with Learning Disabilities,University of New Haven
2447444,2025-04-15,516973,Standard Grant,REU Site: RE@CSU Rehabilitation Engineering,Cleveland State University
2447809,2025-04-15,460443,Standard Grant,REU Site: InSPiRES: Integrated Circuits and Semiconductor Processes to Promote Responsible Engineering and Sustainability,Michigan Technological University
2447191,2025-04-24,462600,Standard Grant,REU Site: Translational Biophotonics,Trustees of Boston University
2435391,2025-05-29,20000,Standard Grant,IUCRC Planning Grant Penn State University: Center for Research in Emerging Sustainable Space Technologies (CRES2T),Pennsylvania State Univ University Park
2435441,2025-05-29,20000,Standard Grant,IUCRC Planning Grant University of Alabama in Huntsville: Center for Smart Manufacturing using AI-based Revolutionary Technologies (SMART),University of Alabama in Huntsville
2435453,2025-05-29,20000,Standard Grant,IUCRC Planning Grant Purdue University: Center for Research in Emerging Sustainable Space Technologies (CRES2T),Purdue University
2435473,2025-05-29,20000,Standard Grant,IUCRC Planning Grant University of Alabama: Center for Smart Manufacturing using AI-based Revolutionary Technologies (SMART),University of Alabama Tuscaloosa
2447234,2025-05-29,453885,Standard Grant,REU Site: Research experiences for undergraduates in autonomous unmanned vehicles for environmental monitoring and sampling in a changing climate (REU-AUV),Regents of the University of Idaho
2447373,2025-05-30,439266,Standard Grant,REU Site: Research Experience for Undergraduates in Built Environment Decarbonization,Purdue University
2447504,2025-05-30,427629,Standard Grant,REU Site: Assured Autonomy and Networking,University of Florida
2447543,2025-05-30,464725,Standard Grant,REU Site:  Materials for Energy Transition,University of Tulsa
2501895,2025-05-30,599821,Standard Grant,"RET Site: More than Automotive--Toward a Healthier, Sustainable Society (MATHS2)",Oakland University
2435465,2025-06-02,500000,Continuing Grant,IUCRC Phase I Arizona State University: Center for Digital Twins in Manufacturing (CDTM),Arizona State University
2436195,2025-06-02,1000000,Continuing Grant,IUCRC Phase I University of Michigan: Center for Digital Twins in Manufacturing (CDTM),Regents of the University of Michigan - Ann Arbor
2447848,2025-06-02,372000,Standard Grant,REU Site: 3D Printing of NextGen Multifunctional Batteries,Texas A&M Engineering Experiment Station
2435461,2025-06-04,475000,Continuing Grant,Center: Phase II IUCRC at Florida International University: Center for Wind Hazard and Infrastructure Performance (WHIP),Florida International University
2435462,2025-06-04,525000,Continuing Grant,IUCRC Phase II at Texas Tech University: Center for Wind Hazard and Infrastructure Performance (WHIP),Texas Tech University
2447368,2025-06-05,428937,Standard Grant,REU Site:  Engineering research in a liberal arts and entrepreneurship context,Union College
2501700,2025-06-05,599999,Standard Grant,RET Site: Industries of the Future Research Experience for High School Teachers,University of Houston
2501875,2025-06-05,599997,Standard Grant,Engaging Educators in Renewable Energy (ENERGY),"Georgia Southern University Research and Service Foundation, Inc"
2502080,2025-06-05,599997,Standard Grant,RET Site: Integrated Nanomanufacturing,Trustees of Boston University
2502176,2025-06-05,600000,Standard Grant,RET Site: Photonic Microchip Fabrication Experiences for Oklahoma Educators,Oklahoma State University
2525864,2025-06-06,31700,Standard Grant,Collaborative Research: Research: Developing reflexive engineers through accessing and characterizing   implicit beliefs about the value of diverse perspectives in service-learning,"OHIO STATE UNIVERSITY, THE"
2514067,2025-06-10,575430,Continuing Grant,CAREER: Advancing academic cultures of well-being by understanding professional  experiences of engineering faculty,University of Georgia Research Foundation Inc
2515547,2025-06-13,186903,Standard Grant,"Collaborative Research: Faculty and Student Practices that Shape the Regulation of Teamwork, Psychological Safety, and Conflict in First-Year Engineering Teams",Virginia Polytechnic Institute and State University
2515548,2025-06-13,163096,Standard Grant,"Collaborative Research: Faculty and Student Practices that Shape the Regulation of Teamwork, Psychological Safety, and Conflict in First-Year Engineering Teams",Rochester Institute of Tech
2521259,2025-06-13,139883,Standard Grant,Collaborative Research: Engaging Engineering Graduate Program Directors in Shifting the Default to Trauma-Informed Frameworks of Care,Cornell University
2349858,2025-06-17,516794,Standard Grant,REU Site: Undergraduate Research Opportunities in Biomedical Engineering Devices at the University of Nebraska-Lincoln,University of Nebraska-Lincoln
2435409,2025-06-17,20000,Standard Grant,IUCRC Planning Grant Texas A&M University: Center for Research in Emerging Sustainable Space Technologies (CRES2T),Texas A&M Engineering Experiment Station
2446590,2025-06-17,402623,Standard Grant,REU Site: Injury Science Research Experience for Undergraduates,The Children's Hospital of Philadelphia
2447307,2025-06-17,442131,Standard Grant,REU Site: Robotic Pioneers--Empowering Undergraduates to Conquer Extreme Environments,Brigham Young University
2516355,2025-06-20,50000,Standard Grant,Conference: Biomedical Engineering/Bioengineering Scholarship in Practice Apprenticeship Workshop,Northeastern University
2520808,2025-06-20,25000,Standard Grant,Conference: Quantum Networks Application Roadmap 2.0 Workshop,"University of Maryland, College Park"
2435423,2025-07-02,250000,Continuing Grant,"Center: IUCRC Phase III University of Massachusetts Lowell: Center for Wind Energy Science, Technology, and Research (WindSTAR)",University of Massachusetts Lowell
2402427,2025-07-07,400000,Standard Grant,Track 2: Examining the role of fellowships funding on engineering students and their professional development.,Virginia Polytechnic Institute and State University
2443235,2025-07-07,654558,Standard Grant,CAREER: Theoretical Understandings to Proactively Uplift Economically Disadvantaged Engineering Students,University of Texas at San Antonio
2534091,2025-07-07,199319,Standard Grant,Research Initiation: Exploring First Generation Engineering Technology College Students' Acquisition of the Engineering Identity,Western Carolina University
2411326,2025-07-09,300000,Standard Grant,EAGER: IMPRESS-U: Resilient Engineering to Advance Public Value and Innovation in Research Periphery Countries,Arizona State University
2435430,2025-07-21,250000,Continuing Grant,"Center: IUCRC Phase III UT Dallas: Center for Wind Energy Science, Technology and Research (WindSTAR)",University of Texas at Dallas
2447440,2025-07-21,464999,Standard Grant,REU Site: RIDE - Research for Undergraduates in Transportation Engineering,University of Massachusetts Amherst
2449643,2025-07-21,149998,Standard Grant,IUSE/PFE:RED Planning: Redbirds Exploring Global Grand challenges In Engineering,Board of Trustees of Illinois State University
2449850,2025-07-21,149132,Standard Grant,IUSE/PFE:RED Planning: Multi-Department Culture Change through Common Sophomore Series,Louisiana Tech University
2449875,2025-07-21,1000000,Standard Grant,IUSE/PFE:RED A&I Adapting Design Thinking to Transform the Professional Development of Electrical Engineers in California's Central Valley,University of California - Merced
2449885,2025-07-21,150000,Standard Grant,IUSE/PFE:RED Planning: Charting a Path to Transform an  Industrial Engineering Department into a Career Startup Accelerator,Kansas State University
2450400,2025-07-21,524385,Standard Grant,Collaborative Research: Rising Doctoral Institute,"OHIO STATE UNIVERSITY, THE"
2507414,2025-07-21,128206,Standard Grant,Collaborative Research: Research Initiation: Students' ways of experiencing prototyping in the context of engineering design projects,James Madison University
2507415,2025-07-21,71794,Standard Grant,Collaborative Research: Research Initiation: Students' ways of experiencing prototyping in the context of engineering design projects,Regents of the University of Michigan - Ann Arbor
2508612,2025-07-21,199915,Standard Grant,Research Initiation: Student and Industry Perspectives on the Role of Environmental Sustainability in the Professional Formation of Biomedical Engineers,Regents of the University of Michigan - Ann Arbor
2508670,2025-07-21,199998,Standard Grant,Research Initiation: Improved Safety Awareness for Future Engineers: Cultivating Safety Attitude among Engineering Graduates,Purdue University
2508684,2025-07-21,137202,Standard Grant,Collaborative Research: Research Initiation: Applying Systems Dynamics to Explore Faculty Motivation in Integrating Sustainability Concepts in Undergraduate Engineering Curriculum,New York University
2508685,2025-07-21,62598,Standard Grant,Collaborative Research: Research Initiation: Applying Systems Dynamics to Explore Faculty Motivation in Integrating Sustainability Concepts in Undergraduate Engineering Curriculum,Rowan University
2508772,2025-07-21,179019,Standard Grant,Collaborative Research: Research Initiation: Identifying longitudinal trends in psychological safety and correlation with sense of belonging and success beliefs,University of Arkansas
2508773,2025-07-21,20954,Standard Grant,Collaborative Research: Research Initiation: Identifying longitudinal trends in psychological safety and correlation with sense of belonging and success beliefs,Virginia Polytechnic Institute and State University
2447880,2025-07-23,457172,Standard Grant,REU Site: Interdisciplinary Research Experiences in Metrology & Inspection,Texas A&M Engineering Experiment Station
2449849,2025-07-24,2000000,Standard Grant,IUSE/PFE: RED Innovation: Integrating a Living Laboratory in Chemical and Biomolecular Engineering to Create a Responsive and Dynamic Educational Ecosystem,Cornell University
2449869,2025-07-24,1500000,Standard Grant,Collaborative Research: IUSE/PFE:RED Partnership: Cultivating Neuroadaptive Learning Ecosystems through AI-Powered Personalized Learning,University of Missouri-Columbia
2449870,2025-07-24,1000000,Standard Grant,Collaborative Research: IUSE/PFE:RED Partnership: Cultivating Neuroadaptive Learning Ecosystems through AI-Powered Personalized Learning,University of Connecticut
2452533,2025-07-24,350000,Standard Grant,Research: Developing and Piloting a Prompt Engineering Competency Framework for Software Engineering Education,Purdue University
2502393,2025-07-24,397699,Standard Grant,NLI: Research: Undergraduate Sustainability Engineering Education (USEE),University of Wisconsin-Madison
2508414,2025-07-24,200000,Standard Grant,Research Initiation: Human-Centered AI Algorithm Design for Engineering Students' Professional Formation,Boston College
2508574,2025-07-24,117798,Standard Grant,Collaborative Research: Research Initiation: Mixed Methods Study of Rural Engineering Students' Sense of Belonging at a Midwestern Research-Intensive University,University of Wisconsin-Madison
2508575,2025-07-24,82202,Standard Grant,Collaborative Research: Research Initiation: Mixed Methods Study of Rural Engineering Students' Sense of Belonging at a Midwestern Research-Intensive University,Clemson University
2508905,2025-07-24,157936,Standard Grant,Collaborative Research: Research Initiation: Using stories from traditional culture as case studies to teach virtue-based engineering ethics,University of California-Riverside
2508906,2025-07-24,42064,Standard Grant,Collaborative Research: Research Initiation: Using stories from traditional culture as case studies to teach virtue-based engineering ethics,Northern Michigan University
2515135,2025-07-24,250000,Standard Grant,IUCRC Phase III Virginia Commonwealth University: Center for Rational Catalyst Synthesis (CeRCaS),Virginia Commonwealth University
2515204,2025-07-24,250000,Standard Grant,IUCRC Phase III at University of South Carolina: The Center for Rational Catalyst Synthesis (CeRCaS) - Lead Site,University of South Carolina at Columbia
2515308,2025-07-24,250000,Standard Grant,IUCRC Phase III at  University of California-Davis/Berkeley: The Center for Rational Catalyst Synthesis (CeRCaS),University of California-Davis
2515138,2025-07-30,20000,Standard Grant,IUCRC Planning Grant New Jersey Institute of Technology: Center for Grid Enhancing Technologies for Offshore Wind Transmission and Integration (GOWIND),New Jersey Institute of Technology
2515191,2025-07-30,20000,Standard Grant,IUCRC Planning Grant North Carolina State University: Center for Manufacturing Ultrasound Systems for Intelligent Care (cMUSIC),North Carolina State University
2515218,2025-07-30,20000,Standard Grant,IUCRC Planning Grant Rowan University: Center for Grid Enhancing Technologies for Offshore Wind Transmission and Integration (GOWIND),Rowan University
2515283,2025-07-30,20000,Standard Grant,IUCRC Planning Grant University of Illinois Urbana-Champaign: Center for Manufacturing Ultrasound Systems for Intelligent Care (cMUSIC),University of Illinois at Urbana-Champaign
2508710,2025-08-05,199968,Standard Grant,"Research Initiation: Student Experience and Pathways to Success of ""Non-Traditional"" Students in Chemical Engineering",Virginia Polytechnic Institute and State University
2533639,2025-08-05,168209,Standard Grant,Collaborative Research: NLI: Forming Ethical Engineers: Integrating Embodied Carbon Education to Foster Ethical Responsibility in Environmental and Social Sustainability,West Virginia University Research Corporation
2533640,2025-08-05,213925,Standard Grant,Collaborative Research: NLI: Forming Ethical Engineers: Integrating Embodied Carbon Education to Foster Ethical Responsibility in Environmental and Social Sustainability,Purdue University
2536311,2025-08-05,182981,Standard Grant,Collaborative Research: EAGER: Agency and Learning through Industry-informed GenAI Navigation,University of New Mexico
2536312,2025-08-05,114894,Standard Grant,Collaborative Research: EAGER: Agency and Learning through Industry-informed GenAI Navigation,Montana State University
2448349,2025-08-13,649033,Continuing Grant,CAREER: Examining Support: The Experiences Engineering Graduate Students,"OHIO STATE UNIVERSITY, THE"
2446949,2025-08-15,460347,Standard Grant,REU SITE: RESEARCH EXPERIENCE FOR UNDERGRADUATES IN NANOSCALE SCIENCE AND ENGINEERING,Northwestern University at Chicago
2446983,2025-08-15,447445,Standard Grant,REU Site: Engineering for Healthcare,University of Florida
2447023,2025-08-15,391371,Standard Grant,REU Site: Summer Engineering Research Experiences in Power and Energy Systems for Smart Cities,University of Denver
2447145,2025-08-15,451379,Standard Grant,REU Site: Pioneering Opportunities Within Energy & Resource Systems for Undergraduate Research (POWER-UP),South Dakota State University
2447188,2025-08-15,408434,Standard Grant,REU Site: Advanced Interdisciplinary Materials Research for Maritime Applications,"University of Massachusetts, Dartmouth"
2447200,2025-08-15,458733,Standard Grant,REU Site: Research in Advanced Propulsion and Power Generation Technologies,Pennsylvania State Univ University Park
2447455,2025-08-15,558000,Standard Grant,REU Site: Launching Aerospace’s Undergraduates into the Next Chapter – Space Technology (LAUNCH-SPACE),Iowa State University
2447518,2025-08-15,281409,Standard Grant,Collaborative Research: REU Site: Research Experience in Digital Twins of Road Infrastructure,West Virginia University Research Corporation
2447519,2025-08-15,235289,Standard Grant,Collaborative Research: REU Site: Research Experience in Digital Twins of Road Infrastructure,University of Wisconsin-Madison
2447602,2025-08-15,435387,Standard Grant,REU Site:  Textiles of Tomorrow: Equipping the Next Generation to Design a Sustainable Future,North Carolina State University
2447639,2025-08-15,465000,Standard Grant,"REU Site:  Enhancing Knowledge Integration Through Undergraduate Research - Particle-based Functional Material for Energy, Sustainability, and Biomedicine",University of Pittsburgh
2447649,2025-08-15,454087,Standard Grant,REU Site: Integrating Machine Learning and Causal Principles for Civil and Environmental Engineers,Clemson University
2447656,2025-08-15,458070,Standard Grant,REU Site: Back to the Future - Metallurgical and Materials Engineering Summer Program,South Dakota School of Mines and Technology
2447659,2025-08-15,418634,Standard Grant,REU Site: Rural Appalachia REsearch in bioSensing Technology (RAREST),West Virginia University Research Corporation
2447667,2025-08-15,465000,Standard Grant,REU Site: Study of transport phenomena in engineered materials,Auburn University
2447711,2025-08-15,509809,Standard Grant,REU Site: Intelligent Manufacturing for a Sustainable Energy Future,Regents of the University of Idaho
2447758,2025-08-15,364263,Standard Grant,"REU Site: Use-Inspired Research and Entrepreneurship For Health, Energy, and the Environment",Tulane University
2447769,2025-08-15,463144,Standard Grant,"REU Site: Shaping The Future Workforce for Artificial Intelligence, Robotics, and Semiconductor Manufacturing",University of Texas at San Antonio
2447817,2025-08-15,366893,Standard Grant,REU Site: Quantum Computing Workforce Development in the New Era of Computing,University of South Carolina at Columbia
2447827,2025-08-15,214448,Standard Grant,Collaborative Research: REU SITE: Nanoscale Detectives -- Elucidating the Structure and Dynamics of Hybrid Perovskite Systems,North Carolina State University
2447828,2025-08-15,186000,Standard Grant,Collaborative Research: REU SITE: Nanoscale Detectives -- Elucidating the Structure and Dynamics of Hybrid Perovskite Systems,University of North Carolina at Chapel Hill
2447829,2025-08-15,185425,Standard Grant,Collaborative Research: REU SITE: Nanoscale Detectives -- Elucidating the Structure and Dynamics of Hybrid Perovskite Systems,Duke University
2447871,2025-08-15,464606,Standard Grant,REU Site: Additive Manufacturing and Cybersecurity,Oklahoma State University
2447875,2025-08-15,439233,Standard Grant,REU Site: Wide/Ultrawide Bandgap Semiconductor Technologies and Applications (WUBSTA),Texas Tech University
2447894,2025-08-15,417784,Standard Grant,REU Site: Research experience through collaborative teams in bioprocessing for conversion of waste into products of value,Auburn University
2447907,2025-08-15,458656,Standard Grant,REU Site: Ultraintense Lasers and High Field Photonics,Colorado State University
2501940,2025-08-15,599998,Standard Grant,RET SITE: Empowering Educators with Hands-On Microelectronics Research: Cultivating Engineering Pathways for Secondary Students,SUNY at Binghamton
2502051,2025-08-15,599889,Standard Grant,RET Site: Atomic Scale Design and Engineering for Sustainable Solutions,North Carolina State University
2508888,2025-08-15,200000,Standard Grant,Research Initiation: Improving Communication Skills in Undergraduate Engineering Teams,Kennesaw State University Research and Service Foundation
2501859,2025-08-18,555000,Standard Grant,Collaborative Research: RET Site: Energy and Engineering Education for Rural and Reservation Elementary Schools,Montana State University
2501860,2025-08-18,44996,Standard Grant,Collaborative Research: RET Site: Energy and Engineering Education for Rural and Reservation Elementary Schools,Purdue University
2515271,2025-08-18,500000,Standard Grant,IUCRC Phase I Purdue University: Center for Accurate Georeferencing of the Environment (CAGE),Purdue University
2515296,2025-08-18,500000,Standard Grant,"IUCRC Phase I, Saint Louis University: Center for Accurate Georeferencing of the Environment (CAGE)",Saint Louis University
2516116,2025-08-18,1249992,Standard Grant,Center: IUCRC Phase I The Ohio State University: Center for Accurate Georeferencing of the Environment (CAGE),"OHIO STATE UNIVERSITY, THE"
2440529,2025-08-20,650000,Standard Grant,CAREER: Understanding and Transforming Engineering Education at Broad-Access Institutions,San Francisco State University
2440685,2025-08-20,697078,Standard Grant,CAREER: Developing Novel Methods and Tools for Engineering Education Researchers,Arizona State University
2504098,2025-08-20,425000,Standard Grant,Track 2: Design and Implementation of a Culturally-Responsive Approach to K-12 Engineering Education,Arizona State University
2504177,2025-08-20,535992,Standard Grant,Track 2: An Exploration of Challenges and Self-Adjustment Experiences of Community College Transfer Students in Engineering,University of Florida
2531775,2025-08-21,149990,Standard Grant,Planning: IUSE/PFE:RED: Uniting Civil and Construction Engineering Programs to Train Flexible Experts,Citadel Military College of South Carolina
2531785,2025-08-21,149993,Standard Grant,Planning: IUSE/PFE:RED Planning: Development of a RED Plan to IGNITE (Inspire Growth for Next-generation Innovators in Technology and Engineering) Student Pathways,Austin Peay State University
2533677,2025-08-21,348995,Standard Grant,NLI: Design and Development: A Framework for the Professional Formation of Sustainability-Minded Engineers,University of Pennsylvania
2533695,2025-08-21,229621,Standard Grant,Collaborative Research: NLI: Educating Engineers for Holistic Problem Solving,Colorado School of Mines
2533696,2025-08-21,121669,Standard Grant,Collaborative Research: NLI: Educating Engineers for Holistic Problem Solving,University of Colorado at Boulder
2534871,2025-08-21,346929,Standard Grant,Collaborative Research: Discipline-Specific Methods to Build Foundational Knowledge About Spatial Skills that are Relevant to Contemporary Engineering Practice,University of Nebraska-Lincoln
2534872,2025-08-21,299642,Standard Grant,Collaborative Research: Discipline-Specific Methods to Build Foundational Knowledge About Spatial Skills that are Relevant to Contemporary Engineering Practice,University of Kentucky Research Foundation
2538625,2025-08-21,649752,Standard Grant,CAREER: Improved Models for Spatial Skills Learning through a Multi-Case Study of Computer-Aided Design Education,University of Kentucky Research Foundation
2531824,2025-08-22,142074,Standard Grant,Planning: Planning: IUSE/PFE:RED Using Systems Thinking Leadership to Revolutionize Engineering Identity and Transfer Pathways at a Multi-Campus Community College,Northern Virginia Community College
2533448,2025-08-22,399551,Standard Grant,Research: Engineering Preparedness Reimagined: Bridging Stakeholder Perspectives to Shape the Future Workforce,University of Nebraska-Lincoln
2538722,2025-08-22,99997,Standard Grant,Conference: Rapid Mobilization of Engineering Education Researchers to Respond to Emerging National Priorities,University of New Mexico
2533679,2025-08-26,400000,Standard Grant,NLI: Design and Development: Cross disciplinary co-teaching sustainability across the formal and informal engineering undergraduate curriculum,Brown University
2528603,2025-08-27,387145,Standard Grant,Research: Developing the Engineering Workforce: Examining Faculty Beliefs to Connect School to Work,Virginia Polytechnic Institute and State University
2408191,2025-08-28,4000000,Standard Grant,Track 4 (Phase II): The Autism Self-advocacy Center for Equity and Neurodiversity in Engineering (The A-SCENE),Vanderbilt University
2450975,2025-08-28,200000,Standard Grant,Track 1: Co-Designing Transformative Rural Pathways to Engineering with Idaho EPSCoR Communities,Regents of the University of Idaho
2508834,2025-08-28,175233,Standard Grant,Collaborative Research: Research Initiation: Understanding Competencies and Professional Identities for Digitally-Enabled Sustainable Demolition Construction Practices,Virginia Polytechnic Institute and State University
2508835,2025-08-28,24749,Standard Grant,Collaborative Research: Research Initiation: Understanding Competencies and Professional Identities for Digitally-Enabled Sustainable Demolition Construction Practices,Texas A&M Engineering Experiment Station
2541364,2025-08-28,649676,Standard Grant,CAREER: Supporting Professional Formation of Robotics Engineers through a Human-Centered Design Approach,University of Illinois at Urbana-Champaign
2544859,2025-08-28,15000,Standard Grant,Conference: 2025 Future of Semiconductors (FuSe2) Awardees Workshop,"University of Maryland, College Park"
2432063,2025-09-05,397929,Standard Grant,Track 2: Reducing Harassment and Improving Academic Engineering Environments,University of New Hampshire
2603026,2025-11-25,342323,Standard Grant,PERSISTENCE PATHWAYS: CHANGING RESEARCH LABS TO PERSIST IN ENGINEERING GRADUATE EDUCATION,University of Cincinnati Main Campus
2553734,2025-12-09,400000,Standard Grant,Track 2: Examining the role of fellowships funding on engineering students and their professional development.,Texas A&M Engineering Experiment Station
2543094,2026-01-29,500000,Standard Grant,CAREER: Improving Peer Interactions in Engineering: An Exploration of Peer Behaviors in Engineering Classrooms,Eastern Michigan University
2549953,2026-03-19,618387,Standard Grant,"Blurring Boundaries Over Time: A Longitudinal Study of AI, Metacognitive Regulation, and Responsibility in Engineering Problem Solving",Utah State University
2548104,2026-05-11,463714,Standard Grant,REU Site: Leveraging Engineering Education Research for U.S. Workforce Development,University of Nebraska-Lincoln
2548324,2026-05-11,462949,Standard Grant,"REU Site: Emerging Frontiers in Biomaterials, Biomedical Engineering, and Biology at the University of Rhode Island",University of Rhode Island
2625962,2026-05-14,200790,Standard Grant,Collaborative Research: Novel neurocognitive assessment of engineering education interventions applied to systems thinking,Drexel University
2547842,2026-05-19,464898,Standard Grant,REU Site: Ole Miss Nanoengineering Summer REU Program,University of Mississippi
2547851,2026-05-19,463252,Standard Grant,REU Site: Smart and Sustainable Infrastructure Using Rail as a Living Laboratory,Pennsylvania State Univ University Park
2548103,2026-05-19,390790,Standard Grant,REU Site: Engaging Undergraduate Students in Converting Waste to Sustainable Materials,University of Louisville Research Foundation Inc
2548398,2026-05-19,414858,Standard Grant,"REU Site: Dare to BE FIRST - Biomechanical Engineering Foundations in Impactful Research, Science & Technology",University of Delaware
2548409,2026-05-19,456856,Standard Grant,REU Site: Unmanned Aerial Systems with Real-World Applications in Oklahoma,University of Oklahoma Norman Campus
2605448,2026-05-22,200000,Standard Grant,Research Initiation: How AI Integration Shapes Undergraduate Students' Civil Engineering Professional Formation from Classroom to Career,Regents of the University of Idaho
2535969,2026-05-28,328116,Standard Grant,NLI: Design and Development: Developing interest and pathways for engineering engagement in the localized contexts of urban spaces across the US Northeast,Boston College
2609426,2026-05-29,158776,Standard Grant,Collaborative Research: Research Initiation: Engineering Identity Formation of Student Veterans Through Capstone Experiences,Austin Peay State University
2609427,2026-05-29,16791,Standard Grant,Collaborative Research: Research Initiation: Engineering Identity Formation of Student Veterans Through Capstone Experiences,Virginia Polytechnic Institute and State University
2512450,2026-06-29,800000,Standard Grant,Track 3: Creating Opportunities and Networks for Native Engineering and Community Transformation,Montana State University
2525266,2026-06-29,300000,Standard Grant,Track 2: Collaborative Research: Supporting Engineering Retention with Veteran Empowerment through AI-supported Mentoring,Wayne State University
2525267,2026-06-29,100000,Standard Grant,Track 2: Collaborative Research: Supporting Engineering Retention with Veteran Empowerment through AI-supported Mentoring,University of Texas at Arlington
2547319,2026-06-29,478511,Standard Grant,REU Site: Artificial Intelligence in Multidisciplinary Engineering Research for Guided Exploration (AI-MERGE),University of Memphis
2548115,2026-06-29,410186,Standard Grant,REU Site: Michigan Semiconductor Hands-On Research Experience (M-SHORE),Regents of the University of Michigan - Ann Arbor
2548156,2026-06-29,465355,Standard Grant,REU Site:  Undergraduate Research Experiences on Resilient and Sustainable Infrastructure Systems in Smart Cities,"OHIO STATE UNIVERSITY, THE"
2550816,2026-06-29,2000000,Standard Grant,IUSE/PFE: RED Innovation: Engineering in Action: A Systems Thinking Framework to Develop Reflective and Values-Driven Civil and Environmental Engineers,"OHIO STATE UNIVERSITY, THE"
2550936,2026-06-29,1000000,Standard Grant,IUSE/PFE:RED A&I: Engineering for All: Evidence-Based Transformation of the Department of Engineering Sciences and Materials at the University of Puerto Rico-Mayagüez,University of Puerto Rico Mayaguez
2545697,2026-06-30,505423,Standard Grant,"REU Site: AI in Sensing, Robotics, and Healthcare (AI-CARE)",Johns Hopkins University
2630557,2026-07-15,25996432,Cooperative Agreement,Center: NSF Engineering Research Center for Transformation of American Rubber through Domestic Innovation for Supply Security (TARDISS),North Carolina State University
2601507,2026-07-16,599886,Standard Grant,RET Site: Artificial Intelligence and Machine Learning Approach for Sustainable and Resilient Infrastructure in Urban Communities,University of Texas at Arlington
2547135,2026-07-17,557997,Standard Grant,REU Site: A Multidisciplinary Research Experience in Engineered Bioactive Interfaces and Devices,University of Kentucky Research Foundation
2547945,2026-07-17,472104,Standard Grant,REU Site: Electrochemical and Chemical Energy Storage,University of South Carolina at Columbia
2548405,2026-07-17,464992,Standard Grant,REU SITE: Interdisciplinary Bioengineering Research Experience for Undergraduates,University of Kansas Center for Research Inc
2550064,2026-07-17,18600000,Cooperative Agreement,Center: NSF Engineering Research Center for Quantum Networks,"University of Maryland, College Park"
2601565,2026-07-17,600000,Standard Grant,RET Site: Feel the Force: Bringing Mechanobiology to 6-12 Classrooms,University of Pennsylvania
2548169,2026-07-20,371985,Standard Grant,REU Site: Human-Technology Interfaces: Artificial Intelligence Applications for Digital Product Design,Morgan State University
2548464,2026-07-20,465000,Standard Grant,REU Site: Advanced Robotics & Manufacturing at Illinois Tech,Illinois Institute of Technology
2548483,2026-07-20,411181,Standard Grant,REU Site: Interdisciplinary Research on Plastic Pollution,University of Missouri-Columbia
2550940,2026-07-20,149998,Standard Grant,Planning: IUSE/PFE:RED Planning: Creating Innovative SPACE in Mechanical Engineering Education Powered by Industry Engagement and AI Integration,Boise State University
2601381,2026-07-20,599997,Standard Grant,RET Site: Research Experience in AI-Powered Sustainable Energy Sources and Storage for Nevada Teachers,"Board of Regents, NSHE, obo University of Nevada, Reno"
2601516,2026-07-20,599963,Standard Grant,RET Site: Engineering Classrooms And Research Experiences for Health,University of Massachusetts Lowell
2601558,2026-07-20,600000,Standard Grant,RET Site: Interdisciplinary Water Science and Engineering,Virginia Polytechnic Institute and State University
2605649,2026-07-20,131812,Standard Grant,Collaborative Research: Research Initiation: BRIDGE-CCPBL: Bridging Engineering Identity & Retention with Cultural Wealth & Collaborative Project-Based Learning,University of Houston - Clear Lake
2605650,2026-07-20,68188,Standard Grant,Collaborative Research: Research Initiation: BRIDGE-CCPBL: Bridging Engineering Identity & Retention with Cultural Wealth & Collaborative Project-Based Learning,Youngstown State University
2605767,2026-07-20,95490,Standard Grant,Collaborative Research: Research Initiation: Exploring Learning Pathways in the Formation of Socially Responsible Chemical Engineers,Northeastern University
2605768,2026-07-20,63703,Standard Grant,Collaborative Research: Research Initiation: Exploring Learning Pathways in the Formation of Socially Responsible Chemical Engineers,Purdue University
2605375,2026-07-23,149863,Standard Grant,Collaborative Research: Research Initiation: Examining Engineering Technology Transfer Students' Experiences and Social Community,Wayne State University
2605376,2026-07-23,50000,Standard Grant,Collaborative Research: Research Initiation: Examining Engineering Technology Transfer Students' Experiences and Social Community,Regents of the University of Michigan - Ann Arbor
2605580,2026-07-23,200000,Standard Grant,Research Initiation: Exploring Generative AI for Problem Formulation in the Professional Formation of Systems Engineers,Auburn University
2605664,2026-07-23,200000,Standard Grant,Research Initiation: Building AI Literacy and Uncertainty Awareness for Digitally Competent Geotechnical Engineering Education,University of Cincinnati Main Campus
2605825,2026-07-23,199982,Standard Grant,Research Initiation: Assessing Four-Year Teaching Institutions' Readiness to Equip Future Civil and Construction Professionals with Emerging Technologies,"The University Corporation, Northridge"
2541821,2026-07-24,501998,Standard Grant,CAREER: Closing the Loop: Exploring the contextual factors that support successful approaches to integrate engineering education research and practice,University of Georgia Research Foundation Inc
2550301,2026-07-24,149958,Standard Grant,Planning: IUSE/PFE:RED Planning - ENGINEER: Engaging New Generations in Engineering Education Reform,Wilkes University
2601544,2026-07-24,599998,Standard Grant,RET Site: Resilient Communities through Engineering Infrastructure,University of Connecticut
2605817,2026-07-24,200000,Standard Grant,Research Initiation: Investigating Engineering Students' Engagement with Wellness Interventions,University of California-Davis
2611758,2026-07-24,346749,Standard Grant,Collaborative Research: Strengthening an Ecosystem of Support with the RED Community of Practice,Rose-Hulman Institute of Technology
2611759,2026-07-24,349999,Standard Grant,Collaborative Research: Strengthening an Ecosystem of Support with the RED Community of Practice,University of Washington
2624460,2026-07-24,149997,Standard Grant,Planning: IUSE/PFE: RED Planning: Strengthening Next-Generation Civil Engineers in the Gulf Coast Region,University of South Alabama
2624635,2026-07-24,74964,Standard Grant,"Planning: RED Track-1 RE-PLAN CE: Revolutionizing Pathways, Licensure, and AI Next-generation Literacy in Civil Engineering Departments within California State University System",California State University-Fresno Foundation
2541435,2026-07-28,569999,Standard Grant,CAREER: Strengthening Workforce Ecosystems by Understanding Self-Adjustment Experiences Among Community College Students in Engineering Technology Pathways,University of Florida
2548358,2026-07-29,420275,Standard Grant,REU Site: Simulation and Technology for Resilient Outcomes in Natural Hazards Engineering and Graduate-Readiness,University of Texas at San Antonio
2601549,2026-07-31,599997,Standard Grant,RET Site: Integrating data-driven research in Resilient Energy systems Across Disciplines,Texas A&M University-Kingsville
2605386,2026-08-04,199009,Standard Grant,Research Initiation: Scaffolding Responsible AI Use through Conversational Microlearning for the Professional Formation of Engineers,Pennsylvania State Univ University Park
2605808,2026-08-04,150000,Standard Grant,Collaborative Research: Research Initiation: Forming T-shaped Civil Systems Engineers in Western Pennsylvania via AI-enabled Communication Coach for Large-Scale Infrastructure,Carnegie Mellon University
2605809,2026-08-04,50000,Standard Grant,Collaborative Research: Research Initiation: Forming T-shaped Civil Systems Engineers in Western Pennsylvania via AI-enabled Communication Coach for Large-Scale Infrastructure,University of Pittsburgh
