id,date,estimatedTotalAmt,transType,title,awardeeName
1538998,2015-03-04,18000,Contract Interagency Agreement,National Medal of Science & Technology Innovation 2012-Honorees,Office of Science & Technology
1521666,2015-03-27,200000,Standard Grant,"EPSCoR Workshop Series: Innovation, Entrepreneurship, and Translational Research",University of Tennessee Knoxville
1457425,2015-06-05,989656,Continuing Grant,"Core Activities of the Committee on Science, Engineering, and Public Policy (COSEPUP)",National Academy of Sciences
1457769,2015-07-31,6000000,Cooperative Agreement,Guam Ecosystems Collaboratorium,University of Guam
1457888,2015-07-31,20000000,Cooperative Agreement,"RII Track-1: Arkansas Advancing and Supporting Science, Engineering, and Technology (ASSET) III - Multifunctional and Tunable Nanostructured Surfaces",Arkansas Science & Technology Authority
1458952,2015-07-31,20000000,Cooperative Agreement,RII Track-1: Gravitational Wave Astronomy and the Appalachian Freshwater Initiative,Higher Education Policy Commission
1538893,2015-07-31,4000000,Cooperative Agreement,"RII Track-2 FEC: Low-Cost, Efficient Next-Generation Solar Cells for the Coming Clean Energy Revolution",Brown University
1539034,2015-07-31,4000000,Cooperative Agreement,RII Track-2 FEC:  Bridging Cognitive Science and Neuroscience Using Innovative Imaging Technologies,Medical University of South Carolina
1539035,2015-07-31,6000000,Cooperative Agreement,RII Track-2 FEC: Feeding and Powering the World - Capturing Sunlight to Split Water  and Generate Fertilizer and Fuels,University of Mississippi
1539067,2015-07-31,5858210,Cooperative Agreement,RII Track-2 FEC: Developmental Chronnecto-Genomics (Dev-CoG): A Next Generation Framework for Quantifying Brain Dynamics and Related Genetic Factors in Childhood,The MIND Research Network
1539068,2015-07-31,5999853,Cooperative Agreement,"RII Track-2 FEC: Innovative, Broadly Accessible Tools for Brain Imaging, Decoding, and Modulation",University of Rhode Island
1539070,2015-07-31,5995869,Cooperative Agreement,RII Track-2 FEC: Unmanned Aircraft System for Atmospheric Physics,Oklahoma State University
1539071,2015-07-31,6000000,Cooperative Agreement,"RII Track-2 FEC: Strengthening the scientific basis for making decisions about dams: Multi-scale, coupled-systems research on ecological, social, and economic trade-offs",University of New Hampshire
1539105,2015-07-31,4000000,Cooperative Agreement,"RII Track-2 FEC: Catalysis for Renewables: Applications, Fundamentals and Technologies (CRAFT)",University of Kansas Center for Research Inc
1541079,2015-07-31,20000000,Cooperative Agreement,RII Track-1: Louisiana Consortium for Innovation in Manufacturing and Materials (CIMM),Louisiana Board of Regents
1545810,2015-09-03,510000,Continuing Grant,Core Support for the Federal Demonstration Partnership,National Academy of Sciences
1625595,2016-01-14,18000,Contract Interagency Agreement,"National Medal of Science, Technology and Innovation 2013-2014 Honorees",White House Staff Mess
1556770,2016-03-15,20000000,Cooperative Agreement,RII Track-1 Lake Champlain Basin Resilience to Extreme Events,University of Vermont & State Agricultural College
1557349,2016-04-29,20000000,Cooperative Agreement,RII Track-1: Ike Wai: Securing Hawaii's Water Future,University of Hawaii System
1639188,2016-05-27,48886,Standard Grant,Workshop on Assessing Performnce and Developing an Accountability System for Broadening Participation,University of Pennsylvania
1557417,2016-06-11,20000000,Cooperative Agreement,RII Track-1: Center for Root and Rhizobiome Innovation (CRRI),University of Nebraska
1641157,2016-07-14,99928,Standard Grant,EPS-WO: Extreme Climate Event Impacts on Aquatic Biogeochemical Cycles and Fluxes,University of Delaware
1643503,2016-07-26,461657,Standard Grant,25th NSF EPSCoR National Conference,University of Montana
1632892,2016-08-02,3898637,Cooperative Agreement,"RII Track-2 FEC: Improving Water Management, Treatment and Recovery in Oil and Gas Production",University of Kansas Center for Research Inc
1632899,2016-08-02,5999113,Cooperative Agreement,RII Track-2 FEC. Collaborative Research and Education on Synergized Transformational Solar Chemical Looping and Photo-Ultrasonic Renewable Biomass Refinery,Jackson State University
1632854,2016-08-03,3999625,Cooperative Agreement,"RII Track-2 FEC: Assembling Successful Structures: Lignin Beads for Sustainability of Food, Energy, and Water Systems",Louisiana State University Agricultural Center
1632824,2016-08-05,4000000,Cooperative Agreement,"RII Track-2 FEC: Center for a Sustainable Water, Energy, and Food Nexus (SusWEF)",University of Puerto Rico Mayaguez
1632825,2016-08-05,4000000,Cooperative Agreement,RII Track-2 FEC: Emergent Polymer Sensing Technologies for Gulf Coast Water Quality Monitoring,University of Southern Mississippi
1632888,2016-08-05,3837645,Cooperative Agreement,RII Track-2 FEC: Sensing and Educating the Nexus to Sustain Ecosystems (SENSE). A Kentucky-West Virginia Partnership,Murray State University
1632810,2016-08-12,6000000,Cooperative Agreement,"RII Track-2 FEC: Sustainable socio-economic, ecological, and technological scenarios for achieving global climate stabilization through negative CO2 emission policies",Montana State University
1632738,2016-08-19,6000000,Cooperative Agreement,RII Track-2 FEC: Neural Basis of Attention,Dartmouth College
1632849,2016-08-19,6000000,Cooperative Agreement,RII Track-2 FEC: Neural networks underlying the integration of knowledge and perception,University of Delaware
1632881,2016-08-19,6000000,Cooperative Agreement,RII Track-2 FEC: The Creation of Next-Generation Tools for Neuroscience - Noninvasive Radioluminescence Approaches to Optogenetics,Clemson University
1632891,2016-08-19,6000000,Cooperative Agreement,RII Track-2 FEC: Probing and Understanding the Brain: Micro and Macro Dynamics of Seizure and Memory Networks,Louisiana Tech University
1650215,2016-09-07,484727,Standard Grant,STEM Evaluation Community Project,Education Development Center
1656104,2016-09-08,211502,Standard Grant,Work Life Balance Policy for the HBCU Context,Louisiana State University
1649095,2016-09-12,272243,Standard Grant,NSF INCLUDES: QEM Design & Development Launch Pilot (DDLP) Project in Partnership with HBCUs and TCUs,QEM Network HQ
1649201,2016-09-12,300000,Standard Grant,Collaborative Research: Creating Academic Pathways in STEM (CAPS): A Model Ecosystem for Supporting Two-Year Transfer,University of Colorado at Boulder
1649255,2016-09-12,99982,Standard Grant,NSF INCLUDES: Building Diverse and Integrative STEM Continua Using Socio-environmental Systems In and Out of Neighborhoods (DISCUSSION),North Carolina Central University
1649263,2016-09-12,199940,Standard Grant,NSF INCLUDES: Building Diverse and Integrative STEM Continua Using Socio-environmental Systems In and Out of Neighborhoods (DISCUSSION),North Carolina Agricultural & Technical State University
1649320,2016-09-12,232512,Standard Grant,NSF INCLUDES: Consortium of Minority Doctoral Scholars (CMDS),University of Florida
1649323,2016-09-12,299705,Standard Grant,NSF Includes. FIRST TWO: Improving STEM persistence in the first two years of college.,"Associated Universities, Inc."
1649328,2016-09-12,67488,Standard Grant,Collaborative Research: NSF INCLUDES: Consortium of Minority Doctoral Scholars (CMDS),University of Wisconsin-Madison
1649380,2016-09-12,300000,Standard Grant,NSF INCLUDES:  Bay Area Regional Collaboration to Expand and Strengthen STEM (RECESS),University of California-San Francisco
1650158,2016-09-12,97661,Standard Grant,DCL: NSF INCLUDES Conference - Collaborative Research: Envisioning Impact,TERC Inc
1650289,2016-09-12,152420,Standard Grant,DCL: NSF INCLUDES Conference - Collaborative Research: Envisioning Impact,National Opinion Research Center
1650508,2016-09-12,249924,Standard Grant,"DCL NSF INCLUDES Workshop:  High-Leverage Problems, Useful Data, Formative Evaluation, Effective Communication",SRI International
1650510,2016-09-12,251993,Standard Grant,DCL: NSF INCLUDES: Informing the Design of the INCLUDES Alliances and National Network: An Intersectionality Approach,National Alliance for Partnerships in Equity Education Foundatio
1650548,2016-09-12,253576,Standard Grant,DCL: NSF INCLUDES Collective Impact as a Pathway to Reinvigorate Broadening Participation in STEM,University of California-San Diego
1643294,2016-09-13,9997722,Continuing Grant,AAAS Science & Technology Policy Fellowships,American Association for the Advancement of Science
1644492,2016-09-16,750000,Standard Grant,"Sexual Harassment in the Scientific and Technical Workforce And its Effects on the Careers of Scientists, Engineers, and Medical Professionals",National Academy of Sciences
1651159,2016-09-19,323450,Standard Grant,Planning Grant: Establishment of a Virtual Sponsored Research Office,Tuskegee University
1741276,2017-04-12,49850,Standard Grant,Assessing a Design Thinking Approach to APLU INCLUDES Summits,Association of Public and Land-Grant Universities
1724650,2017-05-16,571116,Continuing Grant,A Proposal to Support The Talent Development and Innovation in Sciences (TDIS) Internship Program,QEM Network HQ
1736026,2017-08-01,4000000,Cooperative Agreement,RII Track-2 FEC: Genomic Logic Underlying Adaptive Morphological Divergence,University of Puerto Rico-Rio Piedras
1736030,2017-08-01,5999124,Cooperative Agreement,RII Track-2 FEC: G2P in VOM: An Experimental and Analytical Framework for Genome to Phenome Connections in Viruses of Microbes,University of Delaware
1736123,2017-08-01,6000000,Cooperative Agreement,RII Track-2 FEC: Advanced Biomanufacturing: Catalyzing Improved Host Development and High Quality Medicines through Genome to Phenome Predictions,Clemson University
1736150,2017-08-01,3898499,Cooperative Agreement,RII Track-2 FEC-Genome to fitness: An Analysis of the Stress Response in Peromyscus,University of South Carolina at Columbia
1736192,2017-08-01,5783738,Cooperative Agreement,RII Track-2 FEC: Comparative Genomics and Phenomics Approach to Discover Genes Underlying Heat Stress Resilience in Cereals,University of Nebraska-Lincoln
1736249,2017-08-01,4000000,Cooperative Agreement,"RII Track-2 FEC: Using Natural Variation to Educate, Innovate, and Lead (UNVEIL): A Collaborative Research Network to Advance Genome-to-Phenome Connections in the Wild",University of Montana
1736253,2017-08-01,6000000,Cooperative Agreement,RII Track-2 FEC: Using Biophysical Protein Models to Map Genetic Variation to Phenotypes,Regents of the University of Idaho
1736255,2017-08-01,6000000,Cooperative Agreement,RII Track-2 FEC:  Building Genome-to-Phenome Infrastructure for Regulating Methane in Deep and Extreme Environments (BuG ReMeDEE),South Dakota School of Mines and Technology
1742862,2017-08-22,493604,Continuing Grant,Hispanic Association of Colleges and Universities (HACU) National Internship Program's NSF Scholars,Hispanic Association of Colleges and Universities
1738567,2017-08-24,137490,Standard Grant,RII Track-4:  Enhancing Interdisciplinary Graduate Studies and Research Funding Opportunities in Sensory Neurobiology through Studies of Crustacean Vision,University of Hawaii
1738564,2017-08-25,128020,Standard Grant,RII Track-4: Quantifying Muscle Assembly in Live C. elegans Using Super-Resolution Light Microscopy,University of South Alabama
1738591,2017-08-25,192114,Standard Grant,RII Track-4:   A role for epigenetic modifications driving seasonal patterns of reproduction?,North Dakota State University Fargo
1738865,2017-08-25,130772,Standard Grant,RII Track-4: Investigating Evolutionary Innovations through Metagenomics,Boise State University
1738575,2017-08-29,114510,Standard Grant,RII Track-4: Digital Alloy Contact Layers for Solar Cells,University of Vermont & State Agricultural College
1744446,2017-09-08,299903,Standard Grant,NSF INCLUDES DDLP:Diversifying Access to Urban Universities for Students in STEM Fields,University of Pittsburgh
1744455,2017-09-08,299979,Standard Grant,NSF INCLUDES DDLP American STEM Alliance Network Improvement Community,American Institutes for Research in the Behavioral Sciences
1744472,2017-09-08,299994,Standard Grant,NSF INCLUDES DDLP: IM STEM,National Alliance for Partnerships in Equity Education Foundatio
1744477,2017-09-08,299824,Standard Grant,NSF INCLUDES DDLP: EMERGE in STEM (Education for Minorities to Effectively Raise Graduation and Employment in STEM,North Carolina Agricultural & Technical State University
1744483,2017-09-08,299937,Standard Grant,NSF INCLUDES DDLP: American Indian Traditional Science Experience,University of Montana
1744490,2017-09-08,299473,Standard Grant,NSF INCLUDES DDLP: Leadership and iSTEAM for Females in Elementary school (LiFE): An Integrated Approach to Increase the Number of Women Pursuing Careers in STEM,New Jersey Institute of Technology
1738165,2017-09-12,267507,Standard Grant,RII Track-4: In Situ and Surface Sensitive Characterization of Fe-Ni(OH)2 Bimetallic Catalysts,University of Arkansas
1738287,2017-09-12,272091,Standard Grant,RII Track-4: Ab initio modeling of nuclear reactions for studies of nucleosynthesis and fundamental symmetries in nature,Louisiana State University
1738337,2017-09-12,251321,Standard Grant,RII Track-4: The Molecular Nature of Environmentally Persistent Free Radicals on Nanoparticles,University of South Carolina at Columbia
1738340,2017-09-12,286370,Standard Grant,RII Track-4: Molecular understanding of salt-induced selective aggregation and selective sorption of dissolved organic matter to natural particles,University of South Carolina at Columbia
1738386,2017-09-12,201677,Standard Grant,RII Track-4: Operando Analysis of Fuel Cell Materials at Advanced Light Source,University of New Mexico
1738497,2017-09-12,258968,Standard Grant,RII Track-4: Selection of methylxanthine-responsive aptamers,University of Alabama Tuscaloosa
1738547,2017-09-12,219964,Standard Grant,RII Track-4: Strengthening structural biology research with single particle cryo-electron microscopy (cryo-EM),University of Montana
1738594,2017-09-12,160423,Standard Grant,RII  Track-4: Mechanisms underlying transgenerational inheritance of the stress phenotype,"Board of Regents, NSHE, obo University of Nevada, Reno"
1738614,2017-09-12,134957,Standard Grant,RII Track-4: Deciphering sources and accumulation pathways of mercury in the tributaries and lake of a forested watershed using stable mercury isotopes,Dartmouth College
1738632,2017-09-12,155558,Standard Grant,RII Track-4: The distribution and origin of deep level charge trapping centers in large size high-purity germanium crystals,University of South Dakota Main Campus
1738633,2017-09-12,162105,Standard Grant,RII Track-4:Acquiring and propagating expertise in closed-loop precision optical control of neuronal activity using spatial light modulation (SLM) combined with multiphoton imaging,Brown University
1738662,2017-09-12,206164,Standard Grant,RII Track-4: Photovoltaic Based Physically Unclonable Functions (PUFs) for Vehicular Security,University of Kentucky Research Foundation
1738695,2017-09-12,153309,Standard Grant,RII Track-4: Development of high-purity Ge detector technology with LBNL for dark matter and neutrino physics,University of South Dakota Main Campus
1738698,2017-09-12,222122,Standard Grant,RII Track-4: Big Data and Massive Computation Approaches to Non-Equilibrium Dynamics of Strongly Correlated Materials,University of Alabama at Birmingham
1738707,2017-09-12,160614,Standard Grant,RII Track-4: Characterization of LPS-induced Hsc70 ligands as a means of defining the role of C-linked glycosylation in innate immunity.,Marshall University Research Corporation
1738708,2017-09-12,176284,Standard Grant,RII Track 4: Electronic Structure Calculations to Characterize Mechanisms of Regioselective Additions to Olefins and to Advance P-31 NMR as a Reporter of Catalytic Intermediates,Wichita State University
1738748,2017-09-12,131963,Standard Grant,RII Track-4: Paleoecological insights into the impacts of climate change on Vermont lakes,Norwich University
1738757,2017-09-12,176539,Standard Grant,RII Track-4: Dynamic Live Imaging and Manipulation of Migrating Collectives Inside Tissues,Kansas State University
1738770,2017-09-12,261542,Standard Grant,RII Track-4: Microscale processes controlling speciation and transformation of phosphorus in soils,University of Delaware
1738785,2017-09-12,193997,Standard Grant,RII Track-4: Using in-cell NMR to follow 13C-fluxomics in living cells,Boise State University
1738789,2017-09-12,125310,Standard Grant,RII Track-4: Comparative cityscape genomics of rats in four major cities,Providence College
1738817,2017-09-12,110413,Standard Grant,RII Track-4: Enhancement of technical and analytical skills for the application of genomics to research in molecular ecology and comparative phylogeography,University of Mississippi
1738834,2017-09-12,161681,Standard Grant,RII Track-4: Sharp arithmetic transitions and universality in one-frequency quasiperiodic systems,University of Mississippi
1738857,2017-09-12,213723,Standard Grant,RII Track-4: Governing Social-Ecological Transformation across Working Landscapes,University of Montana
1738861,2017-09-12,221867,Standard Grant,RII Track-4: Modeling Dissolved Organic Matter at the Arctic land/ocean interface.,University of Alaska Fairbanks Campus
1655221,2017-09-15,19000000,Cooperative Agreement,"RII Track-1: Rhode Island Consortium for Coastal Ecology Assessment, Innovation, and Modeling",University of Rhode Island
1655280,2017-09-15,20000000,Cooperative Agreement,RII Track-1: CPU2AL: Connecting the Plasma Universe to Plasma Technology in Alabama,University of Alabama in Huntsville
1655726,2017-09-15,20000000,Cooperative Agreement,RII Track-1: Linking Microbial Life to Ecosystem Services Across Wyoming's Dynamic Landscape,University of Wyoming
1655740,2017-09-15,20000000,Cooperative Agreement,RII Track 1: Materials Assembly and Design Excellence in South Carolina: MADE in SC,University of South Carolina at Columbia
1656006,2017-09-15,20000000,Cooperative Agreement,"RII Track-1: Microbiomes of Aquatic, Plant, and Soil Systems across Kansas",University of Kansas Center for Research Inc
1740991,2017-09-15,2051407,Standard Grant,Teaching Through Technology (T3) Alliance,University of Alaska Fairbanks Campus
1743856,2017-09-21,1098430,Continuing Grant,Reproducibility and Replicability in Science,National Academy of Sciences
1764404,2017-12-06,299536,Standard Grant,NSF INCLUDES DDLP - ACCEYSS: Association of Collaborative Communities Equipping Youth for STEM Success,Texas State University - San Marcos
1744523,2018-01-11,300000,Standard Grant,NSF INCLUDES DDLP:  Project SYSTEMIC (A Systems-Thinking Approach to STEM Ecosystem Development In Chicago),Project Exploration
1812795,2018-04-04,250000,Standard Grant,NSF INCLUDES Conference: A Convening on Community-Engaged Assessment,University of Cincinnati Main Campus
1812997,2018-06-21,232110,Standard Grant,DCL NSF INCLUDES: Bringing Conversations on Diversity and Inclusion in Data Science to the Ecological and Environmental Sciences,Battelle Memorial Institute
1834859,2018-06-27,64695,Standard Grant,Workshop: Environment and Security Science and the U.S. National Security Community,Ohio University
1833048,2018-07-20,219312,Standard Grant,RII Track-4: Pore-Scale Transport Phenomena in Li-O2 Battery Electrodes Characterized by Nano-Tomography,University of Kansas Center for Research Inc
1762395,2018-07-27,590000,Standard Grant,Promising Practices for Addressing the Underrepresentation of Women in STEM: A Comparative Analysis Across Scientific Disciplines,National Academy of Sciences
1826689,2018-08-15,4771722,Cooperative Agreement,RII Track-2 FEC:  From Genome to Phenome in a Stressful World: Epigenetic Regulatory Mechanisms Mediating Thermal Plasticity in Drosophila,University of Vermont & State Agricultural College
1826715,2018-08-15,5999995,Cooperative Agreement,"RII Track-2 FEC: A Multiscale, Multiphysics Modeling Framework for Genome-to Phenome Mapping via Intermediate Phenotypes",University of Kentucky Research Foundation
1826734,2018-08-15,5989591,Cooperative Agreement,RII Track-2 FEC: Single Cell Genome-to-Phenome: Integrating Genome and Phenome Analyses of Individual Microbial Cells in Complex Microbiomes,Bigelow Laboratory for Ocean Sciences
1826777,2018-08-15,3998680,Cooperative Agreement,RII Track-2FEC: Genomic Ecology of Coastal Organisms (GECO)? A Systems-Based Research and Training Program in Genome-Phenome Relationships in the Wild,University of New Hampshire
1826801,2018-08-15,6000000,Cooperative Agreement,RII Track-2 FEC: Genomics Underlying Toxin Tolerance (GUTT): Identifying Molecular Innovations that Predict Phenotypes of Toxin Tolerance in Wild Vertebrate Herbivores,Boise State University
1826820,2018-08-15,4000000,Cooperative Agreement,RII Track-2 FEC:  Building Field-Based Ecophysiological Genome-to-Phenome Prediction,Kansas State University
1826834,2018-08-15,5684002,Cooperative Agreement,"RII Track-2 FEC: Insect Cryobiology and Ecophysiology (ICE) Network: Integrating Genomics, Physiology, and Modeling",North Dakota State University Fargo
1826836,2018-08-15,4659406,Cooperative Agreement,RII Track-2 FEC: Systems Genetics Studies on Rice Genomes for Analysis of Grain Yield and Quality Under Heat Stress,University of Arkansas
1841156,2018-08-15,102500,Contract Interagency Agreement,National Academies of Science Innovation Prize Study,Department of Health & Human Services
1832790,2018-08-17,767320,Standard Grant,A Professional Development Workshop Series for STEM Faculty,Fielding Graduate University
1832791,2018-08-17,811490,Standard Grant,A Professional Development Workshop Series for STEM Faculty,"GPRA Strategic Management, Inc."
1832813,2018-08-20,196830,Standard Grant,RII Track-4 Biomass Burning Aerosols in the U.S. Southwest: Hygroscopic Properties from Emissions to Aging,New Mexico Institute of Mining and Technology
1832876,2018-08-20,96275,Standard Grant,RII Track-4: Advanced Control Strategies for Floating Offshore Wind Farms,University of Maine
1832882,2018-08-20,203346,Standard Grant,RII TRACK-4: Multiple Global Change Factors Control Forest Nitrogen Cycling - Remote Sensing and Machine Learning Identify Forest Function Across Developed Landscapes,University of Delaware
1832886,2018-08-20,162450,Standard Grant,RII Track-4: Diffuse Optical Imaging for Early Detection of Diabetic Polyneuropathy,University of Maine
1832888,2018-08-20,215522,Standard Grant,RII Track-4: A Multi-omic Approach Towards an Understanding of the Environmental Implications of Antibiotics on Soil Processes,Regents of the University of Idaho
1832889,2018-08-20,223144,Standard Grant,RII Track-4: Linking Chemistry to the Mechanics of Dynamic Hydrogel Interfaces,University of Kentucky Research Foundation
1832898,2018-08-20,246292,Standard Grant,RII Track-4: Designing Solution-Processed Hybrid Metamaterials via DNA Self-Assembly,University of Alabama at Birmingham
1832910,2018-08-20,214400,Standard Grant,RII Track-4: Using the Cryopreservation and Microfluidic Technologies to Engineer Bottlenose Dolphin Ovarian Function for Testing Marine Contaminants' Female Reproductive Toxicity,University of South Carolina at Columbia
1832944,2018-08-20,148739,Standard Grant,"RII Track-4: Time-Resolved Mossbauer Spectroscopy, a New Tool for Investigating Ultrafast Dynamics in Solid-State Photocatalytic and Photovoltaic Materials",University of Rhode Island
1832959,2018-08-20,147292,Standard Grant,RII Track-4: Next Generation Climate Modeling of Winter Climate in the United States,University of New Hampshire
1832961,2018-08-20,166612,Standard Grant,RII Track-4: Uniqueness and Quantitative Uniqueness of Solutions to Partial Differential Equations,Louisiana State University
1832963,2018-08-20,249201,Standard Grant,RII Track-4: Developing and Investigating Organic-Inorganic Hybrid Ultrathin Solid Electrolytes with NREL for Lithium Ion Batteries,University of Louisiana at Lafayette
1832967,2018-08-20,175230,Standard Grant,RII-Track 4: Investigation into Structure-Magnetism Correlations in 4d/5d Transition Metal Halides using Combined X-ray and Neutron Diffraction Techniques,Louisiana State University
1832970,2018-08-20,100613,Standard Grant,RII Track-4: Winter Weather Whiplash and its Impacts on Socio-Ecological Systems,University of New Hampshire
1832971,2018-08-20,162550,Standard Grant,RII Track-4: Event Based Approach to Model Indoor Airflow Patterns,Clemson University
1832973,2018-08-20,78421,Standard Grant,RII Track-4: Defining the Environment in Science and Policy,Bennington College
1832976,2018-08-20,177433,Standard Grant,RII Track-4: Finding Order in Chaos: a Systematic Approach to Turbulence Control for Drag Reduction,University of Nebraska-Lincoln
1832993,2018-08-20,250956,Standard Grant,RII Track-4: EASE - Functional Electrical Stimulation and Mechanical Actuation of Soft Exoskeletons,University of Alabama Tuscaloosa
1832997,2018-08-20,170846,Standard Grant,RII Track-4: Building Knowledge on Genotyping Seagrasses to Assess Competitive Interactions under Climate Change,University of The Virgin Islands
1833000,2018-08-20,272088,Standard Grant,RII Track-4: Terahertz Spintronics,University of Delaware
1833004,2018-08-20,188863,Standard Grant,"RII Track-4: Synthesis, Characterization and Applications of FRET based Ionic Materials",University of Arkansas Little Rock
1833005,2018-08-20,261503,Standard Grant,RII Track-4: A Reflective Learning and Association Control Framework based on Adaptive Dynamic Programming: Architecture and Applications in Robotics,South Dakota State University
1833015,2018-08-20,183362,Standard Grant,"RII Track-4: Experiments on a High Intensity, Coherent Plasma Laser through Stimulated Raman Backscattering",Delaware State University
1833016,2018-08-20,170046,Standard Grant,RII Track-4: Investigating 3-D Dispersed Smart Antenna Arrays for Nearly Full Spherical Scanning by New Radios (NRs),University of South Alabama
1833019,2018-08-20,123741,Standard Grant,RII Track-4: Using STM to Examine the Origin of Biological Homochirality in Amino Acids from Ultra-High Vacuum to Liquid Environments,University of Tulsa
1833020,2018-08-20,230932,Standard Grant,RII Track-4: Integrative Multimodal Strategies for Advancing Ecosystem Monitoring and Science Communication,University of Nebraska at Kearney
1833025,2018-08-20,197599,Standard Grant,RII Track-4: Using Novel Applications of Luminescence Techniques to Evaluate Channel Mobility and Bedrock Valley Development,Kansas State University
1833040,2018-08-20,179578,Standard Grant,RII-Track 4: Elucidating the Structure and Interactions of Complex Carbohydrates in Fungal and Plant Cell Walls via Dynamic Nuclear Polarization Solid-State NMR,Louisiana State University
1833047,2018-08-20,170494,Standard Grant,RII Track-4: Advanced Morphology Characterization of Nanostructured Cyclic and Linear Polymers and their Blends,Tulane University
1833053,2018-08-20,121325,Standard Grant,RII Track-4: Peering into Nature's Glass Boxes - using nano-Raman Spectroscopy to answer Novel Questions in Diatom-focused Environmental Research,Marine Environmental Sciences Consortium
1833056,2018-08-20,200382,Standard Grant,RII Track-4: Predicting Beaver Colonization of the Arctic and Creation of Tundra Stream Oases,University of Alaska Fairbanks Campus
1833057,2018-08-20,124580,Standard Grant,RII Track-4: Determining the Importance of Select Olfactory Proteins and Diapause-Related Protein in Aedes Albopictus Mosquitoes,Mississippi State University
1833065,2018-08-20,134930,Standard Grant,RII Track-4: A Functional Genomics Approach to Explain the Evolution of Large Bodies and Long Life Spans,University of South Alabama
1833069,2018-08-20,211356,Standard Grant,RII Track-4: Inverse Methods of Hydraulic Fracturing for Enhanced Geothermal Systems in a Deep Mine,South Dakota School of Mines and Technology
1833087,2018-08-20,166780,Standard Grant,RII Track-4: Pulse Radiolysis Studies of H2 Generation by [Cp*Rh] Complexes to Characterize Design Rules for Improved Catalysts,University of Kansas Center for Research Inc
1833095,2018-08-20,184689,Standard Grant,RII Track-4: Liquid Xenon Time Projection Chamber R&D on the Large Xenon Test Stand at LLNL,University of South Dakota Main Campus
1833098,2018-08-20,187301,Standard Grant,RII Track-4: Advancing Machine Learning in Biological Oceanography Through Interdisciplinary Collaborations,University of Alaska Fairbanks Campus
1833105,2018-08-20,220043,Standard Grant,"RII Track-4: Why are Young Volcanic Rocks Undateable: Chemistry, Environment, or Instrumentation?",University of Alaska Fairbanks Campus
1833108,2018-08-20,189945,Standard Grant,RII Track-4: Advanced Techniques for Assessing Toxicity and Chemical Uptake in Plants in Water Reuse Situations,University of Nevada Las Vegas
1849102,2018-08-21,299997,Standard Grant,EAGER: Creating a STEM Evaluation Community of Practice to use Culturally Responsive Evaluation (CRE) in Broadening participation (BP) Programs and Projects,University of Illinois at Urbana-Champaign
1841103,2018-08-30,737585,Standard Grant,26th NSF EPSCoR National Conference: Science and Partnerships Across Disciplinary Boundaries,University of South Carolina at Columbia
1810732,2018-09-04,5221393,Continuing Grant,Center for Advancing the Societal Impacts of Research,University of Missouri-Columbia
1757207,2018-09-14,20000000,Cooperative Agreement,"RII Track-1: The New Mexico SMART Grid Center: Sustainable, Modular, Adaptive, Resilient, and Transactive",University of New Mexico
1757220,2018-09-14,20000000,Cooperative Agreement,RII Track-1 Mississippi EPSCoR: Center for Emergent Molecular Optoelectronics (CEMOs),Mississippi State University
1757324,2018-09-14,20000000,Cooperative Agreement,RII Track-1: Linking Genome to Phenome to Predict Adaptive Responses of Organisms to Changing Landscapes,Regents of the University of Idaho
1757348,2018-09-14,20000000,Cooperative Agreement,RII Track-1: Fire and Ice: Navigating Variability in Boreal Wildfire Regimes and Subarctic Coastal Ecosystems,University of Alaska Fairbanks Campus
1757351,2018-09-14,20000000,Cooperative Agreement,RII Track-1 Consortium for Research on Environmental Water Systems,University of Montana
1757353,2018-09-14,19200000,Cooperative Agreement,RII Track 1: Water Security in Delaware's Changing Coastal Environment,University of Delaware
1757371,2018-09-14,20000000,Cooperative Agreement,RII-Track 1: New Hampshire Center for Multiscale Modeling and Manufacturing of Biomaterials (NH Bio-Made),University of New Hampshire
1826781,2018-09-14,3949065,Cooperative Agreement,RII Track-2 FEC: Functional Analysis of Nitrogen Responsive Networks in Sorghum,HudsonAlpha Institute for Biotechnology
1838548,2018-09-14,510000,Standard Grant,Core Support for the Federal Demonstration Partnership,National Academy of Sciences
1904154,2019-07-01,300000,Standard Grant,EAGER: Development of a Research Tool to Investigate Factors that Influence Researchers' Attitudes about Engagement in Public Science Events,University of Wisconsin-Madison
1849243,2019-07-02,17100000,Cooperative Agreement,"Center for the Advancement of Wearable Technologies (CAWT): Engineered (Bio)Interfaces, Energy Harvesting/Storage and Data Analytics for Health and Diagnostic Monitoring",University of Puerto Rico
1849213,2019-07-08,20000000,Cooperative Agreement,RII Track-1: Kentucky Advanced Manufacturing Partnership for Enhanced Robotics and Structures,University of Kentucky Research Foundation
1849227,2019-07-16,20000000,Cooperative Agreement,RII Track-1: Molecule to Ecosystem: Environmental DNA as a Nexus of Coastal Ecosystem Sustainability for Maine (Maine-eDNA),University of Maine
1854631,2019-07-30,98946,Standard Grant,EPSCoR Workshop on Water Security Planning and Management,University of Alabama Tuscaloosa
1920858,2019-08-08,3835497,Cooperative Agreement,RII Track-2 FEC: Consortium for Plant Invasion Genomics (CPING): Combining Big Data and Plant Collections to Understand Invasiveness,University of Louisiana at Lafayette
1920896,2019-08-08,3974003,Cooperative Agreement,RII Track-2 FEC: The Visual Experience Database: A Large-Scale Point-of-View Video Database for Vision Research,Bates College
1920920,2019-08-08,3999998,Cooperative Agreement,RII Track 2 FEC: Multi-Scale Integrative Approach to Digital Health: Collaborative Research and Education in Smart Health in West Virginia and Arkansas,West Virginia University Research Corporation
1920908,2019-08-09,6000000,Cooperative Agreement,RII Track-2 FEC: Leveraging Intelligent Informatics and Smart Data for Improved Understanding of Northern Forest Ecosystem Resiliency (INSPIRES),University of Maine
1920938,2019-08-09,3953265,Cooperative Agreement,RII Track-2 FEC: Resilience Informatics for the Convergence of Critical Capacities to Address Regional-scale Environmental Change,University of Nebraska-Lincoln
1920946,2019-08-09,3921229,Cooperative Agreement,RII Track-2 FEC: Marshalling Diverse Big Data Streams to Understand Risk of Tick-Borne Diseases in the Great Plains,University of Kansas Center for Research Inc
1920954,2019-08-09,6000000,Cooperative Agreement,RII Track-2 FEC: Data Driven Material Discovery Center for Bioengineering Innovation,South Dakota School of Mines and Technology
1920965,2019-08-09,3997879,Cooperative Agreement,RII Track-2 FEC: Collaborative Research: Harnessing Big Data to Improve Understanding and Predictions of Geomagnetically Induced Currents,University of Alaska Fairbanks Campus
1921199,2019-08-09,3991661,Cooperative Agreement,RII Track-2 FEC: Harnessing the Data Revolution for the Quantum Leap: From Quantum Control to Quantum Materials,Brown University
1923004,2019-08-09,5989336,Cooperative Agreement,RII Track-2 FEC: Computational Methods and Autonomous Robotics Systems for Modeling and Predicting Harmful Cyanobacterial Blooms,Dartmouth College
1938982,2019-08-28,15677445,Continuing Grant,AAAS Science & Technology Policy Fellowships 2019-2022,American Association for the Advancement of Science
1934844,2019-09-16,638751,Standard Grant,GCR: Microbial Response to a Changing Planet: The Role of Microbes in Mineral Precipitation Resulting in Exceptional Fossil Preservation and CO2 Sequestration,North Carolina State University
1934968,2019-09-16,800000,Standard Grant,GCR: Emotionally Responsive Computation and Communication,Columbia University
1849206,2019-09-18,20000000,Cooperative Agreement,"RII Track-1: Building on The 2020 Vision: Expanding Research, Education and Innovation in South Dakota",South Dakota Board of Regents
1928770,2019-11-26,245298,Standard Grant,RII Track-4: Transcriptome Profile and X Chromosome Dosage Compensation in the Zonary Placenta,Auburn University
1928819,2019-11-26,278362,Standard Grant,RII Track-4: Probing the Electronic States of Quantum-Confined Topological Insulator Nanostructures,University of Delaware
1929019,2019-11-26,237061,Standard Grant,RII Track-4: Novel Electrochemistry in Hybrid Organic-Inorganic Perovskite Materials,Brown University
1929086,2019-11-26,210567,Standard Grant,RII Track 4: Non-Reciprocal Spin-Wave Engineering in Chiral Magnets,Oklahoma State University
1929096,2019-11-26,136581,Standard Grant,RII Track-4: The Rational Design of Higher Energy Barrier Molecular Magnets,Louisiana Tech University
1929112,2019-11-26,202866,Standard Grant,RII Track--4: Controlling Point-Defect Energetics in Complex Oxides Via Interfacial Strain,University of Wyoming
1929122,2019-11-26,201326,Standard Grant,RII Track-4: Elucidating Enzyme-Ionic Liquid Interactions to Enable Effective Lignin Valorization,University of Kentucky Research Foundation
1929173,2019-11-26,165406,Standard Grant,"RII Track-4: Formation, Photolysis, and Bioaccumulation of Dissolved Hydrocarbons from Chemically-Herded and Burned Crude Oil at High Latitudes",University of Alaska Anchorage Campus
1929176,2019-11-26,190024,Standard Grant,RII Track-4: Applied Symplectic Topology,University of Mississippi
1929188,2019-11-26,213571,Standard Grant,RII Track-4: Mechanical Regulation of Intra-Nuclear Mechanics and Gene Transcription,Boise State University
1929206,2019-11-26,152050,Standard Grant,RII Track-4: Optimizing the Chemistry of Heterointerfaces in Photovoltaics: A Combination of Electronic Structure Calculations and Machine Learning Approach,Regents of the University of Idaho
1929210,2019-11-26,263334,Standard Grant,RII Track-4: Assessing the Capability of TEMPO Geostationary Satellite Observations of Formaldehyde to Constrain Volatile Organic Compound Emissions from Western U.S. Wildfire Smok,University of Montana
1929217,2019-11-26,126218,Standard Grant,RII Track 4: Arctic Nitrous Oxide (N2O): Training and Technical Advances to Quantify Emission of a Powerful Greenhouse Gas,University of Alaska Fairbanks Campus
1929148,2019-11-27,182185,Standard Grant,RII Track-4: Canary in the Watershed: Concentration-Discharge Relationships as a Sentinel of Change,University of New Hampshire
1929151,2019-11-27,182648,Standard Grant,RII Track-4: Quantifying Seismic Resilience of Multi-Functional Floor Isolation Systems through Cyber-Physical Testing,University of Oklahoma Norman Campus
1929155,2019-11-27,197913,Standard Grant,RII Track-4: Building the Next Generation Meteo-Hydrological Model for Hawaii,University of Hawaii
1929163,2019-11-27,274882,Standard Grant,RII Track-4: Deciphering the Role of Polarization on Ion Transport in Ionic Liquid Batteries,Oklahoma State University
1929167,2019-11-27,133971,Standard Grant,"RII Track-4: Penetrating the Inner Lives of Leaves to Breed Water-Wise Crops Using Math, 3D Imaging, and Experiments",University of Hawaii
1929170,2019-11-27,295256,Standard Grant,"RII Track-4: PermaSense: Investigating Permafrost Landscapes in Transition Using Multidimensional Remote Sensing, Data Fusion, and Machine Learning Techniques",University of Alaska Fairbanks Campus
1929187,2019-11-27,243635,Standard Grant,RII Track-4: Tailored Flow Boiling Mechanisms Using 3D Printed Multifunctional Wick Structures,Wichita State University
1929195,2019-11-27,183801,Standard Grant,RII Track-4: Electrochemical Modulation of Permeability and Selectivity of Conductive MXene Membranes,Auburn University
1928812,2019-12-02,233463,Standard Grant,RII Track-4:  Use of Positron Annihilation Lifetime Spectroscopy to Engineer Membrane Selective Layers,University of Alabama Tuscaloosa
1929080,2019-12-02,216093,Standard Grant,RII Track-4: Making Galaxies Out of An (Ultra) Light Invisible Matter Halo,University of New Hampshire
1929091,2019-12-02,238173,Standard Grant,RII Track-4: Harnessing Big Event Data with Heterogeneous Feature: Intelligent Food-Borne Outbreak Investigations and Beyond,University of Arkansas
1929097,2019-12-02,207462,Standard Grant,RII Track-4: Operating High Purity Germanium Detectors in Liquid Scintillator,University of South Dakota Main Campus
1929124,2019-12-02,223658,Standard Grant,RII Track-4: Turbulence Effects on Cloud Microphysical Processes: Development and Testing of Subgrid-Scale Parameterizations for Large Eddy Simulation,University of Oklahoma Norman Campus
1929127,2019-12-02,273734,Standard Grant,RII Track-4: Investigating Solar Wind-Magnetosphere Coupling,West Virginia University Research Corporation
1929138,2019-12-02,299204,Standard Grant,RII Track-4: Exploring Ferromagnetism in Two-Dimensional Van Der Waals Materials,Clemson University
1929143,2019-12-02,242123,Standard Grant,RII Track 4: Form Finding and Optimization of the Structural Foundations of Mega-Flora,South Dakota School of Mines and Technology
1929145,2019-12-02,174430,Standard Grant,RII Track-4: Establishing Baseline Critical Zone Conditions in Mississippi Prior to the Onset of Paleocene-Eocene Hyperthermals,University of Mississippi
1929147,2019-12-02,198686,Standard Grant,RII Track-4: Robust Matrix Completion State Estimation in Low-Observability Distribution Systems under False Data Injection Attacks,Kansas State University
1929174,2019-12-05,162010,Standard Grant,RII Track-4: Using Otolith Geochemistry to Understand the Ocean Ecology of a Changing Alaskan Salmon System,University of Alaska Fairbanks Campus
1929099,2019-12-19,233345,Standard Grant,RII Track-4: Real-Time Radiation Dosimetry Using Flash Memory,University of Alabama in Huntsville
1929117,2019-12-19,146483,Standard Grant,RII Track-4: Using Zircon (U-Th)/He Thermochronology to Explore a Link Between Mesozoic Tectonism and Nonmarine Sedimentation in the Eastern Tibetan Plateau,University of South Alabama
1929209,2020-01-30,217143,Standard Grant,RII Track-4: Adaptive Fault Detection and Diagnosis Based on Growing Gaussian Mixture Regressions for High-Performance HVAC Systems,University of Wyoming
1929068,2020-02-04,164733,Standard Grant,RII Track 4: Expanding Research Capacity across Arctic Systems: Expertise Development in Coupled Ice Sheet - Groundwater Processes,University of Montana
1929078,2020-02-04,260997,Standard Grant,RII Track-4: Visualization of Host-Microbe Interactions using CLASI-FISH,University of Rhode Island
1929113,2020-02-04,183436,Standard Grant,RII Track-4: High-Throughput Phenotyping and Analysis for the Study of Plant Robustness,Montana State University
1929136,2020-02-04,106184,Standard Grant,RII Track-4: Evolutionary Genomics of Multispecies Ecological Interactions,University of Mississippi
1929150,2020-02-04,227680,Standard Grant,Neutron Imaging Interferometry for Non-Destructive Testing,Louisiana State University
1929172,2020-02-04,148629,Standard Grant,RII Track-4: Understanding the Fundamental Thermal Physics in Metal Additive Manufacturing and its Influence on Part Microstructure and Distortion.,University of Nebraska-Lincoln
1929190,2020-02-04,212898,Standard Grant,RII Track-4: Quantum Control of Molecular Interactions with External Electromagnetic Fields: From Few to Many-Body Physics,"Board of Regents, NSHE, obo University of Nevada, Reno"
1929208,2020-02-04,300000,Standard Grant,RII Track-4: Mechanistic Design of Hierarchical Metal-MAX Multilayered Nanocomposites,"Board of Regents, NSHE, obo University of Nevada, Reno"
1929131,2020-02-13,179150,Standard Grant,RII Track-4:  Applying Transient Reflectance Spectroscopy to Decipher the Impact of Energetics and Electronic Coupling on Interfacial Recombination in Hybrid Halide Perovskites,University of Kentucky Research Foundation
1903738,2020-04-29,99608,Standard Grant,"EPS-WO Gateway for Education, Training, Broader Impacts and Outreach",University of South Dakota Main Campus
1946202,2020-05-06,20000000,Cooperative Agreement,"RII Track-1: ND-ACES: New Discoveries in the Advanced Interface of Computation, Engineering, and Science",North Dakota State University Fargo
1946352,2020-05-06,20000000,Cooperative Agreement,RII Track-1: Guam Ecosystems Collaboratorium for Corals and Oceans,University of Guam
1946391,2020-05-06,20000000,Cooperative Agreement,RII Track-1: Data Analytics that are Robust and Trusted (DART): From Smart Curation to Socially Aware Decision Making,Arkansas Science & Technology Authority
1946231,2020-05-15,20000000,Cooperative Agreement,RII Track-1: Louisiana Materials Design Alliance (LAMDA),Louisiana Board of Regents
2030857,2020-05-19,300000,Standard Grant,EAGER: Portable device for rapid and label-free identification of COVID-19 using an ultra-miniature handheld Raman spectrometer,Pennsylvania State Univ University Park
1946093,2020-05-28,20000000,Cooperative Agreement,"RII Track-1: Socially Sustainable Solutions for Water, Carbon, and Infrastructure Resilience in Oklahoma",Oklahoma State University
2022344,2020-06-01,689681,Continuing Grant,HACU National Internship Program NSF Summer Scholars,Hispanic Association of Colleges and Universities
1946412,2020-06-16,20000000,Cooperative Agreement,RII Track-1: Ridge to Reef Processes and Interdependent Drivers of Small Island Resilience,University of The Virgin Islands
2034659,2020-06-26,131507,Standard Grant,RII Track-4: Liquid Xenon Time Projection Chamber R&D on the Large Xenon Test Stand at LLNL,University of Kentucky Research Foundation
2028470,2020-07-31,49700,Standard Grant,Building an EPSCoR Community for Science and Technology Innovation,Arkansas Science & Technology Authority
2035215,2020-08-12,97067,Standard Grant,"NSF Convergence Accelerator: Socioresilient Infrastructure: Precision Materials, Assemblages, and Systems",Massachusetts Institute of Technology
2035223,2020-08-12,98800,Standard Grant,NSF Convergence Accelerator: Workshop on Design for a Circular Economy from Molecules to the Built Environment,University of Pittsburgh
2035307,2020-08-12,66596,Standard Grant,NSF Convergence Accelerator: Re-Think Nature for Innovative Solutions to Grand Challenges,"University of Maryland, College Park"
2035346,2020-08-12,33561,Standard Grant,NSF Convergence Accelerator: Workshop for the Development of Infrastructure for Distributed Bio-Manufacturing and Bio-Readiness,Trustees of Boston University
2019470,2020-08-19,3995366,Cooperative Agreement,RII Track-2 FEC: Harnessing Spatiotemporal Data Science to Predict Responses of Biodiversity and Rural Communities under Climate Change,University of Maine
2019528,2020-08-19,5994811,Cooperative Agreement,"RII Track-2 FEC: Highly Predictive, Explanatory Models to Harness the Life Science Data Revolution",University of Wyoming
2019609,2020-08-19,5830709,Cooperative Agreement,RII Track-2 FEC: Leveraging Big Data to Improve Prediction of Tick-Borne Disease Patterns and Dynamics,Regents of the University of Idaho
2019511,2020-08-21,5000000,Cooperative Agreement,RII Track-2 FEC: Precise Regional Forecasting via Intelligent and Rapid Harnessing of National Scale Hydrometeorological Big Data,University of Louisiana at Lafayette
2019561,2020-08-21,5998507,Cooperative Agreement,RII Track-2 FEC: IGM--A Framework for Harnessing Big Hydrological Datasets for Integrated Groundwater Management,University of Alabama Tuscaloosa
2019603,2020-08-21,5998875,Cooperative Agreement,RII Track-2 FEC: Aquatic Intermittency Effects on Microbiomes in Streams (AIMS),University of Kansas Center for Research Inc
2035349,2020-08-21,99175,Standard Grant,NSF Convergence Accelerator: Inauthentic Behavior in Online and Digital Systems,University of Chicago
2037573,2020-08-21,71248,Standard Grant,Advancing Sustainable Low Carbon Energy,University of Houston
2019574,2020-08-22,3979525,Cooperative Agreement,RII Track-2 FEC: Data-Enabled Discovery and Design to Transform Liquid-Based Energy Storage (D3TaLES),University of Kentucky Research Foundation
2019597,2020-08-22,6000000,Cooperative Agreement,RII Track-2 FEC: The IceCube EPSCoR Initiative (IEI) - IceCube and the Data Revolution,South Dakota School of Mines and Technology
2035358,2020-08-22,96096,Standard Grant,NSF Convergence Accelerator: Privacy and Pandemics: Responsible Use of Data During Times of Crisis,FPF Education and Innovation Foundation
2035385,2020-08-24,97484,Standard Grant,NSF Convergence Accelerator: Workshop on technological and societal hurdles facing carbon capture,University of Oklahoma Norman Campus
2020973,2020-08-25,273841,Standard Grant,GCR: Collaborative Research: Fine-grain generation of multiscale patterns in programmable organoids using microrobots,University of Delaware
2020983,2020-08-25,175000,Standard Grant,GCR: Collaborative Research: Fine-grain generation of multiscale patterns in programmable organoids using microrobots,Trustees of Boston University
2021069,2020-08-25,250000,Standard Grant,GCR: Collaborative Research: Fine-grain generation of multiscale patterns in programmable organoids using microrobots,Massachusetts Institute of Technology
2022768,2020-08-25,99512,Standard Grant,Building Entrepreneurship and Economic Development at EPSCoR's Historically Black Colleges and Universities (HBCUs),Alabama A&M University
2035359,2020-08-25,99220,Standard Grant,"NSF CONVERGENCE ACCELERATOR: Improving Online Education Through Technology, Research, And Data","Georgia State University Research Foundation, Inc."
2042854,2020-08-25,48732,Standard Grant,"Conference Proposal: Promoting Scientific Research and Development in the United States and Engaging Invested Stakeholders, Policymakers, and Students",William Marsh Rice University
2027097,2020-08-26,99999,Standard Grant,NSF2026: Conference Workshops to Identify Research Challenges at the Intersection of Energy and Equity in the Energy Transition,University of Massachusetts Amherst
2038196,2020-08-26,185330,Standard Grant,Collaborative Research: Cultivating Indigenous Research Communities for Leadership in Education and STEM - CIRCLES Alliance,North Dakota State University Fargo
2038203,2020-08-26,87850,Standard Grant,Collaborative Research: Cultivating Indigenous Research Communities for Leadership in Education and STEM - CIRCLES Alliance,Black Hills State University
2038204,2020-08-26,87152,Standard Grant,Collaborative Research: Cultivating Indigenous Research Communities for Leadership in Education and STEM - CIRCLES Alliance,University of New Mexico
2038212,2020-08-26,97510,Standard Grant,Collaborative Research Cultivating Indigenous Research Communities for Leadership in Education and STEM - CIRCLES Alliance,Central Wyoming College
2038271,2020-08-26,236250,Standard Grant,Collaborative Research: Cultivating Indigenous Research Communities for Leadership in Education and STEM - CIRCLES Alliance,University of Montana
2038371,2020-08-26,76051,Standard Grant,Collaborative Research: Cultivating Indigenous Research Communities for Leadership and Education in STEM (CIRCLES),Regents of the University of Idaho
2033868,2020-08-27,300000,Standard Grant,NSF2026: EAGER: Involving the Public in the Discovery of Undiscovered Public Knowledge,University of California-Irvine
2035365,2020-08-27,99998,Standard Grant,NSF Convergence Accelerator: Symposium on Predicting Extremes by Data-Driven Analytics,"University of Maryland, College Park"
2038037,2020-08-31,700672,Standard Grant,"27th Annual National EPSCoR Conference, Portland Maine",University of Maine
2038232,2020-09-03,299921,Standard Grant,EAGER: Exploring Convergence Research: An Initial Examination of What It Means and What It Hopes to Accomplish,Westat Inc
2051443,2020-09-08,289104,Standard Grant,RII Track-4: Mechanistic Design of Hierarchical Metal-MAX Multilayered Nanocomposites,Iowa State University
2050485,2020-09-11,500000,Standard Grant,"Addressing Diversity, Equity, Inclusion, and Anti-Racism in 21st Century STEM Organizations",National Academy of Sciences
2033828,2020-09-14,50791,Standard Grant,EAGER: Collaborative Research: NSF2026:  Is Plastic Degradation Occurring in the Deep Ocean Water Column?,University of Texas at Austin
2020751,2020-09-16,2082563,Continuing Grant,GCR: Collaborative Research: Jumpstarting Successful Open-Source Software Projects With Evidence-Based Rules and Structures,University of California-Davis
2020900,2020-09-16,1258863,Continuing Grant,GCR: Collaborative Research: Jumpstarting Successful Open-Source Software Projects With Evidence-Based Rules and Structures,University of Massachusetts Amherst
2031701,2020-10-27,168062,Standard Grant,RII Track-4: Understanding Reaction-Transport Coupling in High-Temperature Thermochemical Energy Storage Systems,Mississippi State University
2033424,2020-12-04,274544,Standard Grant,RII Track-4: Low-temperature Laser Sintering and Melting of Semiconductors Through Selective Excitation of Soft Phonons,"Board of Regents, NSHE, obo University of Nevada, Reno"
2033308,2020-12-07,214047,Standard Grant,Organobismuth Copolymers as Tunable High Refractive Index Materials,University of Hawaii
2033327,2020-12-07,183638,Standard Grant,RII Track-4: Experimentally-informed Mesoscale Modeling of Anisotropic Grain Boundary Solute Segregation in Nanocrystalline Alloys,Clemson University
2033397,2020-12-07,252491,Standard Grant,RII Track 4: Understanding Defect Chemistry in Sodium Chalcogenide Superionic Conductors by Advanced Neutron Technology,University of Louisville Research Foundation Inc
2032482,2020-12-09,154556,Standard Grant,"RII Track-4: Fast, Mass-Manufacture-Ready Prototyping of Microfluidic Water Purification Systems",University of Maine
2032910,2020-12-09,224104,Standard Grant,RII Track-4: Improving Understanding of River Flood Dynamics by Relating Flow and Sediment Movement to Shapes of River Dunes in three dimensions,University of New Orleans
2033292,2020-12-09,180120,Standard Grant,RII Track-4: Ecological Community Responses to Global Change: Predicting Effects on Community Dynamics and Ecosystem Stability,University of Wyoming
2033210,2020-12-10,209287,Standard Grant,RII Track 4: Metrology and spectroscopy of individual nanomagnets dynamics using quantum sensor-based (NV- center) nano-magnetometry,Wichita State University
2034110,2020-12-10,200513,Standard Grant,RII Track 4: Isolating the Role of Metal Centers in the Capacitive Behavior of Porous Framework Electrodes,Montana State University
2032701,2020-12-17,226757,Standard Grant,RII Track-4: Elucidating controls of sediment phosphorus delivery to tile-drains,University of Kentucky Research Foundation
2032810,2020-12-17,101854,Standard Grant,The Electronic Structure of the FeSe / Ti1+xO2 / SrTiO3 Interface,Francis Marion University
2033363,2020-12-17,180784,Standard Grant,RII Track-4: in situ SSNMR Spectroscopy of Base Catalysts Used to Produce Statin Drugs,University of Maine
2033441,2020-12-17,215821,Standard Grant,RII Track-4: Molecular Visualization by Single Particle Cryo-Electron Microscopy,University of Nebraska-Lincoln
2032522,2020-12-18,185306,Standard Grant,"RII Track-4: Data-Driven Navigation, Path Planning, and Coordination of Mobile Robots in Fluids",University of Hawaii
2032938,2020-12-18,258545,Standard Grant,RII Track 4: Development of Rigorous Techniques to Detect Polar Pesticides at Low Concentrations,University of Kentucky Research Foundation
2033131,2020-12-18,212530,Standard Grant,RII Track-4: Pressure Tuning of Magnetic Topological Insulators using Synchrotron X-ray Techniques,University of Alabama at Birmingham
2033199,2020-12-18,125061,Standard Grant,RII Track-4: Technology Development for the Next-Generation of Ground-Based Cosmic Microwave Background Instrumentation at Argonne National Lab,University of New Mexico
2033379,2020-12-18,190322,Standard Grant,RII Track-4: Partnership Between the University of Wyoming and the Missoula Fire Sciences Laboratory in Multi-Scale Wildland Fire Research,University of Wyoming
2033380,2020-12-18,232500,Standard Grant,RII Track 4: Heavy Element Isotopic Characterization of Stardust,University of Louisiana at Lafayette
2033399,2020-12-18,256124,Standard Grant,RII Track-4: Exploiting Thermoacoustic Assonance to Enrich Multifunctional Meta-Structures,Oklahoma State University
2032756,2021-01-11,187257,Standard Grant,RII Track-4: mRNA processing and adaptation to the environment,North Dakota State University Fargo
2033328,2021-01-11,164338,Standard Grant,RII Track-4: Understanding Phase-Change Nanodevices for Cognitive-inspired Computing Applications.,University of Puerto Rico Mayaguez
2033355,2021-01-11,191781,Standard Grant,RII Track 4: Probabilistic Dynamic Control Stability Analysis in Power Grids with High Penetration of Renewable Resources,North Dakota State University Fargo
2033376,2021-01-11,227876,Standard Grant,RII Track 4: Illuminating the Dark Subsurface using Fiber Optic Distributed Acoustic Sensing (DAS) Array,University of Oklahoma Norman Campus
2033454,2021-01-11,228110,Standard Grant,RII Track-4: van der Waals polaritonics for mid-infrared light emitters,Auburn University
2033823,2021-01-11,259569,Standard Grant,RII Track-4: Collaborative partnerships at the cusp of wildlife ecology and molecular biology,Brown University
2019596,2021-01-15,5987352,Cooperative Agreement,RII Track-2 FEC: From Ecosystems to Evolution: Harnessing Elemental Data to Detect Stoichiometric Control-Points and their Consequences for Organismal Evolution,University of Nebraska-Lincoln
2032919,2021-01-27,241424,Standard Grant,RII Track-4: Surviving climate change: The role of adaptation and acclimatization in tropical corals,University of Rhode Island
2033286,2021-01-27,175987,Standard Grant,RII Track-4: Physiology of Sulfate-Reducing Bacteria under Energy-Limiting conditions,University of Nevada Las Vegas
2033305,2021-01-29,109382,Standard Grant,RII-Track 4: Hidden Sectors at the Fermilab Short-Baseline Neutrino Program,Oklahoma State University
2104126,2021-02-02,99976,Standard Grant,Connecting Indigenous and Western Knowledge Systems for Student Success in STEM,University of Hawaii
2033364,2021-02-03,153509,Standard Grant,RII Track-4: Investigating the Effects of Faulting on Chemical Exchange Between Seawater and Earth’s Mantle at Slow Mid-Ocean Ridges,Bennington College
2122039,2021-02-23,95447,Standard Grant,Election Science: Convergence Accelerator Workshop Proposal,Massachusetts Institute of Technology
2122120,2021-02-26,100000,Standard Grant,NSF Convergence Accelerator: Accelerating Disability Inclusion in Workplaces through Technology,Wichita State University
2119533,2021-03-01,93546,Standard Grant,"NSF Convergence Accelerator: Sustainable Systems Enabling Food Security in Extreme Environments and Food Deserts employing a Convergence of Food, Energy, Water and Systems",University of Texas at El Paso
2054737,2021-03-22,49999,Standard Grant,"NSF EPSCoR Workshop: Artificial Intelligence (AI) with No-Boundary Thinking (NBT) to Foster Collaborations in Research, Education and Training",Arkansas State University Main Campus
2125017,2021-03-22,99999,Standard Grant,Kickstarting Advances in Assistive and Rehabilitative Technologies,Georgia Tech Research Corporation
2119916,2021-03-29,299973,Standard Grant,EAGER: Exploratory research on the dynamics of convergence in interdisciplinary teams,Michigan State University
2044049,2021-03-31,20000000,Cooperative Agreement,RII Track-1: Emergent Quantum Materials and Technologies (EQUATE),University of Nebraska
2124634,2021-04-12,99274,Standard Grant,NSF Convergence Accelerator Workshop: Integrated research on societal infrastructure resilience to stressing events through interdisciplinary and transdisciplinary convergence,University of Southern California
2123085,2021-04-29,99316,Standard Grant,"Coastal Sustainability: Clean, Safe, Smart, and Equitable Communities",Northeastern University
2119846,2021-05-04,98000,Standard Grant,Reimagining Advanced Research for Human Good through Industry and Educational Partnerships,IBM Thomas J Watson Research Center
2122643,2021-05-05,77000,Standard Grant,NSF Convergence Accelerator Workshop -- Accelerating Translational Materials R&D for Global Challenges,IBM Thomas J Watson Research Center
2033483,2021-05-06,77454,Standard Grant,"Building Research Cyberinfrastructure in EPSCoR Jurisdictions: Assessment, Planning and Partnerships",University of Hawaii
2033514,2021-05-06,9635,Standard Grant,"Building Research Cyberinfrastructure in EPSCoR Jurisdictions: Assessment, Planning and Partnerships",Montana State University
2033519,2021-05-06,10000,Standard Grant,"Building Research Cyberinfrastructure in EPSCoR Jurisdictions: Assessment, Planning and Partnerships","Board of Regents, NSHE, obo University of Nevada, Reno"
2121677,2021-05-21,99277,Standard Grant,NSF Convergence Accelerator Workshop: Coastal Biocultural Restoration as a Nexus for Innovation,PURPLE MAI`A FOUNDATION
2033382,2021-05-24,242848,Standard Grant,RII Track-4:  Statistically Significant Signatures of Dark Matter from Astrophysical Observations (WoU-MMA),Dartmouth College
2033452,2021-05-28,160235,Standard Grant,RII-Track 4 - Experiencing The Matrix of Power Dynamics For Undergraduate And Graduate Black Women In Computing to Understand their Intersectional Experiences,Auburn University
2125922,2021-08-19,99528,Standard Grant,Workshop on Enhancing Postdoctoral Professional Skills to Advance Research and Workforce Development,University of New Mexico
2128739,2021-08-31,149998,Standard Grant,FW-HTF-P: Engaging Stakeholders to Understand and Prepare for Future Work and Future Technology in the Home Care Setting,Rand Corporation
2128863,2021-08-31,37026,Standard Grant,Collaborative Research: FW-HTF-P: Supporting future crisis line work through the inclusive design of worker-facing tools that empower self-management of wellbeing and performance,Dartmouth College
2128864,2021-08-31,37000,Standard Grant,Collaborative Research: FW-HTF-P: Supporting future crisis line work through the inclusive design of worker-facing tools that empower self-management of wellbeing and performance,Stanford University
2128865,2021-08-31,35767,Standard Grant,Collaborative Research: FW-HTF-P: Supporting future crisis line work through the inclusive design of worker-facing tools that empower self-management of wellbeing and performance,University of Wisconsin-Madison
2128866,2021-08-31,37000,Standard Grant,Collaborative Research: FW-HTF-P: Supporting future crisis line work through the inclusive design of worker-facing tools that empower self-management of wellbeing and performance,University of Delaware
2129012,2021-08-31,150000,Standard Grant,FW-HTF-P: Future of Work for Strength and Movement Training Professionals,Harvard University
2132150,2021-09-01,190982,Standard Grant,RII Track-4:FAST: An investigation of tropical cyclone intensity using synthetic aperture radars and complementary satellite ocean observations,University of Hawaii
2132160,2021-09-01,231896,Standard Grant,RII Track-4:FAST: Numerical Simulations of Bose-Einstein Condensates in Microgravity (NumeriCAL),Middlebury College
2140950,2021-09-10,749866,Standard Grant,Implementation and Evaluation of the ARIS Broader Impacts Toolkit,Rutgers University New Brunswick
2119435,2021-09-16,3999960,Cooperative Agreement,RII Track-2 FEC: Fundamental Insights into the Durability and Efficiencies of CO2 Electrolyzers,Louisiana State University
2119485,2021-09-16,3995000,Cooperative Agreement,RII Track-2 FEC: Advancing Research Towards Industries of the Future to Ensure Economic Growth for EPSCoR Jurisdictions - Advanced Wireless - Integration with Infrastructure System,University of Vermont & State Agricultural College
2119551,2021-09-16,3992769,Cooperative Agreement,RII Track-2 FEC: Critical Resource Availability for the Future of the Renewable Energy Industry: Critical Minerals and Ground Water Resources in Iowa and Kansas,University of Iowa
2119654,2021-09-16,3832326,Cooperative Agreement,RII Track 2 FEC: Enabling Factory to Factory (F2F) Networking for Future Manufacturing,University of South Carolina at Columbia
2119688,2021-09-16,6000000,Cooperative Agreement,RII Track-2 FEC: Tri-state Research Institute of Manufacturing for Managing CO2 (TRIMMing CO2),University of Louisiana at Lafayette
2119691,2021-09-16,5977484,Cooperative Agreement,RII Track-2 FEC: Artificial Intelligence on Sustainable Energy Infrastructure Network (AI SUSTEIN)  and Beyond towards Industries of the Future,North Dakota State University Fargo
2119754,2021-09-16,4000000,Cooperative Agreement,RII Track-2 FEC - Advanced Manufacturing of Renewable and Recyclable Polymers,University of Kansas Center for Research Inc
2119809,2021-09-16,3974309,Cooperative Agreement,"RII Track-2 FEC: Developing a Circular Bio-Based Framework For Architecture, Engineering and Construction Through Additive Manufacturing",Regents of the University of Idaho
2121410,2021-09-16,3993756,Cooperative Agreement,RII Track-2 FEC: Genome Engineering to Sustain Crop Improvement (GETSCI),University of Hawaii
2128926,2021-09-17,3574513,Standard Grant,FW-HTF-T/Collaborative Research: Occupational Exoskeletons and the Human-Technology Partnership: Achieving Scale and Integration into the Future of Work,Virginia Polytechnic Institute and State University
2128946,2021-09-17,424991,Standard Grant,FW-HTF-T/Collaborative Research: Occupational Exoskeletons and the Human-Technology Partnership: Achieving Scale and Integration into the Future of Work,University of South Florida
2141337,2021-09-17,100000,Standard Grant,"Monitoring, Mitigating, and Leveraging the Long-Term impact of COVID-19 on the Future Careers of Women in STEM: A Workshop",National Academy of Sciences
2140483,2021-09-21,135177,Standard Grant,Workshop on Leadership: Increasing Leaders from Historically Under-Represented Groups,Pennsylvania State Univ University Park
2150816,2021-11-01,152050,Standard Grant,RII Track-4: Optimizing the Chemistry of Heterointerfaces in Photovoltaics: A Combination of Electronic Structure Calculations and Machine Learning Approach,University of Mississippi
2114138,2021-11-30,800000,Continuing Grant,"Core Support for Committee on Science, Engineering, Medicine, and Public Policy",National Academy of Sciences
2207183,2022-01-06,97879,Standard Grant,"Planning: Planning Grant for EPSCOR Chemurgy 2.0 - Advanced Biomanufacturing for Next-Generation, Bio-inspired Products",Iowa State University
2154341,2022-01-11,49500,Standard Grant,"National Science, Technology, and Security Roundtable",National Academy of Sciences
2208858,2022-01-11,94665,Standard Grant,Planning: Glaciers To Gulf Meeting,University of Alaska Fairbanks Campus
2210512,2022-01-13,99999,Standard Grant,Planning: Capacity Building for a New RII Track-1 in Vermont,University of Vermont & State Agricultural College
2210336,2022-01-23,100000,Standard Grant,Planning: ADAPT in SC: AI-enabled Devices for the Advancement of Personalized and Transformative Healthcare in South Carolina,Clemson University
2200451,2022-01-25,726219,Continuing Grant,A proposal to Support the Talent Development and Innovation in Sciences (TDIS) Internship Program,QEM Network HQ
2131696,2022-01-27,176688,Standard Grant,RII Track-4:NSF: Isolated Amorphous Microgrid Design with Accelerated Power System Analysis and Network Layout (IMPALA),University of Alaska Fairbanks Campus
2131853,2022-01-27,220480,Standard Grant,RII Track-4:NSF: Amplification of drought effects on vegetation by anthropogenic warming,University of Iowa
2131860,2022-01-27,163299,Standard Grant,RII Track-4:NSF:Chloroplast retrograde signaling during plant immunity: integrating signal transduction and cellular dynamics,University of Arkansas
2131863,2022-01-27,151647,Standard Grant,RII Track-4:NSF: Tracking assembly intermediates of the Photosystem II oxygen-evolving complex,Louisiana State University
2131902,2022-01-27,219836,Standard Grant,RII Track-4:NSF: Structures of Membrane Protein Assemblies Resolved by Cryogenic Electron Microscopy,University of Nebraska-Lincoln
2131916,2022-01-27,136638,Standard Grant,RII Track-4:NSF Engineering mixed microbial communities & bioreactor configurations to optimize biotransformation processes for metal and metalloid bioremediation and biorecovery,Montana State University
2131942,2022-01-27,173392,Standard Grant,RII Track-4: NSF: Simulation and Modeling of Turbulent Flow Control via Flow-Dependent Anisotropic Surface Textures,University of Mississippi
2131951,2022-01-27,168980,Standard Grant,RII Track-4:NSF: Assessment of Multiscale Air Quality Model (CMAQ) Representation of Spatiotemporal Atmospheric Nitrate Chemical Production in New England,Brown University
2132003,2022-01-27,200812,Standard Grant,RII Track-4: Research and Development of Ring-Contact Germanium Detectors,University of South Dakota Main Campus
2132013,2022-01-27,264755,Standard Grant,RII Track-4:NSF: Relational Algebra on Heterogeneous Extreme-scale Systems,University of Alabama at Birmingham
2132018,2022-01-27,130664,Standard Grant,RII Track-4: Superparamagnetic Iron Oxide Nanoparticles as Recoverable Microwave Susceptors for Pre-hydrolysis of Waste Activated Sludge prior to Anaerobic Digestion,University of Maine
2132021,2022-01-27,229612,Standard Grant,RII Track-4 NSF: Novel Structure and Properties of Hybrid Electrolytes for Lithium Metal Batteries,South Dakota State University
2132037,2022-01-27,155532,Standard Grant,RII Track-4: NSF: Inhibition of Catalytic Deactivation Mechanisms during CO2 Utilization,Louisiana State University
2132038,2022-01-27,134077,Standard Grant,RII Track-4:NSF: The Epistemology of Agricultural Science,University of Kentucky Research Foundation
2132055,2022-01-27,240597,Standard Grant,RII Track-4:NSF: Atomic-Scale Understanding of the Self-Healing Mechanisms of Ionic Polymers,University of Vermont & State Agricultural College
2132060,2022-01-27,199822,Standard Grant,RII Track-4:NSF: Safety Validation of Autonomous Systems from Multiple Sources of Information,West Virginia University Research Corporation
2132116,2022-01-27,162551,Standard Grant,RII Track-4:NSF: Understanding the role of surface interactions in co-assembly of spherical and rod-shaped colloids,Louisiana State University
2132131,2022-01-27,257035,Standard Grant,RII Track-4:NSF: Unveiling the structure and thermodynamic stability of pre-nucleation clusters and their role in multistep nucleation,Iowa State University
2132144,2022-01-27,196435,Standard Grant,RII Track-4: NSF: Elucidating heterogeneous single chain conformation and dynamics in thin films through optical imaging,University of Southern Mississippi
2132167,2022-01-27,159156,Standard Grant,RII Track-4:NSF:Measurement of charge exchange X-ray spectra using the NIST EBIT and TES microcalorimeter array,University of New Hampshire
2132175,2022-01-27,221015,Standard Grant,RII Track-4: NSF: Toward Tracking Organic Carbon Cycling in a Changing Arctic Ocean using Optical Properties and Numerical Modelling,University of New Hampshire
2132182,2022-01-27,276998,Standard Grant,RII Track-4:NSF:Multimodal imaging of large-scale neural networks for optimized neurostimulation,University of Oklahoma Norman Campus
2132195,2022-01-27,180493,Standard Grant,RII Track-4: The Integration of Plasmonic Nanoantenna and Super-hydrophobic Surface for Ultrasensitive Fluorescence CRISPR Biosensing,University of Nevada Las Vegas
2132212,2022-01-27,247909,Standard Grant,RII Track-4:NSF: DyG-MAP: Fast Algorithms for Mining and Analysis of Evolving Patterns in Large Dynamic Graphs,University of New Orleans
2132217,2022-01-27,112967,Standard Grant,RII Track-4: NSF: Does warming-driven root damage lead to drought stress in declining yellow-cedar trees?,University of Alaska Fairbanks Campus
2132223,2022-01-27,169803,Standard Grant,RII Track-4:NSF: Exploring the Potential of ANNIE Physics Phase and Beyond,South Dakota School of Mines and Technology
2132224,2022-01-27,263915,Standard Grant,RII Track-4: NSF: Establish predictive crystal plasticity models with complete deformation twinning mechanisms,"Board of Regents, NSHE, obo University of Nevada, Reno"
2132227,2022-01-27,154755,Standard Grant,RII Track-4:NSF: Enhancing Structural Science in the Rocky Mountain Northwest  Through Microcrystal Electron Diffraction (MicroED),University of Montana
2132235,2022-01-27,215035,Standard Grant,RII Track-4: NSF: Novel target-enriched genomic approaches to assess the diversity of Gorgonian Octocorals on Indo-Pacific Mesophotic Coral Reefs,University of Hawaii
2132238,2022-01-27,237651,Standard Grant,RII Track-4: Leveraging fermented foods to understand microbial interactions under changing environments and broaden scientific training opportunities,University of Hawaii
2213829,2022-01-28,99114,Standard Grant,Planning: NH EPSCoR RII Track-1 Planning Grant,University of New Hampshire
2118756,2022-02-11,4000000,Cooperative Agreement,RII Track-2 FEC: Rapid Qualification for Additively Manufactured Safety-Critical Components,Southern University
2119689,2022-02-11,3914106,Cooperative Agreement,RII Track-2 FEC: Natural Resource Supply Chain Optimization using Aerial Imagery Interpreted with Machine Learning Methods,University of Montana
2119237,2022-02-16,5997238,Cooperative Agreement,RII Track-2 FEC: Advancing Manufacturing and Biotechnology through an On-Demand Sensor Platform: Investments in the Development of Engineering Principles and the Future Workforce,University of New Hampshire
2119753,2022-02-16,5999428,Cooperative Agreement,"RII Track-2 FEC: BioWRAP (Bioplastics With Regenerative Agricultural Properties): Spray-on bioplastics with growth synchronous decomposition and water, nutrient, and agrochemical m",Kansas State University
2131996,2022-02-18,179061,Standard Grant,RII Track-4:NSF: Enhanced Multiscale Approaches for Simulations of Multicomponent Fluids with Complex Interfaces using Fluctuating Hydrodynamics,Clemson University
2138025,2022-02-18,510000,Continuing Grant,Core Support for the Federal Demonstration Partnership,National Academy of Sciences
2214502,2022-02-18,99966,Standard Grant,Planning: Idaho EPSCoR RII Track-1 Planning Grant,Regents of the University of Idaho
2214575,2022-02-18,100000,Standard Grant,Planning: Montana NSF ESPCoR RII Track-1 23-28 Planning Grant,Montana State University
2132161,2022-04-07,299323,Standard Grant,RII Track-4:NSF: Investigating Functional Neuronal Connections between Sensory and Motor Cortex using 3D Mesoscopic Optical Imaging Technique and Three-photon Microscopy,University of Oklahoma Norman Campus
2148653,2022-05-16,20000000,Cooperative Agreement,RII Track-1: Future Technologies and Enabling Plasma Processes,University of Alabama in Huntsville
2148788,2022-05-16,20000000,Cooperative Agreement,RII Track-1: Harnessing the Data Revolution for Fire Science,Nevada System of Higher Education
2148878,2022-05-16,20000000,Cooperative Agreement,RII Track-1: Adaptive and Resilient Infrastructures driven by Social Equity (ARISE),University of Kansas Center for Research Inc
2149105,2022-05-16,20000000,Cooperative Agreement,RII Track-1: Anticipating the Climate-Water Transition and Cascading Challenges to Socio-Environmental Systems in America's Headwaters,University of Wyoming
2149133,2022-05-16,20000000,Cooperative Agreement,RII Track-1: Change Hawaii: Harnessing the Data Revolution for Island Resilience,University of Hawaii
2202377,2022-06-15,99680,Standard Grant,"Workshop on Quantum Computing, Information, Science, and Engineering",Mississippi State University
2225837,2022-07-15,999125,Standard Grant,Using Mentored Research Relationships to Empower Underserved Students and Improve Early Retention in STEM Majors,University of Nebraska-Lincoln
2225845,2022-07-15,999976,Standard Grant,"RII-BEC: Grounding Science Education in Indigenous Knowledges, Food Systems, and Sustainability",University of South Dakota Main Campus
2225832,2022-07-28,998656,Standard Grant,"RII-BEC: Boosting Retention, Interest, and Diversity through Guided Experiences in STEM",HudsonAlpha Institute for Biotechnology
2217786,2022-08-01,4000000,Cooperative Agreement,RII Track-2 FEC: Laying the Foundation for Scalable Quantum Photonic Technologies,University of New Mexico
2218046,2022-08-01,6000000,Cooperative Agreement,RII Track 2 FEC: Building Research Infrastructure and Workforce in Edge Artificial Intelligence,University of South Alabama
2218054,2022-08-01,5999758,Cooperative Agreement,RII Track-2 FEC: Membrane Purification Platform for Continuous Biomanufacturing of Viral Vectors and Virus-like Particles in Arkansas and Beyond,University of Arkansas
2218063,2022-08-01,6000000,Cooperative Agreement,RII Track-2 FEC: Explainable and Adaptable Artificial Intelligence for Advanced Manufacturing,University of Maine
2218070,2022-08-01,4000000,Cooperative Agreement,RII Track-2 FEC:Cost-effective Conversion of Natural Gas and Biomass to Hydrogen and Performance Carbons,University of Oklahoma Norman Campus
2217824,2022-08-02,6000000,Cooperative Agreement,FII Track-2 FEC: Facilitating Ubiquitous Technology Utilizing Resilient Eco-friendly Sensors,Louisiana Tech University
2225771,2022-08-05,994852,Standard Grant,"RII-BEC: Co-Mentoring, Community Building, Career Development, and Content Area Research Experiences to Enhance Systemic Change in STEM",Northern Kentucky University
2225805,2022-08-08,999881,Standard Grant,RII-BEC: Training Diverse Scholars in Data Science to Understand the Brain and Behavior,University of Delaware
2225863,2022-08-08,999835,Standard Grant,R11-BEC: Mitigating COVID-19 Career Challenges with Research and Professional Development Training for Undergraduate Students and Mentors in Field-based Environmental Sciences,University of Kansas Center for Research Inc
2225816,2022-08-09,999999,Standard Grant,RII-BEC: Bridging Collaboration Across South Carolina Academic Institutions to Support Underserved and Underrepresented Community Needs,Clemson University
2225854,2022-08-09,1000000,Standard Grant,RII-BEC: Securing STEM Island Pathways,University of The Virgin Islands
2225852,2022-08-10,998670,Standard Grant,RII-BEC: Individual Based Talent Bridge from Minority-Serving Institutions to Graduate School and Energy Industry,University of Alabama Tuscaloosa
2225756,2022-08-16,999986,Standard Grant,RII-BEC: Transcending Barriers to Success in Economics for Underrepresented Students: Preparing COVID-Affected Students for Their Climate-Resilient Future,University of Hawaii
2225755,2022-08-24,999595,Standard Grant,RII-BEC: Enhancing the Transition of COVID-19 Disadvantaged Students from Undergraduate to Graduate Studies in STEM through Multi-Year Undergraduate Research Experiences,University of Nevada Las Vegas
2218983,2022-09-07,209167,Continuing Grant,"GCR: Collaborative Research: Relevant, Rich, and Realistic Representations of Housing, Well-Being, and Energy-Coupled Transitions",Colorado State University-Pueblo
2219181,2022-09-07,939616,Continuing Grant,"GCR: Collaborative Research: Relevant, Rich, and Realistic Representations of Housing, Well-Being, and Energy-Coupled Transitions",Yale University
2219189,2022-09-07,156305,Continuing Grant,"GCR: Collaborative Research: Relevant, Rich, and Realistic Representations of Housing, Well-Being, and Energy-Coupled Transitions",University of Illinois at Urbana-Champaign
2219236,2022-09-07,3600000,Continuing Grant,GCR: Community-Embedded Robotics: Understanding Sociotechnical Interactions with Long-term Autonomous Deployments,University of Texas at Austin
2219255,2022-09-07,2293920,Continuing Grant,"GCR: Collaborative Research: Relevant, Rich, and Realistic Representations of Housing, Well-Being, and Energy-Coupled Transitions",Colorado State University
2229434,2022-09-07,174864,Standard Grant,RII Track4: FAST Heat Transfer Enhancement of Cold Plates using Vortex Generators,Arkansas State University Main Campus
2218974,2022-09-08,638422,Continuing Grant,Collaborative Research: GCR: Infection-Resisting Resorbable Scaffolds for Engineering Human Tissue,Syracuse University
2219013,2022-09-08,675000,Continuing Grant,Collaborative Research: GCR: Infection-Resisting Resorbable Scaffolds for Engineering Human Tissue,SUNY at Binghamton
2219014,2022-09-08,1325000,Continuing Grant,Collaborative Research: GCR: Infection-Resisting Resorbable Scaffolds for Engineering Human Tissue,Stevens Institute of Technology
2219025,2022-09-08,505000,Continuing Grant,Collaborative Research: GCR: Infection-Resisting Resorbable Scaffolds for Engineering Human Tissue,CUNY City College
2219131,2022-09-08,454744,Continuing Grant,GCR: Infection-Resisting Resorbable Scaffolds for Engineering Human Tissue,University of Pennsylvania
2232070,2022-09-08,27266694,Continuing Grant,AAAS Science & Technology Policy Fellowships (2022-2027),American Association for the Advancement of Science
2230535,2022-09-09,306449,Cooperative Agreement,Research Security Training:  Risk Management and Mitigation,University of Pennsylvania
2230538,2022-09-09,499338,Cooperative Agreement,Research Security Training:  International Collaboration,"Associated Universities, Inc."
2245128,2022-10-12,202866,Standard Grant,RII Track--4: Controlling Point-Defect Energetics in Complex Oxides Via Interfacial Strain,Clemson University
2229772,2022-11-17,100876,Standard Grant,RII Track-4: NSF:  Advancing Resilient Microgrid Configurations Targeted to Rural and Island Communities,University of Alaska Anchorage Campus
2229724,2022-11-21,234032,Standard Grant,RII Track-4: NSF: Understanding the Nanoscale Incommensurate Modulated Structure in the Titanium Alloys,"Board of Regents, NSHE, obo University of Nevada, Reno"
2226563,2022-11-22,209274,Standard Grant,RII Track-4: NSF: Soft Architected Metamaterials for Extreme Energy Dissipation,University of Louisville Research Foundation Inc
2229004,2022-11-22,231806,Standard Grant,RII Track-4: NSF: Understanding Microstructure Evolution in Stimuli-Responsive Yield-Stress Fluid-Assisted 3D Printing: Linking Microstructures to Macroscale Rheological Properties,"Board of Regents, NSHE, obo University of Nevada, Reno"
2229555,2022-11-22,214494,Standard Grant,RII Track-4: NSF: An Integrated Multiphysics Machine Learning Modeling and Experimental Framework for Optimizing Micro-Needle Patches,University of Wyoming
2229636,2022-11-22,185120,Standard Grant,"RII Track-4:NSF:Understanding the Fundamental Physics of Acousto-Magnetic Microswimmers to Realize Precise, Tunable Motion at Microscales",University of Nebraska-Lincoln
2229666,2022-11-22,231682,Standard Grant,RII Track-4: NSF: Enabling Aberration-free Transcranial Photoacoustic Computed Tomography for Human Brain Imaging,University of Alabama Tuscaloosa
2229752,2022-11-22,286453,Standard Grant,RII Track-4:NSF: Fundamentals of Creating Trustworthy Medical Cyber-Physical Systems Under EMI Attacks,University of Louisiana at Lafayette
2229755,2022-11-22,191801,Standard Grant,RII Track-4: NSF: Data-driven Computational and Machine Learning Assessment of Structure-Toxicity Relationship of Micro/NanoPlastics,North Dakota State University Fargo
2229394,2022-11-29,275573,Standard Grant,RII Track-4: NSF: Massively Parallel Graph Processing on Next-Generation Multi-GPU Supercomputers,University of Alabama at Birmingham
2230557,2022-11-29,477403,Cooperative Agreement,Research Security Training: The Importance of Research Security,University of Alabama in Huntsville
2230530,2022-12-01,470808,Cooperative Agreement,Research Security Training: The Importance of Disclosure,The Texas A&M University System
2229278,2022-12-02,210430,Standard Grant,RII Track-4:NSF: From Analytic Number Theory to Harmonic Analysis,University of Mississippi
2227933,2022-12-15,200611,Standard Grant,RII Track-4:NSF: Coupling Magnetism and Photoluminescence in New Lanthanide Materials,Clemson University
2229756,2022-12-15,180463,Standard Grant,"RII Track-4 NSF: Robust, Predictive, and Learning Guidance Algorithms for On-Orbit Servicing and Assembly Using Multiple Space Systems",New Mexico State University
2229770,2022-12-15,220031,Standard Grant,RII Track-4: NSF: Gouge Mineral Strain Mapping under Shearing and Implications for EGS-Induced Seismicity,University of Alaska Fairbanks Campus
2229784,2022-12-15,237916,Standard Grant,RII Track-4:NSF: Programmed Material Transport Properties via Scalable Assembly Processes,University of Hawaii
2229274,2022-12-16,157688,Standard Grant,RII Track-4:NSF: Bioactive Surfaces Through Affinity Tag Protein-Polymer Conjugation,University of Southern Mississippi
2229305,2022-12-19,202433,Standard Grant,RII Track-4:NSF: Rational Design and Engineering of Composite Electrolytes for All-solid-state Li-S Batteries,University of New Mexico
2229695,2022-12-19,201579,Standard Grant,RII Track-4:NSF: Photochemical Studies of Isoprene Oxidation Products and their Atmospheric Implications,University of Louisiana at Lafayette
2229076,2022-12-21,248376,Standard Grant,"RII Track-4: NSF: Development, Characterization and Performance Evaluation of Surface Engineered Additively Manufactured Parts for Nuclear Reactors",University of North Dakota Main Campus
2229498,2022-12-21,264338,Standard Grant,RII Track-4:NSF: Spin-orbitronics in quantum materials for energy-efficient neuromorphic computing,University of Alabama at Birmingham
2229686,2022-12-21,250886,Standard Grant,RII Track-4: NSF: Obtaining Data Science Expertise to Enable Rapid Data Driven Material Discovery,University of Southern Mississippi
2242475,2022-12-22,100000,Standard Grant,Planning: Mississippi EPSCoR RII Track-1 Planning Grant,Mississippi State University
2229651,2023-01-09,193620,Standard Grant,RII Track-4:NSF: Unravelling Gating Mechanisms of Ion Channels Using  Computational  and Experimental Ultrafast  Vibrational Spectroscopy,University of Delaware
2229759,2023-01-09,137135,Standard Grant,RII Track-4: NSF: Source fingerprinting of mercury isotopes in thermokarst lake systems,University of Alaska Fairbanks Campus
2228903,2023-01-10,194928,Standard Grant,RII Track-4:NSF: Characterization of Extractable Organic Fluorine as an Indicator of Total PFASs to Close the Fluorine Mass Balance in Potable Reuse Scenarios,University of Alabama Tuscaloosa
2229746,2023-01-10,100607,Standard Grant,"RII Track-4:NSF:  The Monitoring of Invasive Yellow Sweet Clover Using Landsat/Sentinel-2, UAV Imagery and Machine Learning",University of South Dakota Main Campus
2228581,2023-01-11,140314,Standard Grant,RII Track-4:NSF:  ExoPRIME Technology and Mass Spectroscopy Proteomic Analysis of Immunocaptured Exosomes for Liquid Biopsy,Louisiana Tech University
2229308,2023-01-11,107567,Standard Grant,Transcriptomics Profiling of Vertebral Fusion in Evolution and Development,Montana State University
2229616,2023-01-11,259515,Standard Grant,RII Track-4: NSF:Assessing Dynamic Connectivity of Streams and Wetlands across Spatial and Human Gradients with Deep Learning,University of Kansas Center for Research Inc
2229696,2023-01-11,139022,Standard Grant,RII Track-4: NSF: Building Linkages: Assessing the Importance of Terrestrial Climate in Deglacial Ice Sheet Dynamics through Collaborative Research Capacity Building,Plymouth State University
2229735,2023-01-13,216478,Standard Grant,RII Track-4: NSF: Insights into Pathogenicity of Chlorine-Stressed Bacteria Using Combined In Vitro Assays and Metatranscriptomics,New Mexico State University
2244659,2023-01-13,100000,Standard Grant,Planning: South Dakota NSF EPSCoR Track-1 Planning Grant,South Dakota Board of Regents
2229313,2023-01-18,247686,Standard Grant,RII Track-4: NSF: Understanding Wildfire Risks to Drinking Water Source Waters: Pyrogenic Changes to Organic Matter and Disinfection By-product Formation,"Board of Regents, NSHE, obo University of Nevada, Reno"
2241675,2023-02-06,100000,Standard Grant,Planning: Maine EPSCoR RII Track-1 Planning Grant,University of Maine
2304076,2023-03-07,937960,Continuing Grant,HACU National Internship Program NSF Summer Scholars,Hispanic Association of Colleges and Universities
2323533,2023-03-21,247909,Standard Grant,RII Track-4:NSF: DyG-MAP: Fast Algorithms for Mining and Analysis of Evolving Patterns in Large Dynamic Graphs,University of Nevada Las Vegas
2242763,2023-05-05,20000000,Cooperative Agreement,RII Track-1: Building Capacity across Iowa to Meet Human Needs from Things that Grow,Iowa State University
2242769,2023-05-05,20000000,Cooperative Agreement,RII Track-1: Idaho Community-engaged Resilience for Energy-Water Systems (I-CREWS),Regents of the University of Idaho
2242771,2023-05-05,20000000,Cooperative Agreement,RII Track 1: West Virginia Network for Functional Neuroscience and Transcriptomics (WV-NFNT),Higher Education Policy Commission
2242802,2023-05-05,20000000,Cooperative Agreement,Research Infrastructure: RII Track 1: Integrating Montana's Environmental Research with Smart Sensors (IMERSS),Montana State University
2242812,2023-05-05,20000000,Cooperative Agreement,RII Track-1: AI-enabled Devices for the Advancement of Personalized and Transformative Healthcare in South Carolina,Clemson University
2242829,2023-05-05,20000000,Cooperative Agreement,"RII Track-1: Harnessing the Data Revolution for Vermont: The Science of Online Corpora, Knowledge, and Stories (SOCKS)",University of Vermont & State Agricultural College
2332471,2023-06-20,248376,Standard Grant,"RII Track-4: NSF: Development, Characterization and Performance Evaluation of Surface Engineered Additively Manufactured Parts for Nuclear Reactors",Iowa State University
2324325,2023-07-19,100000,Standard Grant,Conference: Inclusive Collaboration Resources: Enhancing Research Support Infrastructure at Minority Serving Institutions,University of California-Santa Barbara
2324666,2023-07-19,100000,Standard Grant,Conference: An HBCU Partnership to Enhance Research Support Services and Technical Training,Southern University
2324239,2023-07-24,100000,Standard Grant,Conference: NSF GRANTED: Improving the Research and Innovation Enterprise Across the Southwest Region,University of New Mexico
2324360,2023-07-24,100000,Standard Grant,Conference: Creation of a National Job Classification System for Research Administrators,University of Pittsburgh
2324648,2023-07-25,99998,Standard Grant,Conference: Creating Capacity and Connections to Expand Research Support Across the Northern Plains,South Dakota State University
2323953,2023-07-31,99001,Standard Grant,Conference: Increasing STEM Grant Capacity Across West Virginia,Higher Education Policy Commission
2324589,2023-08-01,99998,Standard Grant,Conference: GRANTED DCL: Arizona Regional Coalition of Leaders in Advanced Research Administration (CLARA),Arizona State University
2324590,2023-08-01,76818,Standard Grant,"Collaborative Research: Conference: Strategically Engaging Private Institutions at Building Research Infrastructure, Networks and Knowledge (BRINK) in the Emergence of Research",Lawrence Technological University
2324591,2023-08-01,22457,Standard Grant,"Collaborative Research: Conference: Strategically Engaging Private Institutions at Building Research Infrastructure, Networks and Knowledge (BRINK) in the Emergence of Research",University of South Florida
2324388,2023-08-02,100000,Standard Grant,"Conference: Research Analytics Summit: Building Capacity, Empowering Skill Transfer, and Energizing a Growing Community",University of Kentucky Research Foundation
2324412,2023-08-03,53374,Standard Grant,Collaborative Research: Conference: Convenings to Develop GRANTS MADE: Grant and Research Administration Networking and Training for Students at Maryland and Delaware MSIs,University of Maryland Baltimore County
2324413,2023-08-03,20125,Standard Grant,Collaborative Research: Conference: Convenings to Develop GRANTS MADE: Grant and Research Administration Networking and Training for Students at Maryland and Delaware MSIs,Delaware State University
2324414,2023-08-03,11000,Standard Grant,Collaborative Research: Conference: Convenings to Develop GRANTS MADE: Grant and Research Administration Networking and Training for Students at Maryland and Delaware MSIs,Morgan State University
2316126,2023-08-04,2435509,Cooperative Agreement,Collaborative Research: RII Track-2 FEC: Where We Live: Local and Place Based Adaptation to Climate Change in Underserved Rural Communities,Regents of the University of Idaho
2316127,2023-08-04,1775748,Cooperative Agreement,Collaborative Research: RII Track-2 FEC: Where We Live: Local and Place Based Adaptation to Climate Change in Underserved Rural Communities,"Board of Regents, NSHE, obo University of Nevada, Reno"
2316128,2023-08-04,1780000,Cooperative Agreement,Collaborative Research: RII Track-2 FEC: Where We Live: Local and Place Based Adaptation to Climate Change in Underserved Rural Communities,University of South Carolina at Columbia
2316271,2023-08-04,5999025,Cooperative Agreement,RII Track-2 FEC: Community-Driven Coastal Climate Research & Solutions for the Resilience of New England Coastal Populations,Brown University
2316278,2023-08-04,5995506,Cooperative Agreement,RII Track-2 FEC: Developing effective adaptation strategies to enhance the resilience of farmers under changing climate,Auburn University
2316295,2023-08-04,2896478,Cooperative Agreement,Collaborative Research: RII Track-2 FEC: Supporting rural livelihoods in the water-stressed Central High Plains: Microbial innovations for climate-resilient agriculture (MICRA),Kansas State University
2316296,2023-08-04,2101812,Cooperative Agreement,Collaborative Research: RII Track-2 FEC: Supporting rural livelihoods in the water-stressed Central High Plains: Microbial innovations for climate-resilient agriculture (MICRA),University of Nebraska-Lincoln
2316297,2023-08-04,999916,Cooperative Agreement,Collaborative Research: RII Track-2 FEC: Supporting rural livelihoods in the water-stressed Central High Plains: Microbial innovations for climate-resilient agriculture (MICRA),Langston University
2316351,2023-08-04,4000000,Cooperative Agreement,"RII-Track 2 FEC: Advancing Social and Environmental Equity through Plastics Research: Education, Innovation, and Inclusion (ASPIRE)",University of Southern Mississippi
2316355,2023-08-04,4000000,Cooperative Agreement,RII Track-2 FEC: Sustainable Engineering Infrastructures and Solutions for Tribal Energy Sovereignty,University of North Dakota Main Campus
2316366,2023-08-04,3716507,Cooperative Agreement,Collaborative Research: RII Track-2 FEC: Rural Confluence: Communities and Academic Partners Uniting to Drive Discovery and Build Capacity for Climate Resilience,Oklahoma State University
2316367,2023-08-04,1121341,Cooperative Agreement,Collaborative Research: RII Track-2 FEC: Rural Confluence: Communities and Academic Partners Uniting to Drive Discovery and Build Capacity for Climate Resilience,Louisiana State University
2316368,2023-08-04,1119211,Cooperative Agreement,Collaborative Research: RII Track-2 FEC: Rural Confluence: Communities and Academic Partners Uniting to Drive Discovery and Build Capacity for Climate Resilience,University of Nebraska-Lincoln
2316382,2023-08-04,3999169,Cooperative Agreement,"RII Track-2 FEC: An Interdisciplinary Program for Research, Education, and Outreach on Climate Change and Adaptive Resilience in the Yazoo - Mississippi Delta",Mississippi State University
2316399,2023-08-04,3427505,Cooperative Agreement,Collaborative Research: RII Track-2 FEC: STORM: Data-Driven Approaches for Secure Electric Grids,University of Maine
2316400,2023-08-04,750000,Cooperative Agreement,Collaborative Research: RII Track-2 FEC: STORM: Data-Driven Approaches for Secure Electric Grids,South Dakota State University
2316401,2023-08-04,760106,Cooperative Agreement,Collaborative Research: RII Track-2 FEC: STORM: Data-Driven Approaches for Secure Electric Grids,University of Puerto Rico Mayaguez
2316402,2023-08-04,1062339,Cooperative Agreement,Collaborative Research: RII Track-2 FEC: STORM: Data-Driven Approaches for Secure Electric Grids,University of Alaska Fairbanks Campus
2316481,2023-08-04,2000000,Cooperative Agreement,Collaborative Research: RII Track-2 FEC: Promoting N2O- and CO2-Relieved Nitrogen Fertilizers for Climate Change-Threatened Midwest Farming and Ranching,Iowa State University
2316482,2023-08-04,2000000,Cooperative Agreement,Collaborative Research: RII Track-2 FEC: Promoting N2O- and CO2-Relieved Nitrogen Fertilizers for Climate Change-Threatened Midwest Farming and Ranching,Wichita State University
2316502,2023-08-04,4000000,Cooperative Agreement,RII Track-2 FEC: Advancement of Microbial Technologies for Sustainable Agriculture,South Dakota State University
2324469,2023-08-08,99800,Standard Grant,Conference: Charting & Expanding Needed Trails to Research Administration & Leadership (CENTRAL),Association of Public and Land-Grant Universities
2324520,2023-08-14,100000,Standard Grant,Conference: Research Developers as Hubs of Support to Launch and Level Up Faculty's Research Careers and Nurturing Institutional Ecosystems,Nova Southeastern University
2328585,2023-08-17,99445,Standard Grant,Conference: NSF EPSCoR Workshop: Intelligent Manufacturing for Extreme Environments,Regents of the University of Idaho
2324405,2023-08-21,99846,Standard Grant,Conference: GRANTED Building a Regional Research Ecosystem among Emerging and Minority Serving Universities and Community Partners,Virginia Commonwealth University
2324517,2023-08-21,100000,Standard Grant,Conference: Distributed RD--Building A National Network of Enterprise Research Support for Primarily Undergraduate Institutions (BANNERS-PUI),Bryn Mawr College
2324640,2023-08-21,99979,Standard Grant,Conference: A Collaborative Approach towards Building Sustainable Research Capacity,Tarleton State University
2324502,2023-08-22,99578,Standard Grant,Conference: Enhancing CCC-CSU-UC Collaboration (EC3),Fresno City College
2324401,2023-09-06,77205,Standard Grant,Collaborative Research: Conference: Strategies to Mitigate Implicit Bias and Promote an Ethos of Care in the Research Enterprise: A Convening,Association of American Geographers
2324402,2023-09-06,22364,Standard Grant,Collaborative Research: Conference: Strategies to Mitigate Implicit Bias and Promote an Ethos of Care in the Research Enterprise: A Convening,University of Colorado at Colorado Springs
2327168,2023-09-08,188138,Standard Grant,"RII Track-4:@NASA: Automating Character Extraction for Taxonomic Species Descriptions Using Neural Networks, Transformer, and Computer Vision Signal Processing Architectures",University of Puerto Rico Mayaguez
2327252,2023-09-08,299984,Standard Grant,RII Track-4: @NASA: Investigation of Erosive Wear Resistance of Ceramic Parts Produced by Additive Manufacturing,University of Alaska Anchorage Campus
2327253,2023-09-08,299943,Standard Grant,"RII Track-4:@NASA: Enhancing Flood Detection and Mapping by Using PolSAR, Metaheuristic, and Deep Learning Algorithms",University of Hawaii
2327287,2023-09-08,299962,Standard Grant,RII Track-4: @NASA: Next Generation Hyperspectral Approaches to Detect Harmful Algal Blooms,College of Charleston
2327374,2023-09-08,291335,Standard Grant,RII Track-4:@NASA: Methane Dynamics Described Through the Fusion of Site and Satellite Data in Bottomland Hardwood Forested and Non-forested Wetlands,Murray State University
2327422,2023-09-08,300000,Standard Grant,RII Track-4:@NASA: Wind-induced noise in the prospective seismic data measured in the Venusian surface environment,University of Alaska Fairbanks Campus
2327438,2023-09-08,226917,Standard Grant,RII Track-4:@NASA: Bluer and Hotter: From Ultraviolet to X-ray Diagnostics of the Circumgalactic Medium,New Mexico State University
2327460,2023-09-08,293493,Standard Grant,"RII Track-4:@NASA: Investigation of Two-Phase Aerosol Formation, Transport, and Deposition in Aerosol Jet Printing for Submicron Manufacturing of Printed Electronic Devices",Marshall University Research Corporation
2327493,2023-09-08,299807,Standard Grant,RII Track-4:@NASA: Process-Structure-Property Relationship of the Hybrid Manufactured Multifunctional Mechano-Luminescence-Optoelectronic Fibers,New Mexico Institute of Mining and Technology
2327502,2023-09-08,247742,Standard Grant,RII Track-4:@NASA: Combining Physics and Deep Learning for Accurate River Discharge and Bathymetry Estimation from the Surface Water and Ocean Topography Mission,University of Hawaii
2331578,2023-09-13,9278960,Standard Grant,Expanding the NORDP Consultants Program to Sixteen Minority Serving Institutions,Emory University
2324340,2023-09-14,99863,Standard Grant,Conference: North Carolina Supporting Sponsored Program Success (NC-SSPS),QEM Network HQ
2324457,2023-09-14,95388,Standard Grant,Conference: Growing the Research Administrative Infrastructure to Support EPSCoR (RAISE) - Vermont,University of Vermont & State Agricultural College
2324524,2023-09-14,100000,Standard Grant,Conference: CLASP: broadening participation and deepening its community of practice,Carleton College
2324552,2023-09-14,100000,Standard Grant,"Conference: The PUI Research Nexus: Faculty, staff, and administrators  raise awareness, assess systemic barriers, and prepare to act in support of the research enterprise",John Carroll University
2332015,2023-09-14,99502,Standard Grant,Planning: Digital Twin for Building Performance Simulation and Optimization in Adaptive Reuse Planning,Prairie View A & M University
2332095,2023-09-14,99955,Standard Grant,Planning: Research in Generative Artificial Intelligence for Enhanced Analysis in the US Intelligence Community,Fayetteville State University
2332104,2023-09-14,99999,Standard Grant,Planning: Integrating Distributed Energy Resources with Grid-Interactive Efficient Buildings for Net Zero Energy and Community Resilience,Tennessee State University
2324459,2023-09-18,100000,Standard Grant,Conference: NSF GRANTED: A workshop series to establish the Middle-Tennessee Research Administration and Innovation Network (M-TRAIN),Vanderbilt University
2324594,2023-09-18,99631,Standard Grant,Conference: INTEGRaL: Innovation Network To Enhance and Grow ReseArch Infrastructure and Links,Northern Illinois University
2324608,2023-09-18,100000,Standard Grant,Conference: GRANTED Initiative Collaborative Planning WORKSHOP: Convening to Explore Research Enterprise Solutions for Academic Institutions in Insular or Remote Areas,University of The Virgin Islands
2332003,2023-09-18,99999,Standard Grant,Planning: Using Emerging Technologies for Increasing Student Enrollment and Learning in Infrastructure and Building Construction Technology at HBCUs,North Carolina Agricultural & Technical State University
2332028,2023-09-18,99183,Standard Grant,Planning: Energy-harvesting Concrete Batteries for Smart Buildings and Cities,Tennessee State University
2336404,2023-09-18,765465,Standard Grant,Conference: NSF EPSCoR National Conference: Connecting and Collaborating to Keep Science Flowing,University of Nebraska
2337236,2023-09-18,458411,Standard Grant,Conference: Growing Research Through Innovative Collaborations for Historically Black Colleges and Universities,University of Missouri-Columbia
2346036,2023-09-18,179061,Standard Grant,RII Track-4:NSF: Enhanced Multiscale Approaches for Simulations of Multicomponent Fluids with Complex Interfaces using Fluctuating Hydrodynamics,University of Delaware
2317726,2023-09-19,3599999,Continuing Grant,"GCR: Transition to green energy in gas-producing regions: How the convergence of Engineering, Social Sciences and Geoscience can enable carbon-free H2 technologies",University of Oklahoma Norman Campus
2317819,2023-09-19,1776553,Continuing Grant,Collaborative Research: GCR: Scaling-Up Transformative Adaptation through Socio-Agroclimatology,University of Alabama Tuscaloosa
2317820,2023-09-19,988935,Continuing Grant,Collaborative Research: GCR: Scaling-Up Transformative Adaptation through Socio-Agroclimatology,University of Alabama in Huntsville
2317821,2023-09-19,826104,Continuing Grant,Collaborative Research: GCR: Scaling-Up Transformative Adaptation through Socio-Agroclimatology,Auburn University
2317822,2023-09-19,1177908,Continuing Grant,Collaborative Research: GCR: Convergence on Phosphorus Sensing for Understanding Global Biogeochemistry and Enabling Pollution Management and Mitigation,Georgia Tech Research Corporation
2317823,2023-09-19,788895,Continuing Grant,Collaborative Research: GCR: Convergence on Phosphorus Sensing for Understanding Global Biogeochemistry and Enabling Pollution Management and Mitigation,University of Minnesota-Twin Cities
2317824,2023-09-19,362747,Continuing Grant,Collaborative Research: GCR: Convergence on Phosphorus Sensing for Understanding Global Biogeochemistry and Enabling Pollution Management and Mitigation,University of Southern Mississippi
2317825,2023-09-19,677532,Continuing Grant,Collaborative Research: GCR: Convergence on Phosphorus Sensing for Understanding Global Biogeochemistry and Enabling Pollution Management and Mitigation,University of California-San Diego
2317826,2023-09-19,592918,Continuing Grant,Collaborative Research: GCR: Convergence on Phosphorus Sensing for Understanding Global Biogeochemistry and Enabling Pollution Management and Mitigation,Indiana University
2317843,2023-09-19,3599768,Continuing Grant,GCR: Rational Design of Topological Insulators using Atomically-Precise DNA Self-Assembly,Arizona State University
2317874,2023-09-19,1649839,Continuing Grant,Collaborative Research: GCR: Convergent Anthropocene Systems (Anthems) - A System-of-Systems Paradigm,Virginia Polytechnic Institute and State University
2317875,2023-09-19,300000,Continuing Grant,Collaborative Research: GCR: Convergent Anthropocene Systems (Anthems) - A System-of-Systems Paradigm,University of Maryland Baltimore County
2317876,2023-09-19,297535,Continuing Grant,Collaborative Research: GCR: Convergent Anthropocene Systems (Anthems) - A System-of-Systems Paradigm,University of Nebraska-Lincoln
2317877,2023-09-19,1250000,Continuing Grant,Collaborative Research: GCR: Convergent Anthropocene Systems (Anthems) - A System-of-Systems Paradigm,Stevens Institute of Technology
2317878,2023-09-19,99605,Continuing Grant,Collaborative Research: GCR: Convergent Anthropocene Systems (Anthems) - A System-of-Systems Paradigm,Dartmouth College
2317983,2023-09-19,1598263,Continuing Grant,Collaborative Research: GCR: Developing Integrated Agroecological Renewable Energy Systems through Convergent Research,Portland State University
2317984,2023-09-19,1364099,Continuing Grant,Collaborative Research: GCR: Developing Integrated Agroecological Renewable Energy Systems through Convergent Research,University of Oklahoma Norman Campus
2317985,2023-09-19,637636,Continuing Grant,Collaborative Research: GCR: Developing Integrated Agroecological Renewable Energy Systems through Convergent Research,University of Utah
2332074,2023-09-19,99999,Standard Grant,Planning: Excellence in Research: Extending the impact of research using Social Cognitive Career Theory through meta-analysis and systematic review,Tennessee State University
2332097,2023-09-19,99725,Standard Grant,Planning: Exploration of a Collaborative University-Non-Profit Relationship to Enhance Solar Energy Research,Coppin State University
2329266,2023-10-20,163299,Standard Grant,RII Track-4:NSF:Chloroplast retrograde signaling during plant immunity: integrating signal transduction and cellular dynamics,University of Nebraska-Lincoln
2327385,2023-11-06,300000,Standard Grant,RII Track-4:NSF: Exploring the Emergent Features of Exotic Nuclear Systems with First-principles Theory of Nuclear Reactions,Louisiana State University
2327449,2023-11-06,299902,Standard Grant,RII Track-4:NSF: Design of Bioresponsive Liquid Crystal Droplets for Sensing in Cellular Environments,University of Puerto Rico Mayaguez
2327452,2023-11-06,282361,Standard Grant,RII Track-4:NSF: HEAL: Heterogeneity-aware Efficient and Adaptive Learning at Clusters and Edges,University of Louisiana at Lafayette
2327456,2023-11-06,292112,Standard Grant,RII Track-4: NSF: Extracting Pan Genomic Information from Metagenomic Data: Distributed Algorithms and Scalable Software,University of Alaska Fairbanks Campus
2327469,2023-11-06,200198,Standard Grant,RII Track-4:NSF:Planetary Robotic Construction on the Moon and Mars Using 3D Printed Waterless Concrete,Louisiana State University
2327473,2023-11-06,245403,Standard Grant,RII Track-4:NSF: Physics-Informed Machine Learning with Organ-on-a-Chip Data for an In-Depth Understanding of Disease Progression and Drug Delivery Dynamics,Kansas State University
2327474,2023-11-06,300000,Standard Grant,RII Track-4: NSF: Advancing High Density and High Operation Temperature Traction Inverter by Gallium Oxide Packaged Power Module,University of Arkansas
2327480,2023-11-06,299999,Standard Grant,RII Track-4:NSF: Federated Analytics Systems with Fine-grained Knowledge Comprehension: Achieving Accuracy with Privacy,Louisiana State University
2327484,2023-11-06,212174,Standard Grant,RII Track-4:NSF: Construction of New Additive and Semi-Implicit General Linear Methods,Tulane University
2327410,2023-11-07,300000,Standard Grant,RII Track-4:NSF: Exploring van der Waals Superconducting Josephson Junctions for Robust Qubits,University of Wyoming
2327439,2023-11-07,276052,Standard Grant,RII Track-4:NSF: Ultrafast Gripping and Release Mechanisms in Slingshot Spider Legs,Auburn University
2346745,2023-11-07,200000,Standard Grant,RAPID: Post-Wildfire Runoff from Burned Urban Coastal Landscape,University of Hawaii
2327095,2023-11-21,286102,Standard Grant,"RII Track-4:NSF: Continental-scale, high-order, high-spatial-resolution, ice flow modeling based on graphics processing units (GPUs)",University of North Dakota Main Campus
2327229,2023-11-21,299612,Standard Grant,RII Track-4: NSF: Development of Semiconductor Lasers and Passive Devices on a Single Sapphire Platform for Integrated Microwave Photonics,University of Arkansas
2327308,2023-11-21,300000,Standard Grant,RII Track-4: NSF: One-Stage Electrocatalytic CO2 Reduction by Using Captured (bi)Carbonate Ions as the Feedstock,Clemson University
2327327,2023-11-21,292402,Standard Grant,RII Track-4:NSF: Enable Next-Generation Solid-State Batteries via Dynamic Modeling and Control: Theory and Experiments,University of Oklahoma Norman Campus
2327352,2023-11-21,299837,Standard Grant,RII Track-4:NSF: Synthesis of Oxide Ferroelectric Rashba Semiconductors for Low Power Computing,Brown University
2327363,2023-11-21,219228,Standard Grant,RII Track-4:NSF: Direct and Complete Characterization of Electronic Properties of Materials Under Pressure,University of Nevada Las Vegas
2327409,2023-11-21,279105,Standard Grant,RII Track-4:NSF: Spatiotemporal Modeling of Lithium-ion Battery Packs for Electric Vehicle Battery Management Systems,University of Alabama in Huntsville
2327169,2023-11-22,163533,Standard Grant,RII Track-4:NSF: The Intersection of Social Science and the Law: Plea Bargaining Policies in Law and Practice,University of Mississippi
2327206,2023-11-22,300000,Standard Grant,RII Track-4:NSF: Resistively-Detected Electron Spin Resonance in Multilayer Graphene,Brown University
2327230,2023-11-22,270794,Standard Grant,RII Track-4:NSF: Evaluating the Role of Deep Ocean Equilibration in Warmer Climates,Brown University
2327266,2023-11-22,280699,Standard Grant,RII Track-4: NSF: Scalable MPI with Adaptive Compression for GPU-based Computing Systems,University of Kentucky Research Foundation
2327303,2023-11-22,240585,Standard Grant,RII Track-4:NSF: Automated Design and Innovation of Chemical Production Processes with Intelligent Computing,West Virginia University Research Corporation
2327349,2023-11-22,300000,Standard Grant,RII Track-4:NSF: In-Situ/Operando Characterizations of Single Atom Catalysts for Clean Fuel Generation,University of Kentucky Research Foundation
2327379,2023-11-22,256466,Standard Grant,RII Track-4:@NSF: Surrogate-based Optimal Atmospheric Entry Guidance using High-fidelity Simulation Data,Iowa State University
2327429,2023-11-22,244453,Standard Grant,RII Track-4:NSF: In-vitro Cytotoxicity Assessment of Synthesized Quantum Dots for Enhanced Cell Imaging,Louisiana Tech University
2326788,2023-11-24,299769,Standard Grant,RII Track-4:NSF: Understanding Perovskite Solar Cell Passivation at The Level of  Organic Functional Groups through Ultrafast Spectroscopy,Jackson State University
2327192,2023-11-24,291124,Standard Grant,RII Track-4:NSF: Probing the Dark Sector through Telescopes,University of New Mexico
2327223,2023-11-24,276075,Standard Grant,RII Track-4: NSF: Fabrication of Inversely Designed Nanophotonic Structures for Quantum Emitters,West Virginia University Research Corporation
2327232,2023-11-24,290165,Standard Grant,RII Track-4:NSF: Improving subseasonal-to-seasonal forecasts of Central Pacific extreme hydrometeorological events and their impacts in Hawaii,University of Hawaii
2327247,2023-11-24,287475,Standard Grant,RII Track-4:NSF: Introducing Quantum Logic Spectroscopy to Greater Southern Nevada as a Vital Quantum Control and Information Process Method,University of Nevada Las Vegas
2327317,2023-11-24,290078,Standard Grant,RII Track-4: NSF: Fundamental study on hydrogen flow in porous media during repetitive drainage-imbibition processes and upscaling for underground energy storage,University of Nebraska-Lincoln
2327346,2023-11-24,220284,Standard Grant,RII Track-4:NSF: From the Ground Up to the Air Above Coastal Dunes: How Groundwater and Evaporation Affect the Mechanism of Wind Erosion,University of Maine
2327384,2023-11-24,299797,Standard Grant,RII Track-4: NSF: Bio-inspired Solutions to Prevent Soil Erosion in Farmland and Scouring in Fluvial Regions,South Dakota State University
2327424,2023-11-24,224063,Standard Grant,RII Track-4: NSF: Self-healing Modular Panels for Space and Lunar Missions,Tulane University
2327466,2023-11-24,231032,Standard Grant,RII Track-4: NSF: Developing 3D Models of Live-Endothelial Cell Dynamics with Application Appropriate Validation,Wichita State University
2327025,2023-11-28,244096,Standard Grant,RII Track-4:NSF: Integrated Electrochemical-Optical Microscopy for High Throughput Screening of Electrocatalysts,University of Mississippi
2327072,2023-11-28,280869,Standard Grant,RII Track-4:NSF: Assessing the Impact of Jovian Planets on the Existence of Potentially Habitable Planets,University of New Mexico
2327218,2023-11-28,299838,Standard Grant,RII Track-4:NSF: Investigation of Stress Induced Birefringence and Refractive Index Changes in Glass for Fabricating Novel Optics,University of New Mexico
2336900,2023-11-28,100000,Standard Grant,Conference: EPSCoR Workshop on Machine Learning for Analysis of High-Energy Cosmic Particles,University of Delaware
2327267,2023-11-29,205962,Standard Grant,RII Track-4:NSF: Design of zeolite-encapsulated metal phthalocyanines catalysts enabled by insights from synchrotron-based X-ray techniques,University of Alabama Tuscaloosa
2327313,2023-11-29,300000,Standard Grant,RII Track-4: NSF: Enabling Synergistic Multi-Robot Cooperation for Mobile Manipulation Beyond Individual Robotic Capabilities,University of Alabama Tuscaloosa
2327372,2023-12-07,211309,Standard Grant,RII Track-4:NSF: Reconstructing Reputation in the American South,University of New Orleans
2327435,2023-12-07,295683,Standard Grant,RII Track-4:NSF: An Integrated Urban Meteorological and Building Stock Modeling Framework to Enhance City-level Building Energy Use Predictions,University of Oklahoma Norman Campus
2341945,2023-12-11,3700751,Standard Grant,Iowa Research Administration Internship Student Experience (I-RAISE),Iowa State University
2410015,2024-01-04,168980,Standard Grant,RII Track-4:NSF: Assessment of Multiscale Air Quality Model (CMAQ) Representation of Spatiotemporal Atmospheric Nitrate Chemical Production in New England,University of South Carolina at Columbia
2412406,2024-01-24,99689,Standard Grant,Planning: Advancing Discovery on a Sustainable National Research Enterprise,University of California-Berkeley
2414141,2024-02-16,100000,Standard Grant,Planning: Artificial Intelligence Assisted High-Performance Parallel Computing for Power System Optimization,Jackson State University
2334228,2024-02-20,1704632,Standard Grant,Collaborative Research: RD/RA Support Networks at Diversified Research Institutions (SUNDRI),Pomona College
2334229,2024-02-20,179729,Standard Grant,Collaborative Research: RD/RA Support Networks at Diversified Research Institutions (SUNDRI),"University of Massachusetts, Dartmouth"
2341110,2024-02-20,14000011,Cooperative Agreement,AUC-GRANTED: A Collaborative Approach for Transforming the Research Enterprise through a Shared Support Model for Collective Impact and Synergistic Effect,Spelman College
2342147,2024-02-20,1999529,Standard Grant,"GRANTED: Visioning, Organizing, Leading, and Advancing the Research Enterprise at HSIs Institute (VOLARE Institute)",Hispanic Association of Colleges and Universities
2347159,2024-04-01,1947176,Standard Grant,Partnerships for Enhancing ERI Research (PEER),Bradley University
2327485,2024-04-03,145150,Standard Grant,RII Track-4:NSF: Determining the Functional Consequences of Co-adaptation Between Host and Gut Microbiota Across Closely Related Host Species,University of Nebraska-Lincoln
2344553,2024-04-09,20000000,Cooperative Agreement,RII Track-1: Interface of Change: Building Collaborations to Assess Harvested and Farmed Marine Species Prioritized by Gulf of Alaska Communities Facing Environmental Shifts,University of Alaska Fairbanks Campus
2334906,2024-04-12,9105419,Cooperative Agreement,Center: Advancing Research Impacts in Society,University of Missouri-Columbia
2345142,2024-04-17,8262388,Cooperative Agreement,Research Infrastructure: The KCV EDGE Research Ecosystem,Kentucky Science & Technology Corporation
2344533,2024-05-08,20000000,Cooperative Agreement,"RII Track-1: Climate Resilience through Multidisciplinary Big Data Learning, Prediction & Building Response Systems (CLIMBS)",University of Kentucky Research Foundation
2412054,2024-05-13,8000000,Cooperative Agreement,E-CORE RII: New Hampshire Long-term Investment to Fuel Transformative Research,University of New Hampshire
2412055,2024-05-13,7083653,Cooperative Agreement,Collaborative Research: E-CORE RII: South Dakota Research Ecosystem Network: Advancing STEM Education,Black Hills State University
2412056,2024-05-13,374901,Cooperative Agreement,Collaborative Research: E-CORE RII: South Dakota Research Ecosystem Network: Advancing STEM Education,Oglala Lakota College
2412057,2024-05-13,190668,Cooperative Agreement,Collaborative Research: E-CORE RII: South Dakota Research Ecosystem Network: Advancing STEM Education,University of South Dakota Main Campus
2412058,2024-05-13,27295,Cooperative Agreement,Collaborative Research: E-CORE RII: South Dakota Research Ecosystem Network: Advancing STEM Education,South Dakota School of Mines and Technology
2412059,2024-05-13,78378,Cooperative Agreement,Collaborative Research: E-CORE RII: South Dakota Research Ecosystem Network: Advancing STEM Education,Dakota State University
2412060,2024-05-13,150034,Cooperative Agreement,Collaborative Research: E-CORE RII: South Dakota Research Ecosystem Network: Advancing STEM Education,South Dakota State University
2412061,2024-05-13,26563,Cooperative Agreement,Collaborative Research: E-CORE RII: South Dakota Research Ecosystem Network: Advancing STEM Education,Augustana University Association
2412062,2024-05-13,66801,Cooperative Agreement,Collaborative Research: E-CORE RII: South Dakota Research Ecosystem Network: Advancing STEM Education,Northern State University
2412130,2024-05-13,5852379,Cooperative Agreement,Collaborative Research: E-CORE RII: Strengthening Maine's Research Ecosystem and Pathways Through Strategic Capacity Building,University of Maine
2412131,2024-05-13,372045,Cooperative Agreement,Collaborative Research: E-CORE RII: Strengthening Maine's Research Ecosystem and Pathways Through Strategic Capacity Building,Gulf of Maine Research Institute
2412132,2024-05-13,996396,Cooperative Agreement,Collaborative Research: E-CORE RII: Strengthening Maine's Research Ecosystem and Pathways Through Strategic Capacity Building,Maine Mathematics and Science Alliance
2412133,2024-05-13,680000,Cooperative Agreement,Collaborative Research: E-CORE RII: Strengthening Maine's Research Ecosystem and Pathways Through Strategic Capacity Building,University of Southern Maine
2412135,2024-05-13,99180,Cooperative Agreement,Collaborative Research: E-CORE RII: Strengthening Maine's Research Ecosystem and Pathways Through Strategic Capacity Building,University of Maine
2422765,2024-05-24,99956,Standard Grant,Planning: GRANTED Planning Grant: Workforce and Network Development to Engage Research (WANDER),Eastern Washington University
2414119,2024-05-28,416065,Standard Grant,TRACC (Tufts Research Administration and Compliance Cohort),Tufts University
2426365,2024-05-28,100000,Standard Grant,"Planning: GRANTED: A Consortium-Based, Stacked Mentorship Model for Building Inter-Institutional Research Capacity, Access, and Collaboration",Regents of the University of Michigan - Ann Arbor
2401335,2024-06-06,1082446,Standard Grant,GRANTED: Pathways for Graduate Students into the Research Enterprise,Lehigh University
2418390,2024-06-17,6000000,Cooperative Agreement,RII FEC: Empowering Community Resilience with Sustainable Energy and Water Reuse Systems,Louisiana Tech University
2414442,2024-06-26,2568564,Continuing Grant,Collaborative Research: E-RISE RII: Establishment of the Mississippi Nano-bio and ImmunoEngineering Consortium,University of Mississippi
2414443,2024-06-26,1534047,Continuing Grant,Collaborative Research: E-RISE RII: Establishment of the Mississippi Nano-bio and ImmunoEngineering Consortium,Mississippi State University
2414444,2024-06-26,1205690,Continuing Grant,Collaborative Research: E-RISE RII: Establishment of the Mississippi Nano-bio and ImmunoEngineering Consortium,Jackson State University
2414445,2024-06-26,410775,Continuing Grant,Collaborative Research: E-RISE RII: Establishment of the Mississippi Nano-bio and ImmunoEngineering Consortium,Tougaloo College
2414446,2024-06-26,279385,Continuing Grant,Collaborative Research: E-RISE RII: Establishment of the Mississippi Nano-bio and ImmunoEngineering Consortium,Alcorn State University
2414447,2024-06-26,695657,Continuing Grant,Collaborative Research: E-RISE RII: Establishment of the Mississippi Nano-bio and ImmunoEngineering Consortium,University of Southern Mississippi
2414448,2024-06-26,305882,Continuing Grant,Collaborative Research: E-RISE RII: Establishment of the Mississippi Nano-bio and ImmunoEngineering Consortium,University of Mississippi Medical Center
2416911,2024-06-26,5630000,Continuing Grant,Collaborative Research: E-RISE RII: BioNitrogen Economy Research Center,South Dakota State University
2416912,2024-06-26,1370000,Continuing Grant,Collaborative Research: E-RISE RII: BioNitrogen Economy Research Center,Oglala Lakota College
2416915,2024-06-26,4526676,Continuing Grant,"Collaborative Research: E-RISE RII: Enhancing Maine Forest Economy, Sustainability, and Technology Ecosystem To Accelerate Innovation",University of Maine
2416916,2024-06-26,1000000,Continuing Grant,"Collaborative Research: E-RISE RII: Enhancing Maine Forest Economy, Sustainability, and Technology Ecosystem To Accelerate Innovation",Colby College
2416917,2024-06-26,80000,Continuing Grant,"Collaborative Research: E-RISE RII: Enhancing Maine Forest Economy, Sustainability, and Technology Ecosystem To Accelerate Innovation",University of Maine
2416918,2024-06-26,493987,Continuing Grant,"Collaborative Research: E-RISE RII: Enhancing Maine Forest Economy, Sustainability, and Technology Ecosystem To Accelerate Innovation",Maine Mathematics and Science Alliance
2416919,2024-06-26,208955,Continuing Grant,"Collaborative Research: E-RISE RII: Enhancing Maine Forest Economy, Sustainability, and Technology Ecosystem To Accelerate Innovation",University of Maine at Presque Isle
2416920,2024-06-26,396031,Continuing Grant,"Collaborative Research: E-RISE RII: Enhancing Maine Forest Economy, Sustainability, and Technology Ecosystem To Accelerate Innovation",University of Southern Maine
2416921,2024-06-26,164351,Continuing Grant,"Collaborative Research: E-RISE RII: Enhancing Maine Forest Economy, Sustainability, and Technology Ecosystem To Accelerate Innovation",Bates College
2416922,2024-06-26,130000,Continuing Grant,"Collaborative Research: E-RISE RII: Enhancing Maine Forest Economy, Sustainability, and Technology Ecosystem To Accelerate Innovation",MAINE DEVELOPMENT FOUNDATION
2416939,2024-06-26,7000000,Continuing Grant,"E-RISE RII: Driving AgTech Research and Education in Kentucky through Inclusive Network Building, Impactful Research, and Workforce Development for Soilless Food Systems",Kentucky State University
2417062,2024-06-26,7000000,Continuing Grant,E-RISE RII: Research Center for Distributed Resilient and Emergent-Intelligence-Based Additive Manufacturing,New Mexico State University
2425281,2024-06-28,98706,Standard Grant,Planning: Formalizing a model for external review of PUI grants offices through the CLASP network,Williams College
2418230,2024-07-22,2100101,Cooperative Agreement,Collaborative Research: RII FEC: Interdisciplinary Program of Advancing Climate Extreme Resilience in Soybean,University of Alabama at Birmingham
2418231,2024-07-22,1949914,Cooperative Agreement,Collaborative Research: RII FEC: Interdisciplinary Program of Advancing Climate Extreme Resilience in Soybean,Mississippi State University
2418232,2024-07-22,1949982,Cooperative Agreement,Collaborative Research: RII FEC: Interdisciplinary Program of Advancing Climate Extreme Resilience in Soybean,Louisiana State University Agricultural Center
2418257,2024-07-22,2999956,Cooperative Agreement,Collaborative Research: RII FEC: Intermountain Natural and Working Lands: Sustainable Practices for Ecosystems and Resilience Enhancement,Regents of the University of Idaho
2418258,2024-07-22,998595,Cooperative Agreement,Collaborative Research: RII FEC: Intermountain Natural and Working Lands: Sustainable Practices for Ecosystems and Resilience Enhancement,University of Montana
2418311,2024-07-22,2524858,Cooperative Agreement,"""Collaborative Research: RII FEC: Enhancing Indigenous Community Resilience to the Impacts of Extreme Weather""",University of Oklahoma Norman Campus
2418312,2024-07-22,1468693,Cooperative Agreement,"""Collaborative Research: RII FEC: Enhancing Indigenous Community Resilience to the Impacts of Extreme Weather""",University of New Mexico
2418345,2024-07-22,2182836,Cooperative Agreement,Collaborative Research: RII FEC: Harnessing Controlled Environment Agriculture to Secure Sustainability and Economic Growth,University of New Mexico
2418346,2024-07-22,991072,Cooperative Agreement,Collaborative Research: RII FEC: Harnessing Controlled Environment Agriculture to Secure Sustainability and Economic Growth,University of South Dakota Main Campus
2418347,2024-07-22,2076883,Cooperative Agreement,Collaborative Research: RII FEC: Harnessing Controlled Environment Agriculture to Secure Sustainability and Economic Growth,University of Wyoming
2418348,2024-07-22,748944,Cooperative Agreement,Collaborative Research: RII FEC: Harnessing Controlled Environment Agriculture to Secure Sustainability and Economic Growth,New Mexico State University
2418355,2024-07-22,3494742,Cooperative Agreement,"Collaborative Research: RII FEC: Transforming wastes Into Economic Assets for Sustainability, Resilience, and Prosperity by a Novel Negative Emission Technology",University of Alabama Tuscaloosa
2418356,2024-07-22,1005042,Cooperative Agreement,"Collaborative Research: RII FEC: Transforming wastes Into Economic Assets for Sustainability, Resilience, and Prosperity by a Novel Negative Emission Technology",Regents of the University of Idaho
2418357,2024-07-22,1000000,Cooperative Agreement,"Collaborative Research: RII FEC: Transforming wastes Into Economic Assets for Sustainability, Resilience, and Prosperity by a Novel Negative Emission Technology",University of New Mexico
2418358,2024-07-22,500000,Cooperative Agreement,"Collaborative Research: RII FEC: Transforming wastes Into Economic Assets for Sustainability, Resilience, and Prosperity by a Novel Negative Emission Technology",Alabama A&M University
2418359,2024-07-22,6000000,Cooperative Agreement,RII FEC: Accelerating Community-Centric Energy Transformation through AI-driven Digital Twinning for Climate-Aware Resilience,New Mexico State University
2418376,2024-07-22,3005254,Cooperative Agreement,Collaborative Research: RII FEC: Equitable Nature-based Climate Solutions,University of New Hampshire
2418377,2024-07-22,1050000,Cooperative Agreement,Collaborative Research: RII FEC: Equitable Nature-based Climate Solutions,University of Louisville Research Foundation Inc
2418378,2024-07-22,1430000,Cooperative Agreement,Collaborative Research: RII FEC: Equitable Nature-based Climate Solutions,University of Rhode Island
2418379,2024-07-22,514746,Cooperative Agreement,Collaborative Research: RII FEC: Equitable Nature-based Climate Solutions,Rhode Island School of Design
2418394,2024-07-22,3013400,Cooperative Agreement,"Collaborative Research: RII FEC: Risks, Impacts, & Strategies for Coastal Communities: Advancing Convergent Science to Support Climate Change Adaptation & Resilience",University of Delaware
2418395,2024-07-22,1500000,Cooperative Agreement,"Collaborative Research: RII FEC: Risks, Impacts, & Strategies for Coastal Communities: Advancing Convergent Science to Support Climate Change Adaptation & Resilience",University of Rhode Island
2418396,2024-07-22,1486600,Cooperative Agreement,"Collaborative Research: RII FEC: Risks, Impacts, & Strategies for Coastal Communities: Advancing Convergent Science to Support Climate Change Adaptation & Resilience",College of Charleston
2418415,2024-07-22,5999999,Cooperative Agreement,RII FEC: Advancing Climate Neutrality in Farming Communities through Upcycling Natural Fiber Reinforced Fireproof Vitrimer Composites,Southern University
2418434,2024-07-22,5875117,Cooperative Agreement,RII FEC: Research on Impacts of Hydroclimatic Extremes in Water-Rich Regions and Collaborative Adaptation Planning,University of Louisiana at Lafayette
2418750,2024-07-22,2725914,Cooperative Agreement,Collaborative Research: RII FEC: Advancing Quality and Climate-Resilient Water Management with Community Partnerships and Enhanced Sensor Network,University of Vermont & State Agricultural College
2418751,2024-07-22,596764,Cooperative Agreement,Collaborative Research: RII FEC: Advancing Quality and Climate-Resilient Water Management with Community Partnerships and Enhanced Sensor Network,New Mexico State University
2418752,2024-07-22,2674086,Cooperative Agreement,Collaborative Research: RII FEC: Advancing Quality and Climate-Resilient Water Management with Community Partnerships and Enhanced Sensor Network,South Dakota School of Mines and Technology
2418789,2024-07-22,1783714,Cooperative Agreement,Collaborative Research: RII FEC: The Flooding in Appalachian Streams and Headwaters Initiative: Mitigating impacts of climate change and flash flooding in Appalachia,University of Louisville Research Foundation Inc
2418790,2024-07-22,453770,Cooperative Agreement,Collaborative Research: RII FEC: The Flooding in Appalachian Streams and Headwaters Initiative: Mitigating impacts of climate change and flash flooding in Appalachia,West Virginia University Research Corporation
2418791,2024-07-22,310355,Cooperative Agreement,Collaborative Research: RII FEC: The Flooding in Appalachian Streams and Headwaters Initiative: Mitigating impacts of climate change and flash flooding in Appalachia,Eastern Kentucky University
2418792,2024-07-22,363069,Cooperative Agreement,Collaborative Research: RII FEC: The Flooding in Appalachian Streams and Headwaters Initiative: Mitigating impacts of climate change and flash flooding in Appalachia,Marshall University Research Corporation
2418793,2024-07-22,1082581,Cooperative Agreement,Collaborative Research: RII FEC: The Flooding in Appalachian Streams and Headwaters Initiative: Mitigating impacts of climate change and flash flooding in Appalachia,University of Kentucky Research Foundation
2420405,2024-07-22,5999727,Cooperative Agreement,RII FEC: Data-Advanced Research and Education to Improve Weather Intelligence and Localized Climate Change Assessment and Resilience in Agriculture-based Communities,University of Iowa
2433851,2024-08-05,99963,Standard Grant,Planning: The Valparaiso University Research Collaboratory: A Needs Assessment and Pilot Project,Valparaiso University
2415672,2024-08-08,944249,Standard Grant,A Pilot Program to Optimize Sponsored Programs Engagement in Research at PUIs (PROSPER PUIs),Southern Utah University
2427805,2024-08-08,199280,Standard Grant,Conference: Workshop for Artificial Intelligence-powered Materials Discovery at Grant Plains,University of South Dakota Main Campus
2429089,2024-08-08,100000,Standard Grant,Planning: Lean Research Administration Model of Practice (RAMP),Denver Health and Hospital Authority
2422166,2024-08-09,3875471,Standard Grant,"Building Capacity to Manage RISC: Investing in Research Integrity, Security, and Compliance at UMBC through Practices, Processes, and Partnerships",University of Maryland Baltimore County
2433276,2024-08-19,7992646,Cooperative Agreement,E-CORE RII: Rhode Island Inclusive Network for Excellence in Science and Technology,University of Rhode Island
2433435,2024-08-19,8000000,Cooperative Agreement,E-CORE RII: Mississippi Research Alliance,Mississippi State University
2435071,2024-08-19,8000000,Cooperative Agreement,E-CORE RII: Research Infrastructure Optimization for New Mexico,University of New Mexico
2435987,2024-08-19,6999491,Continuing Grant,"E-RISE RII: Cracking the developmental blueprint of life: Omics, computational science, and artificial intelligence",University of Puerto Rico-Rio Piedras
2436200,2024-08-19,6998226,Continuing Grant,E-RISE RII: Maine Algal Research Infrastructure and Accelerator,Bigelow Laboratory for Ocean Sciences
2400002,2024-08-21,2776442,Standard Grant,Filling the Gap: Establishing an Undergraduate Program in Research Administration and Management,University of Alabama at Birmingham
2415688,2024-08-21,1033991,Standard Grant,GRANTED at CSUDH: Implementing a Comprehensive Research Administration Unit for Improved Post-Award Service at an Emerging Research Institution,California State University-Dominguez Hills Foundation
2431748,2024-08-26,2765686,Standard Grant,RISE: Research Ecosystem Integration and Siouxland Partnership Program--A Plan for Growing Research Capacity at Morningside University and Beyond,MORNINGSIDE UNIVERSITY
2431750,2024-08-27,1685430,Standard Grant,GRANTED: Building capacity in research: An administrative model for predominantly undergraduate research institutions,University of St. Thomas
2438685,2024-08-27,100000,Standard Grant,"Conference: The PUI Research Nexus: Faculty, staff, and administrators  raise awareness, assess systemic barriers, and prepare to act in support of the research enterprise",University of Southern Mississippi
2420997,2024-08-28,2787217,Standard Grant,GRANTED:Connecting FSMLs to Rural and Tribal Communities,SITKA SOUND SCIENCE CENTER INC
2426787,2024-09-03,1167919,Standard Grant,MU Postaward Optimization for Strategic Transformation (MU POST),Marquette University
2428487,2024-09-03,2770718,Continuing Grant,Collaborative Research: GCR: Towards a Physics-Inspired Approach to Computation on Encrypted Data,Trustees of Boston University
2428488,2024-09-03,527180,Continuing Grant,Collaborative Research: GCR: Towards a Physics-Inspired Approach to Computation on Encrypted Data,The University of Central Florida Board of Trustees
2428489,2024-09-03,302000,Continuing Grant,Collaborative Research: GCR: Towards a Physics-Inspired Approach to Computation on Encrypted Data,Cornell University
2433337,2024-09-03,98499,Standard Grant,Planning: Research Administration Capacity Building at Emerging Research Institutions (ERIs) across the AMericAs (RACIMA),Michigan Technological University
2420136,2024-09-04,1316524,Standard Grant,Collaborative Research: Revisioning Research Administration in Rhode Island for Emerging Research Institutions (ERIs),Roger Williams University
2420137,2024-09-04,565558,Standard Grant,Collaborative Research: Revisioning Research Administration in Rhode Island for Emerging Research Institutions (ERIs),Providence College
2420138,2024-09-04,505455,Standard Grant,Collaborative Research: Revisioning Research Administration in Rhode Island for Emerging Research Institutions (ERIs),Rhode Island School of Design
2420139,2024-09-04,555545,Standard Grant,Collaborative Research: Revisioning Research Administration in Rhode Island for Emerging Research Institutions (ERIs),Salve Regina University
2428194,2024-09-04,2491769,Continuing Grant,"Collaborative Research: GCR: Engineering, SocioEconomic and Environmental Convergence of Ocean Wave Energy Research for Remote Coastal Communities",Regents of the University of Michigan - Ann Arbor
2428195,2024-09-04,661985,Continuing Grant,"Collaborative Research: GCR: Engineering, SocioEconomic and Environmental Convergence of Ocean Wave Energy Research for Remote Coastal Communities",Virginia Polytechnic Institute and State University
2428196,2024-09-04,323174,Continuing Grant,"Collaborative Research: GCR: Engineering, SocioEconomic and Environmental Convergence of Ocean Wave Energy Research for Remote Coastal Communities",East Carolina University
2428197,2024-09-04,122658,Continuing Grant,"Collaborative Research: GCR: Engineering, SocioEconomic and Environmental Convergence of Ocean Wave Energy Research for Remote Coastal Communities",University of North Carolina at Chapel Hill
2415723,2024-09-05,2933494,Standard Grant,Collaborative Research: Tri-Alliance for Post-Award Innovation,Loyola Marymount University
2415724,2024-09-05,1947801,Standard Grant,Collaborative Research: Tri-Alliance for Post-Award Innovation,Santa Clara University
2415725,2024-09-05,2361186,Standard Grant,Collaborative Research: Tri-Alliance for Post-Award Innovation,University of San Francisco
2428507,2024-09-05,2277791,Continuing Grant,Collaborative Research: GCR: Mineral Detection of Dark Matter,Virginia Polytechnic Institute and State University
2428508,2024-09-05,662407,Continuing Grant,Collaborative Research: GCR: Mineral Detection of Dark Matter,Regents of the University of Michigan - Ann Arbor
2428509,2024-09-05,598497,Continuing Grant,Collaborative Research: GCR: Mineral Detection of Dark Matter,University of North Florida
2428640,2024-09-05,3600000,Continuing Grant,GCR: Towards a Convergent Understanding of the Dynamics of Uncertainty In Individuals and Groups with a Focus on STEM Education,Tufts University
2420719,2024-09-06,2010355,Standard Grant,Research Administration Capacity Heightening in South Carolina (REACH-SC),Clemson University
2428209,2024-09-06,2228770,Continuing Grant,Collaborative Research: GCR: The Other Plastic Problem: Quantifying and Predicting Impacts of Plastic Additives Across Levels of Biological and Social Organization,Duke University
2428210,2024-09-06,385842,Continuing Grant,Collaborative Research: GCR: The Other Plastic Problem: Quantifying and Predicting Impacts of Plastic Additives Across Levels of Biological and Social Organization,Pennsylvania State Univ University Park
2428523,2024-09-06,1800000,Continuing Grant,Collaborative Research: GCR: Non-Equilibrium Electrochemical Plasma Catalysis for Distributed Electrified Ammonia Synthesis,Princeton University
2428524,2024-09-06,900000,Continuing Grant,Collaborative Research: GCR: Non-Equilibrium Electrochemical Plasma Catalysis for Distributed Electrified Ammonia Synthesis,Duke University
2428525,2024-09-06,899996,Continuing Grant,Collaborative Research: GCR: Non-Equilibrium Electrochemical Plasma Catalysis for Distributed Electrified Ammonia Synthesis,Rutgers University Newark
2434660,2024-09-06,99845,Standard Grant,"Planning: Nurturing Strategic Planning for Innovative, Research and Empowerment Development (NSPIRE)",Virginia State University
2427549,2024-09-10,4546903,Standard Grant,Crossing the Innovation Valley of Death: Democratizing Data and Artificial Intelligence for Research Administration,Regents of the University of Idaho
2428751,2024-09-10,256892,Standard Grant,EPSCoR Research Fellows: NSF: Developing a Deep Learning-based Multifunctional  Method for Simulating Quantum Effects,University of Alabama at Birmingham
2429178,2024-09-10,188502,Standard Grant,EPSCoR Research Fellows: @NASA: Advanced Computational Modeling and Experimental Validation for Uranium Carbide Nuclear Fuels in Space Propulsion Systems,Alabama A&M University
2429305,2024-09-10,299820,Standard Grant,EPSCoR Research Fellows: @NASA: Enhanced Battery Thermal Management Through Oscillating Heat Pipe Integration,University of Alaska Fairbanks Campus
2429346,2024-09-10,185260,Standard Grant,EPSCoR Research Fellows: @NASA: Application and Development of the PACE-MAPP Algorithm to the HARP2 Polarimeter for Retrieving Aerosol and Ocean Properties Over the Gulf of Mexico,Southern University New Orleans
2429391,2024-09-10,300000,Standard Grant,EPSCOR Research Fellows: NSF: Molecular control and probe for emergent quantum phenomena at interfaces,Brown University
2429402,2024-09-10,299938,Standard Grant,EPSCoR Research Fellows: NSF: Heterogeneous Integration of Wide Bandgap Semiconductor Chips for High Temperature Applications,Regents of the University of Idaho
2429506,2024-09-10,299998,Standard Grant,"EPSCoR Research Fellows: @NASA: Safety-Directed Abstraction, Verification and Correction of Learning-Enabled Cyber-Physical Systems",University of New Mexico
2429559,2024-09-10,300000,Standard Grant,EPSCoR Research Fellows: @NASA: Defective Metal-Organic Frameworks for Carbon Dioxide Capture,University of Alaska Fairbanks Campus
2429566,2024-09-10,293492,Standard Grant,EPSCoR Research Fellows: NSF: Enhancing Rain-on-Snow Flood Forecasting through Advancing Hydrologic Modeling,Montana State University
2429732,2024-09-10,286524,Standard Grant,EPSCoR Research Fellows: @NASA: Using Simulations to Generate Testable Predictions for the ESPEX mission,University of Nevada Las Vegas
2429739,2024-09-10,300000,Standard Grant,EPSCoR Research Fellows: NSF: Enhancing Water Budget Simulations across CONUS: Modeling Vegetation Uptake of Rock Moisture,Regents of the University of Idaho
2429792,2024-09-10,278606,Standard Grant,EPSCoR Research Fellows: NSF: Understanding the Effects of Morphology and Spectator Ions in the Electro-conversion of Furfural,University of Delaware
2429793,2024-09-10,235977,Standard Grant,EPSCoR Research Fellows: NSF: PeptoCross: Crosslinked Peptoids for Biomimetic Materials,University of Maine
2429852,2024-09-10,299920,Standard Grant,EPSCoR Research Fellows: NSF: Enhancing Groundwater and Saltwater Intrusion Modeling in Coastal Aquifers: The Integration of Conduit Flow Process with 3D Connected Heterogeneity,University of Hawaii
2429905,2024-09-10,300000,Standard Grant,EPSCoR Research Fellows: NSF: Integrated Photonic Platforms Empowered by  Solution-Processed Wide-Bandgap Perovskites,University of Nebraska-Lincoln
2429924,2024-09-10,243974,Standard Grant,EPSCoR Research Fellows: @NASA: Uncertainty Quantification of Additively-Constructed Lunar Structures for Microgravity with Extreme Condition,New Mexico State University
2429929,2024-09-10,300000,Standard Grant,EPSCoR Research Fellows: NSF: Investigating Degradation in Battery Electrodes using Scanning Thermal Probes,University of Hawaii
2429958,2024-09-10,300000,Standard Grant,EPSCoR Research Fellows: @NASA: Non-Hydraulic Cementitious Composite for Lunar Construction with In-situ Resources,University of Alaska Fairbanks Campus
2430256,2024-09-11,49987,Standard Grant,Collaborative Research: Ideas Lab: Advancing Research Capacity at HBCUs in Genomics and Genetic Engineering,Meharry Medical College
2430307,2024-09-11,78000,Standard Grant,Collaborative Research: Ideas Lab: HBCU Climate Action Network,Xavier University of Louisiana
2428641,2024-09-13,1817641,Continuing Grant,Collaborative Research: GCR: Rooted in Nature: Bioinspired Design of Sustainable Seeding Methods to Improve Forest Regeneration,University of California-Berkeley
2428642,2024-09-13,745000,Continuing Grant,Collaborative Research: GCR: Rooted in Nature: Bioinspired Design of Sustainable Seeding Methods to Improve Forest Regeneration,University of Pennsylvania
2428643,2024-09-13,432411,Continuing Grant,Collaborative Research: GCR: Rooted in Nature: Bioinspired Design of Sustainable Seeding Methods to Improve Forest Regeneration,Syracuse University
2428644,2024-09-13,600215,Continuing Grant,Collaborative Research: GCR: Rooted in Nature: Bioinspired Design of Sustainable Seeding Methods to Improve Forest Regeneration,Cornell University
2434412,2024-09-19,350000,Standard Grant,Forum on Emerging Research Institutions,National Academy of Sciences
2429027,2024-11-15,257772,Standard Grant,EPSCoR Research Fellows: NSF: Mechanical Testing and Modeling of Sustainable Moon-to-Mars Construction Materials Made from Planetary Regolith,University of Mississippi
2429771,2024-11-15,204819,Standard Grant,EPSCoR Research Fellows: NSF: Understanding the effects of tunable media on mass transport during catalytic conversion of polyolefins,University of Kansas Center for Research Inc
2429078,2024-11-18,228723,Standard Grant,EPSCoR Research Fellows: NSF: Developing A Coupled Multi-Energy-Scale Spectroscopic and Microscopic Analytical Approach for Halide-based Solid-State Batteries,University of New Mexico
2429504,2024-11-18,264134,Standard Grant,EPSCoR Research Fellows: NSF: Growth of Large Single Crystals of Noncentrosymmetric Compounds and Study of Their Nonlinear Optical Properties.,University of Alabama in Huntsville
2429640,2024-11-18,271395,Standard Grant,EPSCoR Research Fellows: NSF: Neutron Scattering Experiments on Magnetic Weyl Semimetals,University of Kentucky Research Foundation
2429239,2024-11-19,300000,Standard Grant,EPSCoR Research Fellows: NSF: In Situ Structural Characterization of Copper-Carbon Heterostructures for Renewable Energy,Brown University
2429424,2024-11-19,299741,Standard Grant,EPSCoR Research Fellows: NSF: Dynamic Response Characterization of High Entropy Alloys under High-Velocity Impact Conditions,University of Kentucky Research Foundation
2429505,2024-11-19,269069,Standard Grant,EPSCoR Research Fellows: NSF: Robust Data-Driven Formations of Multi-Robot Exploring Systems,University of Vermont & State Agricultural College
2429557,2024-11-19,224642,Standard Grant,EPSCoR Research Fellows: NSF: Lunar Power System Digital Twinning For Surface Exploration Advancement,University of Louisiana at Lafayette
2429581,2024-11-19,299493,Standard Grant,EPSCoR Research Fellows: NSF: Advancing Lithium Metal Protection with Ion-Conducting Polymer Coatings,University of Arkansas
2429592,2024-11-19,299364,Standard Grant,EPSCoR Research Fellows: NSF: Academic Integration of H2 Production through Collaboration with an Advanced Institution,New Mexico State University
2429683,2024-11-19,300000,Standard Grant,EPSCoR Research Fellows: NSF: Air-Free Materials and Processing Science for Extreme Environment Additive Electronics,Iowa State University
2429708,2024-11-19,300000,Standard Grant,EPSCoR Research Fellows: NSF: Origin of Radiation Tolerance of Additive Manufacturing Single-phase Concentrated Solid-solution Alloys,Clemson University
2429752,2024-11-19,299977,Standard Grant,"""EPSCoR Research Fellows: NSF: Quantum algorithms for early fault-tolerant quantum computers",University of North Dakota Main Campus
2429761,2024-11-19,299999,Standard Grant,EPSCoR Research Fellows: NSF: Synergistic Multiscale and Multiphysics Characterization of Additively Manufactured Self-Sensing Concrete Structures,Louisiana State University
2429522,2024-11-20,229198,Standard Grant,EPSCoR Research Fellows: NSF: Building Radiocarbon Infrastructure and Capacity Towards a Western US Observatory of Forest Nonstructural Carbon,University of Nevada Las Vegas
2428427,2024-11-21,285694,Standard Grant,EPSCoR Research Fellows: NSF: Online Hierarchical Learning for Network Autonomy in Open Radio Access Networks,University of Nebraska-Lincoln
2428880,2024-11-21,248285,Standard Grant,EPSCoR Research Fellows: NSF: Nonparametric Estimation  for Long Memory Linear Random Fields with Innovation in the Domain of Attraction of Stable Laws,University of Mississippi
2429021,2024-11-21,297813,Standard Grant,EPSCoR Research Fellows: NSF: Enhanced Predictive Understanding of Wildfire Ignitions in the Face of Changing Socioenvironmental Landscape,Boise State University
2429416,2024-11-21,299712,Standard Grant,EPSCoR Research Fellows: NSF: Development of Electrochemical Aptamer-based Sensors for Multi-analyte Detection of Cardiovascular Disease Biomarkers,University of South Carolina at Columbia
2429580,2024-11-21,255963,Standard Grant,EPSCoR Research Fellow: NSF: Immersion Cooling of Interior Permanent Magnet Synchronous Motors with Additively Manufactured Stator Windings,University of Arkansas
2429662,2024-11-21,222890,Standard Grant,EPSCoR Research Fellows: NSF: Enhanced Functional Deformation Transfer in Elastomer-Shape Memory Alloy Composite Actuators for Soft Robotics,University of Southern Maine
2429769,2024-11-21,224036,Standard Grant,EPSCoR Research Fellows: NSF: Deep Generative Models for Analysis and Visualization of Scientific Texts,New Mexico State University
2429775,2024-11-21,257665,Standard Grant,EPSCoR Research Fellows: NSF: Investigating Spatial Photonic Sintering of Metallic Nanoparticles Toward Intense Pulsed Light Assisted Electrohydrodynamic 3D Printing,Montana State University
2429901,2024-11-21,299789,Standard Grant,EPSCoR Research Fellows: NSF: Quantifying Impacts and Optimizing Benefits of Forecast-Informed Reservoir Operations in Nevada,"Nevada System of Higher Education, Desert Research Institute"
2429960,2024-11-21,286612,Standard Grant,EPSCoR Research Fellows: NSF: An Explainable AI Supported Performance Monitoring System in Distributed Sustainable Energy Networks,University of Nevada Las Vegas
2429405,2024-11-22,164597,Standard Grant,EPSCoR Research Fellows: NSF: Modeling Human Preparation and Anticipation Processes,Regents of the University of Idaho
2429540,2024-11-22,300000,Standard Grant,EPSCoR Research Fellows: NSF: Building a Reliable and Transparent Predictive Condition Monitoring System for Distributed Wind Energy in Rural Areas with Permissioned Blockchain,Mississippi State University
2429582,2024-11-22,282862,Standard Grant,EPSCoR Research Fellows: NSF: Understanding Lung Exposures & Toxicity of E-cigarettes & Cannabis Aerosols with Unregulated Synthetic Cooling Agents & a Novel In Vitro Lung System,Oklahoma State University
2429695,2024-11-22,295495,Standard Grant,EPSCoR Research Fellows: NSF:Resonant X-ray Studies of Magnetic Structures and Excitations in the Two-Dimensional Limit,Brown University
2429709,2024-11-22,259969,Standard Grant,EPSCoR Research Fellow: NSF: Enhancing Workforce Development through Advanced Integration of Mixed Reality and Digital Twins,West Virginia University Research Corporation
2429781,2024-11-22,277817,Standard Grant,EPSCoR Research Fellows: NSF: The microbiota as a facilitator of adaptation to environmental change,Oklahoma State University
2436937,2024-11-22,99957,Standard Grant,Conference: EPSCoR States Workshop for Research and Workforce Development in Fluid Mechanics,University of Nebraska-Lincoln
2429381,2024-11-25,299999,Standard Grant,EPSCoR Research Fellows: NSF: Plasmonic Cavity Nanostructures to Boost Single Photon Emission from Multilayered Hexagonal Boron Nitride,University of Nebraska-Lincoln
2429473,2024-11-25,210510,Standard Grant,EPSCoR Research Fellows: NSF: Listening to Multimessenger Sirens: Monitoring & Modeling of Blazar Jets Across the Electromagnetic Spectrum,University of Mississippi
2429594,2024-11-25,299431,Standard Grant,EPSCoR Research Fellows: NSF: Development of Characterization Techniques to Determine Rate and Temperature Dependent Composite Material Properties for the LS-DYNA MAT213 Model,University of Alabama in Huntsville
2429623,2024-11-25,299999,Standard Grant,EPSCoR Research Fellows: NSF: Unravelling Mechanisms of Simultaneous Growth and Lipid Accumulation in Rhodococcus opacus Using a Systems Biology Approach,University of Wyoming
2429687,2024-11-25,223806,Standard Grant,EPSCoR Research Fellows: NSF: Model-informed optimization of compaction parameters and tooling design for multi-tip compaction tooling,University of Iowa
2428981,2024-11-26,300000,Standard Grant,"EPSCoR Research Fellows: NSF: Memristor Based Computing-in-Memory for Neuromorphic System: Design, Optimization, and Fabrication",University of South Alabama
2429450,2024-11-26,277608,Standard Grant,EPSCoR Research Fellows: NSF: Building a Duke University and University of Hawaii Collaboration for the Next Decade of Supernova Cosmology,University of Hawaii
2428775,2024-12-02,213433,Standard Grant,EPSCoR Research Fellows: NSF: Incorporating Knowledge Graphs and Reasoning Capabilities for Enhanced Visual Data Exploration in Mineral Evolution,Regents of the University of Idaho
2429343,2024-12-02,300000,Standard Grant,EPSCoR Research Fellows: NSF: Computational Design and Experimental Validation of DNA Nanodevices,University of New Mexico
2429932,2024-12-02,272397,Standard Grant,EPSCoR Research Fellows: NSF: Farm Pond Watch: A framework for monitoring subseasonal dynamics of farm ponds to enhance water resource resilience,University of Oklahoma Norman Campus
2502297,2024-12-02,297535,Continuing Grant,Collaborative Research: GCR: Convergent Anthropocene Systems (Anthems) - A System-of-Systems Paradigm,Kent State University
2431978,2024-12-03,3372553,Continuing Grant,Strategic Use-Inspired Research Growth and Engagement (SURGE): a model for Regional Public Universities,Regents of the University of Michigan - Flint
2433330,2024-12-03,3088374,Continuing Grant,Research Infrastructure: GRANTED:  Creating Sustainable Research Infrastructure,Grambling State University
2429718,2024-12-09,285175,Standard Grant,EPSCoR Research Fellows: NSF: Tuning Iridescence - Butterfly Wing Light and Coloration Analysis,Auburn University
2419948,2024-12-10,5119751,Continuing Grant,Skilled Training in Administration and Institutional Research (STAIR),Pennsylvania State Univ University Park
2437518,2024-12-10,112441,Standard Grant,Planning: Advancing AI Implementation at Emerging Research Institutions,JSTOR
2429418,2024-12-11,230552,Standard Grant,EPSCOR Research Fellows: NSF: Advancing National Ecological Observatory Network-Enabled Science and Workforce Development at the University of Maine with Artificial Intelligence,University of Maine
2437963,2025-01-21,8000000,Cooperative Agreement,E-CORE RII: Louisiana Networks of Excellence for Tomorrow,Louisiana Board of Regents
2438132,2025-01-21,8000000,Cooperative Agreement,E-CORE RII: Optimizing Research Infrastructure in Guam,University of Guam
2438144,2025-01-21,5795324,Cooperative Agreement,Collaborative Research: E-CORE RII: Strengthening Partnerships for Advancing Research Capacity in Delaware,University of Delaware
2438145,2025-01-21,2204676,Cooperative Agreement,Collaborative Research: E-CORE RII: Strengthening Partnerships for Advancing Research Capacity in Delaware,Delaware State University
2438168,2025-01-21,6150176,Cooperative Agreement,Collaborative Research:  E-CORE RII: The Science and Technology Research Initiative for the Vermont Economy,Landmark College
2438169,2025-01-21,1849713,Cooperative Agreement,Collaborative Research:  E-CORE RII: The Science and Technology Research Initiative for the Vermont Economy,Bennington College
2438201,2025-01-21,7974265,Cooperative Agreement,"E-CORE RII: Technology for Innovative Visualization, Aggregation & Training in Environmental Preparedness and Resilience for Kentucky",Kentucky Science & Technology Corporation
2505174,2025-02-04,189514,Standard Grant,Conference: Partnership for Advancing Data Science Excellence and Education in Southern EPSCoR States,University of Alabama in Huntsville
2501238,2025-03-21,99911,Standard Grant,Planning: Developing a framework to meet research enterprise needs at California State University Monterrey Bay: A scalable case study,University Corporation at Monterey Bay
2517774,2025-04-01,3832326,Cooperative Agreement,RII Track 2 FEC: Enabling Factory to Factory (F2F) Networking for Future Manufacturing,Clemson University
2502429,2025-05-20,100000,Standard Grant,Planning: ERISE: Increasing Mississippi’s Research Capacity in Autonomous Agricultural Machines for Food Security and Upskilling Farm Work,Mississippi State University
2448900,2025-06-05,2533968,Standard Grant,Collaborative Research: PRIMER - A model to strengthen the research enterprise at predominantly undergraduate institutions,The College of New Jersey
2448901,2025-06-05,505149,Standard Grant,Collaborative Research: PRIMER - A model to strengthen the research enterprise at predominantly undergraduate institutions,University of South Florida
2445825,2025-06-10,7000000,Continuing Grant,E-RISE RII: Advancing Sustainable Development Opportunities for the Guam Research Ecosystem,University of Guam
2446177,2025-06-10,6050089,Continuing Grant,Collaborative Research: E-RISE RII: Use of a Louisiana Bio-Electric Fuel Incubator to Create Liquid Transportation Fuels from Agricultural Residues,Louisiana State University
2446178,2025-06-10,949441,Continuing Grant,Collaborative Research: E-RISE RII: Use of a Louisiana Bio-Electric Fuel Incubator to Create Liquid Transportation Fuels from Agricultural Residues,Louisiana State University Agricultural Center
2437416,2025-06-17,3452094,Continuing Grant,Collaborative Research: E-RISE RII: Germanium-based Science and Technology Advancement Research,University of South Dakota Main Campus
2437417,2025-06-17,729610,Continuing Grant,Collaborative Research: E-RISE RII: Germanium-based Science and Technology Advancement Research,Black Hills State University
2437418,2025-06-17,297500,Continuing Grant,Collaborative Research: E-RISE RII: Germanium-based Science and Technology Advancement Research,Dakota State University
2437419,2025-06-17,2000105,Continuing Grant,Collaborative Research: E-RISE RII: Germanium-based Science and Technology Advancement Research,South Dakota School of Mines and Technology
2437420,2025-06-17,517370,Continuing Grant,Collaborative Research: E-RISE RII: Germanium-based Science and Technology Advancement Research,South Dakota State University
2513257,2025-06-17,4748597,Continuing Grant,Accelerating the Nation's Research Capacity through an EPSCoR Hub,American Association for the Advancement of Science
2444978,2025-06-18,913685,Standard Grant,RCN: Research Evaluation and Analytics Capacity Hub (REACH),University of Kentucky Research Foundation
2446056,2025-06-26,7000000,Continuing Grant,E-RISE RII: An Investigation of Saltwater Intrusion in the Complex Coastal Environment of Delaware,University of Delaware
2438206,2025-06-27,8000000,Cooperative Agreement,"E-CORE RII: Arkansas Nexus for Excellence in Technology, Workforce, Outreach and Research Knowledge",ARKANSAS RESEARCH ALLIANCE
2446008,2025-06-28,7000000,Continuing Grant,E-RISE RII: Establishment of the U.S. Virgin Islands Center for Autonomous Research for a new Era of Ecological Marine Science and Workforce Development,University of The Virgin Islands
2438542,2025-07-08,6999999,Continuing Grant,E-RISE RII: Socio-ecological Impact of Microplastics in Coastal Ecosystems,University of Rhode Island
2445877,2025-07-10,7000000,Continuing Grant,E-RISE Rll: Arkansas Smart Transportation Research Incubator through Data Engineering and Science,University of Arkansas
2445934,2025-07-10,7000000,Continuing Grant,E-RISE RII: Forest Research for New Mexico Water and Carbon Management,University of New Mexico
2512527,2025-07-10,100000,Standard Grant,Planning: Facilitating Grant Resubmissions to Strengthen the Research Enterprise,Southern Utah University
2453458,2025-07-11,1087032,Standard Grant,Collaborative Research: Building Research Infrastructure and Development to Grow Emerging Research Institutions (BRIDGE),University of Wisconsin-Eau Claire
2453459,2025-07-11,545819,Standard Grant,Collaborative Research: Building Research Infrastructure and Development to Grow Emerging Research Institutions (BRIDGE),University of Wisconsin-Oshkosh
2434079,2025-07-30,3374409,Standard Grant,Collaborative Research: BUILD: Bridging the Unmet Industry Learning Demands for Research Administrators,University of South Florida
2434080,2025-07-30,204840,Standard Grant,Collaborative Research: BUILD: Bridging the Unmet Industry Learning Demands for Research Administrators,The University of Central Florida Board of Trustees
2438102,2025-07-30,3258486,Cooperative Agreement,Collaborative Research: E-CORE RII: Sustainable Programs Advancing Research and Knowledge across North Dakota,North Dakota State University Fargo
2438103,2025-07-30,475832,Cooperative Agreement,Collaborative Research: E-CORE RII: Sustainable Programs Advancing Research and Knowledge across North Dakota,United Tribes Technical College
2438104,2025-07-30,480144,Cooperative Agreement,Collaborative Research: E-CORE RII: Sustainable Programs Advancing Research and Knowledge across North Dakota,Minot State University
2438105,2025-07-30,479993,Cooperative Agreement,Collaborative Research: E-CORE RII: Sustainable Programs Advancing Research and Knowledge across North Dakota,NUETA HIDATSA SAHNISH COLLEGE
2438106,2025-07-30,478893,Cooperative Agreement,Collaborative Research: E-CORE RII: Sustainable Programs Advancing Research and Knowledge across North Dakota,Valley City State University
2438107,2025-07-30,419648,Cooperative Agreement,Collaborative Research: E-CORE RII: Sustainable Programs Advancing Research and Knowledge across North Dakota,Cankdeska Cikana Community College
2438108,2025-07-30,480000,Cooperative Agreement,Collaborative Research: E-CORE RII: Sustainable Programs Advancing Research and Knowledge across North Dakota,Turtle Mountain Community College
2438109,2025-07-30,480000,Cooperative Agreement,Collaborative Research: E-CORE RII: Sustainable Programs Advancing Research and Knowledge across North Dakota,Sitting Bull College
2438110,2025-07-30,931200,Cooperative Agreement,Collaborative Research: E-CORE RII: Sustainable Programs Advancing Research and Knowledge across North Dakota,University of North Dakota Main Campus
2438111,2025-07-30,479608,Cooperative Agreement,Collaborative Research: E-CORE RII: Sustainable Programs Advancing Research and Knowledge across North Dakota,Mayville State University
2450141,2025-07-30,200000,Standard Grant,Conference: Workshop on Bridging the Gaps: Tackling Microplastics and Nanoplastics Challenges in Coastal Ecosystems,University of South Alabama
2534553,2025-07-30,199968,Standard Grant,Planning: Growing Research Infrastructure Together in Mississippi (GRIT Mississippi),University of Mississippi
2521103,2025-08-07,3999959,Standard Grant,FEC: Good Fire: Enhance Spatial and Temporal Efficacy of Prescribed Fire and Managed Wildfire Use,Boise State University
2521342,2025-08-07,2190786,Standard Grant,"Collaborative Research: FEC: Establishing Infrastructure for AI-Driven Discovery of Small Molecules to Combat Antibiotic Resistance, Biofilms, and Aflatoxin Contamination",South Dakota State University
2521343,2025-08-07,999470,Standard Grant,"Collaborative Research: FEC: Establishing Infrastructure for AI-Driven Discovery of Small Molecules to Combat Antibiotic Resistance, Biofilms, and Aflatoxin Contamination",University of Nevada Las Vegas
2521344,2025-08-07,809743,Standard Grant,"Collaborative Research: FEC: Establishing Infrastructure for AI-Driven Discovery of Small Molecules to Combat Antibiotic Resistance, Biofilms, and Aflatoxin Contamination",South Dakota School of Mines and Technology
2521374,2025-08-07,3600000,Standard Grant,Collaborative Research: FEC: Tri-State Collaborative for Defluorination of Per- and Polyfluoroalkyl Substances,University of Delaware
2521375,2025-08-07,1200000,Standard Grant,Collaborative Research: FEC: Tri-State Collaborative for Defluorination of Per- and Polyfluoroalkyl Substances,University of South Carolina at Columbia
2521376,2025-08-07,1200000,Standard Grant,Collaborative Research: FEC: Tri-State Collaborative for Defluorination of Per- and Polyfluoroalkyl Substances,University of Alabama in Huntsville
2521392,2025-08-07,2500000,Standard Grant,Collaborative Research: FEC: Circular Waste Resource Recovery and Water Reuse Systems to Drive Sustainability and Resiliency of the Great Plains Rural Communities,Kansas State University
2521393,2025-08-07,2000000,Standard Grant,Collaborative Research: FEC: Circular Waste Resource Recovery and Water Reuse Systems to Drive Sustainability and Resiliency of the Great Plains Rural Communities,Oklahoma State University
2521394,2025-08-07,1500000,Standard Grant,Collaborative Research: FEC: Circular Waste Resource Recovery and Water Reuse Systems to Drive Sustainability and Resiliency of the Great Plains Rural Communities,University of Nebraska-Lincoln
2521414,2025-08-07,2192722,Standard Grant,Collaborative Research: FEC: Harnessing Artificial Magnetic Semiconductors in the Flatland,University of Kansas Center for Research Inc
2521415,2025-08-07,1800000,Standard Grant,Collaborative Research: FEC: Harnessing Artificial Magnetic Semiconductors in the Flatland,University of Nebraska-Lincoln
2521432,2025-08-07,3260118,Standard Grant,Collaborative Research: FEC: Optical Properties of Mineral Dust Aerosols: Building Capacity for Use-Inspired Applications Through Experimental and Theoretical Investigations,"Nevada System of Higher Education, Desert Research Institute"
2521433,2025-08-07,878192,Standard Grant,Collaborative Research: FEC: Optical Properties of Mineral Dust Aerosols: Building Capacity for Use-Inspired Applications Through Experimental and Theoretical Investigations,University of Oklahoma Norman Campus
2521434,2025-08-07,1080636,Standard Grant,Collaborative Research: FEC: Optical Properties of Mineral Dust Aerosols: Building Capacity for Use-Inspired Applications Through Experimental and Theoretical Investigations,University of Wyoming
2529057,2025-08-07,2998138,Standard Grant,Supporting and Harmonizing Research Endeavors (SHARE),Kent State University
2538405,2025-08-07,99943,Standard Grant,Planning: E-RISE RII: Hydrogen as a Harness for Waste Energy,Oklahoma State University
2538906,2025-08-14,1394260,Standard Grant,Testing an approach to expanding research enterprise capacity through enhancement of data infrastructure,Texas A&M AgriLife Research
2523966,2025-08-15,3599999,Continuing Grant,GCR: Predicting Flood-Related Health Threats in At-Risk U.S. Communities,Washington University
2528426,2025-08-15,720641,Standard Grant,Building Research Data Infrastructure for Emerging Research Institutions Using an Open-Source Model Design,University of San Diego
2536039,2025-08-15,1660204,Standard Grant,GRANTS MADE at Scale: Implementing a Regional Research Administration Student Internship Program in Maryland and Delaware,University of Maryland Baltimore County
2538864,2025-08-15,195681,Standard Grant,Planning: Designing a Grants Development Office at the University of Evansville to Strengthen Institutional and Regional Research Capacity,University of Evansville
2542735,2025-08-15,199896,Standard Grant,Planning: Enhancing the U.S. Research Enterprise through Knowledge Management System Creation,Michigan Technological University
2524088,2025-08-16,2409997,Continuing Grant,Collaborative Research: GCR: AI-Powered Human-Centric Affordable Assistive Robotics for Mobility and Community,New York University
2524089,2025-08-16,1190000,Continuing Grant,Collaborative Research: GCR: AI-Powered Human-Centric Affordable Assistive Robotics for Mobility and Community,New Jersey Institute of Technology
2534892,2025-08-21,92814,Standard Grant,Collaborative Research: Planning: Shaping the Future of Research Project Management: A Survey on Practice and Needs,University of Notre Dame
2534893,2025-08-21,30482,Standard Grant,Collaborative Research: Planning: Shaping the Future of Research Project Management: A Survey on Practice and Needs,Morgan State University
2534894,2025-08-21,43322,Standard Grant,Collaborative Research: Planning: Shaping the Future of Research Project Management: A Survey on Practice and Needs,University of Colorado at Boulder
2534896,2025-08-21,33382,Standard Grant,Collaborative Research: Planning: Shaping the Future of Research Project Management: A Survey on Practice and Needs,Tuskegee University
2545364,2025-08-26,100000,Standard Grant,Planning: Assessment of Research Infrastructure at Primarily Undergraduate Institutions for Collaborative Consortium Building,St Mary's College
2524054,2025-08-27,2664678,Continuing Grant,Collaborative Research: GCR: Growing Restorative Agroenergy Landscapes,Michigan State University
2524055,2025-08-27,297714,Continuing Grant,Collaborative Research: GCR: Growing Restorative Agroenergy Landscapes,Dartmouth College
2524056,2025-08-27,299947,Continuing Grant,Collaborative Research: GCR: Growing Restorative Agroenergy Landscapes,University of Texas at Dallas
2524057,2025-08-27,330514,Continuing Grant,Collaborative Research: GCR: Growing Restorative Agroenergy Landscapes,Purdue University
2536122,2025-08-27,164592,Standard Grant,Planning: Innovative Grant Network for Institutional Transformations and Excellence (IGNITE),Foundation for California Community Colleges
2529584,2025-08-29,2054179,Standard Grant,Collaborative and Operational Leadership (COLead): Leading from all levels toward research excellence and sustainability,Seattle University
2538822,2025-09-08,510000,Standard Grant,Core Support for the Federal Demonstration Partnership,National Academy of Sciences
2530313,2025-09-15,271143,Standard Grant,EPSCoR Research Fellows: NSF: Using Metabolomics to Listen in on Marine Microbial Interactions,University of New Hampshire
2531324,2025-09-15,285122,Standard Grant,EPSCoR Research Fellows: NSF: Cost-Effective AI for Image Analysis,University of Louisiana at Lafayette
2531428,2025-09-15,237174,Standard Grant,EPSCoR Research Fellows: NSF: Building Mechanistic Models for the Interaction of Tau Protein and Neuronal Voltage,Middlebury College
2531583,2025-09-15,299985,Standard Grant,EPSCoR Research Fellows: NSF: Probing Deformation Mechanisms in Heterogeneous Lamellar Metals for Breaking the Strength-Ductility Trade-off Condition,University of South Carolina at Columbia
2531598,2025-09-15,300000,Standard Grant,EPSCoR Research Fellows: NSF: Unraveling How Multivalent Metal Cations Drive the Hydrophilic-to-Hydrophobic Transition in Cellulosic Materials,University of Maine
2531603,2025-09-15,299431,Standard Grant,EPSCoR Research Fellows: NSF: Assessing Submarine Groundwater as a Nutrient Contributor and Potential Driver of Hypoxia in the Mississippi Bight,University of Southern Mississippi
2531613,2025-09-15,266574,Standard Grant,EPSCoR Research Fellows: NSF: Regenerative Capacity of Mechanosensory Neurons within the Lamprey Spinal Cord,Western Kentucky University
2531622,2025-09-15,224110,Standard Grant,EPSCoR Research Fellows: NSF: Advancing Multi-Sensor Smart Environments Without Human-Machine Interaction for Individuals with Functional Limitations,Montana Technological University
2531653,2025-09-15,299956,Standard Grant,EPSCoR Research Fellows: NSF: Toward Simulating Few-Nucleon Interactions on Quantum Computers,Dakota State University
2531663,2025-09-15,300000,Standard Grant,EPSCOR Research Fellows: NSF: Multifunctional Metamaterial Design for Future Electric Vertical Take-off and Landing Aircrafts,Dartmouth College
2531682,2025-09-15,160498,Standard Grant,EPSCoR Research Fellows: NSF: Documenting Language Change and Emerging Varieties among Non-Native Speaking Communities,University of Mississippi
2531729,2025-09-15,299999,Standard Grant,EPSCoR Research Fellows: NSF: Expanding Pathways for Rural Students into Engineering,University of North Dakota Main Campus
2531744,2025-09-15,234669,Standard Grant,EPSCoR Research Fellows: NSF: Analysis on Models of Fluid Mechanics and Mathematical Physics,University of Nebraska-Lincoln
2531762,2025-09-15,178506,Standard Grant,EPSCoR Research Fellows: NSF: Obtaining Data Science Expertise to Support Evidence-based Policymaking for Public Lands Counties,Regents of the University of Idaho
2531788,2025-09-15,249111,Standard Grant,EPSCoR Research Fellows: NSF: Forest Richness-Productivity Relationships: Scaling from Cells to Continents,University of Wyoming
2531799,2025-09-15,239412,Standard Grant,EPSCoR Research Fellows: NSF: Dynamic Energy Budget Theory to Predict Lifetime Fitness and Productivity Across Phenotypic and Energetic Landscapes,Montana State University
2531802,2025-09-15,207937,Standard Grant,EPSCoR Research Fellows: NSF: Dynamic Nuclear Polarization and Solid-State Nuclear Magnetic Resonance Investigations of Pathogenic Bacterial Biofilm,Louisiana State University
2531815,2025-09-15,299237,Standard Grant,EPSCoR Research Fellows: NSF: Dissipative Structure in Quantum Materials Driven by Light-Induced Coherent Phonons,University of Delaware
2531831,2025-09-15,122385,Standard Grant,EPSCoR Research Fellows: NSF: Using Next-Gen Network-Scale Models to Predict Ecosystem Responses to Hydrologic Disturbance,University of Alabama Tuscaloosa
2531850,2025-09-15,300000,Standard Grant,EPSCoR Research Fellows @ NASA: Immobilized Ionic Liquids for the Selective Extraction of Rare Earth Critical Elements from Waste Streams,New Mexico State University
2531851,2025-09-15,297689,Standard Grant,EPSCoR Research Fellows: NSF: Developing Synchrotron-based Multi-Modal Characterization Techniques and Accelerating Solid-State Battery Design,Clemson University
2531864,2025-09-15,268833,Standard Grant,EPSCoR Research Fellows: NSF: Advancing Hydrogel-Based Fire Suppression Through Collaborative Material Development and Performance Validation,Oklahoma State University
2531871,2025-09-15,299999,Standard Grant,EPSCoR Research Fellows: NSF: Unraveling Cosmological Tensions by Modeling the Oldest Stars with Improved Treatments of Convection in Stellar Interiors,University of Wyoming
2531897,2025-09-15,299989,Standard Grant,EPSCoR Research Fellows: NSF: Physics-Informed Machine Learning for Accelerated Discovery and Dynamics Analysis in Ultrafast X-Ray Diffraction,University of Hawaii
2611357,2025-12-29,300000,Standard Grant,"EPSCoR Research Fellows: NSF: Memristor Based Computing-in-Memory for Neuromorphic System: Design, Optimization, and Fabrication",University of Alabama Tuscaloosa
2611071,2026-01-08,6000000,Cooperative Agreement,RII Track 2 FEC: Building Research Infrastructure and Workforce in Edge Artificial Intelligence,University of Alabama Tuscaloosa
2531614,2026-03-31,295993,Standard Grant,EPSCoR Research Fellows: NSF: Advancing Adaptive Ocean Modeling Using Machine Learning Methods,Boise State University
2531787,2026-03-31,286131,Standard Grant,EPSCoR Research Fellows: NSF: Proteomic-Environmental Applications for Contaminant Eradication,University of Kansas Center for Research Inc
2531827,2026-03-31,235654,Standard Grant,EPSCoR Research Fellows: NSF: Linking Numerical and Metabolic Theories of Life History,University of Kentucky Research Foundation
2531889,2026-03-31,299972,Standard Grant,EPSCoR Research Fellows: NSF: Identifying Active Microorganisms During Permafrost Thaw Using Quantitative Stable Isotope Probing,University of Alaska Fairbanks Campus
2531722,2026-04-09,288117,Standard Grant,EPSCoR Research Fellows: NSF: Understanding the Heterochiral Charge-density Wave State in van der Waals Crystals: A Data-Driven approach,University of South Carolina at Columbia
2531840,2026-04-09,299504,Standard Grant,EPSCoR Research Fellows: NSF: Ultrafast Electron Microscopy of Strain-Engineered Photoinduced Phase Transitions in 2D Indium Selenide,University of Delaware
2531747,2026-04-10,291425,Standard Grant,EPSCoR Research Fellows: NSF: Elucidating Li Ion Diffusion Through Solid-Electrolyte Interphases Using Enhanced Sampling Accelerated Machine Learning Molecular Dynamics Simulations,University of Alabama Tuscaloosa
2531816,2026-04-10,299677,Standard Grant,EPSCoR Research Fellows: NSF: Advancing Kinetic Modeling of Low-Temperature Plasma through GPU-Accelerated High-Performance Computing,University of North Dakota Main Campus
2531825,2026-04-10,300000,Standard Grant,EPSCoR Research Fellows: NSF: Multiphysics Computational Framework and Reinforcement Learning for Compressible Flows,Auburn University
2614260,2026-04-10,323174,Continuing Grant,"Collaborative Research: GCR: Engineering, SocioEconomic and Environmental Convergence of Ocean Wave Energy Research for Remote Coastal Communities",North Carolina State University
2531818,2026-04-14,250241,Standard Grant,EPSCoR Research Fellows: NSF: Tuning the magnetic properties of 1T-CrTe2 via intercalation,Wichita State University
2531881,2026-04-14,298221,Standard Grant,EPSCoR Research Fellows: NSF: Enhancing Trust in Healthcare Decisions with Data-Resilient Machine Learning Methods,University of Kansas Center for Research Inc
2531477,2026-04-17,299997,Standard Grant,EPSCoR Research Fellows: NSF: Extending the Safety of Soft Robotics: Towards Millimeter to Centimeter-Scale Eco-biocompatible Soft Robots with Multimodal Operations,University of Hawaii
2531699,2026-04-17,253394,Standard Grant,EPSCoR Research Fellows: @NASA: Constraining the role for earth system model uncertainty in glacier model projections,University of Hawaii
2531765,2026-04-17,299667,Standard Grant,EPSCoR Research Fellows: NSF: Detecting Early Warning Signals of Dryland Ecosystem Change Using Experimental Precipitation Manipulations and Drone-Based Observations,Boise State University
2531774,2026-04-17,298472,Standard Grant,EPSCoR Research Fellows: NSF: Engineering Superconductivity in 5d Transition Metal Oxide Heterostructures,New Mexico State University
2531809,2026-04-17,222497,Standard Grant,EPSCoR Research Fellows: NSF: Interpretable AI-Driven Multi-Modal MRI for Brain Imaging Analysis,Tulane University
2531855,2026-04-17,298950,Standard Grant,EPSCoR Research Fellows: NSF: Securing Next-Generation Advanced Driver Assistance Systems Through Multi-Phase Safety Assurance: From Design to Runtime,Louisiana State University
2531873,2026-04-21,300000,Standard Grant,EPSCoR Research Fellows: NSF: Artificial Intelligence Test Platform for Plant Single-Cell Protein Data and Use Cases,University of Nebraska-Lincoln
2531814,2026-04-29,294412,Standard Grant,EPSCoR Research Fellows: NSF: Mechanocatalysis with MXenes - Mechanically Driven Tribofilm Formation at Sliding Interfaces,Oklahoma State University
2554166,2026-04-29,99690,Standard Grant,Planning: E-RISE: Strategic Technology Advancements for Resilience in North Dakota Energy Systems,North Dakota State University Fargo
2539252,2026-07-02,10000000,Cooperative Agreement,"E-CORE: Nebraska Strengthening Partnerships for Innovation, Research, and Education",University of Nebraska-Lincoln
2539413,2026-07-02,10000000,Cooperative Agreement,Research Infrastructure: E-CORE: Research Infrastructure for AI-based Sustainable STEM Technologies in Puerto Rico,University of Puerto Rico Mayaguez
2539517,2026-07-02,5604032,Cooperative Agreement,"Collaborative Research: E-CORE: Oklahoma Research, Innovation, and Opportunity Network",University of Oklahoma Norman Campus
2539518,2026-07-02,1040284,Cooperative Agreement,"Collaborative Research: E-CORE: Oklahoma Research, Innovation, and Opportunity Network",University of Central Oklahoma
2539519,2026-07-02,1914966,Cooperative Agreement,"Collaborative Research: E-CORE: Oklahoma Research, Innovation, and Opportunity Network",University of Tulsa
2539520,2026-07-02,1437088,Cooperative Agreement,"Collaborative Research: E-CORE: Oklahoma Research, Innovation, and Opportunity Network",Northeastern State University
2614581,2026-07-09,2214790,Standard Grant,Collaborative Research: FEC: Boosting Tolerance to Water Stress in Rice and Wheat Using Mycorrhizal Inoculants,Arkansas State University Main Campus
2614582,2026-07-09,1839157,Standard Grant,Collaborative Research: FEC: Boosting Tolerance to Water Stress in Rice and Wheat Using Mycorrhizal Inoculants,University of Kansas Center for Research Inc
2614583,2026-07-09,1892600,Standard Grant,Collaborative Research: FEC: Boosting Tolerance to Water Stress in Rice and Wheat Using Mycorrhizal Inoculants,University of Nebraska-Lincoln
2614584,2026-07-09,53453,Standard Grant,Collaborative Research: FEC: Boosting Tolerance to Water Stress in Rice and Wheat Using Mycorrhizal Inoculants,Kansas State University
2546319,2026-07-10,7950107,Continuing Grant,E-RISE: Nebraska Center for 3D Innovation (NE3D),University of Nebraska at Omaha
2546677,2026-07-10,7997725,Continuing Grant,E-RISE: Capacity Building for Resilient Microelectronics for Extreme Environments (XTREME) Program,Boise State University
2614944,2026-07-10,2520000,Standard Grant,Collaborative Research: EcoCARE: A Use-inspired Ecological-Economic Collaboratory for Advancing Coastal Wetland REstoration and Resilience,University of Rhode Island
2614945,2026-07-10,1476876,Standard Grant,Collaborative Research: EcoCARE: A Use-inspired Ecological-Economic Collaboratory for Advancing Coastal Wetland REstoration and Resilience,Louisiana State University
2546641,2026-07-16,8000000,Continuing Grant,E-RISE: Center for Grassland Ecosystem Forecasting,University of Oklahoma Norman Campus
2546726,2026-07-16,7922577,Continuing Grant,"E-RISE: EMBEDDEd-NH: Endeavor for Multi-omics-Based Exploration, Data-Driven modeling, and Education in NH",University of New Hampshire
2614884,2026-07-16,2000000,Standard Grant,Collaborative Research: FEC: AI-Enabled Environmental Surveillance of Microbial and Chemical Threats to Food Production Systems,University of Hawaii
2614885,2026-07-16,2000000,Standard Grant,Collaborative Research: FEC: AI-Enabled Environmental Surveillance of Microbial and Chemical Threats to Food Production Systems,University of Nebraska-Lincoln
2614822,2026-07-17,2430128,Standard Grant,"Collaborative Research: FEC: Converging AI, Biomechanics, and Genomics to Engineer Lodging Resilient Field Crops",Regents of the University of Idaho
2614823,2026-07-17,2000000,Standard Grant,"Collaborative Research: FEC: Converging AI, Biomechanics, and Genomics to Engineer Lodging Resilient Field Crops",Clemson University
2614824,2026-07-17,1569867,Standard Grant,"Collaborative Research: FEC: Converging AI, Biomechanics, and Genomics to Engineer Lodging Resilient Field Crops",University of Nebraska Medical Center
2614987,2026-07-20,3259097,Standard Grant,"FEC: Snow STORE: Snow Science and Technology for Operations, Research, and Economic Development in Northern New England",University of Vermont & State Agricultural College
2614988,2026-07-20,2662875,Standard Grant,"FEC: Snow STORE: Snow Science and Technology for Operations, Research, and Economic Development in Northern New England",University of New Hampshire
2539219,2026-07-28,9999989,Cooperative Agreement,E-CORE: South Carolina Collaborative Academic Pathways in STEM,South Carolina Research Authority
2546505,2026-07-28,6499063,Continuing Grant,Collaborative Research: E-RISE: Center for AI-Driven Bioprocess Control for Cell Manufacturing,University of Puerto Rico Mayaguez
2546506,2026-07-28,498931,Continuing Grant,Collaborative Research: E-RISE: Center for AI-Driven Bioprocess Control for Cell Manufacturing,University of Puerto Rico-Rio Piedras
2546507,2026-07-28,499436,Continuing Grant,Collaborative Research: E-RISE: Center for AI-Driven Bioprocess Control for Cell Manufacturing,"PUERTO RICO SCIENCE, TECHNOLOGY AND RESEARCH TRUST"
2546508,2026-07-28,499690,Continuing Grant,Collaborative Research: E-RISE: Center for AI-Driven Bioprocess Control for Cell Manufacturing,Universidad Del Turabo
2614749,2026-08-05,3824575,Standard Grant,Collaborative Research: FEC: Transformative Bioprocessing and AI-Driven Frameworks for Sustainable Critical Mineral Recovery,University of Alaska Anchorage Campus
2614750,2026-08-05,1260800,Standard Grant,Collaborative Research: FEC: Transformative Bioprocessing and AI-Driven Frameworks for Sustainable Critical Mineral Recovery,Montana Technological University
2614751,2026-08-05,913037,Standard Grant,Collaborative Research: FEC: Transformative Bioprocessing and AI-Driven Frameworks for Sustainable Critical Mineral Recovery,University of Alaska Fairbanks Campus
2511395,2026-08-10,91218,Standard Grant,Equipment: MRI: Track 1 Acquisition of an EEG system to advance psychophysiological research and education at a primarily undergraduate institution,CAL POLY HUMBOLDT SPONSORED PROGRAMS FOUNDATION
2531751,2026-08-10,124362,Standard Grant,EPSCoR Research Fellows: NSF: Using Radio Frequency Identification to Study Learning and Memory in Wild Birds,Bennington College
2624625,2026-08-10,300000,Standard Grant,EPSCoR Research Fellows: NSF: Investigating Energetics of Noble Gas Separation Using Silica Nanocages,Grinnell College
2617793,2026-08-11,3300000,Continuing Grant,GCR: Co-designing shaped light and quantum materials for optoelectronic switching and sensing,Yale University
2617907,2026-08-11,545872,Continuing Grant,Collaborative Research: GCR: A new scientific framework for understanding and valuing ecosystem services at scale,"University of Maryland, College Park"
2617908,2026-08-11,1455468,Continuing Grant,Collaborative Research: GCR: A new scientific framework for understanding and valuing ecosystem services at scale,University of North Texas
2617909,2026-08-11,1009416,Continuing Grant,Collaborative Research: GCR: A new scientific framework for understanding and valuing ecosystem services at scale,University of California-Santa Barbara
2617910,2026-08-11,589227,Continuing Grant,Collaborative Research: GCR: A new scientific framework for understanding and valuing ecosystem services at scale,Michigan State University
2624167,2026-08-11,232789,Standard Grant,EPSCoR Research Fellows: NSF: Building Radar Expertise for Improved Sub-Seasonal Tree Growth Monitoring and Research Capacity in Idaho,Regents of the University of Idaho
2624310,2026-08-11,300000,Standard Grant,EPSCoR Research Fellows: @NASA: Calibrating NISAR to in situ soli & live fuel moisture sensors for wildfire risk,University of New Mexico
2624348,2026-08-11,282012,Standard Grant,EPSCoR Research Fellows: NSF: Wafer-Scale Fabrication and Packaging of Magnetic Planar Inductors on Silicon Carbide for Extreme- Environment Microelectronics,Boise State University
2624473,2026-08-11,294919,Standard Grant,EPSCoR Research Fellows NSF: Developing Next-Generation Electromagnetic Models of Explosive Transient Observations,Regents of the University of Idaho
2630366,2026-08-11,274109,Standard Grant,Identifying a Transferable Leadership and Organizational Learning Model from the Collective Experience of NSF Science and Technology Centers,SUNY at Buffalo
2624326,2026-08-12,300000,Standard Grant,EPSCoR Research Fellows: NSF: Enhancing Astronomical Multi-Messenger Inference of the Neutron Star Equation of State through Machine Learning Methods,University of Nevada Las Vegas
2624437,2026-08-12,299665,Standard Grant,EPSCoR Research Fellows: NSF: AI-Secure Command Channels for Autonomous Space Systems,New Mexico State University
2624506,2026-08-12,298163,Standard Grant,EPSCoR Research Fellows: NSF: A Unified Modeling Approach to Ductile Fracture in Metals with Crystal Defects,University of Vermont & State Agricultural College
2624507,2026-08-12,284387,Standard Grant,EPSCoR Research Fellows: NSF: Development of Multifunctional Chain Extenders from Chemical Upcycling of Polyethylene Terephthalate (PET) to Enhance Mechanical Recycling,Troy University
2624545,2026-08-12,235973,Standard Grant,EPSCOR Research Fellows: NSF: Quantum Advantage in Random Quantum Hamiltonians,Bowdoin College
2624569,2026-08-12,277596,Standard Grant,EPSCoR Research Fellows: NSF: Genome-Resolved and AI-Informed Modeling of Soil Microbiome Functions Across Regional Agroecosystem Gradients,North Dakota State University Fargo
2624576,2026-08-12,299247,Standard Grant,EPSCoR Research Fellows: NSF: Strongly Interacting 2D Trion-Polaritons for Scalable On-Chip Quantum Nonlinearities,Montana State University
2624607,2026-08-12,247885,Standard Grant,EPSCoR Research Fellows: NSF: Developing a Practical Physics-Informed AI Benchmark for Estuarine Physical-Biogeochemical Prediction and Data Assimilation,University of South Alabama
2624670,2026-08-12,299797,Standard Grant,EPSCoR Research Fellows: NSF: Predictive Pressure-Driven Structural Control in Correlated Quantum Materials,University of North Dakota Main Campus
2624327,2026-08-13,300000,Standard Grant,EPSCoR Research Fellows: NSF: Closed-Loop Autonomous AI Platform for Rapid Discovery and Optimization of Compositionally Complex Ceramics,Iowa State University
2624343,2026-08-13,235639,Standard Grant,EPSCoR Research Fellows: NSF: The role of vegetation phenology in grassland sensitivity to extreme drought,Montana State University
2624364,2026-08-13,299567,Standard Grant,"EPSCoR Research Fellows: NSF: Understanding Low Cloud Evolution and their Interactions with Aerosols Using Observations, Machine Learning, and Modeling","Nevada System of Higher Education, Desert Research Institute"
2624369,2026-08-13,300000,Standard Grant,EPSCoR Research Fellows: NSF: Monochromated STEM EELS of intercalated 2D materials bilayers,Brown University
2624418,2026-08-13,244335,Standard Grant,EPSCoR Research Fellows: NSF: Probing Ultrafast Photochemical Dynamics with Attosecond Coincidence Spectroscopy and High-Repetition-Rate Pump-Probe Measurements,Emporia State University
2624453,2026-08-13,299597,Standard Grant,EPSCoR Research Fellows:  NSF:  Developing LC-MS/MS and Immunofluorescence Workflows for Quantitative and Spatial Analysis of Glycosaminoglycans in the Sclera,University of Mississippi
2624455,2026-08-13,300000,Standard Grant,EPSCoR Research Fellows: NSF: Water Vapor Sorption and Interfacial Dynamics in Cellulose Composite Materials Investigated via Ultra-High-Field NMR,University of Alabama Tuscaloosa
2624468,2026-08-13,277886,Standard Grant,EPSCoR Research Fellows: NSF: Biomass-Derived Carbon Electrodes for Capacitive Deionization and Critical Material Recovery: Mechanistic Characterization and Implementation,University of Puerto Rico Mayaguez
2624475,2026-08-13,299895,Standard Grant,EPSCoR Research Fellows: NSF: Improving Understanding of Mercury Cycling in the Global Ocean,Tulane University
2624499,2026-08-13,299998,Standard Grant,EPSCoR Research Fellows: NSF: From Magnetic Competition to Function: Spontaneous Magnetization Reversal as a Design Principle,West Virginia University Research Corporation
2624519,2026-08-13,299990,Standard Grant,EPSCoR Research Fellows: NSF: Block Copolymer Complexes for the Rectification of Lithographic Nanopatterns,Iowa State University
2624534,2026-08-13,299379,Standard Grant,EPSCoR Research Fellows: NSF: Building capacity in museomics to advance evolutionary discovery and use-inspired science,Boise State University
2624573,2026-08-13,299676,Standard Grant,EPSCoR Research Fellows: NSF: Building a Large Predictive Model for Severe Flooding Events,University of Louisville Research Foundation Inc
2624602,2026-08-13,297020,Standard Grant,EPSCoR Research Fellows: NSF: Low Temperature Catalytic Radical Generation for Selective Oxidation of Hydrocarbons Enabled by Operando Spectroscopic Tools,University of Kansas Center for Research Inc
2624655,2026-08-13,299305,Standard Grant,EPSCoR Research Fellows: NSF: Developing Laser-Integrated Multimodal Instrumentation and Advancing Light Manipulation of Quantum Materials,University of Alabama Tuscaloosa
2510322,2026-08-14,603343,Standard Grant,Equipment: MRI (Track 1): Acquisition of Ultra-low Field Portable Magnetic Resonance Imaging Scanner (Hyperfine Swoop),University of Connecticut
2511312,2026-08-14,745287,Standard Grant,"MRI: Track 1 Acquisition of a Variable Pressure Scanning Electron Microscope for Nano and Micro-scale Imaging, Elemental Analysis and Materials Science at Idaho State University",Idaho State University
2617818,2026-08-14,2216414,Continuing Grant,Collaborative Research: GCR: Center on Solar Wind-Milky Way Impacts on Complex Earth Systems (COSMIC),Trustees of Boston University
2617819,2026-08-14,259169,Continuing Grant,Collaborative Research: GCR: Center on Solar Wind-Milky Way Impacts on Complex Earth Systems (COSMIC),Columbia University
2617820,2026-08-14,370000,Continuing Grant,Collaborative Research: GCR: Center on Solar Wind-Milky Way Impacts on Complex Earth Systems (COSMIC),Oregon State University
2617821,2026-08-14,254970,Continuing Grant,Collaborative Research: GCR: Center on Solar Wind-Milky Way Impacts on Complex Earth Systems (COSMIC),Smithsonian Institution Astrophysical Observatory
2617822,2026-08-14,59509,Continuing Grant,Collaborative Research: GCR: Center on Solar Wind-Milky Way Impacts on Complex Earth Systems (COSMIC),University Corporation For Atmospheric Res
2617823,2026-08-14,168397,Continuing Grant,Collaborative Research: GCR: Center on Solar Wind-Milky Way Impacts on Complex Earth Systems (COSMIC),Planetary Science Institute
2617824,2026-08-14,268503,Continuing Grant,Collaborative Research: GCR: Center on Solar Wind-Milky Way Impacts on Complex Earth Systems (COSMIC),University of Colorado at Boulder
2617920,2026-08-14,3299981,Continuing Grant,GCR: Understanding and Interrupting Cascading Heat Failures Along the I-10 Corridor,Arizona State University
2624308,2026-08-14,294141,Standard Grant,EPSCoR Research Fellows: NSF: Mechanistic Controls on Permafrost‑Influenced Deep‑Seated Landslides in Alaska – Geomechanical Testing of Field Samples in Central Alaska,University of Alaska Fairbanks Campus
2624349,2026-08-14,299827,Standard Grant,EPSCoR Research Fellows: NSF: Advancing Soil Liquefaction Assessment by Reconciling Pore Pressure Migration Across Multiple Scales,Montana State University
2624402,2026-08-14,257733,Standard Grant,EPSCoR Research Fellows: NSF: Machine Learning for Faster Simulation of Neutrino Detectors,University of South Dakota Main Campus
2624558,2026-08-14,299985,Standard Grant,EPSCoR Research Fellows: NSF: Quantum-Inspired Vector Symbolic Architectures for Biomedical Big Data Processing,University of Louisiana at Lafayette
2624563,2026-08-14,299738,Standard Grant,EPSCoR Research Fellows: NSF: Linking microbial metabolic networks to ecosystem-scale fluxes in coastal mangroves with a multi-omics and ML/AI approach,Mississippi State University
2624643,2026-08-14,199363,Standard Grant,EPSCoR Research Fellows: NSF: Automated Discovery of Controlled Radical Polymerization Approaches for Olefin-Containing Copolymers,University of Southern Mississippi
2624661,2026-08-14,292174,Standard Grant,EPSCoR Research Fellows: NSF: Evolution of Planetary Interiors - Insights from Orthopyroxene/Melt Trace Element Partitioning Experiments,South Dakota School of Mines and Technology
2614998,2026-08-17,2605928,Standard Grant,"Collaborative Research: FEC: Spin Control via Topology, Symmetry and Dimensionality",West Virginia University Research Corporation
2614999,2026-08-17,1394072,Standard Grant,"Collaborative Research: FEC: Spin Control via Topology, Symmetry and Dimensionality",University of Delaware
2624036,2026-08-17,299998,Standard Grant,EPSCoR Research Fellows: NSF: Decoding Thermo-Induced Calcium Signatures in Plants,University of Mississippi
2624382,2026-08-17,300000,Standard Grant,EPSCoR Research Fellows: NSF: Building Hawaii's First Advanced Manufactured Electronics (AME) Research Infrastructure for Regional Innovation and Workforce Development,Hawaii Pacific University
2624456,2026-08-17,277684,Standard Grant,EPSCoR Research Fellows: NSF Investigate multiferroic properties of restacking ferromagnetic V-doped WSe2 bilayer,University of Maine
2624481,2026-08-17,299999,Standard Grant,EPSCoR Research Fellows: NSF: Low-Temperature Plasma-Assisted Aerosol Printing of High-k Inorganic Dielectrics for Flexible Electronics,Oklahoma State University
2624487,2026-08-17,165106,Standard Grant,EPSCoR Research Fellows: NSF: Forging a Lasting Collaboration Between New Mexico State University and the Electron-Ion Collider,New Mexico State University
2624574,2026-08-17,236514,Standard Grant,"EPSCoR Research Fellows: NSF: Integrating GeoAI and Spatiotemporal Analytics to Model Demand, Supply, and Predictive Trends in the Engineering Workforce",University of Arkansas
2624608,2026-08-17,297896,Standard Grant,EPSCoR Research Fellows: NSF: Watching Catalysts in Action to Design Low-Cost Materials for Clean Hydrogen Production from Water,Oklahoma State University
2624656,2026-08-17,300000,Standard Grant,EPSCoR Research Fellows: NSF: Reconstruction-Aware Ultrafast and Widefield Optical Coherence Tomography Angiography,University of Oklahoma Norman Campus
2624662,2026-08-17,295906,Standard Grant,EPSCoR Research Fellows: NSF: Using Ancient DNA From Ocean Sediments to Forecast Ecosystem Shifts,University of Hawaii
2624675,2026-08-17,299999,Standard Grant,EPSCoR Research Fellows: NSF Tracking Human Environment Dynamics in the Southern Plains During the Late Pleistocene Holocene Through Dental Ecometrics of Small Herbivorous Mammals,University of Tulsa
2624429,2026-08-18,249242,Standard Grant,EPSCoR Research Fellows: NSF: Architecture-Driven Tolerant Soft Polymer Systems from Heterogeneous Waste Feedstocks,Troy University
2624441,2026-08-18,272813,Standard Grant,EPSCoR Research Fellows: NSF: Building Fiber-Optic Sensing Capacity in Hawaiʻi for Geophysics and Beyond,University of Hawaii
2624449,2026-08-18,299386,Standard Grant,EPSCoR Research Fellows: NSF: Visualizing neuronal plasticity in vivo at high resolution,University of Alabama at Birmingham
2624461,2026-08-18,215302,Standard Grant,EPSCoR Research Fellows: NSF: Identify Underlying Host-Guest Interactions Leading to Critical Properties Relevant to Water Purification in Metal-Organic Cages,Louisiana State University
2624464,2026-08-18,300000,Standard Grant,EPSCoR Research Fellows: NSF: Advancing Modeling of Crop-Atmosphere Interactions with Dynamic Representation of Photosynthetic Capacity,Louisiana State University Agricultural Center
2624508,2026-08-18,190437,Standard Grant,EPSCoR Research Fellows: NSF: Transforming Transportation Planning in EPSCoR Jurisdictions through AI-Enhanced Mobility Data and Foundational Modeling,University of Louisville Research Foundation Inc
2624522,2026-08-18,300000,Standard Grant,EPSCoR Research Fellows: @NSF: Integrating Physical Principles and Learning for Safe and Reliable Locomotion of Legged Robots,University of New Mexico
2624531,2026-08-18,260886,Standard Grant,EPSCoR Research Fellows: NSF: Experimental Gravitational-Wave Research in Rhode Island,University of Rhode Island
2624541,2026-08-18,242791,Standard Grant,EPSCoR Research Fellows: NSF: Capturing Transient Metal Cycling in Soils and Groundwater through Real-Time Electrochemical Measurements,University of Nevada Las Vegas
2624584,2026-08-18,300000,Standard Grant,EPSCoR Research Fellows: NSF: A Genotype-Forward Framework for Mechanistic Penetrance Estimation in Alzheimer's Disease,New Mexico Institute of Mining and Technology
2624648,2026-08-18,287872,Standard Grant,EPSCoR Research Fellows: @NASA: Leveraging high-resolution land modeling and remote sensing to understanding the impacts of light-absorbing particles on Western US snowpack,New Mexico Institute of Mining and Technology
2614925,2026-08-19,3978464,Standard Grant,FEC: Plastic-based Nano-Systems for High Throughput Multi-omic Biological Studies,University of Kansas Center for Research Inc
2624678,2026-08-19,300000,Standard Grant,EPSCoR Research Fellows: NSF: Decoding and Engineering MetalBinding Proteins for REE Recognition and Recovery,"Board of Regents, NSHE, obo University of Nevada, Reno"
2624329,2026-08-20,272105,Standard Grant,EPSCoR Research Fellows: NSF: Engineering a Translational SERS Immunophenotyping and Multimodal Analytics Framework for Liquid-Biopsy Based Early Detection of Ovarian Cancer,University of Oklahoma Norman Campus
2624485,2026-08-20,298973,Standard Grant,EPSCoR Research Fellows: NSF: Pushing the frontiers of silicon detectors with low-gain avalanche diodes,Brown University
2631711,2026-08-20,99675,Standard Grant,Planning: E-RISE: Future Autonomous Manufacturing Ecosystem of Alabama (FAME-AL),University of Alabama Tuscaloosa
2637760,2026-08-20,199913,Standard Grant,"Conference: The past, present, and future of convergence research: Reflections on the Growing Convergence Research program",Michigan State University
2617769,2026-08-21,870151,Continuing Grant,Collaborative Research: GCR: Bioengineered Approaches to Recover Critical Minerals and Produce Sustainable Silicon-Based Materials from Silicon-Rich Wastes,Worcester Polytechnic Institute
2617770,2026-08-21,446194,Continuing Grant,Collaborative Research: GCR: Bioengineered Approaches to Recover Critical Minerals and Produce Sustainable Silicon-Based Materials from Silicon-Rich Wastes,University of Massachusetts Amherst
2617771,2026-08-21,495275,Continuing Grant,Collaborative Research: GCR: Bioengineered Approaches to Recover Critical Minerals and Produce Sustainable Silicon-Based Materials from Silicon-Rich Wastes,SUNY at Buffalo
2617772,2026-08-21,595000,Continuing Grant,Collaborative Research: GCR: Bioengineered Approaches to Recover Critical Minerals and Produce Sustainable Silicon-Based Materials from Silicon-Rich Wastes,University of California-San Diego
2617773,2026-08-21,893378,Continuing Grant,Collaborative Research: GCR: Bioengineered Approaches to Recover Critical Minerals and Produce Sustainable Silicon-Based Materials from Silicon-Rich Wastes,George Mason University
2535195,2026-08-25,29999998,Cooperative Agreement,STC: Center for Human and Robot Co-Adaptation,University of Texas at Austin
2535317,2026-08-25,30000000,Cooperative Agreement,STC: Transformative Explorations in Multi-Physics and Engineering of Scientific Turbulence (TEMPEST),Michigan State University
2535350,2026-08-25,29999944,Cooperative Agreement,STC: Center for Genome Intelligence Engineering (GENIE),Northwestern University at Chicago
2546714,2026-08-26,4809270,Continuing Grant,Collaborative Research: E-RISE: The Vermont Per-and Polyfluoroalkyl Substance Environmental Research Network,Bennington College
2546715,2026-08-26,2086531,Continuing Grant,Collaborative Research: E-RISE: The Vermont Per-and Polyfluoroalkyl Substance Environmental Research Network,Middlebury College
2546716,2026-08-26,950000,Continuing Grant,Collaborative Research: E-RISE: The Vermont Per-and Polyfluoroalkyl Substance Environmental Research Network,University of Vermont & State Agricultural College
2546717,2026-08-26,138529,Continuing Grant,Collaborative Research: E-RISE: The Vermont Per-and Polyfluoroalkyl Substance Environmental Research Network,Landmark College
