id,date,estimatedTotalAmt,transType,title,awardeeName
1502389,2014-10-23,16662,Standard Grant,Collaborative Research: Smart Grid: An Analysis of How Socio-Political Contexts Shape Energy Technology Development and Policy,University of Vermont & State Agricultural College
1460714,2014-10-29,84110,Standard Grant,"RAPID Proposal: Psychological distance, risk perceptions and communication behaviors  during the Ebola outbreak",SUNY at Buffalo
1433943,2014-10-31,11970,Standard Grant,"Doctoral Dissertation Research: Citizenship, Ethnic Identity and Health",Duke University
1434668,2014-10-31,11718,Standard Grant,"Doctoral Dissertation Research: Citizenship, Identity, and Rural-Urban Migration",Brown University
1435946,2014-10-31,11970,Standard Grant,Doctoral Dissertation Research: State Capacity and Labor Migration,New York University
1457784,2014-10-31,107543,Continuing Grant,Atomic Junction: Nuclear Power in an African Suburb,University of Texas at Austin
1465042,2014-11-10,53673,Continuing Grant,"CAREER:   A Legislative Theory of Public Spending, Debt and Taxation",Cornell University
1503802,2014-11-10,25000,Standard Grant,RAPID: Collaborative Research: Tracking and Explaining Americans' response to the Ebola outbreak,Smith College
1504032,2014-11-10,38750,Standard Grant,RAPID: Collaborative Research: Tracking and Explaining Americans' response to the Ebola outbreak,University of California-San Diego
1505353,2014-11-13,134760,Standard Grant,"RAPID: Evaluating Ebola Message Effects over Time: Risk Perceptions, Trust in and Attributions of Responsibility to Institutions, Personal Behavior and Policy Support",Decision Science Research Institute
1462110,2014-11-18,132670,Standard Grant,RAPID: Democratic State Capacity and Organizational Adaptation in Crisis Conditions,West Virginia University Research Corporation
1434965,2014-11-19,11991,Standard Grant,"Doctoral Dissertation Research:  Community Factors, Negotiation Processes and Land Acquisitions",Iowa State University
1436456,2014-11-19,11478,Standard Grant,Doctoral Dissertation Research: Social Media and the Transnational Mobilization of Social Movements,"OHIO STATE UNIVERSITY, THE"
1505184,2014-11-21,160306,Standard Grant,RAPID: Responding to Terror of a Different Kind: A National Study of the Ebola Epidemic,University of California-Irvine
1426642,2014-12-03,651735,Continuing Grant,Some Implications of Scarcity Thinking,Princeton University
1464182,2014-12-11,49656,Standard Grant,"Workshop on Multilevel Theory and Research: The Future of Multilevel Scholarship-May 16-17,2015; Pennsylvania State University",Pennsylvania State Univ University Park
1502325,2014-12-23,49221,Standard Grant,Privacy in the Infosphere: Developing Ethical Guidelines for Managing Big Data in Research,Georgetown University
1503092,2015-01-20,72214,Standard Grant,"Workshop On Methodological Challenges Across the Social, Behavioral, and Economic Sciences; NSF; Arlington, VA - February, 2015",Washington University
1436329,2015-01-21,5099,Standard Grant,"Doctoral Dissertation Research: Social and Economic Consequences of ""Minor"" Contacts with the Criminal Justice System",University of Washington
1462059,2015-01-21,40348,Standard Grant,Collaborative Research: Women in Science and Technology Policy,Georgia Tech Research Corporation
1447670,2015-01-22,899506,Standard Grant,BIGDATA: Multi-level predictive analytics & motif discovery across massive dynamic spatio-temporal networks in complex socio-technical systems: An organizational genetics approach,Temple University
1519411,2015-01-22,90000,Standard Grant,RAPID:   Networked Knowledge and Preparedness for Ebola,Louisiana State University
1457913,2015-01-26,168062,Standard Grant,Estimating an Altruism Adjusted Measure of the Value of a Statistical Life,University of Washington
1459021,2015-01-26,458547,Continuing Grant,The Relation between Decision Making and Valence Asymmetries: A Comparison of Older and Younger Adults,West Virginia University Research Corporation
1459150,2015-01-28,15442,Standard Grant,Doctoral Dissertation Research in DRMS: The coupled impact of conflict and imprecision of multiple forecasts,Fordham University
1505541,2015-01-28,42630,Continuing Grant,Collaborative Research:   Routine Formation in Organizations: Theory and Experimental Evidence,University of California-Irvine
1507241,2015-02-03,462929,Standard Grant,RCN: Coordination of the NSF-Census Research Network,Cornell University
1456984,2015-02-04,220800,Continuing Grant,Constructions of Traditional Medicine during Decolonization and the Global Cold War,Northwestern University
1455679,2015-02-05,152787,Standard Grant,Exploring the Use of British Slave Trade Ships to Gather Biological Specimens and Data,California Polytechnic State University Foundation
1456568,2015-02-05,226355,Standard Grant,Collaborative Research: Testing Models of Representation and Institutional Design in the State Courts' Consideration of Inequality,Washington University
1456580,2015-02-05,49716,Standard Grant,Collaborative Research: Testing Models of Representation and Institutional Design in the State Courts' Consideration of Inequality,Pennsylvania State Univ University Park
1456707,2015-02-05,240000,Standard Grant,An Ethnographic Study of Social Justice Issues in Community Synthetic Biology Labs,San Diego State University Foundation
1459208,2015-02-05,22816,Standard Grant,Doctoral Dissertation Research in DRMS - The Predictive Power of Beliefs:  Testing a Norm-Based Utility Function,Rutgers University New Brunswick
1455838,2015-02-11,101215,Standard Grant,A Study for Improving Animal Welfare by Focusing on Scientific Publications on Research with Laboratory Animals that Include a Discussion of Pain Management Practice,University of California-San Francisco
1455859,2015-02-11,295000,Continuing Grant,"Private Digital Currencies and Closed Payment Communities: Law, Regulation and Financial Exclusion After Bitcoin",University of California-Irvine
1456571,2015-02-11,184963,Continuing Grant,The Role of Diagnostic vs. Non-Diagnostic Facial Features in Eyewitness Identification,University of California-San Diego
1456878,2015-02-11,93070,Standard Grant,An Historical Study of Mendelian Genetics and Virus Disease Resistance Genes,Texas A&M AgriLife Research
1459713,2015-02-11,87524,Standard Grant,Dynamic Weighting of Panel Data,Washington University
1459719,2015-02-11,520000,Continuing Grant,Social and Cultural Influence on the Neurobiology of Adolescent Risk Taking,University of Illinois at Urbana-Champaign
1459996,2015-02-11,14999,Standard Grant,Doctoral Dissertation Research in DRMS: Can We Coexist?  The Enactment of Professional Jurisdiction in Daily Work Life,University of Southern California
1522924,2015-02-12,49929,Standard Grant,Workshop on Computational Modeling for Individual and Organizational Science,Ohio University
1461584,2015-02-13,479767,Continuing Grant,When Team Diversity Facilitates Performance: Understanding and Overcoming Fractured Behavioral Patterns,George Mason University
1436259,2015-02-26,3554,Standard Grant,"Doctoral Dissertation Research: Parenting, Family Communication, and Children's Behavior",University of Washington
1451588,2015-02-26,179926,Standard Grant,Individual - Group Comparison of Requests for and Use of Advice,Loyola University of Chicago
1453276,2015-02-26,269360,Continuing Grant,CAREER: Applications of Bayesian Inference to Human Memory and Decision-Making,Rutgers University New Brunswick
1455647,2015-02-26,14994,Standard Grant,Doctoral Dissertation Research: Re-articulating The Voice - Vocal Correction Technology in Design and Practice,Cornell University
1455842,2015-02-26,76244,Standard Grant,"Impact of Regulatory Policy on Out-of-Hospital Care, Legal Mobilization, and Social Movements",Drake University
1456130,2015-02-26,18499,Standard Grant,Doctoral Dissertation Research: A Case Study of Traveling Abroad to Access Reproductive Technologies,Massachusetts Institute of Technology
1456573,2015-02-26,188043,Standard Grant,Scholars Awards: The evoText Project,University of Notre Dame
1456582,2015-02-26,128216,Standard Grant,Scholars Awards: The Schlick Zirkel,Clemson University
1456772,2015-02-26,193796,Standard Grant,"The responsibility of judges to assure due process: Tension among neutrality, rights protection, and role",Barnard College
1457080,2015-02-26,17544,Standard Grant,Doctoral Dissertation Research:  Participation in Water Management-Conflicting Objectives in the Era of Integrated Water Resource Management.,Johns Hopkins University
1457307,2015-02-26,24510,Standard Grant,"Workshop: The Emerging Policy and Ethics of Human Robot Interaction; Portland, Oregon - March, 2015",University of Notre Dame
1459699,2015-02-26,299868,Continuing Grant,Collaborative Research: Invariants of Decision Making,University of Illinois at Urbana-Champaign
1459866,2015-02-26,200120,Continuing Grant,Collaborative Research: Invariants of Decision Making,University of Missouri-Columbia
1500086,2015-02-26,200000,Standard Grant,RAPID: Measuring the Intent of Leaders through Censorship Behavior,Harvard University
1520778,2015-02-26,51847,Standard Grant,EAGER: Developing an Application for Assessing Respondent Experiences of Their Surroundings in Real Time,Rutgers University New Brunswick
1451178,2015-02-27,18000,Standard Grant,An Investigation of Mutual Interactions between the Practice of Chinese Medicine and Biomedicine,Massachusetts Institute of Technology
1455425,2015-02-27,310112,Continuing Grant,Standard Research Grant: Probing Public Understanding and Acceptance of Evolution,University of Pennsylvania
1455867,2015-02-27,298459,Continuing Grant,Standard Research Grant:  Public Interpretations of and Responses to Scientific Disputes,Decision Science Research Institute
1456022,2015-02-27,17790,Standard Grant,"Doctoral Dissertation Research Improvement Grant: The Cultural Politics and Bioethics of Reproductive Surgery in Mexico, 1800-1940",University of Texas at Austin
1456138,2015-02-27,18000,Standard Grant,Doctoral Dissertation Research: Translation Strategies for Mutual Symbiosis in STS-Engineering Collaborations,Rensselaer Polytechnic Institute
1457099,2015-02-27,224171,Standard Grant,A Study of Computer-Mediated Evidence in Cases of Human Rights Violations,Indiana University
1456974,2015-03-02,18000,Standard Grant,"Doctoral Dissertation Research:  Do-It-Yourself Biology, Deliberation and Democracy",North Carolina State University
1521089,2015-03-02,165322,Standard Grant,RAPID: Collaborative Research: Ebola-related Information Obtained by Healthcare Providers: Effects of Formal and Informal Communication Channels and Organizational Structure,University of Texas at Austin
1522557,2015-03-02,34677,Standard Grant,RAPID: Collaborative Research: Ebola-related Information Obtained by Healthcare Providers: Effects of Formal and Informal Communication Channels and Organizational Structure,University of Minnesota-Twin Cities
1451215,2015-03-06,10507,Standard Grant,"DISSERTATION RESEARCH: Breathing Uncertainty: Risk, Exposure, and Air Pollution Management in Mongolia's Capital City",University of Wisconsin-Madison
1457011,2015-03-06,394094,Continuing Grant,Standard Research Grant: A Comparative Study of Three Models of Innovation in Their Transnational Implementation,Harvard University
1454190,2015-03-11,443427,Continuing Grant,CAREER: Automated scientific discovery and the philosophical problem of natural kinds,Virginia Polytechnic Institute and State University
1456910,2015-03-11,78514,Standard Grant,Standard Research Grant: Contending with Metrics in the Corporate Food Supply Chain,Dartmouth College
1522401,2015-03-11,49870,Standard Grant,"Workshop: Societal Impact, Ethics, and Big-Data-Enabled Social Sciences",University of Chicago
1459396,2015-03-13,83453,Standard Grant,Changes in Family Systems and Child Well-Being,Pennsylvania State Univ University Park
1519026,2015-03-13,11912,Standard Grant,Doctoral Dissertation Research: Designing Collaboration Networks to Optimize Collective Problem Solving,University of Pennsylvania
1519228,2015-03-13,7110,Standard Grant,Doctoral Dissertation Research: Migration and Universalism in Social Democracies,Indiana University
1456134,2015-03-17,153758,Standard Grant,Social Science Research on Gender and Reproduction,Yale University
1457954,2015-03-17,137314,Standard Grant,"Immigrants, Entrepreneurs, and Urban Redevelopment in the U.S.",SUNY at Albany
1519190,2015-03-17,11999,Standard Grant,Doctoral Dissertation Research Improvement: Understanding the Medicalization of Domestic Violence,University of Illinois at Chicago
1457138,2015-03-19,25000,Standard Grant,"Knowledge from the Margins Conference; East Lansing, MI - August 18-19, 2015",Michigan State University
1459963,2015-03-24,400000,Continuing Grant,"Social Networks, Transactive Memory and Team Performance:  An Experimental Investigation",Carnegie Mellon University
1461460,2015-03-24,105072,Standard Grant,Collaborative Research: Integrated City Sustainability: Administrative Apparatus for Overcoming Collective Dilemmas of Agency Fragmentation,Florida State University
1461506,2015-03-24,70584,Standard Grant,Collaborative Research: Integrated City Sustainability:  Administrative Apparatus for Overcoming Collective Dilemmas of Agency Fragmentation,The University of Central Florida Board of Trustees
1461526,2015-03-24,96128,Standard Grant,Collaborative Research: Integrated City Sustainability:  Administrative Apparatus for Overcoming Collective Dilemmas of Agency Fragmentation,University of Kansas Center for Research Inc
1460434,2015-03-25,254554,Standard Grant,Economic and Geopolitical Crises and Waves of Social Unrest,Johns Hopkins University
1461390,2015-03-25,149994,Standard Grant,Quantification and Reduction of Spatial Scale-Induced Uncertainty,University of Arizona
1461435,2015-03-25,330000,Standard Grant,Statistical Methods for Causal Inference in Geographic Regression Discontinuity Designs,Harvard University
1461493,2015-03-25,120158,Standard Grant,Collaborative Research: The Bipartite Temporal Event Network (BiTEN) Model,"OHIO STATE UNIVERSITY, THE"
1461495,2015-03-25,104397,Standard Grant,Collaborative Research: The Bipartite Temporal Event Network (BiTEN) Model,Colorado State University
1461497,2015-03-26,160089,Standard Grant,Collaborative Research: Bayesian State-Space Models for Behavioral Time Series Data,University of California-Santa Cruz
1461534,2015-03-26,159991,Standard Grant,Collaborative Research: Bayesian State-Space Models for Behavioral Time Series Data,University of California-Irvine
1526089,2015-03-26,67404,Standard Grant,"RAPID: Collaborative: The Legitimacy of Negotiated Peace: Social Preferences, Victimhood, and the Peace Process.","Georgia State University Research Foundation, Inc."
1528443,2015-03-26,31857,Standard Grant,"RAPID: Collaborative: The Legitimacy of Negotiated Peace: Social Preferences, Victimhood, and the Peace Process.",University of Mississippi
1519198,2015-03-27,5602,Standard Grant,Doctoral Dissertation Research: How Oncologists and Patients Understand the Cancer Experience,University of California-San Diego
1357499,2015-04-01,324694,Standard Grant,Econometric models for networks and matching with heterogeneous agents,University of California-Berkeley
1457193,2015-04-01,323814,Continuing Grant,The Prison Inmate Networks Study (PINS),Pennsylvania State Univ University Park
1459897,2015-04-01,279121,Standard Grant,Wage Dynamics,University of Wisconsin-Madison
1459940,2015-04-01,453336,Standard Grant,Early Childhood Environment and Adult Labor Market Outcomes: Evidence from U.S. Administrative Data,National Bureau of Economic Research Inc
1459993,2015-04-01,239964,Standard Grant,New Econometric Approaches to Models with Unobserved Heterogeneity,Princeton University
1461617,2015-04-01,380000,Continuing Grant,SBP:  Broadening Participation of STEM Faculty Through Work Design,University of South Florida
1518862,2015-04-01,12000,Standard Grant,Doctoral Dissertation Research: Understanding Inequalities in Response to Disaster Recovery,University of Georgia Research Foundation Inc
1519109,2015-04-01,10733,Standard Grant,Doctoral Dissertation Research: The influence of home and school experiences on preschool children's dispositions and behaviors,University of Wisconsin-Madison
1519125,2015-04-01,11991,Standard Grant,Doctoral Dissertation Research: Filipino Military Service & The Promise of Benefits,University of Wisconsin-Madison
1519186,2015-04-01,11881,Standard Grant,Doctoral Dissertation Research: Within-Group Inequality,Indiana University
1459353,2015-04-02,426020,Standard Grant,Affordable Care Act and the Labor Market,University of Pennsylvania
1459715,2015-04-02,526717,Standard Grant,The Role of Information Technology and Management in Shaping Productivity and Worker Income,National Bureau of Economic Research Inc
1461535,2015-04-02,400000,Continuing Grant,Bayesian Optimization for Exploratory Experimentation in the Behavioral Sciences,University of Colorado at Boulder
1462707,2015-04-02,258492,Standard Grant,Robust Inference for Nonlinear Moment Condition Models with Possible Weak Identification,Pennsylvania State Univ University Park
1423678,2015-04-03,99175,Standard Grant,Life of the Law,Tides Center
1459775,2015-04-03,282000,Standard Grant,Risk-neutral distributions for inflation and their uses,Columbia University
1459918,2015-04-03,148298,Standard Grant,Auction Design for Allocating Allowances and Licenses: Consignment and Price Containment Mechanisms,University of Virginia Main Campus
1461355,2015-04-03,349998,Standard Grant,Structural Equation Modeling with a Small Number of Observations (N) and a Large Number of Variables (p),University of Notre Dame
1458469,2015-04-06,184800,Standard Grant,Program for the Advancement of the Discipline,American Sociological Assoc
1460719,2015-04-06,280000,Standard Grant,Score-Based Tests of Measurement Bias in Explanatory Item Response Models,University of Missouri-Columbia
1519090,2015-04-07,11950,Standard Grant,Doctoral Dissertation Research: How Do Stereotypes Affect Emotion Norms and Attributions?,Indiana University
1522236,2015-04-07,49905,Standard Grant,"WORKSHOP: Recruitment and Retention of Women of Color in Political Science to Improve Scholarship and Teaching, San Francisco, CA, September 2015",The University of Texas Rio Grande Valley
1533947,2015-04-07,47916,Standard Grant,"Conference: Advancing Team Effectiveness in a Globalized World; Michigan State University, October 8-10, 2015",Michigan State University
1459905,2015-04-09,277568,Standard Grant,"Collaborative Research: Trade Costs, Preferences, and Government Policies: Understanding Market Outcomes in the World Automobile Industry",Pennsylvania State Univ University Park
1459950,2015-04-09,254631,Standard Grant,"Collaborative Research: Trade Costs, Preferences, and Government Policies: Understanding Market Outcomes in the World Automobile Industry",University of Chicago
1459847,2015-04-10,431689,Standard Grant,"White Flight, Discrimination, and the Origins of Urban Segregation in the United States",National Bureau of Economic Research Inc
1456897,2015-04-13,343163,Continuing Grant,Standard Grant: Perflourinated Chemicals: The Social Discovery of a Class of Emerging Contaminants,Northeastern University
1518873,2015-04-14,6334,Standard Grant,Doctoral Dissertation Research: The Role of Health-Promoting Community Organizations in Urban Neighborhoods,University of Arizona
1519053,2015-04-14,11999,Standard Grant,Doctoral Dissertation Research: Understanding the Ecology of School Bullying,University of Massachusetts Amherst
1519056,2015-04-14,9984,Standard Grant,"Doctoral Dissertation Research: The Social Determinants of Distress, Burnout, and Program Attrition Among Students of Color on the Premedical Track",Indiana University
1519101,2015-04-14,11762,Standard Grant,Doctoral Dissertation Research: Unaccompanied Homeless Youth,Harvard University
1519204,2015-04-14,3698,Standard Grant,Doctoral Dissertation Research: Worker-Recovered Businesses and Workplace Inequality,University of Texas at Austin
1519191,2015-04-16,11092,Standard Grant,"Doctoral Dissertation Research: Federal Policy, Local Dynamics, and National School Lunch Programs",University of California-Berkeley
1519218,2015-04-16,11233,Standard Grant,Doctoral Dissertation Research: Environmentally Induced Migration,University of Utah
1519292,2015-04-16,12000,Standard Grant,Doctoral Dissertation Research: The Public Provision of Healthcare Under Changing Conditions in North and South America,University of California-San Francisco
1455084,2015-04-17,457800,Continuing Grant,CAREER:  Empirical Studies of Electricity Markets: The Impacts of Renewable Energy,National Bureau of Economic Research Inc
1459879,2015-04-17,99561,Standard Grant,Federal Reserve Credibility and the Term Structure,Michigan State University
1523369,2015-04-17,36000,Standard Grant,Conference: Dissecting Inequality: Difference and Disparity in the 21st Century,Duke University
1458989,2015-04-20,84887,Standard Grant,"Collaborative Research:  Women's Empowerment, Food Security and Farm Productivity",University of Richmond
1459013,2015-04-20,75333,Standard Grant,"Collaborative Research:  Women's Empowerment, Food Security and Farm Productivity",Iowa State University
1519206,2015-04-20,11975,Standard Grant,Doctoral Dissertation Research: Community Organization After Major Disasters,University of Texas at Austin
1459262,2015-04-21,50250,Standard Grant,Collaborative Research: Family Structure and Inequality in Contemporary America,Duke University
1459631,2015-04-21,69905,Standard Grant,Collaborative Research: Family Structure and Inequality in Contemporary America,Northwestern University
1459872,2015-04-21,223141,Continuing Grant,Collaborative Research: Multi-Scale Modeling of Public Perceptions of Heat Wave Risk,Yale University
1459903,2015-04-21,153322,Continuing Grant,Collaborative Research: Multi-scale Modeling of Public Perceptions of Heat Wave Risk,Utah State University
1456889,2015-04-24,196871,Continuing Grant,The effects on families and communities of reintegrating migrant youth,National-Louis University
1459185,2015-04-24,50058,Standard Grant,Collaborative Research: Availability of Employment Opportunities and Recidivism Outcomes,Rutgers University Newark
1459214,2015-04-24,74284,Standard Grant,Collaborative Research: Availability of Employment Opportunities and Recidivism Outcomes,"OHIO STATE UNIVERSITY, THE"
1541423,2015-04-24,134453,Continuing Grant,Scholars Award: Science in Transformation: Shifting Disciplinary Boundaries and Community-Engaged Scientists,Tulane University
1460017,2015-05-04,19782,Standard Grant,"Doctoral Dissertation Research in Economics: Kids in Adult Jails: The Short, Medium and Long Run Impacts of Prosecuting Juveniles as Adults",University of California-Berkeley
1454476,2015-05-05,450850,Continuing Grant,CAREER: Using Field Experiments to Identify Barriers to Labor Market Success and Human Capital Accumulation,Harvard University
1540199,2015-05-06,50000,Standard Grant,Workshop: Future Directions for Science of Organizations,Purdue University
1544119,2015-05-06,276624,Standard Grant,CAREER: The Role of Advanced Simulation Technologies in Innovation Processes,University of California-Santa Barbara
1458541,2015-05-07,27369,Standard Grant,Doctoral Dissertation Research in Economics: Evolutionary Preference Revelation Dynamics under School Choice Mechanisms,Texas A&M University
1459099,2015-05-07,94860,Standard Grant,The Agrarian Origins of the Economic Growth of Nations,Texas A&M University
1460019,2015-05-08,83461,Standard Grant,Bilateral Contracting in Network Financial Markets,Stanford University
1455091,2015-05-11,61569,Continuing Grant,Collaborative Research: Innovating and Experiencing Punishment,California State University-Dominguez Hills Foundation
1455413,2015-05-11,60323,Continuing Grant,Collaborative Research: Innovating and Experiencing Punishment,University of Missouri-Kansas City
1455971,2015-05-11,191104,Continuing Grant,Collaborative Research: Innovating and Experiencing Punishment,University of California-Irvine
1459158,2015-05-11,168333,Standard Grant,Personalized Resource Allocation,Yale University
1459263,2015-05-12,231239,Standard Grant,An Establishment-Level View of the Great Depression,Auburn University
1459871,2015-05-12,451932,Standard Grant,Innovation Networks and Economic Growth,National Bureau of Economic Research Inc
1459928,2015-05-12,407822,Standard Grant,Relative Pay Comparisons in the Workplace: Field Evidence on Effort and Labor Supply,Columbia University
1461469,2015-05-12,150891,Standard Grant,Collaborative Research: Dynamic Rational Inattention: Theory and Applications,University of Pennsylvania
1461502,2015-05-12,370037,Standard Grant,Collaborative Research:Dynamic Rational Inattention: Theory and Applications,Duke University
1519280,2015-05-12,11472,Standard Grant,Doctoral Dissertation Research: Understanding Organizational Anticipation and Response to Disaster Risks,Columbia University
1459686,2015-05-13,246254,Standard Grant,Asymptotic Properties for Models of Strategic Network Formation,New York University
1519189,2015-05-14,9492,Standard Grant,Doctoral Dissertation Research: Identity and Audience in Social Media,University of Illinois at Chicago
1519017,2015-05-15,3170,Standard Grant,Doctoral Dissertation Research: The Role of School Context and Parenting on Racial Neighborhood Sorting,New York University
1519044,2015-05-15,11960,Standard Grant,Doctoral Dissertation Research: Political Stability in the Era of Global Capitalism,New York University
1519124,2015-05-15,11997,Standard Grant,Doctoral Dissertation Research: Population Neuroscience Approaches to Minority Discrimination and Health,University of Nebraska-Lincoln
1519214,2015-05-15,11980,Standard Grant,Doctoral Dissertation Research: Understanding Value in the Cultural Economy,University of Chicago
1519313,2015-05-15,11641,Standard Grant,Doctoral Dissertation Research: Factors Affecting the Economic Integration of Refugees,University of Utah
1539767,2015-05-15,15876,Standard Grant,Gendering Science: International Conference Travel,DePaul University
1458536,2015-05-18,246849,Standard Grant,Consumption Network Effects,Stanford University
1460003,2015-05-18,260464,Standard Grant,Economic and Psychological Origins of Health Capital Accumulation,Vanderbilt University
1519141,2015-05-18,11128,Standard Grant,Doctoral Dissertation Research: Understanding Patterns of Incorporation for Unaccompanied Migrant Youth,University of Southern California
1519181,2015-05-18,11983,Standard Grant,Doctoral Dissertation Research: Religion and the Professional Middle Class in Contemporary China,University of Notre Dame
1529969,2015-05-18,23386,Standard Grant,Doctoral Dissertation Research in DRMS: Eating with your Heart on your Fork:  The role of affective processes in nudging dietary behavior.,Rutgers University New Brunswick
1459877,2015-05-19,280877,Standard Grant,Would More Information Reduce Disagreement? Theory and Applications,Columbia University
1459885,2015-05-19,216861,Standard Grant,"Collaborative Research: Information, Markets and Networks",Princeton University
1459899,2015-05-19,219547,Standard Grant,"Collaborative Research:  Information, Markets and Networks",Yale University
1459912,2015-05-19,220761,Standard Grant,Preferences in Matching Market Design,Harvard University
1541562,2015-05-19,170880,Standard Grant,"RAPID:  The Impact of Racially Traumatic Stressful Events on African Americans' Psychological, Physiological and Political Responses",Jackson State University
1459952,2015-05-20,193100,Standard Grant,Collaborative Proposal:  Reference-Dependent Job Search,National Bureau of Economic Research Inc
1459969,2015-05-20,263594,Standard Grant,Collaborative Research: Reference-Dependent Job Search,University of California-Berkeley
1455319,2015-05-27,487580,Standard Grant,CAREER: Economic Crises and Amplification Mechanisms,National Bureau of Economic Research Inc
1458934,2015-05-27,65142,Standard Grant,Collaborative Research:  Fingerprinting to Reduce Risky Borrowing,"University of Maryland, College Park"
1458992,2015-05-27,180628,Standard Grant,Equilibrium Breakdown and Equilibrium Selection in Evolutionary Game Theory,University of Wisconsin-Madison
1459864,2015-05-27,92744,Standard Grant,Collaborative Research:  Fingerprinting to Reduce Risky Borrowing,Regents of the University of Michigan - Ann Arbor
1541981,2015-05-27,170302,Standard Grant,The Broader Scope: A Survey and Analysis of Surviving Refracting Telescopes Prior to 1750,Corning Museum of Glass
1459975,2015-05-28,183000,Standard Grant,A Computational Implementation of GMM,Stanford University
1538951,2015-05-29,12000,Standard Grant,Doctoral Dissertation Research: Gender Differences in Experiencing Unemployment,University of Pennsylvania
1539864,2015-05-29,11983,Standard Grant,Doctoral Dissertation Research Grant: Legal Action and Collective Bargaining for Workers in a Global Economy,Regents of the University of Michigan - Ann Arbor
1545180,2015-05-29,43888,Standard Grant,"RAPID:   Presidentialism, Democratic Collapse and the Potential Rise of a One-Party State.",Pennsylvania State Univ University Park
1533499,2015-06-01,106605,Standard Grant,"A Computational Modeling Approach to Organizational Effectiveness: Mapping the Effects of Leadership, Group Structure, and Environmental Shocks.",Michigan State University
1542797,2015-06-02,49788,Standard Grant,"SEES Fellows: Re-localization and Sustainability - Linking industrial and political ecology on Molokai and the Big Island, Hawaii",University of California-Davis
1455499,2015-06-04,285793,Standard Grant,Creating a Digital Archive for Research on the Production of Scientific Knowledge,American Sociological Assoc
1545303,2015-06-04,49775,Standard Grant,Unique Challenges and Opportunities for Business Schools in Pursuing Federal Research Grants,"Georgia State University Research Foundation, Inc."
1458927,2015-06-08,271980,Standard Grant,Summer Program on Game Theory and Economics,SUNY at Stony Brook
1525730,2015-06-08,242001,Standard Grant,Auction Market Design,Stanford University
1459932,2015-06-09,160000,Standard Grant,"Language, Laws, and Labor Contracts in the 20th Century",Columbia University
1547139,2015-06-09,63266,Standard Grant,Collaborative Research: Patronage and Political Exchange Networks in a Municipal Legislature: Discretionary Spending on Nonprofit Organizations in New York City,University of Chicago
1530591,2015-06-10,13455,Standard Grant,Doctoral Dissertation Research in Economics: The Economic and Behavioral Effects of a Value Added Tax: Evidence from Firm-level Data,Tulane University
1536260,2015-06-10,589432,Standard Grant,The Role of Affect in Decisions Involving Risk across the Adult Life Span,DePaul University
1527942,2015-06-16,433924,Standard Grant,Health Insurance Competition and Healthcare Costs,Stanford University
1528190,2015-06-16,170824,Standard Grant,RUI: Community Bank and Credit Union Effects on Communities and Local Economies in the US during the Great Recession,Reed College
1539978,2015-06-16,515808,Standard Grant,CAREER: Environmental Justice and the Ethics of Science and Technology,Drexel University
1546586,2015-06-16,35725,Standard Grant,"Empirical Analysis of Auction Markets: Liquidity, Electricity and Information Structure",Princeton University
1461431,2015-06-17,15994,Standard Grant,Doctoral Dissertation Research: Examining Sequence of Contextualized Items in Science,University of Washington
1519047,2015-06-17,11725,Standard Grant,Doctoral Dissertation Research: Understanding Americans' Thinking about Inequality,University of Massachusetts Amherst
1519074,2015-06-17,11593,Standard Grant,"Doctoral Dissertation Research: The Development of Corporate Personhood Law In Comparative Perspective, 1886-2014",Harvard University
1519086,2015-06-17,9602,Standard Grant,"Doctoral Dissertation Research: Genetics, Environment, and the Influence of Eating Disorders on Marriage and Fertility Trajectories",University of Utah
1528703,2015-06-18,87016,Standard Grant,Distributional Consequences of Economic Globalization,University of California-Riverside
1519024,2015-06-19,11843,Standard Grant,Doctoral Dissertation Research: Affordable Housing and Support Networks in U.S. Cities,University of California-San Diego
1458922,2015-06-22,8738913,Continuing Grant,A National Data Program for the Social Sciences: The General Social Survey and International Social Survey Programme,National Opinion Research Center
1519151,2015-06-23,8966,Standard Grant,Doctoral Dissertation Research: Son Preference and Sex Selection in Post-Soviet Azerbaijan,Yale University
1519154,2015-06-23,5991,Standard Grant,Doctoral Dissertation Research: Tailoring Post-9/11 Military Credentials for Access to Different Domains of Civilian Life,New York University
1519246,2015-06-23,11809,Standard Grant,Doctoral Dissertation Research: Boundaries and Local Resource Access in Gentrifying Neighborhoods.,University of Wisconsin-Madison
1530179,2015-06-24,33302,Standard Grant,Doctoral Dissertation Research in DRMS: Improving Food Safety Crisis Communications,Rutgers University New Brunswick
1535098,2015-06-24,50000,Standard Grant,"Society for Risk Analysis World Congress on Risk IV; July 19-23, 2015; Singapore",Society For Risk Analysis
1541790,2015-06-25,45922,Standard Grant,"FEW: Coupling Economic Models with Agronomic, Hydrologic, and Bioenergy Models for Sustainable Food, Energy, and Water Systems",Iowa State University
1539822,2015-06-30,9383,Standard Grant,Doctoral Dissertation Research: The Process and Consequences of the Work of 911 Dispatchers,Harvard University
1539872,2015-06-30,11998,Standard Grant,Doctoral Dissertation Research: Title IX in American Universities,Yale University
1457134,2015-07-01,90114,Standard Grant,Scholars Award:   Calculating the American Way: Computing Productivity in Transatlantic Relations,Rochester Institute of Tech
1518894,2015-07-01,11164,Standard Grant,"Doctoral Dissertation Research: Identity Work, Stigma, and Status among Wounded Warriors","University of Maryland, College Park"
1530564,2015-07-01,61522,Standard Grant,Reputation and Observability in Repeated Games with Equally Patient Players,Yale University
1535524,2015-07-01,20865,Standard Grant,Doctoral Dissertation Research: The Influence of Blame Mitigation and Guilt Induction on True Versus False Confessions,University of Texas at El Paso
1460013,2015-07-06,294077,Standard Grant,The growth of emerging economies and global macroeconomic stability,University of Southern California
1527285,2015-07-06,138151,Standard Grant,Collaborative Research: School Segregation and Resegregation: Using Case Studies and Public Polls to Understand Citizen Attitudes,University of North Carolina at Charlotte
1527762,2015-07-06,56997,Standard Grant,Collaborative Research: School Segregation and Resegregation: Using Case Studies and Public Polls to Understand Citizen Attitudes,Winthrop University
1528344,2015-07-06,198199,Standard Grant,The Incorporation of Religious Minorities in Canada and the United States,Syracuse University
1528559,2015-07-06,287330,Standard Grant,Collaborative Research: School Segregation and Resegregation: Using Case Studies and Public Polls to Understand Citizen Attitudes,North Carolina State University
1529061,2015-07-06,268368,Standard Grant,Explaining Low Crime Rates in Immigrant Communities,University of California-Irvine
1530494,2015-07-06,426357,Standard Grant,Leakage from Environmental Regulation: Evidence from Used Vehicle Trade and Smog Check,National Bureau of Economic Research Inc
1530852,2015-07-06,29725,Standard Grant,"Doctoral Dissertation Research in DRMS:   Testing the Links between Savings, Credit, Betting, and Consumption among Small Business Owners",University of California-Berkeley
1535600,2015-07-06,13468,Standard Grant,"Doctoral Dissertation Research: Expectations of Privacy: Development, Digital Natives, and Online Information Management",University of Nebraska-Lincoln
1541844,2015-07-06,97496,Standard Grant,"FEW: Conference on Environmental Change, Migration, and the Resilience of Regional Food, Water, and Energy Systems","OHIO STATE UNIVERSITY, THE"
1550227,2015-07-06,249998,Continuing Grant,Collaborative Research: The Influence of Low-Carbon Energy Technology Scientists and Engineers on the Composition of Energy Policy,University of Texas at El Paso
1530632,2015-07-07,392892,Standard Grant,Bounds Approaches to Empirical Market Design,National Bureau of Economic Research Inc
1530714,2015-07-07,466039,Standard Grant,Collaborative Research: Broadening Participation and Perspectives in the Study of Crime and Justice,Rutgers University Newark
1530728,2015-07-07,33588,Standard Grant,Collaborative Research: Broadening Participation and Perspectives in the Study of Crime and Justice,"OHIO STATE UNIVERSITY, THE"
1530788,2015-07-07,410832,Standard Grant,Measuring Substitution Patterns and Firm Conduct in Differentiated Product Industries,University of Wisconsin-Madison
1530847,2015-07-07,449090,Standard Grant,Promoting Empathy and Collaborative Decision Making for Natural Resource Management using a Computer Mediated Scenario,Arizona State University
1534976,2015-07-07,349308,Continuing Grant,Egregious Polluters: A socially-structured explanation of disproportionality in the production of pollution,University of California-Santa Barbara
1545620,2015-07-07,299929,Standard Grant,RAPID:  Measuring the Effect of Defense Counsel Funding: A Natural Experiment in Louisiana,Rand Corporation
1459008,2015-07-08,86400,Standard Grant,Summer Workshop Series in Macroeconomic Theory and Dynamic Modeling,University of Minnesota-Twin Cities
1530760,2015-07-08,340456,Standard Grant,The Impact of Dynamically Changing Information on Decision Processes,University of California-Irvine
1524522,2015-07-09,95705,Standard Grant,Replicating Experimental Studies:  Moving Beyond Undergraduate Student Samples,"University of Maryland, College Park"
1530777,2015-07-09,17508,Standard Grant,Doctoral Dissertation Research in DRMS: The Psychology of Political Risk in Repressive Regimes,Columbia University
1534388,2015-07-09,16000,Standard Grant,Doctoral Dissertation Research: The Medicaid Undercount and the Role of Program Design,University of Pennsylvania
1534479,2015-07-09,329325,Standard Grant,SES RUI: Assessing the Effect of Systems Thinking on Decision Making,Oberlin College
1535023,2015-07-09,176572,Continuing Grant,Assessing Evidence-Based Psychotherapy,Northwestern University
1459931,2015-07-10,190000,Standard Grant,Collaborative Research: Flexible and Robust Data-driven Inference in Nonparametric and Semiparametric Econometrics,Regents of the University of Michigan - Ann Arbor
1459967,2015-07-10,145800,Standard Grant,Collaborative Research: Flexible and Robust Data-driven Inference in Nonparametric and Semiparametric Econometrics,University of California-Berkeley
1528422,2015-07-10,282723,Standard Grant,Research Coordination Network:  Fostering Cross-Disciplinary Research on Energy Development,South Dakota State University
1533990,2015-07-10,50000,Standard Grant,"Gene Drives: A Deliberative Workshop to Develop Frameworks for Research and Governance February 24-26, 2016",North Carolina State University
1534083,2015-07-10,408752,Standard Grant,Confessional Reluctance and Ethics Enforcement: The Paradoxical Cost of Zero Tolerance,University of North Carolina at Chapel Hill
1534860,2015-07-10,86342,Standard Grant,A History of Large-Scale Environmental-Engineering Projects in Russia,Colby College
1523980,2015-07-14,271985,Standard Grant,Reputations in Macroeconomics,New York University
1530538,2015-07-14,271985,Standard Grant,Partial Identification of State Dependence,Northwestern University
1535660,2015-07-14,13104,Standard Grant,"Doctoral Dissertation Research: Mining Investment, Mineral Rights, and Land Tenure",University of Kentucky Research Foundation
1528614,2015-07-15,308247,Standard Grant,Collaborative Research: Signaling Prosociality: Harnessing Impure Motives to Help Others,Rutgers University New Brunswick
1529983,2015-07-15,57626,Standard Grant,Collaborative Research: Signaling Prosociality: Harnessing Impure Motives to Help Others,Yale University
1530730,2015-07-15,113782,Standard Grant,"Collaborative Research: Identity, Stereotypes and Black College Student Success",Duke University
1530746,2015-07-15,108807,Standard Grant,"Collaborative Research: Identity, Stereotypes, and Black College Student Success",Prairie View A & M University
1530796,2015-07-15,305127,Standard Grant,"Collaborative Research:  Identity, Stereotype Threat, and Black College Student Success",Texas A&M University
1534640,2015-07-15,18386,Standard Grant,Doctoral Dissertation Research: Life Without Parole: Emergence of a Late 20th Century American Punishment,New York University
1535575,2015-07-15,15970,Standard Grant,Doctoral Dissertation Research: Measuring the Impact of the Legal and Regulatory Task Environment on Biomedical IRB Performance,University of California-Berkeley
1535665,2015-07-15,22496,Standard Grant,Doctoral Dissertation Research: The Impact of Public Participation in Constitution Making,University of Texas at Austin
1541094,2015-07-15,43195,Standard Grant,COLLABORATIVE RESEARCH/WORKSHOP: Behavioral Models of Politics,University of Pittsburgh
1541501,2015-07-15,5992,Standard Grant,COLLABORATIVE RESEARCH/WORKSHOP: Behavioral Models of Politics,Duke University
1541939,2015-07-15,24895,Standard Grant,"Workshop: Building Better Futures-Junior Scholar Support for the 2015 Annual Meeting of The Society for the Study of Nanoscience and Emerging Technologies (October 18-21, 2015)",Regents of the University of Michigan - Ann Arbor
1529095,2015-07-16,459000,Standard Grant,Measuring the Unequal Gains from Trade,National Bureau of Economic Research Inc
1534814,2015-07-16,298233,Standard Grant,Scholars Award: Heredity under the Microscope: A History of Human Chromosomes,University of California-Los Angeles
1540314,2015-07-16,449926,Standard Grant,Standard: Collaborative Research: Cultivating Cultures of Ethical STEM in Collaborations between Climate Change Decision-Support Organizations and Indigenous Peoples,Michigan State University
1534188,2015-07-17,154614,Standard Grant,Standard Grant: New Approaches to Interpreting the development of science at the Marine Biological Laboratory,Marine Biological Laboratory
1462086,2015-07-20,4499896,Cooperative Agreement,DMUU: DCDC III: Transformational Solutions for Urban Water Sustainability Transitions in the Colorado River Basin,Arizona State University
1463492,2015-07-20,4500000,Cooperative Agreement,DMUU: Climate and Energy Decision Making,Carnegie Mellon University
1463644,2015-07-20,4499970,Cooperative Agreement,DMUU:  Center for Robust Decision-Making Tools for Climate and Energy Policy,University of Chicago
1524761,2015-07-20,80538,Standard Grant,Collaborative Research: The Organizational Production of Earnings Inequalities,University of California-Irvine
1524787,2015-07-20,73203,Standard Grant,Collaborative Research: The Organizational Production of Earnings Inequalities,"AUGUSTA UNIVERSITY RESEARCH INSTITUTE, INC."
1528294,2015-07-20,97462,Standard Grant,Collaborative Research: The Organizational Production of Earnings Inequalities,University of Massachusetts Amherst
1530519,2015-07-20,10184,Standard Grant,Doctoral Dissertation Research in Economics: The Economic Value of Natural Language Communication,George Mason University
1530798,2015-07-20,114387,Standard Grant,"Dynamic Matching: Experimentation, and Cross-Subsidization",Northwestern University
1530800,2015-07-20,16481,Standard Grant,"Doctoral Dissertation Research in Economics: Debit Cards, Cash Transfers, and Savings: Evidence from Mexico",Tulane University
1535450,2015-07-20,21033,Standard Grant,Doctoral Dissertation Research: An Ethnographic Study of Lay Participation in the United States Criminal Justice System,Princeton University
1535506,2015-07-20,51569,Standard Grant,Victims' Experiences of International Justice After Atrocity,University of California-Berkeley
1530534,2015-07-21,237000,Standard Grant,Collaborative Research: Econometric Methods for Models with Clustered Data and Covariate-Adaptive Randomization,Northwestern University
1530661,2015-07-21,216129,Standard Grant,Collaborative Research: Econometric Methods for Models with Clustered Data and Covariate-Adaptive Randomization,University of Chicago
1530707,2015-07-21,282532,Standard Grant,Estimating Macroeconomic Models of Financial Crises: An Endogenous Regime Switching Approach,University of Missouri-Columbia
1530741,2015-07-21,227187,Standard Grant,Issues in Estimation of Structural Economic Models,Princeton University
1530774,2015-07-21,395410,Standard Grant,Collaborative Research:  New Algorithms for Computing Equilibria of Stochastic Games,Princeton University
1530823,2015-07-21,259150,Standard Grant,Collaborative Research:  New Algorithims for Computing Equilibria of Stochastic Games,University of Chicago
1534132,2015-07-21,290000,Standard Grant,"Understanding the Behavior of Policymakers: Accountability, Other-Regarding Behavior and Fiduciary Motivation","University of Maryland, College Park"
1534628,2015-07-21,165937,Standard Grant,Postdoctoral Fellow: Understanding scientists' views of good research practice,Indiana University
1535598,2015-07-21,16821,Standard Grant,Doctoral Dissertation Research:  Accountability in Rebel Regimes,Columbia University
1546001,2015-07-21,49820,Standard Grant,WORKSHOP: Ethics in Experimental Political Science- May 2016,West Virginia University Research Corporation
1529272,2015-07-23,20943,Standard Grant,Collaborative Research: Experimental Evidence on Monetary Policies,Indiana University
1530613,2015-07-23,145916,Standard Grant,Search Theory in Economics,University of Wisconsin-Madison
1530820,2015-07-23,79056,Standard Grant,Collaborative Research: Experimental Evidence on Monetary Policies,University of California-Irvine
1535169,2015-07-23,155186,Standard Grant,RUI: The Green Bargain: The Environmental Politics of Rare Earth Mining,Macalester College
1550942,2015-07-23,49844,Standard Grant,"Workshop Proposal: Quality Legal Representation:  Definition, Measurement, Theory and Practice",SUNY at Albany
1535577,2015-07-24,17055,Standard Grant,Doctoral Dissertation Research: Return Migration and Post-Conflict Governance,Columbia University
1551476,2015-07-24,77173,Standard Grant,"Civil Society Organizations, Social Media, and Public Attention",Duke University
1535004,2015-07-27,525000,Standard Grant,Analyzing the Role of Social Networks in Local Government Decision-Making about High-Volume Hydraulic Fracturing,University of California-Davis
1461619,2015-07-28,156435,Continuing Grant,WORKSHOP:  Journeys in World Politics:A Mentoring Workshop for Junior Women Studying International Relations,University of Iowa
1529277,2015-07-28,91763,Standard Grant,Collaborative Research: Testing Cognitive and Affective Interventions to Improve Public Understanding and Affective Reactions to Pandemic Risks,University of Missouri-Columbia
1529788,2015-07-28,336626,Standard Grant,Collaborative Research: Testing Cognitive and Affective Interventions to Improve Public Understanding and Affective Reactions to Pandemic Risks,Regents of the University of Michigan - Ann Arbor
1530479,2015-07-28,484997,Standard Grant,An Integrated Learning Theory of Descriptive and Experience-Based Decisions,Carnegie Mellon University
1535615,2015-07-28,48753,Standard Grant,WORKSHOP:  Prisoner Reentry and Reintegration: Improving Data Collection and Methodology to Advance Theory and Knowledge,Rutgers University Newark
1542306,2015-07-28,47216,Standard Grant,Workshop:  An Interdisciplinary Conference on Using Social   Science to Improve Health Outcomes,Regents of the University of Michigan - Ann Arbor
1542345,2015-07-28,49092,Standard Grant,WORKSHOP:  Pathways:Improving the African American Presence in Comparative Politics and International Relations to Improve Scholarship and Teaching,Regents of the University of Michigan - Ann Arbor
1551564,2015-07-28,44312,Standard Grant,WORKSHOP:  Increasing Access to Federal Court Data Workshop--Fall 2015,University of Pennsylvania
1520847,2015-07-29,1724821,Standard Grant,Hazards SEES: Land Management Strategies for Confronting Risks and Consequences of Wildfire,University of California-Santa Barbara
1530589,2015-07-30,334724,Standard Grant,Learning with Model Uncertainty and Misspecification,University of Illinois at Urbana-Champaign
1530592,2015-07-30,210000,Standard Grant,Should We Go One Step Further? ? Accurate Comparison of One-step and Two-step Procedures in a GMM Framework,University of California-San Diego
1534908,2015-07-30,23946,Standard Grant,Doctoral Dissertation Research: The Emergence and Impact of Law in Oceanic Space,University of Florida
1535060,2015-07-30,250105,Standard Grant,Scholar Award: The Value of SEIN Research,University of South Carolina at Columbia
1540308,2015-07-30,41867,Standard Grant,CCE STEM: Collaborative Research:  Efficacy of Macroethics Education in Engineering,Tufts University
1540341,2015-07-30,58333,Standard Grant,CCE STEM: Collaborative Research:  Efficacy of Macroethics Education in Engineering,Seattle University
1540348,2015-07-30,349660,Standard Grant,CCE-STEM: Collaborative Research:  Efficacy of Macroethics Education in Engineering,University of Colorado at Boulder
1541655,2015-07-30,44953,Standard Grant,Conference on Balancing Technological and Institutional Solutions within Food-Energy-Water Systems,Washington State University
1534971,2015-08-03,133023,Standard Grant,"STS Scholars Award: Toxic Shock Syndrome, Tampon Technology and Testing",Purdue University
1535139,2015-08-03,305986,Standard Grant,Standard Research: Social Dynamics and Diversity in Epistemic Communities,University of California-Irvine
1551617,2015-08-03,87220,Standard Grant,Collaborative Research: The Policy Geography of Environmental Risk,Indiana University
1541825,2015-08-04,90971,Standard Grant,Conference on Cross-Border Governance and Protection of Food-Energy-Water Systems Supported by International Watersheds,Michigan State University
1534544,2015-08-05,2519689,Continuing Grant,Hazards SEES: Understanding Cross-Scale Interactions of Trade and Food Policy to Improve Resilience to Drought Risk,Princeton University
1528262,2015-08-06,78013,Standard Grant,The Constituency-Level Elections Archive (CLEA): Transitioning to a Sustainable Public Good,Regents of the University of Michigan - Ann Arbor
1534169,2015-08-06,25026,Standard Grant,Doctoral Dissertation Research: Rights Mobilization in Comparative Perspective,University of California-Berkeley
1534880,2015-08-06,31434,Standard Grant,Doctoral Dissertation Research: Constitutions and the Political Economy of Health,University of Pennsylvania
1535406,2015-08-06,26714,Standard Grant,Doctoral Dissertation Research: Cognitive Depletion and Motivation to Avoid Prejudice during Jury Deliberation:  A Self-Regulation Perspective on Interracial Group Decision-Making,University of Illinois at Chicago
1533746,2015-08-07,228809,Continuing Grant,Standardized World Income Inequality Database,University of Iowa
1535511,2015-08-07,19994,Standard Grant,Doctoral Dissertation Research:   Understanding Local Legal Compliance in a Potential Era of Prison Downsizing,University of California-Irvine
1535721,2015-08-07,16347,Standard Grant,Doctoral Dissertation Research: The Design of Legal Power in Authoritarian Regimes,University of California-Berkeley
1520803,2015-08-10,2325000,Standard Grant,Hazards SEES: Enhancing Emergency Preparedness for Critical Infrastructure Failure during Extreme Heat Events,Georgia Tech Research Corporation
1521546,2015-08-10,78551,Standard Grant,EAGER: The Carbondale Study: A Model for Student and Community Engagement in Research,Southern Illinois University at Carbondale
1526953,2015-08-10,61700,Standard Grant,Collaborative Research: A New Design for Identifying Persuasion Effects and Selection in Media Exposure Experiments via Patient Preference Trials,Harvard University
1528487,2015-08-10,506949,Continuing Grant,Collaborative Research: A New Design for Identifying Persuasion Effects and Selection in Media Exposure Experiments via Patient Preference Trials,Massachusetts Institute of Technology
1534811,2015-08-10,149164,Standard Grant,RUI: STS: Standard Research Grant: Mathematical Explanation in Science,Swarthmore College
1535250,2015-08-10,419907,Standard Grant,Comparative Free Speech Jurisprudence,Syracuse University
1535351,2015-08-10,168946,Standard Grant,"Understanding Gender, Racial, and Ethnic Differences in the Relationship between Prison Visitation and Recidivism",Arizona State University
1542474,2015-08-10,334249,Standard Grant,Intergenerational Consequences of Incarceration,University of California-Irvine
1459089,2015-08-11,450000,Standard Grant,Brookings Papers on Economic Activity,Brookings Institution
1534403,2015-08-11,419529,Continuing Grant,Collaborative Research: Measuring Preference Stability and Change: A Panel Study,William Marsh Rice University
1534411,2015-08-11,272073,Continuing Grant,Collaborative Research: Measuring Preference Stability and Change: A Panel Study,Texas A&M University
1459459,2015-08-12,165008,Standard Grant,The Political Control of Agencies and Bureaucratic Political Behavior,Regents of the University of Michigan - Ann Arbor
1533151,2015-08-12,495756,Continuing Grant,"Information and Communication Technologies, Employee Engagement in Innovation, and Team Innovation Process",University of Minnesota-Twin Cities
1535664,2015-08-12,143855,Standard Grant,Mixed-Status Families and Citizenship in the Contemporary Migration Experience,University of South Florida
1534590,2015-08-13,338092,Continuing Grant,Standard Research Grant: The Legal Mobilization of Science in Climate Change Litigation,George Washington University
1463122,2015-08-14,650000,Continuing Grant,DMUU: Center for Research on Environmental Decisions: Understanding and Improving Environmental Decisions,Columbia University
1540440,2015-08-14,399984,Standard Grant,Institutional Transformation: Institutional Re-engineering Ethical Discourse in STEM (iREDS),University of California-Riverside
1518976,2015-08-17,12000,Standard Grant,"Doctoral Dissertation Research: Black, Brown or Asian? : Afro- and Indo-Caribbean Immigrants Encounter Race in the United States",University of Chicago
1541988,2015-08-17,49788,Standard Grant,Workshop on the Implications of Declining Net Energy for Complex Food/Energy/Water Systems,LINFIELD UNIVERSITY
1530528,2015-08-18,313195,Standard Grant,Collaborative Research: Dynamic Mechanisms without Transfers,Yale University
1530608,2015-08-18,258959,Standard Grant,Collaborative Research: Dynamic Mechanisms without Transfers,Northwestern University
1532628,2015-08-18,25194,Standard Grant,"Doctoral Dissertation Research: The Early EEOC, Legal Mobilization, and the New Administrative State",University of Washington
1534170,2015-08-18,5000,Standard Grant,Conference: Support for the 2015 Annual Meeting of the Society for Mathematical Psychology,"Society for Mathematical Psychology, Inc"
1534471,2015-08-18,259999,Continuing Grant,Statistical Extensions and New Applications of Cultural Consensus Theory,University of California-Irvine
1540298,2015-08-18,449551,Standard Grant,Standard: The Ethics of Extraction: Integrating Corporate Social Responsibility into Engineering Education,Colorado School of Mines
1525861,2015-08-21,363823,Standard Grant,SBE: Small: Security as an Everyday Practical Concern,University of California-Irvine
1549578,2015-08-21,299717,Standard Grant,EAGER: Curriculum Development for I-Corps PNP Pilot Program,University of Texas at Austin
1541738,2015-08-24,199832,Standard Grant,RAPID: Russia Panel Survey 2015,George Washington University
1514750,2015-08-25,154286,Standard Grant,"RAPID:  Panic & Pandemic: Information, Diffusion Dynamics, and the Management of Public Health Crises","OHIO STATE UNIVERSITY, THE"
1533956,2015-08-25,38101,Standard Grant,Exploring Joint Modeling Approaches for Longitudinal Data: Parsimonious Correlation Modeling and Discrete Observations,Temple University
1535120,2015-08-25,313319,Standard Grant,STIR Cities: Engaging Expert Performances of Sociotechnical Imaginaries for the Smart Grid,Arizona State University
1535167,2015-08-25,609223,Continuing Grant,A Big Data-Theoretic Approach to Quantify Organizational Failure Mechanisms in Probabilistic Risk Assessment,University of Illinois at Urbana-Champaign
1535888,2015-08-25,302083,Continuing Grant,"Environmental Health Governance in Six Cities: How Scientific Cultures, Practices and Infrastructure Shape Governance Styles",Rensselaer Polytechnic Institute
1536897,2015-08-25,53984,Standard Grant,EAGER: Collaborative: A Research Agenda to Explore Privacy in Small Data Applications,Cornell University
1537324,2015-08-25,246018,Standard Grant,EAGER: Collaborative: A Research Agenda to Explore Privacy in Small Data Applications,New York University
1540447,2015-08-25,349876,Standard Grant,Standard: Learning NAGPRA: Cultivating Ethical Practice to Implement the Native American Graves Protection and Repatriation Act,Indiana University
1551782,2015-08-25,24939,Standard Grant,RAPID: Human Relations in Los Angeles,Missouri State University
1554373,2015-08-25,99894,Standard Grant,RAPID: Collaborative Research: Employees' Response to OPM Data Breaches: Decision Making in the Context of Anxiety and Fatigue,SUNY at Buffalo
1554480,2015-08-25,100001,Standard Grant,RAPID: Collaborative Research: Employees' Response to OPM Data Breaches: Decision Making in the Context of Anxiety and Fatigue,Ball State University
1528705,2015-08-26,204416,Standard Grant,Collaborative Research: Modeling Unobserved Heterogeneity in Network Formation,"OHIO STATE UNIVERSITY, THE"
1528739,2015-08-26,142533,Standard Grant,Collaborative Research:  Modeling Unobserved Heterogeneity in Network Formation,Trustees of Boston University
1555442,2015-08-26,37698,Standard Grant,Collaborative Research: An Organizational Approach to State Repression,West Virginia University Research Corporation
1555450,2015-08-26,53099,Standard Grant,Collaborative Research:  An Organizational Approach to State Repression,Louisiana State University
1555460,2015-08-26,413570,Continuing Grant,Collaborative Research:  An Organizational Approach to State Repression,Regents of the University of Michigan - Ann Arbor
1536238,2015-08-27,389996,Standard Grant,Quantitative Judgments in Law: Studies of Damage Award Decision Making,Cornell University
1521855,2015-08-28,2875000,Standard Grant,Hazards SEES: Persistent volcanic crises resilience in the face of prolonged and uncertain risk,SUNY at Buffalo
1535193,2015-08-28,107788,Continuing Grant,"Postdoctoral Fellowship: Energy, Risk and Urgency - Emergent Public Perceptions of Unconventional Oil and Gas Extraction",University of California-Santa Barbara
1530748,2015-08-31,290000,Standard Grant,Econometric Tools for Analysis of Derivatives Data,Northwestern University
1534472,2015-08-31,260000,Standard Grant,Bayesian Methods for Meta-Analysis in the Presence of Publication Bias,University of California-Irvine
1541164,2015-08-31,500000,Standard Grant,CRISP: Type 1: Reductionist and Integrative Approaches to Improve the Resiliency of Multi-Scale Interdependent Critical Infrastructure,New York University
1456180,2015-09-01,229940,Continuing Grant,The End of Mass Incarceration? Exploring the Contradictions of Criminal Justice Reform,University of Washington
1459476,2015-09-01,49807,Standard Grant,Workshop: Examining Overlooked Issues in Wrongful Convictions,SUNY at Albany
1456516,2015-09-02,288246,Standard Grant,Choosing Sides: The Dynamics of Coalitions,University of California-Berkeley
1461470,2015-09-02,549999,Continuing Grant,Empirical Assessment of Respondent Driven Sampling from Total Survey Error Perspectives,Regents of the University of Michigan - Ann Arbor
1528167,2015-09-02,329658,Standard Grant,TWC SBE: Small: Establishing market based mechanisms for CYBer security information EXchange (CYBEX),"Board of Regents, NSHE, obo University of Nevada, Reno"
1535501,2015-09-02,229894,Standard Grant,Executive Relief and the Roles of Mediating Institutions in Immigration Law and Policy,University of California-Irvine
1535563,2015-09-02,370159,Standard Grant,Adolescent and Adult Lives of Children of Parents Returning From Prison,American Bar Foundation
1535673,2015-09-02,210999,Standard Grant,Systematic Study of Group-Based Legal Mobilization,University of Kansas Center for Research Inc
1461491,2015-09-03,459953,Standard Grant,"""Improved Methodologies for Field Experiments:  Maximizing Statistical Power While Promoting Replication.""",University of California-Berkeley
1523355,2015-09-03,648424,Continuing Grant,Positive Empirical Models of Election Frauds,Regents of the University of Michigan - Ann Arbor
1530467,2015-09-03,509572,Standard Grant,New Survey of Firms' Expectations,National Bureau of Economic Research Inc
1534400,2015-09-03,328667,Standard Grant,Collaborative Research: Multilevel Regression and Poststratification: A Unified Framework for Survey Weighted Inference,University of Wisconsin-Madison
1534414,2015-09-03,91332,Standard Grant,Collaborative Research: Multilevel Regression and Poststratification: A Unified Framework for Survey Weighted Inference,Columbia University
1537528,2015-09-03,239138,Standard Grant,EAGER: Understanding the Strategic Values of Privacy Practices in Organizations,University of Florida
1556325,2015-09-03,340456,Standard Grant,The Impact of Dynamically Changing Information on Decision Processes,Vanderbilt University
1534413,2015-09-04,219999,Standard Grant,On Area Specific Uncertainty Measures in Small Area Estimation,"University of Maryland, College Park"
1540396,2015-09-04,449987,Standard Grant,CCE STEM: Ethical Inclusion of People with Disabilities through Undergraduate Computing Education,Rochester Institute of Tech
1427137,2015-09-08,200000,Standard Grant,Macro-Dynamic Modeling of Systemic Risk,New York University
1455689,2015-09-08,194827,Continuing Grant,COLLABORATIVE RESEARCH: Understanding Youth Engagement in the Plea Process: Predictors and Consequences,University of California-Irvine
1456036,2015-09-08,199996,Continuing Grant,COLLABORATIVE RESEARCH: Understanding Youth Engagement in the Plea Process: Predictors and Consequences,SUNY at Albany
1458953,2015-09-08,356794,Standard Grant,A Panel Study of the Dynamics of Change in Egypt and Turkey,"University of Maryland, College Park"
1530639,2015-09-08,304809,Standard Grant,Concentration of Power,Pennsylvania State Univ University Park
1533804,2015-09-08,499978,Standard Grant,Shape-Constrained Estimation and Inference for Surveys,Colorado State University
1461438,2015-09-09,699419,Standard Grant,A New Approach to the Measurement of Economic Behavior,University of Southern California
1524282,2015-09-09,330836,Standard Grant,Education and Health Consequences of Parental Migration on Children,SUNY at Albany
1540244,2015-09-09,349924,Standard Grant,Comparing Cultures of Responsible Innovation across Bioengineering Communities,North Carolina State University
1540389,2015-09-09,208892,Standard Grant,Collaborative Research:  Standard:  Comparison of Communications across Campus Cultures  (4C Project): Toward Evidence-based Customization of Learning Experiences for CCE STEM,University of Notre Dame
1540392,2015-09-09,63246,Standard Grant,Collaborative Reserach: Standard: Comparison of Communications across Campus Cultures (The 4C Project): Toward Evidence-based Customization of Learning Experiences,St Mary's College
1540395,2015-09-09,93582,Standard Grant,Collaborative Research: Standard: Comparison of Communications across Campus Cultures (4C Project): Toward Evidence-based Customization of Learning Experiences for CCE STEM,University of Virginia Main Campus
1540465,2015-09-09,84281,Standard Grant,Collaborative Research:  Standard:  Comparison of Communications across Campus Cultures (The 4C Project): Toward Evidence-based Customization of Learning Experiences,Xavier University of Louisiana
1559339,2015-09-09,150000,Standard Grant,North American Energy Harmonization Workshops,Resources For the Future Inc
1560075,2015-09-09,19113,Standard Grant,Scholars Award: The Structure of Spacetime: A New Approach to the Structure of Space-Time Controversy,Rutgers University New Brunswick
1527684,2015-09-10,499912,Standard Grant,SBE: Small: Behavioral Control of Deceivers in Online Attacks,University of Maryland Baltimore County
1528445,2015-09-10,967058,Continuing Grant,Empirical Implications of Theoretical Models (EITM) Summer Institutes 2016 - 2019,Regents of the University of Michigan - Ann Arbor
1528811,2015-09-10,574911,Standard Grant,"Collaborative Research: Prices, Peers, and Perceptions: Field Experiments on Technology Adoption in the Context of Improved Cookstoves",University of Colorado at Boulder
1528991,2015-09-10,98566,Standard Grant,"COLLABORATIVE RESEARCH: PRICES, PEERS, AND PERCEPTIONS: FIELD EXPERIMENTS ON TECHNOLOGY ADOPTION IN THE CONTEXT OF IMPROVED COOKSTOVES",North Carolina State University
1530791,2015-09-10,578447,Standard Grant,"Experimentally Identifying Constraints to Risk Sharing: Separating Limited Commitment, Moral Hazard and Hidden Income",National Bureau of Economic Research Inc
1541025,2015-09-10,1208929,Standard Grant,CRISP Type 2: Collaborative Research: Simulation-Based Hypothesis Testing of Socio-Technical Community Resilience Using Distributed Optimization and Natural Language Processing,University of Washington
1541033,2015-09-10,517968,Standard Grant,CRISP Type 2: Collaborative Research: Simulation-Based Hypothesis Testing of Socio-Technical Community Resilience Using Distributed Optimization and Natural Language Processing.,William Marsh Rice University
1513957,2015-09-11,483189,Standard Grant,SBE: Medium: Towards Personalized Privacy Assistants,Carnegie Mellon University
1531001,2015-09-11,329889,Standard Grant,Rethinking the Role of the Legal Profession in Authoritarian Societies,University of Wisconsin-Madison
1534412,2015-09-11,265579,Standard Grant,Collaborative Research: Record Linkage and Privacy-Preserving Methods for Big Data,Duke University
1534433,2015-09-11,334243,Standard Grant,Collaborative Research: Record Linkage and Privacy-Preserving Methods for Big Data,Pennsylvania State Univ University Park
1538716,2015-09-11,197338,Standard Grant,Collaborative Research: Understanding Gender Differences in STEM Academic Careers,Trustees of Boston University
1538797,2015-09-11,249996,Standard Grant,Collaborative Research: Understanding Gender Differences in STEM Academic Careers,University of Kansas Center for Research Inc
1556415,2015-09-11,177811,Standard Grant,Applications of Quantum Probability Theory to Human Causal Reasoning,Vanderbilt University
1535613,2015-09-14,250000,Standard Grant,"The Definition, Acquisition, and Fracture of Land Rights",Barnard College
1535218,2015-09-16,105200,Standard Grant,Scholars Award: A Study of Rural and Prison Sourcing of Information and Communication Technology Labor,Poster                  Winifred       R
1538935,2015-09-16,131200,Standard Grant,"Postdoctoral Scholars Award: Remote Sensing, Open-source Analysis, and Citizen Nuclear Intelligence",Lawrence                Christopher    C
1560437,2015-09-16,650801,Standard Grant,Efficient Temporal-Spatial Spectrum Sharing through Voluntary Exchange,Louisiana State University
1561032,2015-09-16,33169,Standard Grant,SEES Fellows: Designing and Testing Quantitative and Spatial Measurements of Socio-Cultural Values for Sustainability Planning,Oregon State University
1528409,2015-09-17,690353,Continuing Grant,Collaborative Research: Updating the Militarized Dispute Data Through Crowdsourcing: MID5,Pennsylvania State Univ University Park
1528624,2015-09-17,367432,Continuing Grant,Collaborative Research: Updating the Militarized Dispute Data Through Crowdsourcing: MID5,University of Texas at Dallas
1559709,2015-09-18,188265,Standard Grant,Collaborative Research: An Empirical Study of Broadband Internet Service,University of North Carolina at Chapel Hill
1513702,2015-09-21,345550,Standard Grant,SBE: Medium: Collaborative: Understanding and Exploiting Visceral Roots of Privacy and Security Concerns,Stanford University
1514192,2015-09-21,595197,Standard Grant,SBE: Medium: Collaborative: Understanding and Exploiting Visceral Roots of Privacy and Security Concerns,Carnegie Mellon University
1560906,2015-09-21,59457,Standard Grant,Collaborative Research: Public and Private Debt Crises: Quantitative Macroeconomic Models and Policy Implications,National Bureau of Economic Research Inc
1565409,2015-10-23,37698,Standard Grant,Collaborative Research: An Organizational Approach to State Repression,Indiana University
1565996,2015-11-02,49363,Standard Grant,"WORKSHOP: Recruitment and Retention of Women of Color in Political Science to Improve Scholarship and Teaching, San Francisco, CA, September 2015",Pace University
1603944,2015-11-16,199996,Continuing Grant,COLLABORATIVE RESEARCH: Understanding Youth Engagement in the Plea Process: Predictors and Consequences,George Mason University
1613264,2015-11-16,205310,Continuing Grant,Role of Fronto-Parietal Cortex in Delay Discounting,Arizona State University
1461392,2015-11-19,144502,Standard Grant,Collaborative Research: Bidirectional Effects Between Parental Work-Family Conflict and Adolescent Psychosocial Adjustment,"University of Maryland, College Park"
1461394,2015-11-19,213071,Standard Grant,Collaborative Research: Bidirectional Effects Between Parental Work-Family Conflict and Adolescent Psychosocial Adjustment,Connecticut Children's Medical Center
1461400,2015-11-19,98781,Standard Grant,Collaborative Research: Bidirectional Effects Between Parental Work-Family Conflict and Adolescent Psychosocial Adjustment,Pennsylvania State Univ University Park
1600323,2015-11-19,24895,Standard Grant,"Workshop: Building Better Futures-Junior Scholar Support for the 2015 Annual Meeting of The Society for the Study of Nanoscience and Emerging Technologies (October 18-21, 2015)",Arizona State University
1602190,2015-11-19,56758,Standard Grant,"RAPID: A Panel Study of Presidentialism and, Democratic Collapse and the Rise of a One-Party State: Turkey at the Crossroads",Pennsylvania State Univ University Park
1602747,2015-11-23,177406,Standard Grant,Improving agricultural practices for sustainable development,Trustees of Boston University
1616062,2015-11-23,97933,Standard Grant,Collaborative Research:  International Buyer-Seller Matches,Pennsylvania State Univ University Park
1619644,2015-12-15,17813,Standard Grant,Collaborative Research: Specification and Estimation of Exponential Family Random Graph Models for Weighted Networks,Pennsylvania State Univ University Park
1613440,2015-12-22,50000,Standard Grant,"The Micro-Process of Social Responsibility in Organizations:  A Bottom-Up Perspective Workshop; April 12 and 13, 2016; Anaheim, California",Purdue University
1556062,2016-01-14,17702,Standard Grant,Doctorial Dissertation Research: Classification Representation in the Sciences: the Epistemology and Ontology of Botanical Taxonomic Systems,University of California-Los Angeles
1556472,2016-01-14,18344,Standard Grant,Dissertation Grant:  Finding Form:  Goethe and Plant Morphology in Twentieth Century Anglophone Scholarship,Oregon State University
1557207,2016-01-14,15107,Standard Grant,"Doctoral Dissertation Research: Moving, Making, and Saving: The Science of Seed Banking",University of California-Davis
1557440,2016-01-14,270000,Standard Grant,Understanding the Gender Performance Gap among Star Performers in STEM Fields,Indiana University
1556710,2016-01-15,12808,Standard Grant,"A Study in Arctic Alaska of Relations between Cold War Bio-medicine, Indigenous Politics, and Circumpolar Health",Yale University
1556862,2016-01-15,16972,Standard Grant,The Rise of Ecosystem Services in Biodiversity Conservation,University of California-Berkeley
1624024,2016-01-28,95649,Standard Grant,Scholars Award: An Investigation of the Technoscientific Flexibility of Research Infrastructure,University of Washington
1556980,2016-02-03,12600,Standard Grant,DDRIG: Constructions and Understandings of Cancer Genetic Risk,Columbia University
1560916,2016-02-09,100000,Standard Grant,Territory management in organizations,Harvard University
1556131,2016-02-10,99998,Continuing Grant,Collaborative Research: How Do U.S. Immigration Courts Decide Gender-based Asylum Cases?,"University of California, Hastings College of the Law"
1556551,2016-02-10,42551,Continuing Grant,Collaborative Research: How Do U.S. Immigration Courts Decide Gender-based Asylum Cases?,CUNY Brooklyn College
1631602,2016-02-23,32266,Standard Grant,Collaborative Research: Mind Mapping Consumers and Activists' Response to NGO-Corporate Partnerships,University of Minnesota-Twin Cities
1558187,2016-02-24,95707,Standard Grant,"Status, Faction Sizes and Social Influence","OHIO STATE UNIVERSITY, THE"
1559991,2016-02-24,197719,Standard Grant,SBE: Small: Beyond technical solutions: Understanding the role of governance structures in Internet routing security,Georgia Tech Research Corporation
1629222,2016-02-24,98781,Standard Grant,Collaborative Research: Bidirectional Effects Between Parental Work-Family Conflict and Adolescent Psychosocial Adjustment,"Georgia State University Research Foundation, Inc."
1519088,2016-03-01,6522,Standard Grant,Doctoral Dissertation Research: Citizenship Obligations in an Age of Rights,University of California-San Diego
1539804,2016-03-01,11844,Standard Grant,Doctoral Dissertation Research: Levels and Social Determinants of Nutritional Outcomes,Brown University
1623820,2016-03-01,97652,Standard Grant,"Collaborative Research: The Great Depression, the New Deal, and the Origins of Modern State Government Fiscal Policies",Florida State University
1558230,2016-03-02,297802,Continuing Grant,Multiple numeric competencies in judgments and decisions,"OHIO STATE UNIVERSITY, THE"
1559370,2016-03-02,326380,Continuing Grant,Forecasting and Political Discourse,University of Pennsylvania
1560536,2016-03-02,18900,Standard Grant,Doctoral Dissertation Research: Security and Rights through the Advocacy of Women's  Organizations,University of California-Irvine
1560599,2016-03-02,14582,Standard Grant,Doctoral Dissertation Research: The Dynamics of Intergovernmental Lobbying.,Stanford University
1560601,2016-03-02,18900,Standard Grant,Doctoral Dissertation Research:  Civic Participation and Insurgent Mobilization in Deeply-Divided Societies,Indiana University
1560643,2016-03-02,22837,Standard Grant,"Doctoral Dissertation Research: A Comparative, State-Level Study of Strength of Political Party and Lobbying Expenditures","OHIO STATE UNIVERSITY, THE"
1603076,2016-03-02,11340,Standard Grant,"Doctoral Dissertation Research: Social ties, relational obligations and socio-economic outcomes",University of California-Berkeley
1624296,2016-03-02,186016,Standard Grant,"RAPID: Risk Perception, Threat, and Anxiety Decay in Lone-Wolf Terrorist Events in the US",Texas A&M University
1552692,2016-03-03,416435,Standard Grant,CAREER:  Empirical Studies on the Role of Cities in Influencing Health and Economic Growth in the Long Run,National Bureau of Economic Research Inc
1559067,2016-03-03,199999,Continuing Grant,Organizational Boundary Spanning in Large Collaborative Science,Michigan State University
1559369,2016-03-03,440000,Standard Grant,Uncertainty in Models of Authority and Models of Matching,University of Pennsylvania
1560987,2016-03-03,349305,Continuing Grant,Medical Decision-Making and Network Assembly Mechanisms in Inpatient Surgical Care,Regents of the University of Michigan - Ann Arbor
1519268,2016-03-04,12000,Standard Grant,Doctoral Dissertation Research: Transnational Migration and the Global Circulation of Talent,Northeastern University
1555494,2016-03-04,39999,Standard Grant,Collaborative Research: Individuals' Assessments of Legitimate Authority,Yale University
1556047,2016-03-04,139997,Standard Grant,Collaborative Research: Individuals' Assessments of Legitimate Authority,New York University
1557089,2016-03-04,174999,Continuing Grant,Conceptualizing Property Takings,American Bar Foundation
1557117,2016-03-04,299687,Continuing Grant,Evolution and the Levels of Lineage,University of Utah
1558635,2016-03-04,65065,Standard Grant,Labor Rights in the American Midwest,Dartmouth College
1559371,2016-03-04,20696,Standard Grant,Doctoral Dissertation Research in DRMS:   Attitudes to Genetically Modified Foods,University of Pennsylvania
1560636,2016-03-04,18900,Standard Grant,Doctoral Dissertation Research:  How Refugees Can Shape National Boundaries.,Princeton University
1552824,2016-03-07,450000,Standard Grant,"CAREER: Empirical Studies of Incentive Design, Information Technology Use, and Productivity in Physician Markets",National Bureau of Economic Research Inc
1551863,2016-03-08,96998,Continuing Grant,Collaborative Research: The Efficacy of Support Structures for Legal Mobilization,University of Denver
1551871,2016-03-08,114824,Continuing Grant,Collaborative Research: The Efficacy of Support Structures for Legal Mobilization,Pomona College
1559320,2016-03-08,15949,Standard Grant,Doctoral Dissertation Research in DRMS: Victim Compensation,University of Pennsylvania
1561248,2016-03-08,14874,Standard Grant,Doctoral Dissertation Research: Ballot Structure and Voting Decisions,William Marsh Rice University
1556311,2016-03-09,13200,Standard Grant,Doctoral Dissertation Research: Social Movements Impacts on Urban Waste Systems,Rensselaer Polytechnic Institute
1556343,2016-03-09,12480,Standard Grant,Dissertation Grant:  Social Science's Use of Controlled Field Experiments,Northwestern University
1556591,2016-03-09,14422,Standard Grant,Dissertation Grant: Medical Technologies and Social Identities,Northwestern University
1559058,2016-03-09,235773,Standard Grant,Non-Standard Issues in Regression Discontinuity Designs,Columbia University
1559273,2016-03-09,290716,Standard Grant,"Legal Forms of Firm Organization, Corporate Governance, and Business Expansion in the Middle East between 1887 and 1950",University of Arizona
1603075,2016-03-09,11925,Standard Grant,Doctoral Dissertation Research: Homeless service systems and the homeless,University of California-Berkeley
1554837,2016-03-10,527877,Continuing Grant,CAREER: The common attentional and dynamical properties of decision making,"OHIO STATE UNIVERSITY, THE"
1625073,2016-03-10,45407,Standard Grant,Workshop:   Work Climate in Organizations,Pennsylvania State Univ University Park
1602882,2016-03-11,12000,Standard Grant,Doctoral Dissertation Research: Explaining the valuation of non-standard goods in the global economy.,University of California-San Diego
1622789,2016-03-11,19265,Standard Grant,Enforcing Cooperation in Networked Societies,Pennsylvania State Univ University Park
1624225,2016-03-11,208892,Standard Grant,Collaborative Research:  Standard:  Comparison of Communications across Campus Cultures  (4C Project): Toward Evidence-based Customization of Learning Experiences for CCE STEM,Indiana University
1555448,2016-03-14,13750,Standard Grant,Doctoral Dissertation Research:   History of Aflatoxin and Liver Cancer,Massachusetts Institute of Technology
1559150,2016-03-14,10041,Standard Grant,Doctoral Dissertation Research in Economics:   Performance based commitment devices and academic success,University of California-Davis
1560166,2016-03-14,18648,Standard Grant,Doctoral Dissertation Research:   Enforcing Pollution Regulations in Authoritarian Regimes,University of California-Berkeley
1560575,2016-03-14,22242,Standard Grant,Doctoral Dissertation Research:   Legacy Institutions and Political Order in Weak States,University of California-Berkeley
1602248,2016-03-14,11062,Standard Grant,Doctoral Dissertation Research: Public Beliefs and Responses to Industrial Sites,Cornell University
1602672,2016-03-14,11447,Standard Grant,Doctoral Dissertation Research: Mass Shootings and the Gun Control and Gun Rights Movements,University of California-Irvine
1602931,2016-03-14,11743,Standard Grant,Doctoral Dissertation Research: State-level factors and passage of Right-to-Work laws,Brown University
1556227,2016-03-15,199992,Standard Grant,Collaborative Proposal: Understanding Supreme Court Decision-making Through Conference Note Transcription,University of Minnesota-Twin Cities
1556270,2016-03-15,193994,Continuing Grant,Collaborative Proposal: Understanding Supreme Court Decision-making Through Conference Note Transcription,Michigan State University
1559014,2016-03-15,274680,Standard Grant,Behavioral Responses to Taxation and Inequality: Evidence from Policy Variation Using Administrative Data,National Bureau of Economic Research Inc
1561057,2016-03-15,250000,Continuing Grant,"Collaborative Research: Large-scale Database Construction of Firms' Organizational Form, Competition, and Industry Change",University of Southern California
1561068,2016-03-15,268000,Continuing Grant,"Collaborative Research: Large-scale Database Construction of Firms' Organizational Form, Competition, and Industry Change",National Bureau of Economic Research Inc
1602900,2016-03-15,6678,Standard Grant,Doctoral Dissertation Research: Re-entry organizations and the formally incarcerated,Columbia University
1559398,2016-03-16,241698,Standard Grant,"Communication, Perception, and Strategic Obfuscation",Brown University
1559661,2016-03-21,18879,Standard Grant,Doctoral Dissertation Research:   Natural Resources and Immigration Policy in the Era of Trade Liberalization,Regents of the University of Michigan - Ann Arbor
1555071,2016-03-22,457897,Continuing Grant,CAREER: Dynamic Games and Institutions,Massachusetts Institute of Technology
1561035,2016-03-22,284186,Continuing Grant,Mapping the Temporal Structure of Entrepreneurial Start-Up Activities,Brown University
1556539,2016-03-31,149955,Standard Grant,Legal Integration and Rule of Law:  A Comparative Analysis,George Mason University
1556864,2016-03-31,405871,Continuing Grant,Multidimensional Chronological Analysis of Manuscript Corpora Using Isaac Newton's Chymical Papers as a Test Platform,Indiana University
1558623,2016-03-31,238080,Standard Grant,Topics in Analysis of Big Data and Complex Models,Columbia University
1559299,2016-03-31,360000,Standard Grant,WORKSHOP: Stanford Institute for Theoretical Economics Summer Workshop,Stanford University
1559462,2016-03-31,316500,Standard Grant,"Incomplete Preferences, Stochastic Choice, And Time And Risk Preferences",Columbia University
1559469,2016-03-31,406377,Standard Grant,The impact of participation policies on socioeconomic interactions.,National Bureau of Economic Research Inc
1559485,2016-03-31,398314,Standard Grant,Empirical Studies of Business-to-Business Bargaining: Evidence from Hospital Input Markets,University of Pennsylvania
1553350,2016-04-01,95921,Standard Grant,How Scientists Shape Science-Based Environmental Assessments for Policy,Princeton University
1555568,2016-04-01,145422,Standard Grant,How Scientists Shape Science-Based Environmental Assessments for Policy,College of Saint Benedict
1556612,2016-04-01,269995,Standard Grant,The Emotional Influence of Gruesome Photographs in the Courtroom,Arizona State University
1558757,2016-04-01,392000,Standard Grant,Choices under Uncertainty,California Institute of Technology
1558857,2016-04-01,343978,Standard Grant,"Frictions in a Competitive, Regulated Market",New York University
1559741,2016-04-04,24150,Standard Grant,Doctoral Dissertation Research:  Explaining Presidents' Use of Humanitarian Justifications for Military Intervention.,Cornell University
1560592,2016-04-04,89752,Standard Grant,Social Circle Panel for Studying the Accuracy of Social Judgements,Santa Fe Institute
1560637,2016-04-07,20225,Standard Grant,Doctoral Dissertation in Political Science: Local Political Contexts and Immigrant Integration,Washington University
1560656,2016-04-07,23530,Standard Grant,"Doctoral Dissertation Research: New Political Parties, Societal Linkages and Developing Stable Ties with Voters",University of California-Berkeley
1559511,2016-04-11,624880,Continuing Grant,The Effects of Sadness Versus Gratitude on Economic Decision Making and Addictive Behavior,Harvard University
1560648,2016-04-11,21051,Standard Grant,"Doctoral Dissertation Research: Negative Campaigns, Priming Effects and Vote Choice",University of Massachusetts Amherst
1602697,2016-04-11,10025,Standard Grant,Doctoral Dissertation Research: Residential Segregation and Policing Styles,University of Wisconsin-Madison
1555698,2016-04-14,137994,Standard Grant,Do Welfare Drug Offender Bans Affect Recidivism?,University of California-Irvine
1555767,2016-04-14,102142,Standard Grant,Scholars Award: Light Pollution's Social and Ecological Consequences and Contexts,Cornell University
1556070,2016-04-18,293250,Standard Grant,Expanding Law and Social Science Research by International Research Collaboration,Law and Society Association
1555980,2016-04-19,130303,Standard Grant,Collaborative Proposal: The Adoption of an Emerging Technology for Improving the Electrical Delivery System,Washington State University
1556010,2016-04-19,212275,Standard Grant,Collaborative Research: The Adoption of an Emerging Technology for Improving the Electrical Delivery System,Brown University
1556091,2016-04-19,193899,Standard Grant,Standard Research Grant: Representational Materialities of Internet Protocols,University of California-Irvine
1556475,2016-04-19,194892,Standard Grant,Standard Grant:  The Role of Skeletons in the Development of Anatomical Knowledge,Oregon State University
1559071,2016-04-19,164927,Standard Grant,Collaborative Research: The Interplay Between Debts and Entitlements,New York University
1559073,2016-04-19,153837,Standard Grant,Collaborative Research: The Interplay between Debts and Entitlements,Georgetown University
1558907,2016-04-20,291644,Standard Grant,Computerized Adaptive Testing for Survey Research,Washington University
1559126,2016-04-20,388092,Standard Grant,DRMS: Improving Public Response to Weather Warnings,University of Washington
1558986,2016-04-21,507132,Standard Grant,Building Social Science Data Infrastructure: The 2016 National Asian American Survey,University of California-Riverside
1559546,2016-04-21,312617,Continuing Grant,Psychological mechanisms behind organ donation decisions,Decision Science Research Institute
1556531,2016-04-22,25000,Standard Grant,"Workshop: Biography in Science, Technology, and Medicine",Harvard University
1631409,2016-04-22,2066259,Continuing Grant,Hazards SEES Type 2: Modeling to Promote Regional Resilience to Repeated Heat Waves and Hurricanes,Regents of the University of Michigan - Ann Arbor
1638290,2016-04-22,76170,Standard Grant,Networked Knowledge and Preparedness for Zika,Louisiana State University
1558207,2016-04-25,102745,Standard Grant,"Collaborative Research: The Role of Information & Influence Campaigns in Structuring Public Responses to U.S. policy, 1988 - 2015",Drexel University
1558264,2016-04-25,180595,Standard Grant,"Collaborative Research: The Role of Information & Influence Campaigns in Structuring Public Responses to U.S. policy, 1988 - 2015",Rutgers University New Brunswick
1560544,2016-04-25,49998,Standard Grant,The Spatial Mobility of Communities' Organizational Resources,University of Arizona
1602352,2016-04-25,10323,Standard Grant,"Doctoral Dissertation Research: Constrained Choices:  Negotiating Work, Family, and Legality",University of North Carolina at Chapel Hill
1602813,2016-04-25,11999,Standard Grant,Doctoral Dissertation Research: Exposure to Environmental Hazards: Analyzing the Location and Distribution of Landfills in the Contiguous United States,Tulane University
1602839,2016-04-25,12000,Standard Grant,Doctoral Dissertation Research: Weight-based Discrimination and Group Interactions: An Expansion of Status Characteristics Theory,Kent State University
1558755,2016-04-26,384404,Standard Grant,Social influences on the Long-term Cessation of Violence,Bowling Green State University
1559778,2016-04-26,150000,Standard Grant,Compact Bayesian Models of Massive Social Graphs,University of Washington
1559387,2016-04-27,653245,Standard Grant,"The Devoted Actor: Sacred values, identity fusion and intergroup conflict",The New School
1602568,2016-04-27,11998,Standard Grant,Doctoral Dissertation Research:  The Effect of the Loss of Stable Career-Paths on the Professional Middle Class,University of California-San Diego
1560432,2016-04-28,22575,Standard Grant,Doctoral Dissertation Research: Explaining Public Opposition to Government  Assistance Programs,University of Nebraska-Lincoln
1602481,2016-04-28,11946,Standard Grant,Doctoral Dissertation Research: Rural migrant workers and periods of structural change.,"University of Maryland, College Park"
1602772,2016-04-28,12000,Standard Grant,Doctoral Dissertation Research: Intern Experiences and Pathways to Labor Market Entry,"OHIO STATE UNIVERSITY, THE"
1636754,2016-04-28,124181,Standard Grant,RAPID: Global Dependence of Livelihoods on Forests and the Impacts of Forest Investments,Regents of the University of Michigan - Ann Arbor
1602606,2016-04-29,11995,Standard Grant,Doctoral Dissertation Research: Explaining the Mechanisms of Collective Bargaining Legislative Outcomes at the State-Level,Vanderbilt University
1558636,2016-05-03,191462,Standard Grant,Collaborative Research: Inference Methods for Machine Learning and High-Dimensional Data in Policy Evaluation and Structural Economic Models,University of Chicago
1558713,2016-05-03,212471,Standard Grant,Workshop:  Support for Political Networks Conference and Training Workshops,George Mason University
1559172,2016-05-03,246218,Standard Grant,Collaborative Research: Inference Methods for Machine Learning and High-Dimensional Data in Policy Evaluation and Structural Economic Models,Massachusetts Institute of Technology
1559405,2016-05-03,98541,Standard Grant,Identifying Household Wealth Effects,University of Wisconsin-Milwaukee
1602495,2016-05-03,9481,Standard Grant,Doctoral Dissertation Research:   Cultural Contestations and Genetically Modified Crops In a Non-Western Context,University of Colorado at Boulder
1602541,2016-05-03,11747,Standard Grant,Doctoral Dissertation Research:   Mechanisms Underlying Discrimination in the Labor Market,Indiana University
1602586,2016-05-03,11842,Standard Grant,"Doctoral Dissertation Research: Academic Performance,Gender and Hiring",Indiana University
1602784,2016-05-03,12000,Standard Grant,Doctoral Dissertation Research:   The Role of Social Entrepreneurship in Addressing Poverty.,Northwestern University
1603041,2016-05-03,9739,Standard Grant,Doctoral Dissertation Resaerch:  The Legal Incorporation of Private Regulation: Transforming Ratings in Finance and Healthcare,University of Virginia Main Campus
1603086,2016-05-03,11957,Standard Grant,Doctoral Dissertation Research:   Language Standardization and Modern State-Building,University of California-Berkeley
1559367,2016-05-05,101134,Standard Grant,Experimental Evidence of the Effectiveness of Mechanisms Designed to Increase Tax Compliance,Massachusetts Institute of Technology
1559419,2016-05-05,297100,Standard Grant,Collaborative Research: Experimental Evidence of the Effectiveness of Mechanisms Designed to Increase Tax Compliance,Harvard University
1559643,2016-05-05,18900,Standard Grant,Doctoral Dissertation Research: Explaining Voters Attachments to Charismatic Legacies,University of Texas at Austin
1560501,2016-05-05,236592,Standard Grant,Collaborate Research: Construct a General Hilbert Space Multi-dimensional Model,"OHIO STATE UNIVERSITY, THE"
1560554,2016-05-05,263397,Standard Grant,Collaborate Research: Construct a General Hilbert Space Multi-dimensional Model,Indiana University
1566136,2016-05-05,300000,Standard Grant,Research Data Centers: The Rocky Mountain Research Data Center,University of Colorado at Boulder
1602895,2016-05-05,6754,Standard Grant,Doctoral Dissertation Research:  New Therapies and the Multiplication of Disease Diagnoses,Columbia University
1638545,2016-05-09,199208,Standard Grant,"RAPID: An Evolving Risk Communication Challenge: The Risk Salience of Zika Virus Infection in an Environment of Shifting Scientific, Social, and Policy Uncertainty and Discourse",New York University
1558970,2016-05-10,271000,Standard Grant,The Social Value of Financial Expertise,Stanford University
1559125,2016-05-10,586407,Continuing Grant,2016 Cooperative Congressional Election Study,Harvard University
1559481,2016-05-10,395910,Standard Grant,"Property Rights, Leases, Competition and Regulation in the Development of U.S. Shale Resources",Duke University
1560623,2016-05-13,23100,Standard Grant,Doctoral Dissertation Research:  The Judicial Politics of Land Disputes,"OHIO STATE UNIVERSITY, THE"
1557138,2016-05-24,313337,Continuing Grant,Observing the Invisible: A Collaborative Investigation between Astrophysicists and Philosophers,University of Pennsylvania
1602221,2016-05-24,11982,Standard Grant,Doctoral Dissertation Research:  Investigating the Shift in CEO Hires in the United States,University of California-Berkeley
1529151,2016-05-25,112284,Standard Grant,Error-Correction Reinterpretation and Efficient Estimation of Dynamic Stochastic General Equilibrium Models,University of Pittsburgh
1628128,2016-05-27,9920,Standard Grant,Doctoral Dissertation Research: The Effects of Jailing Noncustodial Parents for Failure to Pay Child Support,University of Texas at Austin
1627297,2016-05-31,15656,Standard Grant,Doctoral Dissertation Research: Eyewitness memory in children and adolescents with Autism Spectrum Disorder,University of California-Davis
1627893,2016-05-31,25065,Standard Grant,Doctoral Dissertation Research: Can Regularization of Former Squatters Transition Them into Urban Citizens?,Regents of the University of Michigan - Ann Arbor
1642539,2016-05-31,35000,Standard Grant,"""Workshop:  Analysis of Country Conditions and Decision-Making on Asylum Claims.""",American University
1624386,2016-06-01,30881,Standard Grant,Doctoral Dissertation Research: Negotiating Institutional Complexity in Mental Health Courts,Regents of the University of Michigan - Ann Arbor
1627412,2016-06-01,13268,Standard Grant,Doctoral Dissertation Research: State Cooperation with the International Criminal Court,Syracuse University
1627551,2016-06-01,15700,Standard Grant,"Doctoral Dissertation Research: Global Policy, National Law, and Local Economies",University of Minnesota-Twin Cities
1628126,2016-06-01,29664,Standard Grant,Doctoral Dissertation Research: The Intergenerational Consequences of Incarceration,Northwestern University
1628654,2016-06-01,10678,Standard Grant,Doctoral Dissertation Research: The Effects of Lesser Spoken Language Access in Immigration Court,University of California-Los Angeles
1636536,2016-06-01,9771,Standard Grant,Doctoral Dissertation Research: Youth Homelessness: Street Kids in the Urban South,University of Texas at Austin
1556762,2016-06-03,203998,Standard Grant,The Effects of Intoxication in Legal Contexts,Florida International University
1628301,2016-06-03,25194,Standard Grant,Doctoral Dissertation Research:  Translating Rules and the Rule of Law into Local Practices,Princeton University
1560668,2016-06-07,18657,Standard Grant,Doctoral Dissertation Research:  Disconnected and Uninformed:  Dissecting and Dismantling India's Political Gender Gap,Harvard University
1637010,2016-06-07,11999,Standard Grant,Doctoral Dissertation Research: Shared Consciousness and Collective Action,Michigan State University
1637050,2016-06-07,11847,Standard Grant,Doctoral Dissertation Research: Who Wants to be an Engineer? Early Adolescence and Girls' Declining Interest in STEM,University of Southern California
1637083,2016-06-09,8366,Standard Grant,Doctoral Dissertation Research: The Economic Incorporation of Immigrants Across the 50 United States,Indiana University
1643075,2016-06-09,270000,Standard Grant,Understanding the Gender Performance Gap among Star Performers in STEM Fields,George Washington University
1558509,2016-06-13,95938,Standard Grant,Collaborative Research: An Expanded Framework for Inferring Public Policy Diffusion Networks,University of Iowa
1558561,2016-06-13,63226,Standard Grant,Collaborative Research: An Expanded Framework for Inferring Public Policy Diffusion Networks,University of Notre Dame
1558661,2016-06-13,178953,Standard Grant,Collaborative Research: An Expanded Framework for Inferring Public Policy Diffusion Networks,Pennsylvania State Univ University Park
1558781,2016-06-13,77820,Standard Grant,Collaborative Research: An Expanded Framework for Inferring Public Policy Diffusion Networks,University of Massachusetts Amherst
1625353,2016-06-13,14673,Standard Grant,Doctoral Dissertation Research: How does militarized state control affect targeted communities?,Northeastern University
1643517,2016-06-13,108042,Standard Grant,Dynamic Choice in an Uncertain World,Massachusetts Institute of Technology
1628062,2016-06-14,38931,Standard Grant,Seventh Biennial Conference on Social Dilemmas,University of Massachusetts Amherst
1632651,2016-06-14,24695,Standard Grant,Workshop: Societal Aspects of Mining and Other Extractive Processes,Macalester College
1560602,2016-06-15,13327,Standard Grant,Doctoral Dissertation Research: The Effects of Police Militarization on Bureaucratic Behavior and Public Opinion,Stanford University
1560674,2016-06-15,17640,Standard Grant,"Doctoral Dissertation Research: State Power, Road Development and Internal Violence",Emory University
1602743,2016-06-15,11970,Standard Grant,Doctoral Dissertation Research: Cultural Capital and Students' Experiences in College:  The Role of Parents in Facilitating Student Success,University of Virginia Main Campus
1624317,2016-06-15,29607,Standard Grant,Doctoral Dissertation Research: How Frontline Work Identifies and Categorizes Human Trafficking,University of Kansas Center for Research Inc
1625527,2016-06-15,11399,Standard Grant,Doctoral Dissertation Research:  RATIONALES UNDERLYING AND SHAPING PLEA DECISION-MAKING,SUNY at Albany
1626726,2016-06-15,25083,Standard Grant,"Doctoral Dissertation Research:Does Restorative Justice Contribute to Human Rights and Peace? Explaining Diffusion and Evaluating Impacts Using a Multi-Method, Multi-Level Approach",University of Minnesota-Twin Cities
1629670,2016-06-17,26583,Standard Grant,Doctoral Dissertation Research in Economics: The Effect of Access on Beliefs,University of California-San Diego
1553069,2016-06-20,502569,Continuing Grant,CAREER: Enacting Cybersecurity Expertise,Cornell University
1625917,2016-06-20,197207,Standard Grant,"Collaborative Research: Communication, Cartels and Collusion",University of Rochester
1626783,2016-06-20,250060,Standard Grant,"Collaborative Research: Communication, Cartels and Collusion",Pennsylvania State Univ University Park
1627479,2016-06-20,203966,Standard Grant,"Understanding Changing Inequality within Families in the United States, 1960-2015",University of North Carolina at Charlotte
1628864,2016-06-20,250832,Standard Grant,Strategic Ability and Productive Efficiency in Electricity Markets,National Bureau of Economic Research Inc
1629055,2016-06-20,271474,Standard Grant,"Moral Hazard, Learning and Temporal Dependence: Dynamic Incentive Problems in Firms and Markets",University of Texas at Austin
1629193,2016-06-20,192882,Standard Grant,An Exploration of Behavior in Dynamic Games,University of California-Santa Barbara
1629321,2016-06-20,15803,Standard Grant,Doctoral Dissertation Research in Economics: Investigating the Impact of the Civilian Conservation Corps Program on Health and Human Capital,University of Arizona
1629613,2016-06-20,240882,Standard Grant,"Social, Behavioral, and Academic Linkages throughout the Undergraduate Experience",California Institute of Technology
1644853,2016-06-20,94960,Standard Grant,"RAPID: Assessing the Variance, Effects, and Sources of Aversion to Zika Solutions",Decision Science Research Institute
1638952,2016-06-23,74787,Standard Grant,RAPID:  Migration Waves,Yale University
1552619,2016-06-27,447802,Continuing Grant,"Power Sharing, Political Goods Provision & Post-Conflict Stability",Gettysburg College
1555639,2016-06-27,375000,Continuing Grant,Standard Research: The Collected Papers of Albert Einstein,California Institute of Technology
1558560,2016-06-27,327465,Standard Grant,Ralph Bunche Summer Institute,Duke University
1559015,2016-06-27,447930,Standard Grant,Robust Counterfactual Predictions in Neoclassical Models of International Trade,National Bureau of Economic Research Inc
1631943,2016-06-27,55000,Continuing Grant,Annual Conference of the Society for Social Studies of Science:  Travel Grants for Graduate Student Participants,Society for Social Studies of Science
1623854,2016-06-28,10303,Standard Grant,Doctoral Dissertation in Economics:   Informational Asymmetries and Auction Design: An Experiment,New York University
1624364,2016-06-28,8432,Standard Grant,Doctoral Dissertation in Economics:  Voluntary Separation in Infinitely Repeated Prisoner's Dilemma Game:  An Experiment,New York University
1628866,2016-06-28,367350,Standard Grant,Firm Dynamics and Productivity Growth During the Industrial Revolution,National Bureau of Economic Research Inc
1628217,2016-06-29,26100,Standard Grant,Doctoral Dissertation Research: Does priming honesty elicit truthful disclosures from children regarding adult wrongdoing?,Florida International University
1562503,2016-07-01,299999,Standard Grant,Research Data Centers: Kentucky Research Data Center,University of Kentucky Research Foundation
1626932,2016-07-06,243297,Standard Grant,How Social Security Administration Appeals Fare in the Federal Trial Courts,University of Georgia Research Foundation Inc
1628538,2016-07-06,111852,Standard Grant,Do Peremptory Challenges Increase Bias on Juries?,Wake Forest University
1628852,2016-07-06,244110,Standard Grant,Trade Frictions and Global Value Chains,National Bureau of Economic Research Inc
1632202,2016-07-06,221640,Standard Grant,Comparing Regional with Global Models in Atmospheric Science,Indiana University
1632471,2016-07-06,214579,Standard Grant,New Methods for Molding Models to Specific Cases to Enhance Policy Predictions,University of California-San Diego
1559504,2016-07-07,246759,Standard Grant,Estimation and Inference in Nonlinear Models with Multidimensional Heterogeneity,Trustees of Boston University
1560513,2016-07-07,18900,Standard Grant,Doctoral Dissertation Research: The Informal Foundation of Authoritarian Resilience,University of Chicago
1627432,2016-07-07,238235,Standard Grant,Air Pollution Externalities: Evidence from  U.S. Electricity Generation over the Twentieth Century,Carnegie Mellon University
1627906,2016-07-07,219723,Standard Grant,Bounded Cognition in Decision-Making,Trustees of Boston University
1628883,2016-07-07,334290,Standard Grant,"A Random Attention Model: Identification, Estimation and Testing",Regents of the University of Michigan - Ann Arbor
1629370,2016-07-07,346198,Standard Grant,Threats to Peace: Development and Conflict,New York University
1636662,2016-07-07,10050,Standard Grant,Doctoral Dissertation Research: Organizational Control and Worker Experience in Creative Industries,University of California-Los Angeles
1628146,2016-07-08,435708,Standard Grant,Psychological Distance and the Mitigation of Interpersonal Risks,University of Massachusetts Amherst
1629194,2016-07-08,239464,Standard Grant,Quasi-Experimental Study of the Effects of Homelessness Prevention,University of Notre Dame
1632546,2016-07-08,201986,Standard Grant,Conceptual Analysis of Quantum Theories:  Developing a Realistic Interpretation of the Wave Function,University of California-Davis
1632593,2016-07-08,175001,Continuing Grant,A Social and Historical Study of Interdisciplinary Collaborations between Biologists and Philosophers,Dartmouth College
1636924,2016-07-08,11981,Standard Grant,Doctoral Dissertation Research: The Role of Mental Health Labels in Stigma and Status Processes,Indiana University
1636961,2016-07-08,8820,Standard Grant,Doctoral Dissertation Research:   Tenant Screening in the Information Age: Implications for Housing Access,University of Washington
1636976,2016-07-08,11252,Standard Grant,Doctoral Dissertation Research: Challenging Autism: The Neurodiversity and Alternative Biomedical Movements,Brandeis University
1626792,2016-07-11,41158,Standard Grant,Doctoral Dissertation Research in DRMS: Collective Efficiency Building,Stanford University
1628986,2016-07-11,21125,Standard Grant,Doctoral Dissertation Research in Economics: ETFs and Arbitrage under Liquidity Mismatch,Harvard University
1632499,2016-07-11,24941,Standard Grant,Workshop: Social Facets of Data Science,California Polytechnic State University Foundation
1637129,2016-07-11,5135,Standard Grant,Doctoral Dissertation Research: Income Distribution and Redistribution in Rich Countries Under Finance-led Capital Accumulation,Johns Hopkins University
1643524,2016-07-11,145422,Standard Grant,How Scientists Shape Science-Based Environmental Assessments for Policy,Indiana University
1647505,2016-07-11,49692,Standard Grant,Qualitative Research Ethics in the Big-Data Era,Pennsylvania State Univ University Park
1632633,2016-07-12,12000,Standard Grant,Workshop:   Collaborative Research:   The Great Plains: An Environmental History,Oklahoma State University
1632659,2016-07-12,13000,Standard Grant,Workshop:  Collaborative Research:   The Great Plains: An Environmental History,University of Oklahoma Norman Campus
1647116,2016-07-12,7625,Standard Grant,RAPID: Evaluating the Top-Two Primary System,Washington University
1627660,2016-07-13,199260,Standard Grant,Three Projects in Econometric Theory,Princeton University
1636972,2016-07-14,11934,Standard Grant,Dissertation Research:  Public Service Provision and Pockets of Effectiveness,University of Wisconsin-Madison
1637182,2016-07-14,11592,Standard Grant,Doctoral Dissertation Research: Social Evaluations in Organizational Philanthropy,Northwestern University
1557082,2016-07-15,146057,Standard Grant,"Reshaping and Modeling the Criminal Justice System through Science, Technology, and Systems Analysis",Ohio University
1558205,2016-07-18,302406,Standard Grant,"Choice, Learning, and Equilibrium",Massachusetts Institute of Technology
1559225,2016-07-18,260122,Standard Grant,Collaborative Research:  Heterogeneity and Structural Duration Dependence in Macroeconomics,New York University
1559459,2016-07-18,352656,Standard Grant,Collaborative Research: Heterogeneity and Structural Duration Dependence in Macroeconomics,University of Chicago
1626825,2016-07-18,394474,Standard Grant,Computational Techniques for Studying Everyday Multiattribute Choice,University of Pennsylvania
1628911,2016-07-18,10944,Standard Grant,Doctoral Dissertation Research in Economics:  The Behavioral Determinants of Nominal Wage Rigidity,George Mason University
1628955,2016-07-18,201690,Standard Grant,"Financial Intermediary, Crises and Macroeconomic Policy",Princeton University
1632469,2016-07-18,153327,Standard Grant,"Organism, Evolution, and the Social Environment in American Philosophy",University of North Carolina at Charlotte
1625698,2016-07-19,81110,Standard Grant,Collaborative Research:  Crime Risk and Police Notification,Pennsylvania State Univ University Park
1625730,2016-07-19,85398,Standard Grant,Collaborative Research:  Crime Risk and Police Notification,"University of Maryland, College Park"
1649769,2016-07-19,15974,Standard Grant,"Science and Power, Science as Power: International Conference Travel",DePaul University
1559209,2016-07-20,317599,Standard Grant,Expectation Coordination and Agent-level Learning,University of Oregon Eugene
1625586,2016-07-20,180675,Standard Grant,Forecasting with Dynamic Panel Data Models,University of Southern California
1625703,2016-07-20,124492,Standard Grant,"School Safety, Security, and Educational Progress",Virginia Polytechnic Institute and State University
1629226,2016-07-25,457853,Standard Grant,School Choice Mechanisms,National Bureau of Economic Research Inc
1630194,2016-07-25,137396,Standard Grant,Collaborative Research: Individual and Team Behavior in Strategic Interactions,Florida State University
1630288,2016-07-25,234312,Standard Grant,Collaborative Research: Individual and Team Behavior in Strategic Interactions,"OHIO STATE UNIVERSITY, THE"
1632704,2016-07-26,94848,Standard Grant,Collaborative Research: The reticulation/activation nexus in organizations: An agent-based model and empirical test using unique data,University of Illinois at Urbana-Champaign
1632707,2016-07-26,205060,Standard Grant,Collaborative Research: The reticulation/activation nexus in organizations:  An agent-based model and empirical test using unique data,Arizona State University
1628102,2016-07-27,307722,Standard Grant,Collaborative Conference Proposal:  Support for Conferences and Mentoring of Women and Underrepresented Groups in Political Methodology,Princeton University
1628266,2016-07-27,4600,Standard Grant,Collaborative Conference Proposal:  Support for Conferences and Mentoring of Women and Underrepresented Groups in Political Methodology,University of California-Los Angeles
1635887,2016-07-27,350000,Standard Grant,"Standard: Student Learning Regarding Personal, Social and Professional Responsibility",Rensselaer Polytechnic Institute
1628477,2016-07-28,99998,Standard Grant,"Credit Markets, Evaluative Technologies, and Social Stratification",University of California-Berkeley
1632661,2016-07-28,24996,Standard Grant,"Workshop:  Cognitive Neuroscience at the Interface with the Arts, Social Sciences, and Humanities",University of California-Irvine
1600320,2016-07-29,184974,Standard Grant,RAPID:   The Effects of Civic Education and Electoral Observation on Voters During Violent Elections,University of California-Berkeley
1624048,2016-07-29,149978,Standard Grant,RAPID:  Baseline Survey of Asylum Seekers in Germany,Stanford University
1626886,2016-07-29,93281,Standard Grant,Labor Market Insecurity and Perceived Employability,University of North Carolina at Chapel Hill
1602176,2016-08-03,11753,Standard Grant,Doctoral Dissertation Research:   Understanding the Mechanisms of Peer Influence in Adopting Health Products,Stanford University
1627793,2016-08-03,19812,Standard Grant,"Doctoral Dissertation Research: Property, Law, and Markets",University of California-Irvine
1643084,2016-08-03,35243,Standard Grant,Workshop:  Using Narrative as Sociolegal Method to Advance Professional Learning and Diversity in the Academy,Ohio University
1627640,2016-08-04,72234,Standard Grant,Collaborative Research: Trade and Informality in the Presence of Labor Market Frictions,Yale University
1629124,2016-08-04,177811,Standard Grant,Collaborative Research: Trade and Informality in the Presence of Labor Market Frictions,Duke University
1627693,2016-08-08,161346,Standard Grant,The Boston Reentry Study: Analysis and Preparation of Public Use Data,Harvard University
1628915,2016-08-08,28644,Standard Grant,Doctoral Dissertation Research in DRMS: The Social Roots of Political Decision-Making,"OHIO STATE UNIVERSITY, THE"
1558486,2016-08-09,309794,Standard Grant,Quantifying the Interactions Between the Financial Sector and the Macroeconomy in China: A Structural Approach,National Bureau of Economic Research Inc
1559460,2016-08-09,24000,Standard Grant,Doctoral Dissertation Research in Economics: Reference Dependence and Option Adjustable Rate Mortgages,Columbia University
1628860,2016-08-09,244900,Standard Grant,"Retirement, Family Insurance, and Social Insurance: Evidence from the Great Depression and the Introduction of Social Security",National Bureau of Economic Research Inc
1628867,2016-08-09,364392,Standard Grant,Military and civic action programs and the development of local economy and civic institutions,National Bureau of Economic Research Inc
1629328,2016-08-09,381965,Standard Grant,Collaborative Research: Multiplexing: Theories and Tests of Interactions Between Types of Relationships,National Bureau of Economic Research Inc
1629446,2016-08-09,277996,Standard Grant,Collaborative Research: Multiplexing: Theories and Tests of Interactions Between Types of Relationships,Stanford University
1632299,2016-08-09,24999,Standard Grant,"Workshop: Responsible Innovation at the Interface between Neuroscience, Brain Research, and Technological Convergence",Arizona State University
1632300,2016-08-09,24650,Standard Grant,Workshop:  Historical and Social Scientific Perspectives on Life and its Cycles,Harvard University
1642553,2016-08-09,50000,Standard Grant,Workshop: Theory and Science of Obfuscation as a Methodology for Privacy and Security,New York University
1650057,2016-08-09,45925,Standard Grant,Workshop:   Legal Education in Crisis? Bringing Researchers and Resources Together to Generate New Scientific Insights,American Bar Foundation
1559385,2016-08-10,178000,Standard Grant,"Growth, Business Cycles, and Policy in U.S. States",University of Wisconsin-Madison
1632724,2016-08-10,87427,Standard Grant,Facilitating Access to Pavlov's Twenty Years of Objective Study of the Higher Nervous Activity of Animals,University of California-Los Angeles
1632725,2016-08-10,206486,Continuing Grant,A Laboratory Study of the Problematic Relations between Olfactory Experiences and Language,University of California-San Diego
1655388,2016-08-10,48124,Standard Grant,Positive Research Integrity,University of Notre Dame
1560587,2016-08-11,18894,Standard Grant,Doctoral Dissertation Research: The Political Economy of Extractive Industries Conflicts,New York University
1560659,2016-08-11,18497,Standard Grant,Doctoral Dissertation:  The Political Effects of Rule-Based Social  Policies,Harvard University
1628179,2016-08-11,25169,Standard Grant,"Doctoral Dissertation Research:  Legal Regulation, Memory, and Cultural Heritage",Johns Hopkins University
1632023,2016-08-12,389572,Standard Grant,Modeling and Detection of Learning in Cognitive Diagnosis,University of Illinois at Urbana-Champaign
1649415,2016-08-12,149029,Standard Grant,"ETHICS OF DATA AGGREGATION: PRIVACY, TRUST, AND FAIRNESS",George Washington University
1555701,2016-08-15,249932,Standard Grant,Family Court Decisions About Child Custody in the Context of Intimate Partner Violence,University of Illinois at Urbana-Champaign
1559407,2016-08-15,264010,Standard Grant,Analyzing non-stationary and unbalanced growth economic models,Santa Clara University
1561566,2016-08-15,15105,Standard Grant,RAPID: American's Perceptions of China,Duke University
1623801,2016-08-15,254393,Standard Grant,Mortgage Design in an Equilibrium Model of the Housing Market,Trustees of Boston University
1625440,2016-08-15,6609,Standard Grant,Doctoral Dissertation Research:   Seeking Redress and Producing Justice in Diverse Forums,Regents of the University of Michigan - Ann Arbor
1627971,2016-08-15,645168,Standard Grant,Choosing to learn: Investigating the factors that drive preschoolers' exploration,Rutgers University Newark
1628874,2016-08-15,274680,Standard Grant,The International Price System: Macro and Micro Evidence,National Bureau of Economic Research Inc
1628879,2016-08-15,433484,Standard Grant,The Distributional Impact of Price Changes over the Business Cycle,National Bureau of Economic Research Inc
1631963,2016-08-15,255000,Standard Grant,New Methods for Bayesian Quantile Regression Modeling,University of California-Santa Cruz
1631994,2016-08-15,16000,Standard Grant,Doctoral Dissertation Research:  The Impact of Working Memory on Response Order Effects and Question Order Effects in Telephone and Web Surveys,University of Nebraska-Lincoln
1632015,2016-08-15,15988,Standard Grant,Doctoral Dissertation Research:   Gaze Patterns During Video-mediated Interviews,The New School
1632604,2016-08-15,271808,Standard Grant,Standard Grant: Genetic Counselors and the Ethics of Translating Genomic Science,Research Foundation Of The City University Of New York (Lehman)
1632655,2016-08-15,28000,Standard Grant,Collaborative Research: Responsible Innovation with Genetically Modified American Chestnut Trees,SUNY College of Environmental Science and Forestry
1632670,2016-08-15,291974,Standard Grant,Collaborative Research: Responsible Innovation with Genetically Modified American Chestnut Trees,North Carolina State University
1637205,2016-08-15,199999,Standard Grant,"Appealing to the Authority of Data: Social Complexity, Fragmented Decisionmaking, and the Politics of Smart Cities",Virginia Polytechnic Institute and State University
1560294,2016-08-16,1000000,Continuing Grant,Partial Support for the Core Activities of the Committee on National Statistics,National Academy of Sciences
1549983,2016-08-17,99772,Standard Grant,"Standard Grant: Geoengineering, Political Legitimacy and Justice",University of Washington
1624370,2016-08-17,205831,Continuing Grant,SBP: A Cross-National Experimental Study of Attitudes about Women in Government and Leadership.,Texas A&M University
1628498,2016-08-17,148817,Continuing Grant,The Origins and Consequences of Spatial Inequality.,College of William and Mary
1642226,2016-08-17,72459,Continuing Grant,Postdoctoral Research:Science and the Permitting Process for Resource Extraction,University of Vermont & State Agricultural College
1625273,2016-08-18,231491,Standard Grant,Collective Efficacy and Norm Violation:  An Experimental Test,University of Washington
1627358,2016-08-18,182984,Continuing Grant,Collaborative Research: Legislative Audiences and Dear Colleague Letters,"OHIO STATE UNIVERSITY, THE"
1627413,2016-08-18,76357,Standard Grant,Collaborative Research: Using the Web to Study Congressional Campaigns and Representation,Oberlin College
1627422,2016-08-18,123721,Continuing Grant,Collaborative Research: Legislative Audiences and Dear Colleague Letters,Trustees of Boston University
1627431,2016-08-18,52437,Standard Grant,Collaborative Research: Using Web Data to Study Congressional Campaigns and Representation,High Point University
1628813,2016-08-18,150000,Standard Grant,Dynamics of High School Course Enrollment,University of California-Berkeley
1624750,2016-08-22,139934,Standard Grant,The importance of confidence in predicting labor market outcomes,"OHIO STATE UNIVERSITY, THE"
1631970,2016-08-22,225000,Standard Grant,Improving Probabilistic Record Linkage and Subsequent Inference,Carnegie Mellon University
1636585,2016-08-22,250095,Continuing Grant,CAREER:Numeracy and Risk Literacy,University of Oklahoma Norman Campus
1651060,2016-08-22,33312,Standard Grant,RAPID: Collaborative Research: Employees' Response to OPM Data Breaches: Decision Making in the Context of Anxiety and Fatigue,University of Texas at San Antonio
1555155,2016-08-23,460975,Standard Grant,CAREER:Interdealer Networks and the Distribution of Credit Risk,Columbia University
1559446,2016-08-23,428000,Standard Grant,Financial Intermediaries in a Modern Economy:  Risk Taking and Liquidity Provision,Stanford University
1624943,2016-08-23,295791,Standard Grant,Testing the Impact of Race on Jury Evaluations of Informants,University of California-Irvine
1632417,2016-08-23,450000,Continuing Grant,"Shaping Environment for Creativity and Innovation: A Multilevel Examination of Industry Conditions, Leadership, HRM Systems, Teams and Individuals in Established and Start-up Firms","University of Maryland, College Park"
1626889,2016-08-24,197906,Standard Grant,Collaborative Research: Parent-Teacher Organizations and the Distribution of Learning Opportunities,University of Georgia Research Foundation Inc
1626891,2016-08-24,175442,Standard Grant,Collaborative Research: Parent-Teacher Organizations Distribution of Learning Opportunities,University of North Carolina at Chapel Hill
1636668,2016-08-24,44285,Standard Grant,RIDIR: Collaborative Research: DAPPR: Diffusion Analytics for Public Policy Research,George Mason University
1636695,2016-08-24,89379,Standard Grant,RIDIR: Collaborative Research: DAPPR: Diffusion Analytics for Public Policy Research,Saint Louis University
1637067,2016-08-24,188369,Standard Grant,RIDIR: Collaborative Research: DAPPR: Diffusion Analytics for Public Policy Research,University of Pittsburgh
1637082,2016-08-24,89686,Standard Grant,RIDIR: Collaborative Research: DAPPR: Diffusion Analytics for Public Policy Research,University of Notre Dame
1637089,2016-08-24,142425,Standard Grant,RIDIR: Collaborative Research: DAPPR: Diffusion Analytics for Public Policy Research,Pennsylvania State Univ University Park
1637095,2016-08-24,202820,Standard Grant,RIDIR: Collaborative Research: DAPPR: Diffusion Analytics for Public Policy Research,University of Iowa
1637104,2016-08-24,50618,Standard Grant,RIDIR: Collaborative Research: DAPPR: Diffusion Analytics for Public Policy Research,West Virginia University Research Corporation
1618212,2016-08-29,497918,Standard Grant,SBE: Small: THE NEW SECURITY CALCULUS: Incentivizing Good User Security Behavior,SUNY at Albany
1630036,2016-08-29,406163,Standard Grant,The effects of intertemporal and interpersonal distance on choice,SUNY at Stony Brook
1559177,2016-08-30,289561,Continuing Grant,Collaborative Research: Political Connections and Firm Behavior,George Mason University
1559197,2016-08-30,140439,Continuing Grant,Collaborative Research: Political Connections and Firm Behavior,University of Wisconsin-Madison
1560730,2016-08-30,198200,Standard Grant,Collaborative Research:  Summer Training Program to Broaden Participation in Graduate Education in Economics,Western Michigan University
1560846,2016-08-30,2075528,Standard Grant,Collaborative Research:  Summer Training Program to Broaden Participation in Graduate Education in Economics,Michigan State University
1627497,2016-08-30,181055,Standard Grant,Collaborative Research: Market Power and Resource Allocation,Duke University
1628881,2016-08-30,142559,Standard Grant,Collaborative Research: Market Power and Resource Allocation,National Bureau of Economic Research Inc
1628893,2016-08-30,125262,Standard Grant,Collaborative Research: Market power and resource allocation,University of California-Los Angeles
1629060,2016-08-30,403036,Standard Grant,Bilateral Bargaining through the Lens of Big Data,National Bureau of Economic Research Inc
1629422,2016-08-30,157590,Standard Grant,Neighborhood Demand Estimation and Ex-Ante Policy Evaluation,University of Wisconsin-Madison
1630263,2016-08-30,126374,Standard Grant,Collaborative Research: Smooth National Measurement of Public Opinion Across Boundaries and Levels: A View From the Bayesian Spatial Approach,Washington University
1630265,2016-08-30,123616,Standard Grant,Collaborative Research: Smooth National Measurement of Public Opinion Across Boundaries and Levels: A View From the Bayesian Spatial Approach,University of Georgia Research Foundation Inc
1632058,2016-08-30,25000,Standard Grant,Explaining Ethnic Peace,University of Kentucky Research Foundation
1632660,2016-08-30,179400,Standard Grant,Scholars Award: The Co-production of Knowledge by Reproductive Justice Advocates and Molecular Biologists,Emory University
1637007,2016-08-30,115375,Standard Grant,EAGER: Collaborative Research: mHABIT - Towards Building a Living Lab for mHealth Analytical and Behavioral Research using Internet of Things,Carnegie Mellon University
1637254,2016-08-30,115376,Standard Grant,EAGER: Collaborative Research: mHABIT - Towards Building a Living Lab for mHealth Analytical and Behavioral Research using Internet of Things,New York University
1619201,2016-08-31,499923,Standard Grant,SBE: Small: Continuous Human-User Authentication by Induced Procedural Visual-Motor Biometrics,Iowa State University
1624093,2016-08-31,43152,Standard Grant,SBP: Gender Representation in Political Science Graduate Training,Iowa State University
1624120,2016-08-31,52278,Standard Grant,SBP: Gender Representation in Political Science Graduate Training,University of California-Irvine
1628878,2016-08-31,199260,Standard Grant,Collaborative Research: Honest Inference and Efficiency Bounds for Nonparametric Regression and Approximate Moment Condition Models,Princeton University
1628889,2016-08-31,238700,Standard Grant,Cross-Validation for High-Dimensional and Nonparametric Models in Econometrics,University of California-Los Angeles
1628939,2016-08-31,202154,Standard Grant,Collaborative Research: Honest Inference and Efficiency Bounds for Nonparametric Regression and Approximate Moment Condition Models,Yale University
1634202,2016-08-31,336058,Standard Grant,CCE STEM: Standard: Collaborative Research:  The Development of Ethical Cultures in Computer Security Research,University of Washington
1634509,2016-08-31,163768,Standard Grant,CCE STEM: Standard: Collaborative: The Development of Ethical Cultures in Computer Security Research,"University of Maryland, College Park"
1529586,2016-09-01,159991,Standard Grant,"Collaborative Research: Good Booms, Bad Booms",University of Pennsylvania
1530209,2016-09-01,162450,Standard Grant,"Collaborative Research: Good Booms, Bad Booms",Yale University
1547054,2016-09-01,89655,Standard Grant,EAGER: CeMENT as a Networking Experiment,University of Kansas Center for Research Inc
1561854,2016-09-01,265000,Standard Grant,Slicing the Pie: Quantifying the Aggregate and Distributional Effects of Trade,University of California-Berkeley
1618153,2016-09-01,256141,Standard Grant,TWC SBE: Small: Helping Teens and Parents Negotiate Online Privacy and Safety,Carnegie Mellon University
1619108,2016-09-01,140000,Standard Grant,SBE: Small: Protecting Privacy in Cyberspace: From Neuroscience Investigations to Behavioral Interventions,Temple University
1626023,2016-09-01,95671,Standard Grant,Collaborative Research: The Embeddedness of Indirect and Generalized Reciprocity,"OHIO STATE UNIVERSITY, THE"
1626056,2016-09-01,170055,Standard Grant,Collaborative Research: The Embeddedness of Indirect and Generalized Reciprocity,University of South Carolina at Columbia
1636349,2016-09-01,317913,Standard Grant,Collaborative Research: Standard: Institutional Cultures of Ethical Practice in University-Based Engineering-for-Development Programs,University of Colorado at Boulder
1636383,2016-09-01,64751,Standard Grant,Collaborative Research: Standard: Institutional Cultures of Ethical Practice in University-Based Engineering-for-Development Programs,University of Washington
1644757,2016-09-01,46664,Standard Grant,Workshop: Qualitative Transparency Deliberations Working Groups,Duke University
1650397,2016-09-01,14369,Standard Grant,RAPID: Emotional and Cognitive Responses to Political Messages,Arizona State University
1615696,2016-09-06,299932,Standard Grant,TWC SBE: Small: Identifying Malicious Insiders through Mouse Cursor Movements,University of Arizona
1616804,2016-09-06,350386,Standard Grant,SBE: Small: Technological Con-Artistry: An Analysis of Social Engineering,Kansas State University
1618803,2016-09-06,344184,Standard Grant,"SBE: Small: Cybersecurity risks of dynamic, two-way distributed electricity markets",Syracuse University
1626123,2016-09-06,155285,Standard Grant,Collaborative Research:  Enhancing  Public Access:  Archiving Court Cases to   Study Genocide and Transitional Justice,"OHIO STATE UNIVERSITY, THE"
1626753,2016-09-06,88594,Standard Grant,Collaborative Research:  Enhancing  Public Access:  Archiving Court Cases to   Study Genocide and Transitional Justice,University of Minnesota-Twin Cities
1635661,2016-09-06,335800,Standard Grant,Standard Proposal: Building a Culture of Responsible Research and Practice in STEM,Illinois Institute of Technology
1639524,2016-09-06,2698207,Continuing Grant,"INFEWS/T3: Social-ecological-technological solutions to waste reuse in food, energy, and water systems (ReFEWS)",Regents of the University of Idaho
1627079,2016-09-07,72789,Standard Grant,"Collaborative Research:  Violence, Non-Violence and the Effects of Human Rights Laws",George Washington University
1627271,2016-09-07,67362,Standard Grant,"Collaborative Research:  Violence, Non-Violence and the Effects of Human Rights Laws",University of Washington
1628895,2016-09-07,514527,Standard Grant,The Transmission from Households to the Real Economy: Evidence from Mortgage and Consumer Credit Markets,National Bureau of Economic Research Inc
1637277,2016-09-07,238399,Standard Grant,EAGER:   A Sensor Cloud-based Community-Centric Approach for Analyzing and Mitigating Urban Heat Hazards,University of Georgia Research Foundation Inc
1650013,2016-09-07,266053,Standard Grant,Broadening Participation in Economics,Michigan State University
1564293,2016-09-08,889150,Standard Grant,SBE: Medium: User-Centric Design of a Sonification System for Automatically Alarming Security Threats and Impact,Texas Tech University
1627433,2016-09-08,127858,Standard Grant,RUI:   Can Brief Social Interactions Undermine System Variable Protections Against False Eyewitness Identifications?,Bates College
1628141,2016-09-08,321088,Standard Grant,United States Participation in the 2016-17 World Values Survey,Regents of the University of Michigan - Ann Arbor
1635656,2016-09-08,399980,Standard Grant,Educating Young Researchers in Environment Ethics,Columbia University
1649960,2016-09-09,175522,Standard Grant,HBCU:  EAGER:  Racial Biases and Physiological Responses,Jackson State University
1617301,2016-09-12,178441,Standard Grant,SBE TWC: Small: Collaborative: Pocket Security - Smartphone Cybercrime in the Wild,"University of Maryland, College Park"
1619084,2016-09-12,309297,Standard Grant,SBE TWC: Small: Collaborative: Pocket Security - Smartphone Cybercrime in the Wild,Fraunhofer Center for Experimental Software Engineering
1649192,2016-09-12,299931,Standard Grant,NSF INCLUDES: A Networked Improvement Community for Broadening the Participation of Black and Latino Youth in Computational Careers,New York Hall of Science
1649289,2016-09-12,299956,Standard Grant,"NSF INCLUDES: A Program Designed to Recruit, Retain, and Train Hispanic Women in STEM Disciplines",Randolph-Macon College
1649298,2016-09-12,299972,Standard Grant,NSF INCLUDES: A Community Centered Approach to Improving STEM Pathways for Underrepresented Students,University of Illinois at Chicago
1632556,2016-09-13,120000,Fellowship Award,Postdoctoral Fellowship:   A Clinical Ethnography of Pediatric Medicine,University of Oregon Eugene
1650589,2016-09-13,970270,Standard Grant,INSPIRE: Value-Function Handoffs in Human-Machine Compositions that are under Design for the Internet of Things,University of California-Berkeley
1625808,2016-09-14,276041,Standard Grant,Perceptions of Trust and Procedural Justice as Sources of Receptivity and Resistance to Video Surveillance,University of Nevada Las Vegas
1628636,2016-09-14,986787,Continuing Grant,Qualitative Data Repository 2016-2018,Syracuse University
1629317,2016-09-14,335859,Standard Grant,The Effect of Mobility and Transport on Labor Market Outcomes,Duke University
1559013,2016-09-15,410000,Standard Grant,"NBER Summer Institute, 2016-2018",National Bureau of Economic Research Inc
1561070,2016-09-15,214347,Standard Grant,Clarifying the Functional Form of the Personality-Performance Relationship Using More Appropriate Measurement,University of Georgia Research Foundation Inc
1627769,2016-09-15,424583,Continuing Grant,Collaborative Research: Time-Sharing Experiments for the Social Sciences (TESS),Stanford University
1628057,2016-09-15,2611285,Standard Grant,Collaborative Research: Time-Sharing Experiments for the Social Sciences (TESS),Northwestern University
1635554,2016-09-15,599720,Standard Grant,Institutional Transformation: The Role of Service Learning and Community Engagement on the Ethical Development of STEM Students and Campus Culture,Georgia Tech Research Corporation
1650213,2016-09-15,40000,Interagency Agreement,Workshop: Research Informing the Policy and Practice Forum on the Sentinel Events Initiative,Department of Justice
1637124,2016-09-16,154547,Standard Grant,"RIDIR: Collaborative Research: Portal to Data and Analysis Tools (P->DAT):  Enabling Data-Intensive Research in the Urban Sciences on Linked, Large-Scale Records",Northeastern University
1637136,2016-09-16,530036,Standard Grant,"RIDIR: Collaborative Research: Portal to Data and Analysis Tools (P->DAT):  Enabling Data-Intensive Research in the Urban Sciences on Linked, Large-Scale Records",Harvard University
1654085,2016-09-16,299905,Standard Grant,Privacy Research and Data Responsibility Research Coordination Network,FPF Education and Innovation Foundation
1660333,2016-09-16,41542,Standard Grant,RAPID: Collaborative Research: Collaborative Multi-Racial Post-Election Survey (CMPS),Auburn University
1660342,2016-09-16,53193,Standard Grant,RAPID:  Collaborative Research: Collaborative Multi-Racial Post-Election Survey (CMPS),University of Kentucky Research Foundation
1626775,2016-09-19,190137,Continuing Grant,Collaborative Research: Sub-national Analysis of Repression Project,Arizona State University
1627101,2016-09-19,161352,Continuing Grant,Collaborative Research: Sub-national Analysis of Repression Project,University of Georgia Research Foundation Inc
1627464,2016-09-19,140660,Continuing Grant,Collaborative Research: Sub-national Analysis of Repression Project,Regents of the University of Michigan - Ann Arbor
1632596,2016-09-19,90468,Fellowship Award,"A Study of the Social, Ethical, and Policy Implications of Neuropsychological Research on Implicit Bias",University of Pennsylvania
1661659,2016-10-20,46050,Standard Grant,An Ethnographic Study of Social Justice Issues in Community Synthetic Biology Labs,University of California-Davis
1700856,2016-10-26,7679,Continuing Grant,Variation in Use of Courts by Legal Status and Jurisdiction,Vanderbilt University
1701898,2016-11-02,103587,Standard Grant,Detection and Impact of Industrial Subsidies: the Case of World Shipbuilding,Harvard University
1659998,2016-11-03,614760,Standard Grant,BIGDATA: Multi-level predictive analytics & motif discovery across massive dynamic spatio-temporal networks in complex socio-technical systems: An organizational genetics approach,Case Western Reserve University
1712787,2016-11-08,338164,Continuing Grant,Social and Cultural Influence on the Neurobiology of Adolescent Risk Taking,University of North Carolina at Chapel Hill
1700688,2016-11-15,211504,Standard Grant,Research Coordination Network:  Fostering Cross-Disciplinary Research on Energy Development,"OHIO STATE UNIVERSITY, THE"
1663882,2016-11-17,195683,Standard Grant,SEES Fellows: Interacting Effects of Public Policy and Cash Crop Expansion on Forest Conservation,Cornell University
1659128,2016-11-18,56732,Standard Grant,RAPID: The Prevalence and Causes of Conspiracy Beliefs about Disease Outbreaks,Dartmouth College
1660496,2016-11-18,193614,Standard Grant,"RAPID:Institutional Design, Policy Conflict, and Sustainable Governance: Measuring Public Support for Consent-Based Nuclear Waste Facility Siting in the US",University of Oklahoma Norman Campus
1657544,2016-11-21,50560,Standard Grant,RAPID: Behavioral response toward mosquito-vectored disease risk: A normative-perceptual analysis contrasting West Nile virus and Zika across socioeconomic and ethnic populations.,Colorado State University
1708480,2016-11-28,209519,Standard Grant,SEES Fellows: Interdisciplinary Research on Introducing Heat-Tolerant Wheat to Bolster Food Security,Regents of the University of Michigan - Ann Arbor
1713752,2016-11-30,139934,Standard Grant,The importance of confidence in predicting labor market outcomes,Harvard University
1655605,2016-12-15,15424,Standard Grant,Doctoral Dissertation Research: A Portrayal of the Pedagogy and Practice of Field Schools in American Anthropology as Anthropological Laboratories,Massachusetts Institute of Technology
1655753,2016-12-15,14257,Standard Grant,Doctoral Dissertation Research: The Practice of Registering Indian Citizens Using Biometric Information,Cornell University
1656187,2016-12-15,11957,Standard Grant,Doctoral Dissertation Research: Volcanoes and Lakes in the Science and Culture of the Spanish Empire,Pennsylvania State Univ University Park
1719195,2016-12-15,12000,Standard Grant,Workshop:   Collaborative Research:   The Great Plains: An Environmental History,University of Missouri-Kansas City
1655089,2016-12-19,14352,Standard Grant,"Doctoral Dissertation Research: Mathematics, Aesthetics, and Modernism in America",Massachusetts Institute of Technology
1656227,2017-01-18,33540,Standard Grant,Workshop:  Translation and Encoding for the Making and Knowing Project,Columbia University
1654982,2017-01-23,166757,Standard Grant,Scholars Award: Explaining Cognition Mechanistically,University of Missouri-Saint Louis
1654645,2017-01-24,354839,Standard Grant,Organizational Constructions of a New Right,Regents of the University of Michigan - Ann Arbor
1655281,2017-01-24,219734,Standard Grant,Testing the Social Construction of Rights and Media Coverage in an Age of Judicialization,Texas Woman's University
1656096,2017-01-24,27467,Standard Grant,Workshop: Ethical Issues in Citizen Science Research,University of North Carolina at Charlotte
1658608,2017-01-24,690551,Continuing Grant,"Psychosocial, Motivational, and Cooperative Effects of Communication, Enforcement, and Participatory Decision Making in Resource Dilemmas",University of Louisville Research Foundation Inc
1658796,2017-01-24,134442,Standard Grant,Labor Market Dynamics During the 1940s,University of California-San Diego
1658804,2017-01-25,499561,Continuing Grant,Understanding and correcting misperceptions of energy use,Indiana University
1654944,2017-01-26,196515,Standard Grant,"Standard Grant: Textiles, Technology, and the Return of Manufacturing in the United States",Franklin W. Olin College of Engineering
1654990,2017-01-26,92860,Standard Grant,"Standard Grant: Fingerprinting in Twentieth Century China from Racial, Political and Scientific Perspectives",Rutgers University Newark
1655839,2017-01-26,188400,Standard Grant,"Postdoctoral Fellowship: The Changing Interface between Data, Theories and Communities in Neuroimaging Research",Stanford University
1658075,2017-01-26,23465,Standard Grant,Doctoral Dissertation Research in DRMS: Revealing the attitude strength attributes underlying trust in risk managers,Cornell University
1658827,2017-01-26,18240,Standard Grant,Doctoral Dissertation Research in Economics: Urban Transit Infrastructure and the Growth of Cities,Columbia University
1655060,2017-01-27,15857,Standard Grant,Doctoral Dissertation Research: A Multi-Method Comparative Study of Uber Drivers,Massachusetts Institute of Technology
1654827,2017-01-30,166658,Standard Grant,Collaborative Research: The Impact of Face-to-Face and Remote Interviewing,Montclair State University
1654828,2017-01-30,145095,Standard Grant,Collaborative Research: The Impact of Face-to-Face and Remote Interviewing,Central Michigan University
1656284,2017-01-30,399187,Continuing Grant,RCN: Developing an Integrative Approach to Computational and Digital History and Philosophy of Science,Arizona State University
1658685,2017-02-01,15915,Standard Grant,Doctoral Dissertation Research in DRMS: On the Evaluation of Beliefs: A Method for Assessing Credibility in Subjective Probability Judgment,University of Pennsylvania
1720206,2017-02-08,197906,Standard Grant,Collaborative Research: Parent-Teacher Organizations and the Distribution of Learning Opportunities,Purdue University
1656239,2017-02-09,12359,Standard Grant,Doctoral Dissertation Research: A Sociological Study of the Use of Body Worn Cameras in Police Departments in Colorado,University of Colorado at Denver-Downtown Campus
1654234,2017-02-13,417150,Continuing Grant,CAREER:  Robust Econometric Inference,National Bureau of Economic Research Inc
1658837,2017-02-13,655376,Continuing Grant,Similarity as a process model of intertemporal choice,University of Nebraska-Lincoln
1724735,2017-02-14,299927,Standard Grant,"EAGER: Piloting a multi-campus training program in algorithmic processes, data analytics and mobile computing for sociolegal scholars",University of California-Irvine
1656229,2017-02-16,17830,Standard Grant,Doctoral Dissertation Research: A Study of the Transnational Surrogacy Industry,University of Southern California
1658749,2017-02-16,14975,Standard Grant,Doctoral Dissertation Research in Economics: Investigating the Economic Consequences of Atmospheric Nuclear Testing,University of Arizona
1658852,2017-02-16,362625,Standard Grant,Investing in Human Capital Production: Evidence from India,National Bureau of Economic Research Inc
1646990,2017-02-17,17981,Standard Grant,"Doctoral Dissertation Research: Exit Power, Coalition Negotiations, and Multiparty Governance",Regents of the University of Michigan - Ann Arbor
1654832,2017-02-17,12158,Standard Grant,Doctoral Dissertation Research:  The History of Film and Video in Child Psychiatric Research,Princeton University
1655192,2017-02-17,25390,Standard Grant,Workshop: Energy Democracy Across Rhetoric and STS,University of Utah
1655884,2017-02-17,16567,Standard Grant,Doctoral Dissertation Improvement Grant: Adaptive Epistemologies of Scientific Practice and Environmental Restoration,Regents of the University of Idaho
1655930,2017-02-17,15896,Standard Grant,"Doctoral Dissertation Research: Modernization, Health, and Development in the Global Cold War",Johns Hopkins University
1656207,2017-02-17,15570,Standard Grant,"Doctoral Dissertation Grant:   An Enthnography of Biomedicines, Bodies, and Pharmaceuticals",Cornell University
1656224,2017-02-17,15446,Standard Grant,Doctoral Dissertation Grant: An Ethnography of Chronic Disease Risk and Pre-Diabetes,Columbia University
1656235,2017-02-17,15400,Standard Grant,Doctoral Dissertation Research in Economics: Pay for non-instrumental information: an experimental study,"OHIO STATE UNIVERSITY, THE"
1658556,2017-02-17,19384,Standard Grant,"Doctoral Dissertation Research in Economics: Missing Commitment: Uncertainty, Flexibility and Relationships",University of California-San Diego
1654719,2017-02-21,471024,Continuing Grant,"CAREER: Understanding Economic Growth: Firms, Inventors, and Ideas",University of Chicago
1658743,2017-02-21,247191,Continuing Grant,Using Field Experiments and Naturally Occurring Data to Understand How State Policies Impact Charitable Giving,"Georgia State University Research Foundation, Inc."
1658931,2017-02-21,362540,Continuing Grant,Does Poverty Lower Productivity?,National Bureau of Economic Research Inc
1724725,2017-02-21,182754,Standard Grant,SBE: Small: Collaborative: Modeling Insider Threat Behavior in Financial Institutions: Large Scale Data Analysis,University of Texas at San Antonio
1655013,2017-02-24,132027,Standard Grant,Standard Grant: Evolving Narratives of Developmental Disabilities in Postwar Clinical Professions,Creighton University
1655038,2017-02-24,180088,Standard Grant,Standard Grant: An Ethnography of Pathways to Interdisciplinary Knowledge Integration at Two Environmental Science Sites in Brazil,University of Oregon Eugene
1656189,2017-02-24,15510,Standard Grant,Doctoral Dissertation Grant:  A Historical and Ethnographic Inquiry of Media Creation and Reconstruction,Cornell University
1658037,2017-02-24,376650,Standard Grant,The Effect of SNAP Receipt on Household Behavior and Well-being: Evidence and Economic Interpretation,National Bureau of Economic Research Inc
1658801,2017-02-24,125289,Standard Grant,"Cliometrics Conferences for 2018, 2019, and 2020",Rutgers University New Brunswick
1660582,2017-02-24,212969,Continuing Grant,Male Champions for Gender Inclusive Organizations,Villanova University
1644313,2017-02-27,78952,Standard Grant,Federal Statistics Fellowship Program,American Statistical Association
1647203,2017-02-27,18900,Standard Grant,Doctoral Dissertation Research: Racial Change and Political Identity Formation,Cornell University
1656023,2017-02-27,172027,Standard Grant,Scholars Award:  An Ethnography of an Emerging Technological Community,University of Virginia Main Campus
1719248,2017-02-27,86665,Standard Grant,Directional Differentiability in Econometrics,University of California-Los Angeles
1658770,2017-02-28,247200,Standard Grant,Structural Changes in High Dimensional Factor Models,Columbia University
1658950,2017-03-02,174271,Standard Grant,Numerical Bootstrap and Constrained Estimation,Stanford University
1654054,2017-03-06,466662,Continuing Grant,CAREER: Detecting Patterned Profiles for Functional and Dysfunctional Teamwork,Clemson University
1654517,2017-03-06,417150,Continuing Grant,"CAREER: Taxes and Innovation: Optimal Taxation and the Effects of Taxes on Entrepreneurs, Inventors, and Firms' Innovation",National Bureau of Economic Research Inc
1655322,2017-03-08,140186,Standard Grant,Collaborative Grant: Maintaining Diversity in the US High-Tech Sector,University of New Mexico
1655366,2017-03-08,76969,Standard Grant,Collaborative Grant: Maintaining Diversity in the US High-Tech Sector,University of Texas at Dallas
1632572,2017-03-09,133538,Standard Grant,The Co-Production of Water Pollution Control Policies and Socio-Technical Systems at the Urban-Agricultural Interface,Drevno                  Ann            G
1632601,2017-03-09,76519,Standard Grant,Scholars Award: Industrial Patronage and the Cold War University,Martin                  Joseph         D
1653917,2017-03-09,444584,Continuing Grant,CAREER: Global Capital Flows,National Bureau of Economic Research Inc
1654559,2017-03-09,30251,Standard Grant,Collaborative Research: Judicial Diversity and Appellate Decision Making,Brigham Young University
1654614,2017-03-09,76659,Standard Grant,Collaborative Research: Judicial Diversity and Appellate Decision Making,University of North Carolina at Charlotte
1654697,2017-03-09,33107,Standard Grant,Collaborative Research: Judicial Diversity and Appellate Decision Making,University of Georgia Research Foundation Inc
1655159,2017-03-09,105707,Standard Grant,Collaborative Research: Judicial Diversity and Appellate Decision Making,University of Louisville Research Foundation Inc
1658853,2017-03-10,17136,Standard Grant,Doctoral Dissertation Research in Economics: Are moderate laws more effective than extreme ones in changing unfair customs?,Brown University
1701177,2017-03-10,10740,Standard Grant,Doctoral Dissertation Research:  Community Revitalization and Race Relations in Northwest Detroit,Princeton University
1701595,2017-03-10,11996,Standard Grant,"Doctoral Dissertation Research: Migration, Social Mobility, and Self-Employment",University of North Carolina at Chapel Hill
1702171,2017-03-10,11917,Standard Grant,Doctoral Dissertation Research: The Impact of Stress and Instability on the Resilience and Well-Being of Children with Autism,University of Colorado at Boulder
1702683,2017-03-10,11954,Standard Grant,"Doctoral Dissertation Research: Organizational, Community, and State Regulatory Characteristics Influence on Venting and Flaring Rates of Texas Gas Wells.",Texas A&M University
1702765,2017-03-10,9397,Standard Grant,Doctoral Dissertation Research:  The Neighborhood-School Link in Gentrifying Areas,University of Southern California
1702803,2017-03-10,12000,Standard Grant,"Doctoral Dissertation Research:  Refugee Adaptation in the United States, Canada, and Italy",Princeton University
1702995,2017-03-10,11981,Standard Grant,Doctoral Dissertation Research:   The Transition to College Experience of Low-Income Students,Harvard University
1721745,2017-03-10,16576,Standard Grant,Travel Grant: Sociolegal Studies and Weather Events,Virginia Polytechnic Institute and State University
1701312,2017-03-15,12000,Standard Grant,Doctoral Dissertation Resarch:  Women's College Completion Rates and the Value of Higher Education,Stanford University
1702643,2017-03-15,12000,Standard Grant,Dissertation Research: Social Support and physical and cognitive functioning of older adults in assisted living facilities.,University of Houston
1655459,2017-03-20,48090,Standard Grant,Collaborative Research:  An Experimental Test of the Impacts of Transparency by Government,University of California-Santa Barbara
1655513,2017-03-20,77189,Standard Grant,Collaborative Research: An Experimental Test of the Impacts of Transparency by Government,Brigham Young University
1632716,2017-03-21,146965,Standard Grant,"Fluid Systems, Biologies, and Digital Activisms: The Open Source Data Movement Among Type 1 Diabetics (T1D)",Gottlieb                Samantha       D
1656146,2017-03-21,67240,Standard Grant,Scholars Award: Bringing to Light a Court Case over the Teaching of Evolution in American Schools that Preceded the Scopes Trial,SHAPIRO                 ADAM
1738297,2017-03-21,91980,Standard Grant,CAREER:  Leadership for Virtual Organizational Effectiveness,Northwestern University
1646966,2017-03-23,22397,Standard Grant,Doctoral Dissertation Research: Responses to Islamist Political Violence and the Moderates' Dilemma,Stanford University
1647296,2017-03-23,23250,Standard Grant,Doctoral Dissertation Research: Candidate Race and Vote Choice,University of California-San Diego
1647512,2017-03-23,16934,Standard Grant,Doctoral Dissertation Research: Legislator Attention and Democratic Political Development,University of California-San Diego
1658940,2017-03-23,267862,Continuing Grant,"Talk, Noise, and Silence in Networks: Obstacles to Information Sharing",National Bureau of Economic Research Inc
1659328,2017-03-23,215000,Standard Grant,"Cognitive Diagnosis Models: Identifiability, Estimation, and Applications",Regents of the University of Michigan - Ann Arbor
1659334,2017-03-23,229997,Standard Grant,Nonlinear Factor and Latent Variable Models,Brown University
1702743,2017-03-23,11403,Standard Grant,"Doctoral Dissertation Research: Managing Cultural Change:  Women Navigating Purdah and Security at the Borders of Disease, Deviance, and Transportation",University of Virginia Main Campus
1702829,2017-03-23,12000,Standard Grant,Doctoral Dissertation Research: The Social Roots of Implicit Racial Bias,University of California-Berkeley
1702914,2017-03-23,11955,Standard Grant,"Doctoral Dissertation Research: Market concentration, skill segregation, and rising wage inequality",Harvard University
1724829,2017-03-24,19113,Standard Grant,A Study of Knowledge Flow and Recurring Costly Infrastructure Failures,Cohen                   Julie          M
1649068,2017-03-27,99999,Standard Grant,RAPID: Mapping the Western Foreign Fighter Crisis,Brandeis University
1658942,2017-03-27,300078,Continuing Grant,"Market Linkages, Trade Costs and Technology Adoption in the Agricultural Sector",University of California-Santa Cruz
1647186,2017-03-28,21623,Standard Grant,Doctoral Dissertation Research: When Descriptive Representatives' Faces Don't Match Their Races: Inconsistent Attributes and Evaluations of Multiracial Officials,University of California-Riverside
1657860,2017-03-28,154017,Standard Grant,"Parenting, Raising Children, and Rising Debt",University of California-Irvine
1660570,2017-03-28,370399,Continuing Grant,The Impact of Network Relational Characteristics on Emerging Small Manufacturing Organizations' Development and Linkages,Colorado State University
1665386,2017-03-28,52299,Standard Grant,Access to the Gig Economy: Infrastructural Competence and the Participation of Underrepresented Populations,Syracuse University
1702837,2017-03-29,12000,Standard Grant,"Doctoral Dissertation Research: Immigration, Mixed-Status Families, Risk Management and Vulnerability",University of Kansas Center for Research Inc
1703120,2017-03-29,12000,Standard Grant,Doctoral Dissertation Research: Climate Change Denial and the Politics of Coastal Restoration in Southern Louisiana,University of Kansas Center for Research Inc
1647391,2017-03-30,18900,Standard Grant,"Doctoral Dissertation Research:  Cross-National Research on Protest, Social Policy, and Political Regimes",Princeton University
1647425,2017-03-30,23775,Standard Grant,Doctoral Dissertation Research: Deceptive Self-Signals - Activating Political Identity to Affirm a Positive Self-Image,New York University
1647438,2017-03-30,16374,Standard Grant,Doctoral Dissertation Research: Legitimizing the State or a Grievance?,Columbia University
1701625,2017-03-30,11804,Standard Grant,Doctoral Dissertation Research: The Social World of Homeless Youth in Mexico City.,University of Chicago
1702959,2017-03-30,11999,Standard Grant,Doctoral Dissertation Research: Social Interaction Barriers and Mental Health among Older Adults with Physical Disabilities.,University of Nebraska-Lincoln
1703056,2017-03-30,11145,Standard Grant,Doctoral Dissertation Research: Organizational Emergence in the Era of Racial Risk:  The Black Guerilla Family and the Aryan Brotherhood in California,Northwestern University
1656130,2017-04-03,226364,Standard Grant,"Scholars Award: A History of Hunger: Agricultural Science, State, and Modernization",Pennsylvania State Univ University Park
1658832,2017-04-03,284000,Continuing Grant,Pairwise Matching Models in Economics,University of Wisconsin-Madison
1658952,2017-04-03,316300,Continuing Grant,"Experimental Studies of Time Inconsistent Preferences for Risk, Fairness, and Charitable Giving",University of California-San Diego
1738231,2017-04-03,65323,Continuing Grant,The effects on families and communities of reintegrating migrant youth,California State University-Long Beach Foundation
1647450,2017-04-05,23618,Standard Grant,Doctoral Dissertation Research: Sectarianism Without Borders:  Big Data and Experimental Analyses of Transnational Sunni-Shia Conflict,New York University
1656276,2017-04-05,49999,Standard Grant,"Workshop: Exploring New Horizons in STS Research at the Intersection of Science, Technology, Law, and Governance",Arizona State University
1646988,2017-04-06,18900,Standard Grant,Doctoral Dissertation Research: The Politics of Skin Color,Regents of the University of Michigan - Ann Arbor
1647191,2017-04-06,23250,Standard Grant,Doctoral Dissertation Research:  Rising to the Challenge: Political Responses to Threat and Opportunity Messages,Regents of the University of Michigan - Ann Arbor
1647325,2017-04-06,18540,Standard Grant,Doctoral Dissertation Research: Identifying Individuals' Causal Effects (Peer Effects) on Participation in Collective Action,Harvard University
1647365,2017-04-06,18240,Standard Grant,Doctoral Dissertation Research: Being Black Isn't Enough - How Variation in Black Political Leadership affects Black Mass Political Behavior,"University of Maryland, College Park"
1647493,2017-04-06,18900,Standard Grant,Doctoral Dissertation Research: The Politics of Status in International Development,Columbia University
1647503,2017-04-06,13659,Standard Grant,Doctoral Dissertation Research: American Mayors: How Voters Choose and How Mayors Shape Policy,Columbia University
1652431,2017-04-06,449985,Continuing Grant,CAREER: Scalable Record Linkage through the Microclustering Property,Duke University
1655792,2017-04-06,376702,Standard Grant,Presidents' Legislative Preferences,University of California-San Diego
1658675,2017-04-06,191151,Continuing Grant,Behind contingent cash transfer: Using violations of the Fungibility Principle to increase incentives effectiveness in behavior change,University of California-San Diego
1715197,2017-04-06,70323,Standard Grant,RAPID: Building Community Resilience: Understanding Homeowner Response to Extreme Events,University of Notre Dame
1647122,2017-04-10,18775,Standard Grant,Doctoral Dissertation Research: The Role of Goods Distribution for Authoritarian Stability in Ethnically-Divided Developing Countries,George Washington University
1658728,2017-04-10,118658,Continuing Grant,Collaborative Research: Understanding the productivity of the world's most numerous firms: evidence from surveys and satellites,Stanford University
1658740,2017-04-10,125000,Continuing Grant,Collaborative Research: Understanding the productivity of the world's most numerous firms: evidence from surveys and satellites,Tufts University
1737753,2017-04-11,312357,Standard Grant,Measuring Substitution Patterns and Firm Conduct in Differentiated Product Industries,National Bureau of Economic Research Inc
1658888,2017-04-12,209634,Continuing Grant,Collaborative Research: Market Based Emissions Policies,University of Colorado at Boulder
1658929,2017-04-12,335769,Continuing Grant,Collaborative Research: Market Based Emissions Policies,Columbia University
1702955,2017-04-12,9561,Standard Grant,"Doctoral Dissertation Research: Anger, Self, and Society Following Brain Injury",Rutgers University New Brunswick
1653099,2017-04-13,400377,Standard Grant,CAREER: Geographic and Temporal Homicide Dynamics 1870-2003,University of Notre Dame
1655011,2017-04-13,279280,Standard Grant,Measuring the Objectivity and Bias of Experts,Arizona State University
1658170,2017-04-13,172179,Standard Grant,Transitional Justice and the Quality of Political Representation:  Testing the Empirical Implications of a Formal Model,University of Chicago
1658960,2017-04-13,351581,Standard Grant,Collaborative Research: Escaping the boom-bust cycle: Identifying sustainable governance strategies for shale-dependent communities,Arizona State University
1658962,2017-04-13,208677,Standard Grant,Escaping the boom-bust cycle: Identifying sustainable governance strategies for shale-dependent communities,University of California-Davis
1659935,2017-04-13,410000,Continuing Grant,Methods for Investigating Causal Mechanisms in Multi-Site Experimental and Quasi-Experimental Studies,University of Chicago
1647457,2017-04-14,18900,Standard Grant,Doctoral Dissertation Research: The Political Determinants of Economic Exchange,Columbia University
1655265,2017-04-14,306932,Standard Grant,The Accuracy of Eyewitness Identification in Lineups,CUNY John Jay College of Criminal Justice
1658816,2017-04-14,42675,Standard Grant,"Doctoral Dissertation Research in DRMS: Fractioning Choice under Temptation: Can ""Attribute Distortion"" be the missing link in the Temptation-Choice tandem?",Texas A&M AgriLife Extension Service
1664544,2017-04-14,300000,Standard Grant,Research Data Centers: Dallas-Fort Worth,University of Texas at Dallas
1656085,2017-04-17,49858,Standard Grant,Inclusion in Engineering - Workshop,Georgia Tech Research Corporation
1659921,2017-04-17,200000,Standard Grant,Collaborative Research: Bayesian Approaches for Inference on Brain Connectivity,University of California-Irvine
1659925,2017-04-17,230000,Standard Grant,Collaborative Research: Bayesian Approaches for Inference on Brain Connectivity,William Marsh Rice University
1702919,2017-04-17,55201,Standard Grant,Doctoral Dissertation Research: Crackdowns and Innovative Adaptations in the Digital Age of Drug Trade,Boston College
1656095,2017-04-18,48215,Standard Grant,Workshop:  Fostering Collaboration between Sociolegal Studies and Science and Technology Studies,Drexel University
1647357,2017-04-20,17766,Standard Grant,Doctoral Dissertation Research:   Making Democracy Work for Women: Gender Gaps in Political Participation and Representation,Columbia University
1658043,2017-04-20,405818,Continuing Grant,Violent Non-State Rivalry and Organizational Behavior,University of North Carolina at Charlotte
1702915,2017-04-20,11998,Standard Grant,Doctoral Dissertation Research:  Emergence and Persistence of Labor Market Dualism,Johns Hopkins University
1629287,2017-04-21,581312,Continuing Grant,"Estimating the Net Benefits of Environmental, Public Health and Safety Regulations",Decision Science Research Institute
1656205,2017-04-26,285000,Continuing Grant,"Nine Societies Travel Grants for Students, Independent Scholars, and Recent PhDs",History of Science Society
1724634,2017-04-26,109732,Standard Grant,Relative Pay Comparisons in the Workplace: Field Evidence on Effort and Labor Supply,National Bureau of Economic Research Inc
1624346,2017-04-27,42515,Standard Grant,Political Instability and Language Endangerment,University of North Texas
1656871,2017-04-27,23790,Standard Grant,Doctoral Dissertation Research: Cooperative Economic Projects and Peacebuilding,University of Illinois at Urbana-Champaign
1658758,2017-04-27,341391,Standard Grant,SBP: Collaborative Research: Gender Discrimination in Hiring for STEM Graduates,Texas A&M University
1658760,2017-04-27,126678,Standard Grant,SBP: Collaborative Research: Gender Discrimination in Hiring for STEM Graduates,National Bureau of Economic Research Inc
1658924,2017-04-27,270026,Continuing Grant,Testing for Labor Rationing: Revealed Preference Estimates from Demand Shocks,National Bureau of Economic Research Inc
1658937,2017-04-27,279974,Continuing Grant,A Supply Side Rationale for Wage Floors: Evidence on Worker Collusion,National Bureau of Economic Research Inc
1659839,2017-04-27,26968,Standard Grant,Collaborative Research: Measuring Apparent Race and Ethnicity with Applications to the Study of Discrimination,University of California-Davis
1659870,2017-04-27,25293,Standard Grant,Collaborative Research: Measuring Apparent Race and Ethnicity with Applications to the Study of Discrimination,University of California-San Diego
1659922,2017-04-27,344775,Standard Grant,Collaborative Research: Measuring Apparent Race and Ethnicity with Applications to the Study of Discrimination,University of California-Berkeley
1665067,2017-05-01,11869,Standard Grant,Doctoral Dissertation Research: Punishment and Work in the US Prison System,University of Arizona
1701304,2017-05-01,12000,Standard Grant,Doctoral Dissertation Research:  The Cultural Meaning of Entrepreneurship,Stanford University
1701995,2017-05-01,11973,Standard Grant,Doctoral Dissertation Research: Paying for College and Uncertainty,University of Arizona
1702306,2017-05-01,11964,Standard Grant,Doctoral Dissertation Research: The Ecological Patterning and Effects of Child Care Markets,Brown University
1702385,2017-05-01,11822,Standard Grant,"Doctoral Dissertation Research: Junior Police Youth, Labeling, and Social Control in School",Indiana University
1702602,2017-05-01,11718,Standard Grant,Doctoral Dissertation Research: Standardizing Persecution Narratives in US Asylum Adjudications,Northwestern University
1702606,2017-05-01,11996,Standard Grant,Doctoral Dissertation Research: Nation-Making and the Politics of Difference,Brown University
1702651,2017-05-01,11786,Standard Grant,"Doctoral Dissertation Research: Race, Achievement and Trust in Student-Teacher Relationships",Columbia University
1739148,2017-05-01,11445,Standard Grant,Travel Grant to Gender Summit,Stanford University
1657872,2017-05-02,213552,Continuing Grant,Collaborative Research: Further Strengthening Qualitative Research Through Methodological Innovation and Integration: Media Coverage of Social Movements,University of California-Irvine
1658508,2017-05-02,163940,Continuing Grant,Collaborative Research: Further Strengthening Qualitative Research Through Methodological Innovation and Integration: Media Coverage of Social Movements,University of North Carolina at Chapel Hill
1702450,2017-05-02,7173,Standard Grant,Doctoral Dissertation Research: The Intersection of Race and Region,University of Tennessee Knoxville
1702988,2017-05-02,3024,Standard Grant,Doctoral Dissertation Research: The Application of Humanistic and Social Knowledge to Medicine,University of California-San Diego
1654934,2017-05-03,118367,Standard Grant,Judicial Independence and Interbranch Conflict in the American States,Board of Trustees of Illinois State University
1702979,2017-05-03,11940,Standard Grant,Doctoral Dissertation Research: The Legacies of Vagrancy Law in Contemporary Homelessness Regulation.,Florida International University
1658168,2017-05-04,323070,Continuing Grant,Labor Market Outcomes for Asian Men and Women in the United States,Indiana University
1658353,2017-05-04,302120,Standard Grant,Linking Violence and Migration and Individual and Household Safety and Well-being,University of Wisconsin-Madison
1702672,2017-05-04,11996,Standard Grant,Doctoral Dissertation Research: Minority Population Experiences of Healthcare,University of Texas at Austin
1701639,2017-05-08,11932,Standard Grant,Doctoral Dissertation Research:  Gender Inequality and Couples? Income Organizational Strategies,"University of Maryland, College Park"
1658249,2017-05-09,128232,Standard Grant,Interventions against domestic violence by grassroots women,Michigan State University
1654882,2017-05-11,218954,Standard Grant,"Supreme Court Polarization and Its Effects on Judicial Decision Making, the Media, and Institutional Legitimacy",George Washington University
1657700,2017-05-11,157600,Standard Grant,Analyzing NGO Communications to Understand Contestation and Collaboration with Governments Across Human Rights Issues,Michigan State University
1702232,2017-05-11,11801,Standard Grant,Doctoral Dissertation Research:  Uprisings and Political Outcomes in the MENA Region,University of California-Irvine
1702667,2017-05-12,11334,Standard Grant,Doctoral Dissertation Research: The Emergence of Disciplinary Networks,University of Notre Dame
1724738,2017-05-12,9450,Standard Grant,"Workshop: Building Interdisciplinary Approaches to the Study of Immigrants, Immigration, and Border Enforcement",University of California-Davis
1729837,2017-05-17,23287,Standard Grant,Doctoral Dissertation Research in DRMS: Integrating Managerial Insight and Optimal Algorithms,University of Texas at Dallas
1730079,2017-05-17,28373,Standard Grant,Doctoral Dissertation Research in DRMS: Where Does Innovation Come From? Exploring the Dynamic Processes of Organizing and Managing Social Entrepreneurship and Innovation,Northwestern University
1742798,2017-05-18,49999,Standard Grant,Workshop Proposal: Russian Elite Attitudes Toward Conflict and the West,Hamilton College
1713766,2017-05-19,41635,Standard Grant,Collaborative Research: Robust and Reliable Research Workshop Proposal: Rethinking Comparison in the Social Sciences,University of Wisconsin-Madison
1713769,2017-05-19,8309,Standard Grant,Collaborative Research: Robust and Reliable Research Workshop Proposal: Rethinking Comparison in the Social Sciences,CUNY City College
1738396,2017-05-22,12000,Standard Grant,"Doctoral Dissertation Research: Men and Care Work Jobs, Evidence from Two Cohorts","University of Maryland, College Park"
1738696,2017-05-22,12000,Standard Grant,Doctoral Dissertation Research: Intergenerational Transmission of Status in New Immigrant Families,Columbia University
1738399,2017-05-23,11938,Standard Grant,Doctoral Dissertation Research: College and Community Cultures and Upwardly-Mobile  of Mexican-Origin Students,University of California-Irvine
1741918,2017-05-25,11840,Standard Grant,Doctoral Dissertation Research: Unaccompanied Homeless Adolescents in New York City,Harvard University
1743846,2017-05-25,31364,Standard Grant,"RAPID:  Emotion Regulation, Attitudes, and the Consequences for Political Behavior in a Polarized Political Environment",University of New Mexico
1743847,2017-05-25,168397,Standard Grant,"RAPID:  Emotion Regulation, Attitudes, and the Consequences for Political Behavior in a Polarized Political Environment",University of North Carolina at Charlotte
1738561,2017-05-30,11975,Standard Grant,"Doctoral Dissertation Research: Intra-regional agreements, migrants, and the state",University of California-Los Angeles
1738730,2017-05-30,11565,Standard Grant,Doctoral Dissertation Research: Low-income Adults and the Federal and Faith-Based Healthcare Safety Net,Duke University
1738877,2017-05-30,12000,Standard Grant,Doctoral Dissertation Research: Maintaining Sovereignty in Refugee Receiving States,University of California-San Diego
1734239,2017-06-06,25100,Standard Grant,Workshop: Engaging the Global Flux of Technoscientific Developments and Regulatory Responses,Arizona State University
1734613,2017-06-06,26637,Standard Grant,Conference: Archival Innovations for Preserving the History of Space Exploration,Texas A&M University
1738709,2017-06-06,5519,Standard Grant,Doctoral Dissertation Research: Muslim Pan-ethnic Identity and Political Engagement across European Countries,Indiana University
1702788,2017-06-07,11967,Standard Grant,Doctoral Dissertation Research:   Collective Cognition and Group Performance,University of Chicago
1707239,2017-06-07,49189,Standard Grant,"Workshop on Polarized Polities:  Causes, Consequences and Solutions","Georgia State University Research Foundation, Inc."
1727458,2017-06-08,9350,Standard Grant,Election Sciences Workshop,Reed College
1727461,2017-06-08,40433,Standard Grant,Election Sciences Workshop,Portland State University
1655878,2017-06-09,260514,Continuing Grant,"Status Cues, Status Biases, and Interaction",University of North Carolina at Charlotte
1738687,2017-06-09,7750,Standard Grant,Doctoral Dissertation Research: The Social Re-Discovery of Per- and Polyfluoroalkyl Substances,Northeastern University
1658838,2017-06-13,192951,Continuing Grant,Collaborative Research: A Unified Approach to Spatial Economics,National Bureau of Economic Research Inc
1658875,2017-06-13,190503,Continuing Grant,Collaborative Research: A Unified Approach to Spatial Economics,Yale University
1730078,2017-06-13,139734,Continuing Grant,Collaborative Research: Accounting for the Rise in College Tuition,Indiana University
1730121,2017-06-13,111079,Continuing Grant,Collaborative Research: Accounting for the Rise in College Tuition,University of Missouri-Columbia
1658712,2017-06-14,363534,Continuing Grant,Collaborative Research: Impacts of social context and ecology on strategic decisions in dynamic interactions,"University of Texas, M.D. Anderson Cancer Center"
1658867,2017-06-14,415292,Continuing Grant,Collaborative Research: Impacts of social context and ecology on strategic decisions in dynamic interactions,"Georgia State University Research Foundation, Inc."
1658877,2017-06-14,113971,Continuing Grant,"Collaborative Research: RUI: Corporate Law, Finance, and Productivity in Historical Perspective",Middlebury College
1658887,2017-06-14,110266,Continuing Grant,"Collaborative Research: RUI: Corporate Law, Finance, and Productivity in Historical Perspective",Williams College
1658954,2017-06-14,251917,Continuing Grant,Collaborative Research:  Impacts of social context and ecology on strategic decisions in dynamic interactions.,Chapman University
1733990,2017-06-14,427690,Continuing Grant,Dynamic Risk Perception and Action in Response to Forest Insect Disturbance in North-Central Colorado,University of Missouri-Columbia
1734051,2017-06-14,496164,Continuing Grant,RUI: What happens when payments stop? Collective resource management under the rise and fall of payment for environmental services,Seattle University
1725530,2017-06-15,26009,Standard Grant,Doctoral Dissertation Research in DRMS:  Donation appeals for conservation - the influence of moral worldviews and moral foundations,Oregon State University
1729185,2017-06-15,385001,Continuing Grant,Global Family Change,University of Pennsylvania
1734596,2017-06-15,313653,Continuing Grant,Standard Grant: The Role of Craft Skill in Scientific Practice,Columbia University
1734616,2017-06-15,210060,Standard Grant,Scholars Award: What Ought the Public Understand about Science?,Bucknell University
1734618,2017-06-15,297339,Continuing Grant,Standard Grant: Reconstructing Nuclear Environments and the Downwinders Case,Oregon State University
1740951,2017-06-15,117144,Standard Grant,Economic and Psychological Origins of Health Capital Accumulation,College of William and Mary
1653686,2017-06-19,417150,Continuing Grant,CAREER:  Market Imperfections and the Welfare Measurement of Government Intervention,National Bureau of Economic Research Inc
1659936,2017-06-19,350000,Standard Grant,Standardized Goodness of Fit Assessment and Power Computations in Structural Equation Models,University of South Carolina at Columbia
1728780,2017-06-19,137228,Standard Grant,The Determinants State-Level Immigration Law in New Immigrant Destinations,University of Notre Dame
1729090,2017-06-19,250290,Continuing Grant,Empirical Analysis of Resource Allocation Problems,National Bureau of Economic Research Inc
1729280,2017-06-19,163770,Continuing Grant,Econometric Methods for Models with Covariate Adaptive Randomization and Partial Identification,Duke University
1729396,2017-06-19,333847,Continuing Grant,Legal Status and the Social and Emotional Well-Being of Young Adult Immigrants,University of South Florida
1656123,2017-06-20,236385,Continuing Grant,Shrinkage for Vector Autoregressions and Impulse Response Estimation,University of Wisconsin-Madison
1659776,2017-06-20,16000,Standard Grant,Doctoral Dissertation Research: Memory Bookmarking: An Approach to Improve Recall in Surveys,Regents of the University of Michigan - Ann Arbor
1728236,2017-06-20,82256,Standard Grant,"Collaborative Research: Forgiveness, Revenge, and Social Status in Groups","University of Maryland, College Park"
1728889,2017-06-20,104898,Standard Grant,"Collaborative Research: Forgiveness, Revenge, and Social Status in Groups",Indiana University
1730399,2017-06-20,12544,Standard Grant,Doctoral Dissertation Research in Economics: Attention and Beliefs in Games: an Experiment,Columbia University
1738706,2017-06-20,11465,Standard Grant,Doctoral Dissertation Research: The Processes and Politics of Trust at Work,University of Virginia Main Campus
1743044,2017-06-20,49960,Standard Grant,RR: Workshop on Promoting Robust and Reliable Research Practice in Science of Organizations,University of Florida
1647364,2017-06-21,8190,Standard Grant,Doctoral Dissertation Research:  Reducing Religious Extremism Via Elite Persuasion,Columbia University
1727590,2017-06-21,12927,Standard Grant,"Doctoral Dissertation Research:   Old Rights, New Movements: Collective Rights and the Contemporary US Labor Movement",Regents of the University of Michigan - Ann Arbor
1729822,2017-06-22,18978,Standard Grant,Doctoral Dissertation Research in Economics: Experimental Evidence on Individual Labor Supply Decisions,National Bureau of Economic Research Inc
1729077,2017-06-23,17615,Standard Grant,Doctoral Dissertation Research: The People and Process of Federal Criminal Cases,University of Georgia Research Foundation Inc
1730503,2017-06-23,15950,Standard Grant,"Doctoral Dissertation Research in DRMS: Dynamic crisis communication, rumor combating and decision making analysis of misinformed social media users during disasters",SUNY at Buffalo
1658613,2017-06-27,48886,Standard Grant,"Collaborative Research: New Applications of Dynamic Games with Asymmetric Information: Mergers, Capacity Discipline and Price Rigidity",Purdue University
1658670,2017-06-27,220951,Standard Grant,"Collaborative Research: New Applications of Dynamic Games with Asymmetric Information: Mergers, Capacity Discipline and Price Rigidity","University of Maryland, College Park"
1656313,2017-06-28,226125,Continuing Grant,Robust Inference in Econometrics,Yale University
1727491,2017-06-28,466790,Continuing Grant,Explaining Variation in University Responses to New Legal Mandates in an Uncertain Legal Environment,Regents of the University of Michigan - Ann Arbor
1729469,2017-06-28,149887,Standard Grant,Families of High Net Worth: Challenges and Opportunities,University of Pennsylvania
1729891,2017-06-28,235000,Standard Grant,Race- and Class-Based Discrimination in the U.S. Labor Market,University of Southern California
1729908,2017-06-28,365502,Continuing Grant,Greek Refugees: The Socioeconomic Consequences of the 1923 Population Exchange between Greece and Turkey,National Bureau of Economic Research Inc
1730466,2017-06-28,217000,Standard Grant,Empirical Studies of Financial Incentives in Publicly Provided Health Care,National Bureau of Economic Research Inc
1734294,2017-06-28,329342,Continuing Grant,Collaborative Research: A Comparative Diagnosis of Policy Conflicts: Examining Unconventional Oil and Gas Development across the United States,"OHIO STATE UNIVERSITY, THE"
1734310,2017-06-28,319476,Continuing Grant,Collaborative Research:  A Comparative Diagnosis of Policy Conflicts: Examining Unconventional Oil and Gas Development across the United States,University of Colorado at Denver-Downtown Campus
1734521,2017-06-28,556650,Standard Grant,Standard Grant: Ethical Algorithms in Autonomous Vehicles,University of Massachusetts Lowell
1655497,2017-06-29,429580,Continuing Grant,Law and Social Science Fellowship and Mentoring Program on Law & Inequality,American Bar Foundation
1729412,2017-06-29,130046,Standard Grant,Digital News and the Consumption of Information Online,University of Pennsylvania
1729784,2017-06-29,164835,Continuing Grant,Collaborative Research: Career Success in Government Bureaucracy: Evidence from Individual-Level Data,University of Southern California
1729806,2017-06-29,414520,Continuing Grant,Collaborative Research: Career Success in Government Bureaucracy: Evidence from Individual-Level Data,National Bureau of Economic Research Inc
1730611,2017-06-29,400200,Standard Grant,Attention Influences Emotional Judgment and Decision Making,University of Colorado at Boulder
1734137,2017-06-29,399038,Continuing Grant,Commonly Experienced Sleep Restriction and Behavior in Strategic Social Interactions,Appalachian State University
1734236,2017-06-29,185153,Continuing Grant,Postdoctoral Fellowship: Exploring Ideas of Cooperation in the Biological Sciences During the Interwar Period,Arizona State University
1660749,2017-07-05,101186,Standard Grant,Collaborative Research: Role of Intellectual Capital in predicting outcomes of Entrepreneurial and Mature Firms,George Washington University
1660755,2017-07-05,147181,Standard Grant,Collaborative Research: Role of Intellectual Capital in Predicting Outcomes of Entrepreneurial Firms,"University of Maryland, College Park"
1728240,2017-07-05,25200,Standard Grant,Doctoral Dissertation Research: Mobilizing human rights frames,New York University
1728549,2017-07-05,25200,Standard Grant,Doctoral Dissertation Research: Situating the Effects of Public US Environmental Policy Making,University of California-Irvine
1728749,2017-07-05,31000,Standard Grant,"Doctoral Dissertation: Criminal Offenders, Access to Resources, and Recidivism",Michigan State University
1728975,2017-07-05,31000,Standard Grant,Doctoral Dissertation Research: Measuring Legal Quality on the U.S. Supreme Court,Michigan State University
1729539,2017-07-05,24583,Standard Grant,Doctoral Dissertation Research: Pricing Suffering in Compensation for Human Rights Violations,University of Virginia Main Campus
1729688,2017-07-05,25200,Standard Grant,Doctoral Dissertation Research: Creating a Sense of Obligation: Legal Mobilization for Socioeconomic Rights,Cornell University
1728928,2017-07-06,19160,Standard Grant,Doctoral Dissertation Research: Diversity and Judicial Legitimacy in State Courts,University of Pittsburgh
1747589,2017-07-06,110328,Continuing Grant,Workshop: Support for Conferences and Mentoring of Underrepresented Groups in Political Methodology,University of California-Los Angeles
1730546,2017-07-07,300000,Standard Grant,Illinois Wellness Study: A Field Experiment on Participation Incentives and Selection into Workplace Wellness Programs,National Bureau of Economic Research Inc
1730651,2017-07-10,499352,Standard Grant,Broadening participation in Economics through professional mentoring,The University of Texas Rio Grande Valley
1733899,2017-07-10,68750,Standard Grant,A Longitudinal Study of Gender Stratification in Science and Engineering,Massachusetts Institute of Technology
1734500,2017-07-11,217387,Standard Grant,American Women Engineers from the Baby Boom Generation,Clarkson University
1734567,2017-07-11,204558,Standard Grant,Modeling the Emergence of Outliers in Entrepreneurship,Ohio University
1730483,2017-07-12,276000,Standard Grant,Coordination and Information Design,Northwestern University
1748433,2017-07-12,86977,Standard Grant,EAGER: Applied Econometrics Laboratory and Summer Economics Research Program,Morehouse College
1724747,2017-07-13,283000,Standard Grant,"Communication, Beliefs, and Revenue Bounds",University of Chicago
1729067,2017-07-13,310975,Standard Grant,Online Criminal Drug Networks,"OHIO STATE UNIVERSITY, THE"
1733595,2017-07-13,373597,Standard Grant,"The interplay of emotion, cognitive, and authority factors in the legal socialization model",University of New Hampshire
1734503,2017-07-13,199951,Standard Grant,Consumer product valuation and interorganizational collaboration and innovation in small manufacturing,University of Illinois at Chicago
1742666,2017-07-13,49974,Standard Grant,"Workshop:  Addressing Technology and Skills Gaps in Adulthood Transitions: Challenges and Opportunities at the Human-Technology Frontier; September, 2018: University of Arkansas",University of Arkansas
1744626,2017-07-13,54188,Standard Grant,"A Changing Electoral Politics in Western Democracies: Comparing the 2017 British Election to France, Germany, the United States, and Southern Europe within the Comparative National","OHIO STATE UNIVERSITY, THE"
1730210,2017-07-14,300000,Standard Grant,Carnegie-NYU-Rochester Conference on Public Policy,New York University
1747941,2017-07-14,45000,Standard Grant,A Workshop for Broadening Participation in the Economics Profession:  Proposal Writing and Grants Management,Georgia Tech Research Corporation
1655251,2017-07-17,99980,Standard Grant,Postdoctoral Fellow with an Interdisciplinary Approach to Law and Society,Tulane University
1729115,2017-07-18,76957,Standard Grant,Collaborative Research: Socioeconomic Inequalities in Technology Use and Health Lifestyles among Children and Youth.,Regents of the University of Michigan - Ann Arbor
1729463,2017-07-18,159792,Standard Grant,Collaborative Research: Inequalities in Technology Use and Health Lifestyles of Children and Adults,University of Colorado at Boulder
1712344,2017-07-19,75000,Standard Grant,Rapid:  Democratization or De-democratization,University of Florida
1724550,2017-07-19,203148,Standard Grant,Collaborative Research:   Attention in Games and Decisions,New York University
1724623,2017-07-19,198817,Standard Grant,Collaborative Research:   Attention in Games and Decisions,University of South Florida
1730636,2017-07-19,443678,Standard Grant,Operationalizing Pseudo-Market Mechanisms: School Choice and Shared Office Allocation,William Marsh Rice University
1735467,2017-07-19,16853,Standard Grant,SFI Workshop:  Modeling dynamics of violent radicalization in Western democracies,Santa Fe Institute
1625064,2017-07-23,118553,Standard Grant,Process Matters:  Legislative Procedure in the United Nations General Assembly,University of California - Merced
1657851,2017-07-23,48654,Standard Grant,WORKSHOP:   Behavioral Models of Politics,Duke University
1658913,2017-07-24,104480,Standard Grant,Collaborative Research: Dimension Reduction Methods for Estimating Economic Models with Panel Data,Massachusetts Institute of Technology
1658920,2017-07-24,210735,Standard Grant,Collaborative Research:  Dimension Reduction Methods for Estimating Economic Models with Panel Data,University of Chicago
1727969,2017-07-24,174292,Standard Grant,Collaborative Research: How Military Service and benefits Shapes STEM Career Trajectories,University of Nebraska-Lincoln
1728044,2017-07-24,54308,Standard Grant,Collaborative Research: How Military Service Shapes STEM Trajectories,University of Alabama in Huntsville
1728558,2017-07-24,88248,Continuing Grant,Collaborative Research: Mass Media and Representative Democracy,University of Texas at Austin
1728792,2017-07-24,151051,Continuing Grant,Collaborative Research: Mass Media and Representative Democracy,Regents of the University of Michigan - Ann Arbor
1729815,2017-07-24,399383,Standard Grant,"Fleeting Decisions and Risks in Pedestrian Road-Crossing Behavior: Building Insight with Next-Generation Data, Models, and Platforms",New York University
1730063,2017-07-24,261105,Standard Grant,Bargaining and Network Formation: Equilibrium Medical Provider Networks in Health Care Markets,Harvard University
1728056,2017-07-25,438270,Standard Grant,"Rules based policies, and Intelligence in Strategic Behavior",University of Minnesota-Twin Cities
1728923,2017-07-25,272350,Standard Grant,Strategies of Morality,Michigan State University
1733546,2017-07-25,500000,Standard Grant,Novel Methods for Incorporating Sample Design in Bayesian Inference,Regents of the University of Michigan - Ann Arbor
1733572,2017-07-25,430000,Standard Grant,Innovations in Statistical Methodology for Complex Surveys,Iowa State University
1733705,2017-07-25,319949,Standard Grant,Neighborhoods in Space-Time Contexts,Arizona State University
1734134,2017-07-25,392840,Continuing Grant,A Person-Centric Prediction Model of Job Loss based on Social Media,University of Florida
1734431,2017-07-25,212736,Continuing Grant,Standard Grant: Internet Infrastructure and Connectivity in Rural Regions of the USA,University of California-Berkeley
1723861,2017-07-26,124865,Standard Grant,Refugee and European Cities Panel,University of California-Santa Barbara
1660650,2017-07-27,294291,Standard Grant,THE COGNITIVE EMBEDDEDNESS OF COMPETITION AND ENTREPRENEURIAL PERFORMANCE IN THE NEW YORK CITY RESTAURANT INDUSTRY,New York University
1727645,2017-07-27,45903,Standard Grant,"Workshop:   Women of Color in Political Science 2017; August, 2017; San Francisco, CA",Menlo College
1733924,2017-07-27,178341,Continuing Grant,Ecological Identity and Solid Waste Governance,Rowan University
1734683,2017-07-27,422199,Standard Grant,RR Standard: Reproducibility and the Scientific Crisis,University of California-Los Angeles
1737157,2017-07-27,588561,Standard Grant,Institutional Transformation: Enhancing IUPUI STEM Curriculum through the Community-Engaged Learning and Ethical Reflection Framework (I-CELER),Indiana University
1656301,2017-07-28,35475,Standard Grant,Collaborative:   Workshop:   The Organization of Rebellion- Understanding Rebel Group Governance and Legitimacy,"University of Maryland, College Park"
1656398,2017-07-28,12282,Standard Grant,Collaborative: Workshop; The Organization of Rebellion- Understanding Rebel Group Governance and Legitimacy,Indiana University
1725219,2017-07-28,195291,Standard Grant,Collaborative Research:  Estimating the Technology of Skill Formation and Maternal Well-Being,University of Rochester
1725270,2017-07-28,92559,Standard Grant,Collaborative Research:   Estimating the Technology of Skill Formation and Maternal Well-Being,University of Georgia Research Foundation Inc
1729334,2017-07-28,21231,Standard Grant,Doctoral Dissertation Research: The Distributive Properties of the Bureaucracy,Columbia University
1745604,2017-07-28,134148,Standard Grant,"Collaborative Research:  DCL:  HBCU EAGER Network effects, competition and survival of small and minority owned firms in public procurement",Langston University
1745605,2017-07-28,76141,Standard Grant,"Collaborative Research:  DCL:  HBCU EAGER Network effects, competition and survival of small and minority owned firms in public procurement",University of Oklahoma Norman Campus
1728818,2017-07-31,158012,Standard Grant,Police Investigator Decision Making in High Profile Cases,George Mason University
1729138,2017-07-31,92787,Standard Grant,"Collaborative Research:  What Do Leaders Want?: Collecting and Coding Issue Positions and Demands in the Militarized Interstate Dispute (MID) Data, 1816-2010",Clemson University
1729300,2017-07-31,249225,Standard Grant,"Collaborative Research:  What Do Leaders Want?: Collecting and Coding Issue Positions and Demands in the Militarized Interstate Dispute (MID) Data, 1816-2010",University of Alabama Tuscaloosa
1730024,2017-07-31,123225,Standard Grant,Fiscal Incentives and Firm Growth,Duke University
1733957,2017-07-31,141109,Standard Grant,COLLABORATIVE RESEARCH:  Jurors' Use of Scientific Information,University of Nebraska-Lincoln
1733961,2017-07-31,131178,Standard Grant,COLLABORATIVE RESEARCH:  Jurors' Use of Scientific Information,Arizona State University
1744065,2017-07-31,259976,Standard Grant,EAGER:  Collaborative Research:  A Benchmark Data Linkage Repository (DLRep),Regents of the University of Michigan - Ann Arbor
1744071,2017-07-31,39928,Standard Grant,EAGER:  Collaborative Research:  A Benchmark Data Linkage Repository (DLRep),The Texas A&M University System HSC
1744299,2017-07-31,86130,Standard Grant,Workshop: Facilitating Empirical Studies of Judicial Behavior on Constitutional Courts from a Comparative Perspective,Texas A&M University
1655068,2017-08-01,174915,Standard Grant,Collaborative Research: State Variation in Mass Incarceration Reforms,University of Missouri-Saint Louis
1655382,2017-08-01,242274,Standard Grant,Collaborative Research: State Variation in Mass Incarceration Reforms,Northwestern University
1729518,2017-08-01,14859,Standard Grant,Doctoral Dissertation Research:   Evaluating Models of Rehabilitation and Probation in the Criminal Justice System,University of Nebraska-Lincoln
1657891,2017-08-02,304999,Standard Grant,The Impact of Intangible Investments on the Macroeconomy,University of Minnesota-Twin Cities
1727459,2017-08-02,301577,Continuing Grant,The Power of Images: A Computational Investigation of Political Mobilization via Social Media,University of Washington
1734049,2017-08-02,256681,Continuing Grant,The Paradox of Migration and Attitudes Towards Immigrants:  Assessing Mexican Beliefs about Migration the Immigrants,University of California-Davis
1658336,2017-08-03,771826,Continuing Grant,Religious Regulation and Political Mobilization in Central Asia,Regents of the University of Michigan - Ann Arbor
1734155,2017-08-03,193141,Continuing Grant,Standard Grant: Geometric Approaches to Representing the Observable,University of Notre Dame
1734665,2017-08-03,150883,Standard Grant,Scholars Award: US Public-Private Partnerships in Bicycle Sharing Systems,University of California-Berkeley
1738062,2017-08-03,357571,Standard Grant,RIDIR: Collaborative Research: cyberSW: A Data Synthesis and Knowledge Discovery System for Long-term Interdisciplinary Research on Southwest Social Change,Archaeology Southwest
1738181,2017-08-03,129728,Standard Grant,RIDIR: Collaborative Research: cyberSW: A Data Synthesis and Knowledge Discovery System for Long-term Interdisciplinary Research on Southwest Social Change,University of Colorado at Boulder
1738245,2017-08-03,146051,Standard Grant,RIDIR: Collaborative Research: cyberSW: A Data Synthesis and Knowledge Discovery System for Long-term Interdisciplinary Research on Southwest Social Change,Arizona State University
1738258,2017-08-03,1085090,Standard Grant,RIDIR: Collaborative Research: cyberSW: A Data Synthesis and Knowledge Discovery System for Long-term Interdisciplinary Research on Southwest Social Change,University of Arizona
1748671,2017-08-03,25322,Standard Grant,Workshop: Non-Academic Careers for STS Scholars,SUNY at Stony Brook
1749062,2017-08-03,113440,Standard Grant,The Co-Production of Water Pollution Control Policies and Socio-Technical Systems at the Urban-Agricultural Interface,Santa Clara University
1655750,2017-08-04,152494,Standard Grant,Collaborative Research: Reform and Governance in Engineering Education,Virginia Polytechnic Institute and State University
1656117,2017-08-04,30282,Standard Grant,Collaborative Research: Reform and Governance in Engineering Education,Bucknell University
1656125,2017-08-04,175916,Standard Grant,Collaborative Research: Reform and Governance in Engineering Education,Rensselaer Polytechnic Institute
1734100,2017-08-04,1067001,Standard Grant,NRI:  INT:   Design and Development of a Social Robot for Gathering Ecological Momentary Stress Data from Teens,University of Washington
1734122,2017-08-04,197536,Standard Grant,Scholars Award: An Empirical Study of the Making and Re-Making of Knowledge About Risk,Cornell University
1734456,2017-08-04,699540,Standard Grant,NRI: FND: Human-Robot Collaboration with Distributed and Embodied Intelligence,Carnegie Mellon University
1744245,2017-08-04,48592,Standard Grant,Political Parties in the Modern Democracies,Georgetown University
1744588,2017-08-04,34958,Standard Grant,"Workshop:   Organizational Issues in Technology Transfer at Federal Laboratories; November 13-15, 2017, Phoenix, Arizona",Arizona State University
1727049,2017-08-07,201489,Standard Grant,Insurance Markets: Guaranteed Return Products and Graduate Student Training Workshops,National Bureau of Economic Research Inc
1733753,2017-08-07,349954,Continuing Grant,COLLABORATIVE RESEARCH: Antecedents of Complexity in Healthcare Routines,University of Rochester
1734237,2017-08-07,340452,Continuing Grant,COLLABORATIVE RESEARCH: Antecedents of Complexity in Healthcare Routines,Michigan State University
1737042,2017-08-07,599282,Standard Grant,Institutional Transformation: Cultivating an ethical STEM culture through an integrated undergraduate general education,Virginia Polytechnic Institute and State University
1657821,2017-08-08,335690,Continuing Grant,Making Young Voters,Duke University
1737149,2017-08-08,399635,Standard Grant,STANDARD:  Ethical Autism Research Cultures and Community Engagement,Drexel University
1658746,2017-08-09,445717,Standard Grant,Assessing Student Abilities and Enhancing Value Added in Higher Education for Disadvantaged Students: Evidence from the U.S. Military Academy in West Point,Carnegie Mellon University
1726976,2017-08-09,258001,Standard Grant,Re-examining the Roles of Beliefs and Information in Sovereign Debt Crises,University of Pennsylvania
1728764,2017-08-09,350766,Standard Grant,Using Stress and Warning to Improve Eyewitness Memory,Tufts University
1728853,2017-08-09,288000,Standard Grant,Best Experienced Payoff Dynamics and Cooperative Play in Extensive Form Games,University of Wisconsin-Madison
1729395,2017-08-09,406000,Standard Grant,The Welfare Effects of E-Commerce and Entry in U.S. Retail,Stanford University
1735899,2017-08-09,42755,Standard Grant,RR Workshop Proposal:  Transparency and Qualitative Social Science,University of California-Riverside
1748379,2017-08-09,10923,Standard Grant,"Workshop: Causes, Consequences, and Contestation in Pro Bono Lawyering",University of California-Los Angeles
1728938,2017-08-10,20000,Standard Grant,Doctoral Dissertation Research:  Extra-Legal Information Transfer during Eyewitness Identification,CUNY John Jay College of Criminal Justice
1729775,2017-08-10,529776,Standard Grant,Automated collection and coding of online campaign advertising.,Iowa State University
1738288,2017-08-10,321318,Standard Grant,RIDIR: Collaborative Research: Analytical tools for text based social data integration,Princeton University
1738411,2017-08-10,1194781,Standard Grant,RIDIR: Collaborative Research: Analytical tools for text based social data integration,University of California-San Diego
1748128,2017-08-10,55959,Standard Grant,RR:  EAGER Collaborative Research:  Building Dynamic Research Communities in Global Legal Studies,Emory University
1748131,2017-08-10,112225,Standard Grant,RR:  EAGER Collaborative Research:  Building Dynamic Research Communities in Global Legal Studies,University of Texas at Austin
1748180,2017-08-10,120990,Standard Grant,RR:  EAGER Collaborative Research:  Building Dynamic Research Communities in Global Legal Studies,University of Washington
1724436,2017-08-14,100584,Standard Grant,RAPID: Political Party Organization and the Role of Women,Regents of the University of Michigan - Ann Arbor
1725418,2017-08-14,211306,Standard Grant,Collaborative Research: High-Performance Computational Standards For Redistricting,University of Illinois at Urbana-Champaign
1728395,2017-08-14,272013,Standard Grant,Collaborative Research: Modeling Sample Selection for Multi-Level Data Structures,Iowa State University
1728902,2017-08-14,242170,Standard Grant,Collaborative Research: High-Performance Computational Standards For Redistricting,Stanford University
1729117,2017-08-14,200000,Standard Grant,Access to Justice among the Rural Poor in Minnesota and Wisconsin,University of Minnesota-Twin Cities
1729244,2017-08-14,158188,Standard Grant,Collaborative Research: Modeling Sample Selection for Multi-Level Data Structures,University of Alabama Tuscaloosa
1730168,2017-08-14,465738,Standard Grant,Credibility in Persuasion,University of Chicago
1736990,2017-08-14,523363,Standard Grant,"Standard:  Development, validation, and application of an assessment tool for RCR training.",Iowa State University
1661827,2017-08-15,49623,Standard Grant,Workshop: Researching Muslim America and Muslim Americans,Menlo College
1734147,2017-08-15,441000,Continuing Grant,"Diversity, Network Structure, and the Effectiveness of Collective Design and Innovation",SUNY at Binghamton
1733835,2017-08-16,300000,Standard Grant,Leveraging Auxiliary Information on Marginal Distributions in Multiple Imputation for Survey Nonresponse,Duke University
1655445,2017-08-17,349995,Standard Grant,Computational Modeling of Decision Making by Prosecutors and Jurors in Criminal Justice,Duke University
1658204,2017-08-17,199200,Continuing Grant,Support for Institutes and Research Groups on Qualitative and Multi-Method  Research: 2018-2020,Syracuse University
1739977,2017-08-17,2431217,Continuing Grant,INFEWS/T3: Decision Support for Water Stressed FEW Nevus Decisions (DS-WSND),Texas A&M AgriLife Research
1725235,2017-08-18,244293,Continuing Grant,Policy as a Private Good: Firm-Lobbyist-Politician Networks in the Legislative Process,Massachusetts Institute of Technology
1727350,2017-08-18,259475,Standard Grant,Pay Secrecy Policies and Pay in U.S. Workplaces,Washington University
1730108,2017-08-21,326179,Standard Grant,"Economic Mobility: The Impact of Individual, Parent and Spatial Factors Using National Survey and Administrative Data","University of Maryland, College Park"
1737303,2017-08-21,246908,Standard Grant,CCE STEM Standard:  Understanding and Evaluating Ethical Engineering Practice,Purdue University
1734632,2017-08-22,339472,Standard Grant,Collaborative Research: Police Department as Organizational Machine: Effects of Body Worn Cameras on the Work Dynamics and Performance of U.S. Police Departments,University of Colorado at Denver-Downtown Campus
1734647,2017-08-22,134160,Standard Grant,Collaborative Proposal: Police Department as Organizational Machine: Effects of Body Worn Camera on the Work Dynamics and Performance of U.S. Police Departments,University of Colorado at Boulder
1744250,2017-08-22,38250,Standard Grant,"NSF RAPID - Economic Risks, Immigration Threats and Public Attitudes After Britain's Brexit Referendum",University of Texas at Dallas
1729021,2017-08-23,386370,Standard Grant,Ambiguous Random Variables and Menu Effects,Princeton University
1659156,2017-08-24,173251,Standard Grant,Seeking Sustainable and Efficient Energy Production and Use In a Changing World,Resources For the Future Inc
1737093,2017-08-24,479367,Standard Grant,Text Recycling in Scientific Research Writing,Duke University
1739909,2017-08-24,2431141,Continuing Grant,"INFEWS/T1: Impacts of Deglobalization on the Sustainability of Regional Food, Energy, Water Systems","OHIO STATE UNIVERSITY, THE"
1729778,2017-08-28,291749,Standard Grant,Liver Exchange,Boston College
1741441,2017-08-29,983479,Standard Grant,BIGDATA: IA: Harnessing Language and Interaction Dynamics at Multiple Scales to Maximize the Benefits of Group Interaction,Cornell University
1748531,2017-08-29,172027,Standard Grant,Scholars Award:  An Ethnography of an Emerging Technological Community,Yale University
1755390,2017-08-29,41607,Standard Grant,CCE STEM: Collaborative Research:  Efficacy of Macroethics Education in Engineering,University of Colorado at Boulder
1756308,2017-08-29,177808,Standard Grant,Partial Identification of State Dependence,University of Chicago
1728865,2017-08-30,396055,Continuing Grant,Reentry and Reintegration of Convicted Genocide Perpetrators,"OHIO STATE UNIVERSITY, THE"
1734402,2017-09-01,89779,Standard Grant,Scholars Award: Observables in Hamiltonian Dynamics,Pitts                   James Brian
1735505,2017-09-06,2500000,Standard Grant,CRISP Type 2: Interdependent Network-based Quantification of Infrastructure Resilience (INQUIRE),Northeastern University
1627339,2017-09-07,393633,Continuing Grant,Asylum Seeker and Refugee Integration in Europe,Stanford University
1734340,2017-09-07,326967,Standard Grant,How difference matters in the development of legal doctrine,University of California-Los Angeles
1753430,2017-09-07,105188,Continuing Grant,A Social and Historical Study of Interdisciplinary Collaborations between Biologists and Philosophers,University of Pittsburgh
1727109,2017-09-08,704337,Standard Grant,RR: The Validity of Cartridge Case Comparison Conclusions Under Field-Based Conditions,Iowa State University
1744479,2017-09-08,299936,Standard Grant,NSF INCLUDES DDLP: Capacity Building in Disaster Research for Scholars from Under-Represented Groups,University of Nebraska at Omaha
1623684,2017-09-11,15777424,Continuing Grant,Continuity and Change in American Economic and Social Life: The PSID 2017-2020,Regents of the University of Michigan - Ann Arbor
1558488,2017-09-12,429080,Continuing Grant,Explaining Civilian Support for Political and Criminal Armed Groups,SUNY at Binghamton
1730247,2017-09-13,474406,Standard Grant,Collaborative Research: Institutional capacity as an organizational challenge: a field experiment in Pakistan,Duke University
1735579,2017-09-18,1874988,Standard Grant,CRISP: Type 2/Collaborative Research: Design and Control of Coordinated Green and Gray Water Infrastructure to Improve Resiliency in Chemical and Agricultural Sectors,Arizona State University
1735582,2017-09-18,624996,Standard Grant,CRISP: Type 2/Collaborative Research: Design and Control of Coordinated Green and Gray Water Infrastructure to Improve Resiliency in Chemical and Agricultural Sectors,Texas A&M University-Kingsville
1764418,2017-10-18,400377,Standard Grant,CAREER: Geographic and Temporal Homicide Dynamics 1870-2003,University of Chicago
1762486,2017-10-23,95088,Standard Grant,The Boston Reentry Study: Analysis and Preparation of Public Use Data,Columbia University
1760504,2017-10-24,74372,Standard Grant,RAPID: Disaster Preparedness and Response within Communities Affected by Hurricane Harvey,Sam Houston State University
1761843,2017-10-24,90372,Standard Grant,RAPID: Emergence of ethnic social network and disaster resilience,SUNY at Buffalo
1760447,2017-10-27,94085,Standard Grant,"Evacuation mobilization, coordination, and decision making in the context of companion animals for Hurricanes Harvey and Irma",University of Georgia Research Foundation Inc
1801801,2017-11-07,73967,Standard Grant,New Approaches for Spatial Distribution Dynamics,University of California-Riverside
1759178,2017-12-01,40358,Standard Grant,RAPID: Preferences and Decisions to Evacuate in the Face of Hurricane Harvey,William Marsh Rice University
1762420,2017-12-12,344775,Standard Grant,Collaborative Research: Measuring Apparent Race and Ethnicity with Applications to the Study of Discrimination,Regents of the University of Michigan - Ann Arbor
1760512,2017-12-13,168608,Standard Grant,RAPID: Hurricane Harvey and Organizational Resilience,Rutgers University New Brunswick
1818497,2017-12-15,72000,Standard Grant,RAPID: A Quasi-Experimental Study of Corporate Policy Effects,Pennsylvania State Univ University Park
1762160,2017-12-22,319630,Standard Grant,Neighborhoods in Space-Time Contexts,University of California-Riverside
1760739,2018-01-02,200000,Standard Grant,RAPID: The Role of Emergent Organizations in Hurricane Harvey Response,Arizona State University
1762600,2018-01-09,199989,Standard Grant,RAPID: The Changing Roles of Social Media in Disaster Resilience: The Case of Hurricane Harvey,Louisiana State University
1753635,2018-01-16,14624,Standard Grant,"Big Data, Outliers, and Group Marginalization",Michigan State University
1753998,2018-01-17,12600,Standard Grant,Mathematical Theory Development in America,Cornell University
1756853,2018-01-17,248000,Standard Grant,Legitimacy in the Workplace,Emory University
1811883,2018-01-17,160171,Standard Grant,"RAPID: An interdisciplinary study of winds, surge, damage, risk analysis and psychosocial response before and after Hurricane Irma",Carnegie Mellon University
1754594,2018-01-18,13419,Standard Grant,A Study of Transformations in City Governance Due to the Use of Big Data Analytics,Columbia University
1754788,2018-01-18,15747,Standard Grant,The Emergence of Symbolic Notation and Data Visualization in Algebra and Chemistry,Columbia University
1755078,2018-01-18,14640,Standard Grant,Precision Agriculture and Governing Nature,Indiana University
1756215,2018-01-18,341423,Standard Grant,Collaborative Research:  New Algorithms for Computing Equilibria of Stochastic Games,New York University
1756994,2018-01-18,20055,Standard Grant,Doctoral Dissertation Research in Economics: The Impact of Exogenous and Endogenous Information Acquisition on Giving,Texas A&M University
1757188,2018-01-18,16100,Standard Grant,"Doctoral Dissertation Research in Economics: Competing Campuses: College Majors, Tuition and Admissions",University of Virginia Main Campus
1818454,2018-01-18,152494,Standard Grant,Collaborative Research: Reform and Governance in Engineering Education,Purdue University
1753701,2018-01-19,12410,Standard Grant,An Ethnography of a Brain Interface Device,Stanford University
1754980,2018-01-19,15750,Standard Grant,The Impact of Toxicological Standards on Governance,Harvard University
1755065,2018-01-19,15750,Standard Grant,A History of Hormones and Blood Clots,Indiana University
1757305,2018-01-19,49999,Standard Grant,Doctoral Dissertation Research in Economics: Creating Labor Markets in Rural Tanzania,University of California-Santa Cruz
1756824,2018-01-23,150000,Standard Grant,"Priming Gender-based Status Beliefs: Self-Relevance, Stereotypes, and Schemas",University of North Carolina at Charlotte
1757253,2018-01-24,15504,Standard Grant,Doctoral Dissertation Research in Economics: Limited Consideration and Positive Spillovers in Advertising,"University of Maryland, College Park"
1817476,2018-01-24,104480,Standard Grant,Collaborative Research: Dimension Reduction Methods for Estimating Economic Models with Panel Data,New York University
1821973,2018-01-25,32795,Standard Grant,Quantification and Reduction of Spatial Scale-Induced Uncertainty,Arizona State University
1823552,2018-01-25,113335,Continuing Grant,"Environmental Health Governance in Six Cities: How Scientific Cultures, Practices and Infrastructure Shape Governance Styles",University of California-Irvine
1756567,2018-02-06,250000,Standard Grant,"Residential Mobility, Neighborhood Change, and Income Segregation",Brown University
1756756,2018-02-07,49995,Standard Grant,Cybersecurity and Organizational Science Workshop,George Mason University
1817983,2018-02-07,4836,Standard Grant,NERCCS 2018: First Northeast Regional Conference on Complex Systems,SUNY at Binghamton
1753528,2018-02-08,157600,Standard Grant,Analyzing NGO Communications to Understand Contestation and Collaboration with Governments Across Human Rights Issues,University of Pittsburgh
1754863,2018-02-08,117999,Standard Grant,"Communication Technologies, Social Tolerance, and Relationship Persistence",Michigan State University
1754984,2018-02-08,15989,Standard Grant,Doctoral Dissertation: Socio-Political Causes and Effects on Emerging Contaminants,Rensselaer Polytechnic Institute
1757231,2018-02-08,22138,Standard Grant,Doctoral Dissertation Research in Economics: Was the Black Death a Watershed? Measuring European Regional Inequality in the Very Long Run,National Bureau of Economic Research Inc
1760133,2018-02-08,197948,Standard Grant,Collaborative Research: Multilevel Regression and Poststratification: A Unified Framework for Survey Weighted Inference,Regents of the University of Michigan - Ann Arbor
1818586,2018-02-08,191552,Standard Grant,EAGER: Collaborative: A Research Agenda to Explore Privacy in Small Data Applications,Cornell University
1824555,2018-02-08,204616,Standard Grant,Improving Probabilistic Record Linkage and Subsequent Inference,University of Texas at Austin
1755419,2018-02-13,205000,Standard Grant,Systematizing Connective Labor,University of Virginia Main Campus
1757105,2018-02-13,226800,Continuing Grant,Unemployment Insurance Schemes in Developing Countries,Columbia University
1763326,2018-02-13,259435,Standard Grant,"Incomplete Preferences, Stochastic Choice, And Time And Risk Preferences",Princeton University
1812380,2018-02-13,191849,Standard Grant,SBE: Small: An Analysis of the Relationship Between Cyberaggression and Self-Disclosure among Diverse Youths,Elmhurst University
1755012,2018-02-15,19440,Standard Grant,Doctoral Dissertation: Extreme Heat Governance for Rural Agricultural Communities,Rensselaer Polytechnic Institute
1756140,2018-02-15,224000,Standard Grant,A Mixed Method Field Experiment Using Social Media,Duke University
1757097,2018-02-15,14412,Standard Grant,DOCTORAL DISSERTATION RESEARCH IN DRMS: Disgust-Driven Prosocial Behavior:  Message Processing and Persuasive Effects Over Time,Cornell University
1757246,2018-02-16,24000,Standard Grant,Doctoral Dissertation Research in Economics: Social Comparisons in Peer Effects,University of California-San Diego
1753002,2018-02-20,500000,Continuing Grant,"CAREER: Within City, Across Seasons or Across Borders: The Economics of Labor Movements",Stanford University
1757198,2018-02-20,277000,Standard Grant,"Information, Attention, and Coordination in Macroeconomics",Massachusetts Institute of Technology
1757222,2018-02-21,276582,Standard Grant,Optimal Auction Design with Common Values: An Informational Robust Approach,University of Chicago
1817460,2018-02-21,73154,Standard Grant,RIDIR: Collaborative Research: DAPPR: Diffusion Analytics for Public Policy Research,University of North Carolina at Charlotte
1757134,2018-02-26,255180,Standard Grant,"Innovations, Innovators and Knowledge Transfer",National Bureau of Economic Research Inc
1801251,2018-02-27,526070,Standard Grant,WSC-Category 2 Collaborative: Impacts of Agricultural Decision Making and Adaptive Management on Food Security,University of California-Santa Barbara
1758201,2018-02-28,99304,Standard Grant,Collaborative Research: Evaluation of ACA Reform,Northwestern University
1758262,2018-02-28,183456,Standard Grant,Collaborative Research: Evaluation of ACA Reform,Yale University
1756831,2018-03-01,244893,Standard Grant,The Role of Workplaces in Changing Conventional Definitions of Ideal Workers,Indiana University
1760009,2018-03-01,92888,Standard Grant,"RAPID: Hurricane Harvey, natural disasters, and willingness to help over time",SUNY at Stony Brook
1761203,2018-03-01,49058,Standard Grant,Standard: RR - The Ethics of Archiving and Reusing Qualitative Data: Guidelines for Practice,California State University San Marcos Corporation
1748885,2018-03-02,55354,Standard Grant,Workshop: Environmental Science in the Context of Court Decisions as a Critical Mode of Informal Science Education,George Washington University
1755100,2018-03-02,111890,Standard Grant,Statistical Theory for Economic Models of Network Formation,University of Southern California
1756224,2018-03-02,199928,Standard Grant,Tied migration and anticipatory discrimination against military spouses seeking work,"University of Maryland, College Park"
1756692,2018-03-02,258774,Standard Grant,A General Synthetic Control Framework of Estimation and Inference,National Bureau of Economic Research Inc
1757140,2018-03-02,183662,Standard Grant,Demand Analysis with Many Prices: Methods and Application,National Bureau of Economic Research Inc
1749824,2018-03-05,400000,Continuing Grant,CAREER: The systematic instability of risk preferences in economic decision-making,University of Southern California
1754970,2018-03-05,25000,Standard Grant,Workshop: STS research on Africa and from Africa,University of Virginia Main Campus
1757000,2018-03-05,30913,Standard Grant,Doctoral Dissertation Research in DRMS: Assessing international non-governmental organization influences on coastal resource management by communities and users,University of Washington
1801361,2018-03-05,12000,Standard Grant,Doctoral Dissertation Research:  Effects of a Data Initiative on Social Service Provision,Princeton University
1802109,2018-03-05,11995,Standard Grant,"Doctoral Dissertation Research: The Impact of Immigration Policies on Refugee Integration Experiences:
A Comparative Analysis",SUNY at Buffalo
1822295,2018-03-05,49909,Standard Grant,RAPID: Memorialization and Community,Virginia Polytechnic Institute and State University
1757294,2018-03-06,208025,Standard Grant,Escaping Poverty: Cognitive Behavioral Therapy and Social Protection,Innovations for Poverty Action
1828199,2018-03-06,15760,Standard Grant,Workshop on Natural Language Processing for Internet Freedom,Montclair State University
1801745,2018-03-07,11994,Standard Grant,Doctoral Dissertation Research: The Local Structures and Politics of a Developing Short-Term Rental Market,University of California-Los Angeles
1802005,2018-03-07,12000,Standard Grant,Doctoral Dissertation Research: The Constructive Side of Social Movements,University of Wisconsin-Madison
1802011,2018-03-07,12000,Standard Grant,Doctoral Dissertation Research:  Consulting Firms in the Nonprofit Sector,Princeton University
1802447,2018-03-07,11206,Standard Grant,Doctoral Dissertation Research:  The Co-Construction of End-Of-Life Care,University of Wisconsin-Madison
1802821,2018-03-07,11781,Standard Grant,"Doctoral Dissertation Research: Race, Entrepreneurship, and Urban Revitalization",University of Virginia Main Campus
1802876,2018-03-07,11794,Standard Grant,Doctoral Dissertation Research: The Effects of Monitoring on Immigrant Lives,University of California-Los Angeles
1757157,2018-03-12,24994,Standard Grant,"Doctoral Dissertation Research in Economics: Nudges in ""Equilibrium""",Yale University
1758095,2018-03-13,247955,Standard Grant,Spatial Temporal Analysis of Multi-Subject Neuroimaging Data for Human Emotion Studies,University of Virginia Main Campus
1802165,2018-03-13,11958,Standard Grant,Doctoral Dissertation Research:  Institutional Change Through the End of Bretton Woods,University of California-Irvine
1802464,2018-03-13,11970,Standard Grant,Doctoral Dissertation Research:  Informal Financial Networks in a Conflict Economy,Princeton University
1802625,2018-03-13,10736,Standard Grant,Doctoral Dissertation Research: Therapeutic Alternatives in the Criminal Courts,University of Texas at Austin
1802783,2018-03-13,11781,Standard Grant,Doctoral Dissertation Research: Effects of External Threats on Community Cohesion,University of Chicago
1758575,2018-03-14,120464,Standard Grant,Collaborative Research: Non- and Semi-Parametric Modeling of Structured Human Activity Patterns Using Point Processes,University of Miami
1758605,2018-03-14,99029,Standard Grant,Collaborative Research: Non- and Semi-Parametric Modeling of Structured Human Activity Patterns Using Point Processes,SUNY at Binghamton
1801207,2018-03-14,163929,Standard Grant,RAPID: Building Judicial Legitimacy or Inviting Institutional Backlash?,George Washington University
1802286,2018-03-14,11999,Standard Grant,Doctoral Dissertation Research: The Moral Foundations of the Big Data Economy,Harvard University
1802543,2018-03-14,11970,Standard Grant,Doctoral Dissertation Research: The Governance of Mega-Cities,Brown University
1802576,2018-03-14,11970,Standard Grant,Doctoral Dissertation Research: Employment of Native Americans with Criminal Records,Harvard University
1802591,2018-03-14,11952,Standard Grant,Doctoral Dissertation Research: The Autonomy of Adults with Developmental Disabilities,Columbia University
1802599,2018-03-14,11981,Standard Grant,Doctoral Dissertation Research: Formation of Ethnoracial Identity,Columbia University
1802677,2018-03-14,9122,Standard Grant,Doctoral Dissertation Research: Home Support in Rural-Urban Migration,University of Texas at Austin
1802773,2018-03-14,11036,Standard Grant,Doctoral Dissertation Research Improvement: Medical System-State Collaborations,University of Illinois at Chicago
1753552,2018-03-15,200000,Standard Grant,Political Violence and State Repression,Stanford University
1757111,2018-03-16,12592,Standard Grant,Doctoral Dissertation Research in DRMS: Natural Disasters and the Sociotechnical Foundations of Governance,University of Pittsburgh
1803864,2018-03-16,60284,Standard Grant,"Collaborative Research: RAPID: Hurricane Response, Governance Structures, and Public Higher Education",University of Oklahoma Norman Campus
1803959,2018-03-16,29383,Standard Grant,"Collaborative Research: RAPID: Hurricane Response, Governance Structures, and Public Higher Education",Lamar University
1807416,2018-03-16,15000,Standard Grant,"RAPID: Collaborative Research: Role of Extending, Expanding, and Emergent Groups in Relief Distribution Efforts in the Aftermath of Hurricanes Harvey, Irma, and Maria",Texas Southern University
1809907,2018-03-16,65000,Standard Grant,"RAPID: Collaborative Research: Role of Extending, Expanding, and Emergent Groups in Relief Distribution Efforts in the  Aftermath of Hurricanes Harvey, Irma, and Maria",Rensselaer Polytechnic Institute
1810476,2018-03-16,15000,Standard Grant,"RAPID: Collaborative Research: Role of Extending, Expanding, and Emergent Groups in Relief Distribution Efforts in the Aftermath of Hurricanes Harvey, Irma, and Maria",Iowa State University
1810576,2018-03-16,14999,Standard Grant,"RAPID: Collaborative Research: Role of Extending, Expanding, and Emergent Groups in Relief Distribution Efforts in the Aftermath of Hurricanes Harvey, Irma, and Maria",The University of Central Florida Board of Trustees
1755099,2018-03-19,213877,Continuing Grant,Synergistic Relations Between Theories of Visual Perception and Iconoclasm,Northern Illinois University
1812428,2018-03-19,299707,Standard Grant,DCL: INCLUDES: Early Stage Empirical Research (EAGER): Data and the Future of an Empirically Grounded Research Community for Broadening Participation in STEM,Arizona State University
1748777,2018-03-20,57760,Standard Grant,EAGER: Advancing Women in Political Science,American Political Science Association
1760644,2018-03-20,92681,Standard Grant,RAPID: Quasi-Experiment on the Effect of Disaster-induced Displacement,Regents of the University of Michigan - Ann Arbor
1763218,2018-03-20,55000,Standard Grant,RAPID: Constraints on Policy Learning After Disaster,Wayne State University
1800302,2018-03-20,71473,Standard Grant,RAPID: Non-State Action and Public-Private Coordination During Times of Crisis,University of Texas at Arlington
1802612,2018-03-20,11877,Standard Grant,Doctoral Dissertation Research: How People Become Urban,Harvard University
1817482,2018-03-20,72362,Standard Grant,Collaborative Research: Signaling Prosociality: Harnessing Impure Motives to Help Others,Carnegie Mellon University
1827294,2018-03-20,106436,Standard Grant,"Appealing to the Authority of Data: Social Complexity, Fragmented Decisionmaking, and the Politics of Smart Cities",University of Maryland Baltimore County
1754974,2018-03-22,155121,Standard Grant,Modeling Neural Processes as Analog Computations,University of Kansas Center for Research Inc
1754992,2018-03-22,245966,Continuing Grant,RR Standard Grant: Remote Sensing and the Rise of Conflict Archaeology,University of Virginia Main Campus
1755003,2018-03-22,179974,Standard Grant,"Untangling the Development and Use of Infrastructures in the Production of Knowledge about Genetics, Blood, and Race",University of Wisconsin-Madison
1802344,2018-03-22,12000,Standard Grant,Doctoral Dissertation Research:  Status and Authority in Small Organizations,Princeton University
1801678,2018-03-23,11540,Standard Grant,Doctoral Dissertation Research:  The Emergence of Cost-Benefit Analysis in US Policymaking,Stanford University
1801902,2018-03-23,12000,Standard Grant,Doctoral Dissertation Research: The Effect of Pay for Success Models on Social Service Provision,Regents of the University of Michigan - Ann Arbor
1728807,2018-03-26,523687,Continuing Grant,Evaluating Social and Cultural Impacts: Decision Theory Meets Practice,Decision Science Research Institute
1757211,2018-03-27,365000,Continuing Grant,Exploration-exploitation tradeoff and opinion diversity in real-world groups,Santa Fe Institute
1761582,2018-03-28,122802,Standard Grant,Collaborative Research: Smooth National Measurement of Public Opinion Across Boundaries and Levels: A View From the Bayesian Spatial Approach,American University
1801677,2018-03-30,11923,Standard Grant,Doctoral Dissertation Research: Civic Infrastructures as Determinants of  Urban Resilience,Stanford University
1801820,2018-03-30,12000,Standard Grant,"Doctoral Dissertation Research: Why Has the Meritocratic Power of Advanced Degrees Declined?: The Role of Higher Education in Promoting Upward Mobility
",University of Kansas Center for Research Inc
1801212,2018-04-02,11983,Standard Grant,Doctoral Dissertation Research: Reproducing the State: Women Community Health Volunteers,University of Texas at Austin
1757199,2018-04-04,170113,Standard Grant,Inferences in Factor Pricing Models with Many Assets,Massachusetts Institute of Technology
1758834,2018-04-04,90000,Standard Grant,Conference: Interviewers and Their Effects from a Total Survey Error Perspective,University of Nebraska-Lincoln
1759819,2018-04-04,117210,Standard Grant,Collaborative Research: SBP: Broadening participation: Reducing the consequences of subtle discrimination in STEM,University of California-Los Angeles
1759853,2018-04-04,322158,Standard Grant,Collaborative Research: SBP: Broadening participation: Reducing the consequences of subtle discrimination in STEM,William Marsh Rice University
1752431,2018-04-05,416065,Continuing Grant,CAREER: Business Taxation and Local Fiscal Policy,National Bureau of Economic Research Inc
1752203,2018-04-10,400000,Continuing Grant,Career: The Effects of Public Policy on Families with Children: New Evidence from Multiple Large-Scale Data Sets,Stanford University
1748863,2018-04-11,259006,Standard Grant,"Science of Broadening Participation: Promoting the Recruitment of Girls into Science, Technology, and Engineering",Iowa State University
1750260,2018-04-11,441426,Continuing Grant,"Science of Broadening Participation: CAREER: Disability, Experience, and Technological Imagination",Virginia Polytechnic Institute and State University
1760292,2018-04-12,200000,Standard Grant,"RAPID: Hurricane Harvey: Experiences, Recovery and Future Policies",University of Houston
1757060,2018-04-16,40000,Standard Grant,Doctoral Dissertation Research in Economics: Do rehabilitative prison policies work? Evidence from a natural experiment in the Dominican Republic,University of California-Berkeley
1820923,2018-04-24,15000,Standard Grant,"Workshop: St. Louis Area Methods Meeting Graduate Student Colloquium - Ames, Iowa - April 20, 2018",Iowa State University
1753768,2018-04-30,359244,Continuing Grant,How the Crowdsourced Spatial Data Revolution is Being Used to Complement Official Data,Texas Tech University
1756369,2018-04-30,250000,Standard Grant,A Database and Analysis of Intergroup Hostility,Pennsylvania State Univ University Park
1832393,2018-04-30,1563154,Continuing Grant,Hazards SEES: Understanding Cross-Scale Interactions of Trade and Food Policy to Improve Resilience to Drought Risk,Clark University
1753308,2018-05-01,415141,Continuing Grant,CAREER: The Influence of Social Problems on Healthcare and Legal Institutions,Saint Louis University
1755530,2018-05-01,240900,Standard Grant,Fund for the Advancement of the Discipline (FAD),American Sociological Assoc
1756691,2018-05-01,709515,Standard Grant,SBP: Network Connections in Formal Hiring Processes,University of California-Davis
1757084,2018-05-01,445000,Standard Grant,Neoclassical Growth with Long-Term One-Sided Commitment Contracts,National Bureau of Economic Research Inc
1757315,2018-05-01,429998,Continuing Grant,Does introspection increase humanitarian concerns in judgment and decision making?,Decision Science Research Institute
1758346,2018-05-01,35000,Standard Grant,Conference: Big Data Meets Survey Science,Research Triangle Institute
1758837,2018-05-01,241814,Standard Grant,"Data Center on Fiscal Policy, Poverty, and Inequality",Tulane University
1754079,2018-05-02,199817,Standard Grant,Assessing Eyewitness Identification,CUNY John Jay College of Criminal Justice
1757250,2018-05-02,213492,Standard Grant,"Building an Economic Theory of Deception, Persuasion, and Information Sharing",University of California-San Diego
1807998,2018-05-04,100000,Standard Grant,"Resilience of Interdependent Infrastructure Systems: A CRISP/RIPS Grantees Workshop - September 25-26, 2018 - Fairfax/Arlington, VA",George Mason University
1830752,2018-05-07,784898,Standard Grant,WSC-Catergory 2 Collaborative: Impacts of Agricultural Decision Making and Adaptive Management on Food Security,University of Arizona
1756072,2018-05-09,230780,Standard Grant,The Movement for Corporate Political Accountability,University of California-Los Angeles
1837040,2018-05-15,33388,Standard Grant,"Cliometric Conferences for 2015, 2016 and World Congress for 2017",Rutgers University New Brunswick
1756099,2018-05-16,344144,Standard Grant,A Social Network Analysis of Poverty and Health Care Utilization,University of California-San Francisco
1758556,2018-05-16,138913,Standard Grant,Collaborative Research: Using Computer Vision to Measure Neighborhood Variables Affecting Health,Stanford University
1758751,2018-05-16,21091,Standard Grant,Collaborative Research: Using Computer Vision to Measure Neighborhood Variables Affecting Health,Harvard University
1834687,2018-05-16,280075,Standard Grant,"Collaborative Research: Prices, Peers, and Perceptions: Field Experiments on Technology Adoption in the Context of Improved Cookstoves",University of Colorado at Denver
1754076,2018-05-17,300000,Standard Grant,Examining Murder Convictions and Punishment,Pennsylvania State Univ University Park
1802628,2018-05-17,11999,Standard Grant,Doctoral Dissertation Research: Precarious Employment and Health Outcomes,University of Texas at Austin
1831484,2018-05-17,11507,Standard Grant,Doctoral Dissertation Research: Perception of Social Mobility and Attitudes Related to Inequality,New York University
1830714,2018-05-22,11970,Standard Grant,"Doctoral Dissertation Research: Economic Resources, Parental Status and Changing Gender Norms:  The Case of Marital Name Choice",Indiana University
1831128,2018-05-22,12000,Standard Grant,Doctoral Dissertation Improvement Grant:  Analyzing Backlash against Gender Equity in Organizations,Stanford University
1834597,2018-05-22,298823,Standard Grant,EAGER: SaTC: Tracking Semantic Change in Medical Information,SUNY at Stony Brook
1756092,2018-05-23,620000,Continuing Grant,Understanding Race Bias in the Decision to Shoot with an Integrated Model of Decision Making,Michigan State University
1756822,2018-05-23,335000,Standard Grant,Testing Unpredictability with Multiple Worlds,Cornell University
1758426,2018-05-23,274999,Standard Grant,Laboring for Less? Understanding the Micro-Level Anatomy of the Aggregate Labor Share Decline,Duke University
1747560,2018-05-24,251810,Standard Grant,Cognition and Body-Worn Cameras,Claremont Graduate University
1757079,2018-05-31,231754,Standard Grant,Collaborative Research: The Dynamics of the Capital and Labor Allocation in the United States,University of Chicago
1757147,2018-05-31,268246,Standard Grant,Collaborative Research: The Dynamics of the Capital and Labor Allocation in the United States,Regents of the University of Michigan - Ann Arbor
1749130,2018-06-04,157991,Standard Grant,Religion and the Professional Development of Graduate Students in the Sciences,West Virginia University Research Corporation
1833484,2018-06-04,19227,Standard Grant,"Workshop: Bridging the Gap. A Mini-Conference on Race and the Environment: Philadephia, PA - August 10, 2018",University of California-Berkeley
1802193,2018-06-07,11999,Standard Grant,Doctoral Dissertation Research: Doing Evaluation: Knowledge Production in International Development,University of Massachusetts Amherst
1802538,2018-06-07,11661,Standard Grant,Doctoral Dissertation Research: Spatial Inequality in Birth Outcomes - Testing Classes of Proximate Mechanisms,Harvard University
1822997,2018-06-07,19526,Standard Grant,Doctoral Dissertation Research: The Roles of Psychological Distance and Emotional Response in Explaining Differences in Perceived Risk and the Climate Change Concern/Intentions Gap,SUNY at Buffalo
1824547,2018-06-07,19625,Standard Grant,Doctoral Dissertation Research in Economics: The Impacts of Special Education Access on Student Outcomes,University of California-Davis
1831386,2018-06-07,11983,Standard Grant,"Doctoral Dissertation Research: Differential Recognition of Two Afrodescendent Populations, 1970-2018",University of California-Los Angeles
1823709,2018-06-08,73686,Standard Grant,"Workshop: Problem-Solving Sociology Workshops: Evanston, IL 2018-2019",Northwestern University
1823846,2018-06-08,157407,Standard Grant,Collaborative Research: Pennsylvania Solitary Confinement Study,Columbia University
1823854,2018-06-08,92588,Standard Grant,Collaborative Research: Pennsylvania Solitary Confinement Study,Trustees of Boston University
1802638,2018-06-13,9383,Standard Grant,Doctoral Dissertation Research: Criminal Records and Housing Discrimination: An Audit Study,"OHIO STATE UNIVERSITY, THE"
1824212,2018-06-13,27054,Standard Grant,Doctoral Dissertation Research in DRMS: Harnessing Anger to Promote Activism: Exploring the Efficacy and Emotional Flow of Persuasive Anger Appeals,Cornell University
1827864,2018-06-14,449977,Continuing Grant,Enabling decision-relevant debates about human genome editing,University of Wisconsin-Madison
1824029,2018-06-15,40522,Standard Grant,"Workshop: Developing Approaches to the Study of Information - Washington, D.C. April 2018",American University
1824394,2018-06-20,44190,Standard Grant,"WORKSHOP: The Nexus of Climate Data, Insurance, and Adaptive Capacity: November 2018 - Asheville, NC",Wake Forest University
1823387,2018-06-22,28082,Standard Grant,Doctoral Dissertation Research: The Politics of Victimhood,Tufts University
1823742,2018-06-22,28348,Standard Grant,Doctoral Dissertation Research: The Exploitation of a Criminal Record: Coercive Work while on Parole,University of California-Irvine
1823779,2018-06-22,13171,Standard Grant,Doctoral Dissertation Research: Community Supervision in the Face of Sociocultural Divides,University of California-Berkeley
1824353,2018-06-22,6079,Standard Grant,Doctoral Dissertation Research in Economics: Should I trust the Mechanic? An Experiment on Bayesian Persuasion,University of Arizona
1826784,2018-06-22,98716,Standard Grant,The Development of Chance and Statistics in Evolutionary Biology,Louisiana State University
1823828,2018-06-25,173000,Standard Grant,"Ethnic Movement, Economy, and Incorporation in a Border Region",San Diego State University Foundation
1824373,2018-06-26,21105,Standard Grant,Doctoral Dissertation Research in Economics: Female Underemployment - Job Attributes and Labor Supply Decisions,Duke University
1755024,2018-06-27,177150,Standard Grant,An Analysis of the Discovery of RNA Splicing with a Focus on Epistemic and Social Justice,ABIRAM                  PNINA          G
1747451,2018-07-02,24323,Standard Grant,Doctoral Dissertation Research: Voter Demand for the Public Provision of Private Goods,Yale University
1800563,2018-07-02,298625,Standard Grant,Research Data Centers: Wasatch Front Research Data Center,University of Utah
1823661,2018-07-02,250855,Standard Grant,Psychological Assessment of Voluntary Consent,Cornell University
1823882,2018-07-02,249410,Standard Grant,COLLABORATIVE RESEARCH: BROADENING PARTICIPATION AND PERSPECTIVES IN THE STUDY OF CRIME AND JUSTICE,Rutgers University Newark
1823978,2018-07-02,25200,Standard Grant,Doctoral Dissertation Research: Small-scale transport operators and political action,Yale University
1824085,2018-07-02,30075,Standard Grant,Doctoral Dissertation Research: Examining Case Outcomes in Housing Court,University of Arizona
1824317,2018-07-02,238752,Standard Grant,"The Economics of Carpooling, Road Pricing, and Autonomous Transportation",National Bureau of Economic Research Inc
1826737,2018-07-02,180209,Standard Grant,Knowledge Infrastructures for Sustainable Transitions,University of Washington
1826891,2018-07-02,217371,Standard Grant,Global Mathematics in the Twentieth and Twenty-first Centuries,Northwestern University
1827858,2018-07-02,200351,Standard Grant,Sounding Data in Art-Science Collaborations,University of California-Davis
1837920,2018-07-02,49604,Standard Grant,"Workshop: Fostering gender and work-life inclusion for faculty in Business Schools and Understudied Contexts: An Organizational Science Lens - West Lafayette, IN - Oct 1-2, 2018",Purdue University
1729758,2018-07-05,202093,Standard Grant,Postdoctoral Fellow with an Interdisciplinary Approach to Law and Society,Tulane University
1823509,2018-07-05,389185,Continuing Grant,Behavioral Nudges in a Wildfire Risk Context: Social Comparison and Community Type,University of Colorado at Boulder
1823511,2018-07-05,379723,Standard Grant,"Nationally Representative Survey on Financialization, Work Organization, and Job Training",University of Illinois at Urbana-Champaign
1824224,2018-07-05,94298,Continuing Grant,"Collaborative Research: Measuring Attention, Working Memory, and Visual Perception To Reduce Risk of Injuries in the Construction Industry",University of Nebraska-Lincoln
1824238,2018-07-05,310456,Continuing Grant,"Collaborative Research: Measuring Attention, Working Memory, and Visual Perception To Reduce Risk of Injuries in the Construction Industry",George Mason University
1824324,2018-07-05,302855,Standard Grant,Biased Beliefs and Social Interactions,Yale University
1824432,2018-07-05,15914,Standard Grant,Doctoral Dissertation Research in DRMS: Expectation Bias and the Gender Wage Gap in the Online Gig Economy,Arizona State University
1824492,2018-07-05,479992,Continuing Grant,Monetary values of increasing life expectancy: sensitivity to shifts of the survival curve,Harvard University
1826911,2018-07-05,563096,Continuing Grant,Examining the Effects of Work on Personality Trait Change in Young Adulthood,Michigan State University
1810625,2018-07-09,49988,Standard Grant,"Election Sciences Conference 2018: Madison, WI - July 26-27, 2018",University of Wisconsin-Madison
1823506,2018-07-09,16170,Standard Grant,Doctoral Dissertation Research: Disclosure in Plea Bargaining,CUNY John Jay College of Criminal Justice
1824321,2018-07-09,285680,Standard Grant,"The 2007-2009 Housing Crisis: Causes, Policy Responses and Long Term Implications",National Bureau of Economic Research Inc
1757112,2018-07-10,172114,Standard Grant,"Collaborative Research: Evictions: Causes, Consequences, and Institutions",Chapin Hall Center for Children
1757186,2018-07-10,92066,Standard Grant,"Collaborative Research: Evictions: Causes, Consequences, and Institutions",Yale University
1757187,2018-07-10,90283,Standard Grant,"Collaborative Research: Evictions: Causes, Consequences, and Institutions",University of Nebraska-Lincoln
1823635,2018-07-10,505507,Standard Grant,Career Dynamics: A Longitudinal Analysis of US Firms and Households,National Bureau of Economic Research Inc
1747405,2018-07-11,18900,Standard Grant,Doctoral Dissertation Research:  The Popular Roots of Counterrevolution,Princeton University
1747446,2018-07-11,23335,Standard Grant,Doctoral Dissertation Research:  Electoral Uncertainty and Policy Change,Regents of the University of Michigan - Ann Arbor
1747459,2018-07-11,17050,Standard Grant,"Doctoral Dissertation Research:  Partisanship, Gender, and Policy Frames",University of Oklahoma Norman Campus
1756547,2018-07-11,1875000,Continuing Grant,"U.S. Participation in the Development of LIS, a Transnational Database: Luxembourg Income Study Database & Luxembourg Wealth Study Database, 2019 to 2023",CUNY Graduate School University Center
1757136,2018-07-11,555149,Standard Grant,"DRMS: Inequalities, Institutions and Sustainability: An Experimental Study of Local Efforts to Govern the Commons",University of Colorado at Boulder
1758653,2018-07-11,211000,Standard Grant,Collaborative Research: Payoff-Belief-Separable Preferences,University of Pennsylvania
1758775,2018-07-11,272000,Standard Grant,Collaborative Research:  Payoff-Belief Separable Preferences,Purdue University
1823618,2018-07-11,56904,Standard Grant,RUI: Collaborative Proposal:  Gatekeeping Communities:  The Role of Landlords in Neighborhood Change and Gentrification,SUNY College at Brockport
1823821,2018-07-11,350000,Continuing Grant,Social Context and Revenue Measures,University of California-San Diego
1746816,2018-07-12,12700,Standard Grant,Doctoral Dissertation Research: Women Legislators and Partisan Bridging,Duke University
1747322,2018-07-12,22231,Standard Grant,Doctoral Dissertation Research:  Traditional Institutions and the Modern State,University of California-Berkeley
1759113,2018-07-12,160000,Standard Grant,POSITIONING OF HEALTH CARE SERVICE: EXAMINATION OF THE ADVERTISEMENTS AND STAKEHOLDER PERCEPTIONS,"Board of Regents, NSHE, obo University of Nevada, Reno"
1824344,2018-07-13,120473,Standard Grant,Collaborative Research: Robust Inference and Computational Methods for Optimal Values of Nonlinear Programs,Trustees of Boston University
1824375,2018-07-13,176956,Standard Grant,Collaborative Research: Robust Inference and Computational Methods for Optimal Values of Nonlinear Programs,Cornell University
1753972,2018-07-16,50374,Standard Grant,Collaborative Research: Religion-Related Bias Victimization: Addressing a Blind-Spot,William Marsh Rice University
1754015,2018-07-16,199624,Standard Grant,Collaborative Research: Religion-Related Bias Victimization: Addressing a Blind-Spot,West Virginia University Research Corporation
1823316,2018-07-16,274780,Standard Grant,Criminal Record Questions on Job Applications as a Self-Selection Mechanism for Applying for Employment,"OHIO STATE UNIVERSITY, THE"
1823441,2018-07-16,21565,Standard Grant,Doctoral Dissertation Research: The Influence of Politics and Economics on Property Law,Princeton University
1823547,2018-07-16,248692,Standard Grant,Civil Rights Violations and the Democratic Rule of Law,University of Washington
1824005,2018-07-16,315583,Standard Grant,Improving and Integrating Global Diversity Estimates Using Transparent Methods,University of Illinois at Urbana-Champaign
1824422,2018-07-16,299976,Standard Grant,"The Impact of Consumer Credit Access on Earnings Mobility, Entrepreneurship and Income Inequality",National Bureau of Economic Research Inc
1840443,2018-07-16,67543,Standard Grant,"CAREER: ""Crime Victimization Patterns in American Cities""",Northwestern University
1824004,2018-07-17,29907,Standard Grant,Collaborative Research: How Policy Affects Power Plants in an Age of Experimentalist Governance,Boston College
1824062,2018-07-17,29788,Standard Grant,Collaborative Research: How Policy Affects Power Plants in an Age of Experimentalist Governance,Emory University
1824106,2018-07-17,212378,Standard Grant,Collaborative Research: How Policy Affects Power Plants in an Age of Experimentalist Governance,University of Colorado at Boulder
1824290,2018-07-17,18870,Standard Grant,"Doctoral Dissertation Research in Economics: Governance, Citizenship, and Accountability: Democracy and Health Care Provision",Regents of the University of Michigan - Ann Arbor
1840354,2018-07-17,49688,Standard Grant,"2018 Summer Program on Game Theory and Economics; July 16 - July 20 and July 22 - July 23, 2018; Stony Brook, New York",SUNY at Stony Brook
1823616,2018-07-18,336360,Standard Grant,Management and Economic Performance,National Bureau of Economic Research Inc
1823629,2018-07-18,215348,Standard Grant,Postdoctoral Fellowship in Law and Health,Regents of the University of Michigan - Ann Arbor
1823988,2018-07-18,338452,Standard Grant,Experimental Evidence on Stress and In-group Preference,National Bureau of Economic Research Inc
1824066,2018-07-18,299740,Standard Grant,Ascertaining Intergovernmental Coordination Mechanisms,University of Massachusetts Amherst
1824131,2018-07-18,232998,Standard Grant,New Econometric Methods for Estimation and Inferences in Nonlinear Econometric Models,Princeton University
1824448,2018-07-18,395982,Standard Grant,An Empirical Model of Limited Consideration: Robust Inference for Risk Preferences,Cornell University
1827494,2018-07-18,455640,Standard Grant,Organizational Problem Solving and the Use of Research in Education Policy,University of Oklahoma Norman Campus
1827871,2018-07-18,299591,Standard Grant,Standard Grant: Studying the Transformation of Cancer Prevention Technologies,San Francisco State University
1824367,2018-07-19,245922,Standard Grant,Collaborative Research: Cognitively Costly Decision Making by Economic Agents: Micro and Macro Implications,Duke University
1824405,2018-07-19,248698,Standard Grant,Collaborative Research: Cognitively costly decision making by economic agents: micro and macro implications,Boston College
1824463,2018-07-19,396922,Standard Grant,"Fiduciary Duty, Financial Regulation, and the Market for Retirement Products",Northwestern University
1826589,2018-07-19,349982,Continuing Grant,Statistical Models for Dynamic Networks with Endogenous Vertex Migration,University of California-Irvine
1827951,2018-07-19,457649,Standard Grant,Standard Grant: ToxicDocs Research Infrastructure Project,Columbia University
1756738,2018-07-20,319999,Continuing Grant,Prenatal Air Pollution Exposures and Early Childhood Outcomes,University of Pennsylvania
1756905,2018-07-20,299683,Continuing Grant,Comparative Welfare Entitlements Project,University of Connecticut
1757282,2018-07-20,38153,Standard Grant,Collaborative Research: Meta-Analysis of Empirical Estimates of Loss-Aversion,Texas A&M University
1757288,2018-07-20,55770,Standard Grant,Collaborative Research: Meta-Analysis of Empirical Estimates of Loss-Aversion,California Institute of Technology
1758631,2018-07-20,300000,Continuing Grant,Collaborative Research: Bayesian Estimation of Restricted Latent Class Models,University of Illinois at Urbana-Champaign
1758688,2018-07-20,37286,Continuing Grant,Collaborative Research: Bayesian Estimation of Restricted Latent Class Models,"Board of Regents, NSHE, obo University of Nevada, Reno"
1822787,2018-07-20,375000,Standard Grant,Uncertainty and Youth Well-being,University of California-Davis
1823521,2018-07-20,264400,Continuing Grant,Collaborative Research: Transgenerational Mobility,University of Pennsylvania
1823672,2018-07-20,7501,Standard Grant,Doctoral Dissertation Research: Legal and Regulatory Inconsistency at the Community Level,Princeton University
1824279,2018-07-20,185217,Continuing Grant,Collaborative Research: Transgenerational Mobility,University of Utah
1823771,2018-07-21,159322,Standard Grant,Collaborative Research: Examining Compliance with Rights Regimes,University of Nebraska-Lincoln
1823804,2018-07-21,110354,Standard Grant,Collaborative Research: Examining Compliance with Rights Regimes,University of Kentucky Research Foundation
1759199,2018-07-23,345181,Continuing Grant,Impacts of Heterogeneous Organizational Backgrounds and Social Norms on Employees' Behaviors in Temporary Organizations: Focusing on Safety Behavior in Construction Projects,Regents of the University of Michigan - Ann Arbor
1823500,2018-07-23,19020,Standard Grant,Doctoral Dissertation Research: Exploring Psychological Mechanisms Underlying Plea Bargaining Decisions,CUNY John Jay College of Criminal Justice
1823644,2018-07-23,18348,Standard Grant,Doctoral Dissertation Research: The Influence of Legal Institutions on Legal Mobilization,University of Massachusetts Amherst
1823791,2018-07-23,49926,Standard Grant,"Access to Civil Justice; June 2019 in Chicago, IL",American Bar Foundation
1824011,2018-07-23,29300,Standard Grant,Doctoral Dissertation Research: Improving Elicited Information,Florida International University
1825102,2018-07-23,149731,Standard Grant,Political Representation in State Courts,Vassar College
1836918,2018-07-23,44845,Standard Grant,"CMPS Summer Research Conference; August 8-10, 2018 in Los Angeles, CA",University of California-Los Angeles
1825768,2018-07-25,999900,Standard Grant,National Historical Geographic Information System,University of Minnesota-Twin Cities
1747397,2018-07-26,15733,Standard Grant,"Doctoral Dissertation Research: Information, Public Opinion, and Behavior",Regents of the University of Michigan - Ann Arbor
1747407,2018-07-26,18900,Standard Grant,Doctoral Dissertation Research:  Coup-Proofing Democracy,Princeton University
1751483,2018-07-26,400000,Continuing Grant,"CAREER: Energy Transition on Rural America:  Studying Cultural, Technological, and Economic Change",Yale University
1759196,2018-07-26,362998,Continuing Grant,Entrepreneurial team formation and its effect on subsequent entrepreneurial outcomes,"University of Maryland, College Park"
1823633,2018-07-26,500000,Continuing Grant,RR: The Generalizability and Replicability of Twitter Data for Population Research,Pennsylvania State Univ University Park
1824253,2018-07-26,310999,Standard Grant,Machine Learning in Macroeconomic Modeling,University of Illinois at Urbana-Champaign
1827477,2018-07-26,560407,Standard Grant,SBP: Glass Ceilings to Diversity,Stanford University
1827952,2018-07-26,214998,Standard Grant,Emergence of Organizational Forms of Data Governance in the Big Data Era,University of Hawaii
1748371,2018-07-27,284959,Standard Grant,Implicit Biases and Discretionary Prosecutorial Decision Making,University of Alabama Tuscaloosa
1823741,2018-07-27,237648,Continuing Grant,Interdisciplinary Postdoctoral Fellowship in Behavioral and Forensic Sciences,Arizona State University
1747642,2018-07-30,14996,Standard Grant,Doctoral Dissertation Research: The Impact of NGO Service Provision,University of Pennsylvania
1757063,2018-07-30,143842,Standard Grant,Collaborative Research:  Measuring the Long-Term Effects of California's 2004 Paid Family Leave Statute with U.S. Tax Data,Regents of the University of Michigan - Ann Arbor
1757092,2018-07-30,97394,Standard Grant,RUI Collaborative Research: Measuring the Long-Term Effects of California's 2004 Paid Family Leave Statute with U.S. Tax Data,Middlebury College
1826545,2018-07-30,116444,Standard Grant,Standard Grant: Digital Platforms and the Mediation of Technological Change,University of North Carolina at Chapel Hill
1746121,2018-07-31,22800,Standard Grant,Doctoral Dissertation Research: The Effects of Race and Gender on Evaluations of Black Women,"University of Maryland, College Park"
1754049,2018-07-31,334787,Standard Grant,Understanding the Cognitive Factors and Legal Processes of Expert Opinions,Indiana University of Pennsylvania Research Institute
1754740,2018-07-31,500738,Continuing Grant,A Methodological Study of Big Data and Atmospheric Science,Indiana University
1760058,2018-07-31,756177,Continuing Grant,The Sixth Module of the Comparative Study of Electoral Systems (CSES),Regents of the University of Michigan - Ann Arbor
1824328,2018-07-31,192000,Standard Grant,Dynamic Pricing and Matching with Asymmetric Information,Columbia University
1747432,2018-08-01,18900,Standard Grant,Doctoral Dissertation Research: State Violence and the Struggle for Life,University of Chicago
1747562,2018-08-01,16885,Standard Grant,Doctoral Dissertation Research: Using Prospect Theory and Human Perceptions of Wildlife to Predict Support for Invasive Species Management.,University of California-Santa Barbara
1824092,2018-08-01,175433,Standard Grant,Social Movement Impact on Policy Outcomes,Pennsylvania State Univ University Park
1747436,2018-08-02,21897,Standard Grant,Doctoral Dissertation Research Improvement Grant in Political Science: Representation and Political Support in the Face of Inequality,University of Kentucky Research Foundation
1824026,2018-08-02,170983,Standard Grant,Strategies of Influence and Persuasion in Legal Networks,University of Illinois at Urbana-Champaign
1824121,2018-08-02,17000,Standard Grant,Doctoral Dissertation Research in Economics: Convex Preferences Over Lotteries,University of California-San Diego
1824205,2018-08-02,190183,Standard Grant,Collaborative Research: Comparing Single- vs. Double-Blind Review of Scientific Abstracts for Accuracy and Bias,Dartmouth College
1824259,2018-08-02,109810,Standard Grant,Collaborative Research: Comparing Single- vs. Double-Blind Review of Scientific Abstracts for Accuracy and Bias,University of Kansas Center for Research Inc
1824349,2018-08-06,20000,Standard Grant,Doctoral Dissertation Research in Economics:  An Economic History of Hispanic Migration and Assimilation,National Bureau of Economic Research Inc
1745836,2018-08-07,23236,Standard Grant,Doctoral Dissertation Research: Societies Without States,Stanford University
1754344,2018-08-07,249021,Standard Grant,Analysis of Cycles of Retributive Violence,University of California-Davis
1756423,2018-08-07,239684,Standard Grant,Issues in Civil Wars Dataset,University of Tennessee Knoxville
1756992,2018-08-07,280000,Standard Grant,Credit Shocks and Equilibrium Dynamics in Consumer Durable Goods Markets,Duke University
1823681,2018-08-07,228000,Standard Grant,Work under Platform Capitalism,University of California-Los Angeles
1823805,2018-08-07,242262,Standard Grant,Estimation and Inference Under Shape Restrictions,University of Wisconsin-Madison
1826540,2018-08-07,358991,Standard Grant,Statistical Learning for Innovative Assessment,Columbia University
1831524,2018-08-07,1004899,Standard Grant,RIDIR: A Big Data Approach to Understanding American Growth,National Bureau of Economic Research Inc
1837895,2018-08-07,30000,Standard Grant,"Conference: How do we determine that something is unknowable rather than merely not yet known? - New York, NY, December 2018",The New School
1823632,2018-08-08,257777,Standard Grant,"School Punishment, Special Education, and Childhood Behavior Problems",Pennsylvania State Univ University Park
1824293,2018-08-08,391932,Standard Grant,An Empirical Analysis of Internet Service Providers' Pricing of Television and Internet Services,University of North Carolina at Chapel Hill
1824465,2018-08-08,499996,Standard Grant,Is Better Access to Information Effective in Improving Labor Market Outcomes? Experimental Evidence,Harvard University
1845977,2018-08-09,24174,Standard Grant,"International Conference Travel: Unity and Disunity in Science: International; 14-17 September 2018, London, England",Wayne State University
1746524,2018-08-10,22373,Standard Grant,Doctoral Dissertation Research: Why Do Ethnic Parties Flourish or Die?,Stanford University
1824122,2018-08-10,300000,Continuing Grant,Assessing the Role of Familiarity in Eyewitness Memory and Suggestibility,University of California-Davis
1824304,2018-08-10,84917,Standard Grant,Collaborative Research: Deep Inference - Artificial Intelligence for Structural Estimation,New York University
1824365,2018-08-10,82384,Standard Grant,Collaborative Research: Deep Inference - Artificial Intelligence for Structural Estimation,University of Chicago
1827993,2018-08-10,158162,Standard Grant,Standard Grant: Productive Ambiguity in Classification,Arizona State University
1747484,2018-08-13,18773,Standard Grant,Doctoral Dissertation Research: Collective Security and Jurisdictional Conflicts,University of California-Los Angeles
1824409,2018-08-13,310590,Standard Grant,Collaborative Research: Long-Term Effects of Unconditional Cash Transfers to the Poor,National Bureau of Economic Research Inc
1824412,2018-08-13,277330,Standard Grant,Collaborative Research: Long-Term Effects of Unconditional Cash Transfers to the Poor,University of California-Berkeley
1824421,2018-08-13,99999,Standard Grant,Collaborative Research: Long-Term Effects of Unconditional Cash Transfers to the Poor,University of California-San Diego
1757191,2018-08-14,229999,Standard Grant,SBE - RCUK:  Sequential Bargaining with Externalities,Princeton University
1757269,2018-08-14,519423,Standard Grant,CompCog: Helping people make more future-minded decisions using optimal gamification,University of California-Berkeley
1824137,2018-08-14,210318,Standard Grant,Advancing Methods for Analyzing Coordination: New Developments in Global Game Theory.,Princeton University
1836072,2018-08-14,269602,Continuing Grant,EAGER: New Paths for Communicating Science,Menlo College
1727249,2018-08-15,250621,Standard Grant,Integrating Theory and Data to Assess Government Policy Options,Duke University
1746065,2018-08-15,18900,Standard Grant,"Doctoral Dissertation Research: Everyday violence against women and the state's promotion of ""universal breadwinning model""",Cornell University
1750731,2018-08-15,467000,Continuing Grant,CAREER: The Future of Work in Health Analytics and Automation: Investigating the Communication that Builds Human-Technology Partnerships,University of Texas at Austin
1812636,2018-08-15,46879,Standard Grant,RAPID: Civic Education,Georgetown University
1822286,2018-08-15,44993,Standard Grant,"Workshop: Advances in Experimental Political Science: Evanston, IL",Northwestern University
1826535,2018-08-15,185314,Standard Grant,Semi-Parametric Factor Analysis for Item Responses and Response Times,"University of Maryland, College Park"
1827574,2018-08-15,107320,Continuing Grant,Collaborative Research: Participatory Technology Assessment and Cultures of Expertise in the U.S. Federal Government,Boise State University
1827826,2018-08-15,96096,Continuing Grant,Collaborative Research: Participatory Technology Assessment and Cultures of Expertise,"University of Maryland, College Park"
1827876,2018-08-15,279194,Standard Grant,A History of Data Practices in the Water Sciences,University of Pennsylvania
1832771,2018-08-15,12378,Standard Grant,EAGER: Behavior under Open List Proportional Representation Systems,William Marsh Rice University
1761934,2018-08-16,106801,Standard Grant,RAPID: Violence and the Persistence of Ethnic Indentification,University of Pennsylvania
1746447,2018-08-17,20569,Standard Grant,Doctoral Dissertation Research: The Coercive Use of Population Displacement in Civil Conflict,University of California-Berkeley
1746895,2018-08-17,23850,Standard Grant,Doctoral Dissertation Research - Behavioral Traits and Political Selection in Authoritarian Ruling Parties,Duke University
1756301,2018-08-17,156744,Standard Grant,The Effects of Moving to Opportunity on Youth Political Behavior,Princeton University
1757050,2018-08-17,345461,Standard Grant,"Collaborative Research: Railroads and the Growth of American Manufacturing: Evidence from Complete Counts of the Census of Manufacturing in 1850, 1860, 1870, and 1880",National Bureau of Economic Research Inc
1757051,2018-08-17,154539,Standard Grant,"Collaborative Research:  Railroads and the Growth of American Manufacturing:  Evidence from Complete Counts of the Census of Manufacturing in 1850, 1860, 1870, and 1880",New York University
1824318,2018-08-17,88635,Standard Grant,Collaborative Research:  Empirical Models of Supracompetitive Pricing in Differentiated Products Markets,Georgetown University
1824332,2018-08-17,98255,Standard Grant,Collaborative Research: Empirical Models of Supracompetitive Pricing in Differentiated Products Markets,"OHIO STATE UNIVERSITY, THE"
1824486,2018-08-17,73377,Standard Grant,Collaborative Research:  Empirical Models of Supracompetitive Pricing in Differentiated Products Markets,Swarthmore College
1825113,2018-08-17,581571,Standard Grant,Collaborative Research: Video Communication Technologies in Survey Data Collection,Regents of the University of Michigan - Ann Arbor
1825194,2018-08-17,120805,Standard Grant,Collaborative Research: Video Communication Technologies in Survey Data Collection,The New School
1756447,2018-08-21,844784,Continuing Grant,2018 CSES,Harvard University
1755106,2018-08-22,444534,Continuing Grant,"Collaborative Research: Network Sovereignty: A Comparative Study of Local Network Initiatives in Rural, Low-income Communities",University of California-Los Angeles
1824313,2018-08-22,202831,Standard Grant,Collaborative Research: Pollution Mitigation and Productivity in Developing Countries,University of Chicago
1824348,2018-08-22,202831,Standard Grant,Collaborative Research: Pollution Mitigation and Productivity in Developing Countries,University of Arizona
1824511,2018-08-22,299985,Standard Grant,"Parenting, Preschool, and the Production of School Readiness and Later Academic Outcomes",University of Notre Dame
1831983,2018-08-22,498756,Standard Grant,Excellence in Research: A Comparison of Educational Outcomes at Institutions of Higher Education,Jackson State University
1832064,2018-08-22,499982,Standard Grant,Excellence in Research: A Comparison of Educational Outcomes at Institutions of Higher Education,Howard University
1747183,2018-08-23,23550,Standard Grant,Doctoral Dissertation Research: Control in Authoritarian States,University of California-Berkeley
1758808,2018-08-24,300001,Continuing Grant,Statistical Analysis with Computerized Linked Data,"University of Maryland, College Park"
1758835,2018-08-24,310143,Standard Grant,SABLE: Sensor-Based Assessment of Behavioral Lifestyles and Experiences,University of Texas at Austin
1756657,2018-08-27,691966,Standard Grant,"Theory, Methods, and Empirical Analysis of Internet Bots",New York University
1757139,2018-08-27,400000,Standard Grant,"Conferences in Econometrics and Mathematical Economics: Summer 2018 - Cambridge, MA",National Bureau of Economic Research Inc
1827910,2018-08-27,151150,Standard Grant,A Social-Network Study of a Conflict over Pesticide Use,Brown University
1835108,2018-08-27,387991,Standard Grant,Standard: Indigenous Ethics in STEM,Northern Arizona University
1758755,2018-08-28,108473,Standard Grant,Collaborative Research: Understanding the Creation and Mission Content of Non-Governmental Organizations,"University of Maryland, College Park"
1759158,2018-08-28,88631,Standard Grant,Collaborative Research: Understanding the Creation and Mission Content of Non-Governmental Organizations,Yale University
1824413,2018-08-28,299999,Standard Grant,"Job Search, Hiring, and Matching With Two-Sided Limited Information About Workseekers' Skills",Duke University
1827464,2018-08-28,345270,Standard Grant,Standard Grant: Societal Aspects of Energy Infrastructure Expansion,Drexel University
1830642,2018-08-28,750000,Standard Grant,NRI: FND: The Urban Design and Policy Implications of Ubiquitous Robots and Navigation Safety,Illinois Institute of Technology
1835029,2018-08-28,349827,Standard Grant,Institutional Transformation: Empowering Faculty to Cultivate a Culture of Ethics in Engineering,University of California-San Diego
1835178,2018-08-28,371023,Standard Grant,Standard: The Ethics of Diversity--Fortifying Ethical Infrastructure to Prevent and Address Sexual Harassment in STEM Research & Practice Settings,Texas A&M University
1835352,2018-08-28,400000,Standard Grant,Collaborative Research: Establishing Norms of Data Ethics in Citizen Science,North Carolina State University
1839537,2018-08-28,93550,Standard Grant,"Workshop: Computing, Information Science, and Access to Justice",Georgetown University
1848602,2018-08-28,222858,Standard Grant,EAGER: Using the National Organizations Study to Examine Developments in the Labor Force in the 21st Century,National Opinion Research Center
1835366,2018-08-29,354264,Standard Grant,Standard: Developing a Value Literate Culture in Science,Kansas State University
1823815,2018-08-30,294492,Standard Grant,The Role of Workplace and Legal Context in Employment Discrimination Claims,University of Houston
1832713,2018-08-30,747026,Standard Grant,CRISP 2.0 Type 1: Interdependent Water Infrastructure in a Potable Reuse System,University of Nevada Las Vegas
1823696,2018-08-31,120444,Standard Grant,Collaborative Research: Using Web Data to Study Campaigns and Representation,Northwestern University
1823703,2018-08-31,46753,Standard Grant,Collaborative Research: Using Web Data to Study Campaigns and Representation,High Point University
1823715,2018-08-31,62272,Standard Grant,Collaborative Research: Using Web Data to Study Campaigns and Representation,Oberlin College
1835075,2018-08-31,172486,Standard Grant,Standard: Collaborative Research: Emerging Cultures of Data Science Ethics in the Academy and Industry,Cornell University
1835161,2018-08-31,64477,Standard Grant,Collaborative Research: Emerging Cultures of Data Science Ethics in the Academy and Industry,University of Washington
1835261,2018-08-31,162769,Standard Grant,Collaborative Research: Standard: Emerging Cultures of Data Science Ethics in the Academy and Industry,University of California-Berkeley
1835290,2018-09-04,399975,Standard Grant,Standard: The Social Responsibilities of Scientists and Engineers: A Global Survey,American Association for the Advancement of Science
1756997,2018-09-05,475698,Standard Grant,Price Rigidity and The Granular Origin of Aggregate Fluctuations,National Bureau of Economic Research Inc
1757223,2018-09-05,120000,Standard Grant,Workshops on Network Economics,National Bureau of Economic Research Inc
1749184,2018-09-06,492358,Standard Grant,"Standard Grant: Investigating the ""Grand Challenge"" Solutions of Agro-Food Technology",University of California-Santa Cruz
1826585,2018-09-06,355325,Standard Grant,Collaborative Proposal: Adolescent Social Development During Incarceration,University of Texas at El Paso
1826773,2018-09-06,44672,Standard Grant,Collaborative Proposal: Adolescent Social Development During Incarceration,Michigan State University
1827817,2018-09-06,499901,Standard Grant,Standard Grant: Mobilized Social Group Organizations Around  Per- and Polyfluoralkyl Substances,Northeastern University
1827935,2018-09-06,629182,Standard Grant,Standard Grant: Public Deliberation on Gene Editing in Wild Populations,Hastings Center
1831347,2018-09-06,1399861,Standard Grant,SCC: Data-Informed Scenario Planning for Mobility Decision Making in Resource Constrained Communities,Regents of the University of Michigan - Ann Arbor
1831615,2018-09-06,1000000,Standard Grant,RIDIR: Scalable Geospatial Analytics for Social Science Research,University of California-Riverside
1840080,2018-09-06,1494976,Standard Grant,"FW-HTF: Future of Firefighting and Career Training - Advancing Cognitive, Communication, and Decision Making Capabilities of Firefighters",University of North Carolina at Charlotte
1840120,2018-09-06,1499736,Standard Grant,Collaborative Research: FW-HTF: Augmented Cognition for Teaching: Transforming Teacher Work with Intelligent Cognitive Assistants,North Carolina State University
1824012,2018-09-07,372744,Continuing Grant,Assessing Transformative Justice,George Mason University
1757153,2018-09-10,233640,Standard Grant,Summer Program on Game Theory and Economics,SUNY at Stony Brook
1824469,2018-09-10,374999,Standard Grant,Gender Differences in Negotiation and Job Search: Evidence from Business Majors,Arizona State University
1824520,2018-09-10,216998,Standard Grant,Understanding Family Income and Consumption Dynamics in the U.S.,University of Pennsylvania
1756544,2018-09-11,405001,Standard Grant,Conferences on Economic Activity,Brookings Institution
1835232,2018-09-11,1750000,Standard Grant,"Transforming Ethics Education: Connecting STEM Faculty, Research Administrators, and Ethics Education Resources through the Online Ethics Center",National Academy of Sciences
1852450,2018-09-11,29980,Standard Grant,"Collaborative Research: The Role of Information & Influence Campaigns in Structuring Public Responses to U.S. policy, 1988 - 2015",Brown University
1835022,2018-09-13,3825000,Continuing Grant,ANES WEB: American National Election Studies 2018-2021,Stanford University
1832144,2018-09-17,299797,Standard Grant,Excellence in Research: The impact of online comparison websites on the remittance industry,Spelman College
1835237,2018-09-18,162451,Standard Grant,Standard: RR: Authors Without Borders: Continuing Investigation of International Authorship Norms among Scientists and Engineers,"Sigma Xi, The Scientific Research Honor Society, Inc."
1835971,2018-09-18,10000000,Continuing Grant,ANES FACE-to-FACE:  The American National Election Studies 2018-2021,Regents of the University of Michigan - Ann Arbor
1838616,2018-09-19,124865,Standard Grant,Refugee and European Cities Panel,Arizona State University
1840914,2018-09-19,174913,Standard Grant,Collaborative Research: State Variation in Mass Incarceration Reforms,University of Denver
1853586,2018-11-02,172094,Standard Grant,Modeling the Emergence of Outliers in Entrepreneurship,Rutgers University Newark
1850665,2018-11-29,49895,Standard Grant,Conference on Establishing an Evidence-Based Approach to Understanding and Countering Mass Violence,George Mason University
1855416,2018-11-29,66754,Standard Grant,The Determinants State-Level Immigration Law in New Immigrant Destinations,University of Illinois at Chicago
1902195,2018-11-30,80644,Standard Grant,Collaborative Research: Non- and Semi-Parametric Modeling of Structured Human Activity Patterns Using Point Processes,University of Miami
1902282,2018-12-13,179223,Standard Grant,2018 Hurricane Season: RAPID: Rural residents' self-protections to perceived and actual contamination risk in private drinking wells after Hurricane Florence,East Carolina University
1854838,2019-01-29,184514,Continuing Grant,Male Champions for Gender Inclusive Organizations,George Washington University
1907123,2019-01-29,359244,Continuing Grant,How the Crowdsourced Spatial Data Revolution is Being Used to Complement Official Data,Arizona State University
1845165,2019-02-01,499999,Continuing Grant,CAREER: The Instrumentalization of Law Through Veterans Treatment Courts,University of Massachusetts Amherst
1850032,2019-02-01,257906,Standard Grant,Beliefs about Luck and Inequality,University of Iowa
1851304,2019-02-01,216722,Standard Grant,"Social Norms, Social Boundaries and Inequality",University of Connecticut
1847306,2019-02-04,200000,Standard Grant,Children's Understanding of Indirect Attacks on Credibility,Arizona State University
1849297,2019-02-04,315558,Standard Grant,"Immigration, Legal Status, and Criminal Adjudication in State Courts",University of Wisconsin-Madison
1850712,2019-02-04,119056,Standard Grant,Use of Legitimating Strategies in Control,North Carolina State University
1855477,2019-02-04,49858,Standard Grant,Workshop for Studying the Knowledge Creation Process with a Digital Archive of  Manuscripts and Reviews,George Mason University
1903219,2019-02-04,92871,Standard Grant,SBE TWC: Small: Collaborative: Pocket Security - Smartphone Cybercrime in the Wild,"Georgia State University Research Foundation, Inc."
1912898,2019-02-04,112337,Standard Grant,SBE: Small: Behavioral Control of Deceivers in Online Attacks,University of North Carolina at Charlotte
1849209,2019-02-05,215445,Standard Grant,Macro-Level Sources of Illegal Drug Overdose Deaths across U.S. Communities,University of Cincinnati Main Campus
1848036,2019-02-06,467000,Continuing Grant,CAREER: Empirical Studies of Cities' and Neighborhoods' Influence on Income and Consumption Inequality,National Bureau of Economic Research Inc
1844585,2019-02-08,497570,Continuing Grant,CAREER: A system of pleas: Using a role-playing simulation to test plea decision models,University of Massachusetts Lowell
1849089,2019-02-08,133436,Standard Grant,Case Adjudication as Local Practice: A Follow-up Study using Multiple Methods,University of California-Irvine
1914601,2019-02-11,103199,Standard Grant,RAPID: Risk Narratives Across Time and Space in Urban-Wildlife Conflict,Montana State University
1916919,2019-02-12,193196,Standard Grant,Collaborative Research: State Variation in Mass Incarceration Reforms,Trustees of Boston University
1849657,2019-02-13,15120,Standard Grant,Doctoral Dissertation Research: A Historical Study of Land Use Changes and Emerging Epidemics,University of Chicago
1849680,2019-02-13,12640,Standard Grant,Doctoral Dissertation Research: A Study of Complementary Interactions between Agricultural Scientists and Local Farmers around Knowledge Production and Agricultural Development,University of Chicago
1850790,2019-02-13,293000,Standard Grant,The Environmental Bias of Trade Policy,National Bureau of Economic Research Inc
1849620,2019-02-21,15745,Standard Grant,"Doctoral Dissertation Research: An Historical Study of Medical, Scientific, and Cultural Perspectives on Vision",Columbia University
1849653,2019-02-21,5059,Standard Grant,Dissertation Grant: Rhetoric of Quantification in the Context of Chronic Pain,George Mason University
1850914,2019-02-26,267641,Standard Grant,"Disparate Pathways to Working Longer, Retiring, or Other Exits",University of Minnesota-Twin Cities
1852641,2019-02-26,293122,Standard Grant,Examination of Antecedents and Consequences of Business-Government Relationships,University of Southern California
1853404,2019-02-26,106999,Standard Grant,Collaborative Research: Strategic Leadership Systems: How Networks of Strategic Communication and Informal Influence Arise and Drive Firm Performance,University of Houston
1853470,2019-02-26,249995,Standard Grant,Collaborative Research: Strategic Leadership Systems: How Networks of Strategic Communication and Informal Influence Arise and Drive Firm Performance,University of Georgia Research Foundation Inc
1903911,2019-02-26,7107,Standard Grant,Doctoral Dissertation Research: Effects of Emissions Trading,University of California-Irvine
1904031,2019-02-26,13582,Standard Grant,Doctoral Dissertation Research: Navigating and Negotiating Multiple Energy Futures and Infrastructures,University of California-Davis
1904037,2019-02-26,15998,Standard Grant,Doctoral Dissertation Research:  Striving Together? Second-Generation Americans' Path to College,University of California-Irvine
1904063,2019-02-26,15914,Standard Grant,Doctoral Dissertation Research: Pay-Setting for New Hires,Harvard University
1904244,2019-02-26,15091,Standard Grant,Doctoral Dissertation Research: When Locals Adapt to Newcomers,University of Kansas Center for Research Inc
1904302,2019-02-26,12067,Standard Grant,Doctoral Dissertation Research: Secure Work in the Worker-Cooperative Sector,University of North Carolina at Chapel Hill
1904304,2019-02-26,15979,Standard Grant,Doctoral Dissertation Research:  Admissions Policies at Women's Colleges,Virginia Polytechnic Institute and State University
1904408,2019-02-26,15687,Standard Grant,Doctoral Dissertation Research: Refugee Incorporation and Social Services in the United States,University of California-Los Angeles
1849585,2019-02-27,15750,Standard Grant,"Doctoral Dissertation Research: Imagining the Unimaginable: War, Weapons and Procurement Politics",Brown University
1904061,2019-02-27,15991,Standard Grant,Doctoral Dissertation Research: When Social Isolation Leads to Loneliness,"University of Maryland, College Park"
1904214,2019-02-27,16000,Standard Grant,Doctoral Dissertation Research: Identity Formation in the Military,Princeton University
1904227,2019-02-27,15838,Standard Grant,Doctoral Dissertation Research: (In)visible Work: Analyzing Labor Performed in Agricultural Markets,Syracuse University
1904406,2019-02-27,15999,Standard Grant,Doctoral Dissertation Research: How Low-Level Misdemeanor Courts Regulate Populations,University of Texas at Austin
1904407,2019-02-27,15999,Standard Grant,Doctoral Dissertation Research: Law Enforcement Recruitment and Training and Their Effects,University of Texas at Austin
1850666,2019-02-28,343995,Standard Grant,Law Enforcement and the Educational Performance of Youth,Harvard University
1851625,2019-02-28,119904,Standard Grant,Extracting the Backbone of Bipartite Projections,Michigan State University
1851679,2019-02-28,292000,Standard Grant,Wage Insurance for Displaced Workers,National Bureau of Economic Research Inc
1851752,2019-02-28,186540,Standard Grant,"A Model of Credit, Money, Interest and Prices",National Bureau of Economic Research Inc
1851821,2019-02-28,284999,Standard Grant,Studies on the Data-Driven Economy and School Choice,Columbia University
1844715,2019-03-01,411171,Continuing Grant,"CAREER: A Case Study of Malaria Elimination Efforts with Relation to Vernacular Knowledge, Expertise, and Ethics",University of Oregon Eugene
1846560,2019-03-01,296719,Standard Grant,The Role of the Classical Limit and Symmetries in Constructing Quantum Theories,University of Washington
1846832,2019-03-01,448960,Continuing Grant,CAREER: Identification as Optimization,University of Chicago
1849411,2019-03-01,130722,Standard Grant,Collaborative Research: Video-Recording Eyewitness Identification Lineups: Testing for Unanticipated Costs and Undiscovered Benefits,Bates College
1849438,2019-03-01,195190,Standard Grant,Collaborative Research: Video-Recording Eyewitness Identification Lineups: Testing for Unanticipated Costs and Undiscovered Benefits,Florida International University
1849592,2019-03-01,352979,Standard Grant,STANDARD GRANT: Indexing Energy Performance in Housing Servicescapes: A Multiscale Study in the U.S. Mid-Atlantic Region,Drexel University
1851738,2019-03-01,309422,Continuing Grant,Collaborative Research: Assessments & Stances Regarding the Uncertainty of (Un)Desired Outcomes,University of Iowa
1851766,2019-03-01,135388,Continuing Grant,RUI: Collaborative Research: Assessments and Stances Regarding the Uncertainty of (Un)Desired Outcomes,Appalachian State University
1847794,2019-03-04,588607,Continuing Grant,CAREER: Modeling Mental Representation in Judgment,University of Pennsylvania
1850791,2019-03-04,237306,Standard Grant,The Intergenerational Effects Of Health And Health Policy,National Bureau of Economic Research Inc
1903570,2019-03-05,15997,Standard Grant,Doctoral Dissertation Research: Mobile Phone Distribution and Food Security,SUNY at Stony Brook
1904348,2019-03-05,14831,Standard Grant,Doctoral Dissertation Research: Negotiation between State and Individuals through Social Media,SUNY at Albany
1849375,2019-03-07,12903,Standard Grant,Doctoral Dissertation Research: An Empirical Study of Technological Improvisation,The New School
1904077,2019-03-07,15886,Standard Grant,Doctoral Dissertation Research: Skill-Based Sorting into Neighborhoods and Schools,Harvard University
1835276,2019-03-08,49656,Standard Grant,"Workshop: Assessing Ethics Education Interventions in Science and Engineering: Washington, D.C., August 2019",New Jersey Institute of Technology
1845190,2019-03-08,476000,Continuing Grant,CAREER:  Empirical Studies on the Impact of Public Policy and Incentive Design in Insurance for Health-Related Risks,National Bureau of Economic Research Inc
1851717,2019-03-08,495998,Standard Grant,"Heterogeneity, Household Behavior, and the Transmission of Aggregate Shocks",National Bureau of Economic Research Inc
1904095,2019-03-08,15617,Standard Grant,Doctoral Dissertation Research: Religious Expression at Work,Wayne State University
1904414,2019-03-08,15990,Standard Grant,Doctoral Dissertation Research Improvement Grant: Surveillance and Citizenship for People on Pretrial Release,University of Illinois at Chicago
1904338,2019-03-12,15894,Standard Grant,Doctoral Dissertation Research: Anticipating Infertility: The Emergence of a Medical Market for Fertility Preservation,University of Virginia Main Campus
1904230,2019-03-13,15901,Standard Grant,Doctoral Dissertation Research: Autonomy & Constraint: Health Educators in Schools,University of Cincinnati Main Campus
1847555,2019-03-14,473000,Continuing Grant,CAREER: Global Transport Markets: Impact on World Trade and Efficiency,Harvard University
1849464,2019-03-14,27147,Standard Grant,Workshop: Localizing Representations in the Brain with Neuroimaging Technologies,Stanford University
1851493,2019-03-14,95842,Standard Grant,"Collaborative Research: Organizational development, operations, and new media among civilian flood-rescue groups",Texas A&M University
1851500,2019-03-14,224589,Standard Grant,"Collaborative Research: Organizational development, operations, and new media among civilian flood-rescue groups",Louisiana State University
1850871,2019-03-22,308377,Standard Grant,"Extreme Weather Disasters, Economic Losses via Migration, and Widening Spatial Inequality in the U.S.",University of Minnesota-Twin Cities
1851093,2019-03-25,214971,Standard Grant,"Collaborative Research: Piecewise Linear Approximations for DSGE Models With Occasionally-Binding Constraints: Solution, Estimation, Model Evaluation, and Applications","University of Maryland, College Park"
1851634,2019-03-25,240405,Standard Grant,"Collaborative Research: Piecewise Linear Approximations for DSGE Models With Occasionally-Binding Constraints: Solution, Estimation, Model Evaluation, and Applications",University of Pennsylvania
1849307,2019-03-27,314792,Standard Grant,Standard Grant: A Case Study of How Re-Situation of Scientific Knowledge from Human Population Genomics Works,University of California-Davis
1849335,2019-03-27,41692,Standard Grant,Collaborative Research: The Aratus Project on Astronomy and Scientific Writing,Brown University
1849526,2019-03-27,13032,Standard Grant,Doctoral Dissertation: From Documents to Data: The Politics of National Biometric Identification Systems in the 21st Century,Massachusetts Institute of Technology
1849533,2019-03-27,162619,Standard Grant,A History of the Definition and Diagnosis of Postpartum Depression as a Disease,University of North Texas
1849638,2019-03-27,358287,Standard Grant,Collaborative Research: The Aratus Project on Astronomy and Scientific Writing,Regents of the University of Michigan - Ann Arbor
1917198,2019-03-27,49963,Standard Grant,"Game-based Assessment: An Interdisciplinary Workshop Across Assessment, Business, and Education",University of Minnesota-Twin Cities
1851758,2019-03-28,450030,Standard Grant,"Aspirations, Inequality and Social Conflict",National Bureau of Economic Research Inc
1851886,2019-04-02,7634,Standard Grant,Doctoral Dissertation Research in DRMS: Protocol Driven Resilience: Modifiable Systems Architecture as a Resilient Strategy for Critical Infrastructure,George Washington University
1849495,2019-04-05,15639,Standard Grant,Dissertation Grant: Temporal Ice: Deciphering Deep Time in the Cryosphere,University of Pennsylvania
1916630,2019-04-05,4400,Standard Grant,"Workshop: Advancing Inclusion and Diversity: San Diego, CA: April 17, 2019",University of Maryland Baltimore County
1847087,2019-04-08,475129,Continuing Grant,CAREER:  Using Information and Incentives to Promote Human Capital,National Bureau of Economic Research Inc
1849234,2019-04-08,10614,Standard Grant,Doctoral Dissertation Research: Reproducing Difference in Biomedicine: The Case of Sex as a Biological Variable,University of Wisconsin-Madison
1849607,2019-04-08,16020,Standard Grant,Doctoral Dissertation: Genetic Screening at Home: Interpretive Policy Analysis of Direct-to-Consumer Genetic Testing,Rensselaer Polytechnic Institute
1903986,2019-04-08,12977,Standard Grant,Doctoral Dissertation Research: Relational Pragmatics and Institution Work in Transitioning Industry,University of Arizona
1848286,2019-04-09,400300,Continuing Grant,CAREER: Understanding and Advancing Fair Representation in Algorithmic Systems,Cornell University
1851796,2019-04-09,200023,Standard Grant,Adaptive estimation of mixed discrete-continuous distributions under smoothness and sparsity,Brown University
1851920,2019-04-09,35982,Standard Grant,Doctoral Dissertation Research in Economics: Escaping Secular Stagnation with Unconventional Policy,Texas A&M University
1904396,2019-04-09,5535,Standard Grant,"Doctoral Dissertation Research: Collective Memory, Behavior, and Group Identity",Emory University
1823950,2019-04-11,1667886,Continuing Grant,Qualitative Data Repository 2018-2021,Syracuse University
1903924,2019-04-12,16000,Standard Grant,Doctoral Dissertation Research: Effects of Natural Resource Dependence,Pennsylvania State Univ University Park
1904311,2019-04-12,12129,Standard Grant,Doctoral Dissertation Research: Interagency Collaboration and Maternal and Child Wellbeing,University of Texas at Austin
1904240,2019-04-15,12159,Standard Grant,Doctoral Dissertation Research: Intensive Mothering and Maternal Physical Health,Pennsylvania State Univ University Park
1904324,2019-04-15,15952,Standard Grant,Doctoral Dissertation Research: Social Opportunity and Decisions about Environmental Change,Princeton University
1904021,2019-04-16,15800,Standard Grant,Doctoral Dissertation Research: The Effects of the Law on Precarity among Youth,University of California-Los Angeles
1904224,2019-04-16,14213,Standard Grant,"Doctoral Dissertation Research: Competing Donor Imaginaries: Gender, Development, and Comparative Aid Chains",University of Virginia Main Campus
1904321,2019-04-16,15199,Standard Grant,Doctoral Dissertation Research: Institutionalizing Standards in Clinical Genome Editing,University of California-Berkeley
1904002,2019-04-22,15613,Standard Grant,Doctoral Dissertation Research: Parental Opioid Addiction and Kinship Care,Harvard University
1839282,2019-04-23,77820,Standard Grant,Collaborative Research: An Expanded Framework for Inferring Public Policy Diffusion Networks,Pennsylvania State Univ University Park
1904247,2019-04-25,15982,Standard Grant,Doctoral Dissertation Research: The Dynamics of State and Scientific Classification,University of Wisconsin-Madison
1849644,2019-04-26,16200,Standard Grant,Doctoral Dissertation: Manner of Death Categories and their Impact on Forensic Research and Death Visibility,Rensselaer Polytechnic Institute
1851918,2019-04-26,33652,Standard Grant,Doctoral Dissertation Research in Economics: The Effects of Micro-Finance Access on Economic and Social Outcomes of Low Income Women,SUNY at Binghamton
1904316,2019-04-29,15999,Standard Grant,Doctoral Dissertation Research: Opportunities in a New Retail Industry,University of Texas at Austin
1929204,2019-04-30,157260,Standard Grant,NSF INCLUDES DDLP: Capacity Building in Disaster Research for Scholars from Under-Represented Groups,SUNY at Albany
1904377,2019-05-02,15929,Standard Grant,Doctoral Dissertation Research:  Analysis of Social Dynamics in New Suburbs,New York University
1849286,2019-05-06,275000,Standard Grant,Portrayals and Perceptions of the Supreme Court in a New Media Landscape,University of Kentucky Research Foundation
1851702,2019-05-06,284187,Standard Grant,Autonomy and Behavioral Risk Preferences,Carnegie Mellon University
1851845,2019-05-06,400000,Standard Grant,Broadening Participation in STEM Faculty: A Program to support the Diversity Initiative for Tenure in Economics (DITE),Duke University
1854762,2019-05-06,239880,Standard Grant,Collaborative Research: Determining the Fundamental Cognitive Properties of Decision Making,Wright State University
1854763,2019-05-06,147646,Standard Grant,Collaborative Research: Determining the Fundamental Cognitive Properties of Decision Making,Grand Valley State University
1851834,2019-05-07,88849,Standard Grant,Collaborative Research: Technological Shocks and Institutional Effectiveness under Heterogeneous Risk,Knox College
1851878,2019-05-07,226482,Standard Grant,Collaborative Research: Technological Shocks and Institutional Effectiveness under Heterogeneous Risk,SUNY at Binghamton
1851928,2019-05-07,399022,Continuing Grant,Collaborative Research: Informal risk-sharing and private initiative to mitigate local environmental risks,Michigan State University
1853289,2019-05-07,319693,Continuing Grant,Collaborative Research: Informal risk-sharing and private initiative to mitigate local environmental risks,Columbia University
1931049,2019-05-08,100000,Standard Grant,RAPID: Decision-Making Involving Risk in the Immediate Aftermath of a Natural Disaster,Regents of the University of Michigan - Ann Arbor
1922190,2019-05-13,214275,Standard Grant,Collaborative Conference Proposal:  Support for Conferences and Mentoring of Women and Underrepresented Groups in Political Methodology,Harvard University
1930721,2019-05-13,112472,Standard Grant,Collaborative Research: SBP: Broadening participation: Reducing the consequences of subtle discrimination in STEM,William Marsh Rice University
1933407,2019-05-13,216805,Standard Grant,"Social, Behavioral, and Academic Linkages throughout the Undergraduate Experience",Princeton University
1848452,2019-05-16,526000,Continuing Grant,CAREER: Labor Productivity in Poor Countries,National Bureau of Economic Research Inc
1849854,2019-05-20,462567,Standard Grant,Ralph Bunche Summer Institute,Duke University
1934942,2019-05-20,45398,Standard Grant,"Workshop:  Addressing Technology and Skills Gaps in Adulthood Transitions: Challenges and Opportunities at the Human-Technology Frontier; September, 2018: University of Arkansas",Indiana University
1851647,2019-05-22,272464,Standard Grant,Semiparametric methods of policy analysis with social and economic network data,University of California-Berkeley
1903825,2019-05-23,149977,Standard Grant,RAPID: Using Information to Promote Human Capital Among Disabled Youth,National Bureau of Economic Research Inc
1756746,2019-05-24,1999513,Continuing Grant,Empirical Implications of Theoretical Models (EITM) Summer Institutes 2019-2022,Regents of the University of Michigan - Ann Arbor
1851827,2019-05-24,50000,Standard Grant,"New Scientific Partnerships Enabled by the Fifth World Congress on Risk; Cape Town, South Africa; May 6-8, 2019",Society For Risk Analysis
1853191,2019-05-24,16000,Standard Grant,Doctoral Dissertation Research: Bringing the Power of Deep Learning to Large-Scale Ordinal Data Classification,Kennesaw State University Research and Service Foundation
1915790,2019-05-28,299946,Standard Grant,EAGER: SaTC: Early-Stage Interdisciplinary Collaboration: Fair and Accurate Information Quality Assessment Algorithm,Rutgers University New Brunswick
1903995,2019-05-30,14137,Standard Grant,Doctoral Dissertation Research: Political Incorporation of Asian Americans,University of Arizona
1921184,2019-05-31,78821,Standard Grant,"Workshop on Buddhism and Comparative Constitutional Law: Chicago, IL Fall 2019",American Bar Foundation
1851690,2019-06-05,359988,Standard Grant,Statistical Advances for Intensive Categorical Spatiotemporal Data from an Eye-Tracking Technique,Vanderbilt University
1853166,2019-06-05,330000,Standard Grant,Statistical Quality Control of Low-Stakes Assessment Data,University of Notre Dame
1904101,2019-06-07,15298,Standard Grant,Doctoral Dissertation Research: Community-Based Natural Resource Management for Wildlife,University of Wisconsin-Madison
1920714,2019-06-07,24353,Standard Grant,Doctoral Dissertation Research: The Labor Market Prospects of Students Exiting Higher Education,Brown University
1920885,2019-06-07,17639,Standard Grant,Doctoral Dissertation Research: Examining Different Kinds of Guilty Pleas,George Mason University
1921205,2019-06-07,23827,Standard Grant,"Doctoral Dissertation Research: Black Youth, Political Learning, and the State in the Era of  Hyperincarceration",University of Chicago
1922143,2019-06-07,131452,Continuing Grant,A Case Study of the Cross-disciplinary Use of Mathematical Constructs in Computational Biology as Tool Migration,University of Virginia Main Campus
1921267,2019-06-11,133718,Standard Grant,"Collaborative Research: RUI: Dynamic Learning in Comparative Courts: A Cross-National Analysis of Judicial Decision Making in Canada, the United States, and the United Kingdom",Rhodes College
1921268,2019-06-11,144651,Standard Grant,"Collaborative Research: RUI: Dynamic Learning in Comparative Courts: A Cross-National Analysis of Judicial Decision Making in Canada, the United States, and the United Kingdom",University of Richmond
1904041,2019-06-14,15998,Standard Grant,Doctoral Dissertation Research: Residential Outcomes for Families Receiving Housing Assistance,University of Washington
1920942,2019-06-14,19992,Standard Grant,Doctoral Dissertation Research: Theorizing the Sociolegal Incorporation of First Generation Immigrants and their Adult Children,University of California-Irvine
1921088,2019-06-14,10980,Standard Grant,Doctoral Dissertation Research: The Geography of Stop and Frisk in Nine U.S. Cities,University of Miami
1921688,2019-06-14,26870,Standard Grant,"Workshop - Understanding Mathematical Explanation: Uniting Philosophical and Educational Perspectives; Spring 2020; New Brunswick, NJ",Rutgers University New Brunswick
1921229,2019-06-17,244972,Standard Grant,Business and Human Rights: Explaining Variation in Justice and Remedy for Corporate Human Rights Violations,University of Denver
1921260,2019-06-17,32356,Standard Grant,Doctoral Dissertation Research: Identity Theft Remediation and the Production of Economic Insecurity,Columbia University
1921281,2019-06-17,300663,Standard Grant,"Catching up the Science of Problem Properties: The Microspatial Dynamics of Crime, Disorder, and Property Management",Northeastern University
1921911,2019-06-17,397760,Continuing Grant,"The New Mobilities of the Anthropocene: Animal Migration, Infrastructure Development, and Wildlife Population Management",Michigan Technological University
1917256,2019-06-18,170000,Standard Grant,SBP: Theories of Social Status and Inequality,"OHIO STATE UNIVERSITY, THE"
1919055,2019-06-18,19870,Standard Grant,Doctoral Dissertation Research in DRMS: Developing and Validating a Method of Coherence-Based Judgment Aggregation,Fordham University
1921190,2019-06-18,360000,Continuing Grant,The Effects of Scheduling Regulation on Workers and Families,Duke University
1845177,2019-06-21,447480,Continuing Grant,"CAREER: Trust, Cooperation, and Collective Action in Diverse Communities",Columbia University
1846747,2019-06-21,434933,Continuing Grant,CAREER: Identifiability and Inferences for Structured Latent Attribute Models,Regents of the University of Michigan - Ann Arbor
1851857,2019-06-21,276995,Standard Grant,Decentralized-Market Design,University of Wisconsin-Madison
1919336,2019-06-21,184540,Standard Grant,Inference for the Mean,Princeton University
1922424,2019-06-21,431892,Continuing Grant,"Standard Research: Consensus, Democracy, and the Public Understanding of Science",University of California-Irvine
1846575,2019-06-28,499733,Continuing Grant,CAREER:Foundational Questions in the Theory of Incentives,Stanford University
1919322,2019-06-30,19877,Standard Grant,Doctoral Dissertation Research in Economics: Behavioral Responses to Taxation of Foreign Personal Income,Columbia University
1919450,2019-06-30,11981,Standard Grant,Doctoral Dissertation Research in Economics: Selling Shares to Many Budget Constrained Bidders,"OHIO STATE UNIVERSITY, THE"
1921617,2019-06-30,24996,Standard Grant,"Workshop: Historical and Social Perspectives on the Life Sciences Concerning Life and Death: Naples, Italy, June 23-30, 2019",Harvard University
1847091,2019-07-02,470000,Continuing Grant,"CAREER: Computational work design: How networked, intelligent technologies are changing organizational design and worker experience",Stanford University
1920404,2019-07-02,19779,Standard Grant,Doctoral Dissertation Research: Improving the Accuracy of Juror Self-Reports of Bias during Rehabilitative Voir Dire,CUNY John Jay College of Criminal Justice
1922030,2019-07-02,364453,Standard Grant,"Standard Grant: Forest Fuels: Equity, Environment, and Woody Biomass Energy Technologies in Michigan",Northern Michigan University
1922103,2019-07-02,28290,Standard Grant,"Workshop: Digital Forensics as Open Source Pedagogy; March 2020, West Lafayette, Indiana",Purdue University
1851610,2019-07-03,111532,Standard Grant,Collaborative Research: Preference Structures,University of California-Riverside
1851639,2019-07-03,241000,Standard Grant,Collaborative Research:  Preference Structures,New York University
1853210,2019-07-03,280000,Standard Grant,Statistical Approaches for Complex Multi-Dimensional Data,University of California-Santa Cruz
1919483,2019-07-03,38000,Standard Grant,Doctoral Dissertation Research in Economics: Benefit Disclosure in Financial Choices Online and Field Experiments,Columbia University
1920409,2019-07-03,352129,Standard Grant,Communication between Probation and Parole Agents and their Clients,Michigan State University
1917928,2019-07-08,92850,Standard Grant,Collaborative Research: A National Assessment of Victimization Risk and Crime Reporting,"University of Maryland, College Park"
1917952,2019-07-08,76240,Standard Grant,Collaborative Research: A National Assessment of Victimization Risk and Crime Reporting,Pennsylvania State Univ University Park
1918571,2019-07-08,128725,Continuing Grant,Collaborative Research: Lifecycle Savings and Retirement Planning,University of California-Irvine
1918687,2019-07-08,13906,Continuing Grant,Collaborative Research: Lifecycle Savings and Retirement Planning,SUNY at Albany
1929764,2019-07-08,49703,Standard Grant,"Designing Sustainable Urban Systems:  Features, Metrics, and Processes; September 2019, Washington,D.C.",Georgetown University
1851349,2019-07-16,245269,Standard Grant,Public Sector Precarity?: The Joint Role of Institutional and Organizational Processes,University of Massachusetts Amherst
1848557,2019-07-17,480780,Continuing Grant,CAREER: History of Science at the Interface of Biomedical and Environmental Concerns,University of California-Santa Cruz
1917916,2019-07-17,184999,Standard Grant,"Liquidity, Crises and Stagnation",Princeton University
1852841,2019-07-18,150000,Standard Grant,Advancing Record Linkage Research: Optimal Linkage Decisions and Propagating Linkage Uncertainty,University of Washington
1918033,2019-07-18,290000,Standard Grant,Collecting a Representative Sample of Social Movement Events to Study Change Over Time,University of Notre Dame
1918247,2019-07-18,169996,Standard Grant,RUI: Public Policy and Mobilization,Rollins College
1918828,2019-07-18,372600,Standard Grant,Effects of Nonresponse and Measurement Error on Earnings Volatility and Inequality: Evidence from Survey and Administrative Data,University of Kentucky Research Foundation
1919329,2019-07-18,277988,Standard Grant,"Models of Complex Experimentation: Attribute Discovery, Contextual Experimentation, and Experimentation on Causal Graphs",Duke University
1921187,2019-07-18,305000,Continuing Grant,COLLABORATIVE PROPOSAL: Legal Questioning of Adolescent Victims,University of California-Irvine
1921250,2019-07-18,197682,Continuing Grant,COLLABORATIVE PROPOSAL: Legal Questioning of Adolescent Victims,University of Southern California
1921523,2019-07-18,540000,Standard Grant,Bayesian Empirical Likelihood: Data Analysis Tools with Applications in Econometrics,"OHIO STATE UNIVERSITY, THE"
1850736,2019-07-19,404968,Standard Grant,"Collaborative Research: The Influences of Market Power, Mergers, and Provider Incentives on the Cost and Quality of Healthcare: The Case of Dialysis",Duke University
1851615,2019-07-19,155966,Standard Grant,"Collaborative Research: The Influences of Market Power, Mergers, and Provider Incentives on the Cost and Quality of Healthcare: The Case of Dialysis",Brigham Young University
1921271,2019-07-19,92625,Continuing Grant,Collaborative Research: Transparency and the Rule of Law,Columbia University
1921294,2019-07-19,286989,Continuing Grant,Collaborative Research: Transparency and the Rule of Law,Northwestern University
1918342,2019-07-22,383999,Standard Grant,Generating High-Quality Verifiable Relational Data About News Coverage of Social Movement Events,University of Wisconsin-Madison
1921821,2019-07-22,30906,Standard Grant,"Workshop: Furthering Integrated History and Philosophy of Science via Methodological Pluralism; July 2020, Blacksburg, Virginia",Virginia Polytechnic Institute and State University
1921325,2019-07-23,174895,Standard Grant,Improving Filler/Suspect Similarity in Eyewitness Lineups Using Facial Recognition Systems,University of Pennsylvania
1921489,2019-07-23,312260,Continuing Grant,Collaborative Research: Behavioral Consequences of Excessive Confidence,Rand Corporation
1921490,2019-07-23,293472,Continuing Grant,Collaborative Research: Behavioral Consequences of Excessive Confidence,Wake Forest University
1918063,2019-07-24,49817,Standard Grant,"Workshop: Women of Color in Political Science 2019: August 2019 - Washington, D.C.",Menlo College
1853505,2019-07-25,119852,Standard Grant,SBP:Collaborative Research: A Two-Part Project Examining Team Discrimination by Gender in STEM teams and a Way Forward,University of Colorado at Boulder
1853528,2019-07-25,375000,Standard Grant,SBP: Collaborative Research:  A Two-Part Project Examining Team Discrimination by Gender in STEM teams and a Way Forward,William Marsh Rice University
1917867,2019-07-25,295000,Standard Grant,Prisoner Re-Entry and Gentrification,University of California - Merced
1918162,2019-07-25,319885,Standard Grant,Multidimensionality of Race and Social Networks,University of California-Irvine
1918241,2019-07-25,401506,Standard Grant,Emotional Adaptation and Incorporation Following Post-Disaster Relocation,University of South Florida
1921698,2019-07-25,190709,Standard Grant,"Scholars Award: Insecurity: Disability, the Great Depression, and the New Deal State",Western Kentucky University
1938363,2019-07-25,204723,Standard Grant,EAGER: Comparative Analysis of Institutions to Govern the Groundwater Commons,University of California-Santa Cruz
1847860,2019-07-29,404655,Continuing Grant,"CAREER:Strategic behavior, beliefs, and interventions in networks",Harvard University
1851449,2019-07-29,447580,Standard Grant,Signaling and Matching,University of Pennsylvania
1851501,2019-07-29,100000,Standard Grant,Black Elites and the Racial Politics of Immigration,Emory University
1851664,2019-07-29,404913,Standard Grant,Evolution and Adaptation: Ambiguity Attitudes with Optimal Risk Preferences,Duke University
1851726,2019-07-29,238008,Standard Grant,Collaborative Research: Robo-advising and Decision Making Under Risk,"University of Maryland, College Park"
1851730,2019-07-29,152330,Standard Grant,Collaborative Research: Robo-advising and Decision Making under Risk,Boston College
1852756,2019-07-29,277272,Standard Grant,Workplace Earnings Polarization: A Four-Country Panel Analysis,University of Massachusetts Amherst
1853094,2019-07-29,329999,Standard Grant,"Effects of Interviewers, Respondents, and Questions on Survey Measurement",University of Wisconsin-Madison
1918340,2019-07-29,278996,Standard Grant,"Liquidity, Exchange Rates and Policy",University of Wisconsin-Madison
1919073,2019-07-29,195153,Standard Grant,Collaborative research: Emirical Evidence of the Tax Administration Production Function,Harvard University
1919437,2019-07-29,236186,Standard Grant,Collaborative research: Emirical Evidence of the Tax Administration Production Function,Massachusetts Institute of Technology
1920915,2019-07-29,98198,Standard Grant,Collaborative Research: Judicial Legitimacy in Comparative Perspective,Pennsylvania State Univ University Park
1920977,2019-07-29,301797,Standard Grant,Collaborative Research: Judicial Legitimacy in Comparative Perspective,Florida State University
1921059,2019-07-29,25150,Standard Grant,Doctoral Dissertation Research: Access to Justice Among Victims of Gender-Based Violence,Brown University
1850232,2019-07-30,261666,Standard Grant,Collaborative Research: RUI: Marriage Attitudes in the 21st Century.,University of New Orleans
1850239,2019-07-30,154856,Standard Grant,Collaborative Research: RUI: Marriage Attitudes in the 21st Century.,Davidson College
1850852,2019-07-30,305000,Standard Grant,"The Reliability of Survey Data: The Effects of Question Content, Context and Form",Pennsylvania State Univ University Park
1851883,2019-07-30,276001,Standard Grant,Applications of Dynamic Information Design,Northwestern University
1917615,2019-07-30,437000,Standard Grant,A Panel Study of the Dynamics of Change,"University of Maryland, College Park"
1919028,2019-07-30,34498,Standard Grant,"Doctoral Dissertation Research in Economics: Noise, Attention and Performance",New York University
1919071,2019-07-30,353314,Standard Grant,Family Friendly: How Are Firms and Establishments Affected by State Paid Family Leave Programs?,Wellesley College
1919362,2019-07-30,414000,Standard Grant,"Monetary Policy, Demographics and the Business Cycle",Regents of the University of Michigan - Ann Arbor
1919454,2019-07-30,182134,Standard Grant,Collaborative Research: Empirical Analysis of Social Networks with Unreported Links,Boston College
1919489,2019-07-30,286948,Standard Grant,Collaborative Research: Empirical Analysis of Social Network with Unreported Links,William Marsh Rice University
1922391,2019-07-30,145965,Standard Grant,SBP: Games for Girls: Informing the Future,Illinois Institute of Technology
1935653,2019-07-30,99997,Standard Grant,"Workshop: Leading Arctic Convergence Research with the Social and Behavioral Sciences: Irvine, CA - Fall 2019",University of California-Irvine
1848451,2019-07-31,420000,Continuing Grant,CAREER: Advancing Latent Variable Statistical Modeling for the Analysis of Big and Complex Longitudinal Data to Promote Personalized Learning,University of Connecticut
1919466,2019-07-31,49002,Standard Grant,"Collaborative Research: Productivity, Efficiency, and Distortions in the U.S. Shale Boom",Boston College
1919499,2019-07-31,536738,Standard Grant,"Collaborative Research: Productivity, Efficiency, and Distortions in the U.S. Shale Boom",University of Chicago
1925693,2019-07-31,1406244,Standard Grant,RIDIR: The Sub-National Data Archive System for Social and Behavioral Data,Regents of the University of Michigan - Ann Arbor
1851729,2019-08-01,305239,Standard Grant,Collaborative Research: Sequentially Optimal Mechanism Design,University of Texas at Austin
1851744,2019-08-01,201929,Standard Grant,Collaborative Research: Sequentially Optimal Mechanism Design,California Institute of Technology
1918274,2019-08-01,200000,Standard Grant,Collaborative Research: Understanding Migration and Fertility,Northwestern University
1918337,2019-08-01,61699,Standard Grant,Collaborative Research: Understanding Migration and Fertility,University of Texas at Austin
1920991,2019-08-01,239467,Standard Grant,Collaborative Research: Building a Multi-User Database of District Court Decisions,University of South Carolina at Columbia
1921042,2019-08-01,132240,Standard Grant,Collaborative Research: Building a Multi-User Database of District Court Decisions,"Georgia State University Research Foundation, Inc."
1851665,2019-08-02,208980,Standard Grant,Econometric Methods for Exploiting New Data in Macroeconomics,Princeton University
1917643,2019-08-02,249469,Standard Grant,The Connection Between Sentiments and Social Status,University of Iowa
1918128,2019-08-02,377000,Standard Grant,Collaborative Research: Social Construction of Legal Exclusion in Slums,Northeastern University
1918175,2019-08-02,110000,Standard Grant,Collaborative Research: Social Construction of Legal Exclusion in Slums,Tufts University
1918985,2019-08-02,97758,Standard Grant,Tests of Independence Conditions Using a Discontinuously Distributed Covariate,University of Rochester
1919390,2019-08-02,16380,Standard Grant,Doctoral Dissertation Research in Economics: Bayesian Persuasion in the Lab?,"OHIO STATE UNIVERSITY, THE"
1919535,2019-08-02,300817,Standard Grant,SBP: Gender Differences in Willingness to Compete - Incentive Mechanism Effects,University of San Francisco
1926424,2019-08-02,310434,Standard Grant,RIDIR: Collaborative Research: Bayesian analytical tools to improve survey estimates for subpopulations and small areas,Harvard University
1926578,2019-08-02,632173,Standard Grant,RIDIR: Collaborative Research: Bayesian analytical tools to improve survey estimates for subpopulations and small areas,Columbia University
1918277,2019-08-06,385000,Standard Grant,"SBP: School attendance zone boundaries and the connection to neighborhoods, segregation, and access to educational opportunity",Pennsylvania State Univ University Park
1851707,2019-08-07,343005,Standard Grant,Sovereign Debt Auctions: Theory and Empirics,University of Pennsylvania
1919303,2019-08-07,796835,Standard Grant,Collaborative Research: How between-group competition impacts within-group cooperation,"University of Texas, M.D. Anderson Cancer Center"
1919305,2019-08-07,798467,Standard Grant,Collaborative Research: How between-group competition impacts within-group cooperation,"Georgia State University Research Foundation, Inc."
1931871,2019-08-07,1198111,Standard Grant,"CPS: Medium: A Secure, Trustworthy, and Reliable Air Quality Monitoring System for Smart and Connected Communities",The University of Central Florida Board of Trustees
1917961,2019-08-09,217905,Standard Grant,Collaborative Research: Examining Community-based Recovery Initiatives Post-Disaster,SUNY College at New Paltz
1917980,2019-08-09,82095,Standard Grant,Collaborative Research: Examining Community-based Recovery Initiatives Post-Disaster,Colgate University
1919076,2019-08-09,458193,Standard Grant,Rationing the Commons: A Research Program on the Efficiency of Institutions for Groundwater Management,Yale University
1940668,2019-08-09,49999,Standard Grant,"Workshop: Human technology partnerships and the changing nature of work; Evanston, IL - November 2019",Northwestern University
1849568,2019-08-12,75000,Standard Grant,Fighting for the Homeland,University of Rochester
1848857,2019-08-13,265000,Standard Grant,Risk Markets Imbalances and Macroeconomics,Massachusetts Institute of Technology
1853866,2019-08-13,349999,Standard Grant,Cross-Scale Spatiotemporal Modeling Using an Integrated Data Framework,University of Hawaii
1918554,2019-08-13,607000,Standard Grant,Historical Housing Price Data,National Bureau of Economic Research Inc
1918713,2019-08-13,373000,Standard Grant,Collaborative Research: A Unified Framework for Optimal Public Debt Management,National Bureau of Economic Research Inc
1918748,2019-08-13,127596,Standard Grant,Collaborative Research: A Unified Framework for Optimal Public Debt Management,University of Oregon Eugene
1919029,2019-08-13,142998,Standard Grant,Collaborative Research: Financial Network Reactions to Regulations and Interventions,University of Pennsylvania
1919290,2019-08-13,394536,Standard Grant,The Long-run Relationship Between Trade and the Growth of Cities,University of Oregon Eugene
1919307,2019-08-13,749960,Standard Grant,Expectations and Choice in Macroeconomics: Causal Evidence,National Bureau of Economic Research Inc
1919319,2019-08-13,228972,Standard Grant,Collaborative Research:  Evidence in Economic Models,Trustees of Boston University
1919351,2019-08-13,198000,Standard Grant,Collaborative Research: Financial Network Reactions to Regulations and Interventions,Carnegie Mellon University
1919494,2019-08-13,235000,Standard Grant,Collaborative Research: Evidence in Economic Models,Northwestern University
1920557,2019-08-13,399997,Standard Grant,Debt as a Control Tactic in Marriage,Michigan State University
1920902,2019-08-13,369165,Standard Grant,Misdemeanor Charges among Persons with Serious Mental Illnesses,Columbia University
1921299,2019-08-13,49950,Standard Grant,"Social and ecological infrastructure for recidivism reduction: New Haven, CT - March 2020",Boston College
1921373,2019-08-13,229430,Standard Grant,A Family of Diagnostic Models for Evaluating Learning Progressions,Clemson University
1922066,2019-08-13,266445,Standard Grant,"Standard Grant: Cochlear Implants, (Re)Distribution, Maintenance, and Cures",University of Chicago
1928616,2019-08-13,149996,Standard Grant,FW-HTF-P: Impact of AI Robotics on Labor (AIRL),Harvard University
1919453,2019-08-14,500000,Continuing Grant,Attitude towards information in multi-agent settings: Understanding and mitigating Avoidance and Over-Evaluation,Carnegie Mellon University
1921273,2019-08-14,25137,Standard Grant,"Doctoral Dissertation Research: On Terror and Trauma: Governance, Law and Post Traumatic Stress Syndrome",Columbia University
1928547,2019-08-14,150000,Standard Grant,"FW-HTF-P: The Future Matrix of Care: Communities, Networks, and Technologies",Indiana University
1934522,2019-08-14,21579,Standard Grant,RAPID: Risk perception and health-related knowledge and practice,University of Utah
1850860,2019-08-15,249000,Standard Grant,Function Space Trend Determination using Machine Learning,Yale University
1851874,2019-08-15,154000,Standard Grant,Collaborative Research: The Impacts of Racial Discrimination on Housing Choice and Economic Well-Being in the United States,Duke University
1851926,2019-08-15,450000,Standard Grant,How Does Boosting Workers' Outside Options Affect Job Mobility and Wage Setting? Quasi-Experimental Evidence from Administrative Data,National Bureau of Economic Research Inc
1851939,2019-08-15,179000,Standard Grant,Collaborative Research:  The Impacts of Racial Discrimination on Housing Choice and Economic Well-Being in the United States,University of Illinois at Urbana-Champaign
1919034,2019-08-15,232451,Standard Grant,Robust Inference on Counterfactuals,New York University
1919383,2019-08-15,159000,Standard Grant,Collaborative Research: Targeting Privacy,American University
1919493,2019-08-15,161000,Standard Grant,Collaborative Research: Targeting Privacy,University of Virginia Main Campus
1921156,2019-08-15,26610,Standard Grant,Doctoral Dissertation Research: Legal and Oppositional Consciousness Among Actors in the Central American Refugee Movement,University of California-Berkeley
1921545,2019-08-15,26027,Standard Grant,"STS as a Critical Pedagogy: Harrisonburg, VA - Summer 2020",James Madison University
1921777,2019-08-15,189727,Standard Grant,Standard Grant: The Lithium Trade,University of California-Santa Barbara
1921841,2019-08-15,105795,Standard Grant,How to Collect Humans: A Video Ethnographic Approach to Fieldwork in Paleontology,Louisiana State University
1922157,2019-08-15,208988,Standard Grant,"Standard Grant: Wild Trout: Conservation, Restoration, and the Molecular Turn",University of Colorado at Colorado Springs
1922257,2019-08-15,507284,Standard Grant,Improving Methods of Participatory Soil Science through Interdisciplinary and International Collaboration,Rensselaer Polytechnic Institute
1849349,2019-08-16,219406,Standard Grant,Collaborative Research: The Multistage Path to Peace in Civil Conflicts,University of California-Davis
1850654,2019-08-16,95188,Standard Grant,Collaborative Research: The Multistage Path to Peace in Civil Conflicts,University of Illinois at Chicago
1851915,2019-08-16,522987,Standard Grant,Developmental game theory and decision-making,University of Southern California
1852842,2019-08-16,5047151,Continuing Grant,International Integrated Microdata Series,University of Minnesota-Twin Cities
1918020,2019-08-16,324228,Standard Grant,Religious Exemption Laws and Minority Rights,University of Nebraska-Lincoln
1919504,2019-08-16,558589,Standard Grant,Biased Beliefs and Search in Education Markets,Princeton University
1921312,2019-08-16,227309,Standard Grant,Cultures of Stem Cell Research,University of Missouri-Columbia
1928612,2019-08-16,338144,Standard Grant,Collaborative Research: FW-HTF-RM: Intelligent Facilitation for Teams of the Future via Longitudinal Sensing in Context,University of Colorado at Boulder
1928645,2019-08-16,422771,Standard Grant,Collaborative Research: FW-HTF-RM: Intelligent Facilitation for Teams of the Future via Longitudinal Sensing in Context,University of Notre Dame
1928718,2019-08-16,339372,Standard Grant,Collaborative Research: FW-HTF-RM: Intelligent Facilitation for Teams of the Future via Longitudinal Sensing in Context,University of California-Irvine
1919263,2019-08-20,190311,Standard Grant,Collaborative Research: Modeling Stochastic Intertemporal Preferences,California Institute of Technology
1919275,2019-08-20,166000,Standard Grant,Collaborative Research: Modeling Stochastic Intertemporal Preferences,University of California-Los Angeles
1921887,2019-08-20,82767,Standard Grant,Collaborative Research:  Uncovering and Utilizing the Dynamic Interplay between Work Recovery and Resilience,Virginia Polytechnic Institute and State University
1921891,2019-08-20,115018,Standard Grant,Collaborative Research: Uncovering and Utilizing the Dynamic Interplay between Work Recovery and Resilience,Georgia Tech Research Corporation
1921896,2019-08-20,236214,Standard Grant,Collaborative Research:  Uncovering and Utilizing the Dynamic Interplay between Work Recovery and Resilience,William Marsh Rice University
1851745,2019-08-22,497022,Continuing Grant,Collaborative Research: An Interdisciplinary Approach to Predicting Unequal Treatment,California Institute of Technology
1851879,2019-08-22,416718,Continuing Grant,Collaborative Research: An Interdisciplinary Approach to Predicting Unequal Treatment,University of Pennsylvania
1851902,2019-08-22,460220,Continuing Grant,Collaborative Research: An Interdisciplinary Approach to Predicting Unequal Treatment,University of California-Berkeley
1925563,2019-08-22,1659718,Standard Grant,RIDIR: Developing and Deploying the Criminal Justice Administrative Records System,Regents of the University of Michigan - Ann Arbor
1926139,2019-08-22,211216,Standard Grant,Collaborative Research: Standard: Exploring how scientists on multidisciplinary laboratory teams negotiate expertise and claim legitimacy regarding ethical practice.,California State University Channel Islands
1926160,2019-08-22,187294,Standard Grant,Collaborative Research: Standard: Exploring how scientists on multidisciplinary laboratory teams negotiate expertise and claim legitimacy regarding ethical practice.,University of Texas at Austin
1934275,2019-08-22,10000,Standard Grant,Workshop:  Recruiting and Retaining Faculty of Color,University of California-Riverside
1941574,2019-08-22,49985,Standard Grant,Workshop: The Need for a New National Longitudinal Survey of Youth,"OHIO STATE UNIVERSITY, THE"
1917707,2019-08-23,240336,Continuing Grant,Collaborative Research: RUI: Standard Grant: Artificial Intelligence and Predictive Policing: An Ethical Analysis,California Polytechnic State University Foundation
1917712,2019-08-23,269610,Continuing Grant,Collaborative Research: Standard Grant: Artificial Intelligence and Predictive Policing: An Ethical Analysis,University of Florida
1919139,2019-08-23,28000,Standard Grant,Doctoral Dissertation Research in Economics: Do Identity Concerns Affect Labor Supply?,Columbia University
1926036,2019-08-23,407740,Standard Grant,Standard: Collaborative Research: Changing Ethical STEM Culture through Interdisciplinary Dialogue and Analysis of Humanitarian Information and Communication Technology,National Headquarters American Red Cross
1941552,2019-08-23,49763,Standard Grant,Conferences to Strengthen the Kansas Health Economics Community: Kansas - Spring 2021,University of Kansas Center for Research Inc
1919402,2019-08-25,18546,Standard Grant,Doctoral Dissertation Research in Economics: Modern Financial Markets and Macroeconomic Growth in Historical Context,University of Chicago
1928453,2019-08-25,304695,Standard Grant,FW-HTF-RM: Collaborative Research: Understanding the Algorithmic Workplace: A Multi-Method Study for Comprehensive Optimization of Platforms,Boston College
1928608,2019-08-25,1195189,Standard Grant,FW-HTF-RM: Collaborative Research: Understanding the Algorithmic Workplace: A Multi-Method Study for Comprehensive Optimization of Platforms,Northeastern University
1849427,2019-08-26,225000,Continuing Grant,Fear and the Safety Net: Evidence from Secure Communities,Harvard University
1851543,2019-08-26,450000,Standard Grant,Experimental Impacts of Intensive Municipal Governance and Community Organization on Gang Governance,University of Chicago
1917573,2019-08-26,476137,Standard Grant,States and Security: Border Orientation in the Modern World,University of Pennsylvania
1921305,2019-08-26,300000,Standard Grant,Women's Rights After War,University of Denver
1926348,2019-08-26,345702,Standard Grant,Standard: STEM Training in Ethics of Publication Practices (STEPP),Texas Tech University
1933116,2019-08-26,38250,Standard Grant,RAPID: Influence on Beliefs in Non-Scientific Theories,Iowa State University
1851808,2019-08-27,180000,Standard Grant,"Impacts of Firms, Labor Markets, and Government Policy on Income Volatility and Inequality in the U.S.: Evidence from IRS Tax Data",University of Chicago
1851862,2019-08-27,285080,Standard Grant,Driving Low-Income Mothers to Greater Success: The Impact of Ride-hailing on Employment and Income,Carnegie Mellon University
1853096,2019-08-27,625046,Standard Grant,"Collaborative Research: Multi-distribution, Multivariate, and Multiscale Spatio-Temporal Models with Applications to Official Statistics",University of Missouri-Columbia
1853099,2019-08-27,224953,Standard Grant,"Collaborative Research: Multi-distribution, Multivariate, and Multiscale Spatio-Temporal Models with Applications to Official Statistics",Florida State University
1919333,2019-08-27,480000,Standard Grant,Human Forests versus Random Forest Models in Prediction,Johns Hopkins University
1921526,2019-08-27,373197,Standard Grant,"Advances in Skin Color Measurement: Reliability, Validity, and Feasibility of Portable Devices for Field Research in the Social, Behavioral, and Economic Sciences",University of Illinois at Chicago
1928573,2019-08-27,752000,Standard Grant,Collaborative Research: FW-HTF-RM: Augmentation for Tomorrow: Expanding the Future Capacities of Independent Workers,Syracuse University
1928733,2019-08-27,594931,Standard Grant,Collaborative Research: FW-HTF-RM: Augmentation for Tomorrow: Expanding the Future Capacities of Independent Workers,University of California-Irvine
1851629,2019-08-28,441997,Standard Grant,Learning From Diverse Sources and Models,University of Pennsylvania
1922334,2019-08-28,201994,Standard Grant,Collaborative Research: Standard Grant: The Ethics of Studying Indigenous North American Ancient DNA: Moving from Theories to Practices,University of Connecticut
1922380,2019-08-28,335060,Standard Grant,"SBP: Faculty Work-Life Boundary Management, Inclusion, and Women's Career  Well-being in the Always-On Workplace: A National Survey",Purdue University
1922419,2019-08-28,148888,Standard Grant,Collaborative Research: Standard Grant: The Ethics of Studying Indigenous North American Ancient DNA: Moving from Theories to Practices,Denver Museum of Nature and Science
1757307,2019-08-29,43615,Standard Grant,"Multidisciplinary Conference on Election Auditing: Cambridge, Massachusetts - December 2018",Massachusetts Institute of Technology
1851720,2019-08-29,38520,Standard Grant,"Eighth Biennial Conference on Social Dilemmas: Atlanta, GA 2020","Georgia State University Research Foundation, Inc."
1917908,2019-08-29,461854,Continuing Grant,RCN: Coordinating and Advancing Analytical Approaches for Policy Design,Syracuse University
1919399,2019-08-29,557040,Standard Grant,The Long Run Impacts of Cognitive Behavioral Therapy on Crime and Violence,University of Chicago
1851524,2019-08-30,456600,Standard Grant,Downsizing Democracy: Why Ordinary People Acquiesce to Authoritarianism,Yale University
1848213,2019-09-03,526878,Continuing Grant,"CAREER: The Development, Design, and Ethical Issues of Algorithmic Hiring Tools",Cornell University
1851332,2019-09-04,8222298,Continuing Grant,A National Data Program for the Social Sciences: The General Social Survey and International Survey Programme,National Opinion Research Center
1918173,2019-09-04,350000,Standard Grant,Gauging Continuity and Change with the General Social Survey,University of Pennsylvania
1919353,2019-09-04,475503,Standard Grant,Interventions for Motivating Residents to Recruit and Coordinate with their Neighbors,Colorado State University
1922266,2019-09-04,347645,Standard Grant,Outsourcing Attention Management to Human and Artificial Agents in Organizations,University of California-Santa Barbara
1851636,2019-09-05,280000,Standard Grant,"Dynamics of Occupation Choice, Skill Investment and Output Pricing with Multidimensional Skill",National Bureau of Economic Research Inc
1853209,2019-09-05,680000,Standard Grant,Formal Privacy for Complex Data Objects,Pennsylvania State Univ University Park
1917993,2019-09-05,666276,Standard Grant,A New Dataset and Field Experiment on Television News Consumption and Political Attitudes,Yale University
1919040,2019-09-05,452000,Standard Grant,Demand for Advertising and its Impact on Media Content,National Bureau of Economic Research Inc
1919372,2019-09-05,182000,Standard Grant,Correlation in Quantitative Models,University of California-San Diego
1926043,2019-09-05,384332,Standard Grant,Standard: Promoting Ethics in STEM with Transparency Initiatives that Work: An Interdisciplinary Investigation,Carnegie Mellon University
1928422,2019-09-05,2499999,Standard Grant,FW-HTF-RL: Preparing the Future Workforce for the Era of Automated Vehicles,Michigan State University
1918510,2019-09-09,939427,Standard Grant,2020 Collaborative Multiracial Post-Election Survey (CMPS),University of California-Los Angeles
1919360,2019-09-09,222687,Standard Grant,"Collaborative Research: Skills, Majors, and Jobs: Does Higher Education Respond?",Regents of the University of Michigan - Ann Arbor
1919387,2019-09-09,125912,Standard Grant,"Collaborative Research: Skills, Majors, and Jobs: Does Higher Education Respond?",University of North Carolina at Chapel Hill
1919425,2019-09-09,53609,Standard Grant,"Collaborative Research: Skills, Majors, and Jobs: Does Higher Education Respond?",W E Upjohn Institute for Employment Research
1917997,2019-09-10,400308,Standard Grant,Conference: Support for Conferences and Mentoring of Women and Underrepresented Groups in Political Methodology,Pennsylvania State Univ University Park
1918016,2019-09-10,300000,Standard Grant,Middle School Parent Engagement Text Messaging Study,National Bureau of Economic Research Inc
1851899,2019-09-11,349200,Standard Grant,Randomized Controlled Trial of the Effects of Rapid Rehousing on Single Adults,University of Notre Dame
1919335,2019-09-11,26000,Standard Grant,"Doctoral Dissertation Research in Economics: The Determinants of Domestic, A Randomized Control Trial",National Bureau of Economic Research Inc
1930720,2019-09-11,519423,Standard Grant,CompCog: Helping people make more future-minded decisions using optimal gamification,Princeton University
1934494,2019-09-11,1293996,Continuing Grant,GCR: Collaborative Research: The Future of Quantitative Research in Social Science,Regents of the University of Michigan - Ann Arbor
1934925,2019-09-11,2301575,Continuing Grant,GCR: Collaborative Research: The Future of Quantitative Research in Social Science,Georgetown University
1851941,2019-09-13,424842,Standard Grant,STANFORD INSTITUTE FOR THEORETICAL ECONOMICS SUMMER WORKSHOP,Stanford University
1851757,2019-09-16,525000,Standard Grant,"NBER Summer Institute, 2019-2021",National Bureau of Economic Research Inc
1926280,2019-09-16,295787,Standard Grant,Standard: Cultivating Foundations for Responsible Innovation,University of Notre Dame
1932878,2019-09-16,44406,Fellowship Award,"A Study of the Social, Ethical, and Policy Implications of Neuropsychological Research on Implicit Bias",University of Louisville Research Foundation Inc
1952874,2019-09-16,62552,Standard Grant,Learning with Model Uncertainty and Misspecification,Emory University
1949685,2019-09-17,395497,Standard Grant,Excellence in Research: A Comparison of Educational Outcomes at Institutions of Higher Education,Claflin University
1940967,2019-09-18,10000,Standard Grant,"Workshop on Finding Datasets for Empirical Research in the Social Sciences: Washington, D.C. - November 2019",New York University
1952882,2019-09-18,252054,Standard Grant,Machine Learning in Macroeconomic Modeling,Emory University
1926062,2019-09-19,399165,Standard Grant,Ethical Issues Surrounding Human Germline Genome Editing,"University of Maryland, College Park"
2001000,2019-10-22,93650,Continuing Grant,Multiple numeric competencies in judgments and decisions,University of Oregon Eugene
2001208,2019-10-22,113866,Standard Grant,Advancing Methods for Analyzing Coordination: New Developments in Global Game Theory.,Massachusetts Institute of Technology
1954016,2019-11-12,405904,Standard Grant,Is Better Access to Information Effective in Improving Labor Market Outcomes? Experimental Evidence,Yale University
1956318,2019-12-05,30000,Standard Grant,"Designing a System for Improved Null Results Tracking: Berkeley, CA - December 2019",University of California-Berkeley
2001330,2019-12-16,88179,Continuing Grant,Violent Non-State Rivalry and Organizational Behavior,University of Georgia Research Foundation Inc
1953270,2019-12-17,15995,Standard Grant,"RAPID:Investigating Media Dependencies, Mitigation Behavior, and Information Processing in the Time Leading up to Hurricane Dorian",University of Connecticut
1841184,2019-12-30,15547,Standard Grant,Doctoral Dissertation Research: Public Views about Economic Inequality and Government Policies,University of North Carolina at Chapel Hill
1841280,2019-12-30,17509,Standard Grant,Doctoral Dissertation Research: The Politics of Local Policing,Princeton University
1947287,2019-12-30,339449,Standard Grant,Effects of Victimization on Engagement and Expression,University of Arizona
1947571,2019-12-30,206999,Standard Grant,Opportunity in a New Era of Development,University of Colorado at Boulder
1948947,2019-12-30,144000,Standard Grant,Spatial-temporal analysis of social disintegration,University of Virginia Main Campus
1841080,2020-01-06,23448,Standard Grant,Doctoral Dissertation Research: Understanding the Barriers to Political Representation of Women,University of California-Berkeley
1841128,2020-01-06,18900,Standard Grant,Doctoral Dissertation Research: Understanding Public Attitudes About Citizen Security,Cornell University
1953798,2020-01-07,36502,Standard Grant,The Futures of STS in Engineering and Polytechnic Universities,Missouri University of Science and Technology
1949732,2020-01-10,49702,Standard Grant,"A Workshop for Studying the Knowledge Creation Process with the ASA/Mason Digital Archive of Manuscripts and Reviews; Fairfax, VA - March 2020",George Mason University
1946236,2020-01-21,106007,Standard Grant,"The Legal, Political, and Social Filtering of Expert Witnesses into Court",University of Wisconsin-Milwaukee
2010487,2020-01-21,133540,Standard Grant,RAPID: Shared decision models to guide drug allocation during a pediatric chemotherapy shortage,University of Virginia Main Campus
2012179,2020-01-21,20000,Standard Grant,"CSST Summer Institute 2020: Supporting Doctoral Students and Emerging Scholars in Privacy, Security, and Ethics-related Socio-Technical Systems Research",University of Texas at Austin
1841034,2020-01-24,18885,Standard Grant,Doctoral Dissertation Research: Residents' Interactions with the State,George Washington University
1948887,2020-01-24,23420,Standard Grant,Doctoral Dissertation Research in DRMS: Judgments of Answerers and the Answers They Give,Carnegie Mellon University
1949432,2020-01-24,343713,Standard Grant,Influence of Peers on Beliefs About Vaccination and GM Food: Mechanisms and Interventions,Santa Fe Institute
1946773,2020-01-31,49995,Standard Grant,"Conference on Data Science and Law; Chapel Hill, NC; Spring 2020",University of North Carolina at Chapel Hill
2001832,2020-02-06,15999,Standard Grant,Doctoral Dissertation Research: Algorithmic Pretrial Risk Assessments in the Courtroom,Princeton University
1947087,2020-02-07,375799,Standard Grant,"Standard Grant: Genetown: Tracing the History of the Biotechnology Industry in the Greater Boston Area, 1973-2000",Massachusetts Institute of Technology
1948752,2020-02-07,40219,Standard Grant,Doctoral Dissertation Research In DRMS:  Reinforcement Learning and Attention in Decision Making,New York University
1949083,2020-02-07,499884,Standard Grant,Improving Officer Safety and Decision-making by Understanding and Harnessing Within-Officer States and Between-Officer Traits,Michigan State University
2001211,2020-02-07,15999,Standard Grant,Doctoral Dissertation Research: Judging Social Minority Job Candidates: An Intersectional Analysis of Employer Behavior towards Social Minorities in the U.S. Labor Force,New York University
2001815,2020-02-07,15999,Standard Grant,Doctoral Dissertation Research: Community Partisanship: Analyzing the Local Processes that Produce National Politics,University of Chicago
2001886,2020-02-07,15461,Standard Grant,Doctoral Dissertation Research: The Differential Influence of Three Types of Elites,SUNY at Albany
2001930,2020-02-07,15861,Standard Grant,"Doctoral Dissertation Research: The Emergence of Political Careers and Parties, New York 1777-1821",University of Chicago
2001994,2020-02-07,15472,Standard Grant,Doctoral Dissertation Research: Contrasting Regimes of Labor Migration,University of California-Los Angeles
2013661,2020-02-07,38950,Standard Grant,"Workshop - Understanding accelerators as organizations that influence diversity and inclusion in entrepreneurship through practices; University Park, PA; Summer 2020",Pennsylvania State Univ University Park
2019388,2020-02-07,238008,Standard Grant,Collaborative Research: Robo-advising and Decision Making Under Risk,Georgetown University
1949379,2020-02-10,29820,Standard Grant,Doctoral Dissertation Research in DRMS: Evaluating the Effects of Financial and Temporal Scarcity on Farmer Decisions to Engage in Conservation,"OHIO STATE UNIVERSITY, THE"
1945108,2020-02-12,411228,Continuing Grant,"CAREER: Study of Redundant Deliberation in High-Stakes, High-Uncertainty Decision Making Using the Least-Worst Uncertainty Choice Inventory for Emergency Responses",University of Massachusetts Lowell
2001261,2020-02-12,15808,Standard Grant,Doctoral Dissertation Research: The Effects of Wildfire Damage on Housing Access and Migration,Yale University
2001777,2020-02-12,3697,Standard Grant,Doctoral Dissertation Research: Impact of Geography and Social Ties on Health and Well-being,Yale University
2001808,2020-02-12,15999,Standard Grant,Doctoral Dissertation Research: Regulating the Care Boom: Labor Standards and In-Home Care Work in Three U.S. Cities,CUNY Graduate School University Center
2001915,2020-02-12,15845,Standard Grant,Doctoral Dissertation Research: The Diffusion of Democratic Norms: Examining How Democracy INGO Strategies Contribute to Hybrid Regimes,SUNY at Stony Brook
2001557,2020-02-14,15986,Standard Grant,Doctoral Dissertation Research: Suicide Survival Narratives: How Social Statuses Affect Survivors' Cultural Narratives about Suicide Experiences,University of Massachusetts Amherst
2001727,2020-02-14,7650,Standard Grant,Doctoral Dissertation Research: A Multilevel Analysis of Youth Crime,University of Miami
2001738,2020-02-14,9833,Standard Grant,Doctoral Dissertation Research: Institutional and Cultural Effects on Organized Risk Reduction Efforts,University of Colorado at Boulder
2001800,2020-02-14,15810,Standard Grant,"Doctoral Dissertation Research:  Medicalization During Adolescence:  Perspectives of Parents, Doctors and Youth",Wayne State University
2001834,2020-02-14,12972,Standard Grant,Doctoral Dissertation Research: A Case Study of How Consumer Innovations Disrupt Markets,University of California-San Diego
2001868,2020-02-14,15521,Standard Grant,Doctoral Dissertation Research: Differentiating Effects of Particularistic Performance Standards in the Workplace,Brown University
2001946,2020-02-14,16000,Standard Grant,Doctoral Dissertation Research: Status Ideology: How is Status Information Interpreted?,Kent State University
2002340,2020-02-14,15942,Standard Grant,Doctoral Dissertation Research: Student Debt and Family Relationships,Princeton University
2001704,2020-02-18,16000,Standard Grant,Doctoral Dissertation Research: Detained Potential-Associative Stigma as a Core Mechanism Behind Educational Inequality for Children of Incarcerated Parents,Cornell University
1946687,2020-02-19,366469,Continuing Grant,Reliability of Evidence and Testimony in Child Maltreatment Cases,Montclair State University
2001720,2020-02-19,15999,Standard Grant,"Doctoral Dissertation Research: Households and the Future of Work: The Rise of Industrious Households After the Decline of the Family Wage, 1970-2008.",Regents of the University of Michigan - Ann Arbor
2001733,2020-02-19,15896,Standard Grant,Doctoral Dissertation Research:  Experiences of Youth at the Intersection of the Child Welfare and Juvenile Justice Systems.,Stanford University
2021600,2020-02-19,254795,Standard Grant,Broadening participation in Economics through professional mentoring,University of Missouri-Saint Louis
1947155,2020-02-21,382728,Standard Grant,Standard Research Grant: A Novel Philosophical Analysis of How Modern Gauge Symmetries Can Have Empirical Content,University of Notre Dame
1949381,2020-02-21,199516,Standard Grant,Collaborative Research: Disentangling Exploration from Exploitation,Princeton University
1949385,2020-02-21,106680,Standard Grant,Collaborative Research: Disentangling Exploration from Exploitation,National Bureau of Economic Research Inc
1949389,2020-02-21,105000,Standard Grant,Collaborative Research: Disentangling Exploration from Exploitation,Northwestern University
2001983,2020-02-21,14116,Standard Grant,Doctoral Dissertation Research: How Congregational Participation Shapes Higher Education Pathways in a Subpopulation,William Marsh Rice University
1947591,2020-02-24,290714,Standard Grant,Collaborative Research: The Geography of Information: Testing the Effects of Unequal Information in the Market for Rental Housing,Washington University
1947598,2020-02-24,88079,Standard Grant,Collaborative Research:  The Geography of Information: Testing the Effects of Unequal Information in the Market for Rental Housing,William Marsh Rice University
1949348,2020-02-24,10043,Standard Grant,Doctoral Dissertation Research in Economics: Merger Analysis of Multisided Platforms: An Application to the Used Heavy Duty Truck Auction Market,"University of Maryland, College Park"
2023405,2020-02-25,71286,Continuing Grant,Empirical Implications of Theoretical Models (EITM) Summer Institutes 2016 - 2019,Princeton University
1938706,2020-02-26,14852,Standard Grant,"Doctoral Dissertation Research: Political Incivility, Social Identity and American Democracy",Northwestern University
1946678,2020-02-26,15567,Standard Grant,Dissertation Grant: Critical Algorithmic Literacy: World-Building Around and with Algorithms,Michigan State University
1946941,2020-02-26,15150,Standard Grant,"Doctoral Dissertation Research: Exploring on-farm innovation, environmental change, and rural livelihoods in the US hop industry",University of Kansas Center for Research Inc
1946947,2020-02-26,9572,Standard Grant,Doctoral Dissertation Research: Social and Cultural Drivers of Assistive Device Design and Re-Design for People Living in Low-Resource Settings,University of North Carolina at Chapel Hill
1946951,2020-02-26,34522,Standard Grant,"Workshop: Philosophy of Science and Public Engagement; May 2020, Cincinnati, OH",University of Cincinnati Main Campus
1946768,2020-02-27,400291,Standard Grant,Police Shootings and Civic Engagement,Emory University
1949418,2020-02-27,449999,Standard Grant,Imprecise Inference from Sequentially Presented Evidence,Columbia University
1941577,2020-02-28,18825,Standard Grant,Doctoral Dissertation Research: Sensing the World: The Development of Tactile Information Systems,Massachusetts Institute of Technology
1946520,2020-02-28,249883,Standard Grant,Understanding Access to Justice: Social Sources of Variation in Everyday Relationships to Law,University of Massachusetts Amherst
1946928,2020-02-28,8419,Standard Grant,"Doctoral Dissertation Research: Staying Cool: Heat, Air-Conditioning, and Everyday Comfort",University of North Carolina at Chapel Hill
1947139,2020-02-28,12954,Standard Grant,Doctoral Dissertation Research: A History of Oil Infrastructures: Commodity Production and Consumption,New York University
1947149,2020-02-28,15750,Standard Grant,Doctoral Dissertation Research: A History of Muscle-Powered Transportation Infrastructure Planning and the Broader Political Economy,University of Chicago
1949395,2020-02-28,28026,Standard Grant,Doctoral Dissertation Research in Economics: Belief Formation and Choice in Games: An Experiment,Columbia University
1949486,2020-02-28,163662,Standard Grant,Understanding the Social Reception of Energy Infrastructure in the Developing World,"University of Maryland, College Park"
2001338,2020-02-28,15999,Standard Grant,Doctoral Dissertation Research: Policing Women Across Social Class Lines,University of Texas at Austin
2001628,2020-02-28,15901,Standard Grant,Doctoral Dissertation Research: Discretion and Decision-making in Microlending,Brown University
2001736,2020-02-28,15984,Standard Grant,Doctoral Dissertation Research:  Does Speaking Out Against Harassment Lead Women to be Negatively Stereotyped at Work?,Stanford University
2001812,2020-02-28,13984,Standard Grant,Doctoral Dissertation Research: Effects of Contradictory Signals on Post-Incarceration Labor Market Outcomes,"OHIO STATE UNIVERSITY, THE"
2001853,2020-02-28,15798,Standard Grant,Doctoral Dissertation Research: Reputational Consequences of Scholarships,Princeton University
2001906,2020-02-28,15994,Standard Grant,"Doctoral Dissertation Research: Relational Cultures, Inequality and Belonging: Race, Class and Teacher-Student Relationships in Two U.S. High Schools",University of Virginia Main Campus
2002341,2020-02-28,15892,Standard Grant,Doctoral Dissertation Research: The Data Economy and the Practice of Everyday Life,Princeton University
1945647,2020-03-02,403419,Continuing Grant,CAREER: Causal Explanation in Biology and the Diversity of Causal Concepts,University of California-Irvine
1946555,2020-03-02,12323,Standard Grant,Dissertation Grant: Engineering Stillness: The History of Site Selection and Signal Epistemological Development of the Laser Interferometer Gravitational-Wave Observatory (LIGO),Harvard University
1946917,2020-03-02,8840,Standard Grant,"Dissertation Grant: Antibiotic Resistance, Planetary Crisis, and Bacteriophage Futures in the 21st Century",Massachusetts Institute of Technology
1947134,2020-03-02,12990,Standard Grant,Dissertation Grant: The Seafloor and Society: How Technological Development on the Ocean Floor Transformed North America,University of Oregon Eugene
1947142,2020-03-02,12600,Standard Grant,Doctoral Dissertation Grant: A History of the American Cement and Concrete Industries,George Washington University
1947152,2020-03-02,142973,Standard Grant,RUI: Disposition: The Army Corps of Engineers and the Reimagining of the Upper Mississippi River,Macalester College
1948154,2020-03-02,565872,Continuing Grant,Collaborative Research: Implications of Solar Radiation Management for Strategic Behavior and Climate Governance,Duke University
1948724,2020-03-02,236925,Standard Grant,Support for Institutes and Research Groups on Qualitative and Multi-Method Research: 2021-2023,Syracuse University
1948850,2020-03-02,396274,Continuing Grant,Collaborative Research: Implications of Solar Radiation Management for Strategic Behavior and Climate Governance,Appalachian State University
2000500,2020-03-02,1410000,Continuing Grant,American Political Science Association Dissertation Improvement Grants,American Political Science Association
1946506,2020-03-03,249827,Standard Grant,"Standard Grant: Synthetic Cells and Rules of Life in Historical, Philosophical, and Social Contexts",Marine Biological Laboratory
1946818,2020-03-03,479480,Standard Grant,"RUI: STS: Race, Immigration, and the Public Understanding of Science",Occidental College
1947077,2020-03-03,14654,Standard Grant,Doctoral Dissertation Research: An Ethnographic Study of Patient-Activism and an Emerging Illness,New York University
1945304,2020-03-04,543355,Continuing Grant,CAREER: Educational Trajectories and Career Plans under Uncertainty,Brown University
1949037,2020-03-04,450797,Standard Grant,The construction and evaluation of trust in a cryptomarket,"OHIO STATE UNIVERSITY, THE"
1948572,2020-03-05,427763,Standard Grant,Testing risk communication strategies designed to address cognitive simplifications that underlie factually erroneous beliefs about scientific issues,University of Washington
1944961,2020-03-06,400000,Continuing Grant,CAREER: Transnational Lives in the U.S.,Davidson College
1950469,2020-03-06,310000,Standard Grant,Panel Conditioning Effects on Mortality: Evidence from a Large-Scale Experimental Study,University of Minnesota-Twin Cities
1951038,2020-03-06,250000,Standard Grant,Robust and Interpretable Bayesian Quantile Longitudinal Analysis in Social and Behavioral Sciences,University of Virginia Main Campus
1942375,2020-03-09,519360,Continuing Grant,"CAREER: Unity in Diversity? Migration, Culture and National Development",National Bureau of Economic Research Inc
1947662,2020-03-09,143787,Standard Grant,Collaborative Research: Robust Inference for Kernel Smoothing and Related Problems,University of California-Berkeley
1947805,2020-03-09,284851,Standard Grant,Collaborative Research: Robust Inference for Kernel Smoothing and Related Problems,Princeton University
1948714,2020-03-09,599000,Standard Grant,Outcomes and the Value of Choice in Assignment Problems,National Bureau of Economic Research Inc
1949228,2020-03-10,420000,Standard Grant,Parenting Styles within and across Neighborhoods,National Bureau of Economic Research Inc
2001828,2020-03-10,15960,Standard Grant,Doctoral Dissertation Research: The distribution of costs and opportunities in amenity development communities,Pennsylvania State Univ University Park
1945461,2020-03-11,544424,Continuing Grant,CAREER: Pockets of Effectiveness and the Diffusion of Organizational Capacity,University of Notre Dame
1946671,2020-03-11,117308,Standard Grant,Policies and Perceptions of Sexual Consent and Assault,American Bar Foundation
1949329,2020-03-11,281999,Standard Grant,Explorations in the Economics of Choice and Chance,University of Wisconsin-Madison
1950969,2020-03-11,290000,Standard Grant,"Frameworks for Generic Robust Inference, Mismeasured Spatial and Network Data, and Nonlinear Dimension Reduction",Brown University
2001744,2020-03-11,15240,Standard Grant,Doctoral Dissertation Research: Food security interventions in the food system,University of Colorado at Boulder
2001954,2020-03-11,15970,Standard Grant,Doctoral Dissertation Research: Latinidad in Precision Medicine: Emergence of Imagined Genetic Communities,Barnard College
1938806,2020-03-12,23400,Standard Grant,Doctoral Dissertation Research: The Politics of Place: How Southern Identity Shapes American Political Behavior,Regents of the University of Michigan - Ann Arbor
1938811,2020-03-12,23298,Standard Grant,Doctoral Dissertation Research: When Does Interparty Conversation Harm or Heal Affective Polarization,Washington University
1940304,2020-03-12,16626,Standard Grant,"Collaborative Research:  WORKSHOP:  Improving Gender Equality in Legislative Studies; Washington, DC - May 2020",University of Wisconsin-Madison
1940313,2020-03-12,21574,Standard Grant,"Collaborative Research:  WORKSHOP:  Improving Gender Equality in Legislative Studies; Washington, DC - May 2020",William Marsh Rice University
1940342,2020-03-12,10784,Standard Grant,"Collaborative Research:  WORKSHOP:  Improving Gender Equality in Legislative Studies; Washington, DC - May 2020",University of Illinois at Urbana-Champaign
1946668,2020-03-12,350925,Standard Grant,Standard Research Grant: Beautiful Code: Aesthetic Discourse and Aesthetic Practice in a Software Organization,University of California-Irvine
1949003,2020-03-12,449925,Continuing Grant,"Kin Networks, Neighborhood Disadvantage, and Health and Well-Being across the Life Course","Georgia State University Research Foundation, Inc."
2020872,2020-03-12,239054,Standard Grant,EAGER: SaTC: Towards Accounting for the Human in Emotion Recognition Technologies,Regents of the University of Michigan - Ann Arbor
1947017,2020-03-13,527704,Continuing Grant,"Collaborative Research:  Sociotechnical Imaginaries, Infrastructure Publics, and Electricity",Northeastern University
1948237,2020-03-13,267529,Standard Grant,SBP: A Perfect Match?  How Job Demands Shape Gender and Minority Differences in Hiring,University of North Carolina at Chapel Hill
1941917,2020-03-16,469200,Continuing Grant,CAREER: A Quantitative Analysis of Spatial Inequality and Place-based Policies,National Bureau of Economic Research Inc
1949505,2020-03-16,24300,Standard Grant,Doctoral Dissertation Research in Economics: Spatial Equilibrium and the Value of Public Transit,Columbia University
1941561,2020-03-17,485385,Continuing Grant,"CAREER: Integrated Local Sustainability Strategies, Capacities and Performance Management",Indiana University
1945604,2020-03-17,497769,Continuing Grant,"SBP: CAREER: Organizational diversity management through supportive, skills-focused allyship training",Portland State University
1946065,2020-03-17,40282,Continuing Grant,Collaborative Research: Empowering Open Law and Science,University of Washington
1946272,2020-03-17,269640,Continuing Grant,Collaborative Research: Empowering Open Law and Science,Syracuse University
1947213,2020-03-17,15520,Standard Grant,Doctoral Dissertation Research Improvement Grant: Burnout: The Epistemologies of a Modern Condition,University of California-San Diego
1946684,2020-03-18,460410,Continuing Grant,A Multi-User Relational Database of Habeas Corpus Petitions in the American West,University of Nebraska-Lincoln
1948723,2020-03-18,25995,Standard Grant,Doctoral Dissertation Research in Economics: Worker Beliefs and the Job Application Behavior,Vanderbilt University
1949415,2020-03-18,29160,Standard Grant,"Doctoral Dissertation Research in Economics: What's in a Name? The Effect of Changing Definitions of ""Employer"" on Worker Outcomes",Columbia University
1950902,2020-03-18,289906,Standard Grant,Bayesian Nonparametric Modeling and Inference Methods for Point Processes,University of California-Santa Cruz
2020597,2020-03-18,197402,Standard Grant,RAPID Proposal: Psychological distance and risk perception  related to the 2019 novel coronavirus (2019-nCoV) outbreak,SUNY at Buffalo
2022216,2020-03-18,124990,Standard Grant,"RAPID: Media Exposure, Objective Knowledge, Risk Perceptions, and Risk Management Preferences of Americans Regarding the Novel Coronavirus Outbreak",Decision Science Research Institute
2022478,2020-03-18,187351,Standard Grant,RAPID: A Longitudinal Study of Public Responses to the Coronavirus,University of Oregon Eugene
1947611,2020-03-19,438000,Standard Grant,Macreconomics as Explicitly Aggregated Microeconomics,National Bureau of Economic Research Inc
1948800,2020-03-19,282000,Standard Grant,Quantifying the Distributional Consequences of Trade and Policy Responses,National Bureau of Economic Research Inc
1949471,2020-03-19,9597,Standard Grant,Doctoral Dissertation Research in Economics: To Join or Not to Join: Coalition Formation in a Public Goods Game,Virginia Polytechnic Institute and State University
1948197,2020-03-20,472926,Standard Grant,SBP: The Arizona Youth Project: (Re)defining American Identity and National Belonging,Arizona State University
1949159,2020-03-20,433000,Standard Grant,"Market Competition, Consumer Discrimination, and Public Accommodations: Evidence From Green Books",National Bureau of Economic Research Inc
1949374,2020-03-20,202000,Standard Grant,"Trade Agreements, Deep Integration and Welfare",Yale University
1949504,2020-03-20,387485,Standard Grant,Empirical Macrofinance: Open-source Textbook and Data-sharing Platform,Princeton University
2023630,2020-03-20,39997,Standard Grant,New Directions in Law and Society,University of Massachusetts Amherst
2026337,2020-03-20,200000,Standard Grant,RAPID: Uncertain Risk and Stressful Future: A National Study of the COVID-2019 Outbreak in the U.S.,University of California-Irvine
1944981,2020-03-23,606097,Continuing Grant,"CAREER: Migration, Human Rights, and Security",Arizona State University
1947674,2020-03-23,438000,Standard Grant,Teacher Effectiveness and Policy Designs on Teachers' Labor Market,National Bureau of Economic Research Inc
1948863,2020-03-23,480000,Continuing Grant,2020 Cooperative Election Study,Tufts University
1938154,2020-03-24,18720,Standard Grant,Doctoral Dissertation Research: Protests and Concessions,Regents of the University of Michigan - Ann Arbor
1948119,2020-03-24,425999,Standard Grant,"Market Power, Taxes and Inequality",New York University
1949845,2020-03-24,290000,Standard Grant,Computer-intensive Inference with Applications to Social Sciences,Stanford University
1951331,2020-03-25,498477,Continuing Grant,Long-term consequences of supervisor hostility,Temple University
1946732,2020-03-27,12226,Standard Grant,DDIRG: Boundary-walkers: Insights into expertise and practices of translation between Indigenous knowledge and Western natural science,Virginia Polytechnic Institute and State University
1948790,2020-03-30,234794,Standard Grant,Water Unaffordability in the United States: Using Principles of Organizational Learning to Understand Municipal Capacity to Safeguard Water Access,Northeastern University
2026737,2020-03-30,53040,Standard Grant,"RAPID: Impact of Coronavirus Understanding, Trust, and Other Public Beliefs and Attitudes on Behavioral Responses",University of California-Irvine
2026763,2020-03-30,200000,Standard Grant,RAPID; Information and Implications for Protection Motivation and Action During  the COVID-19 Outbreak,University of Oklahoma Norman Campus
2027094,2020-03-30,199717,Standard Grant,RAPID: Evolution of Public Risk Perception and Mental Models Regarding COVID-19,Rand Corporation
1943730,2020-03-31,433497,Continuing Grant,CAREER: The Intersection of Spatial Statistics and Differential Privacy,Drexel University
2027148,2020-03-31,184257,Standard Grant,RAPID: The Diffusion of Fear and Coronavirus: Tracking Individual Response Across Time and Space,University of Arkansas
2026814,2020-04-01,200000,Standard Grant,RAPID: Urban Resilience to Health Emergencies: Revealing Latent Epidemic Spread Risks from Population Activity Fluctuations and Collective Sense-making,Texas A&M Engineering Experiment Station
2027278,2020-04-01,199474,Standard Grant,RAPID: The Social and Behavioral Impact of COVID-19,Northwestern University
1945448,2020-04-02,449577,Continuing Grant,"CAREER: Regulating Vulnerability: Reproduction, Risk, and the Social Production of Biomedical Research Ethics",Florida State University
1949331,2020-04-02,24000,Standard Grant,"Doctoral Dissertation Research in Economics: Income, cognitive tax, and economic decision-making among the urban poor",Cornell University
2002003,2020-04-02,15997,Standard Grant,Doctoral Dissertation Research: Maintenance of Tradition Amid Organizational Pressures to Change,University of California-San Diego
1947603,2020-04-06,201470,Continuing Grant,Collaborative Research: Student Loans and the Transition to Adulthood,University of North Carolina Greensboro
1947604,2020-04-06,158758,Continuing Grant,Collaborative Research: A New Class Divide: Student Loans and the Transition to Adulthood,Rutgers University Camden
2026631,2020-04-06,200000,Standard Grant,RAPID: Real time monitoring of information consumption regarding the coronavirus,Northeastern University
2028195,2020-04-07,185030,Standard Grant,Cultures of Stem Cell Research,Georgia Tech Research Corporation
2026984,2020-04-08,125142,Standard Grant,RAPID: The effect of a crisis on intertemporal choice,Princeton University
2027653,2020-04-08,142850,Standard Grant,"RAPID: Collaborative Research: COVID-19, Crises, and Support for the Rule of Law",West Virginia University Research Corporation
2027664,2020-04-08,29876,Standard Grant,"RAPID: Collaborative Research: COVID-19, Crises, and Support for the Rule of Law",Florida State University
2027671,2020-04-08,24087,Standard Grant,"RAPID: Collaborative Research: COVID-19, Crises, and Support for the Rule of Law",Pennsylvania State Univ University Park
2027387,2020-04-09,74000,Standard Grant,RAPID: Rumor Diffusion During Unrest,Arizona State University
1948310,2020-04-14,349999,Standard Grant,"Effects of Social Mobility on Individual Well-Being, Attitudes, and Behavior",Regents of the University of Michigan - Ann Arbor
1951005,2020-04-14,549592,Continuing Grant,Methods and Applications for Massive One-mode and Bipartite Social Networks,Johns Hopkins University
1946670,2020-04-16,349313,Continuing Grant,Fellowship and Mentoring Program on Law and Inequality,American Bar Foundation
2027598,2020-04-20,100218,Standard Grant,RAPID: A Comparative Study of How Context Shapes Responses to COVID-19,Louisiana State University
2027745,2020-04-20,100000,Standard Grant,RAPID: Cultural Differences in Shaping Diagnostic Testing Regimes in Response to the COVID-19 Pandemic,Regents of the University of Michigan - Ann Arbor
2028055,2020-04-20,97058,Standard Grant,RAPID: Working and Teaching from Home in New York State amidst the COVID-19 Pandemic,Syracuse University
2028429,2020-04-20,200000,Standard Grant,RAPID: THE CORONAVIRUS PANDEMIC: PREDICTORS AND CONSEQUENCES OF COMPLIANCE WITH SOCIAL DISTANCING RECOMMENDATIONS,Bowling Green State University
2028567,2020-04-20,63393,Standard Grant,RAPID: Collaborative Research: A Comparative Study of Expertise for Policy in the COVID-19 Pandemic,Cornell University
2028585,2020-04-20,32211,Standard Grant,RAPID: Collaborative Research: A Comparative Study of Expertise for Policy in the COVID-19 Pandemic,Harvard University
2021634,2020-04-21,210246,Continuing Grant,Assessing Transformative Justice,Brandeis University
2028981,2020-04-21,34712,Standard Grant,RAPID: Procedural Changes in State Courts During COVID-19,Wesleyan University
2029890,2020-04-21,37428,Standard Grant,RAPID: Impact of the Covid-19 Pandemic on Crime and Corrections Populations,Carnegie Mellon University
2027767,2020-04-27,50625,Standard Grant,RAPID: Collaborative Research: Adjustment and Effectiveness of Rapid Transition to Remote Work,University of South Florida
2027768,2020-04-27,148949,Standard Grant,RAPID: Collaborative Research: Adjustment and Effectiveness of Rapid Transition to Remote Work,University of Georgia Research Foundation Inc
2028622,2020-04-27,200000,Standard Grant,RAPID: New York Covid-19 Chronicle and Oral History Archive,Columbia University
1955355,2020-04-28,300000,Standard Grant,Research Data Centers: Florida Research Data Center,University of Florida
2028534,2020-04-28,98435,Standard Grant,RAPID: Collaborative Research: Understanding At-Risk Adolescents' and Parents' Daily Experiences During COVID-19,University of Texas at El Paso
2028576,2020-04-28,15907,Standard Grant,RAPID: Collaborative Research: Understanding At-Risk Adolescents' and Parents' Daily Experiences During COVID-19,Michigan State University
2028674,2020-04-28,8730,Standard Grant,RAPID: Collaborative Research: The Diffusion of State Policy Responses to the 2019 Novel Coronavirus,University of Notre Dame
2028675,2020-04-28,16417,Standard Grant,RAPID: Collaborative Research: The Diffusion of State Policy Responses to the 2019 Novel Coronavirus,Pennsylvania State Univ University Park
2028724,2020-04-28,37528,Standard Grant,RAPID: Collaborative Research: The Diffusion of State Policy Responses to the 2019 Novel Coronavirus,University of Iowa
1949100,2020-04-29,479343,Standard Grant,"Market-level effects of competition: prices, quality, and mechanisms",University of Wisconsin-Madison
2027513,2020-04-29,37927,Standard Grant,"RAPID: Collaborative Research: The Impact of COVID-19 on Norms, Risk-taking, Information, and Trust",Regents of the University of Michigan - Ann Arbor
2027548,2020-04-29,52499,Standard Grant,"RAPID: Collaborative Research: The Impact of COVID-19 on Norms, Risk-taking, Information, and Trust",Texas A&M University
2027556,2020-04-29,109367,Standard Grant,"RAPID: Collaborative Research: The Impact of COVID-19 on Norms, Risk-taking, Information, and Trust",William Marsh Rice University
2028062,2020-04-29,109440,Standard Grant,RAPID: Rural Crisis Decision-Making: Risk Information Management and Reactions to Precaution Recommendations During the COVID-19 Pandemic in Appalachia,West Virginia University Research Corporation
1943138,2020-04-30,474748,Continuing Grant,CAREER: Sensitivity Analysis in Econometrics,Duke University
2027296,2020-04-30,199997,Standard Grant,RAPID: Investigating the Causal Propositions of the Affect Heuristic During an Ongoing Pandemic,Decision Science Research Institute
2029963,2020-04-30,110399,Standard Grant,RAPID: Assessing the Social Consequences of COVID-19,"University of Maryland, College Park"
2027405,2020-05-01,199729,Standard Grant,RAPID: How uncertainty about risk and conflicting messages affect preventive behaviors against Covid-19,Carnegie Mellon University
2027620,2020-05-01,135825,Standard Grant,RAPID: THE PSYCHOLOGICAL UNDERPINNINGS OF PANIC BUYING DURING THE COVID-19 OUTBREAK AND HOW TO MITIGATE THEM,University of Rhode Island
2028331,2020-05-01,150763,Standard Grant,RAPID: Pandemic School Closures and Teacher-Student Relationships,University of Virginia Main Campus
2028774,2020-05-01,197815,Standard Grant,"RAPID: A Probability-Based, National-Representative Survey of Americans Before, During, and After the Pandemic",National Opinion Research Center
2030344,2020-05-01,105467,Standard Grant,RAPID: Examining Community Corrections Agencies During COVID-19,The University of Central Florida Board of Trustees
1944138,2020-05-04,400000,Continuing Grant,"CAREER: Information Frictions in Consumer Credit Markets: Evidence on Policy, Practice, and Beliefs",Massachusetts Institute of Technology
2028091,2020-05-04,199591,Standard Grant,"RAPID: Employer and Employee Behaviors, Experiences,  and Perceptions of the Pandemic",Rand Corporation
1949413,2020-05-05,307999,Standard Grant,Collaborative Research: Artificial intelligence and deep learning solution methods for dynamic economic models,CUNY Graduate School University Center
1949430,2020-05-05,149000,Standard Grant,Collaborative Research: Artificial intelligence and deep learning solution methods for dynamic economic models,Santa Clara University
2017548,2020-05-05,27650,Standard Grant,"Doctoral Dissertation Research: Forgive Us Our Debts: Market Expansion, Ethno-Racial Boundaries, and the Democratization of Bankruptcy",Columbia University
2028242,2020-05-05,98285,Standard Grant,RAPID: Distancing & Digital Information in the Face of COVID-19,Virginia Polytechnic Institute and State University
2029043,2020-05-05,186155,Standard Grant,Collaborative Research: RAPID: Socioeconomic Determinants of Social Distancing Behaviors in Response to the COVID-19 Pandemic,"OHIO STATE UNIVERSITY, THE"
2029106,2020-05-05,13243,Standard Grant,Collaborative Research: RAPID: Socioeconomic Determinants of Social Distancing Behaviors in Response to the COVID-19 Pandemic,University of Texas at Austin
2029924,2020-05-05,188928,Standard Grant,RAPID: Work in the Time of COVID-19,University of North Carolina at Chapel Hill
2028409,2020-05-07,71098,Standard Grant,RAPID: The Roles of Organizational Contextual Factors in Worker Reactions to COVID-19,Michigan State University
2029880,2020-05-08,199668,Standard Grant,RAPID: COVID-19 Information Campaigns for Vulnerable Populations,National Bureau of Economic Research Inc
2017145,2020-05-11,25087,Standard Grant,"Doctoral Dissertation Research: Emigrant Political Rights in Latin America, Dual Citizenship, Voting, and Representation",University of California-Los Angeles
2028683,2020-05-11,200000,Standard Grant,"RAPID:  Evaluating the Impact of COVID-19 on Labor Market, Social, and Mental Health Outcomes",University of Southern California
2029292,2020-05-11,99840,Standard Grant,"RAPID: Collaborative Research: Relationships, social distancing, social media and the spread of COVID-19",Rutgers University New Brunswick
2029792,2020-05-11,100000,Standard Grant,"RAPID: Collaborative Research: Relationships, social distancing, social media and the spread of COVID-19",Harvard University
2030593,2020-05-11,196830,Standard Grant,"RAPID: Online Social Networks, Relationships, and COVID-19",Stanford University
2030830,2020-05-11,120925,Standard Grant,RAPID: Effective Recovery for Organizations from the COVID-19: Optimizing Strategic Responses,University of Florida
1948979,2020-05-12,129651,Standard Grant,"Cliometrics Conferences 2021, 2023 and World Congress for 2022",SUNY at Binghamton
2016806,2020-05-19,90440,Standard Grant,The Expanding Role of the State in Professional Regulation,University of Virginia Main Campus
2017456,2020-05-19,17479,Standard Grant,Doctoral Dissertation Research: Beyond the Law: Responding to Sexual Violence with Restorative Justice,University of Kansas Center for Research Inc
2029384,2020-05-19,199927,Standard Grant,RAPID: Daily Mobility Patterns and COVID-19 Risk among Urban Older Adults,National Opinion Research Center
2028968,2020-05-20,175848,Standard Grant,"RAPID: Health, Housing, and Hazards: COVID-19, Subjective Resilience, Vulnerabilities, and Policy Evolution in Hurricane Prone Counties",Florida Atlantic University
1949029,2020-05-28,562285,Continuing Grant,"COLLABORATIVE RESEARCH: OIL AND GAS SITING, HOUSING CHOICES, AND STAKEHOLDER ENGAGEMENT",University of Colorado at Denver-Downtown Campus
1949046,2020-05-28,168379,Continuing Grant,"COLLABORATIVE RESEARCH: OIL AND GAS SITING, HOUSING CHOICES, AND STAKEHOLDER ENGAGEMENT",Colorado School of Mines
2017173,2020-05-28,22477,Standard Grant,Doctoral Dissertation Research: Legal Preferences and Civil War Outcomes,William Marsh Rice University
2017510,2020-05-28,388877,Continuing Grant,Video-Recordings of Eyewitness Identification in Actual Cases: The Postdictive Value of Eyewitness Behaviors,Iowa State University
1949522,2020-05-29,360000,Standard Grant,A Tough Call: Understanding the Gendered Impact of Mobile Technology in Low Income Communities,Yale University
2017037,2020-05-29,341085,Continuing Grant,"Immigration Dimensions of Local Governance: Municipalities, Neighborhoods, and Citizenship",University of California-Irvine
2027923,2020-06-01,199479,Standard Grant,RAPID: Tuskegee University COVID Aware Program,Tuskegee University
2029498,2020-06-01,192235,Standard Grant,RAPID: Understanding increased social bias during the COVID-19 crisis in the United States,Cornell University
1949531,2020-06-02,407178,Standard Grant,A Labor Markets Research Agenda through a Job Search Platform,Duke University
2017311,2020-06-04,31300,Standard Grant,Doctoral Dissertation Research: Personality Traits of U.S. Courts of Appeals Judges,Michigan State University
2029790,2020-06-04,174891,Standard Grant,RAPID: Developing Social Differentiation-respecting Disease Transmission Models,Duke University
2029039,2020-06-05,49133,Standard Grant,RAPID: Coronavirus Risk Communication: How Age and Communication Format Affect Risk Perception and Behaviors,University of Washington
2029258,2020-06-05,66453,Standard Grant,"RAPID: Examining Media Dependencies, Risk Perceptions, and Depressive Symptomatology during the 2020 COVID Pandemic",University of Connecticut
2030883,2020-06-05,157138,Standard Grant,RAPID: Challenges and Novel Responses in Law Enforcement and Criminal Courts  to the COVID-19 Pandemic,American University
2032752,2020-06-05,71522,Standard Grant,RAPID: Using a professional code of ethics to promote ethical and responsible research,West Virginia University Research Corporation
2029512,2020-06-07,66375,Standard Grant,RAPID:Working Parents and Childcare during the Coronavirus Disease (COVID-19) Pandemic,University of Iowa
2029990,2020-06-07,178698,Standard Grant,RAPID: Impacts of COVID-19 Pandemic on Rural Attitudes about Federal Aid and Recovery,Yale University
2031591,2020-06-07,138613,Standard Grant,"RAPID: Pandemic Anxiety, Recovery, and Inequality:  Evaluating Institutions and Policy in a Coronavirus Hotspot",Louisiana State University
2030569,2020-06-08,200000,Standard Grant,"RAPID: ECONOMIC AND SOCIAL CONSEQUENCES OF THE COVID-19 PANDEMIC FOR LOW INCOME, LATE MIDDLE-AGED AFRICAN AMERICANS",University of Georgia Research Foundation Inc
2030845,2020-06-08,170249,Standard Grant,RAPID: Exploring the Cyber Behaviors of Temporary Work-From-Home (TWFH) Employees,The University of Central Florida Board of Trustees
2029610,2020-06-09,199596,Standard Grant,RAPID: Measuring Information Consumption and Beliefs During the Covid-19 Pandemic.,New York University
2030139,2020-06-09,199890,Standard Grant,RAPID: Compounding Crises: Facing Hurricane Season in the Era of COVID-19,Stanford University
2031726,2020-06-09,191000,Standard Grant,"RAPID: Work, Family, and Social Well-Being among Couples in the Context of COVID-19",Wayne State University
2020648,2020-06-10,226228,Standard Grant,Scholars Award: From Wet Nursing to Milk Banks: A History of Nursing,Regents of the University of Michigan - Ann Arbor
2029857,2020-06-10,86689,Standard Grant,RAPID: Testing Important Judgment/Decision Making Phenomena in the High-Incentive Context of Covid-19: The Understanding of Physicians and Laypersons,"OHIO STATE UNIVERSITY, THE"
2032745,2020-06-10,200000,Standard Grant,RAPID: Investigating Public Health and Social Information Disparities During the COVID-19 Pandemic,Louisiana State University
2017068,2020-06-11,422000,Continuing Grant,Removing Barriers to Recovery: Community Partnering for Innovative Solutions to the Opioid Crisis,Regents of the University of Michigan - Ann Arbor
2017635,2020-06-11,25199,Standard Grant,"Doctoral Dissertation Research: Family Membership, Marital Status, and Citizenship",Rutgers University New Brunswick
2028485,2020-06-11,199027,Standard Grant,RAPID: COVID-19 Information Exposure and Messaging Effects,Dartmouth College
2032523,2020-06-11,106668,Standard Grant,RAPID: Community Cooperation in Response to the Covid-19 Pandemic.,Louisiana State University
2033321,2020-06-12,199974,Standard Grant,RAPID: Combating the Spread of COVID-19: Testing Cost-Effective Strategies for Promoting Behavior Change,Innovations for Poverty Action
2001910,2020-06-15,16000,Standard Grant,Doctoral Dissertation Research:  Cooperation in Uncertainty during Migration,American University
2001936,2020-06-15,15852,Standard Grant,Doctoral Dissertation Research: Social Capital in Employment Referral Networks,Duke University
2017046,2020-06-15,294768,Standard Grant,Modeling Evaluation Methods for Eyewitness Identification,"Board of Regents, NSHE, obo University of Nevada, Reno"
2017591,2020-06-15,32400,Standard Grant,Doctoral Dissertation Research: Governing the Uncommons: The Impact of Technological Change on International Law,Columbia University
2030316,2020-06-15,164638,Standard Grant,RAPID: Easing COVID-19 Restrictions: How Variation in State Policy and Public Health Messaging Strategies Impact Risk Perceptions and Behaviors Across Time,Bentley University
2030056,2020-06-16,199355,Standard Grant,RAPID: Exposure Indices for COVID-19 Research,National Bureau of Economic Research Inc
2030547,2020-06-16,111999,Standard Grant,RAPID: Systemic Differences in Employee Outcomes from COVID-19 and the Effectiveness of Organizational Response,University of Memphis
2031649,2020-06-16,199967,Standard Grant,RAPID: The Impact of COVID-19 on Job Loss and Job Creation,"University of Maryland, College Park"
1948943,2020-06-17,412538,Standard Grant,Using New Longitudinal Linked Data to Investigate the Determinants of Educational Attainment and Achievement,University of Pennsylvania
1949362,2020-06-18,502000,Standard Grant,"Extreme Effects of Uncertainty on Social Learning: An Investigation of Endogenously Limited Communication, Skepticism, and Biased Beliefs",National Bureau of Economic Research Inc
2031246,2020-06-19,196890,Standard Grant,RAPID: Analyses of Emotions Expressed in Social Media and Forums During the COVID-19 Pandemic,Mississippi State University
2033893,2020-06-22,199723,Standard Grant,RAPID: Income and Poverty in the COVID-19 Pandemic,University of Chicago
2016320,2020-06-23,148879,Standard Grant,Extracting the backbone of weighted networks,Michigan State University
2030694,2020-06-23,85427,Standard Grant,"RAPID: Vulnerable Populations, Online Information, and COVID-19",George Washington University
2017655,2020-06-24,249548,Standard Grant,Behavioral Effects of Exposure to Extremist Content in Social Media,University of Pennsylvania
2029183,2020-06-24,198997,Standard Grant,RAPID: Using Structured Introspection and Expert Perspective Taking to Increase Societal Considerations During the Coronavirus Pandemic,University of Colorado at Boulder
2032493,2020-06-24,196620,Standard Grant,RAPID: Joint Epidemiological and Macroeconomic Outcomes from Non-Pharmaceutical Interventions in Response to the COVID-19 Pandemic,Harvard University
1956428,2020-06-25,499919,Standard Grant,Excellence in Research - The Impact of Cybersecurity Policies on Employees' Efficiency and Performance Predictability,Norfolk State University
2030599,2020-06-25,197667,Standard Grant,RAPID: Longitudinal Modeling of Teams and Teamwork during the COVID-19 Crisis,University of Colorado at Boulder
2031002,2020-06-25,199996,Standard Grant,RAPID: Cyber-Hostility and COVID-19,Clemson University
2033425,2020-06-25,82273,Standard Grant,"RAPID: Uncovering the Effects of COVID-19 on Stress, Well-being and Economic Decision-Making",University of Alabama Tuscaloosa
2015613,2020-06-26,300264,Continuing Grant,SBP: Why Neighborhoods Matter: A Causal Mediation Analysis of Contextual Effects on Child Academic Achievement,University of Chicago
2016937,2020-06-28,21034,Standard Grant,Doctoral Dissertation Research:Constructive and Destructive Exit: Understanding Treaty Withdrawal,University of Washington
2029336,2020-06-28,99995,Standard Grant,RAPID: Science and Social Networks: COVID-19 in an Urban Epicenter,Columbia University
2033786,2020-06-28,76797,Standard Grant,RAPID: COVID-19 and Suspensions of Law,Case Western Reserve University
2032452,2020-06-29,67146,Standard Grant,RAPID: Effects of COVID-19 on Community Solidarity,Virginia Polytechnic Institute and State University
2033855,2020-06-29,396274,Continuing Grant,Collaborative Research: Implications of Solar Radiation Management for Strategic Behavior and Climate Governance,University of Wyoming
2019363,2020-06-30,290000,Standard Grant,Rank-based Inference for Complex and Noisy High-dimensional Data,University of Washington
2031792,2020-06-30,199123,Standard Grant,RAPID: Analysis of Job Posting in Recession and Recovery (JPRR),National Bureau of Economic Research Inc
2032563,2020-06-30,199034,Standard Grant,RAPID: Effects of Responses to COVID-19 and Social Context on Food Insecurity,North Carolina State University
2032639,2020-06-30,199999,Standard Grant,RAPID: Remote Work in the Time of COVID-19,Boston College
2034367,2020-06-30,199251,Standard Grant,RAPID: Trade-Offs Between Public Health Promotion and Legal Restrictions During the COVID-19 Pandemic,University of Cincinnati Main Campus
2037575,2020-06-30,200000,Standard Grant,"Project Title: RAPID: Understanding the Experiences of Public Internet Users 










during the Novel Coronavirus Pandemic",University of Kansas Center for Research Inc
1951298,2020-07-01,287839,Standard Grant,Collaborative Research: Creativity in Teams : Identifying the Role of Meetings in Fostering Effective Cognitive and Social Processes in Teams,Clemson University
1951300,2020-07-01,295091,Standard Grant,Collaborative Research: Creativity in Teams: Identifying the Role of Meetings in Fostering Effective Cognitive and Social Processes in Teams,University of Nebraska at Omaha
1952007,2020-07-01,1500000,Standard Grant,SCC-IRG Track 2: Overcoming the Rural Data Deficit to Improve Quality of Life and Community Services in Smart & Connected Small Communities,Iowa State University
2017313,2020-07-01,349999,Standard Grant,Assessing the Validity of Forensic Decisions Through Interrater Reliability,Iowa State University
2017361,2020-07-01,177774,Continuing Grant,SBP: Social Identities in the 21st Century,University of Illinois at Chicago
2017727,2020-07-01,374374,Standard Grant,Understanding Disciplinary Approaches in School Settings,Loyola University of Chicago
2020707,2020-07-01,315108,Standard Grant,"Indigenous Calendar Knowledge, Research Protocols, and Visualization Technologies",University of Missouri-Columbia
1851407,2020-07-02,259034,Standard Grant,"Collaborative Research:  Women as Leaders, Policy-Makers, and Symbols",University of Kentucky Research Foundation
1851457,2020-07-02,170811,Standard Grant,"Collaborative Research: Women as Leaders, Policy-Makers, and Symbols",William Marsh Rice University
2018750,2020-07-02,38996,Standard Grant,Doctoral Dissertation Research in Economics and Public Policy: Employer Preference for Applicants based on Geographic Location - A Resume Audit,Carnegie Mellon University
2017519,2020-07-05,30527,Standard Grant,Doctoral Dissertation Research: Impact of Various Storage Temperatures andTtime on Microbiome of Forensically Relevant Biological Samples,Virginia Commonwealth University
2017967,2020-07-06,198000,Standard Grant,RUI: Agricultural Trade and Adaptation to Environmental Change,Middlebury College
2018387,2020-07-06,24300,Standard Grant,Doctoral Dissertation Research in Economics: The Consequences of Welfare Reform: A Case Study in Michigan,Columbia University
2029420,2020-07-06,199984,Standard Grant,RAPID: Automated Extraction and Validation of the Gist of Social Media Messages about COVID-19,Cornell University
2029633,2020-07-06,199994,Standard Grant,RAPID: The impact of norms and emotions on social distancing during COVID-19,Michigan State University
2030059,2020-07-06,200000,Standard Grant,RAPID: COVID-19 Information Visualizations,Regents of the University of Michigan - Ann Arbor
1948309,2020-07-07,244084,Continuing Grant,Between culture and robotics: The making of social robots,New York University
2001913,2020-07-07,15971,Standard Grant,Doctoral Dissertation Research: Causes and Effects of the Incarceration of Minority Individuals,"OHIO STATE UNIVERSITY, THE"
2017096,2020-07-07,81991,Standard Grant,Collaborative Research: Using Big Data to Analyze Maritime Conflict,University of California-San Diego
2017425,2020-07-07,196448,Standard Grant,Collaborative Research: Using Big Data to Analyze Maritime Conflict,Emory University
2017666,2020-07-07,25200,Standard Grant,Doctoral Dissertation Research: Translating Indigenous Rights: A Multi-Level Study of Prior Consultation Law,University of Georgia Research Foundation Inc
2020183,2020-07-07,174054,Standard Grant,Collaborative Research Data Afterlives: The long-term impact of NSF Data Management Plans on data archiving and sharing for increased access,University of Washington
2020604,2020-07-07,287031,Standard Grant,COLLABORATIVE RESEARCH: Data Afterlives: The long term impact of NSF Data Management Plans on data archiving and sharing for increased access,University of Texas at Austin
2027836,2020-07-07,200000,Standard Grant,RAPID: Changes in risk perceptions and COVID-19,Regents of the University of Michigan - Ann Arbor
2017044,2020-07-08,349786,Continuing Grant,Understanding Organizational Inequality in Immigrant-serving Nonprofits,University of California-Berkeley
2018061,2020-07-08,24355,Standard Grant,"Doctoral Dissertation Research in Economics: The Effect of Certified Nurse Midwife Scope-of-Practice Laws on Health Costs, Prices, and Outcomes",National Bureau of Economic Research Inc
2018063,2020-07-08,497024,Continuing Grant,Understanding Norm Clusters and Their Dynamics in the Transition to Renewable Energy,Princeton University
2018073,2020-07-08,30356,Standard Grant,Doctoral Dissertation Research in DRMS: Individual differences in Type 1 thought: The other half of human intelligence,Carnegie Mellon University
2018122,2020-07-08,21590,Standard Grant,Doctoral Dissertation Research in DRMS: Decision-Making Processes for Resilient Tourism-Based Economic Development,Arizona State University
2020825,2020-07-08,83182,Standard Grant,Collaborative Research: Leader Behaviors and Experiences across Life Domains,Michigan State University
2020883,2020-07-08,93886,Standard Grant,Collaborative Research: Leader Behaviors and Experiences across Life Domains,"Georgia State University Research Foundation, Inc."
2020918,2020-07-08,172688,Standard Grant,Collaborative Research: Leader Behaviors and Experiences across Life Domains,CUNY Baruch College
2033920,2020-07-08,157693,Standard Grant,RAPID: COLLABORATIVE RESEARCH: Resiliency and Vulnerability to COVID-19 in Rural Communities: Health and Socioeconomic Well-Being in the Context of Ethnic Diversity,Iowa State University
2033957,2020-07-08,42261,Standard Grant,RAPID: COLLABORATIVE RESEARCH: Resiliency and Vulnerability to COVID-19 in Rural Communities: Health and Socioeconomic Well-Being in the Context of Ethnic Diversity,University of Iowa
2038043,2020-07-08,46943,Standard Grant,Workshop: RISE Workshop on RECR Resources,West Virginia University Research Corporation
2020585,2020-07-09,139360,Standard Grant,Understanding Deep Neural Networks,University of Houston
2032747,2020-07-09,199887,Standard Grant,RAPID: Estimating the Reciprocal Relationship between COVID-19 Infections of Prisoners and Staff and Infections in the Surrounding Communities,Arizona State University
2035682,2020-07-09,198852,Standard Grant,RAPID: Higher Order Beliefs during a Pandemic: Theory and Evidence to Test the Effects of Public Health Campaigns,University of Chicago
2037583,2020-07-09,200000,Standard Grant,RAPID: Trust and Legal Socialization During the COVID-19 Pandemic,University of California-Davis
2039172,2020-07-09,199849,Standard Grant,RAPID: SaTC: Information Privacy Tensions and Decisions in Families during COVID-19.,Virginia Polytechnic Institute and State University
1949366,2020-07-10,304975,Continuing Grant,Procedural Complexity and Economic Behavior,University of California-Santa Barbara
2018690,2020-07-10,137981,Standard Grant,Collaborative Research: Individual and Team Behavior in Indefinitely Repeated Games,Florida State University
2018704,2020-07-10,240871,Standard Grant,Collaborative Research: Individual and Team Behavior in Indefinitely Repeated Games,"OHIO STATE UNIVERSITY, THE"
2019432,2020-07-10,460000,Standard Grant,New Developments in Methodology for Program Evaluation,Princeton University
2033924,2020-07-10,198000,Standard Grant,RAPID: Translating Basic Research Into Actionable Guidance Through the Societal Experts Action Network (SEAN),Federation of American Scientists
2018051,2020-07-12,33629,Standard Grant,Doctoral Dissertation Research in DRMS: El Poder de la Familia: Understanding the role of familism on Latino environmentalism,Cornell University
1948336,2020-07-13,222984,Standard Grant,Collaborative Research: The economics of social data,Yale University
1948692,2020-07-13,229885,Standard Grant,Collaborative Research: The economics of social data,Massachusetts Institute of Technology
2018068,2020-07-13,283000,Standard Grant,Interventions on Diffusion Processes,Columbia University
2018498,2020-07-13,272446,Standard Grant,Robust Inference and Specification Analysis in Incomplete Models,Trustees of Boston University
2021117,2020-07-13,31916,Standard Grant,Doctoral Dissertation Research in DRMS: Assembling Teams Supported by Augmented Intelligence,Northwestern University
2029684,2020-07-13,191690,Standard Grant,Rapid: The Effects of COVID-19 on Household Energy Insecurity,Indiana University
2017774,2020-07-14,31400,Standard Grant,Doctoral Dissertation Research: A Comparative Analysis of Migration,University of California-Berkeley
2018782,2020-07-14,62600,Standard Grant,Doctoral Dissertation Research in Economics: Heat Exposure and Dietary Choices,University of Pittsburgh
2018696,2020-07-15,236685,Standard Grant,Engaging Women in the Market for Mobile Money,"University of Maryland, College Park"
2030800,2020-07-15,191160,Standard Grant,RAPID: Public Responses to Personal and Societal Risk: Attitudes and Behavior on COVID-19 and Global Change,Princeton University
2032371,2020-07-15,200000,Standard Grant,"RAPID: COVID-19 Influences on Racial, Gender, and Social Class Disparities in Time Use and Well-Being",University of Minnesota-Twin Cities
2037350,2020-07-15,158235,Standard Grant,RAPID: Small Businesses and Access to Legal Resources During the COVID-19 Pandemic,University of Illinois at Urbana-Champaign
2017162,2020-07-16,445616,Standard Grant,Collaborative Research: Mapping Relational Data in Civil Conflicts,Vanderbilt University
2017180,2020-07-16,289355,Standard Grant,Collaborative Research: Mapping Relational Data in Civil Conflicts,Michigan State University
2017726,2020-07-16,22669,Standard Grant,Doctoral Dissertation Research: The Community Paralegal Model and Access to Justice,University of California-Santa Cruz
2018094,2020-07-16,520000,Standard Grant,Perceived Causes and Clarity of Financial Market Jumps,National Bureau of Economic Research Inc
2029313,2020-07-16,17996,Standard Grant,RAPID: Failure to Predict Infection Risk and its Impact on the Spread of COVID-19,Iowa State University
2018048,2020-07-17,52146,Standard Grant,Doctoral Dissertation Research in Economics: What Does Innovation Tell Us about Market Concentration?,University of Rochester
2018234,2020-07-17,365000,Standard Grant,Non Parametric Gravity: Quantifying Firm Heterogeneity and Measuring Its Macroeconomic Implications,National Bureau of Economic Research Inc
2018246,2020-07-17,428247,Standard Grant,An Experimental Evaluation of a Matching Market Mechanism,National Bureau of Economic Research Inc
2018369,2020-07-17,246111,Standard Grant,Factor Based Imputation of Missing Data,Columbia University
2025743,2020-07-17,193578,Standard Grant,Collaborative Research: Ethical Considerations in Three-Dimensional Digitization of Indigenous Heritage,Des Moines Area Community College
2025744,2020-07-17,43681,Standard Grant,Collaborative Research: Ethical Considerations in Three-Dimensional Digitization of Indigenous Heritage,University of South Florida
2017315,2020-07-19,432731,Standard Grant,Modeling and Analyzing the Conditions under which Firms Strategically Allocate Resources,Massachusetts Institute of Technology
2018173,2020-07-20,39191,Standard Grant,DOCTORAL DISSERTATION RESEARCH IN DRMS Collective Response to Scarcity: How the Resource Environment Shapes Social Networks,University of Chicago
2018614,2020-07-20,254585,Standard Grant,Collaborative Research: Understanding the Long-Run Effects of School Desegregation on Political and Social Preferences,"University of Maryland, College Park"
2018869,2020-07-20,103032,Standard Grant,Collaborative Research: Understanding the Long-Run Effects of School Desegregation on Political and Social Preferences,Northwestern University
2021152,2020-07-20,145801,Standard Grant,Scholars: Affective Economies in Crowdfunding for Cancer,San Francisco State University
2017614,2020-07-21,408045,Standard Grant,Tracking Horizontal Inequalities Across Dimensions to Forecast and Understand Instability (TrIAD),University of Pittsburgh
2018266,2020-07-21,394366,Standard Grant,The Long-run and Multi-generational Effects of Housing and Neighborhood Interventions,University of Notre Dame
2018609,2020-07-21,423000,Standard Grant,A Granular Framework for Assessing the Incidence of Local Economic Shocks,University of Chicago
2021012,2020-07-21,492552,Standard Grant,A Multidimensional Reconstruction of the Order of Composition of Historical Manuscripts from Textual and Material Evidence,Indiana University
2032216,2020-07-21,1999502,Continuing Grant,American Sociological Association Doctoral Dissertation Research Improvement Grant Program (ASA DDRIG),American Sociological Assoc
1948669,2020-07-22,479874,Standard Grant,Preventing Civil War through International Action,"University of Maryland, College Park"
1951818,2020-07-22,1499861,Standard Grant,SCC-IRG Track 2: Building Smart Community Capacity,Georgia Tech Research Corporation
2018632,2020-07-22,25313,Standard Grant,Doctoral Dissertation Research in Economics: The Social Dimension of Quality,Columbia University
2019071,2020-07-22,31500,Standard Grant,Doctoral Dissertation Research in Economics: Improved Public Primary Healthcare and Informal Provider Responses,Princeton University
2020002,2020-07-22,499055,Standard Grant,RCN: Building an Interdisciplinary Community of Big Microdata Researchers,University of Minnesota-Twin Cities
2020179,2020-07-22,350000,Standard Grant,Modern Approaches for the Analysis of Social Media Data,North Carolina State University
2024269,2020-07-22,499994,Standard Grant,An Indigenous Data Governance Approach for Enhancing Ethical Research Policies and Practices,University of Arizona
2041304,2020-07-22,57243,Standard Grant,Collaborative Research:  The Geography of Information: Testing the Effects of Unequal Information in the Market for Rental Housing,University of Wisconsin-Madison
2018923,2020-07-23,244689,Standard Grant,GEOVOL: A NEW STATISTICAL MODEL FOR GEOPOLITICAL RISK,New York University
2019121,2020-07-23,12733,Standard Grant,DDRIE: Economic Value of Crime Control: Evidence from a Large Investment in Police Infrastructure.,University of Chicago
2020863,2020-07-23,418680,Standard Grant,Integrating Trust and Feedback Intervention Theories to Predict Behavioral Change in Response to Algorithmic Feedback,University of Minnesota-Twin Cities
2024296,2020-07-23,599301,Standard Grant,Institutional Transformation: Intersections of Moral Foundations and Ethics Frameworks in STEM Enculturation,The University of Central Florida Board of Trustees
2020276,2020-07-24,290000,Standard Grant,Statistical Models for Three-Way Social Network Dynamics,Carnegie Mellon University
1949112,2020-07-27,173468,Standard Grant,Information Disclosure and Financial Markets: An Experimental Investigation,Virginia Commonwealth University
2020893,2020-07-27,89649,Standard Grant,How Competing Sociotechnical Imaginaries Shape Trust and Governance of Gene Editing in Agriculture and Food,Iowa State University
2020999,2020-07-27,330186,Standard Grant,How Competing Sociotechnical Imaginaries Shape Trust and Governance of Gene Editing in Agriculture and Food,SUNY College of Environmental Science and Forestry
1946922,2020-07-28,336325,Standard Grant,Unilateral Action and the Presidency,Harvard University
1949582,2020-07-28,189000,Standard Grant,The Impact of Securities Regulation on Financial Development and Entrepreneurship,California Institute of Technology
1951057,2020-07-28,349999,Standard Grant,Bayesian Estimation of Restricted Latent Class Models for Ordinal and Nominal Response Data,University of Illinois at Urbana-Champaign
2018599,2020-07-28,42663,Standard Grant,Collaborative Research: Veto Bargaining: Delegation and Non-Coasian Dynamics,University of Pittsburgh
2018623,2020-07-28,266000,Standard Grant,"Finance, Risk-Taking and Growth: Evidence from New U.S. Firm-Level Data","University of Maryland, College Park"
2018948,2020-07-28,237805,Standard Grant,Collaborative Research: Veto Bargaining: Delegation and Non-Coasian Dynamics,Columbia University
2018983,2020-07-28,208911,Standard Grant,Collaborative Research: Veto Bargaining: Delegation and Non-Coasian Dynamics,Arizona State University
2019028,2020-07-28,264210,Standard Grant,Repeated Matching Games: An Empirical Framework,William Marsh Rice University
2020024,2020-07-28,287589,Standard Grant,A Global Nuclear Environmental History,Colby College
2020232,2020-07-28,320120,Standard Grant,Standard Research Grant: Science and the Social Production of Crisis: Sagas of HIV/Blood Contamination,Columbia University
2026439,2020-07-28,149674,Standard Grant,FW-HTF-P: Exploring Creative Design at the Human-technology Frontier Through the Emerging Artist-technologist Occupation,University of Rochester
2016661,2020-07-29,1416164,Continuing Grant,Law and Science Dissertation Grant Program,Arizona State University
2024200,2020-07-29,581653,Standard Grant,Fostering a Culture of Openness and Transparency with Institutional Authorship Policies,University of North Carolina at Charlotte
1949517,2020-08-03,23000,Standard Grant,Doctoral Dissertation Research in Economics: Reference-Dependent Effort Provision under Heterogeneous Gain Loss Attitudes,University of California-San Diego
1951470,2020-08-03,433921,Standard Grant,"The Effects of the World War II Research Effort on Postwar U.S. Science, Technology, and Innovation",Duke University
2028374,2020-08-03,191696,Standard Grant,RAPID: Visualizing Epidemical Uncertainty for Personal Risk Assessment,New York University
2031705,2020-08-03,199603,Standard Grant,"RAPID: Quantifying the Downstream Effects of COVID-19 Online Health Information on Risk Perceptions, Decision Making, Policy Preferences, and Preventive Health Behaviors",Northwestern University
2041530,2020-08-03,50000,Standard Grant,"Emerging Areas of Science, Engineering, and Medicine for the Courts: A Workshop to Identify Chapters for a Fourth Edition of The Reference Manual on Scientific Evidence",National Academy of Sciences
2026594,2020-08-04,149720,Standard Grant,FW-HTF-P: WORK WELL: Understanding the interrelationships between humans and technology to improve the quality of work life in smart buildings,University of Cincinnati Main Campus
2029186,2020-08-04,188570,Standard Grant,RAPID: SEAN COVID-19 Survey Archive,National Bureau of Economic Research Inc
2026512,2020-08-05,149343,Standard Grant,FW-HTF-P: The Future of Workplace Wellness,Arizona State University
2039851,2020-08-05,199910,Standard Grant,RAPID: Understanding the Disparate Impact of COVID-19,Duke University
2041215,2020-08-05,2325489,Standard Grant,FW-HTF-RL: Preparing the Future Workforce for the Era of Automated Vehicles,Clemson University
2027572,2020-08-06,120000,Standard Grant,RAPID: Teaming in the Time of Covid-19: Understanding how technology affordances can enable collaboration during sudden workplace disruption,Northwestern University
2031841,2020-08-06,102708,Standard Grant,RAPID Choices under Short-Term Threats and Behavioral Response to Social Distancing in the COVID-19 Pandemic,Cornell University
2041242,2020-08-06,199053,Standard Grant,RAPID: The Changing Nature of Work: Dynamic Reconfiguration and Visualization in the Context of Covid-19 Contact Tracing,Michigan State University
2019086,2020-08-07,36288,Standard Grant,"Collaborative Research: Social Norms, Trust, and Intergenerational Flow of Innovations",Northwestern University
2019117,2020-08-07,371079,Standard Grant,"Collaborative Research: Social Norms, Trust, and Intergenerational Flow of Innovations",Innovations for Poverty Action
2019178,2020-08-07,43762,Standard Grant,"Collaborative Research: Social Norms, Trust, and Intergenerational Flow of Innovations",Oregon State University
2031446,2020-08-07,55827,Standard Grant,RAPID Collaborative Research: Economic Preferences and Preventative Health Measures During a Pandemic,"University of Maryland, College Park"
2031465,2020-08-07,44172,Standard Grant,RAPID Collaborative Research: Economic Preferences and Preventative Health Measures During a Pandemic,Rensselaer Polytechnic Institute
2041556,2020-08-07,199537,Standard Grant,RAPID: The Impact of Being Policed Under Threat,Wayne State University
2042074,2020-08-09,137539,Standard Grant,Collaborative Research: Determining the Fundamental Cognitive Properties of Decision Making,University of Texas at San Antonio
2031972,2020-08-10,200000,Standard Grant,RAPID: Agenda Generality and Behavior in Social Network Interactions about COVID-19,University of Illinois at Urbana-Champaign
2040063,2020-08-10,148888,Standard Grant,Collaborative Research: Standard Grant: The Ethics of Studying Indigenous North American Ancient DNA: Moving from Theories to Practices,University of Colorado at Denver-Downtown Campus
2041845,2020-08-10,178681,Standard Grant,Correlation in Quantitative Models,National Bureau of Economic Research Inc
2018177,2020-08-12,424000,Standard Grant,Central Banks in Uncharted Waters: Navigating a World with Large Reserves,Stanford University
2017107,2020-08-13,337910,Continuing Grant,SBP: An Alternative to Strict Control? Culture and Authority in Progressive Urban Public High Schools,Temple University
2031184,2020-08-13,199343,Standard Grant,RAPID: Electricity Consumption as a Real Time Indicator of Economic Activity,National Bureau of Economic Research Inc
2031851,2020-08-13,199388,Standard Grant,RAPID: Ethical Decision-Making about Conducting Essential Research in a Pandemic: Experiences of Principal Investigators and Research Personnel,Washington University
2043244,2020-08-16,117156,Standard Grant,Collaborative Research:  Measuring the Long-Term Effects of California's 2004 Paid Family Leave Statute with U.S. Tax Data,University of California-Los Angeles
2018854,2020-08-18,267999,Standard Grant,Collaborative Research: Direct Lending in the U.S. Middle Market,Carnegie Mellon University
2018973,2020-08-18,219999,Standard Grant,Collaborative Research: Direct Lending in the U.S. Middle Market,Temple University
2020976,2020-08-18,38497,Standard Grant,Suicide and Technology for War (Scholars Award),SUNY College at Brockport
2033912,2020-08-18,1824213,Continuing Grant,Empirical Implications of Theoretical Models (EITM) Summer Institutes 2019-2022,Princeton University
1949107,2020-08-19,297999,Standard Grant,The New Normal: Macroeconomic Stabilization Policy Post-Great Recession,University of Notre Dame
2017957,2020-08-19,315000,Standard Grant,The Impact of Big Data on Dynamic Personalized Pricing: Theory and Evidence,National Bureau of Economic Research Inc
2019982,2020-08-19,380000,Standard Grant,Wisdom-of-Crowds Approaches for Improving Predictions from Surveys,Santa Fe Institute
2026577,2020-08-19,1499881,Standard Grant,"FW-HTF-RM: The Future of Home Care Work: Designing Technologies for Trust, Privacy, and Empowerment",Cornell University
2037137,2020-08-19,49913,Standard Grant,"Build and Broaden: Advancing fundamental knowledge of social, behavioral, and economic responses to pandemics in minority communities",Northern Arizona University
2017652,2020-08-20,449567,Standard Grant,The Political Economy of Business-Government Connections,Indiana University
2029490,2020-08-20,33160,Standard Grant,Workshop: Human Rights Law,Arizona State University
2031287,2020-08-20,174313,Standard Grant,RAPID: Analyzing forced habit change from COVID-19 using large-scale data,California Institute of Technology
2037472,2020-08-20,225164,Standard Grant,Strengthening and Expanding Partnerships and Access through the CMPS-MSI Scholars' Research Network,University of California-Los Angeles
2030015,2020-08-21,200000,Standard Grant,RAPID: Time-Sensitive Human Forest and Model Forecasts for COVID-19 Vaccine and Treatment Trials,American University
2038632,2020-08-21,218197,Continuing Grant,Explaining Civilian Support for Political and Criminal Armed Groups,Hamilton College
2019160,2020-08-24,325998,Standard Grant,Building Credit Histories,Arizona State University
2024304,2020-08-24,191532,Standard Grant,"Collaborative Proposal: Early Career Engineers' Views of Ethics and Social Responsibility: Trends, Influences, and Contexts",Colorado School of Mines
2018267,2020-08-25,75000,Standard Grant,Trade and Global Economic Shocks: A Network Perspective,Michigan State University
2018438,2020-08-25,75000,Standard Grant,EXPLORATION OF THE RELATIONSHIP BETWEEN SUBSTANCE AND EMPLOYMENT: A STRUCTURAL APPROACH,CUNY Hunter College
1947049,2020-08-26,11886,Standard Grant,Conference: Historical Memory: A Puget Sound Symposium on American Movements that Advocated Applying Selective Breeding Science to Humans,University of  Puget Sound
2024742,2020-08-26,300373,Continuing Grant,Collaborative Research: NRI: INT: Customizable Lower-Limb Wearable Robot using Soft-Wearable Sensor to Assist Occupational Workers,Georgia Tech Research Corporation
2024863,2020-08-26,449235,Continuing Grant,Collaborative Research: NRI: INT: Customizable Lower-Limb Wearable Robot using Soft-Wearable Sensor to Assist Occupational Workers,University of Illinois at Chicago
2017946,2020-08-27,464040,Standard Grant,American Households During the Assimilation Era 1900-1940,National Bureau of Economic Research Inc
1949047,2020-08-28,200000,Standard Grant,Collaborative Research: Transparency and Misspecification in Structural Estimation,National Bureau of Economic Research Inc
1949066,2020-08-28,200000,Standard Grant,Collaborative Research: Transparency and Misspecification in Structural Estimation,Stanford University
1949577,2020-08-28,367000,Standard Grant,The Effects of the U.S. Trade Engagements on the Demographic and Spatial Distribution of Employment and Earnings,University of Colorado at Boulder
2018245,2020-08-28,190000,Standard Grant,Improving the Allocation Consumer Credit with Machine Learning,National Bureau of Economic Research Inc
2024238,2020-08-28,599930,Standard Grant,Institutional Transformation: VERITIES - Virtue-Based Education for Responsibility and Integrity To Increase Excellence in STEM,Michigan State University
2037433,2020-08-28,70233,Standard Grant,Build and Broaden: Conference on Social Connections to Promote Individual and Community Resilience in Post-COVID-19 Society,University of Texas at Arlington
2040847,2020-08-28,39778,Standard Grant,Preparing for the Future of Survey Research,Duke University
2017495,2020-08-30,350000,Continuing Grant,RCN: The Governing Knowledge Commons Research Coordination Network,Villanova University
2041547,2020-08-30,49000,Standard Grant,University-Industry Partnerships in the Social Sciences Helping Organizations Achieve Impact,"University of Maryland, College Park"
2020888,2020-08-31,3542716,Continuing Grant,GCR: The Transition to a Sustainable Energy Future,University of Massachusetts Amherst
1943688,2020-09-01,407696,Continuing Grant,CAREER: Bilateral Extensions to Studying Trust in Organizations,University of Arizona
1947514,2020-09-01,277000,Standard Grant,Auction Design for Complex Centralized Markets,Stanford University
1951056,2020-09-01,262992,Standard Grant,"Apprenticeship, Cooperation and Choice",Massachusetts Institute of Technology
2024345,2020-09-01,396599,Standard Grant,Advancing the Use of Professional Decision-Making Strategies in a Culturally Diverse Research Community,Washington University
2024706,2020-09-01,749958,Standard Grant,NRI: FND: Barriers and Solutions for Small and Medium Sized Manufacturers Collaborative Robot Adoption,Georgia Tech Research Corporation
2026498,2020-09-01,3000000,Standard Grant,FW-HTF-RL: Learning systems that enable healthcare workers to perfect safety-critical hospital work,Stanford University
2038458,2020-09-01,82329,Standard Grant,Build and Broaden: The Long-Term Impact of COVID-19 in Hispanic Communities in the Tri-State Area,Montclair State University
1947021,2020-09-02,277000,Standard Grant,Monotone Methods in Reputations: Behavioral Predictions and Reputation Sustainability,Northwestern University
1949489,2020-09-02,450000,Standard Grant,"SBE-UKRI: Business Cycles, Uncertain Growth and the Distribution of Production",National Bureau of Economic Research Inc
2026283,2020-09-02,134190,Standard Grant,FW-HTF-P: Essential Decision-Making Skills for the Future Workforce in Smart Manufacturing,University of Wisconsin-Parkside
2040030,2020-09-02,105000,Standard Grant,Collaborative Research: Disentangling Exploration from Exploitation,SUNY at Stony Brook
1951167,2020-09-03,100000,Standard Grant,Accomplishment-Based Renewal: Experimental Studies of Time Inconsistent Preferences for Risk Fairness and Charitable Giving,University of California-San Diego
2048991,2020-09-03,110687,Standard Grant,Spatial Temporal Analysis of Multi-Subject Neuroimaging Data for Human Emotion Studies,University of Pittsburgh
2017464,2020-09-04,519560,Standard Grant,"Collaborative Research: Time-Sharing Experiments for the Social Sciences (TESS): Proposal for Renewed Support, 2020-2023",Stanford University
2017581,2020-09-04,2971978,Continuing Grant,"Collaborative Research: Time-Sharing Experiments for the Social Sciences (TESS): Proposal for Renewed Support, 2020-2023",Northwestern University
2026513,2020-09-04,2310269,Standard Grant,FW-HTF-RL: Personalized Virtual Job Assistants to Prepare Individuals with Neurodevelopmental Disabilities for Entry Level IT Jobs,Temple University
2018014,2020-09-08,356045,Continuing Grant,"Collaborative Research: Cognitive, social, and institutional dynamics of decision-making in complex hazard-prone environments",Colorado State University
2018152,2020-09-08,398275,Continuing Grant,"Collaborative Research: Cognitive, social, and institutional dynamics of decision-making in complex hazard-prone environments","OHIO STATE UNIVERSITY, THE"
2018554,2020-09-08,393847,Standard Grant,"Theoretical and Empirical Investigations of the Dynamics of Homophily and its Impact on Students' Achievement, Decisions, and Well-Being",Stanford University
2037376,2020-09-08,59142,Standard Grant,"Build and Broaden: The Inaugural Conference of the Atlanta Network for Race, Ethnicity and Politics",Emory University
1947464,2020-09-09,205072,Standard Grant,"RUI: In-Kind Giving: Motives, Beliefs, and Behaviors",Williams College
2017092,2020-09-09,235253,Standard Grant,Collaborative Research: Does Registration and Notification Policy Deter Adolescent Sexual Offending? A Prospective Study of Integrated Criminological and Psychological Theories,Virginia Commonwealth University
2017122,2020-09-09,122295,Standard Grant,Collaborative Research: Does Registration and Notification Policy Deter Adolescent Sexual Offending? A Prospective Study of Integrated Criminological and Psychological Theories,SUNY at Albany
2020904,2020-09-09,115380,Standard Grant,Collaborative Research: Assessing the impact of lead agency cross-functional authority on city sustainability outcomes,The University of Central Florida Board of Trustees
2021035,2020-09-09,123931,Standard Grant,Collaborative Research: Assessing the impact of lead agency cross-functional authority on city sustainability outcomes,George Mason University
2021044,2020-09-09,121287,Standard Grant,Collaborative Research: Assessing the impact of lead agency cross-functional authority on city sustainability outcomes,University of Kansas Center for Research Inc
2050727,2020-09-09,291221,Standard Grant,Human Forests versus Random Forest Models in Prediction,American University
2023403,2020-09-10,639783,Standard Grant,Ethical and Responsible Research (ER2) Rigor and Transparency Initiatives (RTI),Center for Open Science
2024643,2020-09-10,166110,Standard Grant,Collaborative Research: NRI: FND: Grounded Reasoning about Robot Capabilities for Law and Policy,University of North Texas
2024673,2020-09-10,84657,Standard Grant,Collaborative Research: NRI: FND: Grounded Reasoning about Robot Capabilities for Law and Policy,Rhodes College
2024872,2020-09-10,499233,Standard Grant,Collaborative Research: NRI: FND: Grounded Reasoning about Robot Capabilities for Law and Policy,Oregon State University
2037432,2020-09-16,250000,Standard Grant,STEM Context Matters: An Inaugural Conference of the DMV MSI STEM Alliance,Morgan State University
1941538,2020-09-17,750000,Continuing Grant,CAREER:Optimal Design of Disability Programs,University of Chicago
2020926,2020-09-18,249035,Standard Grant,Standard Grant: Engineers and the Globalization of Expertise,University of Notre Dame
2050138,2020-09-22,194099,Standard Grant,A Family of Diagnostic Models for Evaluating Learning Progressions,University of Georgia Research Foundation Inc
2054433,2020-09-23,106999,Standard Grant,Collaborative Research: Strategic Leadership Systems: How Networks of Strategic Communication and Informal Influence Arise and Drive Firm Performance,University of Mississippi
2029992,2020-10-21,45651,Standard Grant,Legal Epidemiology Satellite Conference at 2021 Law Enforcement in Public Health Conference,Temple University
2013896,2020-10-26,251294,Standard Grant,A Proposal for Annual Doctoral Student Participatory Workshops on Climate and Energy Decision Making,Carnegie Mellon University
2017544,2020-10-26,403756,Continuing Grant,Agent-based modeling of incentives to encourage pre-disaster relocation in anticipation of coastal flooding,University of Wisconsin-Madison
2017651,2020-10-27,634975,Continuing Grant,"Numeric self-efficacy, objective numeracy, and overconfidence",University of Oregon Eugene
2050058,2020-11-02,996358,Standard Grant,"Facilitating Rapid and Actionable Responses to Social, Behavioral, and Economic-Related COVID Questions: The Societal Experts Action Network (SEAN)",National Academy of Sciences
2055332,2020-11-03,1009449,Standard Grant,"Transforming Ethics Education: Connecting STEM Faculty, Research Administrators, and Ethics Education Resources through the Online Ethics Center",University of Virginia Main Campus
2018001,2020-11-04,406628,Continuing Grant,Insufficient Sleep and Dietary Choices: An Ecologically Valid Examination of the Decision Foundations of Eating Behaviors when Sleep Restricted.,Appalachian State University
2102905,2020-11-04,198846,Standard Grant,"RAPID: Partisanship, Trust, and Vaccine Hesitancy: Impacts of the 2020 Election on COVID-19 Risk Management",Bentley University
2102019,2020-11-09,286918,Standard Grant,Cross-Scale Spatiotemporal Modeling Using an Integrated Data Framework,University of South Florida
2104384,2020-11-09,20007,Standard Grant,Gender Differences in Negotiation and Job Search: Evidence from Business Majors,Regents of the University of Michigan - Ann Arbor
1949467,2020-11-18,646716,Continuing Grant,Intergroup conflict and beliefs in supernatural entities concerned with moral behavior,The New School
2103262,2020-12-01,180448,Standard Grant,RAPID: COVID-19 and Perceptions of Electoral Integrity,University of Notre Dame
2100385,2020-12-02,187664,Standard Grant,"RAPID: American Indian Authorities, Trust, and Collective Action during the Covid-19 Pandemic",University of California-Berkeley
2105652,2020-12-07,10342,Standard Grant,RAPID: Collaborative Research: The Integrity of Mail Voting,University of New Mexico
2105671,2020-12-07,120283,Standard Grant,RAPID: Collaborative Research: The Integrity of Mail Voting,William Marsh Rice University
2105682,2020-12-07,5000,Standard Grant,RAPID: Collaborative Research: The Integrity of Mail Voting,University of Georgia Research Foundation Inc
2051226,2020-12-14,430000,Continuing Grant,Constructing Race-Specific Driving Patterns to Address Racial Profiling,Arizona State University
2048531,2020-12-21,75216,Standard Grant,Collaborative Research: Electoral Systems as Incentive Structures for Interparty and Intraparty Politics,University of North Carolina at Chapel Hill
2048540,2020-12-21,215304,Standard Grant,Collaborative Research: Electoral Systems as Incentive Structures for Interparty and Intraparty Politics,Washington University
2049256,2020-12-21,140083,Standard Grant,The Political Wealth of Nations,Georgetown University
2049300,2020-12-21,174032,Standard Grant,Collaborative research: The Intergenerational Effects of the COVID-19 Pandemic,University of Wisconsin-Madison
2049529,2020-12-21,155773,Standard Grant,Collaborative research: The Intergenerational Effects of the COVID-19 Pandemic,Stanford University
2049443,2020-12-28,158154,Standard Grant,Integrative International Interventions: Militant Violence and Human Security in Contemporary Conflicts,Texas A&M University
2049553,2020-12-28,488759,Continuing Grant,Scaling up commons dilemma experiments for research and education,Arizona State University
2046692,2021-01-04,22654,Standard Grant,Doctoral Dissertation Research in DRMS: Incorporating Psychological Distance Framing in Narrative Persuasion,SUNY at Buffalo
2049448,2021-01-04,191599,Standard Grant,"Collaborative Research: Economic Downturns, Global Pandemics and Parliamentary Elections",University of Wisconsin-Milwaukee
2049595,2021-01-04,339122,Standard Grant,"Collaborative Research: Economic Downturns, Global Pandemics and Parliamentary Elections",Cornell University
2049782,2021-01-04,37975,Standard Grant,Doctoral Dissertation Research in DRMS: Building a comprehensive understanding of enterprise risks and their interdependencies for improved risk-intelligence,Purdue University
2049896,2021-01-04,585025,Continuing Grant,"Advances in behavioral decision analytics: Theory, Applications, and Training",University of Illinois at Urbana-Champaign
2043256,2021-01-11,192483,Standard Grant,Collaborative Research: Exoneration and Compensation: The Role of False Confessions,George Mason University
2043257,2021-01-11,192500,Standard Grant,Collaborative Research: Exoneration and Compensation: The Role of False Confessions,Central Michigan University
2043427,2021-01-11,242810,Standard Grant,A Multi-User Database of Freedom of Information Act Litigation in Federal District Courts,Hamilton College
2048406,2021-01-11,180611,Standard Grant,"Collaborative Research: International Coercion, Debt Relief, and Land Transactions",University of Houston
2048416,2021-01-11,180116,Standard Grant,"Collaborative Research: International Coercion, Debt Relief, and Land Transactions",University of Texas at Dallas
2049292,2021-01-11,25116,Standard Grant,Doctoral Dissertation Research in DRMS: The effects of weight status and sleep duration on adolescent cognitive functioning and food choice,University of Alabama at Birmingham
2049935,2021-01-11,583349,Continuing Grant,Exploring and Exploiting the Understanding/Acceptance Assumption,University of California-San Diego
2043230,2021-01-19,200381,Continuing Grant,COLLABORATIVE RESEARCH: Social Influence in Eyewitness Identification Procedures: Do Blind Administrator Behaviors Magnify the Effects of Suspect Bias?,Arizona State University
2043334,2021-01-19,199619,Continuing Grant,COLLABORATIVE RESEARCH: Social Influence in Eyewitness Identification Procedures: Do Blind Administrator Behaviors Magnify the Effects of Suspect Bias?,CUNY John Jay College of Criminal Justice
2045154,2021-01-19,180000,Standard Grant,Millennials and Corporate Employment Practices,Washington University
2049333,2021-01-19,400288,Continuing Grant,Active preference learning to aid public decisions,Carnegie Mellon University
2051194,2021-01-19,190000,Standard Grant,Surveying the Effect of COVID-19 on Trust,Northwestern University at Chicago
2101730,2021-01-19,447480,Continuing Grant,"CAREER: Trust, Cooperation, and Collective Action in Diverse Communities",New York University
2046078,2021-01-28,400009,Continuing Grant,CAREER: Dynamics of Police Networks,"Georgia State University Research Foundation, Inc."
2052366,2021-01-29,600000,Standard Grant,The Next Normal for Teaming - Transitioning Out of COVID-19,Northwestern University at Chicago
2048133,2021-02-01,426812,Continuing Grant,CAREER: Analyzing the Impact of Collaborative Processes on the Performance of Large-Scale Polycentric Environmental Governance Systems,"Board of Regents, NSHE, obo University of Nevada, Reno"
2048708,2021-02-01,425000,Standard Grant,Brookings Papers on Economic Activity Conferences,Brookings Institution
2049711,2021-02-01,343777,Continuing Grant,Collaborative Research: Improving Worker Safety by Understanding Risk Compensation as a Latent Precursor of At-risk Decisions,Purdue University
2049842,2021-02-01,42811,Continuing Grant,Collaborative Research: Improving Worker Safety by Understanding Risk Compensation as a Latent Precursor of At-risk Decisions,George Mason University
2049887,2021-02-01,22715,Standard Grant,Doctoral Dissertation Research in DRMS: Resilience for Whom: A Climate Mobility Framework for Evaluating Equity Outcomes in Climate Resilience Decision Making,Florida International University
2052190,2021-02-01,400000,Standard Grant,Just-in-Time Adaptive Interventions for Emotion Regulation,George Mason University
2043610,2021-02-02,20204,Standard Grant,Doctoral Dissertation Research: The Not-So-Inexhaustible Sea: Fisheries Science and Management 1863-present,Harvard University
2044092,2021-02-02,500000,Standard Grant,A Perceptual Scaling Approach to Eyewitness Identification,The Salk Institute for Biological Studies
2044117,2021-02-02,95000,Standard Grant,A Macroeconomic Analysis of Digital Advertising,National Bureau of Economic Research Inc
2048841,2021-02-02,186765,Standard Grant,"State-Run Lotteries, Consumer Bias, and Optimal Policy",National Bureau of Economic Research Inc
2043599,2021-02-03,15750,Standard Grant,Doctoral Dissertation Research: Gender and Race in the History of Folk Medicine,Rutgers University New Brunswick
2049260,2021-02-03,293000,Standard Grant,The Valuation of Public Debt in the U.S. and Across Countries,National Bureau of Economic Research Inc
2042955,2021-02-04,12500,Standard Grant,"Doctoral Dissertation Research: Financial Technologies, New Financial Markets, and Socio-Economic Life",The New School
2043612,2021-02-04,571425,Continuing Grant,CAREER:  Virtual Reality Simulations of Moral Decision Making for Autonomous Vehicles,North Carolina State University
2043016,2021-02-05,15750,Standard Grant,"Doctoral Dissertation Improvement Grant: Time-Telling, the Exact Sciences, and Empire in Early Modern India",University of California-Berkeley
2044007,2021-02-08,383488,Standard Grant,Tribal Constitutions: Constructing Power by Developing Structures of Self-Governance,Northwestern University
2048408,2021-02-08,66064,Standard Grant,Collaborative Research: Debt and Insecurity Among Vulnerable Communities During the COVID-19 Crisis,Dartmouth College
2048683,2021-02-08,258719,Standard Grant,The Effects of Group Closure and Organizational Network Ties in Closed Populations During a Pandemic,West Virginia University Research Corporation
2049476,2021-02-08,271000,Standard Grant,Collaborative Research: Debt and Insecurity Among Vulnerable Communities During the COVID-19 Crisis,"OHIO STATE UNIVERSITY, THE"
2118926,2021-02-08,53873,Standard Grant,"Collaborative Research: Predictive Intelligence for Pandemic Prevention, Theme 4: Social and Behavioral Obstacles and Supports",Stanford University
2119078,2021-02-08,25814,Standard Grant,"Collaborative Research: Predictive Intelligence for Pandemic Prevention, Theme 4: Social and Behavioral Obstacles and Supports",Rutgers University New Brunswick
2119117,2021-02-08,29724,Standard Grant,"Collaborative Research: Predictive Intelligence for Pandemic Prevention, Theme 4: Social and Behavioral Obstacles and Supports",Saint Louis University
2119179,2021-02-08,28147,Standard Grant,"Collaborative Research: Predictive Intelligence for Pandemic Prevention, Theme 4: Social and Behavioral Obstacles and Supports",University of South Florida
2044748,2021-02-09,282000,Standard Grant,"Medicaid, Medicare, and Social Security for Couples and Singles",National Bureau of Economic Research Inc
2018011,2021-02-10,564854,Continuing Grant,Collaborative Research: Collective decision making & local public good provision: Experimental Evidence,Purdue University
2018103,2021-02-10,67334,Continuing Grant,Collaborative Research: Collective decision making & local public good provision: Experimental Evidence,University of Miami
2043555,2021-02-10,19464,Standard Grant,Doctoral Dissertation Research: Roger Bacon's Pharmacology and the Prolongation of Life,Indiana University
2049250,2021-02-10,500000,Standard Grant,Mortality Effects of Health Insurance Networks and Providers,National Bureau of Economic Research Inc
2047593,2021-02-11,209000,Standard Grant,Collaborative Research: Innovation and Information,University of Rochester
2048806,2021-02-11,247000,Standard Grant,Collaborative Research: Innovation and Information,Pennsylvania State Univ University Park
2043499,2021-02-12,12591,Standard Grant,"Doctoral Dissertation Research: Risky Homes, Domestic Accidents, and Safety Work",Johns Hopkins University
2043506,2021-02-12,15522,Standard Grant,Doctoral Dissertation Improvement Grant. Fluid Strategies: Water Management in Cape Colony and Natal Port Cities,Johns Hopkins University
2043900,2021-02-12,49846,Standard Grant,SCC-CIVIC-PG Track B: A Visualization Tool and Assessment Framework for Civic Technology Use in the DMV Area: The Case of 311 Systems During the COVID-19 Outbreak,George Mason University
2047152,2021-02-12,737381,Standard Grant,Promoting Accurate Information on Social Media,Massachusetts Institute of Technology
2049393,2021-02-12,115999,Standard Grant,"Collaborative Research: The Macroeconomy, Labor Markets, and Economic Mobility from the Civil War to Today: New High Frequency Data on Local Economic Shock",University of California-Irvine
2049401,2021-02-12,375000,Standard Grant,"Collaborative Research: The Macroeconomy, Labor Markets, and Economic Mobility from the Civil War to Today: New High Frequency Data on Local Economic Shocks",National Bureau of Economic Research Inc
2049674,2021-02-12,473000,Standard Grant,"Big Push, Distortions, and Economic Development",National Bureau of Economic Research Inc
2121725,2021-02-16,213071,Standard Grant,Collaborative Research: Bidirectional Effects Between Parental Work-Family Conflict and Adolescent Psychosocial Adjustment,Florida State University
2045854,2021-02-17,549024,Continuing Grant,CAREER: Accountable Democracy: Mathematical Reasoning and Democratic Processes in America,Columbia University
2048505,2021-02-17,218063,Continuing Grant,COLLABORATIVE RESEARCH: Feeling the Squeeze: How Financial Stress Shapes Decision Making and Risk for Drinking Water Systems in U.S. Cities,Regents of the University of Michigan - Ann Arbor
2049834,2021-02-17,202204,Continuing Grant,COLLABORATIVE RESEARCH: Feeling the Squeeze: How Financial Stress Shapes Decision Making and Risk for Drinking Water Systems in U.S. Cities,University of Connecticut
2049902,2021-02-17,300000,Standard Grant,Saving Seniors’ Lives: Comparing the Efficiency and Equity of Medicare and the Clean Air Act,Arizona State University
2049808,2021-02-19,20000,Standard Grant,DDRIE: Knowledge Access and Cumulative Innovation-Network Econometric Evidence from the Republic of Letters,Vanderbilt University
2049906,2021-02-19,25000,Standard Grant,DDRIE: Economic Consequences of Discrimination Against Minority Bosses by Subordinates,University of Chicago
2121097,2021-02-24,200000,Standard Grant,RAPID: Informed and Ecological Decision Making of COVID-19 Vaccination,Pennsylvania State Univ University Park
2046642,2021-02-25,400000,Continuing Grant,CAREER: Mortgage and Healthcare Discrimination During COVID19 Pandemic and Use of Text Data in Economics,Tulane University
2049809,2021-02-26,9504,Standard Grant,"Doctoral Dissertation Research in DRMS: Testing the Effects of Facial Sexual Dimorphism on Men’s Selective Attention, Implicit Association, and Decision Making",Trustees of Boston University
2043437,2021-03-01,297178,Standard Grant,Navigating Mainstream Institutions and Non-Traditional Alternatives Post-Incarceration,Northeastern University
2049893,2021-03-01,25000,Standard Grant,Doctoral Dissertation Research in Economics: Who Leaves Teaching After Childbirth? An Analysis of Teacher Retention and Teacher Quality,University of California-Santa Barbara
2112906,2021-03-01,399165,Standard Grant,Ethical Issues Surrounding Human Germline Genome Editing,Arizona State University
2120735,2021-03-01,48434,Standard Grant,"RAPID: Return Migrants, Violent Electoral Politics and Electoral Integrity",Bates College
2043745,2021-03-02,399987,Continuing Grant,Understanding Law and Legality in Media,University of Massachusetts Amherst
2043897,2021-03-02,12332,Standard Grant,Doctoral Dissertation Research: “Sound and Surveillance: Recording and Privacy in the 21st Century”,Columbia University
2045129,2021-03-02,582059,Continuing Grant,CAREER: Understanding the Drivers and Consequences of Personal Adaptation Behavior to Environmental Extremes,Stanford University
2049356,2021-03-02,195000,Standard Grant,Collaborative Research: Honest and Robust Inference with High Dimensional Data,Princeton University
2049481,2021-03-02,149934,Standard Grant,Collaborative Research: School family nexus and educational differences during the Covid-19 pandemic and beyond,University of North Carolina at Chapel Hill
2049594,2021-03-02,230000,Standard Grant,Collaborative Research: School family nexus and educational differences during the Covid-19 pandemic and beyond,Purdue University
2049699,2021-03-02,20000,Standard Grant,Doctoral Dissertation Research in Economics: Internal Migration and the Diffusion of Schooling in the US,New York University
2049765,2021-03-02,194000,Standard Grant,Collaborative Research: Honest and Robust Inference with High Dimensional Data,Yale University
2049803,2021-03-02,300000,Standard Grant,Collaborative Research: Optimal Parental Leave Policies in the Presence of Statistical Discrimination and Child Development,Washington University
2049819,2021-03-02,200000,Standard Grant,Collaborative Research: Optimal Parental Leave Policies in the Presence of Statistical Discrimination and Child Development,University of North Carolina at Chapel Hill
2051225,2021-03-02,249999,Standard Grant,Imprecise Probability and Valid Statistical Inference,North Carolina State University
2043833,2021-03-03,618490,Standard Grant,Disability Expertise and Design Justice for Post-COVID Equity,New York University
2042691,2021-03-08,530000,Continuing Grant,CAREER: Macroeconomic Implications of Microeconomic Heterogeneity,National Bureau of Economic Research Inc
2048454,2021-03-08,77796,Standard Grant,Collaborative Research: Continuity and Change in Remote Work,University of Minnesota-Twin Cities
2049125,2021-03-08,322101,Standard Grant,Collaborative Research: Continuity and Change in Remote Work,Boston College
2022435,2021-03-09,943795,Continuing Grant,SCISIPBIO: Can consultation create a fairer scientific peer-review process?,Stanford University
2049263,2021-03-09,189924,Standard Grant,NSF-BSF: Collaborative Research: Market Conduct in Technology Adoption in the Automobile Industry,Massachusetts Institute of Technology
2049446,2021-03-09,252993,Standard Grant,NSF-BSF: Collaborative Research: Market Conduct in Technology Adoption in the Automobile Industry,SUNY at Albany
2043209,2021-03-10,533292,Standard Grant,Insuring Slavery: Actuarial Science and the Underwriting of the Trans-Atlantic Slave Trade in the Eighteenth Century,New York University
2046572,2021-03-10,43653,Standard Grant,The Divergent Effects of Conflict on Ethnic Voting,Stanford University
2049513,2021-03-10,219847,Continuing Grant,The Network Structure of Misconduct,Northwestern University
2043614,2021-03-15,15750,Standard Grant,Doctoral Dissertation Research: Soil Frontiers: Exploring the Culture and Politics of Soil Microbiology Research,New York University
2043832,2021-03-16,15750,Standard Grant,"Doctoral Dissertation Research: Starting-up with the State: Computing, Entrepreneurship, and Governance",New York University
2035625,2021-03-22,15638,Standard Grant,Doctoral Dissertation Research: Do Government Regulations Drive Product Features? The Case of the Global Commercial Drone Industry,Carnegie Mellon University
2043192,2021-03-22,318536,Continuing Grant,"Influences of State Policies and Racialized Parental Incarceration on Youth Justice System Contact and Conflict, Emotional Estrangement and Intergenerational Life Outcomes",American Bar Foundation
2043706,2021-03-24,12600,Standard Grant,"DDRIG: From SARS to COVID-19: Nursing, Knowledges, and Trauma",Cornell University
2049916,2021-03-24,319476,Continuing Grant,Collaborative Research: Dealing with Disruption: Investigating the Micro-level Underpinnings of City Response to the Climate Crisis,University of California-Davis
2049917,2021-03-24,203884,Continuing Grant,Collaborative Research: Dealing with Disruption: Investigating the Micro-level Underpinnings of City Response to the Climate Crisis,University of Kansas Center for Research Inc
2042012,2021-03-25,157537,Standard Grant,Rural Ventures: Mineral Exploration and Economic Life,Johns Hopkins University
2043301,2021-03-25,94361,Standard Grant,Scholars Award: Following the Residues of the Lead Industry,Rensselaer Polytechnic Institute
2043529,2021-03-25,112949,Continuing Grant,Collaborative Research: The Criminal Deportation Pipeline,Rutgers University Camden
2043536,2021-03-25,259018,Continuing Grant,Collaborative Research: The Criminal Deportation Pipeline,CUNY John Jay College of Criminal Justice
2043572,2021-03-25,16400,Standard Grant,Dissertation Grant: Land-grant scientists and controversial agricultural biotechnologies,Cornell University
2048670,2021-03-25,262806,Standard Grant,Group Processes Underlying Deviance in Online Public Spaces,University of Iowa
2047346,2021-03-26,489162,Continuing Grant,CAREER: The Inclusive Global Leadership Initiative,University of Denver
2114583,2021-03-29,661136,Standard Grant,Developing a Vision for a 21st Century National Data Infrastructure for Federal Statistics and Social and Economic Research,National Academy of Sciences
2049784,2021-04-01,419968,Standard Grant,Optimal Public Transportation Networks: Theory and Evidence.,Harvard University
2049872,2021-04-05,312869,Continuing Grant,Sustainable Supply Chains via Data-Driven Risk Analytics,Georgia Tech Research Corporation
2049210,2021-04-06,487634,Continuing Grant,Engaging Communities to Discover Environmentally and Socially Optimal Waste Management Decisions,Pennsylvania State Univ University Park
2049558,2021-04-06,298506,Standard Grant,Networks of Influence and Support in Peace Operations,American University
2126096,2021-04-06,86231,Standard Grant,RAPID: Texas Winter Storm,Texas Tech University
2049780,2021-04-12,80000,Standard Grant,"Collaborative Research: Foreign Capital Liberalization, Structural Change, and Economic Empowerment of Vulnerable Groups",Princeton University
2049895,2021-04-12,249998,Standard Grant,Firm Relocation as Environmental Policy: Impacts on Agglomeration and the Environment,Massachusetts Institute of Technology
2049936,2021-04-12,269999,Standard Grant,"Collaborative Research: Foreign Capital Liberalization, Structural Change,  and Economic Empowerment of Vulnerable Groups",University of California-Los Angeles
2127545,2021-04-15,182797,Standard Grant,RAPID: The Rise and Propagation of Anti-Vax and Anti-Access Social Media Campaigns Targeted at Disadvantaged and Minority Populations during the COVID19 Pandemic,University of Colorado at Boulder
2049886,2021-04-16,660000,Continuing Grant,Emergent Advocacy Coalitions and SARS-CoV-2 Vaccine Hesitancy: The influence of beliefs and narratives on individual decision-making,New York University
2043089,2021-04-19,450950,Continuing Grant,Quantum Epistemology Beyond Quantum Measurement,University of Washington
2122556,2021-04-19,49916,Standard Grant,Advancing the Science of Organizations: Work and workshops coordinated with the CASBS Summer Institute on Organizations and Their Effectiveness,Stanford University
2125988,2021-04-19,238296,Standard Grant,EAGER: Evidence-Based Model of Adoption of Robotics for Pandemics and Natural Disasters,Texas A&M Engineering Experiment Station
2049796,2021-04-20,503918,Continuing Grant,Collaborative Research: Responses to complex disruptive events: Cognition in a socio-political context,Princeton University
2049856,2021-04-20,113441,Continuing Grant,Collaborative Research:  Responses to complex disruptive events: Cognition in a socio-political context,Rutgers University New Brunswick
2122687,2021-04-26,49988,Standard Grant,COVID-19 Science in Support of Local Decision-Making,Washington State University
2019901,2021-04-29,419995,Continuing Grant,Improving Panel Decision Making: Understanding Methods for Aggregating Reviewer Opinions,University of Washington
2128406,2021-04-29,41669,Standard Grant,RAPID: The Public Response to the Texas Power Outage/Utilities Crisis,University of Colorado at Boulder
2043904,2021-05-03,28500,Standard Grant,LS Conference Award: Computer Science and Law Workshop,Rutgers University New Brunswick
2049207,2021-05-05,240000,Standard Grant,Friendship Networks and Socioeconomic Outcomes,Cornell University
2131706,2021-05-06,201929,Standard Grant,Collaborative Research: Sequentially Optimal Mechanism Design,Columbia University
2130062,2021-05-07,44661,Standard Grant,RAPID: Collaborative Research: Non-state Service Provision in the Context of Multiple Extreme Events,West Virginia University Research Corporation
2130095,2021-05-07,47705,Standard Grant,RAPID: Collaborative Research: Non-state Service Provision in the Context of Multiple Extreme Events,University of Texas at Arlington
2050012,2021-05-10,280131,Standard Grant,Multi-Scale Models for Non-Stationary Spatial Datasets,University of California-Santa Cruz
2051896,2021-05-10,333293,Standard Grant,Leveraging Informal Organizational Networks for Successful Digital Transformation,University of California-Santa Barbara
2128030,2021-05-10,199434,Standard Grant,RAPID: Operationalizing the Capabilities Approach in the Context of Disaster Resilience: Measuring the Social Burden of Infrastructure Disruptions,SUNY at Buffalo
2049257,2021-05-17,250000,Continuing Grant,Collaborative Research: Routine Maintenance of Registration Lists,Pennsylvania State Univ University Park
2049258,2021-05-17,33054,Standard Grant,Collaborative Research: Routine Maintenance of Registration Lists,North Dakota State University Fargo
2051186,2021-05-17,349551,Standard Grant,Exploratory and Confirmatory Neurocognitive Modeling with Latent Variables,University of California-Irvine
2051196,2021-05-24,330000,Standard Grant,Evaluating the Impacts of Machine Learning Algorithms on Human Decisions,Harvard University
2128620,2021-05-24,187221,Standard Grant,RAPID: A Longitudinal Investigation of the Social Outcomes of Participatory Stakeholder Engagement Processes,Colorado State University
2046896,2021-06-01,450000,Continuing Grant,CAREER: Bayesian Tree Models for Next-Generation Studies in the Behavioral and Social Sciences,University of Texas at Austin
2135447,2021-06-01,125289,Standard Grant,"Cliometrics Conferences for 2018, 2019, and 2020",SUNY at Binghamton
2043839,2021-06-08,91674,Standard Grant,Linguistics: Reconstructing the Discipline through Universals Research,Philadelphia Area Center for History of Science
2116165,2021-06-14,254000,Standard Grant,"Topics in Information Economics: Deception, Damage, and Privacy",University of California-San Diego
2116377,2021-06-14,613290,Continuing Grant,Testing the Value of Rapport Building to Enhance Adolescent Disclosures in Online and In-Person Interviews,University of California-Irvine
2117197,2021-06-14,59436,Standard Grant,Understanding the Effects of Government Procurement Methods on Prices: an Empirical Study of Inmate Telecommunications Services,Georgetown University
2116944,2021-06-15,404640,Standard Grant,How Poverty Falls,University of California-San Diego
2116974,2021-06-15,247220,Standard Grant,The Effects of COVID-19 on Intimate Partner Homicide Incidence and Risk,Arizona State University
2049164,2021-06-28,979923,Standard Grant,Taking Large-Scale Surveys into the Future,Westat Inc
2116825,2021-06-28,213000,Standard Grant,"Understanding Social Stigma, Stigma Resistance and the Mental Illness Identity",Kent State University
2116415,2021-06-29,227104,Standard Grant,Domestic Violence During COVID-19,Regents of the University of Michigan - Ann Arbor
2117694,2021-06-29,260944,Continuing Grant,"Source Credibility, Political Identity, and Factual Belief Revision",University of Pittsburgh
2121656,2021-06-29,346983,Standard Grant,MCA:  Electronic Monitoring of Fisheries to Protect the Environment & Human Rights,Arizona State University
2125174,2021-06-29,526878,Continuing Grant,"CAREER: The Development, Design, and Ethical Issues of Algorithmic Hiring Tools",University of North Carolina at Chapel Hill
2135538,2021-06-29,206765,Standard Grant,EAGER: Equity in Scientific Co-production Processes: Creation of a Framework,George Mason University
2116250,2021-06-30,162948,Standard Grant,NSF/BSF: Strategic Information Disclosure,Stanford University
2116400,2021-07-09,393186,Standard Grant,CCP Estimation of Continuous-Time Job Search Models,Duke University
2042875,2021-07-12,18500000,Continuing Grant,PSID 2021-2024: Continuity and Change in American Economic and Social Life,Regents of the University of Michigan - Ann Arbor
2049748,2021-07-12,247797,Continuing Grant,Collaborative Research: Experiments on Procedures and Prediction in Economic Decision Making,California Institute of Technology
2049749,2021-07-12,240975,Continuing Grant,Collaborative Research: Experiments on Procedures and Prediction in Economic Decision Making,"OHIO STATE UNIVERSITY, THE"
2116856,2021-07-12,747301,Standard Grant,(HNDS-R) Hierarchical Networks of International Order and International Conflict,"OHIO STATE UNIVERSITY, THE"
2117344,2021-07-14,25000,Standard Grant,Doctoral Dissertation Research in Economics: Corporate Venture Capital and Its Impact on Young Firm Growth,"University of Maryland, College Park"
2117974,2021-07-14,518696,Continuing Grant,Testing an Integrative Model of the Social-Psychological Drivers of Participation in Relational Organizing,Colorado State University
2120115,2021-07-14,449985,Standard Grant,Understanding Social Dynamics Through Coevolving Latent Space Networks With Attractors,Trustees of Boston University
2126934,2021-07-14,184813,Standard Grant,Build and Broaden: Strengthening Social Science Research Infrastructure at the University,Regents of the University of Michigan - Ann Arbor
2126938,2021-07-14,300000,Standard Grant,Build and Broaden 2.0: Understanding Barriers to Equity in Public Safety Policies,National-Louis University
2043400,2021-07-16,298500,Standard Grant,Research Collaborations and Mentorship of Sociolegal Scholars,Law and Society Association
2049358,2021-07-16,23475,Standard Grant,Doctoral Dissertation Research in Economics: Low-Income Expectations and Student Loan Repayment Plan Choice,Michigan State University
2049909,2021-07-16,25000,Standard Grant,Doctoral Dissertation Research in Economics: The Heterogeneous Effects of Student Loans,Northwestern University
2052245,2021-07-16,474079,Standard Grant,RUI: Antecedents of Servant Leadership Experiences for Underrepresented Students,Montclair State University
2117566,2021-07-16,24851,Standard Grant,Doctoral Dissertation Research in Economics: Information Asymmetry in Job Search,Columbia University
2120510,2021-07-16,498925,Standard Grant,"Multi-Scalar, Multi-Stakeholder Environmental Governance of Per- and Polyfluoroalkyl Substances(PFAS)",Northeastern University
2116389,2021-07-19,17946,Standard Grant,Doctoral Dissertation Research in Economics: Residential Segregation and Neighbor-Based Informal Hiring,Columbia University
2116764,2021-07-19,216090,Standard Grant,Collaborative Research: A Spatial Analysis of the Distribution and Consequences of Health Care Policy Implementation in a Federal System,University of North Carolina at Chapel Hill
2116771,2021-07-19,346165,Standard Grant,Collaborative Research: A Spatial Analysis of the Distribution and Consequences of Health Care Policy Implementation in a Federal System,Duke University
2117274,2021-07-19,25000,Standard Grant,"Doctoral Dissertation Research in Economics: The Price of Property: An Economic and Spatial Analysis of American Indian Land Loss on the Western Frontier, 1880-1915",University of Arizona
2117324,2021-07-19,19613,Standard Grant,Doctoral Dissertation Research in Economics: Modelling the Historical Consolidation of Family Farms Through Time,University of Arizona
2117049,2021-07-21,26640,Standard Grant,Doctoral Dissertation Research in DRMS: Investigating Environmental Justice and Managing Air Pollution Risk through Participatory Sensing,University of Utah
2117222,2021-07-21,18871,Standard Grant,Doctoral Dissertation Research in DRMS:  Understanding the Perceptions of Urban Residents in the U.S. Gulf Coast Region towards Green Infrastructure,Texas A&M AgriLife Research
2117257,2021-07-21,26156,Standard Grant,Doctoral Dissertation Research in DRMS: Understanding the American Publics COVID-19 Vaccination Uptake,SUNY at Buffalo
2119912,2021-07-21,11994,Standard Grant,Doctoral Dissertation Research: Multidimensional Nominal Response Models in Adaptive Testing,University of Iowa
2121275,2021-07-21,264390,Standard Grant,"Utilizing Elaborated Situational Judgment Tests to Improve Selection, Enhance Training, and Facilitate Workplace Understanding and Cohesion",University of Alabama Tuscaloosa
2049736,2021-07-22,225254,Standard Grant,Collaborative Research:  Network Formation and Bargaining with Exclusionary Commitments,New York University
2049737,2021-07-22,239744,Standard Grant,Collaborative Research: Network Formation and Bargaining with Exclusionary Commitments,SUNY at Stony Brook
2116936,2021-07-22,150007,Standard Grant,Collaborative Research: How online foci shape conversation,Indiana University
2116937,2021-07-22,99573,Standard Grant,Collaborative Research: How online foci shape conversation,Stanford University
2116938,2021-07-22,103149,Standard Grant,Collaborative Research: How online foci shape conversation,Cornell University
2117227,2021-07-22,282000,Standard Grant,Collaborative Research: Intermediaries and Product Selection in the Municipal Bond Market,National Bureau of Economic Research Inc
2117297,2021-07-22,237000,Standard Grant,Collaborative Research: Intermediaries and Product Selection in the Municipal Bond Market,Carnegie Mellon University
2116350,2021-07-23,254788,Standard Grant,"Family Bereavement: Societal Prevalence, Patterning, and Consequences",University of Southern California
2116869,2021-07-23,72768,Standard Grant,A Meta-Analysis of Influences on Social Control,Arizona State University
2120087,2021-07-23,249318,Standard Grant,Computational Methods for Speech Analysis,Washington University
2120174,2021-07-23,284994,Standard Grant,Partially Ordered Item Response Modeling for Longitudinal and Multivariate Data,Wake Forest University School of Medicine
2127193,2021-07-23,181501,Standard Grant,The Impact of Country of Origin on Group Consciousness in Political Behavior Research,The University of Central Florida Board of Trustees
2127357,2021-07-23,200095,Standard Grant,Heat and Inequality,San Diego State University Foundation
2117083,2021-07-24,24984,Standard Grant,"Doctoral Dissertation Research in Economics: The Effects of Gender and Racial Stereotypes on Math Confidence, Effort, and Achievement",National Bureau of Economic Research Inc
2049932,2021-07-26,363998,Standard Grant,Responding to turbulent times: Coping with the COVID-19 pandemic and its aftermath in a probability-based US national sample,University of California-Irvine
2117118,2021-07-26,24631,Standard Grant,Doctoral Dissertation Research in DRMS: A Case Study of Enhanced Geothermal Systems: The Interaction of Imaginaries of Place and Energy for Renewable Energy Transitions,Cornell University
2121207,2021-07-26,305012,Standard Grant,Collaborative Research: RUI: Collaborative Research and Education Architecture for Transformative Engagement with STS (CREATE/STS),James Madison University
2121214,2021-07-26,45810,Standard Grant,Collaborative Research: RUI: Collaborative Research and Education Architecture for Transformative Engagement with STS (CREATE/STS),Michigan State University
2121224,2021-07-26,74245,Standard Grant,Collaborative Research: RUI: Collaborative Research and Education Architecture for Transformative Engagement with STS (CREATE/STS),Colorado School of Mines
2121266,2021-07-26,69782,Standard Grant,Collaborative Research: RUI: Collaborative Research and Education Architecture for Transformative Engagement with STS (CREATE/STS),"University of Maryland, College Park"
2044321,2021-07-27,550000,Continuing Grant,"CAREER: Networks for Risk Sharing, Information Diffusion, and On-the-Job Support",National Bureau of Economic Research Inc
2046454,2021-07-27,599963,Continuing Grant,CAREER: Using network analysis to assess confidence in research synthesis,University of Illinois at Urbana-Champaign
2049744,2021-07-27,245721,Standard Grant,Collaborative Research: Information and Markets,Massachusetts Institute of Technology
2049754,2021-07-27,165000,Standard Grant,Collaborative Research: Information and Markets,Yale University
2049810,2021-07-27,150001,Standard Grant,"Efficient Matching, Continuous Voting, and Non-Contractable Critical Information",University of Chicago
2115667,2021-07-27,411480,Standard Grant,The Global Diffusion of Anti-Terrorism Law and Its Impact on Human Rights,Temple University
2116244,2021-07-27,625000,Continuing Grant,Examining Compliance With Court-Ordered Diversionary Programs,University of California-Irvine
2116716,2021-07-27,29876,Standard Grant,Doctoral Dissertation Research in DRMS: A Comparison of Value of Statistical Life Estimates Derived from Revealed and Stated Preferences,American University
2116934,2021-07-27,359996,Standard Grant,A Large-Scale Analysis of Mergers and Merger Simulations,Northwestern University
2117003,2021-07-27,190663,Standard Grant,Collaborative Research: Origins of Serial Sovereign Default,Stanford University
2117004,2021-07-27,12838,Standard Grant,Collaborative Research: Origins of Serial Sovereign Default,University of Pennsylvania
2117158,2021-07-27,527000,Standard Grant,Regulating Untaxable Externalities: Are Vehicle Air Pollution Standards Effective and Efficient?,National Bureau of Economic Research Inc
2117288,2021-07-27,190000,Standard Grant,Clean Growth and Comparative Advantage,Yale University
2117398,2021-07-27,175291,Standard Grant,Inequality and Welfare in a Low Rate Environment,Columbia University
2117534,2021-07-27,393434,Standard Grant,Urbanization and Economic Growth.,Harvard University
2117860,2021-07-27,27963,Standard Grant,Doctoral Dissertation Research in DRMS:  Connecting Artificial Intelligence Literacy and Human-AI Decision Making Outcomes in Organizational Hiring,University of Texas at Austin
2120311,2021-07-27,443425,Standard Grant,Digitization and Analysis of the Bills of Mortality Data Set,George Mason University
2121122,2021-07-27,692123,Continuing Grant,Modeling the dynamics of belief formation: Towards a computational understanding of the timing and accuracy of probability judgments,University of Kansas Center for Research Inc
2124685,2021-07-27,20003,Standard Grant,Doctoral Dissertation Research: Evaluating the Promise and Pitfalls of Benchmarking in Machine Learning Research,University of California-Los Angeles
2048754,2021-07-28,183000,Standard Grant,Financial Globalization,American University
2116375,2021-07-28,232267,Standard Grant,Collaborative Research: The Anatomy of Firm Exit: Theory and Facts,Duke University
2116630,2021-07-28,211507,Standard Grant,Research towards a better understanding of logit type models with fixed effects,Princeton University
2116678,2021-07-28,188360,Standard Grant,Collaborative Research: Militias and Paramilitaries in Militarized Interstate Conflicts,University of Alabama Tuscaloosa
2116693,2021-07-28,99504,Standard Grant,Collaborative Research: Militias and Paramilitaries in Militarized Interstate Conflicts,Clemson University
2116746,2021-07-28,64162,Standard Grant,Collaborative Research: Militias and Paramilitaries in Militarized Interstate Conflicts,University of Arizona
2116812,2021-07-28,363384,Standard Grant,Political Leaders Through Time (PLT),University of Texas at Austin
2116928,2021-07-28,233729,Standard Grant,The Anatomy of Firm Exit: Theory and Facts,University of Pennsylvania
2117068,2021-07-28,314000,Standard Grant,Dynamic Strategic Corporate Finance,National Bureau of Economic Research Inc
2117260,2021-07-28,305533,Standard Grant,Collaborative Research: Asymptotic Approximations for Sequential Decision Problems in Econometrics,Pennsylvania State Univ University Park
2117261,2021-07-28,298699,Standard Grant,Collaborative Research: Asymptotic Approximations for Sequential Decision Problems in Econometrics,University of Wisconsin-Madison
2117478,2021-07-28,243500,Standard Grant,"Collaborative Research: Heterogeneity, Risk Premia, and Macroeconomic Fluctuations",Princeton University
2117660,2021-07-28,530504,Standard Grant,"Property, People, and Progress along Frontiers: How Land Policy Affects Selection and Outcomes",Colorado School of Mines
2117764,2021-07-28,220998,Standard Grant,"Collaborative Research: Heterogeneity, Risk Premia, and Macroeconomic Fluctuations",University of Chicago
2121789,2021-07-28,362861,Standard Grant,Transforming Data Discovery Through Behavior Modeling and Recommendation,Regents of the University of Michigan - Ann Arbor
2135757,2021-07-28,298416,Standard Grant,EAGER: Measuring the Impact and Diffusion of Open Source Software Innovation on Contributor and Project Networks,University of Virginia Main Campus
2126635,2021-07-29,289083,Standard Grant,"The Impact of Relevance, Belonging, and Growth Mindset on Persistence in Economics",St. Catherine University
2048713,2021-07-30,293000,Standard Grant,On the Sources and Consequences of the Great Seasonal Moderation,National Bureau of Economic Research Inc
2048947,2021-07-30,269624,Standard Grant,Collaborative Research: Caution and Reference Effects,Princeton University
2049099,2021-07-30,229999,Standard Grant,Collaborative Research: Caution and Reference Effects,University of Pennsylvania
2049427,2021-07-30,183000,Standard Grant,"Technology, Automation and Inequality",National Bureau of Economic Research Inc
2116150,2021-07-30,329952,Standard Grant,Financing the Trans-Atlantic Slave Trade,Harvard University
2116369,2021-07-30,560915,Continuing Grant,Psychological Mechanisms of Skewed Decision Making Across Adulthood,University of Texas at Dallas
2122428,2021-07-30,370066,Standard Grant,BPINNOVATE: Impacts of Social Safety Net Policies on STEM Entrepreneurship and Innovation in Underrepresented Populations and Underserved Regions,University of North Carolina at Chapel Hill
2140226,2021-07-30,298271,Standard Grant,EAGER: An Actor-Network Investigation of the XSEDE Project,Cornell University
2049762,2021-08-02,400000,Standard Grant,The Census Tree Linked Dataset,National Bureau of Economic Research Inc
2115066,2021-08-02,236985,Standard Grant,Understanding Hate Crime Victimization and Reporting,Florida State University
2127909,2021-08-02,233731,Standard Grant,"Collaborative Research: The Role of Elites, Organizations, and Movements in Reshaping Politics and Policymaking","Georgia State University Research Foundation, Inc."
2127910,2021-08-02,229860,Standard Grant,"Collaborative Research: The Role of Elites, Organizations, and Movements in Reshaping Politics and Policymaking",University of Arkansas
2127911,2021-08-02,243709,Standard Grant,"Collaborative Research: The Role of Elites, Organizations, and Movements in Reshaping Politics and Policymaking",North Carolina Central University
2127912,2021-08-02,196240,Standard Grant,"Collaborative Research: The Role of Elites, Organizations, and Movements in Reshaping Politics and Policymaking",Howard University
2127913,2021-08-02,238500,Standard Grant,"Collaborative Research: The Role of Elites, Organizations, and Movements in Reshaping Politics and Policymaking",Emory University
2116045,2021-08-03,219839,Standard Grant,Military Service in Political Appointees,University of Houston
2121861,2021-08-03,149608,Standard Grant,Collaborative Research: Examining the effects of academic mobility on individual professors’ research activity and institutional human capital at HBCUs,University of Wisconsin-Madison
2122525,2021-08-03,396691,Continuing Grant,Collaborative Research: Examining the effects of academic mobility on individual professors’ research activity and institutional human capital at HBCUs,Drexel University
2122600,2021-08-03,210188,Standard Grant,Corporate Science Communication and Its Effect on Scientific Knowledge and Attitudes,Arizona State University
2122691,2021-08-03,191102,Standard Grant,Collaborative Research: Examining the effects of academic mobility on individual professors’ research activity and institutional human capital at HBCUs,University of Tennessee Knoxville
2140473,2021-08-03,195213,Standard Grant,EAGER: SaTC: Investigation of misinformation beliefs expressed and spread online,University of Southern California
2048977,2021-08-04,449767,Standard Grant,Collaborative Research: Dignity and the Movement of Displaced Populations,University of California-Los Angeles
2116145,2021-08-04,248679,Standard Grant,The Misperception of Randomness: A Developmental Study,Clarkson University
2116981,2021-08-04,340000,Standard Grant,A Moral Foundations Approach to How Jurors Weigh Aggravating Evidence,Prairie View A & M University
2117095,2021-08-04,184223,Standard Grant,Effects of Artificial Intelligence on Labor Markets,University of California-Berkeley
2122553,2021-08-04,982345,Standard Grant,"BPINNOVATE: Intersectionality in Building STEM Entrepreneurship Capacity: Rurality, Indigeneity, and Technology",University of New Mexico
2125616,2021-08-04,2054156,Standard Grant,S&CC-IRG Track 1: Smart and Connected Community Food Systems,University of Southern California
2139604,2021-08-04,194000,Standard Grant,Collaborative Research: Honest and Robust Inference with High Dimensional Data,University of Southern California
2048519,2021-08-06,9420,Standard Grant,Doctoral Dissertation Research in Economics: Asymmetric Shocks in Contests: Theory and Experiment,George Mason University
2051198,2021-08-06,229951,Standard Grant,Bayesian Inference for Attribute Hierarchy in Cognitive Diagnosis Models,"Board of Regents, NSHE, obo University of Nevada, Reno"
2115512,2021-08-06,299544,Standard Grant,Effects of Financial Sanctions in the Criminal Justice System,Regents of the University of Michigan - Ann Arbor
2116949,2021-08-06,301700,Standard Grant,"Employer and Employee Behaviors, Experiences, and Perceptions of the COVID-19 Pandemic",Rand Corporation
2117362,2021-08-06,406000,Standard Grant,Graduate Education and the Earnings of Men and Women,Yale University
2119849,2021-08-06,400000,Standard Grant,Measuring and Reducing Algorithmic Discrimination with Quasi-Experimental Data,Harvard University
2120223,2021-08-06,17982,Standard Grant,Doctoral Dissertation Research: Leveraging Intensive Time Series of Accelerometer Data to Assess Impulsivity and Inattention in Preschool Children,University of Texas at Austin
2128896,2021-08-06,149947,Standard Grant,FW-HTF-P: Data Science to Save Bees and Transform the Future Work of Beekeepers,George Mason University
2042475,2021-08-09,459495,Continuing Grant,CAREER: Investigating how discourse tools conceptualize rules of microbial life,Colorado State University
2049832,2021-08-09,491267,Standard Grant,Citizen Scrutiny and Government Efforts to Fight Corruption,Columbia University
2114750,2021-08-09,338995,Standard Grant,SBE-UKRI: Synthetic Genomics and Responsible Research and Innovation,Colorado State University
2114770,2021-08-09,278000,Standard Grant,State-Imposed Local Fiscal Rules and the Fiscal Health of City Governments in the US,"Georgia State University Research Foundation, Inc."
2116551,2021-08-09,25000,Standard Grant,"Doctoral Dissertation Research in Economics: Volatility Shocks, Financial Frictions, and Labor Force Reallocation",University of Rochester
2129097,2021-08-09,500000,Standard Grant,FW-HTF-R: Biometrics and AI to Support Expert Nurse Decision-Making,Purdue University
2048476,2021-08-10,8327,Standard Grant,Doctoral Dissertation Research in Economics: An experimental analysis of the role of group identity in leadership effectiveness,George Mason University
2115147,2021-08-10,299608,Standard Grant,Group Identification Under Stress: A Comparative Study,University of Mississippi
2116406,2021-08-10,526070,Continuing Grant,The Dynamics of Illicit Governance,University of Arizona
2117105,2021-08-10,24999,Standard Grant,"Doctoral Dissertation Research in Economics: Information frictions, demand for quality, and welfare in the market for antimalarials",Regents of the University of Michigan - Ann Arbor
2126506,2021-08-10,203155,Standard Grant,Collaborative Research: Build and Broaden 2.0: California Alliance for Hispanic-serving Social Science Advancement (CAHSSA),University of California-Irvine
2126575,2021-08-10,332963,Standard Grant,Collaborative Research: Build and Broaden 2.0: California Alliance for Hispanic-serving Social Science Advancement (CAHSSA),University of California-Santa Barbara
2126578,2021-08-10,260740,Standard Grant,Collaborative Research: Build and Broaden 2.0: California Alliance for Hispanic-serving Social Science Advancement (CAHSSA),California State University Channel Islands
2127282,2021-08-10,156761,Standard Grant,The Impact of Super-gentrification on Neighborhood Composition,CUNY Medgar Evers College
2049929,2021-08-11,600000,Standard Grant,Electric Vehicles: Economics of the Extensive and Intensive Margins,University of Chicago
2127295,2021-08-12,194005,Standard Grant,Collaborative Research: The Impact of Covid-19 on Victimization Risk and Service Needs for Domestic Violence Victims and Survivors,CUNY John Jay College of Criminal Justice
2127296,2021-08-12,149236,Standard Grant,Collaborative Research: The Impact of Covid-19 on Victimization Risk and Service Needs for Domestic Violence Victims and Survivors,George Mason University
2129072,2021-08-12,1999999,Standard Grant,"FW-HTF-R: Impact of Artificial Intelligence Aids on Clinical Skill Acquisition, Atrophy and Adaptation",Case Western Reserve University
2146028,2021-08-14,202831,Standard Grant,Collaborative Research: Pollution Mitigation and Productivity in Developing Countries,Columbia University
2045925,2021-08-15,460146,Continuing Grant,CAREER: Reconfiguring Life: Care and control in bioengineering,Arizona State University
2115360,2021-08-15,173194,Standard Grant,HNDS-R Collaborative Research: Measuring Belief Distortions to Improve Predictive Outcomes,Duke University
2116641,2021-08-15,210805,Standard Grant,HNDS-R Collaborative Research:  Measuring Belief Distortions to Improve Predictive Outcomes,New York University
2117463,2021-08-15,25000,Standard Grant,Doctoral Dissertation Research Improvement in Economics: Supply-Side Responses to Discrimination,University of California-San Diego
2121387,2021-08-15,398066,Standard Grant,Social Robots and the Production of Space: Exploring the Socio-Spatial Dimensions of Human-Robot Interaction,"Board of Regents, NSHE, obo University of Nevada, Reno"
2121589,2021-08-15,310877,Standard Grant,"Narrating Autoimmunity through Biographies of Illness, Narrative Medicine, and Treatment",University of California-Davis
2116552,2021-08-16,122171,Standard Grant,Culturally Relevant Messaging and the Political Socialization of HBCU Students,The University of Central Florida Board of Trustees
2116859,2021-08-16,375000,Standard Grant,Depopulating Holding Centers during the COVID-19 Pandemic,University of California-Davis
2122157,2021-08-16,616784,Continuing Grant,Demand-driven science: the role of knowledge partnerships in improving the public value of conservation science,Arizona State University
2127457,2021-08-16,215740,Standard Grant,Build and Broaden: Growing Capacity in Research Examining Entrepreneurship,California State University San Marcos Corporation
2042366,2021-08-17,442998,Continuing Grant,CAREER: A Modern Philosophy for Classical Statistical Testing and Estimation,University of Minnesota-Twin Cities
2049741,2021-08-17,17181,Standard Grant,Doctoral Dissertation Research in Economics: The Diffusion of Automobiles and Motortrucks in the United States in the 20th Century,University of Arizona
2051246,2021-08-17,299999,Standard Grant,Revamped Bayesian Inference,Columbia University
2116224,2021-08-17,266795,Standard Grant,"Collaborative Research: Charismatic Politicians, Weak Parties, and the Disruption of Democracy",Princeton University
2116289,2021-08-17,87381,Standard Grant,"Collaborative Research: Charismatic Politicians, Weak Parties, and the Disruption of Democracy",Georgetown University
2116467,2021-08-17,510490,Standard Grant,"Collaborative Research:  Varieties of Crises, Elite Responses, and Executive Approval","Georgia State University Research Foundation, Inc."
2116472,2021-08-17,42019,Standard Grant,"Collaborative Research:  Varieties of Crises, Elite Responses, and Executive Approval",Indiana University
2116473,2021-08-17,16739,Standard Grant,"Collaborative Research:  Varieties of Crises, Elite Responses, and Executive Approval",University of Connecticut
2116484,2021-08-17,70176,Standard Grant,"Collaborative Research:  Varieties of Crises, Elite Responses, and Executive Approval",University of Mississippi
2116538,2021-08-17,43972,Standard Grant,"Collaborative Research:  Varieties of Crises, Elite Responses, and Executive Approval",University of North Carolina at Chapel Hill
2117009,2021-08-17,450000,Standard Grant,Multimodal Signaling and Communication Analysis of World Leaders,University of Memphis
2120318,2021-08-17,349999,Standard Grant,Computational and Statistical Approaches to Regression Problems in the Presence of Linkage Errors,George Mason University
2120540,2021-08-17,350773,Standard Grant,Generative Diffusion of Artificial Intelligence Innovation: An Innovation Ecological Approach,Case Western Reserve University
2127199,2021-08-17,632515,Standard Grant,"Collaborative Research: The Effects of Information, Mentoring and Time on Economic Faculty at MSIs",Spelman College
2127208,2021-08-17,110500,Standard Grant,"Collaborative Research: The Effects of Information, Mentoring and Time on Economic Faculty at MSIs",National Bureau of Economic Research Inc
2100261,2021-08-18,74949,Standard Grant,Excellence in Research: The impact of cash transfers on remittances,Spelman College
2115496,2021-08-18,401292,Standard Grant,A New Well-being Metric in the Era of the Digital Economy,Stanford University
2121120,2021-08-18,405665,Continuing Grant,"MCA-ECON: The Impacts of Supply and Demand on Ideas, Innovation, and Diversity in Economics",University of Colorado at Boulder
2050809,2021-08-19,674952,Standard Grant,The Effects of Panel Conditioning on Data Quality,Westat Inc
2116479,2021-08-19,60217,Standard Grant,Collaborative Research: Urban Flooding and Residential Adaptation,Temple University
2116488,2021-08-19,518668,Standard Grant,Collaborative Research: Urban Flooding and Residential Adaptation,William Marsh Rice University
2116935,2021-08-19,1299701,Continuing Grant,Qualitative Data Repository 2021-2024,Syracuse University
2122621,2021-08-19,15129,Standard Grant,Doctoral Dissertation Research: Unveiling Conceptual Shifts and Novel Dynamics in Genetic Engineering Science: A Gene Drive Case Study,Arizona State University
2122818,2021-08-19,292095,Standard Grant,Collaborative Research: Explaining Differential Success in Biodiversity Knowledge Commons,Arizona State University
2122819,2021-08-19,103752,Standard Grant,Collaborative Research: Explaining Differential Success in Biodiversity Knowledge Commons,Purdue University
2043708,2021-08-20,419209,Standard Grant,"RCN: Expanding the History of Science, Technology, Environment, and Medicine: The United States and its Regional Neighbors","University of Maryland, College Park"
2120500,2021-08-20,350000,Standard Grant,Diversity as an Organizational Capability: A Multilevel Examination of Board Composition and Firm Effectiveness,Michigan State University
2121146,2021-08-20,120152,Standard Grant,Scholars Award: The Political and Material Ecology of Horseshoe Crabs in the Biomedical Industry,Rochester Institute of Tech
2122574,2021-08-20,455481,Continuing Grant,"Enabling Ethical Analysis, Public Engagement and Public Justification in State-Level Pandemic Responses in the United States",Johns Hopkins University
2136779,2021-08-20,49715,Standard Grant,Conference Workshops on Global Elections Data Resources,Regents of the University of Michigan - Ann Arbor
2047513,2021-08-22,711676,Continuing Grant,"CAREER: Developing, Designing and Distributing Technology to Increase Equitable Outcomes in Energy, Information and Aerospace Sectors",Massachusetts Institute of Technology
2049324,2021-08-23,545000,Standard Grant,The Cutter Incident: Consequences of a Public Health Crisis,National Bureau of Economic Research Inc
2121014,2021-08-23,100000,Standard Grant,Theo Colborn and Environmental Endocrine Disruption,Wayne State University
2122460,2021-08-23,641048,Continuing Grant,SCISIPBIO: Partnering Through It: Building a Research Base for Dual-Career Academics,University of North Carolina at Chapel Hill
2128746,2021-08-23,301994,Standard Grant,FW-HTF-R:  Collaborative Research: Virtual Meeting Support for Enhanced Well-Being and Equity for Game Developers,University of Oregon Eugene
2128803,2021-08-23,1188386,Standard Grant,FW-HTF-R:  Collaborative Research: Virtual Meeting Support for Enhanced Well-Being and Equity for Game Developers,Michigan State University
2128813,2021-08-23,70458,Standard Grant,FW-HTF-R:  Collaborative Research: Virtual Meeting Support for Enhanced Well-Being and Equity for Game Developers,Southern Illinois University at Edwardsville
2128991,2021-08-23,39013,Standard Grant,FW-HTF-R:  Collaborative Research: Virtual Meeting Support for Enhanced Well-Being and Equity for Game Developers,University of Wisconsin-Whitewater
2049799,2021-08-24,2750000,Continuing Grant,Broadening Participation in Economics: The AEA Summer Program with Inclusive Mentoring,Howard University
2120880,2021-08-24,321896,Standard Grant,Collaborative Research: Emerging Engagements of Energy Democracy,University of Utah
2120881,2021-08-24,267321,Standard Grant,Collaborative Research: Emerging Engagements of Energy Democracy,SUNY College of Environmental Science and Forestry
2121246,2021-08-24,654999,Standard Grant,Emergent Imaginaries of Regenerative Agriculture,Dartmouth College
2122232,2021-08-24,995110,Continuing Grant,SCISIPBIO: Constructing Heterogeneous Scholarly Graphs to Examine Social Capital During Mentored K Awardees Transition to Research Independence: Explicating a Matthew Mechanism,HEALTHPARTNERS Institute
2049764,2021-08-25,19051,Standard Grant,Doctoral Dissertation Research in DRMS: Exploring gender differences in effort before competition,University of Pennsylvania
2117564,2021-08-25,476231,Continuing Grant,Understanding the effect of individual decision-making strategies on collective decision outcomes,Santa Fe Institute
2122247,2021-08-25,376934,Standard Grant,Improving the Use of Science in Collaborative Environmental Governance,University of Washington
2128398,2021-08-25,210000,Standard Grant,FW-HTF-R:Collaborative Research: Partnering Workers with Interactive Robot Assistants to Usher Transformation in Future Construction Work,Washington State University
2128415,2021-08-25,210000,Standard Grant,FW-HTF-R: Collaborative Research: Partnering Workers with Interactive Robot Assistants to Usher Transformation in Future Construction Work,University of Florida
2128623,2021-08-25,1580000,Standard Grant,FW-HTF-R: Collaborative Research: Partnering Workers with Interactive Robot Assistants to Usher Transformation in Future Construction Work,Regents of the University of Michigan - Ann Arbor
2145655,2021-08-26,4185233,Continuing Grant,Facilitating Rapid Responses to SBE-Related Questions: the Societal Experts Action Network (SEAN),National Academy of Sciences
2049169,2021-08-27,15924856,Continuing Grant,GSS: General Social Survey Competition 2022/2024,National Opinion Research Center
2049841,2021-08-27,299106,Standard Grant,The Hunter and African School Program to Expand Representation in Economics,CUNY Hunter College
2100825,2021-08-27,622524,Standard Grant,Excellence in Research: Scaling Social Capital and Health across Space,Delaware State University
2128198,2021-08-30,509767,Standard Grant,Exposure to Trauma and Political Behavior,Jackson State University
2139091,2021-08-30,874752,Standard Grant,"Science for Judges - Development of the Reference Manual on Scientific Evidence, 4th Edition",National Academy of Sciences
2128873,2021-09-03,35904,Standard Grant,FW-HTF-P: Collaborative Research: Artificial Intelligence-Supported Development of Future Organizational Leaders,Georgia Tech Research Corporation
2129007,2021-09-03,114096,Standard Grant,FW-HTF-P: Collaborative Research: Artificial Intelligence-Supported Development of Future Organizational Leaders,University of North Carolina at Charlotte
2150725,2021-09-08,86231,Standard Grant,RAPID: Texas Winter Storm,University of Florida
2131929,2021-09-20,15717700,Cooperative Agreement,Mid-scale RI-1 (M1:IP): Observatory for Online Human and Platform Behavior,Northeastern University
2153152,2021-09-23,173194,Standard Grant,HNDS-R Collaborative Research: Measuring Belief Distortions to Improve Predictive Outcomes,Johns Hopkins University
2200611,2021-10-21,336325,Standard Grant,Unilateral Action and the Presidency,University of Chicago
2202144,2021-11-16,199750,Standard Grant,"RAPID: The Impact of Bans on Peremptory Challenges On Voir Dire, Jury Composition, and Case Outcomes",Arizona State University
2116189,2021-11-30,80255,Standard Grant,"Collaborative Research: U.S. Institutions after COVID-19: Trust, Accountability, and Public Perceptions",Northeastern University
2116458,2021-11-30,128247,Standard Grant,"Collaborative Research: U.S. Institutions after COVID-19: Trust, accountability, and public perceptions",Harvard University
2116465,2021-11-30,81923,Standard Grant,"Collaborative Research: U.S. institutions after COVID-19: Trust, accountability, and public perceptions",Northwestern University
2116631,2021-11-30,159575,Standard Grant,"Collaborative Research: U.S. institutions after COVID-19: Trust, accountability, and public perceptions",Rutgers University New Brunswick
2147840,2021-12-07,49961,Standard Grant,"Cultivating Networks and Innovative Scholarship in Law and Courts, June 2022",Wesleyan University
2204924,2021-12-10,200000,Standard Grant,RAPID: Agenda Generality and Behavior in Social Network Interactions about COVID-19,University of Pennsylvania
2207669,2022-01-05,49818,Standard Grant,"Conference: Election Science, Research, and Administration",University of North Carolina at Charlotte
2143934,2022-01-12,650808,Continuing Grant,CAREER:  Understanding Domestic and International Police Activity,Cornell University
2142924,2022-01-20,502113,Continuing Grant,CAREER: The Efficacy of Sexual Assault Mandatory Reporting Policies,University of Nebraska-Lincoln
2146856,2022-01-20,15706,Standard Grant,DDRIG: The Algorithmic Translation of Expertise: Credible Knowledge and Machine Learning in Medicine,Cornell University
2147139,2022-01-20,18563,Standard Grant,DDRIG: An Historical Study of the Circulation and Growth of Medical Knowledge,Oregon State University
2147166,2022-01-20,15499,Standard Grant,DDRIG: Enigmatic Nature: Absent Laws and Hidden Objects in Theoretical Physics,Massachusetts Institute of Technology
2147313,2022-01-20,15750,Standard Grant,"DDRIG: An Historical Study of Rare Earth Metals, Geohistories, and Commercial Geography",University of Pennsylvania
2148904,2022-01-20,90787,Standard Grant,Theory-based Measurement of Varieties of Power Using a Novel Semi-supervised IRT Model,Duke University
2148982,2022-01-20,611942,Continuing Grant,The Dynamics of Unique Decisions,"OHIO STATE UNIVERSITY, THE"
2119938,2022-01-24,375000,Standard Grant,Process Data for Modern Educational Assessment and Learning,Columbia University
2141551,2022-01-24,483086,Standard Grant,Creating the Federal Judicial Database and Research Agenda,University of Georgia Research Foundation Inc
2147089,2022-01-24,14207,Standard Grant,DDRIG: An Historical Study of Science and Scientific Culture,Columbia University
2149406,2022-01-24,22545,Standard Grant,DDRIG in DRMS: Lay Understanding of Vaccine Efficacy,Carnegie Mellon University
2149435,2022-01-24,40024,Standard Grant,DDRIG in DRMS: Policy Interactions and Consumer Decision-making in the Market for Energy-Efficient Products.,Cornell University
2204990,2022-01-24,200000,Standard Grant,"RAPID: Citizen Perspectives on Peace, Security and Human Rights in a Post-Conflict Environment",University of Massachusetts Amherst
2147892,2022-02-02,429011,Standard Grant,Adaptive Authoritarianism via Central Directives and Policy Experiments,Regents of the University of Michigan - Ann Arbor
2149113,2022-02-02,257455,Standard Grant,Collaborative Research: Regulating Electricity Markets: Impacts on Energy Transitions and Environmental Justice,University of Arizona
2149314,2022-02-02,24948,Standard Grant,Doctoral Dissertation Research in Economics: Leveraging Standardized Tests to Measure Noncognitive Skills and Their Effect on College and Labor-Market Outcomes,Cornell University
2149321,2022-02-02,29850,Standard Grant,DDRIG in DRMS: An Investigation of Harm Perceptions from Communications on Social Media about COVID Vaccines,University of Texas at San Antonio
2149335,2022-02-02,242520,Standard Grant,Collaborative Research: Regulating Electricity Markets: Impacts on Energy Transitions and Environmental Justice,Columbia University
2149371,2022-02-02,264325,Standard Grant,Collaborative Research: Labor Market and Public Policy Preferences,Brown University
2149402,2022-02-02,32075,Standard Grant,Doctoral Dissertation Research in Economics: Matching new agricultural technology with the demand for innovation of low-income farmers,Cornell University
2149414,2022-02-02,223928,Standard Grant,Collaborative Research: Labor Market and Public Policy Preferences,Trustees of Boston University
2147635,2022-02-03,300519,Standard Grant,Collaborative Research: Understanding the Evolution of Political Campaign Advertisements over the Last Century,University of Oklahoma Norman Campus
2148202,2022-02-03,82608,Standard Grant,Collaborative Research: Understanding the Evolution of Political Campaign Advertisements over the Last Century,University of Iowa
2148928,2022-02-03,155357,Standard Grant,Collaborative Research: Understanding the Evolution of Political Campaign Advertisements over the Last Century,Harvard University
2149053,2022-02-04,407554,Standard Grant,"Environmental Stress, Political Institutions and Social Conflict",University of Minnesota-Twin Cities
2143098,2022-02-09,513991,Continuing Grant,"CAREER: Market Institutions, Regulation, and Economic Growth",Yale University
2143473,2022-02-09,177884,Standard Grant,"Scholars' Award: Human Motives - Egoism, hedonism, and the science of affect","University of Maryland, College Park"
2149432,2022-02-09,362577,Standard Grant,Attacking Networks of Tax Evasion: Theory and Evidence.,Columbia University
2150578,2022-02-09,351058,Standard Grant,Effects of State Steering Strategies on Development of  Inter-Organizational Partnerships by Small Community Water Systems,University of Massachusetts Amherst
2152423,2022-02-09,370093,Standard Grant,NSF SoS: DCI Identifying Effective Science Communication Outcomes with Social Media During the COVID-19 Pandemic,Indiana University
2144072,2022-02-10,500962,Continuing Grant,"CAREER: Family Behavior, Health Technologies, and Government Policy: Research and Training",National Bureau of Economic Research Inc
2146778,2022-02-10,282603,Standard Grant,Time and Episodic Memory: Neuropsychology Meets Philosophy,Washington University
2148215,2022-02-10,366181,Standard Grant,"Collaborative Research: Patterns, Context, and Secondary Impacts of State Policy Responses to the Pandemic",Pennsylvania State Univ University Park
2148216,2022-02-10,131829,Standard Grant,"Collaborative Research: Patterns, Context, and Secondary Impacts of State Policy Responses to the Pandemic",University of Iowa
2148217,2022-02-10,76027,Standard Grant,"Collaborative Research: Patterns, Context, and Secondary Impacts of State Policy Responses to the Pandemic",University of Notre Dame
2150929,2022-02-10,299763,Standard Grant,Women’s Psychosocial and Physiological Experience of Speaking in Work Teams,Georgia Tech Research Corporation
2146757,2022-02-14,669885,Continuing Grant,Testing the Pristine Conditions Hypothesis of the Confidence-Accuracy Relationship in Eyewitness Identification,University of Arkansas
2147011,2022-02-15,511230,Continuing Grant,Diversity and Networking in Law School: Are Law Students from Diverse Backgrounds Disadvantaged?,University of California-Irvine
2152288,2022-02-15,405632,Standard Grant,Collaborative Research: SBP: Scientific topics and careers at the intersection: an algorithmic approach,Berry College
2152303,2022-02-15,219023,Standard Grant,Collaborative Research: SBP: Scientific topics and careers at the intersection: an algorithmic approach,Georgia Tech Research Corporation
2143381,2022-02-16,483302,Continuing Grant,CAREER: We Dare Defend Our Rights: The Political Use of Law in the Enforcement of Voting Rights,University of Kansas Center for Research Inc
2143984,2022-02-16,438589,Continuing Grant,CAREER: Knowledge Infrastructure in the Red List of Threatened Species,Arizona State University
2219358,2022-02-16,111999,Standard Grant,RAPID: Systemic Differences in Employee Outcomes from COVID-19 and the Effectiveness of Organizational Response,University of Houston
2115322,2022-02-22,131606,Standard Grant,"SRS RN: To be truly regenerative, we must be reparative: a BIPOC agenda for regional sustainable systems",Worcester Polytechnic Institute
2151698,2022-02-24,139800,Standard Grant,The Role of Scientific Support Staff in the Creation and Dissemination of Knowledge Within and Across Core Infrastructural Facilities,University of California-Santa Barbara
2143678,2022-02-28,414546,Continuing Grant,CAREER: Regulating On-Demand Delivery Platforms,Boston College
2146834,2022-02-28,379679,Standard Grant,Falling Under the Lens of Suspicion: Identifying Behavioral Factors that Generate Suspicion,Arizona State University
2147104,2022-02-28,166614,Standard Grant,"Factual guilt, perceived guilt, and race: How defense attorneys make plea recommendations in real-world circumstances",CUNY John Jay College of Criminal Justice
2147334,2022-02-28,349439,Continuing Grant,Standard Research Grant: Toxic Docs 2.0 Research Infrastructure Project,Columbia University
2148933,2022-02-28,300000,Standard Grant,Collaborative Research: Extended Family Support and the Housing Stability of Youth,University of California-Riverside
2148934,2022-02-28,300000,Standard Grant,Collaborative Research: Extended Family Support and the Housing Stability of Youth,Trinity University
2149140,2022-02-28,30423,Standard Grant,DDRIE: Emigration: A Blessing or a Curse: Empirical Evidence,Harvard University
2149223,2022-02-28,209048,Standard Grant,"Collaborative Research: Gender, Politics, and Environmental Concern",Yale University
2149224,2022-02-28,225439,Standard Grant,"Collaborative Research: Gender, Politics, and Environmental Concern",Vanderbilt University
2151311,2022-02-28,407450,Standard Grant,Factors Relating to Successful Recruitment of Women in Information Technology Jobs,University of Minnesota-Twin Cities
2148501,2022-03-02,169747,Standard Grant,"Collaborative Research: Parenting, Housework, Well-being, and the COVID-19 Pandemic",University of Utah
2148610,2022-03-02,160253,Standard Grant,"Collaborative Research: Parenting, Housework, Well-being, and the COVID-19 Pandemic",Ball State University
2145997,2022-03-20,54559,Standard Grant,Conference/Workshop: Shaping Future STS Research on Societal Science Issues,University of Southern Indiana
2142146,2022-03-21,437422,Continuing Grant,CAREER: Integrating Optimal Design and Inference for Modern Observational Studies,University of California-Berkeley
2147052,2022-03-21,15632,Standard Grant,DDRIG: Networked Infrastructures in Vulnerable Coastal Communities: A Historical and Ethnographic Inquiry,Cornell University
2149446,2022-03-21,631767,Standard Grant,Experimental Evidence on Intergenerational Transmission of Economic Status,University of California-Berkeley
2217177,2022-03-21,374374,Standard Grant,Understanding Disciplinary Approaches in School Settings,Smith College
2115259,2022-03-22,149999,Standard Grant,SRS RN: Preparing for Just and Sustainable Climate Migration,University of Massachusetts Amherst
2148907,2022-03-22,897613,Continuing Grant,2022 Cooperative Election Study,Harvard University
2149289,2022-03-22,128019,Standard Grant,Collaborative Research: The Value of Data,University of California-San Diego
2149315,2022-03-22,123115,Standard Grant,Collaborative Research: The Value of Data,Columbia University
2149450,2022-03-22,269998,Continuing Grant,NSF-BSF: Willingness to Vaccinate Against COVID-19: Psychological Mechanisms and Ways to Increase Responsiveness,Decision Science Research Institute
2203175,2022-03-22,341342,Standard Grant,Making Security Work: Vulnerability Disclosure Programs (VDPs) and the Organizational Foundations of Cybersecurity,Northeastern University
2147088,2022-03-23,15990,Standard Grant,"DDRIG: Science, Technology, Law and the Expansion of Bio/Surveillance",University of Illinois at Chicago
2147132,2022-03-23,10962,Standard Grant,DDRIG: Governance of Athletes through Protective Policies,"University of Maryland, College Park"
2147222,2022-03-23,13749,Standard Grant,DDRIG: Telemedicine and In-person Practices for the Measurement of Pain,University of New Mexico
2143843,2022-03-28,530000,Continuing Grant,CAREER: Assessing the effect of source credibility on public perceptions of science and    place-based conservation,Texas A&M AgriLife Research
2146927,2022-03-28,16150,Standard Grant,"DDRIG: The Impact of Video Games, Identity, and Narrative on Understandings of  Mental Health",University of California-San Francisco
2143343,2022-04-06,486467,Continuing Grant,CAREER: The Economic and Social Consequences of Frontier AI Innovation,Harvard University
2147333,2022-04-06,19750,Standard Grant,DDRIG: Language of scientific uncertainty and risk in food safety and environmental science,University of California-San Diego
2149363,2022-04-06,379348,Standard Grant,Assessing the Impact of Human Capital on Jobs and Political Attitudes,University of Notre Dame
2150003,2022-04-06,279983,Standard Grant,Hybrid Methods for Statistical and Econometric Modeling,Brown University
2150617,2022-04-06,17861,Standard Grant,Doctoral Dissertation Research: Developing and Testing Novel Strategies to Detect Inattentive Responding in Intensive Longitudinal Self-Report Methods,University of Southern California
2150628,2022-04-06,315000,Continuing Grant,Identification and Estimation of Dynamic Restricted Latent Class Models for Cognitive Diagnosis,University of Illinois at Urbana-Champaign
2146695,2022-04-07,14540,Standard Grant,Doctoral Dissertation Research in Economics:  Regret in Games:  When It Is Not (Only) Your Fault,New York University
2149219,2022-04-07,4519,Standard Grant,Doctoral Dissertation Research in Economics: Do Firms Indeed Pursue Profit Maximization? An Experiment,University of Arizona
2149221,2022-04-07,15550,Standard Grant,Doctoral Dissertation Research in Economics: Selling College: The Effect of Advertising on Enrollment Choices and Student Outcomes,University of Wisconsin-Madison
2149374,2022-04-07,473500,Standard Grant,Discrete and Rank Ordered Choice Models with Heterogeneous Preferences and Consideration,Cornell University
2224520,2022-04-08,455640,Standard Grant,Organizational Problem Solving and the Use of Research in Education Policy,West Virginia University Research Corporation
2149344,2022-04-11,549136,Standard Grant,The Impact of Sustained Unconditional Cash Transfers on Labor Market Outcomes,University of Chicago
2146969,2022-04-13,274144,Standard Grant,Disability Culture and Technology,Vanderbilt University
2147063,2022-04-14,246455,Standard Grant,Socio-Technical Practices of Digital Technology and Innovation,University of Massachusetts Amherst
2147258,2022-04-26,111903,Standard Grant,Collaborative Research: Digital Archives and Indigenous Afterlives of Scientific Objects,University of Iowa
2147284,2022-04-26,302085,Standard Grant,Collaborative Research: Digital Archives and Indigenous Afterlives of Scientific Objects,New Jersey Institute of Technology
2147325,2022-04-26,84062,Standard Grant,Collaborative Research: Digital Archives and Indigenous Afterlives of Scientific Objects,Emory University
2149418,2022-04-26,257148,Standard Grant,Social Networks and Migration,Yale University
2150601,2022-04-26,360000,Standard Grant,"General Cognitive Diagnosis Models: Development, Estimation, and Applications",University of Alabama Tuscaloosa
2142964,2022-04-27,500000,Continuing Grant,CAREER: Measuring and Modeling the Multi-Modal Networks and Demographics of People Experiencing Homelessness,University of Washington
2147250,2022-04-27,198744,Standard Grant,Student Data in the Post-Pandemic University,Columbia University
2149327,2022-04-27,4138,Standard Grant,Doctoral Dissertation Research in Economics: Non-isolation and Social Preference,"University of Maryland, College Park"
2146851,2022-04-28,316543,Standard Grant,Collaborative Research: Integrating Interdisciplinary Approaches into Biology Textbooks,Kennesaw State University Research and Service Foundation
2146974,2022-04-28,265325,Standard Grant,Collaborative Research: Integrating Interdisciplinary Approaches into Biology Textbooks,University of Massachusetts Amherst
2224341,2022-04-28,174657,Standard Grant,RAPID: Amplifying threats during cascading crises: Media's role in shaping psychological responses to the war in Ukraine,University of California-Irvine
2224943,2022-04-28,149426,Standard Grant,RAPID: Comparative Study of Rally Effects During the Ukraine War,SUNY at Stony Brook
2226543,2022-04-28,92673,Standard Grant,RAPID: Supreme Court Support and Democratic Values,Colorado State University
2145352,2022-05-02,408451,Continuing Grant,"CAREER: Information, Algorithms, and Learning",Northwestern University at Chicago
2213343,2022-05-02,49998,Standard Grant,Crime Rates during the Pandemic,National Academy of Sciences
2227074,2022-05-06,518696,Continuing Grant,Testing an Integrative Model of the Social-Psychological Drivers of Participation in Relational Organizing,Oregon State University
2213706,2022-05-09,165579,Standard Grant,"Conceptualizing, Measuring, and Analyzing Fundamentalism","University of Maryland, College Park"
2224441,2022-05-11,298416,Standard Grant,EAGER: Measuring the Impact and Diffusion of Open Source Software Innovation on Contributor and Project Networks,COLERIDGE INITIATIVE INC
2153107,2022-05-13,895784,Continuing Grant,Understanding and Addressing Misinformation about Science,National Academy of Sciences
2214160,2022-05-18,313805,Standard Grant,Comparing Coverage of Public Events Across Different Types of News Sources,University of Wisconsin-Madison
2211744,2022-05-31,108970,Standard Grant,HNDS-R: Extracting the Backbone of Unweighted Networks,Michigan State University
2217493,2022-05-31,50000,Standard Grant,Conferences on Reproducibility and Replicability in Economics and the Social Sciences (CRRESS),Cornell University
2214309,2022-06-10,251327,Standard Grant,Forming Habit(us): A Video-Ethnography of Everyday Interactions Inside 21 American Families,Vanderbilt University
2226883,2022-06-10,31434,Standard Grant,RAPID: Red lines and Negotiables: How Exposure to Wartime Violence Influences Support for Peace Settlements,American University
2146686,2022-06-14,202606,Continuing Grant,"Collaborative Research: Adolescent Development, Legal Comprehension, and Decision-Making Among Justice-Involved Youth",CUNY John Jay College of Criminal Justice
2146965,2022-06-14,360688,Continuing Grant,"Collaborative Research: Adolescent Development, Legal Comprehension, and Decision-Making Among Justice-Involved Youth",Columbia University
2147450,2022-06-14,191062,Standard Grant,"Residential Segregation, Health-Promoting Organizations, and Health Outcomes",University of Houston
2147818,2022-06-14,155725,Standard Grant,The Effects of the COVID-19 Pandemic on Latinx College Graduates,University of California - Merced
2214346,2022-06-14,24888,Standard Grant,"DDRIG in DRMS: Exploring the Spread, Use, and Impact of Imprecise Language on Decision Making",Arizona State University
2214638,2022-06-14,40672,Standard Grant,DDRIG in DRMS: Rational and Heuristic Search,University of Chicago
2215097,2022-06-14,15325,Standard Grant,DDRIG in DRMS: Multi-target Technology Deployment and Information Disclosure in Attacker-defender Settings: Analyzing Game-theoretic Prescriptions and Human Decisions,SUNY at Buffalo
2215639,2022-06-14,26473,Standard Grant,DDRIG in DRMS: Perceptions in sustainability transitions: planning for the potable reuse of wastewater in Arizona,Arizona State University
2230083,2022-06-14,199786,Standard Grant,EAGER: SaTC: Shifts in Misinformation Topics on Social Media: Manipulators Masquerading as Humans,Kent State University
2147848,2022-06-15,393912,Standard Grant,"The Law and Reproductive Health, 2010-2020",University of Arizona
2215652,2022-06-15,15325,Standard Grant,DDRIG in DRMS: Social preference and voluntary donation to climate mitigation.,Oregon State University
2147919,2022-06-16,404199,Standard Grant,"Housing Market Discrimination and Residential Segregation, 1920-1970",Brown University
2210129,2022-06-16,1999713,Continuing Grant,The 2022 Collaborative Midterm Survey,Cornell University
2215074,2022-06-16,309850,Continuing Grant,When Place Matters: A Comparative Study of Access and Justice across Tribal and State Courts,University of Minnesota-Twin Cities
2227629,2022-06-16,131660,Standard Grant,Collaborative Research: RAPID: Resilience and Recovery among Ukrainian Small Business Owners,University of Alabama Tuscaloosa
2227630,2022-06-16,66604,Standard Grant,Collaborative Research: RAPID: Resilience and Recovery among Ukrainian Small Business Owners,University of Tennessee Knoxville
2213699,2022-06-23,337943,Continuing Grant,"Compounded Disadvantage: Race, Criminal Record, and Access to Justice in Immigration Courts",University of Southern California
2215023,2022-06-23,246752,Standard Grant,Collaborative Research: Cooperation in Multi-Dyadic Civil Conflicts,University of Iowa
2215024,2022-06-23,273020,Standard Grant,Collaborative Research: Cooperation in Multi-Dyadic Civil Conflicts,University of Illinois at Urbana-Champaign
2218595,2022-06-23,445232,Continuing Grant,DEVIATE: Using positive deviance to reduce economic and health inequality,Columbia University
2219533,2022-06-23,275853,Standard Grant,Testing Strategies and Impacts of Communicating the Value of Museum Biological Collections,North Carolina State University
2200228,2022-06-27,999978,Standard Grant,PIPP Phase 1; PILOT: Predictive Intelligence for Limiting Outbreak Threats,Children's Hospital Corporation
2231959,2022-06-27,181501,Standard Grant,The Impact of Country of Origin on Group Consciousness in Political Behavior Research,Arizona State University
2200416,2022-06-30,596383,Standard Grant,Excellence in Research: Human Visual Perception of Changes in Smoke and Flame Cues during Early Fire Development,Morgan State University
2212756,2022-06-30,199999,Standard Grant,"War, Revolution and the Expansion of Women's Political Citizenship",University of Wisconsin-Madison
2213615,2022-06-30,362328,Standard Grant,Concentration Camp Systems: Data Collection and Dissemination,University of Arizona
2213819,2022-06-30,32759,Standard Grant,The Use of Exceptional Clearance in Law Enforcement,East Carolina University
2213917,2022-06-30,453000,Standard Grant,The Long-Run Causal Effects of Single-Sex High Schools on Adult Outcomes: Survey and Experiments,University of Pennsylvania
2214342,2022-06-30,589320,Continuing Grant,A Biosocial Study of Client Outcomes in Probation and Parole: The Role of Officer Stress and the Officer-Client Relationship,"Georgia State University Research Foundation, Inc."
2214979,2022-06-30,327632,Continuing Grant,Selection Pressure in Strategic Environments,University of California-Irvine
2214999,2022-06-30,418437,Standard Grant,"The Effectiveness of Drones, Air Power, and Modern Coercion","University of Maryland, College Park"
2148845,2022-07-01,525516,Continuing Grant,How Government Policies Reduce Security Threats from Environmental Shocks,University of Iowa
2217111,2022-07-01,11853,Standard Grant,Doctoral Dissertation Research in Economics: Direct Marketing as a Form of Price Discrimination in Residential Electricity Choice Markets,University of California-Berkeley
2218218,2022-07-01,393370,Standard Grant,Crafting an Open Source Digital Publication Tool for the History of Science,Columbia University
2218577,2022-07-01,140140,Standard Grant,"Data Entry, Labor Identity, and Inequality in Computer Automation",Rochester Institute of Tech
2219609,2022-07-01,501890,Standard Grant,Assessing Bias and Idiosyncrasies in Elite Scientific Peer Review,University of Colorado at Boulder
2230329,2022-07-01,49999,Standard Grant,Conference: Reimagining Rights in the Americas,University of California-Los Angeles
2152437,2022-07-06,408187,Standard Grant,SCISIPBIO: Examining the Career Barriers Confronting African American or Black Biomedical Scientists,University of Kansas Center for Research Inc
2218566,2022-07-06,240039,Standard Grant,Examining Childrens Environmental Health Science and Science-Based Regulatory Policy,William Paterson University
2147220,2022-07-07,299375,Standard Grant,Research Community Development Grant: Summer Training Program to Expand the Al and Data Ethics Research Community,Northeastern University
2154049,2022-07-07,361000,Standard Grant,Excellence in Research: Value Added Leadership for Strengthening the Capacity of College Students,Tuskegee University
2214852,2022-07-07,438000,Standard Grant,The Micro and Macro Effects of Supply-Chain Disruptions,National Bureau of Economic Research Inc
2214952,2022-07-07,500000,Standard Grant,Colleges and Upward Mobility in the US Over the Last Century,National Bureau of Economic Research Inc
2215369,2022-07-07,775089,Standard Grant,Panel Data for the Study of Network Economics and Risk Sharing,National Bureau of Economic Research Inc
2215480,2022-07-07,380010,Continuing Grant,From Rights to Votes: Understanding Political Knowledge and Mobilization Via Text Messaging Among System-Impacted Groups,University of California-Irvine
2215500,2022-07-07,49633,Standard Grant,The Empirical Study of Gender (EGEN) Research Network: Small Research Prizes to Graduate Students and Early Career Faculty,Johns Hopkins University
2218553,2022-07-07,465888,Standard Grant,"Data, Science, and Environmental Justice",SUNY at Stony Brook
2218556,2022-07-07,401854,Standard Grant,The Nature of Brain Networks in Cognitive Neuroimaging,Duke University
2218671,2022-07-07,367230,Standard Grant,"Integrating Art, History and Diverse Knowledge Systems in Systematics: A Framework to Advance Inclusive Practice in Taxonomy",Fordham University
2214129,2022-07-08,620082,Continuing Grant,Immigration Law as Development Policy: The H-2A Visa Program,Stanford University
2214796,2022-07-08,441000,Standard Grant,Innovation Adoption by Committee: Evaluating Decision-Making in the FDA,National Bureau of Economic Research Inc
2216592,2022-07-08,503819,Continuing Grant,Catalyzing virtuous cycles of climate action: an empirical model of polycentric climate governance,University of North Carolina at Chapel Hill
2218455,2022-07-08,295094,Standard Grant,Market Based Climate Stress Tests,New York University
2219575,2022-07-08,575000,Standard Grant,Forging Consensus: A Data-Driven Framework for Studying Scientific Consensus and Debate,Northeastern University
2227794,2022-07-08,82711,Standard Grant,Collaborative Research: RAPID: A Novel Framework & Toolkit to Measure Protest Legacies in Non-democratic States,Regents of the University of Michigan - Ann Arbor
2227795,2022-07-08,42283,Standard Grant,Collaborative Research: RAPID: A Novel Framework & Toolkit to Measure Protest Legacies in Non-democratic States,Indiana University
2219196,2022-07-10,399999,Continuing Grant,SBP:MCA: Understanding School Professionals Disciplinary Decisions and Black Children,"OHIO STATE UNIVERSITY, THE"
2227624,2022-07-11,21950,Standard Grant,Conference:  Judicial Independence and Rule of Law Across the Globe,University of Texas at Austin
2149158,2022-07-12,219319,Continuing Grant,Collaborative Research: Building a Framework for the Causes of and Solutions to the Pluralistic Ignorance Gap on Climate Change,Northeastern University
2149329,2022-07-12,400632,Continuing Grant,Collaborative Research: Building a Framework for the Causes of and Solutions to the Pluralistic Ignorance Gap on Climate Change,Indiana University
2209438,2022-07-12,13999656,Continuing Grant,The 2024 American National Election Studies (ANES),Regents of the University of Michigan - Ann Arbor
2214266,2022-07-12,387267,Standard Grant,Multifaceted Causes of Poverty,University of Washington
2214884,2022-07-12,19946,Standard Grant,Doctoral Dissertation Research in Economics: Collective Action in State and Society,National Bureau of Economic Research Inc
2214992,2022-07-12,414029,Standard Grant,Public-Private Partnerships in Education: Experimental Evidence,Vanderbilt University
2215259,2022-07-12,146801,Standard Grant,Collaborative Research: New Informationally Robust Approaches to Mechanism Design and Games of Incomplete Information,University of California-San Diego
2215475,2022-07-12,294401,Standard Grant,Collaborative Research: New Informationally Robust Approaches to Mechanism Design and Games of Incomplete Information,University of Chicago
2222427,2022-07-12,231736,Standard Grant,Interdisciplinary Research on New Immigration and Curricula Development,Spelman College
2231729,2022-07-12,483302,Continuing Grant,CAREER: We Dare Defend Our Rights: The Political Use of Law in the Enforcement of Voting Rights,Tulane University
2232169,2022-07-12,300000,Standard Grant,"EAGER: Opinion Spam in Digital Rulemaking: Techniques, Effects, and Interventions",University of Oklahoma Norman Campus
2232225,2022-07-12,49999,Standard Grant,Conference: Advanced Air Mobility: Will Law Lift or Ground a New Era of Human Transportation?,The University of Central Florida Board of Trustees
2214793,2022-07-17,441000,Standard Grant,The Economic Consequences of the Rise in Capital Flows,National Bureau of Economic Research Inc
2215080,2022-07-17,189000,Standard Grant,"Liquidity, Intangibles and Stagnation",Princeton University
2142891,2022-07-18,430000,Continuing Grant,CAREER: Understanding workplace risk-taking behavior,Louisiana State University
2148889,2022-07-18,399943,Standard Grant,Explaining Changes in Racial Identification across Time and Place,Texas A&M University
2149129,2022-07-18,646000,Standard Grant,Inflation Expectations of Decision Makers and their Management,National Bureau of Economic Research Inc
2149492,2022-07-18,281469,Standard Grant,Empirical and Causal Models for Heterogeneous Data Fusion,University of Colorado at Denver
2149716,2022-07-18,360000,Standard Grant,Novel Approaches to Estimating the Causal Effect of Policy Interventions in the Presence of Spillovers,University of Pennsylvania
2214040,2022-07-18,358156,Standard Grant,Persuading People on More and Less Divisive Issues,California Institute of Technology
2214913,2022-07-18,19313,Standard Grant,Doctoral Dissertation Research in Economics: An Experimental Study of Confirmation Bias,"University of Maryland, College Park"
2214949,2022-07-18,509498,Standard Grant,The Carbon Footprint of Multinational Production,National Bureau of Economic Research Inc
2215008,2022-07-18,571005,Standard Grant,HNDS-R: Populist Rhetoric on Social Media and Its Effects on Democracies,Washington University
2215203,2022-07-18,20549,Standard Grant,Doctoral Dissertation Research in Economics: How Group Diversity Affects Newcomer’s and Group’s Cooperation and Coordination,University of Arkansas
2215332,2022-07-18,23475,Standard Grant,Doctoral Dissertation Research in Economics: Worth the Effort: Measuring and Predicting Investment in a Costly Application Process,Boston College
2218139,2022-07-18,430050,Continuing Grant,"Travel: Eleven Societies Travel Grants for Students, Independent Scholars, and Recent PhDs",History of Science Society
2222327,2022-07-20,500155,Continuing Grant,Geographies of Migration and (In)Security,Texas State University - San Marcos
2141790,2022-07-21,400001,Continuing Grant,CAREER: Accounting for Measurement Bias and Error in Integrative Data Analysis,University of Southern California
2214240,2022-07-21,17574,Standard Grant,DDRIG in DRMS: Exploring the role of existential fear appeals and social attachments in natural hazard risk assessment and behavior,Texas A&M AgriLife Research
2214950,2022-07-21,309640,Continuing Grant,"Collaborative Research: Learning, Behavior, and Design in Diffusion Processes",University of Pennsylvania
2215219,2022-07-21,25000,Standard Grant,"Doctoral Dissertation Research in Economics: Extracurricular Activities, Information Asymmetry, and Labor Markets",Columbia University
2215256,2022-07-21,159428,Continuing Grant,"Collaborative Research: Learning, Behavior, and Design in Diffusion Processes",Trustees of Boston University
2218341,2022-07-21,413627,Standard Grant,Collaborative Research: Investigating the Philosophical Commitments of University Scientists across Disciplines,Michigan State University
2218451,2022-07-21,67897,Standard Grant,Investigating the Philosophical Commitments of University Scientists across Disciplines,University of Southern Indiana
2218601,2022-07-21,90509,Standard Grant,Collaborative Research: Investigating the Philosophical Commitments of University Scientists across Disciplines,Texas A&M University-Kingsville
2150615,2022-07-24,450000,Standard Grant,Simulation-Based Inference for Differential Privacy,Purdue University
2215032,2022-07-26,24999,Standard Grant,Doctoral Dissertation Research in Economics: The Doctor/Patient Relationship: Theory and Experiments,Texas A&M University
2222511,2022-07-27,126329,Standard Grant,Collaborative Research: Reimagining Policing by Making Neighborhoods Safe and Strong,West Virginia University Research Corporation
2222512,2022-07-27,373670,Standard Grant,Collaborative Research: Reimagining Policing by Making Neighborhoods Safe and Strong,Morgan State University
2214278,2022-07-28,1229967,Continuing Grant,The Seventh Module of the Comparative Study of Electoral Systems (CSES),Regents of the University of Michigan - Ann Arbor
2217501,2022-07-28,76619,Standard Grant,Collaborative Research: SBP: Socioeconomic Mobility of Young Adults Without College Degrees: Understanding Transition Between Jobs,Oregon State University
2217896,2022-07-28,363397,Standard Grant,Collaborative Research: SBP: Socioeconomic Mobility of Young Adults Without College Degrees: Understanding Transition Between Jobs,University of Minnesota-Twin Cities
2218975,2022-07-28,455661,Continuing Grant,MCA: Transparent and Accountable Decision Systems,Rutgers University New Brunswick
2222433,2022-07-28,282412,Standard Grant,Provider Pricing Behavior and Health Policy,University of Maryland Baltimore County
2222573,2022-07-28,354541,Standard Grant,Mapping the Origins of Segregation using GIS Resources,California State University-Fresno Foundation
2232731,2022-07-28,200000,Standard Grant,RAPID: Social Media Data Collection and Online Activities,University of North Carolina at Chapel Hill
2234188,2022-07-28,62999,Standard Grant,Collaborative Research: RAPID: Multinational Corporation Behavior in Time of War,Pennsylvania State Univ University Park
2234189,2022-07-28,63000,Standard Grant,Collaborative Research: RAPID: Multinational Corporation Behavior in Time of War,University of Texas at Austin
2148553,2022-07-29,256408,Standard Grant,Collaborative Research: Local Government Officials and the Management of Religion-State Relationships,Pennsylvania State Univ University Park
2148554,2022-07-29,114133,Standard Grant,Collaborative Research: Local Government Officials and the Management of Religion-State Relationships,Oklahoma State University
2148555,2022-07-29,123413,Standard Grant,Collaborative Research: Local Government Officials and the Management of Religion-State Relationships,Colby College
2148556,2022-07-29,74818,Standard Grant,Collaborative Research: Local Government Officials and the Management of Religion-State Relationships,Loyola Marymount University
2234312,2022-07-29,137981,Standard Grant,Collaborative Research: Individual and Team Behavior in Indefinitely Repeated Games,University of Iowa
2235625,2022-07-29,191696,Standard Grant,RAPID: Visualizing Epidemical Uncertainty for Personal Risk Assessment,Northeastern University
2215063,2022-08-02,451974,Standard Grant,"Market Design, Investment, and Interconnection to the US Power Grid",University of Wisconsin-Madison
2217456,2022-08-02,400000,Standard Grant,Enhancing Synthetic Data Techniques for Practical Applications,Duke University
2221818,2022-08-02,59970,Standard Grant,Workshop on AI Governance in For-profit and Not-for-profit Organizations,University of Florida
2149291,2022-08-03,191630,Standard Grant,An Equilibrium Model of Experimentation on Networks,University of California-Los Angeles
2214431,2022-08-03,478846,Standard Grant,Collaborative Research: Macroeconomic Implications of Economic Policy in Imperfectly Competitive Labor Markets,National Bureau of Economic Research Inc
2214460,2022-08-03,186904,Standard Grant,Collaborative Research: Macroeconomic Implications of Economic Policy in Imperfectly Competitive Labor Markets,Duke University
2214603,2022-08-03,411596,Continuing Grant,"Non-Binding Suggestions, Self-Enforcing Norms and the Determinants of Cooperation in Repeated Games",Brown University
2215430,2022-08-03,412271,Standard Grant,Collaborative Research:  Reducing Prejudice Toward Refugees:  How Social Networks Reinforce and Unravel Attitude Change,George Washington University
2215494,2022-08-03,170424,Standard Grant,Collaborative Research:  Reducing Prejudice Toward Refugees:  How Social Networks Reinforce and Unravel Attitude Change,Vanderbilt University
2218494,2022-08-03,297801,Standard Grant,Research Ethics in STEM: Network Building and Graduate Student Training,San Francisco State University
2222122,2022-08-03,550000,Standard Grant,Build and Broaden 3.0: Assessing the Effects of a Publicly Engaged Scholarship,University of California-Riverside
2228785,2022-08-03,49866,Standard Grant,SCC-CIVIC-PG Track B: Everyday Respect: Measuring & Improving Police Officer Communication During Motor Vehicle Stops,University of Southern California
2144769,2022-08-04,700000,Continuing Grant,CAREER: Firms and the Macroeconomy,National Bureau of Economic Research Inc
2149408,2022-08-04,156866,Standard Grant,Collaborative Research: New Techniques for High-Dimensional and Incomplete Network Data,University of Chicago
2149422,2022-08-04,291152,Standard Grant,Collaborative Research: New Techniques for High-Dimensional and Incomplete Network Data,Northwestern University at Chicago
2214726,2022-08-04,287536,Standard Grant,Adaptive Dependent Data Models via Graph-Informed Shrinkage and Sparsity,William Marsh Rice University
2214958,2022-08-04,39095,Standard Grant,Doctoral Dissertation Research: DRMS: Social Signaling and Health Risk Mitigation,Michigan State University
2217440,2022-08-04,450000,Standard Grant,Trustworthy Reinforcement Learning for Online Decision Making,Purdue University
2228275,2022-08-04,49962,Standard Grant,CIVIC-PG Track B: Understanding Native American Tribal Residents Needs through Better Data and Query Systems,Regents of the University of Michigan - Ann Arbor
2228726,2022-08-04,49997,Standard Grant,SSC-CIVIC-PG TRACK B: Streamlining and Supporting Access to Public Assistance Programs in Louisiana,Tulane University
2149193,2022-08-05,282055,Standard Grant,Monetary Policy as a Driver of Financial Markets,University of Chicago
2214370,2022-08-05,354662,Standard Grant,"The Association between Population Policies, School Safety, and Education",Arizona State University
2222529,2022-08-05,700000,Continuing Grant,Comparative Study of Demographic Variation in Judiciaries,Howard University
2144382,2022-08-07,308264,Standard Grant,Collaborative Research: Unintended Consequences of Law Enforcement Disruptions to Illicit Drug Networks,Research Triangle Institute
2145938,2022-08-07,241079,Standard Grant,Collaborative Research: Unintended Consequences of Law Enforcement Disruptions to Illicit Drug Networks,North Carolina State University
2214557,2022-08-07,158438,Standard Grant,"Collaborative Research: Should Regulators Have Independence from Political Pressures? Politics, Banking, and Bankruptcies During the Progressive Era, 1890s to 1920s",California State L A University Auxiliary Services Inc.
2214565,2022-08-07,141544,Standard Grant,"Collaborative Research: Should Regulators Have Independence from Political Pressures? Politics, Banking, and Bankruptcies During the Progressive Era, 1890s to 1920s",National Bureau of Economic Research Inc
2218662,2022-08-07,288779,Standard Grant,Understanding Gender Gaps in Academic Science through the Lens of Topic Fit: An Interdisciplinary Investigation Using a Big Data Approach,University of Iowa
2235006,2022-08-07,260201,Standard Grant,Collaborative Research: EAGER: Cross-platform Election Advertising Transparency Initiative,Wesleyan University
2235007,2022-08-07,19936,Standard Grant,Collaborative Research: EAGER: Cross-platform Election Advertising Transparency Initiative,Bowdoin College
2235008,2022-08-07,19870,Standard Grant,Collaborative Research: EAGER: Cross-platform Election Advertising Transparency Initiative,Washington State University
2214248,2022-08-08,279847,Standard Grant,Using Administrative Data to Study U.S. Private Business Investment,University of Minnesota-Twin Cities
2218044,2022-08-08,163359,Standard Grant,"Collaborative Research: RUI: Bank type, bank market ecologies, and support of small businesses",Reed College
2218045,2022-08-08,83960,Standard Grant,"Collaborative Research: RUI: Bank type, bank market ecologies, and support of small businesses",Kent State University
1949284,2022-08-09,72000,Standard Grant,Summer Workshop Series in Macroeconomic Theory and Dynamic Economic Modeling,University of Minnesota-Twin Cities
2219604,2022-08-09,576061,Standard Grant,SBP: Inequity and Mistrust of Scientific Information - Understanding Science Misinformation in Black Communities and Developing Community-Driven Science Communication Strategies,University of Wisconsin-Madison
2228607,2022-08-09,50000,Standard Grant,CIVIC-PG Track B: Creating an AI-based Community-wide Efficient and Equitable Response System,Vanderbilt University
2217990,2022-08-10,504991,Standard Grant,STS: Informing Klamath River Restoration Planning with Indigenous spatial analysis and community-identified relational values: Pêeshkeesh Yáv Umúsaheesh,University of Washington
2144853,2022-08-11,440381,Continuing Grant,CAREER: Using Advanced Organizational Technology to Communicate Compassionately,Baylor University
2217460,2022-08-11,229996,Standard Grant,Advancing Methods to Trace and Contextualize Space-Time Interaction Patterns in Movement Data,University of California-Santa Barbara
2218181,2022-08-11,428146,Standard Grant,"Organizational Challenges of Post-Fire Recovery: Decision Making, Collective  Action, and Community Outcomes",University of Colorado at Boulder
2221894,2022-08-11,158068,Standard Grant,An Ethnic Spring in the Food Desert? How State Policy Affects Food Environments and Business Entrepreneurship.,University of North Texas
2221922,2022-08-11,95327,Standard Grant,An Ethnic Spring in the Food Desert? How State Policy Affects Food Environments and Business Entrepreneurship.,Indiana University
2222697,2022-08-11,696080,Standard Grant,Collaborative Research: FW-HTF-R: Mobilizing Nonprofit Resources and Talents with a Community Tool for Purpose-Driven Work,Rensselaer Polytechnic Institute
2222713,2022-08-11,1153914,Standard Grant,Collaborative Research: FW-HTF-R: Mobilizing Nonprofit Resources and Talents with a Community Tool for Purpose-Driven Work,Worcester Polytechnic Institute
2222762,2022-08-11,1800000,Standard Grant,FW-HTF-R: A New Bridge to the Digital Economy:  Integrated AI-Augmented Learning and Collaboration,Carnegie Mellon University
2230957,2022-08-12,310877,Standard Grant,"Narrating Autoimmunity through Biographies of Illness, Narrative Medicine, and Treatment",Yale University
2214386,2022-08-15,424815,Standard Grant,The Computational Social Science Network (CS2N),Social Science Research Council
2215324,2022-08-16,714600,Standard Grant,State Building via Punitive and Restorative Justice: Evidence from a Field Experiment,National Bureau of Economic Research Inc
2222386,2022-08-16,97536,Standard Grant,Collaborative Research: Enabling SBE Science via the Network for Transformative Research,University of Illinois at Urbana-Champaign
2222393,2022-08-16,302464,Standard Grant,Collaborative Research: Enabling SBE Science via the Network for Transformative Research,Jackson State University
2219505,2022-08-18,433286,Continuing Grant,Collaborative Research: Prescribed Burning Decisions and Risk-Risk Tradeoffs,University of Colorado at Denver-Downtown Campus
2219506,2022-08-18,766652,Continuing Grant,Collaborative Research: Prescribed Burning Decisions and Risk-Risk Tradeoffs,University of Colorado at Boulder
2217522,2022-08-19,403882,Standard Grant,Unpacking Compound Treatments in Email Audit Experiments,Rutgers University New Brunswick
2214747,2022-08-22,303126,Continuing Grant,Sex Estimation in Forensic Anthropology: Taking a Legally-Informed Approach to Method Development,University of North Texas Health Science Center at Fort Worth
2145007,2022-08-23,520000,Continuing Grant,"CAREER: Frictional Financial Markets, Crises and Policies",National Bureau of Economic Research Inc
2240463,2022-08-23,50000,Standard Grant,Developing and Assessing Ideas for Social and Behavioral Research to Speed Efficient and Equitable Industrial Decarbonization: A Workshop,National Academy of Sciences
2154547,2022-08-24,46144,Standard Grant,"Abilities, Opportunities and the Future of Work Conference",Michigan State University
2152424,2022-08-30,750000,Continuing Grant,"NSF PD 19-125Y - Science of Science:  Discovery, Communication, and Impact (SoS:DCI) -Randomized Control Trial of the Registered Reports Publishing Format",Center for Open Science
2200173,2022-08-30,1000000,Standard Grant,PIPP Phase I: Center for Ecosystems Data Integration and Pandemic Early Warning Systems,SUNY at Buffalo
2245369,2022-09-22,242810,Standard Grant,A Multi-User Database of Freedom of Information Act Litigation in Federal District Courts,University of Georgia Research Foundation Inc
2301412,2022-11-03,704337,Standard Grant,RR: The Validity of Cartridge Case Comparison Conclusions Under Field-Based Conditions,Arizona State University
2243810,2022-11-04,170811,Standard Grant,"Collaborative Research: Women as Leaders, Policy-Makers, and Symbols",Washington University
2241463,2022-11-07,198092,Standard Grant,RAPID: Psychological distance and risk perception related to the 2022 monkeypox outbreak,SUNY at Buffalo
2306194,2022-11-16,156761,Standard Grant,The Impact of Super-gentrification on Neighborhood Composition,Pratt Institute
2306160,2022-11-17,298416,Standard Grant,EAGER: Measuring the Impact and Diffusion of Open Source Software Innovation on Contributor and Project Networks,Westat Inc
2304209,2022-12-05,199926,Standard Grant,RAPID: Investigating Social Influence and Mitigating Disinformation Campaigns in Non-English Social Media,University of Southern California
2243736,2022-12-14,414546,Continuing Grant,CAREER: Regulating On-Demand Delivery Platforms,University of Wisconsin-Madison
2303578,2023-01-06,60007,Standard Grant,RAPID/Collaborative Research: Households' Immediate Protective Actions and Trade-Off Processes Between Property Security and Life Safety in Response to 2022 Hurricane Ian,University of Florida
2303579,2023-01-06,39976,Standard Grant,RAPID/Collaborative Research: Households' Immediate Protective Actions and Trade-Off Processes Between Property Security and Life Safety in Response to 2022 Hurricane Ian,Jacksonville State University
2241336,2023-01-09,266634,Standard Grant,"Political Context, the Press, and Violence Against the Media",University of Washington
2244734,2023-01-17,311844,Standard Grant,WTG: Diffusion of Research on Supporting Mathematics Achievement for Youth with Disabilities through Twitter Translational Visual Abstracts,University of Missouri-Columbia
2239538,2023-01-26,485595,Continuing Grant,CAREER: Bridging the STEM Skills and Employment Gap for the Future of Work,Northwestern University at Chicago
2242391,2023-01-26,23576,Standard Grant,Doctoral Dissertation Research in Economics: Expected Utility Core of Risk Preferences,California Institute of Technology
2243268,2023-01-26,23576,Standard Grant,Doctoral Dissertation Research in Economics: Two Experiments on the Behavioral Equivalence of Dirty Faces Games,California Institute of Technology
2303097,2023-01-26,72035,Standard Grant,"RAPID: Information Sufficiency, Source Preferences, and Mitigation Behaviors Surrounding Hurricane Ian",University of Connecticut
2217307,2023-01-31,1000000,Continuing Grant,Partial Support of the Core Activities of the Committee on National Statistics,National Academy of Sciences
2238991,2023-01-31,669618,Continuing Grant,"CAREER: Developing and Testing the Integrated Youth Development Model Framework for the Future of Juvenile Justice Scholarship, Education, and Practice",Arizona State University
2240749,2023-01-31,452995,Continuing Grant,Epistemic and Ethical Functions of Categories in the Agricultural Sciences,Michigan State University
2240859,2023-01-31,298656,Standard Grant,Standard Research Grant: Representation and Inference in the Brain,Barnard College
2242282,2023-01-31,14792,Standard Grant,Doctoral Dissertation Research in Economics: Dissecting Piece Rate: Evidence from a Natural Experiment in a Garment Factory,Brown University
2302466,2023-01-31,25998,Standard Grant,DDRIG in DRMS: Exploring how anxious people seek and process information about environmental and health risks,Michigan State University
2240194,2023-02-01,395000,Standard Grant,"Informality and Inequality in the Global North: Regulation, Non-Compliance, and Enforcement in US Land Use and Housing Law",Michigan State University
2240334,2023-02-01,131797,Standard Grant,Standard Research Grant: An Ethnographic Study of Agrarian Life,Cornell University
2240748,2023-02-01,14015,Standard Grant,Technologies of Futuring: Computational Modeling Practices at the Intersection of  Environmental Governance and Environmental Justice,University of California-San Diego
2240801,2023-02-01,15750,Standard Grant,Technology as Sovereignty: Open Hardware Politics and New Property Relations,University of California-San Diego
2240858,2023-02-01,14011,Standard Grant,Doctoral Dissertation Improvement Grant: Science and Traditional Ecological Knowledge,Arizona State University
2240908,2023-02-01,15089,Standard Grant,Doctoral Dissertation Research: Cold War Convergence: The Making of a Chile-California Scientific Network,University of Colorado at Boulder
2238552,2023-02-02,500000,Continuing Grant,CAREER: Governance of Computer Models in Sustainable Water Quality Management,Virginia Polytechnic Institute and State University
2240763,2023-02-02,224966,Standard Grant,The Historical Construction of Emotions in Robotics,Johns Hopkins University
2242100,2023-02-02,24552,Standard Grant,DDRIG in DRMS: Measuring Persuasion Without Measuring a Prior Belief:  A New Application of Planned Missing Data Techniques,Fordham University
2242263,2023-02-02,25000,Standard Grant,Doctoral Dissertation Research in Economics: Belief Formation and Adaptation to Climate Change,Harvard University
2242458,2023-02-02,30168,Standard Grant,DDRIG in DRMS: Communicating Controversial Risk Issues - Effects of Inoculation Messages on Selective Exposure to Counterattitudinal Messages and Subsequent Persuasive Outcomes,Cornell University
2240879,2023-02-06,506829,Continuing Grant,Standard Research Grant: A Complete Digital Edition of Newton’s Chymical Corpus,Indiana University
2241630,2023-02-06,350000,Standard Grant,City Size and Public Service Delivery in Comparative Perspective,University of California-Berkeley
2240835,2023-02-14,15032,Standard Grant,A Historical Study of Plant-Based Healing in the Age of Biomedicine,University of Pennsylvania
2239418,2023-02-15,565087,Continuing Grant,CAREER: How Does Core Scientific Knowledge Advance? Understanding Team Innovation at the Foundations of Sciences,University of Pittsburgh
2240660,2023-02-15,436156,Standard Grant,Standard Research Grant: Explaining Variations and Social Outcomes of Cumulative Impact Assessment for Environmental Justice by Government Agencies in Environmental Permit Review,University of Colorado at Boulder
2240844,2023-02-15,15586,Standard Grant,"Cultivating Rubber through Science, Indigeneity and Art",University of Wisconsin-Madison
2244705,2023-02-15,450000,Standard Grant,WTG: Beyond the black box: understanding the use of algorithmic risk assessments in the juvenile justice system,Child Trends Inc
2244885,2023-02-15,450000,Standard Grant,Partisanship and Innovation: Exploring the Link between Partisanship and the Rate and Direction of Inventive Activity,University of Southern California
2240343,2023-02-16,15598,Standard Grant,Constructing Credible Knowledge and Expertise in Air Pollution Regulation and Monitoring: The Problem of Quantification,Regents of the University of Michigan - Ann Arbor
2240875,2023-02-16,15750,Standard Grant,"Doctoral Dissertation Research: Rivers of Milk: Dairy Science, Environment, and Technopolitics of Food Infrastructures",University of Pennsylvania
2240883,2023-02-16,15094,Standard Grant,DDRIG: The Ethical Practices and Sociotechnical Imaginaries of Tech-for-Good,University of California-Irvine
2242094,2023-02-16,5400,Standard Grant,Doctoral Dissertation Research: Preassembly Methods for Cognitive Diagnostic Multistage Adaptive Testing,Fordham University
2242324,2023-02-16,23700,Standard Grant,"Doctoral Dissertation Research in Economics: The Effect of Deregulation on the Cost, Availability, and Quality of Health Care",University of California-San Diego
2242341,2023-02-16,25000,Standard Grant,Doctoral Dissertation Research in Economics: Measuring the Elasticity of Nutrition Among Mothers of Young Children,Cornell University
1919343,2023-02-21,59265,Standard Grant,"Collaborative Research: Conference on Auctions, Firm Behavior, and Policy",Colby College
1919345,2023-02-21,57332,Standard Grant,"Collaborative Research: Conference on Auctions, Firm Behavior, and Policy",University of Oklahoma Norman Campus
2240834,2023-02-21,12350,Standard Grant,Satellite Television for Education: A History of the Use of Satellite Television in Different National Contexts from the 1900s to the 2020s,Virginia Polytechnic Institute and State University
2243983,2023-02-21,400000,Standard Grant,"RUI: Relationship crafting after workplace ostracism in racial minority employees: The role of autonomic arousal, emotions, and cognitive attributions",Hofstra University
2215111,2023-02-23,670000,Continuing Grant,Development of Evidence-Based Viral Pandemic Guidelines for Community Corrections,The University of Central Florida Board of Trustees
2240885,2023-02-28,234082,Standard Grant,"Immunocapital: Pandemics, Publics, and Immunity",Columbia University
2240900,2023-02-28,15070,Standard Grant,DDRIG: Intimate Crises: The history of notions of sexuality and gender in the 19th and 20th century,Columbia University
2238049,2023-03-01,406015,Continuing Grant,CAREER: Inference on Macroeconomic Heterogeneity,Princeton University
2242398,2023-03-01,22512,Standard Grant,Doctoral Dissertation Research in Economics: The Impact of Product Market Competition on the Labor Market,New York University
2238373,2023-03-02,597044,Continuing Grant,CAREER: Long-Run Determinants of Income and Wealth Across the US Population,National Bureau of Economic Research Inc
2241694,2023-03-02,319134,Standard Grant,Demand Manifolds for Empirical Industrial Organization,University of Texas at Austin
2242349,2023-03-02,310755,Standard Grant,The Impact of Natural Disasters on Businesses and Consumers,Texas A&M University
2320876,2023-03-02,249995,Standard Grant,Collaborative Research: Strategic Leadership Systems: How Networks of Strategic Communication and Informal Influence Arise and Drive Firm Performance,Michigan State University
2236596,2023-03-03,529578,Continuing Grant,"CAREER: Broadening Participation in Resilience Education, Research, and Practice by Leveraging Organizational Resources to Address Racial Identity Threats",William Marsh Rice University
2240728,2023-03-03,12600,Standard Grant,"DDRIG: Automating Blackness: Race, Computing, and Politics in the Postwar United States",Cornell University
2234344,2023-03-06,403569,Standard Grant,Understanding How Mentoring Can Disrupt the School-to-Prison Pipeline and Promote Positive Youth Development,University of South Carolina at Columbia
2242568,2023-03-06,275112,Standard Grant,Bayesian Inference of Whole-Brain Directed Networks Using Neuroimaging Data,University of Pittsburgh
2243119,2023-03-06,273587,Standard Grant,Model-Based and Design-Based Approaches to Longitudinal Causal Decomposition Analysis,University of California-Riverside
2318478,2023-03-06,264424,Standard Grant,SCISIPBIO: Maximizing the Value of Sex-Inclusive Research Policies through Analytical Rigor,Arkansas Childrens Hospital Research Institute
2242177,2023-03-08,440756,Standard Grant,"Public Health Guidance, Neighborhoods, and SARS-CoV-2",University of Arizona
2242588,2023-03-08,300884,Standard Grant,The Impacts of Predictable Income Volatility and Income Risk on Economic Outcomes and Behaviors,University of Southern California
2240637,2023-03-09,62380,Standard Grant,"Research Community Development Grant: Collaborative Research: Knowledge of HIV/AIDS: Expertise, Participation, and the Archive in the Long Pandemic",University of Texas Medical Branch at Galveston
2240673,2023-03-09,56944,Standard Grant,"Research Community Development Grant: Collaborative Research: Knowledge of HIV/AIDS: Expertise, Participation, and the Archive in the Long Pandemic",California State University San Marcos Corporation
2240822,2023-03-09,150607,Standard Grant,"Research Community Development Grant: Collaborative Research: Knowledge of HIV/AIDS: Expertise, Participation, and the Archive in the Long Pandemic",University of Washington
2312413,2023-03-09,49760,Standard Grant,Workshop: Emerging Methodologists in Qualitative and Multi-Method Research,Georgetown University
2241521,2023-03-13,201410,Standard Grant,Collaborative Research: Southern Lynchings and Children's Educational Outcomes,National Bureau of Economic Research Inc
2241522,2023-03-13,103735,Standard Grant,Collaborative Research: Southern Lynchings and Children's Educational Outcomes,Mississippi State University
2241698,2023-03-14,268222,Standard Grant,Experiments on the Role of State Actors in Eliciting Pro-Developmental Behavioral Change,Georgia Tech Research Corporation
2314520,2023-03-20,300000,Continuing Grant,EAGER: Pandemic Treaty Travaux Preparatoires (PTTP),Johns Hopkins University
2237119,2023-03-21,696802,Continuing Grant,"CAREER: An accessible, dynamic model of pricing applied to wage and housing purchases",University of Florida
2242057,2023-03-21,414688,Standard Grant,Daily Watcher Tracking Survey and Monitoring the Effects of War on Public Opinion,Princeton University
2242455,2023-03-21,201690,Standard Grant,Spatial Unit Roots,Princeton University
2236151,2023-03-22,300591,Standard Grant,Collaborative Research: Ecologies of Participation in Island Karst Science and Conservation: A Comparative Multimethods Approach,West Virginia University Research Corporation
2236152,2023-03-22,70277,Standard Grant,Collaborative Research: Ecologies of Participation in Island Karst Science and Conservation: A Comparative Multimethods Approach,American Geophysical Union
2237580,2023-03-22,600527,Continuing Grant,"CAREER: Mass Incarceration, Racial Segregation, and Spillover Effects in U.S. Communities",Trustees of Boston University
2241846,2023-03-22,509968,Standard Grant,The Unequal Toll of COVID-19 Deaths in Prisons,University of California-Irvine
2241989,2023-03-22,367029,Continuing Grant,Using AI to improve our understanding of verbal confidence and to aid decision-making:  Eyewitness lineup identification as a model case,University of Virginia Main Campus
2242574,2023-03-22,25000,Standard Grant,Doctoral Dissertation Research In Economics:  Misinformed or In Denial?  Explaining the Low Take-Up of Tuberculosis Preventative Therapy,New York University
2242962,2023-03-22,330000,Continuing Grant,Advanced Bayesian Methods for Generalized Choice Response Time Models of Decision-Making,Indiana University
2244804,2023-03-22,275000,Standard Grant,Collaborative Research: SOS-DCI / HNDS-R: Advancing Semantic Network Analysis to Better Understand How Evaluative Exchanges Shape Scientific Arguments,Stanford University
2244805,2023-03-22,225000,Standard Grant,Collaborative Research: SOS-DCI / HNDS-R: Advancing Semantic Network Analysis to Better Understand How Evaluative Exchanges Shape Scientific Arguments,University of Massachusetts Amherst
2244878,2023-03-22,314103,Standard Grant,Improving Science Communication via Results-Blind Selection: Lessons from Registered Reports,University of Alabama Tuscaloosa
2242453,2023-03-23,347793,Standard Grant,Using Large-Scale Network Data to Measure Social Returns and Improve Targeting of Crime-Reduction Interventions,Regents of the University of Michigan - Ann Arbor
2319884,2023-03-26,99997,Standard Grant,RAPID: Naturalistic effects of landmark scientific reports on public beliefs and attitudes,Dartmouth College
2241946,2023-03-27,32034,Standard Grant,DDRIG in DRMS: An assessment of local government dam management action and inaction for risk reduction,Regents of the University of Michigan - Ann Arbor
2315950,2023-03-27,63609,Standard Grant,RAPID: The Dynamics of Minority Support for the Supreme Court.,West Virginia University Research Corporation
2306427,2023-03-28,200221,Standard Grant,SCISIPBIO Collaborative Financing the Biomedical Research,Arizona State University
2325110,2023-03-30,349999,Standard Grant,Assessing the Validity of Forensic Decisions Through Interrater Reliability,Arizona State University
2242597,2023-04-03,20437,Standard Grant,DDRIG in DRMS: The Effects of Internalized Cultural Inferiority on Political Attitudes and Behavior,University of California-Los Angeles
2325460,2023-04-06,133718,Standard Grant,"Collaborative Research: RUI: Dynamic Learning in Comparative Courts: A Cross-National Analysis of Judicial Decision Making in Canada, the United States, and the United Kingdom",Oberlin College
2242394,2023-04-10,50494,Standard Grant,DDRIG in DRMS: The Impact of Normative Influence on Competitive Framing of Risks on Social Media,Cornell University
2326937,2023-04-11,42811,Continuing Grant,Collaborative Research: Improving Worker Safety by Understanding Risk Compensation as a Latent Precursor of At-risk Decisions,Purdue University
2318810,2023-04-17,2868,Standard Grant,Conference: Science and Ethics of De-extinction at SXSW,North Carolina State University
2242439,2023-04-18,143007,Standard Grant,Firm Wages and Amenities,University of California-Berkeley
2316967,2023-04-19,429011,Standard Grant,Adaptive Authoritarianism via Central Directives and Policy Experiments,Johns Hopkins University
2241490,2023-04-21,192757,Standard Grant,The Causes and Consequences of Global Police Militarization,Hamilton College
2238897,2023-04-24,592579,Continuing Grant,"CAREER: Globalization, Stability, and Participation in Authoritarian Citizenship",University of California-Irvine
2242447,2023-04-24,195660,Standard Grant,"Regularization for Nonlinear Panel Models, Estimation of Heterogeneous Taxable Income Elasticities, and Conditional Influence Functions",National Bureau of Economic Research Inc
2241575,2023-04-25,453195,Standard Grant,Partitioning-Based Learning Methods for Treatment Effect Estimation and Inference,Princeton University
2242288,2023-04-25,335395,Standard Grant,Strategic Redistricting and Government Interventions,Georgetown University
2242443,2023-04-25,513030,Standard Grant,Social Tipping Points and Norm Change in Large-scale Laboratory Experiments,National Bureau of Economic Research Inc
2309901,2023-04-25,74987,Standard Grant,"RAPID: WAR, SOCIETY, AND DEMOCRACY",San Diego State University Foundation
2321010,2023-04-25,50000,Standard Grant,"Conference: Understanding Democracy, Elections, and Political Accountability",University of Massachusetts Boston
2326644,2023-04-25,100827,Standard Grant,RAPID: Antecedents and Consequences of Disaster-Related Conspiracy Theories,University of Delaware
2243041,2023-05-01,360000,Standard Grant,Statistical and Psychometric Methods for Measuring the Extent to Which Culturally Responsive Assessments Reduce Cultural Bias,Educational Testing Service
2243044,2023-05-01,300000,Standard Grant,"The Item Bank Calibration and Replenishment for Computerized Adaptive Testing in Small Scale Assessments: Method, Theory, and Application",University of Georgia Research Foundation Inc
2308576,2023-05-01,299976,Standard Grant,EAGER: Rational Choice in the Real World: Unpacking Neighborhood Influences on the Decision Process for Youth Violence,Michigan State University
2325015,2023-05-01,49990,Standard Grant,"Conference: Nobel Prize Summit 2023: Truth, Trust, and Hope",National Academy of Sciences
2238314,2023-05-04,535196,Continuing Grant,"CAREER: Culture, Context, and Development Policy: An Interdisciplinary Research and Training Program",University of California-San Diego
2243058,2023-05-09,500000,Standard Grant,Spatial Homogeneity Learning Models with Applications to Socioeconomic Problems,University of Missouri-Columbia
2323006,2023-05-10,80000,Standard Grant,RAPID: Impact of Changing Death Penalty Unanimity Requirements on Case Decisions,Florida International University
2323111,2023-05-10,63400,Standard Grant,"RAPID: Enforcement, Citizenship Status, and the Construction of Identity",University of Texas at Austin
2237790,2023-05-11,441274,Continuing Grant,CAREER: Normative Macro-Finance,Yale University
2241834,2023-05-11,318469,Standard Grant,Collaborative Research: Interpersonal Pathways to Radicalization & Deradicalization,Washington University
2241835,2023-05-11,57389,Standard Grant,Collaborative Research: Interpersonal Pathways to Radicalization & Deradicalization,University of Notre Dame
2241884,2023-05-15,104562,Standard Grant,"Collaborative Research: State Health, Institutions, and Politics Survey (SHIPS)",Northwestern University
2241885,2023-05-15,332169,Standard Grant,"Collaborative Research: State Health, Institutions, and Politics Survey (SHIPS)",Harvard University
2241886,2023-05-15,288712,Standard Grant,"Collaborative Research: State Health, Institutions, and Politics Survey (SHIPS)",Rutgers University New Brunswick
2241887,2023-05-15,194601,Standard Grant,"Collaborative Research: State Health, Institutions, and Politics Survey (SHIPS)",Northeastern University
2241940,2023-05-15,141833,Standard Grant,The Biomedicalization of Advanced Maternal Age,University of South Carolina at Columbia
2242072,2023-05-15,213000,Standard Grant,"Collaborative Research: HNDS-R: Polarization, Information Integrity, and Diffusion",Dartmouth College
2242073,2023-05-15,287000,Standard Grant,"Collaborative Research: HNDS-R: Polarization, Information Integrity, and Diffusion",Cornell University
2325183,2023-05-24,193578,Standard Grant,Collaborative Research: Ethical Considerations in Three-Dimensional Digitization of Indigenous Heritage,University of Missouri-Columbia
2236412,2023-05-26,489150,Continuing Grant,CAREER: Macroeconomic Policies: from Optimal Government Transfers to Regulating New Technologies,National Bureau of Economic Research Inc
2242380,2023-05-26,321762,Standard Grant,Asymmetric Information and Vertical Relations in the US Mortgage Industry,National Bureau of Economic Research Inc
2243905,2023-05-26,148020,Standard Grant,Collaborative Research: Uncovering and Enhancing Pathways to Psychological Safety at Work for Racial Minority Women,University of Memphis
2243906,2023-05-26,251981,Standard Grant,Collaborative Research: Uncovering and Enhancing Pathways to Psychological Safety at Work,University of Houston
2242507,2023-06-02,778937,Continuing Grant,"Inequality, Participation, and the Design of Local Development Projects: Experimental Evidence",Indiana University
2315009,2023-06-05,24985,Standard Grant,Doctoral Dissertation Research in Economics: Poverty Graduation and Business Coordination,Brown University
2242369,2023-06-06,25000,Standard Grant,DDRIE: Farm to Fridge: Traceability and Quality Incentivizing in a Dairy Chain,University of California-Santa Cruz
2242472,2023-06-07,32413,Standard Grant,HNDS-R - Collaborative Research: An Integrated Analysis of the COVID-19 Crisis on Labor Market Outcomes and Mortality,Northwestern University at Chicago
2242581,2023-06-07,779475,Standard Grant,HNDS-R - Collaborative Research: An Integrated Analysis of the COVID-19 Crisis on Labor Market Outcomes and Mortality,University of California-Los Angeles
2314773,2023-06-07,196298,Continuing Grant,Analyzing Language in Comparative Courts: A Multi-User Database of Judgment Texts in Appellate Courts,University of North Carolina Greensboro
2317099,2023-06-07,1417972,Continuing Grant,American Political Science Association Dissertation Improvement Grants,American Political Science Association
2318434,2023-06-07,49923,Standard Grant,Conference: Scientific Evidence in the Courts: The Sciences' Role in the Promotion of Justice,American Association for the Advancement of Science
2240804,2023-06-12,101000,Standard Grant,Society for Social Studies of Science (4S) Graduate Student Travel Grant,Society for Social Studies of Science
2243689,2023-06-12,297683,Continuing Grant,"Integrating Risk Perception Measures, Antecedents, and Outcomes",Decision Science Research Institute
2242582,2023-06-13,212921,Standard Grant,Understanding the Social Network Premium in Hiring Low Wage Workers,University of Chicago
2238208,2023-06-15,1500000,Standard Grant,SCC-IRG Track 1: Smart Connected Oral Health Community: Using AI and Digital Technologies to Close the Gap in Oral Health Disparity,University of Rochester
2242591,2023-06-15,1252057,Continuing Grant,Coping with Compounding Risk and Uncertainty: A Longitudinal Study of Cascading Collective Stress in a Probability-Based-US Sample,University of California-Irvine
2315600,2023-06-15,581698,Standard Grant,Mostly Harmless Statistical Decision Theory,Cornell University
2329988,2023-06-16,476231,Continuing Grant,Understanding the effect of individual decision-making strategies on collective decision outcomes,Massachusetts Institute of Technology
2309275,2023-06-20,393256,Standard Grant,Collaborative Research: SaTC: CORE: Medium: Beyond App-centric Privacy: Investigating Privacy Ecosystems among Vulnerable Populations,George Mason University
2309276,2023-06-20,289975,Standard Grant,Collaborative Research: SaTC: CORE: Medium: Beyond App-centric Privacy: Investigating Privacy Ecosystems among Vulnerable Populations,George Washington University
2309277,2023-06-20,280000,Standard Grant,Collaborative Research: SaTC: CORE: Medium: Beyond App-centric Privacy: Investigating Privacy Ecosystems among Vulnerable Populations,"University of Maryland, College Park"
2309278,2023-06-20,234347,Standard Grant,Collaborative Research: SaTC: CORE: Medium: Beyond App-centric Privacy: Investigating Privacy Ecosystems among Vulnerable Populations,Regents of the University of Michigan - Ann Arbor
2314890,2023-06-20,31900,Standard Grant,DDRIG in DRMS: The implications of algorithmic decision-making for inequality in long-term care,Brown University
2318610,2023-06-20,296646,Standard Grant,Media Coverage and the Commercial Diffusion of Scientific Knowledge,University of California-Berkeley
2314494,2023-06-22,277201,Continuing Grant,"Expanding a Multi-Level, Longitudinal Database to Assess Ecological Risk Factors in Community Violence",Rutgers University Camden
2314800,2023-06-22,25708,Standard Grant,DDRIG in DRMS: A mixed methods investigation of the barriers to and effects of solutions journalism for climate risk mitigation,Pennsylvania State Univ University Park
2318247,2023-06-23,263266,Standard Grant,Social and Political Dynamics of Lab-Community Relations,SUNY at Stony Brook
2240023,2023-06-26,529741,Continuing Grant,CAREER: The Application of Strategic Anthropomorphism to Activate Empathy and Advance Conservation,Western Washington University
2314592,2023-06-26,298103,Continuing Grant,Explaining Crime Concentration in Cities,George Mason University
2315380,2023-06-26,20496,Standard Grant,Doctoral Dissertation Research in Economics: Algorithmic Bias and Dynamics of Hate Speech on Social Media,Brown University
2315488,2023-06-26,362153,Standard Grant,Outsourcing Property Tax Re-Assessments: Empirical Evaluation,Harvard University
2317588,2023-06-26,96228,Standard Grant,Knowledge is Survival: A New History of American Exploration,"Board of Regents, NSHE, obo University of Nevada, Reno"
2318442,2023-06-26,287195,Standard Grant,A Theory of Integration in Crossdisciplinary Research and Practice,Michigan State University
2314696,2023-06-27,582266,Standard Grant,"Tariffs and Economic Development in the USA: New Evidence from a New Dataset of US Product-Level Tariffs, 1789 - Present",National Bureau of Economic Research Inc
2318404,2023-07-03,268338,Standard Grant,"HNDS-R: Connectivity, Inclusiveness, and the Permeability of Basic Science",University of California - Merced
2332176,2023-07-03,49978,Standard Grant,Conference: Assessing the Impacts of Engaged Research and Its Use: Evidence and Opportunities,Aspen Global Change Institute
2312178,2023-07-05,200000,Standard Grant,Collaborative Research: Extended Family Support and Housing Stability of Youth Over Time,University of California-Riverside
2312179,2023-07-05,199993,Standard Grant,Collaborative Research: Extended Family Support and Housing Stability of Youth Over Time,Trinity University
2314163,2023-07-05,25000,Standard Grant,Doctoral Dissertation Research in Economics: Investigating the Impact of the 'Norm to Work' on Worker Power and Labor Market Outcomes,Duke University
2315652,2023-07-05,278400,Standard Grant,Private Disclosures in Competing Mechanisms: Theory and Applications,Northwestern University at Chicago
2315706,2023-07-05,21049,Standard Grant,Doctoral Dissertation Research in Economics: Increasing Charitable Donations Using Subsidies: Theory and Experiments,"University of Maryland, College Park"
2315720,2023-07-05,293490,Standard Grant,"Mobility, Aspirations and Social Conflict",National Bureau of Economic Research Inc
2241840,2023-07-06,205084,Standard Grant,Collaborative Research: Assessing Impacts of a Four-Day Workweek,Boston College
2241841,2023-07-06,100434,Standard Grant,Collaborative Research: Assessing Impacts of a Four-Day Workweek,University of Minnesota-Twin Cities
2315555,2023-07-06,243767,Standard Grant,Collaborative Research: Using Weather Forecasts to Identify Economic Behavior,Columbia University
2315556,2023-07-06,297437,Standard Grant,Collaborative Research: Using Weather Forecasts to Identify Economic Behavior,University of Arizona
2315541,2023-07-07,24998,Standard Grant,Doctoral Dissertation Research in Economics: Paternalistic Discrimination,National Bureau of Economic Research Inc
2318462,2023-07-07,168472,Standard Grant,Scholars Award: Technological Innovation and Networked Movements,University of Pittsburgh
2320742,2023-07-07,256252,Standard Grant,When Merit Shifts: The Impact of Changes to Admissions Policies in Selective Public Schools,Tufts University
2332805,2023-07-10,299655,Standard Grant,EAGER: Understanding How Employees Discover and React to Health and Wellbeing Benefits,Georgia Tech Research Corporation
2237007,2023-07-11,405585,Continuing Grant,CAREER: The Consequences of Efforts to Control Human Reproduction for Science and Medicine,Michigan State University
2241738,2023-07-11,315662,Standard Grant,Disaggregated Earnings Trajectories in the U.S. Labor Market:  New Evidence from Linked Longitudinal Data,University of Pennsylvania
2242090,2023-07-11,400000,Standard Grant,Residential and School Mobility after Receiving a Housing Choice Voucher: The Effects on Student Academic Outcomes,William Marsh Rice University
2307748,2023-07-11,1999999,Continuing Grant,"U.S. Participation in the Development of LIS, a Transnational Database: Luxembourg Income Study Database and Luxembourg Wealth Study Database, 2024-2028",CUNY Graduate School University Center
2315548,2023-07-11,27900,Standard Grant,Doctoral Dissertation Research in Economics: International Technology Transfers: Adoption or Imitation,Washington University
2315770,2023-07-11,525175,Standard Grant,"The evolution of collective decision-making from childhood to adulthood: markets, networks and institutions",University of Southern California
2318512,2023-07-11,448823,Standard Grant,Assessing the Effectiveness of Common Health Messaging Tactics on Self-Reported and Validated Vaccine Uptake: A Multi-Method Approach.,Trustees of Boston University
2322253,2023-07-11,545831,Standard Grant,MCA: A Three-Generation Study of Family Bereavement and Child Wellbeing,University of Southern California
2241780,2023-07-12,307969,Standard Grant,The Longer-Term Impact of COVID-19 on Precarious Workers,University of North Carolina at Chapel Hill
2242538,2023-07-12,503800,Standard Grant,Using AI to Expand the Job Search of Displaced Workers in the Aftermath of the Covid-19 Crisis,Regents of the University of Michigan - Ann Arbor
2313819,2023-07-12,442321,Standard Grant,Global Patterns in Interstate and Intrastate War Since 1750,Syracuse University
2318469,2023-07-12,599988,Standard Grant,The Agencies of Animal Governance in Los Angeles: an historical and ethnographic inquiry,University of California-Los Angeles
2318513,2023-07-12,364409,Standard Grant,Participatory Water Science and Resistance to Extractivism,Virginia Polytechnic Institute and State University
2313283,2023-07-13,224712,Continuing Grant,Body-worn camera metadata,Washington University
2314736,2023-07-13,217000,Standard Grant,Evaluating Macroeconomic Stabilization Policy,National Bureau of Economic Research Inc
2318357,2023-07-13,49837,Standard Grant,Conference: Building International Scholarship in 4S-Affiliated Journals: A Writing Workshop for Junior Scholars,Drexel University
2315126,2023-07-17,795576,Standard Grant,Government-imposed Restrictions on International Economic Relations,Arizona State University
2240826,2023-07-18,142762,Standard Grant,"Scholars Award: Automotive Fatalities: Making and Unmaking a Scandal, 1950-90","University of Maryland, College Park"
2314693,2023-07-18,356972,Continuing Grant,Law and Social Science Fellowship and Mentoring Program on Law & Inequality,American Bar Foundation
2316908,2023-07-19,350000,Standard Grant,Causal Inference for Incomplete and Heterogeneous Multisite and Blocked Experiments,Rutgers University New Brunswick
2318425,2023-07-24,181177,Standard Grant,Collaborative Research: HNDS-R: SBP: RUI: Differences in Co-authorship across a Global Landscape: The Role of Network Structure in Scientific Productivity,Reed College
2318426,2023-07-24,242570,Standard Grant,Collaborative Research: HNDS-R: SBP: RUI: Differences in Co-authorship across a Global Landscape: The Role of Network Structure in Scientific Productivity,Santa Clara University
2316428,2023-07-25,237438,Standard Grant,Neural Inference of Dynamic Systems,Purdue University
2319900,2023-07-25,283528,Standard Grant,Collaborative Research: Corporate Net Zero Goals for Decarbonization,University of Iowa
2319901,2023-07-25,121652,Standard Grant,Collaborative Research: Corporate Net Zero Goals for Decarbonization,University of California-Los Angeles
2314499,2023-07-27,349914,Standard Grant,The Care Work System as a Fundamental Cause of Economic Inequalities,University of Pennsylvania
2241920,2023-07-31,299474,Standard Grant,"Social Movements in Higher Education, 2012-18",Code for Science and Society Inc
2241963,2023-07-31,499089,Continuing Grant,NSF-SSRC: Reducing Vaccine Hesitancy Through Interactive Decision Aids,Regents of the University of Michigan - Ann Arbor
2242776,2023-07-31,225000,Standard Grant,Causal Inference with Irregularly Spaced Observation Times,North Carolina State University
2317089,2023-07-31,459000,Standard Grant,International Trade and Macroeconomic Dynamics with Sanctions,National Bureau of Economic Research Inc
2317430,2023-07-31,597480,Continuing Grant,NSF-SSRC: An Intention-Action Framework for Improving the Impact of Public Health Initiatives,Carnegie Mellon University
2317513,2023-07-31,292287,Standard Grant,"Organizations in a Post-Liberal World: A Cross-National Investigation into the Changing Scales, Strategies, and Missions of NGOs",Princeton University
2317702,2023-07-31,567813,Standard Grant,The Ethics of Deliberate Extinction,Hastings Center
2318659,2023-07-31,231858,Standard Grant,Approaches toward External Validity of Randomized Controlled Trials in the Social Sciences,Columbia University
2318681,2023-07-31,425000,Standard Grant,"Integrating Spiritual, Moral and Ethical Considerations into Science Communication for Improved Decision Making and Public Action on Climate Science",University of Texas at San Antonio
2314748,2023-08-01,298056,Continuing Grant,Collaborative Research: The Architecture of Accountability in 21st Century Latin America,Georgetown University
2314749,2023-08-01,186668,Standard Grant,Collaborative Research: The Architecture of Accountability in 21st Century Latin America,University of Washington
2315408,2023-08-01,41150,Standard Grant,The Macroeconomics of Second-Best Climate Policies,Williams College
2317448,2023-08-01,562763,Standard Grant,Collaborative Research: Uncovering the Effects of Body-Worn Cameras on Officer and Community Outcomes,University of New Mexico
2317449,2023-08-01,136723,Standard Grant,Collaborative Research: Uncovering the Effects of Body-Worn Cameras on Officer and Community Outcomes,Purdue University
2330332,2023-08-01,196240,Standard Grant,"Collaborative Research: The Role of Elites, Organizations, and Movements in Reshaping Politics and Policymaking","University of Maryland, College Park"
2314433,2023-08-02,324762,Standard Grant,"Collaborative Research: Electoral Systems, Suburbanization, and Representation",Washington University
2314434,2023-08-02,57433,Standard Grant,"Collaborative Research: Electoral Systems, Suburbanization, and Representation",Stanford University
2314435,2023-08-02,37805,Standard Grant,"Collaborative Research: Electoral Systems, Suburbanization, and Representation",University of California-Berkeley
2316813,2023-08-02,435561,Standard Grant,GENERATING BIODATA FROM SCRATCH: CREATING AND VALIDATING A COMPREHENSIVE COLLECTION OF BIODATA ITEMS AND SCALES,Wayne State University
2332985,2023-08-02,49827,Standard Grant,Conference: Gentrification and Displacement: What Can We Do About It?,Trustees of Boston University
2335815,2023-08-02,150007,Standard Grant,Collaborative Research: How online foci shape conversation,New York University
2314710,2023-08-03,250000,Standard Grant,Electoral Congruence Across Institutions:  A Comparative Study and Improved Data Infrastructure,Regents of the University of Michigan - Ann Arbor
2317412,2023-08-03,511794,Standard Grant,"Coping with Stressors: Understanding Negative Emotions, Harmful Strategies, and the Role of Fire Service Culture",Oklahoma State University
2242188,2023-08-07,231685,Standard Grant,How Organizations Shape Medical Device Use,Emory University
2242367,2023-08-08,527000,Standard Grant,What Are the Consequences and Determinants of Trade Protection?,National Bureau of Economic Research Inc
2315189,2023-08-08,449863,Continuing Grant,"Concept Integration in Comparative Law: Linking Constitutional, Consultation, and Court Analysis",University of Texas at Austin
2242521,2023-08-09,279690,Standard Grant,Fraud-proof Mechanism Design,University of Texas at Austin
2313969,2023-08-09,231797,Standard Grant,Egalitarian Equivalent Treatment Effects: The Econometrics of Inequality-Sensitive Treatment Effects Estimation,California Polytechnic State University Foundation
2314841,2023-08-09,626096,Standard Grant,Conference: NBER Summer Institute 2023-2025,National Bureau of Economic Research Inc
2315027,2023-08-09,425280,Standard Grant,Collaborative Research: Energy Efficiency and Energy Justice: Understanding Distributional Impacts of Energy Efficiency and Conservation Programs and the Underlying Mechanisms,Florida State University
2315029,2023-08-09,200000,Standard Grant,Collaborative Research: Energy Efficiency and Energy Justice: Understanding Distributional Impacts of Energy Efficiency and Conservation Programs and the Underlying Mechanisms,Carnegie Mellon University
2315576,2023-08-09,349640,Standard Grant,The Geography of Educational Opportunity,University of Illinois at Chicago
2340221,2023-08-09,152330,Standard Grant,Collaborative Research: Robo-advising and Decision Making under Risk,Georgetown University
2308737,2023-08-10,150000,Standard Grant,"Preferences, strategies, and policies for net zero carbon electricity products",Missouri University of Science and Technology
2336310,2023-08-10,600000,Continuing Grant,SBE-UKRI: Cumulative Civilian Harm,Georgetown University
2241891,2023-08-11,300000,Standard Grant,Understanding Rebellion in the Military During Wartime,University of Notre Dame
2310556,2023-08-11,273297,Standard Grant,Collaborative Research: Military Service as a Gendered Pathway into STEM,University of Nebraska-Lincoln
2310557,2023-08-11,80498,Standard Grant,Collaborative Research: Military Service as a Gendered Pathway into STEM,University of Alabama in Huntsville
2310558,2023-08-11,210506,Standard Grant,Collaborative Research: Military Service as a Gendered Pathway into STEM,University of Connecticut
2315533,2023-08-11,283999,Standard Grant,Collaborative Research: The Economics of Port Infrastructure,Harvard University
2315534,2023-08-11,215000,Standard Grant,Collaborative Research: The Economics of Port Infrastructure,New York University
2315535,2023-08-11,205980,Standard Grant,Collaborative Research: The Economics of Port Infrastructure,Boston College
2149328,2023-08-14,449999,Standard Grant,Promoting Achievement and Diversity in Economics,"University of Maryland, College Park"
2242542,2023-08-14,368490,Standard Grant,"What's My Employee Worth? Information Frictions, Pay, and Pay Equity",National Bureau of Economic Research Inc
2242876,2023-08-14,449098,Continuing Grant,Learning Decision Rules in Shifting Environments,Stanford University
2314013,2023-08-14,261234,Standard Grant,Social Movements and Corporate Opportunities,Duke University
2315108,2023-08-14,49625,Standard Grant,Conference: Experiments and Theory in Economics,New York University
2315346,2023-08-14,320390,Standard Grant,The Effects of World War II on U.S. Management Innovation,National Bureau of Economic Research Inc
2315456,2023-08-14,25000,Standard Grant,Doctoral Dissertation Research in Economics: Breaking the Bubble - The Determinants and Effects of Contact,Stanford University
2315629,2023-08-14,513809,Standard Grant,"Constraints, Rigidity, and Risk in Global Supply Chains",University of Notre Dame
2316353,2023-08-14,214625,Standard Grant,Clustered Coefficient Regression Model-Based Estimators in Small Area Estimation,San Diego State University Foundation
2332010,2023-08-14,149097,Standard Grant,Collaborative Research: SII-NRDZ-SBE: Enabling Fairness-Aware and Privacy-Preserving Spatial Spectrum Sharing,Southern Illinois University at Carbondale
2332011,2023-08-14,150000,Standard Grant,Collaborative Research: SII-NRDZ-SBE: Enabling Fairness-Aware and Privacy-Preserving Spatial Spectrum Sharing,Louisiana State University
2332054,2023-08-14,200000,Standard Grant,Collaborative Research: SII-NRDZ-SBE: Bridging the techno-economic gap for the design of spectrum Zone Management Systems,Northwestern University at Chicago
2332055,2023-08-14,100000,Standard Grant,Collaborative Research: SII-NRDZ-SBE: Bridging the techno-economic gap for the design of spectrum Zone Management Systems,Massachusetts Institute of Technology
2341716,2023-08-14,49382,Standard Grant,Conference: Access to Justice Research as a Tool for Advancing Federal Priorities,Arizona State University
2214931,2023-08-15,221580,Standard Grant,Carnegie-NYU-Rochester Conference on Public Policy,Carnegie Mellon University
2324515,2023-08-15,750000,Standard Grant,SAI: Data-Driven Governance for Broadband Infrastructure,University of Chicago
2217892,2023-08-16,300000,Standard Grant,Broadening Participation in STEM Faculty: A Program to support the Diversity Initiative for Tenure in Economics (DITE) 2022-2025,Duke University
2242820,2023-08-16,375000,Standard Grant,Developing Statistical Tools for Data integration and Data Fusion for Finite Population Inference,Iowa State University
2316650,2023-08-16,1249705,Standard Grant,National Historical Geographic Information System,University of Minnesota-Twin Cities
2326173,2023-08-16,252007,Standard Grant,Collaborative Research: FW-HTF-RM: AI-Assisted Programming: Equipping Social and Natural Scientists for the Future of Research,Northeastern University
2326174,2023-08-16,453266,Standard Grant,Collaborative Research: FW-HTF-RM: AI-Assisted Programming: Equipping Social and Natural Scientists for the Future of Research,Wellesley College
2326175,2023-08-16,247811,Standard Grant,Collaborative Research: FW-HTF-RM: AI-Assisted Programming: Equipping Social and Natural Scientists for the Future of Research,Oberlin College
2306018,2023-08-17,49608,Standard Grant,Conference: Nebraska Labor Summit,University of Nebraska-Lincoln
2315663,2023-08-17,319541,Standard Grant,Collaborative Research: Causal Structures: Experiments and Machine Learning,University of California-San Diego
2315664,2023-08-17,126423,Standard Grant,Collaborative Research: Causal Structures: Experiments and Machine Learning,University of California-Santa Barbara
2315665,2023-08-17,234489,Standard Grant,Collaborative Research: Causal Structures: Experiments and Machine Learning,New York University
2315269,2023-08-20,937867,Standard Grant,Transportation Economics in the 21st Century,National Bureau of Economic Research Inc
2324616,2023-08-20,750000,Standard Grant,SAI: Integrating Equity in Emergency Management of Critical Infrastructure,SUNY at Buffalo
2326193,2023-08-20,721815,Standard Grant,Collaborative Research: FW-HTF-RL: Trapeze: Responsible AI-assisted Talent Acquisition for HR Specialists,New York University
2326194,2023-08-20,495033,Standard Grant,Collaborative Research: FW-HTF-RL: Trapeze: Responsible AI-assisted Talent Acquisition for HR Specialists,William Marsh Rice University
2326195,2023-08-20,460000,Standard Grant,Collaborative Research: FW-HTF-RL: Trapeze: Responsible AI-assisted Talent Acquisition for HR Specialists,New Jersey Institute of Technology
2342218,2023-08-20,172688,Standard Grant,Collaborative Research: Leader Behaviors and Experiences across Life Domains,Johns Hopkins University
2243430,2023-08-21,297345,Standard Grant,Conference: Summer Program on Game Theory and Economics,SUNY at Stony Brook
2312331,2023-08-23,1559043,Standard Grant,Research Initiative on Market Frictions and Financial Risks,National Bureau of Economic Research Inc
2318237,2023-08-23,117721,Standard Grant,Collaborative Research: Science with the People: Collaborative analysis of government data for policy reach and structural change in environmentally contested regions,Virginia Polytechnic Institute and State University
2318238,2023-08-23,98578,Standard Grant,Collaborative Research: Science with the People: Collaborative analysis of government data for policy reach and structural change in environmentally contested regions,University of California-San Francisco
2318239,2023-08-23,379101,Standard Grant,Collaborative Research: Science with the People: Collaborative analysis of government data for policy reach and structural change in environmentally contested regions,Dillard University
2326023,2023-08-24,1056653,Standard Grant,Collaborative Research: FW-HTF-RL: Building an Inclusive Future of Work: Accessible Collaboration for Visually Impaired Information Workers,University of California-Irvine
2326024,2023-08-24,943192,Standard Grant,Collaborative Research: FW-HTF-RL: Building an Inclusive Future of Work: Accessible Collaboration for Visually Impaired Information Workers,Northwestern University at Chicago
2148971,2023-08-30,400000,Standard Grant,Prison Proliferation Project,Urban Institute
2333979,2023-08-30,611942,Continuing Grant,The Dynamics of Unique Decisions,University of California-Los Angeles
2241261,2023-08-31,49960,Standard Grant,Conference: Interdisciplinary Research Ethics and Norms Conference,Baylor University
2344676,2023-08-31,435561,Standard Grant,GENERATING BIODATA FROM SCRATCH: CREATING AND VALIDATING A COMPREHENSIVE COLLECTION OF BIODATA ITEMS AND SCALES,Indiana University
2321920,2023-09-18,999999,Standard Grant,CIVIC-FA Track B: Bridging the Rural Justice Gap: Innovating & Scaling Up Civil Access to Justice,University of Minnesota-Twin Cities
2322026,2023-09-18,999393,Standard Grant,SCC-CIVIC-FA Track B: Everyday Respect: Measuring & Improving Communication During Motor Vehicle Stops,University of Southern California
2322214,2023-09-18,999888,Standard Grant,SCC-CIVIC-FA Track B: Streamlining and Supporting Access to Public Assistance Programs in Louisiana,Tulane University
2346233,2023-09-19,299655,Standard Grant,EAGER: Understanding How Employees Discover and React to Health and Wellbeing Benefits,Colorado State University
2348375,2023-10-20,497570,Continuing Grant,CAREER: A system of pleas: Using a role-playing simulation to test plea decision models,Iowa State University
2350258,2023-10-20,692123,Continuing Grant,Modeling the dynamics of belief formation: Towards a computational understanding of the timing and accuracy of probability judgments,Indiana University
2346961,2023-10-24,299763,Standard Grant,Women’s Psychosocial and Physiological Experience of Speaking in Work Teams,Colorado State University
2348506,2023-10-30,51513,Standard Grant,RAPID: Constitutional Change and Public Support for Minority Rights,West Virginia University Research Corporation
2314643,2023-11-06,700000,Continuing Grant,Here Comes a Regular: Effects of Prior Familiarity on Eyewitness Identification,University of Arkansas
2403517,2023-11-06,42019,Standard Grant,"Collaborative Research:  Varieties of Crises, Elite Responses, and Executive Approval",SUNY at Buffalo
2404669,2023-11-13,237000,Standard Grant,Collaborative Research: Intermediaries and Product Selection in the Municipal Bond Market,National Bureau of Economic Research Inc
2405614,2023-11-21,370066,Standard Grant,BPINNOVATE: Impacts of Social Safety Net Policies on STEM Entrepreneurship and Innovation in Underrepresented Populations and Underserved Regions,Texas A&M University
2401551,2023-12-04,218063,Continuing Grant,COLLABORATIVE RESEARCH: Feeling the Squeeze: How Financial Stress Shapes Decision Making and Risk for Drinking Water Systems in U.S. Cities,Rand Corporation
2407056,2023-12-04,337943,Continuing Grant,"Compounded Disadvantage: Race, Criminal Record, and Access to Justice in Immigration Courts",Duke University
2409180,2023-12-04,449577,Continuing Grant,"CAREER: Regulating Vulnerability: Reproduction, Risk, and the Social Production of Biomedical Research Ethics",William Marsh Rice University
2403834,2023-12-05,555149,Standard Grant,"DRMS: Inequalities, Institutions and Sustainability: An Experimental Study of Local Efforts to Govern the Commons",University of Notre Dame
2402003,2023-12-11,202204,Continuing Grant,COLLABORATIVE RESEARCH: Feeling the Squeeze: How Financial Stress Shapes Decision Making and Risk for Drinking Water Systems in U.S. Cities,Pennsylvania State Univ University Park
2314061,2024-01-08,162123,Standard Grant,NGO-Prosecutorial Complex in Universal Jurisdiction Cases: Structure and Consequences for Justice and Public Knowledge about Human Rights Violations,University of Minnesota-Twin Cities
2337564,2024-01-08,484009,Continuing Grant,CAREER: How Collaboration and Competition Influence Research in the Emerging Field of Artificial Intelligence,University of Arizona
2411609,2024-01-16,297683,Continuing Grant,"Integrating Risk Perception Measures, Antecedents, and Outcomes",Oregon Research Institute
2411612,2024-01-16,124990,Standard Grant,"RAPID: Media Exposure, Objective Knowledge, Risk Perceptions, and Risk Management Preferences of Americans Regarding the Novel Coronavirus Outbreak",Oregon Research Institute
2411613,2024-01-16,269998,Continuing Grant,NSF-BSF: Willingness to Vaccinate Against COVID-19: Psychological Mechanisms and Ways to Increase Responsiveness,Oregon Research Institute
2411638,2024-01-16,533292,Standard Grant,Insuring Slavery: Actuarial Science and the Underwriting of the Trans-Atlantic Slave Trade in the Eighteenth Century,Howard University
2331175,2024-01-24,400000,Standard Grant,U.S. participation in the 8th wave of the World Values Survey,Regents of the University of Michigan - Ann Arbor
2333553,2024-01-24,29900,Standard Grant,"DDRIG in DRMS: Knowing Less Than We Can Tell: Assessing Metacognitive Knowledge in Subjective, Multi-Attribute Choice",Carnegie Mellon University
2343645,2024-01-26,38897,Standard Grant,Doctoral Dissertation Research: Thinking ahead to do better now: Legacy-focused cognition and its link to environmental sustainability,Pennsylvania State Univ University Park
2336679,2024-01-29,498525,Continuing Grant,CAREER: Enhancing Organizational Learning and Information Flows through Human Resource Management,University of Florida
2341491,2024-01-29,84673,Standard Grant,Collaborative Research: Precedent-Altering Opinions and Collegiality on the Supreme Court,West Virginia University Research Corporation
2341492,2024-01-29,74803,Standard Grant,Collaborative Research: Precedent-Altering Opinions and Collegiality on the Supreme Court,University of South Carolina at Columbia
2343837,2024-01-29,29960,Standard Grant,"DDRIG:A transdisciplinary, comparative analysis of links between individual and household decision-making, negotiation of livelihood risk, & natural resource management conflicts",Pennsylvania State Univ University Park
2345612,2024-01-29,295839,Standard Grant,A Multi-Level Investigation of Engagement in Technology Transfer,Arizona State University
2412014,2024-01-29,93320,Standard Grant,RAPID: Militant Organization Preferences and Strategies for Reducing Postconflict Violence,University of North Texas
2329305,2024-02-05,50000,Standard Grant,Philosophical Shifts and Polarization,Boise State University
2341530,2024-02-06,21882,Standard Grant,DDRIG: Platformization of Urban Food Systems.,University of Colorado at Denver-Downtown Campus
2341622,2024-02-06,23116,Standard Grant,"Doctoral Dissertation Research Improvement Grant: Biobanking, Epistemic Infrastructure, and the Lifecycle of Genomic Data",University of California-San Diego
2341731,2024-02-06,15048,Standard Grant,DDRIG: Cementing Spaces: The Material That Made Room for New Cultures in the Twentieth-Century,Montana State University
2341820,2024-02-06,24186,Standard Grant,DDRIG: Control Data: American Power and the Global Assembly Line 1957-1992,Columbia University
2344563,2024-02-06,252331,Standard Grant,"Family of Origin, Geographic Constraints, and Career Intentions of Graduate Students in the Sciences",West Virginia University Research Corporation
2341547,2024-02-13,25000,Standard Grant,"Doctoral Dissertation Research: Managing the mixed messages of meta-analysis: How surgeons, policy makers, and judges cope with uncertainty",Northwestern University at Chicago
2341428,2024-02-14,219787,Standard Grant,Migrant Youth and the Sociolegal Construction of Child and Adult Categories,Florida Gulf Coast University
2420364,2024-02-14,225439,Standard Grant,"Collaborative Research: Gender, Politics, and Environmental Concern",University of California-Berkeley
2343727,2024-02-16,308355,Continuing Grant,"Collaborative Research: DRMS:Group cognition, stress arousal, and environment feedbacks in decision making and adaptation under uncertainty",Utah State University
2343728,2024-02-16,347829,Continuing Grant,"Collaborative Research: DRMS:Group cognition, stress arousal, and environment feedbacks in decision making and adaptation under uncertainty",The University of Central Florida Board of Trustees
2345651,2024-02-16,338000,Standard Grant,Collaborative Research: Multiple Team Membership (MTM) through Technology: A path towards individual and team wellbeing?,San Jose State University Foundation
2345652,2024-02-16,111999,Standard Grant,Collaborative Research: Multiple Team Membership (MTM) through Technology: A path towards individual and team wellbeing?,Utah State University
2341842,2024-02-20,25000,Standard Grant,"DDRIG: Reassembling Art, Science, and Technology: Goldsmithing, and the Making of Objects during the Renaissance and its Impact on Modern Science and Technology",Columbia University
2341898,2024-02-20,259330,Standard Grant,"The Datafied Animal: Biologging, Machine Learning and Wildlife Conservation",University of Pittsburgh
2341900,2024-02-20,15768,Standard Grant,Doctoral Dissertation Research: A Syndrome of Care: The New Sciences of Survivorship at the Frontier of Medical Rescue,University of Pennsylvania
2341907,2024-02-20,19603,Standard Grant,Doctoral Dissertation Research Improvement Grant: Early Botany and Indigenous Plant-Related Knowledge,Johns Hopkins University
2343506,2024-02-20,29920,Standard Grant,DDRIG in DRMS: Communicating risks in a sensational media environment-Using short video multimodal features to attract attention and reduce psychological reactance for persuasion,University of California-Davis
2343542,2024-02-20,23891,Standard Grant,Doctoral Dissertation Research in DRMS - Impressions Matter: The Role of Scientists’ Self- Presentation in Effective Risk Communication on Social Media,Regents of the University of Michigan - Ann Arbor
2412922,2024-02-20,500000,Standard Grant,Spatial Homogeneity Learning Models with Applications to Socioeconomic Problems,The University of Texas Health Science Center at Houston
2403479,2024-02-21,526878,Continuing Grant,"CAREER: The Development, Design, and Ethical Issues of Algorithmic Hiring Tools",Emory University
2337566,2024-02-28,462400,Continuing Grant,"Career: Reputation with Limited Information, Theory and Applications",Northwestern University at Chicago
2413624,2024-02-29,375000,Standard Grant,Depopulating Holding Centers during the COVID-19 Pandemic,University of California-Berkeley
2328505,2024-03-06,470000,Standard Grant,Housing Experiences and Outcomes of an Understudied Urban Population,Washington University
2339998,2024-03-06,536400,Continuing Grant,CAREER: Networks in General Equilibrium,National Bureau of Economic Research Inc
2343439,2024-03-06,425449,Standard Grant,Families and Entrepreneurship,Stanford University
2343858,2024-03-06,399932,Continuing Grant,The Information-Attention Tradeoff: Toward an Understanding of the Fundamentals of Online Attention,University of California-San Diego
2343922,2024-03-06,462400,Standard Grant,NSF-BSF: Mechanism Design for All,Harvard University
2337293,2024-03-13,660000,Continuing Grant,CAREER: Equitable Access to Justice: Determinants of Engagement with the Civil Justice System,University of Nebraska-Lincoln
2341434,2024-03-13,419917,Continuing Grant,"Re-presenting population science data in the context of shifting demographic dynamics, climate change and alternative epistemologies",SUNY at Albany
2342215,2024-03-13,390369,Continuing Grant,Structural statistical learning of heterogeneous preferences for smart energy choices with a case study on coordinated electric vehicle charging,Cornell University
2341707,2024-03-14,21874,Standard Grant,"Doctoral Dissertation Research: Dysbiosis, Health, and Therapeutics in Global Microbiome Science",University of Chicago
2346631,2024-03-14,283163,Standard Grant,Data-enabled Pathways to Equity in Cyberinfrastructure Utilization for Scientific Discovery,University of Nebraska at Omaha
2341629,2024-03-18,21443,Standard Grant,"DDRIG: Ethereal infrastructure: Placelessness, nature, and low-earth-orbit satellite internet constellations",Cornell University
2343580,2024-03-18,590081,Continuing Grant,SBE-UKRI: A Novel Theory of Ordered Judgment Processes,Purdue University
2337719,2024-03-19,506936,Continuing Grant,CAREER: The Emerging Political Economy of FringeTech Financial Services,Duke University
2341512,2024-03-26,121741,Continuing Grant,Collaborative Research: Behavioral Science and the Making of the Right-Reasoning Public Health Citizenry,Georgetown University
2341513,2024-03-26,196657,Continuing Grant,Collaborative Research: Behavioral Science and the Making of the Right-Reasoning Public Health Citizenry,University of Texas Medical Branch at Galveston
2424057,2024-03-27,2971978,Continuing Grant,"Collaborative Research: Time-Sharing Experiments for the Social Sciences (TESS): Proposal for Renewed Support, 2020-2023",University of Rochester
2341831,2024-04-01,238485,Continuing Grant,Critical developmental science: life course trajectories in the 1982 Pelotas birth cohort study,Vanderbilt University
2422182,2024-04-01,104562,Standard Grant,"Collaborative Research: State Health, Institutions, and Politics Survey (SHIPS)",University of Rochester
2422394,2024-04-01,81923,Standard Grant,"Collaborative Research: U.S. institutions after COVID-19: Trust, accountability, and public perceptions",University of Rochester
2343706,2024-04-02,39250,Standard Grant,Doctoral Dissertation Research: Trust-Building Communication and Climate Decision Making,Arizona State University
2420022,2024-04-02,94987,Standard Grant,RAPID: Immediate Responses during a Major Nighttime Tsunami Event,University of North Texas
2343087,2024-04-05,349990,Standard Grant,Support for Institutes and Research Groups on Qualitative and Multi-Method Research: 2024-2026,Syracuse University
2343873,2024-04-05,602400,Standard Grant,Crossing the Finish Line: Intervening in a Critical Period for Educational Investment,National Bureau of Economic Research Inc
2346644,2024-04-05,200282,Standard Grant,"Collaborative Research: Understanding and overcoming the impediments to high-risk, high-return science",North Carolina State University
2346645,2024-04-05,212791,Standard Grant,"Collaborative Research: Understanding and overcoming the impediments to high-risk, high-return science",University of Washington
2415889,2024-04-09,24400,Standard Grant,Predoctoral Summer Institute,Georgetown University
2427447,2024-04-11,433497,Continuing Grant,CAREER: The Intersection of Spatial Statistics and Differential Privacy,University of Minnesota-Twin Cities
2342842,2024-04-15,499271,Standard Grant,NSF-JST: An Inclusive Human-Centered Risk Management Modeling Framework for Flood Resilience,Lehigh University
2420152,2024-04-16,363397,Standard Grant,Collaborative Research: SBP: Socioeconomic Mobility of Young Adults Without College Degrees: Understanding Transition Between Jobs,Texas A&M University
2344816,2024-04-22,17999,Standard Grant,Doctoral Dissertation Research: Addressing Survey Nonresponse and Attrition in Probability-based Online Panels and Online Longitudinal Data Collections,Regents of the University of Michigan - Ann Arbor
2338428,2024-04-29,550000,Continuing Grant,"CAREER: Flexible Record Linkage through Realistic Modeling of Dependent, Missing, and Updating Data",Colorado State University
2341860,2024-04-29,147638,Continuing Grant,Collaborative Research: The Magic School Bus and the Reanimation of American Science Education,Virginia Polytechnic Institute and State University
2341861,2024-04-29,170372,Continuing Grant,Collaborative Research: The Magic School Bus and the Reanimation of American Science Education,Radford University
2420825,2024-05-06,26184,Standard Grant,RAPID: Does war in the homeland make diaspora narratives more persuasive?,University of California - Merced
2346315,2024-05-14,259129,Standard Grant,Collaborative Research: Science and Information Integrity: Strategies for Rebuilding Trust in Science,Boston College
2346316,2024-05-14,121154,Standard Grant,Collaborative Research: Science and Information Integrity: Strategies for Rebuilding Trust in Science,Northeastern University
2428384,2024-05-14,49650,Standard Grant,Conference: Access to Science and Scholarship: A workshop on establishing a robust and sustainable research agenda for the future of open scholarly communication,Massachusetts Institute of Technology
2241827,2024-05-15,555647,Continuing Grant,Collaborative Research: The Militarized Dispute Data 2015-2024 and Beyond,West Virginia University Research Corporation
2241828,2024-05-15,20672,Interagency Agreement,Collaborative Research: The Militarized Dispute Data 2015-2024 and Beyond,United States Air Force Academy
2343329,2024-05-28,597274,Continuing Grant,NSF-SSRC: Risk communication in low- and high-affect contexts,University of Oregon Eugene
2429247,2024-05-28,49962,Standard Grant,Conference: Building Collaborations in the Study of Polarization,Texas Tech University
2339536,2024-05-30,142198,Standard Grant,Lineup Fairness: Optimizing Filler Selection Strategies,CUNY John Jay College of Criminal Justice
2341604,2024-05-31,202504,Standard Grant,Collaborative Research: Evaluating the Implementation of the Nordic Model of Incarceration in the United States,California State University-Dominguez Hills Foundation
2341605,2024-05-31,192139,Standard Grant,Collaborative Research: Evaluating the Implementation of the Nordic Model of Incarceration in the United States,University of Missouri-Kansas City
2337480,2024-06-05,400000,Continuing Grant,CAREER: Heterogeneity and the General Control Function Approach to Endogeneity,University of Missouri-Columbia
2341375,2024-06-05,288747,Standard Grant,Collaborative Research: Legitimacy and Efficacy of Transitional Justice Institutions in Comparative Perspective,Brown University
2341376,2024-06-05,106969,Standard Grant,Collaborative Research: Legitimacy and Efficacy of Transitional Justice Institutions in Comparative Perspective,Vanderbilt University
2341377,2024-06-05,216778,Standard Grant,Collaborative Research: Legitimacy and Efficacy of Transitional Justice Institutions in Comparative Perspective,Duke University
2343948,2024-06-05,567000,Standard Grant,"Theoretical, Empirical, and Experimental Research on Collective Action Problems",Cornell University
2345043,2024-06-05,300000,Standard Grant,Generalized Latent Position Models for Network Data,Florida State University
2343694,2024-06-11,555570,Standard Grant,Understanding and preventing gang entry: A longitudinal and experimental study,University of Chicago
2343916,2024-06-11,115272,Standard Grant,How Democratic Governance Affects Public Services: Evidence from Local Governments,"University of Maryland, College Park"
2337615,2024-06-13,509599,Continuing Grant,CAREER: Advancing knowledge on the U.S. Justice System through CJARS,Regents of the University of Michigan - Ann Arbor
2343976,2024-06-13,384714,Standard Grant,How Do Individuals Form Beliefs About and Evaluate Multi-Layer Prospects under Risk and Ambiguity,University of Alabama Tuscaloosa
2331848,2024-06-17,541475,Continuing Grant,"CAREER: Preserving Democratic Governance, Representation, and Accountability Within an Evolving Policymaking Environment","OHIO STATE UNIVERSITY, THE"
2336713,2024-06-17,136969,Standard Grant,"Human and Machine Translation: Cognitive, Linguistic, and Philosophical Perspectives",University of Georgia Research Foundation Inc
2341702,2024-06-17,233024,Standard Grant,"The War Against Weeds: How 2,4-D Reshaped the Global Environment",Williams College
2343422,2024-06-17,425000,Standard Grant,Conference: Stanford Institute for Theoretical Economics (SITE) Summer Workshop,Stanford University
2403624,2024-06-17,2317634,Continuing Grant,American Sociological Association Doctoral Dissertation Research Improvement Grant Program (ASA DDRIG),American Sociological Assoc
2334157,2024-06-18,400000,Standard Grant,Neighborhood Dynamics and the Inequality of Place: Using Large-Scale Mobility Behavior Data to Understand Socio-Spatial Disparities in Community Connectedness,New York University
2338220,2024-06-18,450420,Continuing Grant,"CAREER: The Extent, Causes, and Economic Consequences of the Distribution of Clean Air, Land, and Water",University of Virginia Main Campus
2338871,2024-06-18,605443,Continuing Grant,CAREER: The Pseudo-State Entities of Street-Level Bureaucrats,Duke University
2340661,2024-06-18,563639,Continuing Grant,CAREER: Skin Color and Inequality: Measurement and Mitigation,University of Chicago
2343807,2024-06-18,471645,Continuing Grant,Is Unrealistic Optimism Good or Bad? Two Naturalistic Studies,University of Florida
2343966,2024-06-18,234038,Standard Grant,The Evolution of Discriminatory Norms: Field Evidence,University of Southern California
2345751,2024-06-18,349667,Standard Grant,Identifying Potential Impacts of Artificial Intelligence in the State Court Workplace Using a Multi-team Systems Approach,National Center For State Courts
2417694,2024-06-18,286178,Standard Grant,Similarity of Information in Games,New York University
2417860,2024-06-18,280197,Standard Grant,Screening with Tests,Northwestern University at Chicago
2433830,2024-06-18,93265,Standard Grant,STEM-APWD: Access and Equity in STEM: Disability and Innovation in Fundamental Research,William Marsh Rice University
2417173,2024-06-20,357720,Standard Grant,Learning by Doing in the Global Electric Vehicle Battery Industry,National Bureau of Economic Research Inc
2429325,2024-06-20,174054,Standard Grant,Collaborative Research Data Afterlives: The long-term impact of NSF Data Management Plans on data archiving and sharing for increased access,American University
2436298,2024-06-21,267999,Standard Grant,Collaborative Research: Direct Lending in the U.S. Middle Market,Johns Hopkins University
2340108,2024-06-25,628039,Continuing Grant,CAREER: Dynamics of Women's Political and Economic Empowerment: An Open Database Project,Trustees of Boston University
2341730,2024-06-25,194675,Standard Grant,Informative Identification-Robust Inference for Subvectors and User-Chosen Parameters,University of Colorado at Boulder
2342506,2024-06-25,899815,Standard Grant,2024 Cooperative Election Study,Tufts University
2343292,2024-06-25,849995,Standard Grant,2024 Collaborative Multiracial Post-Election Survey,University of California-Los Angeles
2348223,2024-06-25,252831,Standard Grant,Developing Guidelines for Reporting About Network Data,Michigan State University
2410462,2024-06-25,49987,Standard Grant,Conference: Solving Global Poverty: A Conference and Special Journal Issue on Problem-Solving Sociology of Development,Johns Hopkins University
2417028,2024-06-25,364766,Standard Grant,Mass-Behavioral Economics,University of California-Santa Barbara
2417128,2024-06-25,29957,Standard Grant,"Doctoral Dissertation Research: Mapping context effects across preference, perceptual, and belief based judgments",Indiana University
2417594,2024-06-25,29363,Standard Grant,Doctoral Dissertation Research: The Political Economy of Congestion Pricing: Evidence from New York City (Wave 2),Columbia University
2427809,2024-06-25,299959,Standard Grant,EAGER: News and Public Affairs Information,University of California-Davis
2433191,2024-06-25,200000,Standard Grant,RAPID: Evolving risk dynamics between stakeholders during the H5N1 outbreak in dairy cattle,Montana State University
2338097,2024-06-26,415180,Continuing Grant,Neuroscience Research Practices,University of Washington
2341874,2024-06-26,320000,Continuing Grant,Analyzing Citizenship Across Democracy and Autocracy,University of California-Irvine
2343461,2024-06-26,285000,Standard Grant,Statistical Policy Choice in Dynamic Environments,Brown University
2343881,2024-06-26,493362,Standard Grant,The Aggregate Impact of Working from Home,National Bureau of Economic Research Inc
2343927,2024-06-26,400000,Standard Grant,Conference: Conference on Econometrics and Mathematical Economics,National Bureau of Economic Research Inc
2346688,2024-06-26,165514,Standard Grant,RUI: Internal Knowledge Production and Legitimacy within the Private Prison Industry,SUNY College at Oswego
2415890,2024-06-26,29878,Standard Grant,Doctoral Dissertation Research: Messaging to Reduce Cannabis Use among US Young Adults,George Washington University
2417596,2024-06-26,29999,Standard Grant,Doctoral Dissertation Research: Generosity Contagion versus Value Sharing as Determinants of Prosocial Decision-Making,Georgetown University
2417765,2024-06-26,49786,Standard Grant,Conference: Ninth Biennial Conference on Social Dilemmas,Indiana University
2420824,2024-06-26,474942,Standard Grant,The Decline of Government R&D in Innovation: Establishing Facts and Evaluating Consequences,Duke University
2416792,2024-06-27,186497,Continuing Grant,Collaborative Research: The Supply-Side of the United States Supreme Court Docket,Northeastern University
2416793,2024-06-27,217012,Continuing Grant,Collaborative Research: The Supply-Side of the United States Supreme Court Docket,"OHIO STATE UNIVERSITY, THE"
2416794,2024-06-27,151175,Continuing Grant,Collaborative Research: The Supply-Side of the United States Supreme Court Docket,Washington University
2417534,2024-06-27,219754,Standard Grant,Collaborative Research: Impulse Response Analysis for Nonlinear Structural VARs,University of Kentucky Research Foundation
2417535,2024-06-27,188548,Standard Grant,Collaborative Research: Impulse Response Analysis for Nonlinear Structural VARs,Emory University
2416251,2024-06-28,206574,Standard Grant,Legal Characteristics of International Organizations,American Bar Foundation
2332912,2024-07-01,164923,Standard Grant,Collaborative Research: Moderator Interventions and the Automated Coding of Status Hierarchies in Task Groups,"OHIO STATE UNIVERSITY, THE"
2332913,2024-07-01,152180,Standard Grant,Collaborative Research: Moderator Interventions and the Automated Coding of Status Hierarchies in Task Groups,University of Houston
2342226,2024-07-01,301719,Standard Grant,Collaborative Research: Flexible Regression Methods for Climate Economics,Princeton University
2342227,2024-07-01,135798,Standard Grant,Collaborative Research: Flexible Regression Methods for Climate Economics,University of California-Davis
2345281,2024-07-01,250000,Standard Grant,Cheating in Online Surveys: Implications and Solutions,Temple University
2416935,2024-07-01,583769,Standard Grant,As If vs. Substantive Rationality: Identification and Implications,Brown University
2417604,2024-07-01,29533,Standard Grant,Doctoral Dissertation Research in DRMS: Evidence on Closing Gender Gaps in Self-Promotion,Carnegie Mellon University
2417625,2024-07-01,30000,Standard Grant,Doctoral Dissertation Research in DRMS: The Role of Episodic Information in Belief Formation,Carnegie Mellon University
2417704,2024-07-01,29949,Standard Grant,Doctoral Dissertation Research in DRMS: Choice Overload in the Digital Age: A Cognitive Neuroscience Approach,University of South Carolina at Columbia
2417901,2024-07-01,30000,Standard Grant,"Doctoral Dissertation Research:  Influence of Moral Engagement on Decision-Making, Management, and Risk to Wildlife in Protected Areas",Pennsylvania State Univ University Park
2417903,2024-07-01,30000,Standard Grant,Doctoral Dissertation Research: Sharing the risk. Mitigation efforts and fairness ideals in climate insurance choices,Arizona State University
2437062,2024-07-01,126423,Standard Grant,Collaborative Research: Causal Structures: Experiments and Machine Learning,New York University
2341167,2024-07-02,549883,Continuing Grant,"Examining Compliance, Criminalization, & Carcerality in Legal Systems",Wake Forest University
2417375,2024-07-02,485596,Standard Grant,Consequences of Environmental Regulation: Evidence from Clean Air Act Thresholds,University of California-Berkeley
2417409,2024-07-02,30000,Standard Grant,Doctoral Dissertation Research: Scientific Evidence Use in Public Policy Decision Making,University of Vermont & State Agricultural College
2417586,2024-07-02,18403,Standard Grant,Doctoral Dissertation Research in DRMS: The Role of Farm Financial Programs in Climate and Market Risks and Land Management,University of Wisconsin-Madison
2417627,2024-07-02,13284,Standard Grant,Adapting to Change: How Institutions Influence Local Decisions,University of Chicago
2419500,2024-07-02,149746,Standard Grant,Leading and following in virtual meetings: An investigation of affect display,University of North Carolina at Charlotte
2420868,2024-07-02,549983,Standard Grant,"Public health leadership, preparedness, and governance at the front lines",Syracuse University
2421162,2024-07-02,304504,Standard Grant,"SBP: Socioeconomic Background, Class Identity Dissonance, and the Professional Development of Graduate Students in the Sciences",West Virginia University Research Corporation
2346660,2024-07-03,336194,Standard Grant,Collaborative Research: Framework for Better Visual Communication Practices,National Opinion Research Center
2346661,2024-07-03,305912,Standard Grant,Collaborative Research: Framework for Better Visual Communication Practices,Iowa State University
2416388,2024-07-03,100000,Standard Grant,Conference: North Carolina Central University School of Law - Annual Law and Technology Summit,North Carolina Central University
2420981,2024-07-03,199995,Standard Grant,Collaborative Research: Examining the effects of gender composition on disruptive science,University of Notre Dame
2420982,2024-07-03,200000,Standard Grant,Collaborative Research: Examining the effects of gender composition on disruptive science,Northwestern University
2429070,2024-07-03,24792,Standard Grant,Collaborative Research: Conference on Research on New Populations and its Applications,George Washington University
2429071,2024-07-03,24833,Standard Grant,Collaborative Research: Conference on Research on New Populations and its Applications,University of South Florida
2341785,2024-07-08,432782,Continuing Grant,Classifying Biological Variables,Harvard University
2416429,2024-07-08,230928,Standard Grant,RUI: Criminal Competition and Collective Political Mobilization in Comparative Perspective,Barnard College
2416505,2024-07-08,473000,Standard Grant,The Optimal Multi-dimensional Taxation,National Bureau of Economic Research Inc
2417821,2024-07-08,62722,Standard Grant,Social Norms and Firm Productivity: Evidence from Knitwear Factories,Columbia University
2417931,2024-07-08,309960,Standard Grant,Exact Subvector Inference,University of Chicago
2343979,2024-07-09,560415,Continuing Grant,Making Future Snow Avalanche Information Actionable,University of Alaska Fairbanks Campus
2419293,2024-07-09,177330,Standard Grant,The Complex Structure of Quantum Mechanics,Rutgers University New Brunswick
2419958,2024-07-09,57826,Standard Grant,Scholars Award: The Lifecycles of the Arecibo Observatory: Understanding the social and political contexts of research facility host sites,Rensselaer Polytechnic Institute
2419967,2024-07-09,444729,Standard Grant,"Symmetry, Structure, and Dynamics in Classical Field Theory",University of California-Irvine
2420030,2024-07-09,155000,Standard Grant,Conservation Biologists and Borderlands,Texas A&M University
2422939,2024-07-09,208090,Standard Grant,MCA: Building a Conceptual Ecology of the Engram,Purdue University
2420950,2024-07-10,400000,Standard Grant,The impact of socioeconomic heterogeneity on science and innovation,University of Colorado at Boulder
2435310,2024-07-10,287536,Standard Grant,Adaptive Dependent Data Models via Graph-Informed Shrinkage and Sparsity,Cornell University
2437340,2024-07-10,405632,Standard Grant,Collaborative Research: SBP: Scientific topics and careers at the intersection: an algorithmic approach,George Mason University
2417322,2024-07-15,24530,Standard Grant,Conference: WASH Economics Conference 2025,Oberlin College
2417846,2024-07-15,30000,Standard Grant,Doctoral Dissertation Research: What drives sustainable agriculture? Understanding how plural values influence farmers' transition to organic farming,University of Vermont & State Agricultural College
2418246,2024-07-15,209769,Standard Grant,Standard Grant: Health Professions Education Strategies for Broadening Participation in Physical Therapy and Occupational Therapy,Creighton University
2418979,2024-07-15,349984,Standard Grant,"Quantile Regression in the Big Data Regime: Online Learning, Missingness, and Causality",Washington University
2419009,2024-07-15,350000,Standard Grant,Robust Experimental Designs for Measuring Spillover Effects in Large Networked Populations,University of Chicago
2419317,2024-07-15,572268,Continuing Grant,Adversarial Cooperation in Group Decision Making,Brown University
2341739,2024-07-16,311878,Continuing Grant,Collaborative Research: Effective Design of Institutions and Data Sharing Platforms in International Environmental Agreements,Arizona State University
2341740,2024-07-16,146489,Continuing Grant,Collaborative Research: Effective Design of Institutions and Data Sharing Platforms in International Environmental Agreements,Purdue University
2342105,2024-07-16,281185,Standard Grant,(Re)Emerging Disease and Global Security in the 21st Century,Indiana University
2343691,2024-07-16,461469,Standard Grant,Inflation and Welfare with Preference Heterogeneity,National Bureau of Economic Research Inc
2417042,2024-07-16,29361,Standard Grant,Doctoral Dissertation Research: Collective Action for Solving Resource Dilemmas in a Rapidly Urbanizing Context,Arizona State University
2417702,2024-07-18,412000,Standard Grant,Unpacking the Long-Term Impact of Holistic Supports for Community College Students,University of Chicago
2420896,2024-07-18,499999,Standard Grant,Assessing knowledge needs in conservation practice,Arizona State University
2415284,2024-07-19,206134,Standard Grant,Developing Customary Law in Systems of Legal Pluralism,University of Utah
2417559,2024-07-19,472000,Standard Grant,"How Demographics, Place, and Rules Impact Portfolio Composition: Data from the Historical Survey of Consumer Finances and Implications for the Distribution of Wealth",University of California-Irvine
2417578,2024-07-19,29999,Standard Grant,"Doctoral Dissertation Research: Values, Risks, and Trust: Understanding determinants of stage progression within the Social License to Operate framework",University of Maine
2417813,2024-07-19,122717,Standard Grant,Addressing Racial Disparities in Medical Education and Science: The Role of the Civil Rights Movement,University of Minnesota-Twin Cities
2417905,2024-07-19,147609,Standard Grant,"Collaborative Research: From Displacement to Resilience: Aid, Economic Recovery, and Social Cohesion in Post-Conflict Societies",Emory University
2417906,2024-07-19,68670,Standard Grant,"Collaborative Research: From Displacement to Resilience: Aid, Economic Recovery, and Social Cohesion in Post-Conflict Societies",University of California-Santa Barbara
2423785,2024-07-19,399998,Standard Grant,Understanding Youth Political Engagement,Arizona State University
2415841,2024-07-22,500000,Standard Grant,Measuring and Assessing the Impact of Illiberalism-Liberalism in the Interpretation of Religious Prescriptions on the Attitudes and Values of Publics,Regents of the University of Michigan - Ann Arbor
2417162,2024-07-22,272750,Standard Grant,"Prediction, Inference, and Choice",Massachusetts Institute of Technology
2417856,2024-07-22,701218,Standard Grant,Safety Net Programs and Well-Being,National Bureau of Economic Research Inc
2418845,2024-07-22,249999,Standard Grant,Estimation of Misspecified Structural Equation Models with Latent Variables,University of South Carolina at Columbia
2419145,2024-07-22,450000,Standard Grant,HNDS-R: Secrecy and Stratification -- A Network Analysis,Dartmouth College
2429912,2024-07-22,504991,Standard Grant,STS: Informing Klamath River Restoration Planning with Indigenous spatial analysis and community-identified relational values: Pêeshkeesh Yáv Umúsaheesh,University of California Div of Agriculture & Natural Resources
2431915,2024-07-22,39870,Standard Grant,Conference: Thought Summit on the Future of Survey Science,Cornell University
2341871,2024-07-23,300000,Standard Grant,Collaborative Research: Retooling at the Hydro-Frontier: Devices for Resource Extraction in the 21st Century,Arizona State University
2341872,2024-07-23,300000,Standard Grant,Collaborative Research: Retooling at the Hydro-Frontier: Devices for Resource Extraction in the 21st Century,University of Southern California
2346727,2024-07-23,620095,Standard Grant,Public Health Message Inconsistency and Guidance-Following,New Mexico State University
2417703,2024-07-23,75991,Standard Grant,Conference: Cultured Meat Safety Initiative Phase 3 Workshop Series - Developing an action plan for collaborative research on cultured meat and seafood safety.,VIREO ADVISORS LLC
2343111,2024-07-24,118007,Standard Grant,Collaborative Research: Incentivizing and Spotlighting Scientific Contributions in Legislative Studies,William Marsh Rice University
2343112,2024-07-24,96253,Standard Grant,Collaborative Research: Incentivizing and Spotlighting Scientific Contributions in Legislative Studies,University of Illinois at Urbana-Champaign
2343113,2024-07-24,86291,Standard Grant,Collaborative Research: Incentivizing and Spotlighting Scientific Contributions in Legislative Studies,University of Wisconsin-Madison
2348705,2024-07-24,346149,Continuing Grant,Rural Community Responses to Environmental Stewardship Plans and Government Action,Hamilton College
2415963,2024-07-24,323203,Standard Grant,The Representation and Policy Consequences of Legislative Time Allocation Decisions,"Board of Regents, NSHE, obo University of Nevada, Reno"
2416128,2024-07-24,44771,Standard Grant,Conference: Democratic Innovation,University of California-Irvine
2343735,2024-07-25,302227,Standard Grant,Collaborative Research: Measuring selection in insurance markets due to genetic prediction,George Mason University
2343736,2024-07-25,86496,Standard Grant,Collaborative Research: Measuring selection in insurance markets due to genetic prediction,University of Pennsylvania
2420900,2024-07-25,544082,Standard Grant,The Role of Research Institutions in Developing Public Policy Infrastructure for Social Benefit,Pennsylvania State Univ University Park
2339863,2024-07-26,460854,Continuing Grant,CAREER: Infrastructure Development of Electric Power Grids,Temple University
2343935,2024-07-26,572000,Standard Grant,Frontier Sequence-Space Methods for Heterogeneous-Agent Models,National Bureau of Economic Research Inc
2417609,2024-07-26,233955,Standard Grant,HNDS-R: Improving Data Integration Techniques,Washington University
2418872,2024-07-26,349993,Standard Grant,Methods for Design and Analysis of Adaptive Experiments,University of Chicago
2419108,2024-07-26,395000,Standard Grant,"NSF-BSF:The Polarization of Employment and Earnings in the United States, 1996-2020",University of Florida
2419996,2024-07-26,349237,Standard Grant,A Novel Measure of Organizational Engagement with ESG Based on 2008-2023 Job Postings Data in the U.S.,"University of Maryland, College Park"
2342555,2024-07-29,425000,Standard Grant,Conference: Brookings Papers on Economic Activity (BPEA),Brookings Institution
2417955,2024-07-29,350000,Standard Grant,Sensitivity Analysis Tools for Quasi-Experimental Designs,University of Washington
2418921,2024-07-29,400000,Standard Grant,Conference: Support for Conferences and Mentoring of Women,Princeton University
2420069,2024-07-29,425444,Standard Grant,"A Study of Launch Infrastructure and Sociotechnical Relations of Adjacency, Diversity, and Cosmology",University of California-Santa Barbara
2434980,2024-07-29,189924,Standard Grant,NSF-BSF: Collaborative Research: Market Conduct in Technology Adoption in the Automobile Industry,Tufts University
2343137,2024-07-30,425726,Standard Grant,Understanding Gentrification and Commercial Displacement in Neighborhoods across the U.S.,University of Illinois at Chicago
2416484,2024-07-30,174864,Standard Grant,Sources and Implications of Race and Ethnicity (Mis)measurement in the U.S. Criminal Justice System,Regents of the University of Michigan - Ann Arbor
2416656,2024-07-30,124434,Standard Grant,Indigenous Experiences of Environmental Changes in Historical Perspective,University of Oklahoma Norman Campus
2419549,2024-07-30,257099,Standard Grant,"Collaborative Research: The Conceptualization, Dynamics, and Impacts of Leader and Follower Temporal Management in Contemporary Workplaces",University of Iowa
2419550,2024-07-30,174399,Standard Grant,"Collaborative Research: The Conceptualization, Dynamics, and Impacts of Leader and Follower Temporal Management in Contemporary Workplaces",Texas A&M University
2419732,2024-07-30,284853,Standard Grant,"Collaborative Research: HNDS-R: Altruistic stress, economic networks, and endogenous organizational change",University of Maine
2419733,2024-07-30,114810,Standard Grant,"Collaborative Research: HNDS-R: Altruistic stress, economic networks, and endogenous organizational change",University of Vermont & State Agricultural College
2420721,2024-07-30,375000,Standard Grant,A Community-Engaged Approach to Addressing Vaccine Information Integrity: An Examination of the Role of Social Media Influencers,National Opinion Research Center
2417692,2024-07-31,369000,Standard Grant,Collaborative Research: Empirical Analysis of the Practice of Price Discrimination in the Airline Industry,University of North Carolina at Chapel Hill
2417693,2024-07-31,196127,Standard Grant,Collaborative Research: Empirical Analysis of the Practice of Price Discrimination in the Airline Industry,University of Mississippi
2420919,2024-07-31,276839,Standard Grant,Collaborative Research: The scientific cost of isolationism: An analysis of disruptions in the global science system,Indiana University
2420920,2024-07-31,348161,Standard Grant,Collaborative Research: The scientific cost of isolationism: An analysis of disruptions in the global science system,Georgia Tech Research Corporation
2434991,2024-07-31,56278,Standard Grant,Collaborative Research: RAPID: The Role and Effectiveness of Instructional Risk and Crisis Biosecurity Recommendation Messages during the H5N1 Dairy Crisis,University of Vermont & State Agricultural College
2434992,2024-07-31,58421,Standard Grant,Collaborative Research: RAPID: The Role and Effectiveness of Instructional Risk and Crisis Biosecurity Recommendation Messages during the H5N1 Dairy Crisis,Clemson University
2342950,2024-08-06,350000,Continuing Grant,Collaborative Research: How International Reputation Accrues across Multiple Policy Domains,Pennsylvania State Univ University Park
2342951,2024-08-06,129203,Continuing Grant,Collaborative Research: How International Reputation Accrues across Multiple Policy Domains,University of California-San Diego
2343963,2024-08-06,606480,Standard Grant,The Impact of Social Media Use on Adolescent Health and Academic Outcomes,National Bureau of Economic Research Inc
2416516,2024-08-06,115189,Standard Grant,SBP: Collaborative Research: Journeys in World Politics A Mentoring Workshop for Junior Women in International Relations,University of Wisconsin-Madison
2416517,2024-08-06,127124,Standard Grant,SBP: Collaborative Research: Journeys in World Politics A Mentoring Workshop for Junior Women in International Relations,University of California-San Diego
2416518,2024-08-06,207685,Standard Grant,SBP: Collaborative Research: Journeys in World Politics A Mentoring Workshop for Junior Women in International Relations,University of Iowa
2416595,2024-08-06,399999,Standard Grant,Assessing the Impact of Grounds for Opposition in Local Multifamily Housing Decision Making,Arizona State University
2419008,2024-08-06,428460,Standard Grant,Econometric Methods for Understanding Matched Employer-Employee Data and Intergenerational Mobility,University of Chicago
2402441,2024-08-07,1012381,Standard Grant,Excellence in Research: Understanding Firearm Possession Among Young Adults,Delaware State University
2417723,2024-08-07,417787,Standard Grant,Collaborative Research: Adaptation of Populations to Heightened Flood Incidence: Satellite Data and Experimental Evaluations of Early Warning Systems,Yale University
2417724,2024-08-07,54800,Standard Grant,Collaborative Research: Adaptation of Populations to Heightened Flood Incidence: Satellite Data and Experimental Evaluations of Early Warning Systems,Tufts University
2419815,2024-08-07,107438,Standard Grant,Collaborative Research: Exascale supercomputing: Tracing the socio-technical alliances that enable big science,Portland State University
2419816,2024-08-07,107165,Standard Grant,Collaborative Research: Exascale supercomputing: Tracing the socio-technical alliances that enable big science,Clemson University
2419912,2024-08-07,237197,Standard Grant,"SBP: Collaborative Research: Understanding the Time Use, Role Behaviors, and Wellbeing of Employees Working From Home",University of South Florida
2419913,2024-08-07,112625,Standard Grant,"Collaborative Research: Understanding the Time Use, Role Behaviors, and Wellbeing of Employees Working From Home",Auburn University
2426981,2024-08-07,984495,Standard Grant,Data Equity for AANHPI Communities,National Opinion Research Center
2401705,2024-08-08,305000,Standard Grant,Collaborative Research: Food Industry in Rural Communities: Understanding Place and Labor-Related Dynamics and Corporate Strategies,George Washington University
2401706,2024-08-08,108852,Standard Grant,Collaborative Research: Food Industry in Rural Communities: Understanding Place and Labor-Related Dynamics and Corporate Strategies,Rutgers University New Brunswick
2416325,2024-08-08,1698814,Continuing Grant,Law and Science Dissertation Grant Program,Arizona State University
2417397,2024-08-08,219215,Standard Grant,"Collaborative Research: Diagnostic Expectations, Uncertainty, and Macroeconomic Fluctuations",Duke University
2417398,2024-08-08,53291,Standard Grant,"Collaborative Research: Diagnostic Expectations, Uncertainty, and Macroeconomic Fluctuations",University of California-Santa Cruz
2417399,2024-08-08,233514,Standard Grant,"Collaborative Research: Diagnostic Expectations, Uncertainty, and Macroeconomic Fluctuations",Johns Hopkins University
2417878,2024-08-08,243419,Standard Grant,Collaborative Research: A Multi-faceted Analysis of Small Business Lending Dynamics,CUNY City College
2417879,2024-08-08,253449,Standard Grant,Collaborative Research: A Multi-faceted Analysis of Small Business Lending Dynamics,University of Texas at San Antonio
2430850,2024-08-08,10999998,Continuing Grant,PSID 2025: Continuity and Change in American Economic and Social Life,Regents of the University of Michigan - Ann Arbor
2343698,2024-08-09,600000,Standard Grant,Household Expectations and Decisions: Causal Evidence,National Bureau of Economic Research Inc
2401751,2024-08-14,394768,Standard Grant,Excellence in Research: Building Adaptive Communities via Interdisciplinary Research and Training,Claflin University
2419365,2024-08-14,599485,Standard Grant,"Human intentional environmental exposure studies: what risks are acceptable, and to whom?","RUTGERS, THE STATE UNIVERSITY OF NEW JERSEY"
2345439,2024-08-15,5200000,Continuing Grant,International Integrated Microdata Series,University of Minnesota-Twin Cities
2401824,2024-08-15,654500,Standard Grant,Excellence in Research: Measuring the Local and Global Impact of Corporate Social Responsibility,Morgan State University
2417320,2024-08-15,511799,Standard Grant,Collaborative Research: Ownership and Technology Adoption: Evidence from the Census of Manufactures,National Bureau of Economic Research Inc
2417321,2024-08-15,158184,Standard Grant,Collaborative Research: Ownership and Technology Adoption:  Evidence from the Census of Manufactures,New York University
2420245,2024-08-15,360962,Continuing Grant,"Organizational Models of Scientific Inquiry: Charting the Organizational Persistence, Change, and Performance of Academic Laboratories",Northwestern University at Chicago
2423019,2024-08-15,422771,Continuing Grant,MCA: Investigating the Mechanisms of Integration in U.S. Communities,University of Illinois at Chicago
2423242,2024-08-16,505987,Continuing Grant,"MCA: Interactions of Human Performance, Physical Failure Mechanisms, and Organizational Phenomena in Socio-Technical Risk Analysis of Complex Technological Systems",University of Illinois at Urbana-Champaign
2432080,2024-08-16,50000,Standard Grant,Conference: Research Data Management Education Summit (RDMES),University of Tennessee Knoxville
2444087,2024-08-16,260740,Standard Grant,Collaborative Research: Build and Broaden 2.0: California Alliance for Hispanic-serving Social Science Advancement (CAHSSA),California State University-Dominguez Hills Foundation
2316335,2024-08-19,500000,Standard Grant,A Design-based Riesz Representation Estimation Approach for Randomized Experiments,Columbia University
2342600,2024-08-19,500000,Standard Grant,The Missing Consumer Expenditure Surveys,Auburn University
2438607,2024-08-19,517342,Standard Grant,A Multi-Country Database of Income Dynamics and Inequality,National Bureau of Economic Research Inc
2341431,2024-08-20,198688,Standard Grant,Collaborative Research: HNDS-R: Advancing Diverse Viable Effective Networked Teams (ADVENT),University of Notre Dame
2341432,2024-08-20,200592,Standard Grant,Collaborative Research: HNDS-R: Advancing Diverse Viable Effective Networked Teams (ADVENT),Northwestern University at Chicago
2343545,2024-08-20,241331,Standard Grant,Collaborative Research: Marriage Market Effects of Strengthening Female Inheritance Rights,Duke University
2343546,2024-08-20,148252,Standard Grant,Collaborative Research: Marriage Market Effects of Strengthening Female Inheritance Rights,University of Delaware
2343810,2024-08-20,400000,Continuing Grant,Collaborative Research: Advancing the study of repression: The Global Surveillance and Censorship Scores (GSCS) dataset,Regents of the University of Michigan - Ann Arbor
2343811,2024-08-20,131628,Continuing Grant,Collaborative Research: Advancing the study of repression: The Global Surveillance and Censorship Scores (GSCS) dataset,Carnegie Mellon University
2343812,2024-08-20,149960,Continuing Grant,Collaborative Research: Advancing the study of repression: The Global Surveillance and Censorship Scores (GSCS) dataset,University of Utah
2417568,2024-08-20,450000,Standard Grant,"Spatiotemporal Changes, Socio-Environmental Impacts, and the Homeless Population",San Diego State University Foundation
2417829,2024-08-20,300000,Standard Grant,"Understanding the Initiation, Escalation, and Termination of Interstate Confrontations",University of Alabama Tuscaloosa
2417830,2024-08-20,220000,Continuing Grant,"Understanding the Initiation, Escalation, and Termination of Interstate Confrontations",University of Georgia Research Foundation Inc
2444547,2024-08-20,30000,Standard Grant,Conference: The Student Vote Research Network,Menlo College
2417749,2024-08-21,219315,Standard Grant,Collaborative Research: Texas Alliance for Research on Sociological Issues,The University of Texas Rio Grande Valley
2417751,2024-08-21,204082,Standard Grant,Collaborative Research: Texas Alliance for Research on Sociological Issues,Texas A&M University-San Antonio
2417752,2024-08-21,136402,Standard Grant,Collaborative Research: Texas Alliance for Research on Sociological Issues,University of Texas at El Paso
2417753,2024-08-21,112765,Standard Grant,Collaborative Research: Texas Alliance for Research on Sociological Issues,Texas A&M University
2440877,2024-08-26,423000,Standard Grant,A Granular Framework for Assessing the Incidence of Local Economic Shocks,National Bureau of Economic Research Inc
2434235,2024-08-27,3065935,Standard Grant,"Research Initiative on Market Frictions and Financial Risks, 2024-2025",National Bureau of Economic Research Inc
2417387,2024-08-30,249998,Standard Grant,"SBP: Political Geography, Electoral Institutions, and the Evolution of Women's Voting Patterns in Rich Democracies",Johns Hopkins University
2445401,2024-09-03,289975,Standard Grant,Collaborative Research: SaTC: CORE: Medium: Beyond App-centric Privacy: Investigating Privacy Ecosystems among Vulnerable Populations,Barnard College
2449595,2024-09-17,470000,Standard Grant,Housing Experiences and Outcomes of an Understudied Urban Population,University of North Carolina at Chapel Hill
2435017,2024-09-23,777561,Standard Grant,CONSENSUS STUDY: ON BEING A SCIENTIST - AN UPDATED AND ONLINE GUIDE TO THE RESPONSIBLE AND ETHICAL CONDUCT OF RESEARCH,National Academy of Sciences
2417241,2024-11-14,690003,Continuing Grant,SBE-UKRI: Resource Rational Contractualism: A foundation for moral judgment and decision making,Harvard University
2502630,2024-11-25,67766,Standard Grant,Collaborative Research: RAPID: Elections During Crises: The Effects of Hurricane Helene on Election Administration and Perceptions of Integrity in North Carolina,West Virginia University Research Corporation
2502631,2024-11-25,31233,Standard Grant,Collaborative Research: RAPID: Elections During Crises: The Effects of Hurricane Helene on Election Administration and Perceptions of Integrity in North Carolina,University of North Carolina at Charlotte
2501470,2024-12-10,54994,Standard Grant,"Collaborative Research: RAPID: Understanding risk communication, protective decision-making, and vulnerability in mountain and inland Southeast communities during Hurricane Helene",University of Missouri-Columbia
2501471,2024-12-10,48072,Standard Grant,"Collaborative Research: RAPID: Understanding risk communication, protective decision-making, and vulnerability in mountain and inland Southeast communities during Hurricane Helene",University of Tennessee Knoxville
2452034,2024-12-20,527261,Standard Grant,Conference: Ideas Lab: Broadening Participation in Open Science,University of Missouri-Columbia
2512975,2025-01-14,530000,Continuing Grant,CAREER: Assessing the effect of source credibility on public perceptions of science and    place-based conservation,Virginia Polytechnic Institute and State University
2501293,2025-02-03,183720,Standard Grant,Collaborative Research: Democratic Accountability and Judicial Legitimacy,Pennsylvania State Univ University Park
2501294,2025-02-03,90046,Standard Grant,Collaborative Research: Democratic Accountability and Judicial Legitimacy,Florida State University
2503761,2025-02-11,74999,Standard Grant,RAPID: Shifting Values in Citizens’ Understanding of Democracy,Pennsylvania State Univ University Park
2503940,2025-02-11,199638,Standard Grant,RAPID: Risk perceptions and decision making during Hurricanes Helene and Milton,Rand Corporation
2505748,2025-02-11,181696,Standard Grant,RAPID: Examining Recency of 2024 Wildfire Season Exposures as an Antidote to the Intangibility of Public Policy Dilemma,University of Wyoming
2449637,2025-02-18,299139,Standard Grant,The Role of Accelerated Government R&D Funding for Small Businesses,Georgia Tech Research Corporation
2444974,2025-02-19,24821,Standard Grant,DDRIG: Data Sharing and Management in Social Science Genomics,University of Wisconsin-Madison
2446802,2025-02-19,29838,Standard Grant,Doctoral Dissertation Research: Navigating the Risks of Social Media Bots - A Study on Autonomous Agents and Human Cognitive Processing,Michigan State University
2446982,2025-02-19,473000,Standard Grant,Understanding De Minimis Imports,National Bureau of Economic Research Inc
2444970,2025-02-20,24770,Standard Grant,DDRIG: Digital Diagrams: Embodied Numeracy and Knowledge Visualization in the Middle Ages,University of Chicago
2446822,2025-02-20,29877,Standard Grant,Doctoral Dissertation Research in DRMS: Harnessing a Measure of Strategic Anticipation to Promote Theoretical and Applied Advances Across Social Science Disciplines,Carnegie Mellon University
2447013,2025-02-20,29999,Standard Grant,Doctoral Dissertation Research: The development of negotiation skills: children as efficient decision-makers,University of Chicago
2447074,2025-02-20,16369,Standard Grant,Doctoral Dissertation Research: Defensive Resource Allocation Versus a Realistic Attacker in a Multi-Layer Security Game,SUNY at Buffalo
2447173,2025-02-20,12599,Standard Grant,Doctoral Dissertation Research: Task Performance and Causal Claims: Leveraging Network Analysis and Large Language Models to Extract Information from Organizational Hazard Texts,University of California-Irvine
2446993,2025-02-21,272999,Standard Grant,Collaborative Research: Understanding the Incidence of Market Distortions,Duke University
2446994,2025-02-21,196083,Standard Grant,Collaborative Research: Understanding the Incidence of Market Distortions,Massachusetts Institute of Technology
2449659,2025-02-21,265102,Standard Grant,Collaborative Research: Building Empirically Informed Models of Scientific Search and Progress,Carnegie Mellon University
2449660,2025-02-21,134432,Standard Grant,Collaborative Research: Building Empirically Informed Models of Scientific Search and Progress,University of Minnesota-Twin Cities
2512887,2025-02-21,400000,Continuing Grant,CAREER: Transnational Lives in the U.S.,William Marsh Rice University
2441272,2025-02-26,509882,Continuing Grant,"CAREER: Agricultural Markets, Firms, and Development",Yale University
2448511,2025-02-26,323520,Standard Grant,"Post-Disaster Home, Place-making, and Incorporation",University of South Florida
2448654,2025-02-26,500000,Standard Grant,"Resources, Demands, and Self-regulation in Post-Institutional Transition",Cornell University
2449568,2025-02-26,297513,Standard Grant,"Collaborative Research: Belief Systems Governing Climate Adaptation Behaviors: Inference, Analysis, and Intervention",George Mason University
2449569,2025-02-26,148477,Standard Grant,"Collaborative Research: Belief Systems Governing Climate Adaptation Behaviors: Inference, Analysis, and Intervention",Pennsylvania State Univ University Park
2516789,2025-02-26,92523,Standard Grant,RAPID: Trust Recovery and Leadership Preferences During Democratic Crises,Washington University
2441937,2025-03-03,400000,Continuing Grant,CAREER: Understanding Geoecoconomic Factors for Achieving Geopolitical and Economic Objectives,National Bureau of Economic Research Inc
2444509,2025-03-03,24663,Standard Grant,"Doctoral Dissertation Research: Dimensions of Trust and Risk, and Their Effects on Civic Participation",Colorado State University
2446790,2025-03-04,212975,Standard Grant,Collaborative Research: Understanding the Drivers of Exchange Rates through International Asset Prices and Capital Flows,University of Chicago
2446791,2025-03-04,224000,Standard Grant,Collaborative Research: Understanding the Drivers of Exchange Rates through International Asset Prices and Capital Flows,Princeton University
2448652,2025-03-04,400000,Standard Grant,Next-Generation Kernel Methods for Social Networks,University of California-Irvine
2448879,2025-03-10,400000,Standard Grant,Last Mile Delivery,Cornell University
2441570,2025-03-13,585775,Standard Grant,Improving Communication Between Crime Laboratories and Legal Decision Makers,Arizona State University
2444710,2025-03-13,449452,Continuing Grant,The Virtual Interrogation Subjective Experience (VISE) Project: Using Virtual Reality to Measure Perceptions of Police Interviews,Virginia Commonwealth University
2447111,2025-03-13,486038,Standard Grant,Using Centralized Assignment to Boost Enrollment and Manage School Closures,Massachusetts Institute of Technology
2452664,2025-03-17,625000,Continuing Grant,Examining Compliance With Court-Ordered Diversionary Programs,Cornell University
2445029,2025-03-18,24999,Standard Grant,Doctoral Dissertation Research:Language and Language Learning with Virtual Reality Technologies,University of California-Irvine
2448380,2025-03-18,375000,Standard Grant,Amortized Bayesian Inference for Computational Models of Cognition and Behavior,Rensselaer Polytechnic Institute
2434536,2025-03-21,379804,Standard Grant,A Multidimensional Network Approach to Financial Organization of Life Outcomes,University of Kentucky Research Foundation
2443061,2025-03-21,567491,Continuing Grant,CAREER: Future of Generative Artificial Intelligence for Current and Future Workers,Syracuse University
2444681,2025-03-21,25000,Standard Grant,Doctoral Dissertation Research: Algorithms and Accounting in AI and machine learning,Regents of the University of Michigan - Ann Arbor
2441650,2025-03-24,672270,Continuing Grant,CAREER: Individual differences and cognitive processes underlying belief revision,Arizona State University
2444476,2025-03-24,24502,Standard Grant,Professional Practice and Artificial Intelligence in Child Welfare Governance,University of Chicago
2446246,2025-03-24,29952,Standard Grant,Doctoral Dissertation Research: Effects of Regulatory Scope on Persistent Behavior Change,"OHIO STATE UNIVERSITY, THE"
2448704,2025-03-24,375000,Standard Grant,Likelihood-based Inference for Exponential Family Graphical Models,Purdue University
2449718,2025-03-24,400000,Standard Grant,New Methods for Measuring Expert Influence,William Marsh Rice University
2450948,2025-03-24,400000,Standard Grant,NSF-BSF: War-induced Migration and the Professional and Civic Practice of Physicians,University of Wisconsin-Madison
2441728,2025-03-25,414001,Continuing Grant,CAREER: Individualized and Organizational Solutions to the Globalized Risk of Mental Illness,Davidson College
2444999,2025-03-25,19977,Standard Grant,DDRIG: Interplay between Embodiment and Technoscience,Cornell University
2445025,2025-03-26,24929,Standard Grant,"DDRIG: Biodiversity, Adaptability, and Breeding Resilient Food Systems",CUNY Graduate School University Center
2446613,2025-03-26,272999,Standard Grant,Collaborative Research: The Value of Complex Alternatives,Princeton University
2446614,2025-03-26,175925,Standard Grant,Collaborative Research: The Value of Complex Alternatives,Brown University
2447083,2025-03-26,407018,Continuing Grant,Collaborative Research: Effects of government-insured mortgages,University of Pittsburgh
2447084,2025-03-26,39360,Standard Grant,Collaborative Research: Effects of government-insured mortgages,Cornell University
2447085,2025-03-26,153620,Continuing Grant,Collaborative Research: Effects of government-insured mortgages,New York University
2447006,2025-03-27,29323,Standard Grant,Doctoral Dissertation Research: Decision-Making in Civil Society Organizations: A Systematic Social Observation Approach,Indiana University
2447088,2025-03-31,140482,Standard Grant,Collaborative Research: Aggregating Evidence for the Analysis of Experiments,Harvard University
2447089,2025-03-31,174874,Standard Grant,Collaborative Research: Aggregating Evidence for the Analysis of Experiments,Stanford University
2343615,2025-04-04,562988,Continuing Grant,The End of the World: Public Views on Global Catastrophic Risks and Human Extinction,Oregon Research Institute
2525905,2025-04-04,219319,Continuing Grant,Collaborative Research: Building a Framework for the Causes of and Solutions to the Pluralistic Ignorance Gap on Climate Change,Stanford University
2446318,2025-04-08,650975,Standard Grant,The Ralph Bunche Summer Institute,Duke University
2442402,2025-04-09,400000,Continuing Grant,CAREER: Statistical Solutions for Survey Measurement Errors,William Marsh Rice University
2444921,2025-04-09,496927,Standard Grant,"HNDS-R: A Longitudinal, Physician-Level Dataset from Medical Directories",Tufts University
2446384,2025-04-09,241585,Continuing Grant,Collaborative Research: Subnational Nonstate Actor Governance,University of Connecticut
2446385,2025-04-09,128641,Continuing Grant,Collaborative Research: Subnational Nonstate Actor Governance,Vanderbilt University
2446386,2025-04-09,195771,Continuing Grant,Collaborative Research: Subnational Nonstate Actor Governance,Michigan State University
2446387,2025-04-09,90504,Continuing Grant,Collaborative Research: Subnational Nonstate Actor Governance,University of North Carolina at Charlotte
2446921,2025-04-09,353568,Standard Grant,The Geography of Demographic Composition in the United States,National Bureau of Economic Research Inc
2531174,2025-04-11,404655,Continuing Grant,"CAREER:Strategic behavior, beliefs, and interventions in networks",Northwestern University at Chicago
2507801,2025-04-15,497769,Continuing Grant,"SBP: CAREER: Organizational diversity management through supportive, skills-focused allyship training",University of Texas at Arlington
2441204,2025-04-24,430587,Continuing Grant,CAREER: Costs of Eviction and Homelessness,University of Nebraska-Lincoln
2447105,2025-04-24,29987,Standard Grant,DDRIG in DRMS: Effects of Social Support on Persuasive Messaging for Preventive Medical Practices,Cornell University
2446988,2025-04-29,367914,Standard Grant,Collaborative Research: The Economics of Wait Times in Health Care Delivery,New York University
2446989,2025-04-29,180473,Standard Grant,Collaborative Research: The Economics of Wait Times in Health Care Delivery,Yale University
2435954,2025-04-30,98000,Standard Grant,Conference: Workshop on the role of humanities in addressing ecological challenges,American Council of Learned Societies
2523723,2025-05-21,696802,Continuing Grant,"CAREER: An accessible, dynamic model of pricing applied to wage and housing purchases","OHIO STATE UNIVERSITY, THE"
2444306,2025-05-22,303440,Standard Grant,Collaboration Research: Implications of International Agreements for Laws and Practices in Nation-States,American University
2444307,2025-05-22,254295,Standard Grant,Collaboration Research: Implications of International Agreements for Laws and Practices in Nation-States,Loyola University of Chicago
2446784,2025-05-22,284938,Continuing Grant,Collaborative Research: The Temporal Dynamics of Household Flood Adjustment Behaviors,University of North Texas
2446785,2025-05-22,89924,Continuing Grant,Collaborative Research: The Temporal Dynamics of Household Flood Adjustment Behaviors,Skidmore College
2446786,2025-05-22,234239,Continuing Grant,Collaborative Research: The Temporal Dynamics of Household Flood Adjustment Behaviors,SUNY at Albany
2447007,2025-05-22,416000,Standard Grant,Complementarity and Market Power in Electricity Supply Chains,"University of Maryland, College Park"
2514789,2025-05-22,49000,Standard Grant,Conference: Predoctoral Summer Institute,Georgetown University
2444514,2025-06-03,24960,Standard Grant,Public Engagement with Science and Technology at Megaevents,Arizona State University
2444909,2025-06-03,24986,Standard Grant,Doctoral Dissertation Research: Famine Science,Columbia University
2534549,2025-06-03,360000,Standard Grant,"General Cognitive Diagnosis Models: Development, Estimation, and Applications",University of Minnesota-Twin Cities
2443178,2025-06-10,500000,Continuing Grant,CAREER: Understanding the Relationship between the Social and Built Environment of Cities,William Marsh Rice University
2513364,2025-06-10,1753908,Standard Grant,Research Infrastructure: Leveraging the Research Data Ecosystem for ICPSR's Comprehensive Data Archive,Regents of the University of Michigan - Ann Arbor
2519827,2025-06-10,30000,Standard Grant,Doctoral Dissertation Research: Drivers of Residential Decisions After Disasters,SUNY at Albany
2432708,2025-06-11,267999,Standard Grant,Collaborative Research: SaTC: EDU: A Scalable Platform for Remote Hardware Security Education,University of South Florida
2432709,2025-06-11,16000,Standard Grant,Collaborative Research: SaTC: EDU: A Scalable Platform for Remote Hardware Security Education,University of Kansas Center for Research Inc
2432710,2025-06-11,16000,Standard Grant,Collaborative Research: SaTC: EDU: A Scalable Platform for Remote Hardware Security Education,Texas Woman's University
2516369,2025-06-13,425000,Standard Grant,"Integrating Spiritual, Moral and Ethical Considerations into Science Communication for Improved Decision Making and Public Action on Climate Science",Indiana University
2520016,2025-06-30,29283,Standard Grant,Doctoral Dissertation Research in DRMS: Reconceptualizing Algorithmic Decision Making Through a Lens of (In)Visibility in Gig Work Contexts,University of Texas at Austin
2520321,2025-06-30,300000,Standard Grant,SaTC 2.0: EDU: Experiential Learning of Dark Patterns for Cybersecurity and Privacy,The University of Central Florida Board of Trustees
2527256,2025-07-14,700000,Standard Grant,SCC-CIVIC-FA Track A: Dynamic Modeling of River Ecosystem Stability,University of Arkansas
2537350,2025-07-14,299549,Standard Grant,EAGER: Hybrid human-AI technologies for forecasting trends.,Pennsylvania State Univ University Park
2444873,2025-07-22,99940,Standard Grant,Shaping of Generalized AL/ML Systems,Georgia Tech Research Corporation
2444900,2025-07-22,214334,Standard Grant,Responsible Robot Assisted Therapy Research,Purdue University
2519400,2025-07-22,252798,Standard Grant,"Collaborative Research: The Economics of Algorithms, Computing Capacity, and Data",Yale University
2519401,2025-07-22,226000,Standard Grant,"Collaborative Research: The Economics of Algorithms, Computing Capacity, and Data",Massachusetts Institute of Technology
2519938,2025-07-22,460999,Standard Grant,Comparing Decision Makers: Theory and Implications for AI,Massachusetts Institute of Technology
2520021,2025-07-22,302586,Standard Grant,The Long Run Consequences of Neighborhood Revitalization Efforts,Yale University
2520116,2025-07-22,188999,Standard Grant,Economic Growth and the Use of Material Resources,Columbia University
2521471,2025-07-22,307273,Standard Grant,Best Practices for Using Data Generated by AI or Machine Learning,Yale University
2522159,2025-07-28,250700,Standard Grant,Scholars: Scientific Outcomes from AI Tools and Models,Columbia University
2522259,2025-07-28,245753,Standard Grant,"Scholars: Biotechnology, Screening and Translational Medicine",University of California-San Diego
2522411,2025-07-28,180678,Standard Grant,Collaborative Research: A Process-Driven Approach to Artificial Intelligence Chatbot Interviews,William Marsh Rice University
2522412,2025-07-28,219152,Standard Grant,Collaborative Research: A Process-Driven Approach to Artificial Intelligence Chatbot Interviews,University of Florida
2523882,2025-07-28,280000,Standard Grant,How the Dynamics between Inventors and Patent Examiners Determines Innovation,Stanford University
2536378,2025-07-28,514277,Standard Grant,Empirical Foundations of Deterrence,Emory University
2519966,2025-07-31,557504,Standard Grant,The Measurement and Production of Quality in Long-Term Care Facilities in the US,National Bureau of Economic Research Inc
2534680,2025-08-04,50000,Standard Grant,Conference: Science-informed decision making,NATIONAL SCIENCE POLICY NETWORK
2521548,2025-08-08,99261,Standard Grant,Conference: Workshop on Establishing Standards and Metrics for Probability Survey Panels,National Opinion Research Center
2517640,2025-08-14,264480,Standard Grant,Collaborative Research: Macroeconomic Modeling with Learning Through Reasoning and Experiences,Duke University
2517641,2025-08-14,191520,Standard Grant,Collaborative Research: Macroeconomic Modeling with Learning Through Reasoning and Experiences,Boston College
2523513,2025-08-14,189936,Standard Grant,AI acceptance in rural coastal communities,Louisiana Tech University
2445809,2025-08-21,7998747,Standard Grant,"GSS: The General Social Survey, Data Platform, Methodological Innovation, and Dissemination Enhancement",National Opinion Research Center
2523695,2025-08-21,150000,Standard Grant,Collaborative Research: Evaluating Interdisciplinary Networks in Research Institutes,University of Virginia Main Campus
2523696,2025-08-21,199845,Standard Grant,Collaborative Research: Collaboration Front and Center: Evaluating Interdisciplinary Networks in Research Institutes,Northeastern University
2445924,2025-08-22,500000,Standard Grant,Advancing the Use of LLMs in Civic Contexts,Regents of the University of Michigan - Ann Arbor
2522170,2025-08-22,267443,Standard Grant,Designing Conversational AI Systems,University of Houston
2523999,2025-08-22,100000,Standard Grant,Collaborative Research: How AI Labor Research Influences Stakeholder Beliefs and Regulatory Preferences,Virginia Commonwealth University
2524000,2025-08-22,110000,Standard Grant,Collaborative Research: How AI Labor Research Influences Stakeholder Beliefs and Regulatory Preferences,Purdue University
2529209,2025-08-22,225431,Standard Grant,"Collaborative Research: The State of the State: Archival, Unstructured Data and Machine Learning",Washington University
2529210,2025-08-22,270137,Standard Grant,"Collaborative Research: The State of the State: Archival, Unstructured Data and Machine Learning",Emory University
2534495,2025-08-22,5179047,Standard Grant,"ANES: Data Products, Instrumentation, and Methodological Innovations",Regents of the University of Michigan - Ann Arbor
2539481,2025-08-22,199838,Standard Grant,"RAPID: Infrastructure, Communication, and Decision-Making During Rapid-Onset Flooding",University of Texas at Austin
2520364,2025-08-25,101598,Standard Grant,Collaborative Research: Sharp Identification and Specification Testing in Potential Outcome Models: A Computational Approach,University of Chicago
2520365,2025-08-25,217250,Standard Grant,Collaborative Research: Sharp Identification and Specification Testing in Potential Outcome Models: A Computational Approach,Trustees of Boston University
2521875,2025-08-25,284980,Standard Grant,Standards and Multi-scripts of Digital Environments,University of California-Berkeley
2526151,2025-08-25,521000,Standard Grant,Network Connectedness and Entrepreneurship,Columbia University
2529010,2025-08-25,372000,Standard Grant,MCA:Improving U.S. Life Expectancy,"OHIO STATE UNIVERSITY, THE"
2532799,2025-08-25,749859,Standard Grant,"SAI: Human-Cognizant Bridge Maintenance Decision Making through Models of Trust, Adaptation, and Participation",University of Illinois at Urbana-Champaign
2532870,2025-08-25,749990,Standard Grant,SAI: Understanding and managing the societal impacts of infrastructure system service interruptions,University of Delaware
2517556,2025-08-26,500000,Standard Grant,"IUCRC Phase I University of Georgia: Center for Innovation in Risk, Catastrophes, and Decisions (CIRCAD)",University of Georgia
2520486,2025-08-26,325000,Standard Grant,Graph-based complex data analysis,University of Washington
2521573,2025-08-26,199944,Standard Grant,Explainable Spatial Machine Learning Methods for Complex Socioeconomic Data,Texas A&M University
2546547,2025-08-26,288747,Standard Grant,Collaborative Research: Legitimacy and Efficacy of Transitional Justice Institutions in Comparative Perspective,University of Washington
2449648,2025-08-27,324152,Standard Grant,Collaborative Research: Innovating Decision Aids for Sheltering for Natural Hazard Risks,George Mason University
2449649,2025-08-27,191614,Standard Grant,Collaborative Research: Innovating Decision Aids for Sheltering for Natural Hazard Risks,Mississippi State University
2521467,2025-08-27,215549,Standard Grant,"AI Systems in Management, Public Safety, and Research",University of North Carolina at Chapel Hill
2521631,2025-08-27,299994,Standard Grant,A Statistics-Based Geographic Bias Quantification and Debiasing Framework for GeoAI and Foundation Models,University of Texas at Austin
2517578,2025-08-29,1000000,Standard Grant,"IUCRC Phase I Duke University: Center for Innovation in Risk, Catastrophes, and Decisions (CIRCAD)",Duke University
2521777,2025-08-29,305912,Standard Grant,Collaborative Research: Framework for Better Visual Communication Practices,University of Nebraska-Lincoln
2524670,2025-09-02,407000,Standard Grant,NSF-SNSF: Understanding Human Well-Being through Residential Location,Villanova University
2547328,2025-09-04,186497,Continuing Grant,Collaborative Research: The Supply-Side of the United States Supreme Court Docket,University of Tulsa
2446645,2025-09-08,200934,Standard Grant,Collaborative Research: Georelational Dynamics in Collective Action,Carnegie Mellon University
2446646,2025-09-08,150914,Standard Grant,Collaborative Research: Georelational Dynamics in Collective Action,University of South Carolina at Columbia
2446647,2025-09-08,162395,Standard Grant,Collaborative Research: Georelational Dynamics in Collective Action,Pennsylvania State Univ University Park
2554173,2026-01-16,231858,Standard Grant,Approaches toward External Validity of Randomized Controlled Trials in the Social Sciences,Massachusetts Institute of Technology
2611363,2026-01-16,483086,Standard Grant,Creating the Federal Judicial Database and Research Agenda,Washington University
2611191,2026-01-26,129651,Standard Grant,"Cliometrics Conferences 2021, 2023 and World Congress for 2022",Williams College
2613345,2026-02-02,379679,Standard Grant,Falling Under the Lens of Suspicion: Identifying Behavioral Factors that Generate Suspicion,Cornell University
2614053,2026-02-25,495033,Standard Grant,Collaborative Research: FW-HTF-RL: Trapeze: Responsible AI-assisted Talent Acquisition for HR Specialists,University of California-Irvine
2618788,2026-03-12,212975,Standard Grant,Collaborative Research: Understanding the Drivers of Exchange Rates through International Asset Prices and Capital Flows,University of California-Berkeley
2619167,2026-03-12,364766,Standard Grant,Mass-Behavioral Economics,University of California-Berkeley
2610910,2026-03-31,450000,Standard Grant,Simulation-Based Inference for Differential Privacy,University of Pittsburgh
2625122,2026-04-30,309960,Standard Grant,Exact Subvector Inference,William Marsh Rice University
2625929,2026-05-08,406015,Continuing Grant,CAREER: Inference on Macroeconomic Heterogeneity,University of Chicago
2620351,2026-05-11,315662,Standard Grant,Disaggregated Earnings Trajectories in the U.S. Labor Market:  New Evidence from Linked Longitudinal Data,Columbia University
2548818,2026-06-17,520547,Standard Grant,Complexity and Dynamic Learning under Uncertainty: Experimental Studies,University of Alabama Tuscaloosa
2547658,2026-06-18,729617,Standard Grant,Modeling the quantum and classical dynamics of decision making using open system theory,Indiana University
2619028,2026-06-18,398275,Continuing Grant,"Collaborative Research: Cognitive, social, and institutional dynamics of decision-making in complex hazard-prone environments",University of Wyoming
2629713,2026-06-30,106969,Standard Grant,Collaborative Research: Legitimacy and Efficacy of Transitional Justice Institutions in Comparative Perspective,Harvard University
2547336,2026-07-07,507644,Standard Grant,The Paradox of Proportional Thinking,Rutgers University New Brunswick
2612963,2026-07-14,827113,Standard Grant,The Dynamics of Open-Ended Decisions,University of California-Los Angeles
2619578,2026-07-21,500000,Standard Grant,Spatial Homogeneity Learning Models with Applications to Socioeconomic Problems,Michigan State University
2629679,2026-07-27,90504,Continuing Grant,Collaborative Research: Subnational Nonstate Actor Governance,University of Pittsburgh
2549818,2026-08-06,365562,Standard Grant,Embeddable measurement models for cognitive psychometrics,University of California-Irvine
