id,date,estimatedTotalAmt,transType,title,awardeeName
1461529,2014-11-05,25735,Standard Grant,"RAPID: Monitoring the glacial-outburst flood (jökulhlaup) resulting from the eruption of Barðarbunga Volcano, Iceland",Georgetown University
1461608,2014-11-18,126434,Standard Grant,Collaborative Research: Hybrid Modeling of Reactive Transport in Porous and Fractured Media,San Diego State University Foundation
1502472,2014-11-18,44735,Standard Grant,Collaborative Research: Carbonation of Serpentinite in the San Andreas Fault: How Fluid-rock Interactions Impact Aseismic Creep,University of Pennsylvania
1511337,2014-11-18,3394,Standard Grant,"Collaborative Research: A multi-proxy approach to Early Miocene community, landscape, and climate reconstruction, Ethiopian Plateau",University of Wyoming
1461548,2014-11-20,16258,Standard Grant,"Collaborative Research: Low-cost imaging and analysis of the August 24, 2014 M6.0 South Napa California earthquake surface rupture (RAPID)",Arizona State University
1461574,2014-11-20,16235,Standard Grant,"Collaborative Research: Low-cost imaging and analysis of the August 24, 2014 M6.1 South Napa California earthquake surface rupture (RAPID)",Colorado School of Mines
1461595,2014-11-20,32507,Standard Grant,"Collaborative Research: Low-cost imaging and analysis of the August 24, 2014 M6.0 South Napa California earthquake surface rupture (RAPID)",University of California-Davis
1464546,2014-11-20,49981,Standard Grant,Bardarbunga Eruption Response: Monitoring of post-rifting deformation and activity at Askja Volcano with continuous GPS,New Mexico Institute of Mining and Technology
1504430,2014-11-20,151182,Standard Grant,"RAPID, GOALI: Evaluating Groundwater Quality Impacts of Shale Gas Extraction within the Marcellus Shale Play",Yale University
1358520,2014-12-05,359396,Continuing Grant,Study of the Spatial and Temporal Distribution of Atmospheric Gravity Waves Using Pressure Data From the Dense USArray Transportable Array,University of California-San Diego Scripps Inst of Oceanography
1423058,2014-12-10,233934,Continuing Grant,Can habitat and elevation explain mid-Miocene Neotropical mammal provinciality?,Case Western Reserve University
1518816,2014-12-10,128984,Continuing Grant,Building the Deccan Traps:  What Can We Learn from Lava Flow Morphology in Large Igneous Provinces?,Drexel University
1501520,2014-12-15,25434,Standard Grant,Using Californias Drought To Analyze Fractured Groundwater Inputs To High Elevation Meadows,SUNY at Buffalo
1505710,2014-12-15,16506,Standard Grant,"RAPID Investigation of Active Fissure Eruptions, Holuhraun, Iceland",Syracuse University
1440506,2014-12-16,969409,Continuing Grant,Collaborative Research: Facility Support: Center for Transformative Environmental Monitoring Programs (CTEMPs),Oregon State University
1440596,2014-12-16,719149,Continuing Grant,Collaborative Research: Facility Support: Center for Transformative Environmental Monitoring Programs (CTEMPs),"Board of Regents, NSHE, obo University of Nevada, Reno"
1505309,2014-12-17,599383,Standard Grant,"WSC-Category 1: Decision Processes, Climate Change, and Water Resources in the Agricultural Midwest",Indiana University
1450143,2014-12-18,48176,Standard Grant,Workshop: Sino-US Collaborative Research on the Rise of Modern Biological Diversity In the Phanerozoic,Field Museum of Natural History
1451288,2014-12-18,40445,Standard Grant,Laboratory Experiments in Geomorphology: The 46th Annual Binghamton Geomorphology Symposium,SUNY at Buffalo
1352996,2014-12-19,1049881,Continuing Grant,Facility Support: The Arizona State University SIMS Laboratories,Arizona State University
1446969,2014-12-22,330147,Continuing Grant,Geophysics of Iron in the Earth's Core,Stanford University
1452344,2014-12-22,343479,Continuing Grant,Hydration State of the Transition Zone and Lowermost Mantle,Northwestern University
1506653,2014-12-22,309201,Continuing Grant,SusChEM:   Controls on struvite neogenesis and reactivity in engineered and geochemical systems,Rutgers University Newark
1446946,2014-12-30,372273,Continuing Grant,Elasticity and Spin Transitions of Iron in the Earth's Lower Mantle,University of Texas at Austin
1446998,2014-12-30,270001,Continuing Grant,High Temperature Magnetic Imaging of Titanomagnetites,University of Minnesota-Twin Cities
1447104,2014-12-30,309995,Continuing Grant,Recoupling the Megathrust: Evaluation of the Transition from Postseismic to Interseismic Behavior in Nicoya Costa Rica,Georgia Tech Research Corporation
1447105,2014-12-30,101813,Standard Grant,Remote Triggering Inside Versus Outside Geothermal Fields,University of Miami
1449282,2014-12-30,95636,Standard Grant,"Monitoring Changes in Seismic Velocity Related to Magmatism at Augustine and Veniaminof Volcanoes, Alaska",University of Wisconsin-Madison
1464714,2014-12-30,293393,Continuing Grant,Collaborative Research: Converging on a Physical Basis for Rate and State Friction through Nano-to-Macro-Scale Friction and Adhesion Experiments on Geological Materials,University of Pennsylvania
1518084,2014-12-30,146743,Standard Grant,CSEDI: Coupled Electromagnetic and Geodynamic Study of Thermochemical Piles,University of New Mexico
1348045,2014-12-31,149596,Standard Grant,Fibrous Diamonds Through Time - Insight to Mantle Fluid and Mantle Metasomatism,Columbia University
1449275,2015-01-02,38006,Standard Grant,Numerical Modeling of Earthquake Motions: Waves and Ruptures,University of California-Santa Barbara
1464526,2015-01-02,9720,Standard Grant,WORKSHOP SUPPORT - Optimizing the next generation of AMS for measuring 10-Be and 26-Al,University of Vermont & State Agricultural College
1464308,2015-01-05,49993,Standard Grant,EAGER; Exploratory Research for a Mass Flow Apparatus Facility,SUNY at Buffalo
1463709,2015-01-08,147053,Standard Grant,EAGER: Cosmogenic Nuclide Measurement of Surface Uplift Rate and Paleoelevation,Syracuse University
1439559,2015-01-09,355536,Continuing Grant,Early Career: Technical support for a uranium-series isotope geochemistry laboratory focused on Earth?s climate and surface processes,Massachusetts Institute of Technology
1451345,2015-01-09,532439,Continuing Grant,CAREER: Experimental Investigation For the Characterization of the Geophysical Response of Rock-Fluid Interactions,Stanford University
1463997,2015-01-13,18281,Standard Grant,"RAPID: Hydrological responses to the August, 2014, Napa earthquake",University of California-Berkeley
1519035,2015-01-13,31500,Standard Grant,RAPID: Capturing the physics of mountain uplift near the South Alpine Fault New Zealand,University of Colorado at Boulder
1523027,2015-01-13,131059,Standard Grant,Comparison of the Melt Distribution in Natural Analogues to Experimentally Produced Microstructures,Massachusetts Institute of Technology
1451216,2015-01-15,219998,Continuing Grant,GOALI: Seismic interferometry and reflection imaging of the deep crust,University of Colorado at Boulder
1455240,2015-01-15,452540,Continuing Grant,CAREER: Ancient river and floodplain dynamics: a research and education plan for improving paleoenvironmental reconstructions and stratigraphic prediction,Pennsylvania State Univ University Park
1455258,2015-01-15,524435,Continuing Grant,CAREER: Nitrogen Biogeochemistry during Oceanic Anoxic Events,Syracuse University
1454821,2015-01-16,518711,Continuing Grant,CAREER: The Effect of Bubbles on Magma Dynamics,Georgia Tech Research Corporation
1349558,2015-01-20,79257,Continuing Grant,"Collaborative Research: Unlocking secrets of Earth?s largest  sand sea:  Paleoenvironmental records of the Lower Jurassic Navajo Sandstone,  Colorado Plateau, USA",University of Kansas Center for Research Inc
1349560,2015-01-20,86675,Continuing Grant,"Collaborative Research: Unlocking secrets of Earth's largest sand sea: Paleoenvironmental records of the Lower Jurassic Navajo Sandstone, Colorado Plateau, USA",Regents of the University of Idaho
1349564,2015-01-20,99021,Continuing Grant,"Collaborative Research: Unlocking secrets of Earth's largest sand sea: Paleoenvironmental records of the Lower Jurassic Navajo Sandstone, Colorado Plateau, USA.",University of Utah
1426820,2015-01-20,220615,Continuing Grant,Mantle Signals in Arcs: Transport Models From Geochemistry and Seismicity,Columbia University
1447006,2015-01-20,199889,Continuing Grant,"Investigation of Fluid-Seismic Processes Associated with the Bayou Corne, LA Sinkhole",University of California-Berkeley
1447100,2015-01-20,190000,Standard Grant,Investigating the Partitioning of Vertical Strength within the India-Eurasia Lithosphere using Surface Observations: A Numerical Modeling Approach,Purdue University
1424899,2015-01-22,120000,Standard Grant,Collaborative Research: Highly reactive thiol binding sites on bacterial cell envelopes and their influence on metal speciation in aquatic systems,Princeton University
1424950,2015-01-22,109215,Standard Grant,Collaborative Research: Highly reactive thiol binding sites on bacterial cell  envelopes and their influence on metal speciation in aquatic systems,University of Notre Dame
1424968,2015-01-22,70785,Standard Grant,Collaborative Research: Highly reactive thiol binding sites on bacterial cell envelopes and their influence on metal speciation in aquatic systems,Illinois Institute of Technology
1427310,2015-01-23,250001,Continuing Grant,Investigating Mantle Recycling and the Origin of the HIMU Component with Stable Thallium Isotopes,Woods Hole Oceanographic Institution
1446414,2015-01-23,123481,Standard Grant,Collaborative Research: Detecting Seismic Anisotropy in the Upper Mantle and Upper Mantle Transition Zone,University of California-San Diego Scripps Inst of Oceanography
1446978,2015-01-23,183515,Continuing Grant,Collaborative Research: Detecting Seismic Anisotropy in the Upper Mantle and Upper Mantle Transition Zone,University of California-Los Angeles
1447005,2015-01-23,170000,Continuing Grant,Response of tremor and slow slip to tidal stress: Constraints on fault friction and weakening,University of Washington
1447041,2015-01-23,160435,Standard Grant,Collaborative Research: Detecting Seismic Anisotropy in the Upper Mantle and Upper Mantle Transition Zone,"University of Maryland, College Park"
1447094,2015-01-23,200000,Continuing Grant,"Unearthing Aftershocks: Physical Simulations, Statistical Models, and New Observations",Columbia University
1450181,2015-01-23,296833,Standard Grant,Hypsometric History of the North American Continental Interior and Implications for Mantle Dynamics,University of Colorado at Boulder
1451489,2015-01-23,125724,Continuing Grant,Collaborative Research: Quantifying post-fire aeolian sediment transport and nutrient redistribution using rare earth element tracers,University of Tulsa
1451518,2015-01-23,234243,Continuing Grant,Collaborative Research: Quantifying post-fire aeolian sediment transport and nutrient redistribution using rare earth element tracers,Temple University
1449946,2015-01-28,234949,Standard Grant,Cosmogenic surface exposure dating of southern Laurentide ice retreat and eastward Lake Agassiz routing: relationship to the Younger Dryas cold event,Oregon State University
1450507,2015-01-28,147430,Standard Grant,Field Testing Raman Microspectroscopic Therobarometers in Garnet,Boise State University
1450807,2015-01-28,76941,Standard Grant,"Collaborative Research: Characterizing the Regional Fluid Flow System of the Wyoming Salient, Sevier Fold-Thrust Belt: Implications for Orogenic Wedge Deformation and Propagation",Central Connecticut State University
1450840,2015-01-28,80798,Standard Grant,"Collaborative Research: Characterizing the Regional Fluid Flow System of the Wyoming Salient, Sevier Fold-Thrust Belt: Implications for Orogenic Wedge Deformation and Propagation",Weber State University
1450899,2015-01-28,244901,Continuing Grant,Collaborative Research: Investigating Mesozoic Deformation in the Pamir: Implications for Crustal Thickening in the Pamir and the Evolution of the Tibetan Orogen,University of Houston
1450907,2015-01-28,215223,Standard Grant,"Collaborative Research: Characterizing the Regional Fluid Flow System of the Wyoming Salient, Sevier Fold-Thrust Belt: Implications for Orogenic Wedge Deformation and Propagation",University of Rochester
1450917,2015-01-28,332241,Continuing Grant,Collaborative Research: Investigating Mesozoic Deformation in the Pamir: Implications for Crustal Thickening in the Pamir and the Evolution of the Tibetan Orogen,University of Arizona
1452119,2015-01-28,284118,Standard Grant,Footprint formation and interpreting fossil dinosaur tracks,Brown University
1454829,2015-01-28,527248,Continuing Grant,"CAREER: Seismic Anisotropy, Symmetry and Structure - Translating Laboratory Measurements into Seismic Interpretations",Wayne State University
1452007,2015-01-29,193050,Standard Grant,Redefining Surface Area: Understanding Reactive Interfaces in Heterogeneous Porous Media,Pennsylvania State Univ University Park
1452339,2015-01-29,87000,Fellowship Award,An Experimental Study on the Role of Pore Fluid Pressure During Slow Slip in Subduction Zones,French                  Melodie        E
1453263,2015-01-30,500000,Continuing Grant,CAREER: Environmental Seismology and Geomechanics,California Institute of Technology
1523350,2015-01-30,150081,Standard Grant,CSEDI Collaborative Research:    Application of Siderophile Elements to Early Earth Processes and Mantle Mixing,Arizona State University
1522791,2015-02-02,50000,Standard Grant,Workshop: US-China Collaborative Research on Microbial Extracellular Electron Transfer,Washington State University
1447404,2015-02-03,297164,Continuing Grant,Light Element Investigations of Natural and Experimental Zircon,University of Rochester
1454031,2015-02-06,450519,Continuing Grant,"CAREER:   Plants, insects, and the Early Paleogene hothouse: Using the past to assess the future, while challenging the face of science",University of Wyoming
1535732,2015-02-09,59591,Standard Grant,"Collaborative Research: Paleogeographic Record of Contractional to Extensional Tectonics in the Cordilleran Hinterland, Nevada",Northern Arizona University
1450687,2015-02-10,113083,Standard Grant,"Collaborative Research: Geological Constraints on ~25 Million Years of Magmatism Along an Arc-transform Junction, Wrangell Volcanic Belt, Alaska",Bucknell University
1450689,2015-02-10,173117,Standard Grant,"Collaborative Research: Geological Constraints on ~25 Million Years of Magmatism Along an Arc-transform Junction, Wrangell Volcanic Belt, Alaska",Kansas State University
1450730,2015-02-10,152135,Standard Grant,"Collaborative Research: Geological Constraints on ~25 Million Years of Magmatism Along an Arc-transform Junction, Wrangell Volcanic Belt, Alaska",University of Alaska Fairbanks Campus
1450974,2015-02-10,150918,Standard Grant,Collaborative Research: RUI: Provenance and Paleomagnetic Analysis of the Ochoco Basin: A Window into Late Cretaceous Paleogeography,Trinity University
1451035,2015-02-10,97518,Standard Grant,Collaborative Research: RUI: Provenance and Paleomagnetic Analysis of the Ochoco Basin: A Window into Late Cretaceous Paleogeography,Western Washington University
1523781,2015-02-10,58500,Standard Grant,"Catchment Science: Interactions of Hydrology, Biology and Geochemistry",Gordon Research Conferences
1446283,2015-02-11,308522,Continuing Grant,"P2C2: Collaborative Research: Quantitative Reconstruction of Past Drought Patterns in Western North America Using Lakes, Stable Isotopes, and Modeling",University of Pittsburgh
1446329,2015-02-11,145002,Continuing Grant,"P2C2: Collaborative Research: Quantitative Reconstruction of Past Drought Patterns in Western North America Using Lakes, Stable Isotopes, and Modeling",Pennsylvania State Univ University Park
1447048,2015-02-11,262125,Continuing Grant,"P2C2: Collaborative Research: Quantitative Reconstruction of Past Drought Patterns in Western North America Using Lakes, Stable Isotopes, and Modeling",University of Minnesota Duluth
1531512,2015-02-11,45000,Standard Grant,RAPID:  Morphological Effects of Extreme Sea-Level Anomalies,Oregon State University
1446161,2015-02-18,209326,Continuing Grant,Collaborative Research: From Roots to Rock - Linking Evapotranspiration and Groundwater Fluxes in the Critical Zone,University of Colorado at Boulder
1446231,2015-02-18,244771,Continuing Grant,Collaborative Research:  From Roots to Rock - Linking Evapotranspiration and Groundwater Fluxes in the Critical Zone,Colorado School of Mines
1446300,2015-02-18,204148,Continuing Grant,Collaborative Research: Revealing the Role of Less-Mobile Porosity in Hyporheic Denitrification and Greenhouse Gas Production,University of Connecticut
1446328,2015-02-18,239033,Continuing Grant,Collaborative Research:  Revealing the Role of Less-Mobile Porosity in Hyporheic Denitrification and Greenhouse Gas Production?,Michigan State University
1446375,2015-02-18,88932,Continuing Grant,Collaborative Research:   Revealing the Role of Less-Mobile Porosity in Hyporheic Denitrification and Greenhouse Gas Production,Colorado School of Mines
1446870,2015-02-18,268080,Continuing Grant,Threshold hydrologic change across the intermittent-persistent snow transition,Colorado State University
1447337,2015-02-18,354974,Continuing Grant,"Investigation of Ultra-18O Depleted ""Slushball"" Earth Rocks from Karelia, Russia and the Timing of Paleoproterozoic Glaciations and the Great Oxidation Event",University of Oregon Eugene
1454802,2015-02-18,485627,Continuing Grant,CAREER: Middle and Late Cenozoic Surface Uplift and Climate along the Strike of the Rocky Mountains: Refining the Development of an Intracontinental Mountain Belt,University of Texas at Arlington
1520917,2015-02-18,93549,Standard Grant,A Workshop for Cooperative Studies of Earth's Deep Interior,University of California-San Diego Scripps Inst of Oceanography
1451055,2015-02-20,233001,Standard Grant,"Thermal and Structural History of the Pennine-Austroalpine Transition Zone, Alps (Eastern Switzerland)",California Institute of Technology
1455198,2015-02-20,511706,Continuing Grant,CAREER: Significance of Cenozoic climate and environmental changes on the ecology and evolution of marsupials in Australia: A multi-proxy approach,Vanderbilt University
1519221,2015-02-20,20834,Continuing Grant,Collaborative Research: Electromagnetic Induction in Geological Formations: A Careful Evaluation of the Subdiffusion Perspective,University of New Mexico
1446200,2015-02-23,270302,Standard Grant,Using horizontal and vertical deformation signals to characterize water availability in fractured and faulted crystalline-rock aquifer systems,Virginia Polytechnic Institute and State University
1446481,2015-02-23,252411,Standard Grant,IMPACT OF MACROPORES AND SOIL PIPES ON HYPORHEIC EXCHANGE IN STREAMS,Virginia Polytechnic Institute and State University
1448227,2015-02-23,309999,Standard Grant,Archeomagnetism of Southern Africa: Implications for Longevity of the South Atlantic Anomaly,University of Rochester
1450970,2015-02-23,282702,Standard Grant,Reconciling Invariant Topography with Along-Strike Gradients in Climate and Tectonics in the Greater Caucasus Mountains,Arizona State University
1446798,2015-02-24,333635,Standard Grant,"An Exploration of Multi Decadal, Continental-Scale Evapotranspiration Inferred from Weather Data",Trustees of Boston University
1447533,2015-02-24,525611,Continuing Grant,CAREER: Advancing the science and education of land surface-atmosphere interactions: Interweaving multiscale experimental and modeling approaches for  Land Surface Models,Colorado School of Mines
1451253,2015-02-24,140675,Standard Grant,Collaborative Research: Recrystallization of Stable Iron Oxides in Reducing Environments,Northeastern University
1451593,2015-02-24,199841,Standard Grant,Collaborative Research: Recrystallization of Stable Iron Oxides in Reducing Environments,Pennsylvania State Univ University Park
1451996,2015-02-24,271687,Standard Grant,Mineral Formation by Cluster Self-Assembly: Schwertmannite as a Partially Crystallized Nanomineral,Virginia Polytechnic Institute and State University
1451562,2015-02-25,172118,Standard Grant,Collaborative Research: Is Anthropocene sedimentation in valley bottoms a geologically significant event?,Boston College
1451586,2015-02-25,137879,Standard Grant,Collaborative research: Is Anthropocene sedimentation in valley bottoms a geologically significant event?,Franklin and Marshall College
1522478,2015-02-25,89289,Standard Grant,"Support for U.S.-Taiwan Workshop on Feedbacks and Coupling among Mountain Building, Surface Processes and Climate",University of Connecticut
1446264,2015-02-26,368943,Continuing Grant,"A Comprehensive Multi-Scale Study of the Impact of Capillary-Held Water Films on Fluid Motion, Transport and Mass Transfer in the Unsaturated Zone",University of Oklahoma Norman Campus
1446724,2015-03-02,256672,Standard Grant,Collaborative Research:  Surface water-groundwater connectivity in the tidal freshwater zone and the fate of nitrogen in tidal rivers,"OHIO STATE UNIVERSITY, THE"
1446763,2015-03-02,94909,Standard Grant,Collaborative Research: Surface water-groundwater connectivity in the Tidal Freshwater Zone and the fate of nitrogen in tidal rivers,Colorado College
1447730,2015-03-02,296000,Standard Grant,"Contrasting Cenozoic Magmatism and Related Hydrothermal Systems, Western USA",Oregon State University
1449699,2015-03-02,222017,Standard Grant,Water Diffusion in Olivine: Experiments and Application to Phenocrysts,Columbia University
1455362,2015-03-02,697539,Continuing Grant,"CAREER: The role of organic particulates in controlling the growth of river deltas: a field, experimental, and numerical modeling study",University of California-Berkeley
1533979,2015-03-02,269677,Continuing Grant,Coastal SEES Collaborative Research: Changes in actual and perceived coastal flood risks due to river management strategies,Louisiana State University
1452091,2015-03-03,374687,Continuing Grant,Mountain Stream Sediment Transport,Oregon State University
1456664,2015-03-03,225924,Continuing Grant,Emplacement of regularly spaced volcanic centers in the East African Rift: Melt production or melt extraction?,Regents of the University of Idaho
1452748,2015-03-04,87000,Fellowship Award,Lava-Substrate Interactions: Numerical and Experimental Investigations,Rumpf                   Mary           E
1456235,2015-03-04,269999,Standard Grant,"Capturing and comparing slow slip events in Cascadia and New Zealand using a novel, physics-based approach",University of Texas at Austin
1456630,2015-03-04,107250,Standard Grant,RUI:  Magmatic Evolution Leading Up to the Modern Aleutian Arc on the Alaska Peninsula,Allegheny College
1451767,2015-03-06,393133,Standard Grant,3-Methylhopanoids in modern bacteria: molecular fossils of stress survival?,Stanford University
1454983,2015-03-06,570291,Continuing Grant,CAREER: Refining forest management strategies to maximize hydrologic gains from snow dominated watersheds,Duke University
1460081,2015-03-06,100213,Standard Grant,Surface-Wave Data Products from USArray,Columbia University
1451372,2015-03-16,154992,Continuing Grant,Collaborative Research:   Coupled Geochemical and Geobiological Characterization of Dissolved Organic Matter Oxidation to Carbon Dioxide,Regents of the University of Michigan - Ann Arbor
1452035,2015-03-16,158396,Continuing Grant,Collaborative Research:  Coupled Geochemical and Geobiological Characterization of Dissolved Matter Oxidation to Carbon Dioxide,Old Dominion University Research Foundation
1452039,2015-03-16,150000,Continuing Grant,Collaborative Research:   Coupled Geochemical and Geobiological Characterization of Dissolved Organic Matter Oxidation to Carbon Dioxide,Stroud Water Research Center
1534474,2015-03-16,116171,Continuing Grant,ELT Collaborative Research: Perturbation of the Marine Food Web and Extinction During the Oceanic Anoxic Event at the Cenomanian/Turonian Boundary,University of Colorado at Boulder
1523334,2015-03-19,49991,Standard Grant,Collaborative ICS-NSF Workshop: Vouchering the Stratigraphic Record,California State University-Long Beach Foundation
1460291,2015-03-23,290810,Continuing Grant,Collaborative Research: Fate and Consequences of Yakutat Terrane Subduction Beneath Eastern Alaska and the Wrangell Volcanic Field,Cornell University
1460318,2015-03-23,398299,Continuing Grant,Collaborative Research:   Fate and Consequences of Yakutat Terrane Subduction Beneath Eastern Alaska and the Wrangell Volcanic Field,University of Alaska Fairbanks Campus
1447605,2015-03-30,153805,Standard Grant,"Collaborative Research:  Use and Abuse of Zircon Thermometry - Integrating Modeling, Trace Element Chemistry and Isotopes to Maximize the Use, Limit the Abuse",University of Kentucky Research Foundation
1447611,2015-03-30,138975,Standard Grant,"Collaborative Research:  Use and Abuse of Zircon Thermometry - Integrating Modeling, Trace Element Chemistry and Isotopes to Maximize the Use, Limit the Abuse",Syracuse University
1454430,2015-03-30,89136,Standard Grant,A high-precision U-Pb age model for the Deccan Traps,Princeton University
1459067,2015-03-30,60631,Standard Grant,Collaborative Research: Three-dimensional Onshore-Offshore MT Investigation of Cascadia Margin--Interpretation Phase,University of California-San Diego Scripps Inst of Oceanography
1460437,2015-03-30,185877,Standard Grant,Collaborative Research: Three-dimensional Onshore-Offshore MT Investigation of Cascadia Margin--Interpretation Phase,Oregon State University
1460489,2015-03-30,102219,Standard Grant,Collaborative Research: Three-dimensional Onshore-Offshore MT Investigation of Cascadia Margin--Interpretation Phase,University of Oregon Eugene
1464024,2015-03-30,248367,Continuing Grant,CSEDI Collaborative Research:   Anelastic properties of the Earth from seismic to tidal timescale,Massachusetts Institute of Technology
1464025,2015-03-30,63774,Continuing Grant,CSEDI Collaborative Research:   Anelastic properties of the Earth from seismic to tidal timescale,SUNY College at New Paltz
1464033,2015-03-30,144194,Continuing Grant,CSEDI Collaborative Research:   Anelastic properties of the Earth from seismic to tidal timescale,Harvard University
1537902,2015-03-30,29608,Standard Grant,Support for Analog Modeling of Tectonic Processes Workshop,University of Massachusetts Amherst
1447468,2015-03-31,451000,Continuing Grant,Inclusion Barometry and Overstepping Isograd Reactions: How Close is the Approach to Equilibrium During Metamorphism?,Rensselaer Polytechnic Institute
1455030,2015-03-31,705000,Continuing Grant,CAREER: The Quest for Precision in Stratigraphy: Extending Neogene-Scale Resolution into the Paleozoic,University of Iowa
1540156,2015-03-31,35485,Standard Grant,"Collaborative research: Testing hypothesis for drumlin fomation at Mulajokul, Iceland",Iowa State University
1452254,2015-04-01,184000,Fellowship Award,Hydrogen isotope response of algal lipids to variable nutrient concentrations in Swiss lakes,Ladd                    Sarah          N
1451356,2015-04-02,203658,Standard Grant,Application of thermodynamic theory for predicting microbial biogeochemistry,Marine Biological Laboratory
1451957,2015-04-02,324999,Standard Grant,Entrainment and Deposition of Surface Material by Particle-Laden Flows: From the Laboratory to the Hillslope,University of Minnesota-Twin Cities
1464014,2015-04-02,411355,Continuing Grant,CSEDI Collaborative Research: A Multidisciplinary Approach to Investigate the Origin of Anisotropy at the Base of the Mantle,University of California-Berkeley
1464036,2015-04-02,95653,Standard Grant,Collaborative Research: A Multidisciplinary Approach to  Investigate the Origin of Anisotropy at the Base of the Mantle,Arizona State University
1503567,2015-04-02,16577,Standard Grant,Collaborative Research: Unraveling Molybdenum and Rhenium speciation: Identifying the burial pathways of redox proxies in sulfidic settings,"Minnesota State University, Mankato"
1503596,2015-04-02,63618,Standard Grant,Collaborative Research: Unraveling Molybdenum and Rhenium speciation: Identifying the burial pathways of redox proxies in sulfidic settings,Central Michigan University
1425059,2015-04-06,228259,Continuing Grant,"Natural Trap Cave Revisited: Ancient DNA, Climate and the Megafaunal Extinction",Des Moines University
1539850,2015-04-07,25000,Standard Grant,"Travel Support for Students to attend the ICS-NSF Vouchering the Stratigraphic Record Workshop and the Second International Congress on Stratigraphy Graz, Austria","The Geological Society of America, Inc."
1447568,2015-04-09,363761,Continuing Grant,Durations and Rates of High Temperature Metamorphism During Archean Orogenesis: Implications for Early Earth's Tectonics,Virginia Polytechnic Institute and State University
1537055,2015-04-10,23967,Standard Grant,CONFERENCE PROPOSAL: Eighth International Conference on Fluvial Hydraulics: River Flow 2016,University of Iowa
1444951,2015-04-13,308835,Continuing Grant,Magma Structure and Anharmonicity Controls on Iron Isotopic Fractionation in Igneous Rocks,University of Chicago
1447174,2015-04-13,288109,Standard Grant,Origin and Evolution of Silicate Reservoirs in the Early Earth,"University of Maryland, College Park"
1447266,2015-04-13,325142,Continuing Grant,Life Cycles of Basaltic Magma Mushes: The Dynamic Controls on Unlocking and Mixing,University of Washington
1447311,2015-04-13,400200,Continuing Grant,Element Partitioning at Earth's Deep Chemical Boundaries,Carnegie Institution of Washington
1447342,2015-04-13,275216,Standard Grant,Quantifying Geochemical Exchange at the Slab-Wedge Interface with Experiments and Natural Samples,Arizona State University
1447438,2015-04-13,370000,Continuing Grant,Renewal: Petrology and Geochemistry of the Deep Lower Mantle,Carnegie Institution of Washington
1447480,2015-04-13,29058,Standard Grant,Collaborative Proposal: Experimental Studies of Dilute Pyroclastic Density Currents,Smithsonian Institution
1447559,2015-04-13,232130,Standard Grant,Collaborative Proposal: Experimental Studies of Dilute Pyroclastic Density Currents,University of California-Berkeley
1447750,2015-04-13,267619,Continuing Grant,"Toward a Better Understanding of Magmatic Processes and Volcanic Hazards at Nyiragongo Volcano, DR Congo",University of Wyoming
1455259,2015-04-13,510848,Continuing Grant,CAREER: Experimental and Theoretical Investigation of Sediment Supply and Sorting in Meandering Rivers,Colorado State University
1457293,2015-04-13,200003,Standard Grant,Collaborative Research: Focused Study of Aleutian Plutons and their Host Rocks: Understanding the building blocks of continental crust,Columbia University
1460533,2015-04-13,629638,Continuing Grant,Collaborative Research:  The Mackenzie Mountains--Deformation and Structure of Active Intraplate Orogenesis from Plate Boundary to Craton,Colorado State University
1460536,2015-04-13,474429,Continuing Grant,Collaborative Research:  The Mackenzie Mountains--Deformation and Structure of Active Intraplate Orogenesis from Plate Boundary to Craton,University of Alaska Fairbanks Campus
1461180,2015-04-13,450786,Continuing Grant,"REU Site: Investigating the structure and origin of the Bushveld Complex, South Africa, using complementary geochemical and geophysical studies",Pennsylvania State Univ University Park
1463807,2015-04-13,20092,Standard Grant,CSEDI Collaborative Research: Understanding the nature of water and melt transport between the transition zone and the lower mantle combining mineral physics and seismology,Louisiana State University
1464003,2015-04-13,173268,Standard Grant,CSEDI Collaborative Research: Understanding the nature of water and melt transport between the transition zone and the lower mantle combining mineral physics and seismology,Yale University
1464005,2015-04-13,99372,Standard Grant,Determination of Equilibrium Iron Isotope Fractionation Factors at High Pressure,Stanford University
1464008,2015-04-13,78066,Standard Grant,CSEDI: Determination of Equilibrium Iron Isotope Fractionation Factors at High Pressure,Carnegie Institution of Washington
1502591,2015-04-13,236344,Continuing Grant,Collaborative project: CSEDI -Understanding Si and Fe differentiation in Earth's mantle and core through experimental and theoretical research in geochemistry and mineral physics,University of Chicago
1502594,2015-04-13,226275,Continuing Grant,Collaborative project: CSEDI- Understanding Si and Fe differentiation in Earth's mantle and core through experimental and theoretical research in geochemistry and mineral physics,University of Texas at Austin
1503084,2015-04-13,215003,Continuing Grant,Collaborative Research: CSEDI -Understanding Si and Fe differentiation in Earth?s mantle and core through experimental and theoretical research in geochemistry and mineral physics,University of Minnesota-Twin Cities
1541800,2015-04-13,146910,Standard Grant,"Flyover Country, a mobile app for geoscience education",University of Minnesota-Twin Cities
1456814,2015-04-14,359699,Continuing Grant,"Collaborative Research: From the Slab to the Surface: Origin, Storage, Ascent and Eruption of Volatile-Bearing Magmas",Columbia University
1456939,2015-04-14,212081,Continuing Grant,"Collaborative Research: From the Slab to the Surface: Origin, Storage, Ascent, and Eruption of Volatile-Bearing Magmas",Carnegie Institution of Washington
1460232,2015-04-14,244024,Standard Grant,Collaborative Research: Capitalizing on EarthScope Transportable Array Data to Better Characterize Induced Seismic Sequences,University of California-San Diego Scripps Inst of Oceanography
1460360,2015-04-14,255709,Standard Grant,Collaborative Research: Capitalizing on EarthScope Transportable Array Data to Better Characterize Induced Seismic Sequences,University of Utah
1349374,2015-04-15,270000,Continuing Grant,Microscale Reactivity of Trace Elements in Complex Geochemical Systems,North Carolina State University
1415543,2015-04-15,534820,Standard Grant,Upgrade of community-orientated ICP-MS facilities for teaching and research at the University of Michigan,Regents of the University of Michigan - Ann Arbor
1446509,2015-04-15,300000,Continuing Grant,Characterization of Small-scale Heterogeneity in the Deep Earth,University of Connecticut
1446856,2015-04-15,84935,Continuing Grant,Collaborative Research: Improved Ionospheric Source Models for Imaging Upper Mantle-Transition Zone Resistivity,University Corporation For Atmospheric Res
1446915,2015-04-15,284986,Standard Grant,FRACTURED AQUIFER CHARACTERIZATION USING SMART NON-NEWTONIAN TRACERS,Oregon State University
1447036,2015-04-15,66999,Continuing Grant,Collaborative Research: Improved Ionospheric Source Models for Imaging Upper Mantle/Transition Zone Resistivity,University of Colorado at Boulder
1447109,2015-04-15,229993,Continuing Grant,Collaborative Research: Improved Ionospheric Source Models for Imaging Upper Mantle/Transition Zone Resistivity,Oregon State University
1539023,2015-04-15,31025,Standard Grant,Construction of a gas-handling system for measurement of bond ordering in methane gas,University of California-Los Angeles
1455352,2015-04-16,498906,Standard Grant,CAREER: Taking the hydrochemical pulse of the critical zone in small catchments of the Andes-Amazon,University of Southern California
1429779,2015-04-20,688824,Continuing Grant,MRI: ACQUISITION OF A MULTICOLLECTOR-ICP-MASS SPECTROMETER FOR MULTIDISCIPLINARY RESEARCH AND TEACHING AT NORTHERN ARIZONA UNIVERSITY,Northern Arizona University
1445889,2015-04-20,339379,Continuing Grant,Collaborative Research: Interannual and seasonal variability of snowpack in the Sierra Nevada from tree rings.,Hydrologic Research Center
1445895,2015-04-20,354879,Continuing Grant,Collaborative Research: Interannual and seasonal variability of snowpack in the Sierra Nevada from tree rings.,University of Arizona
1446235,2015-04-20,211787,Standard Grant,"Collaborative Research: Unraveling Transport in Porous Media through the Integration of Isotopic Tracers, Geophysical Data, and Numerical Modeling",Colorado School of Mines
1446236,2015-04-20,144093,Standard Grant,"Collaborative Research: Unraveling Transport in Porous Media through the Integration of Isotopic Tracers, Geophysical Data, and Numerical Modeling",University of Notre Dame
1446271,2015-04-20,220191,Standard Grant,"Collaborative Research: Unraveling Transport in Porous Media through the Integration of Isotopic Tracers, Geophysical Data, and Numerical Modeling",Pennsylvania State Univ University Park
1460257,2015-04-20,266015,Continuing Grant,MAGIC MT - Uplift of the Appalachians,Woods Hole Oceanographic Institution
1461281,2015-04-21,335000,Continuing Grant,REU site: Research Experience for Community College Students (RECCS) in Critical Zone Science,University of Colorado at Boulder
1462297,2015-04-21,1219346,Continuing Grant,Collaborative Research: Facility Support: National Lacustrine Core Facility (LacCore),University of Minnesota-Twin Cities
1462347,2015-04-21,197222,Continuing Grant,Collaborative Research: Facility Support: National Lacustrine Core Facility (LacCore),University of Minnesota Duluth
1450802,2015-04-27,182461,Standard Grant,Acquisition of a gas source mass spectrometer for high precision - high sensitivity (delta)17O and (delta)18O analyses of silicates,University of New Mexico
1460861,2015-04-27,650042,Continuing Grant,REU Site: Bigelow Laboratory for Ocean Sciences - Undergraduate Research Experience in the Gulf of Maine and the World Ocean,Bigelow Laboratory for Ocean Sciences
1445356,2015-04-28,299878,Continuing Grant,An experimental study on grain-size evolution during phase transformations in the mantle transition zone and its influence on rheological properties,Yale University
1450976,2015-04-28,361772,Standard Grant,Collaborative Research: Exhumation History of the Indian Lesser Himalaya: Discriminating Tectonic Models with Implications for the Neogene Isotopic Composition of Seawater,University of Texas at Austin
1348131,2015-04-29,92000,Standard Grant,Investigating tomographic resolution in global crustal imaging,Virginia Polytechnic Institute and State University
1349278,2015-04-29,255079,Standard Grant,Biotechnology of thiocyanate degradation: an exploration using meta-omics tools to understand the microbial communities responsible for remediation of mining wastewater,University of California-Berkeley
1463895,2015-04-29,45190,Standard Grant,2015 Interior of the Earth GRC/GRS,Gordon Research Conferences
1452694,2015-05-01,87000,Fellowship Award,EAR-PF Cracking the Critical Zone: Tree roots in fractures and a proposed mechanistic soil production function,Marshall                Jill           A
1442623,2015-05-04,150000,Continuing Grant,A Distributed Coaxial Cable Strainmeter for Earth Monitoring,University of Rhode Island
1462169,2015-05-04,252899,Continuing Grant,Early Career: Technician Support for a Field-Based Research Program in Ecohydrology,North Carolina State University
1463855,2015-05-04,72916,Standard Grant,XML Database for Magnetotelluric Transfer Functions,Oregon State University
1542320,2015-05-04,45120,Standard Grant,AGU Chapman Conference  - The MADE Challenge for Groundwater Transport in Highly Heterogeneous Aquifers: Modeling and Characterization at the Field Scale and Promising Future Direc,University of Notre Dame
1540532,2015-05-08,10832,Standard Grant,"Support for Comparative Geodynamics and Tectonics of Venus, Earth, and Rocky Exoplanets Workshop","University of Maryland, College Park"
1543621,2015-05-08,15000,Standard Grant,Metallomics in Medicine Workshop: The Role of Natural Isotopes in the Development of a New Generation of Biomarkers for Biomedicine,Arizona State University
1451367,2015-05-11,171916,Continuing Grant,Collaborative Research: Dissolved pyrogenic organic matter dynamics in the environment,University of Florida
1451452,2015-05-11,176888,Continuing Grant,Collaborative Research: Dissolved pyrogenic organic matter dynamics in the environment,Old Dominion University Research Foundation
1451558,2015-05-11,130716,Continuing Grant,Collaborative Research: Dissolved pyrogenic organic matter dynamics in the environment,East Carolina University
1542001,2015-05-14,99600,Standard Grant,"Support for a workshop and related activities aimed at exploring and facilitating scientific frontiers, infrastructure, and educational needs in Tectonics",University of Wisconsin-Madison
1543627,2015-05-14,29162,Continuing Grant,Collaborative Research: Deformation Thermometry and Water Weakening of Quartz Tectonites - Case Studies from the Himalaya and the Caledonides of NW Scotland,Syracuse University
1461006,2015-05-20,886387,Continuing Grant,Research Experience for Undergraduates Site on Sustainable Land and Water Resources--A Community-Based Participatory Research Experience for Undergraduates,University of Minnesota-Twin Cities
1523909,2015-05-28,159757,Standard Grant,"Collaborative Research: Fold Form, Strain, and Mechanics at the Whaleback Anticline: New Approaches to a Classic Field Locality",University of Washington
1523955,2015-05-28,30778,Standard Grant,"Collaborative Research: Fold Form, Strain, and Mechanics at the Whaleback Anticline: New Approaches to a Classic Field Locality",Bryn Mawr College
1523958,2015-05-28,52212,Standard Grant,"Collaborative Research: Fold Form, Strain, and Mechanics at the Whaleback Anticline: New Approaches to a Classic Field Locality",Bucknell University
1524473,2015-05-28,410000,Continuing Grant,Multicomponent Diffusion in Silicate Melts,Regents of the University of Michigan - Ann Arbor
1447130,2015-06-01,250000,Continuing Grant,Investigation of Ancient and Modern Melting Processes Preserved in Sub-oceanic Island Mantle,University of California-San Diego Scripps Inst of Oceanography
1452347,2015-06-01,87000,Fellowship Award,Biogeochemical arsenic cycling in a Paleoarchean ocean basin,Myers                   Kimberly       D
1524824,2015-06-01,310000,Standard Grant,Volatile Clues to the Initial Controls on Large Explosive Volcanic Eruptions,University of Oregon Eugene
1529120,2015-06-01,361928,Continuing Grant,Lipid D/H ratios as a proxy for microbial metabolism,California Institute of Technology
1543518,2015-06-01,60881,Standard Grant,ELT COLLABORATIVE RESEARCH: Investigating the Biotic and Paleoclimatic Consequences of Dust in the Late Paleozoic,George Mason University
1523393,2015-06-02,99994,Standard Grant,Mantle Metasomatism and the Origin of Diamonds,University of Tennessee Knoxville
1524336,2015-06-02,419998,Standard Grant,Isotope Studies of Mineral Kinetics Accomplishment-Based Renewal,University of Wisconsin-Madison
1452377,2015-06-03,87000,Fellowship Award,"EAR-PF: The Silicification of Soft-Bodied Biotas: Reconstructing the Preservation, Ecology and Environments of Earth's Earliest Animal Communities",Tarhan                  Lidya          G
1524151,2015-06-05,227993,Continuing Grant,Collaborative Research: Tectonic Significance of Long Run-Out Coarse-Grained Facies in the Cordilleran Foreland Basin,University of Arizona
1524578,2015-06-05,112253,Continuing Grant,Collaborative Research: Tectonic Significance of Long Run-Out Coarse-Grained Facies in the Cordilleran Foreland Basin,University of Texas at Dallas
1449744,2015-06-08,359959,Continuing Grant,"Uncovering Hotspot Volcanism: Mantle Melting, Magmatic Plumbing, Explosive Eruptions and Crustal Contamination at Kilauea Volcano, Hawaii",University of Hawaii
1456430,2015-06-08,470738,Continuing Grant,Acquisition of spectroscopic and mass spectrometric instrumentation for the evaluation of N cycling and provenance,Michigan State University
1460205,2015-06-08,354291,Standard Grant,Anisotropic Layering in the North American Upper Mantle Using a Combination of Seismological Approaches,University of California-Berkeley
1460377,2015-06-08,157925,Standard Grant,Creating a New Seismic Instrument from EarthScope Strainmeter Installations,University of Memphis
1520238,2015-06-08,240000,Continuing Grant,Exploring the influence of tidal stress changes on the generation of secondary slip fronts during slow slip events in Cascadia,University of Oregon Eugene
1520647,2015-06-08,234779,Continuing Grant,Melt segregation in a deforming partially molten rock - an experimental investigation of the consequences of viscous anisotropy,University of Minnesota-Twin Cities
1520684,2015-06-08,467517,Standard Grant,Deuterium Excess of Water Vapor in the Atmospheric Boundary Layer,Yale University
1520726,2015-06-08,320000,Continuing Grant,Aluminous phase at high-pressures & temperatures: Elasticity and Energetics of hydrogen incorporation,Cornell University
1520875,2015-06-08,219999,Continuing Grant,High-resolution studies of seismicity and scattered wave imaging beneath Mt. St. Helens,University of New Mexico
1521055,2015-06-08,319999,Continuing Grant,"Disorder and Dynamics in Silicate and Aluminosilicate Liquids, Glasses, and Crystals Relevant to Geochemical Processes: Nuclear Magnetic Resonance Studies",Stanford University
1522560,2015-06-08,390000,Continuing Grant,Measurement of Thermal conductivity of mantle and core materials and implications for the thermal history of the Earth,University of California-Los Angeles
1522926,2015-06-08,379979,Standard Grant,SusChEM: Geochemical and Mineralogical Constraints on the Genesis of Country Rock-hosted Massive Sulfide Mineralization Associated with Mafic Rock-related Cu-Ni-PGE Deposits,Indiana University
1523442,2015-06-08,300001,Standard Grant,"Origin & Eruptive History of Quaternary Volcanism in Nosy Be and Itasy-Ankaratra, Madagascar",Miami University
1524078,2015-06-08,498063,Continuing Grant,Ultrasonic Velocity Measurements on Multiphase Agg,SUNY at Stony Brook
1528576,2015-06-08,294470,Standard Grant,Determining hillslope-scale material strength from seismically-triggered landslide events,Regents of the University of Michigan - Ann Arbor
1529284,2015-06-08,324997,Standard Grant,Blocky Hillslopes: From Outcrops to Flatirons,University of Colorado at Boulder
1529937,2015-06-08,273721,Standard Grant,The Geochemical Processes Controlling Vacancy and Mn(III) Concentrations in Birnessite Structure,University of Wyoming
1545923,2015-06-08,29336,Standard Grant,RAPID: Collaborative Research: Nepal Array Measuring Aftershock Seismicity Trailing Earthquake,Stanford University
1545933,2015-06-08,131790,Standard Grant,RAPID: Collaborative Research: Nepal Array Measuring Aftershock Seismicity Trailing Earthquake,University of Texas at El Paso
1520907,2015-06-09,446999,Continuing Grant,Modeling slow slip and earthquake nucleation on heterogeneous faults: implications for foreshocks and repeating earthquakes,California Institute of Technology
1521164,2015-06-09,324264,Continuing Grant,Collaborative Research: Novel In Situ Measurement and Remote Sensing Techniques for Characterization of Near-Surface Soil Hydrology,University of Arizona
1521469,2015-06-09,325523,Continuing Grant,Collaborative Research: Novel In Situ Measurement and Remote Sensing Techniques for Characterization of Near-Surface Soil Hydrology,Utah State University
1521534,2015-06-09,260000,Continuing Grant,Robust earthquake source scaling and seismic efficiency for intermediate depth and deep earthquakes at global and regional scales,Massachusetts Institute of Technology
1529927,2015-06-09,332654,Standard Grant,Collaborative Research: Halocarbon Biogeochemistry in Coastal Wetland Ecosystems - Exploring the Transition from Forested Wetland to Salt Marsh,Clemson University
1529956,2015-06-09,89671,Standard Grant,Collaborative Research: Halocarbon Biogeochemistry in Coastal Wetland Ecosystems - Exploring the Transition from Forested Wetland to Salt Marsh,Princeton University
1530375,2015-06-09,77354,Standard Grant,Collaborative Research: Halocarbon Biogeochemistry in Coastal Wetland Ecosystems- Exploring the Transition from Forested Wetland to Salt Marsh,University of California-Berkeley
1543684,2015-06-09,580965,Standard Grant,"INSPIRE: Forging new connections among mammalian evolution, environmental change, and tectonics during the Eocene.",University of Kansas Center for Research Inc
1546633,2015-06-09,31915,Standard Grant,"Collaborative Research: The Nepal Earthquake and Limits on Moment, Fault Geometry and Time Dependent Stress Changes",University of Montana
1546636,2015-06-09,27720,Standard Grant,"Collaborative Research: The Nepal Earthquake and Limits on Moment, Fault Geometry and Time Dependent Stress Changes",University of Colorado at Boulder
1520760,2015-06-10,395000,Continuing Grant,The Spectrum of Fault Slip Behaviors and the Mechanics of Slow Earthquakes,Pennsylvania State Univ University Park
1520657,2015-06-11,199999,Continuing Grant,Improved locations for global seismic events using surface waves,Columbia University
1528492,2015-06-11,293003,Standard Grant,Racemization dating of subsurface microorganisms,Princeton University
1447035,2015-06-15,100000,Continuing Grant,Evaluating the scatter of Detrital Remanent Magnetizations and its effects on relative paleointensity estimates.,University of Minnesota-Twin Cities
1451176,2015-06-15,98172,Standard Grant,SusChEM: Collaborative Research:  Influence of Fe2+- catalyzed recrystallization on Fe oxide reactivity and C stabilization,University of Wisconsin-Madison
1451494,2015-06-15,86998,Standard Grant,SusChEM: Collaborative Research:  Influence of Fe2+- catalyzed recrystallization on Fe oxide reactivity and C stabilization,Colorado State University
1451508,2015-06-15,203592,Standard Grant,SusChEM: Collaborative Research: Influence of Fe2+- catalyzed recrystallization on Fe oxide reactivity and C stabilization,University of Iowa
1451533,2015-06-15,113136,Standard Grant,SusChEM: Collaborative Research:  Influence of Fe2+- catalyzed recrystallization on Fe oxide reactivity and C stabilization,University of Georgia Research Foundation Inc
1513714,2015-06-15,184543,Standard Grant,Collaborative Research: Alteration of mantle peridotite: Geochemical fluxes and dynamics of far from equilibrium transport,Brown University
1515191,2015-06-15,239719,Standard Grant,Collaborative Research: Alteration of mantle peridotite: Geochemical fluxes and dynamics of far from equilibrium transport,University of California-Los Angeles
1515513,2015-06-15,299535,Standard Grant,Collaborative Research: Alteration of mantle peridotite: Geochemical fluxes and dynamics of far from equilibrium transport,Arizona State University
1516300,2015-06-15,1968362,Standard Grant,Collaborative Research: Alteration of mantle peridotite: Geochemical fluxes and dynamics of far from equilibrium transport,Columbia University
1516313,2015-06-15,280055,Standard Grant,Collaborative Research: Alteration of Mantle Peridotite: Geochemical Fluxes and Dynamics of Far from Equilibrium Transport,Woods Hole Oceanographic Institution
1518726,2015-06-15,214572,Standard Grant,RUI: Measurement and modeling of rainfall interception loss from Georgia Southern University's urban forest.,"Georgia Southern University Research and Service Foundation, Inc"
1519706,2015-06-15,496998,Standard Grant,Permeability and Elastic Properties of Fractured Rock: Systematic Experimental Investigation and Model Development,Dartmouth College
1520648,2015-06-15,243941,Continuing Grant,Thermal conductivity of Deep Earth's materials studied by fast pulsed laser techniques,Carnegie Institution of Washington
1520788,2015-06-15,40739,Standard Grant,Pleistocene Paleointensity Record of Aleutian Island Volcanics,Occidental College
1521210,2015-06-15,349169,Standard Grant,Hydrologic controls on temperature extremes in managed landscapes,Harvard University
1521224,2015-06-15,400201,Continuing Grant,Effects of Urbanization on Sources and Transport of Dissolved Inorganic Carbon in Watersheds,"University of Maryland, College Park"
1521238,2015-06-15,496537,Standard Grant,Including tree water storage dynamics in modeling of stomatal conductance,"OHIO STATE UNIVERSITY, THE"
1521421,2015-06-15,199192,Continuing Grant,Collaborative Research:  Retention of Anisotropic Colloids in Porous Media: A Modeling and Experimental Investigation at Multiple Scales,University of Utah
1521428,2015-06-15,200076,Continuing Grant,Collaborative Research:  Retention of Anisotropic Colloids in Porous Media: A Modeling and Experimental Investigation at Multiple Scales,University of Nebraska-Lincoln
1521441,2015-06-15,384073,Standard Grant,Advances in Understanding Pore-Scale Dispersion,Oregon State University
1524191,2015-06-15,139895,Standard Grant,RUI: Modes of Dome Formation in the Southern Appalachians,Appalachian State University
1524387,2015-06-15,249780,Continuing Grant,Petrogenesis of Hawaiian Tholeiites: Constraints from Non-Traditional Stable Isotopes,University of Nevada Las Vegas
1524394,2015-06-15,350320,Continuing Grant,Sulfur Isotope Fractionation and Sulfur Partitioning between Apatite and Silicate Melts,Regents of the University of Michigan - Ann Arbor
1524542,2015-06-15,307628,Standard Grant,Collaborative Research:  Rapid Magma Ascent Recorded in Volatile Diffusion Profiles,Columbia University
1524581,2015-06-15,66739,Standard Grant,Collaborative Research:  Rapid Magma Ascent Recorded in Volatile Diffusion Profiles,Carnegie Institution of Washington
1524665,2015-06-15,379932,Continuing Grant,"Formation of Magmatic-hydrothermal Veins: Interpreting Quartz Textures and Vein Mineral Assemblages in the Butte, Montana porphyry Copper System",University of Oregon Eugene
1545676,2015-06-15,242343,Continuing Grant,"Collaborative Research: The Rosario Segment of the Cretaceous Alisitos Oceanic Arc (Baja California, Mexico): An Outstanding Field Analog to the Izu Bonin Arc",University of California-Davis
1502786,2015-06-16,293014,Continuing Grant,P2C2: P-E Land-C: Terrestrial Mediation of Carbon Cycle Response Through the Paleocene-Eocene Thermal Maximum,University of Utah
1546611,2015-06-16,138940,Standard Grant,"Collaborative Research: Rapid Response to the Mw 7.9 Earthquake of April 25, 2015 in Nepal",Oregon State University
1546622,2015-06-16,15894,Standard Grant,"Collaborative Research: Rapid Response to the Mw 7.9 Earthquake of April 25, 2015 in Nepal",University of California-Riverside
1451595,2015-06-18,59875,Standard Grant,Collaborative Research: What hydrogeochemical processes control weathering in the deep critical zone of unburied karst landscapes?,University of Guam
1451718,2015-06-18,194940,Standard Grant,Collaborative Research: What hydrogeochemical processes control weathering in the deep critical zone of unburied karst landscapes?,Michigan Technological University
1452024,2015-06-18,185422,Standard Grant,Collaborative Research: What hydrogeochemical processes control weathering in the deep critical zone of unburied karst landscapes?,University of Texas at Austin
1502455,2015-06-18,115847,Standard Grant,Collaborative Research: P2C2: Water Isotopes in Peat Mosses as Proxies for Understanding Climate and Atmospheric Circulation Changes in Southern Patagonia,Brown University
1502740,2015-06-18,179030,Continuing Grant,Collaborative Research: P2C2: Quantitative Reconstructions of Holocene Precipitation Changes Across Central America,University of Minnesota Duluth
1502891,2015-06-18,187729,Standard Grant,Collaborative Research: P2C2: Water Isotopes in Peat Mosses as Proxies for Understanding Climate and Atmospheric Circulation Changes in Southern Patagonia,Lehigh University
1502989,2015-06-18,241530,Continuing Grant,Collaborative Research: P2C2: Quantitative Reconstructions of Holocene Precipitation Changes Across Central America,Northern Illinois University
1503069,2015-06-18,9753,Continuing Grant,Collaborative Research: P2C2: Quantitative Reconstructions of Holocene Precipitation Changes Across Central America,University of Nevada Las Vegas
1451466,2015-06-19,87000,Fellowship Award,EAR-PF Late Quaternary slip rates and paleoseismicity of the Sevier Desert Detachment: earthquake hazards of a low-angle normal fault,Stahl                   Timothy        A
1531313,2015-06-22,285799,Standard Grant,MRI: Acquisition of hydrogeophysical downhole nuclear magnetic resonance instrument to support research and student training,University of Wyoming
1460498,2015-06-23,432066,Continuing Grant,Non-volcanic Tremor in the Northern San Andreas Fault System,University of California-Berkeley
1520856,2015-06-23,219987,Continuing Grant,Variations in Hotspot Volcanism as a Key to Understanding Deep Mantle Dynamics,Regents of the University of Idaho
1524311,2015-06-23,297693,Continuing Grant,F and Cl in Peridotite Minerals: Analytical Development and Applications to Fluid Cycling in the Earth's Mantle,Woods Hole Oceanographic Institution
1524530,2015-06-23,324925,Continuing Grant,"Role of Silica Redistribution in the Evolution of Subduction Megathrusts, Shimanto Belt Japan",Pennsylvania State Univ University Park
1529461,2015-06-23,200001,Continuing Grant,Biological Basis for Methane Synthesis in Oxic Lake Waters,Montana State University
1546139,2015-06-24,63493,Standard Grant,Collaborative Research: Constraining Volcanic Jet Dynamics with Infrasound Using Numerical and Empirical Models,University of California-Santa Barbara
1524825,2015-06-25,66659,Standard Grant,RUI: Collaborative Research: Linking Small-volume Silicic Magmas to a Yellowstone Super-eruption Using a Petrochronologic Approach,Boise State University
1524840,2015-06-25,148002,Continuing Grant,RUI: Collaborative Research: Linking Small-volume Silicic Magmas to a Yellowstone Super-eruption Using a Petrochronologic Approach,WESTMINSTER UNIVERSITY
1530253,2015-06-25,150000,Standard Grant,Carbonate Formation Induced by CO2 Degassing: Controls on the Isotopic Compositions and Implications for Clumped Isotope Thermometry,Woods Hole Oceanographic Institution
1541799,2015-06-25,56335,Standard Grant,FEW Workshop - Planned Migration as a Strategy to Sustain Agricultural Production,University of Alabama in Huntsville
1541934,2015-06-25,1000,Standard Grant,Collaborative Research: Student & Early Career Scientist Travel Support for the  2015 First Order Reversal Curve (FORC) Magnetism Workshop,University of New Orleans
1542002,2015-06-25,16000,Standard Grant,Collaborative Research: Student & Early Career Scientist Travel Support for the  2015 First Order Reversal Curve (FORC) Magnetism Workshop,University of Minnesota-Twin Cities
1546630,2015-06-25,52737,Standard Grant,"RAPID Collaborative Research: Landslides caused by the April 2015 Nepal earthquakes, from immediate hazard to tectonic driver",University of Southern California
1546631,2015-06-25,52655,Standard Grant,"RAPID Collaborative Research:  Landslides caused by the April 2015 Nepal earthquakes, from immediate hazard to tectonic driver",Regents of the University of Michigan - Ann Arbor
1452626,2015-06-26,174000,Fellowship Award,Tracking the carbon: Integrated numerical and experimental study of Earth's accretion and internal evolution,Fischer                 Rebecca        A
1452666,2015-06-26,174000,Fellowship Award,Linking geochemistry and geomicrobiology in selenium-contaminated soils,Rosenfeld               Carla          E
1520694,2015-06-26,168000,Standard Grant,Collaborative Proposal: Understanding Subduction Systems by Linking Anisotropic Seismic Imaging and Geodynamic Modeling,University of Oregon Eugene
1520695,2015-06-26,167970,Standard Grant,Collaborative Proposal: Understanding Subduction Systems by Linking Anisotropic Seismic Imaging and Geodynamic Modeling,University of Minnesota-Twin Cities
1530804,2015-06-26,36400,Standard Grant,"Workshops on Volcanoes - Santiaguito, Guatemala",Boise State University
1541736,2015-06-29,50000,Standard Grant,FEW: A sustainable rural framework workshop for the upper Great Plains.,South Dakota School of Mines and Technology
1541771,2015-06-29,94905,Standard Grant,"FEW: Food-Energy-Water infrastructure systems, engineering solutions and institutions",Arizona State University
1541890,2015-06-29,49680,Standard Grant,"FEW: Towards Food, Energy and Water Security in California under Changing Conditions: the Nexus Perspective",University of California-Los Angeles
1545619,2015-07-01,21750,Standard Grant,RAPID:  Environmental impacts of Cyclone Pam on Vanuatu: implications for long-term cyclone and tsunami records for the South Pacific,Rutgers University New Brunswick
1546923,2015-07-01,19977,Standard Grant,"Collaborative Research: RAPID: Nevado del Ruiz Volcano, Colombia:  Enhancing Geodetic Observations and Digital Elevation Models in Response to Recent Activity","UNAVCO, Inc."
1546924,2015-07-01,29450,Standard Grant,"Collaborative Research: RAPID: Nevado del Ruiz Volcano, Colombia:  Enhancing Geodetic Observations and Digital Elevation Models in Response to Recent Activity",University of South Florida
1547038,2015-07-01,73000,Standard Grant,"RAPID: The Himalaya Connection Video, Expanded",EARTH IMAGES FOUNDATION
1548598,2015-07-01,24968,Standard Grant,"RAPID: Investigating the Link between Fluvial Flood Events, Remobilization, and Preservation in the Stratigraphic Record along the Northwestern Gulf of Mexico Continental Shelf",CSU Fullerton Auxiliary Services Corporation
1451022,2015-07-06,300000,Standard Grant,Development of Microstructure and Creep Strength of Marble,Massachusetts Institute of Technology
1524011,2015-07-06,234000,Continuing Grant,"Collaborative Research: The Spectral and Thermal Response of Active Basaltic Surfaces: Constraining Lava Cooling, Petrology and Flow Propagation Models",University of Pittsburgh
1524013,2015-07-06,30000,Standard Grant,"Collaborative Research: The Spectral and Thermal Response of Active Basaltic Surfaces: Constraining Lava Cooling, Petrology and Flow Propagation Models",SUNY College at Oswego
1524523,2015-07-06,323001,Continuing Grant,Collaborative Research: Functional evolution of the mammalian backbone: insights from the forerunners of mammals,Harvard University
1524602,2015-07-06,259255,Standard Grant,Stress History of the Alpine Fault Using Rock Deformation Experiments and Numerical Modeling,CUNY City College
1524729,2015-07-06,523289,Continuing Grant,Using the World's Fastest Slipping Normal Fault to Understand the Mechanics of Low-angle Normal Faults,University of Texas at Austin
1524938,2015-07-06,95622,Continuing Grant,Collaborative Research: Functional evolution of the mammalian backbone: insights from the forerunners of mammals,Field Museum of Natural History
1547200,2015-07-06,22639,Standard Grant,RAPID:   Analysis of the May 2015 Texas Flood with a Connectivity Framework and High Resolution Topography Data,University of Texas at Austin
1548215,2015-07-06,26531,Standard Grant,"RAPID:  Forensic Hydrological Field Investigation of the Blanco River Flood - May 2015, Wimberley, TX",University of Texas at San Antonio
1521127,2015-07-08,204402,Continuing Grant,"Collaborative Research:  GPS-based terrestrial water storage anomalies during hydrologic extremes: linking hydrologic process, solid-earth response, and monitoring networks",University of California-San Diego Scripps Inst of Oceanography
1521474,2015-07-08,293027,Continuing Grant,"Collaborative Research: GPS-based terrestrial water storage anomalies during hydrologic extremes: linking hydrologic process, solid-earth response, and monitoring networks",University of Colorado at Boulder
1524596,2015-07-08,136691,Continuing Grant,Sediment Recycling in Southern Cascadia: Insights From Seafloor Sediment and Mafic Volcanic Rock Geochemistry,New Mexico State University
1541891,2015-07-08,260000,Standard Grant,"EAGER:  FEW:  Life cycle comparison of water, energy, nutrient, and carbon requirements of urban and conventional food production strategies",Northwestern University
1452337,2015-07-10,87000,Fellowship Award,Experimental tests aimed at understanding debris flow initiation from runoff,Palucis                 Marisa         C
1452587,2015-07-10,184000,Fellowship Award,Spatiotemporal characteristics of basal resistance to ice flow in the West Antarctic Ice Sheet from satellite observations and numerical modeling,Minchew                 Brent
1524277,2015-07-10,278118,Continuing Grant,Collaborative  Research:  Utilizing Cooling Histories to Determine the Sequence and Rates of Thrusting,University of Pittsburgh
1524320,2015-07-10,235031,Continuing Grant,Collaborative  Research:  Utilizing Cooling Histories to Determine the Sequence and Rates of Thrusting,University of Alabama Tuscaloosa
1542668,2015-07-10,20000,Standard Grant,"ACES Symposium, Chengdu, China, August 10-16, 2015",University of California-Davis
1547726,2015-07-10,10000,Standard Grant,Student Conference Support: American Geophysical Union and Society of Exploration Geophysicists Workshop-Potential-field and Electromagnetic Methods Applied to Basin Studies,University of Oklahoma Norman Campus
1550395,2015-07-10,7500,Standard Grant,"Support for a Workshop and Conference on Critical Zone Science, Sustainability, and Services in a Changing World",Purdue University
1519661,2015-07-13,187000,Continuing Grant,Collaborative Research: Establishing a Novel Geophysical Monitoring Scheme for Delineating In Situ Carbonation Processes in Ultramafic Complexes,Michigan State University
1520202,2015-07-13,60000,Standard Grant,Collaborative Research: Establishing a Novel Geophysical Monitoring Scheme for Delineating In Situ Carbonation Processes in Ultramafic Complexes,Woods Hole Oceanographic Institution
1520762,2015-07-13,149970,Continuing Grant,"Collaborative Research: Changes in river-aquifer exchange induced by groundwater pumping, and their effect on arsenic contamination in the Red River Delta, Vietnam",Massachusetts Institute of Technology
1541247,2015-07-13,49999,Standard Grant,RAPID: How Does Environmental Change Influence Landscape Evolution in the Pantanal Wetlands (Brazil)?,University of Kentucky Research Foundation
1446543,2015-07-14,220000,Continuing Grant,Characterizing fault zones at Kilauea & Mauna Loa volcanoes by large-scale mapping of earthquake stress drops and focal mechanisms,University of California-Santa Barbara
1459047,2015-07-14,599816,Continuing Grant,Investigating Flat Slab Subduction and Plate Edge Tectonics in Northern South America,William Marsh Rice University
1520266,2015-07-14,120000,Standard Grant,Beyond elastic rebound: extracting permanent strain from interseismic deformation,Indiana University
1524765,2015-07-14,117001,Continuing Grant,Collaborative Research: The Record of Early Cretaceous Growth of the Nevadaplano From Syn-orogenic Deposits of the Sevier Hinterland,Washington State University
1524785,2015-07-14,140965,Continuing Grant,Collaborative Research: The Record of Early Cretaceous Growth of the Nevadaplano From Syn-orogenic Deposits of the Sevier Hinterland,University of Colorado at Boulder
1524853,2015-07-14,131000,Continuing Grant,Collaborative Research: The Record of Early Cretaceous Growth of the Nevadaplano From Syn-orogenic Deposits of the Sevier Hinterland,University of Nevada Las Vegas
1530560,2015-07-14,250990,Standard Grant,MRI: ACQUISITION OF A SHALLOW-WATER AUTONOMOUS MULTIBEAM HYDROGRAPHIC SURVEYING SYSTEM,University of Washington
1530963,2015-07-14,437876,Standard Grant,"MRI: Acquisition of a Scanning Electron Microscope (SEM) with EDS, EBSD and CL detectors to advance research and undergraduate research training",Bowdoin College
1531316,2015-07-14,815768,Continuing Grant,MRI: Development of a State-of-the-art High-Resolution Tomography Facility Customized for Dynamic (4D) Imaging,Oregon State University
1531583,2015-07-14,334275,Standard Grant,MRI: Acquisition of integrated optical spectroscopy system at the Advanced Photon Source,Carnegie Institution of Washington
1532097,2015-07-14,609429,Continuing Grant,MRI: Acquisition of a Multicollector Inductively Coupled Plasma Mass Spectrometer for Earth Science Research at the University of Texas at Austin,University of Texas at Austin
1550358,2015-07-14,20948,Standard Grant,RAPID: Differential Fluvial Response of the Abiotic Atacama Desert to a Rare Rainstorm Event,University of California-Berkeley
1502971,2015-07-15,145683,Continuing Grant,P2C2: Long-term Environmental Changes and Anthropogenic Impacts on Tropical African Landscapes,"Georgia State University Research Foundation, Inc."
1521468,2015-07-15,269796,Continuing Grant,Collaborative Research: Investigation of the fate and transport of dust-borne trace metals and solutes during snowmelt,Brigham Young University
1521470,2015-07-15,68531,Standard Grant,Collaborative Research: Investigation of the fate and transport of dust-borne trace metals and solutes during snowmelt,University of Utah
1519980,2015-07-16,245000,Standard Grant,"Stress localization, fault activation, and earthquake migration in central and eastern US: A systematic numerical study",University of Missouri-Columbia
1521258,2015-07-16,50000,Continuing Grant,"Collaborative Research: Changes in river-aquifer exchange induced by groundwater pumping, and their effect on arsenic contamination in the Red River Delta, Vietnam",Barnard College
1521356,2015-07-16,295670,Continuing Grant,"Collaborative Research: Changes in river-aquifer exchange induced by groundwater pumping, and their effect on arsenic contamination in the Red River Delta, Vietnam",Columbia University
1550439,2015-07-20,51854,Standard Grant,Diversifying the Geosciences: Travel awards for students to attend SACNAS and GSA 2015 Annual Meetings,"The Geological Society of America, Inc."
1530614,2015-07-21,315690,Continuing Grant,Investigation on Modulated Structures and Subsolidus Phase Relations of Intermediate Plagioclase Feldspars Using Integrated Experiment and Simulation Methods,University of Wisconsin-Madison
1447107,2015-07-22,449995,Continuing Grant,"A new generation of earthquake source models- Past, present and future",California Institute of Technology
1514814,2015-07-22,159415,Continuing Grant,"Collaborative Research: The Response of Continental Hydrothermal Systems to Tectonic, Magmatic, and Climatic Forcing",University of Nebraska-Lincoln
1514865,2015-07-22,105034,Continuing Grant,"Collaborative Research: The Response of Continental Hydrothermal Systems to Tectonic, Magmatic, and Climate Forcing",Louisiana State University
1515283,2015-07-22,312870,Continuing Grant,"Collaborative Research: The Response of Continental Hydrothermal Systems to Tectonic, Magmatic, and Climatic Forcing",Oregon State University
1515353,2015-07-22,243101,Continuing Grant,"Collaborative Research: The Response of Continental Hydrothermal Systems to Tectonic, Magmatic, and Climatic Forcing",Montana State University
1515377,2015-07-22,593632,Continuing Grant,"Collaborative Research: The Response of Continental Hydrothermal Systems to Tectonic, Magmatic, and Climatic Forcing",University of Minnesota-Twin Cities
1516361,2015-07-22,1286388,Continuing Grant,"Collaborative Research: The Response of Continental Hydrothermal Systems to Tectonic, Magmatic, and Climatic Forcing",Woods Hole Oceanographic Institution
1528298,2015-07-22,999775,Standard Grant,"INSPIRE: A CUAHSI-NCAR Collaboration to Improve Hydrologic Process Representation in Weather, Climate and Earth System Models",Rutgers University New Brunswick
1547098,2015-07-22,150000,Standard Grant,Improving Understanding of Volcanic Eruptions,National Academy of Sciences
1450922,2015-07-24,175000,Standard Grant,New GPS Constraints on Africa-Arabia-Eurasia Plate Kinematics,Massachusetts Institute of Technology
1460479,2015-07-24,150485,Continuing Grant,Collaborative Research: Shear-wave Splitting and Mantle Dynamics of the North American Plate,University of Southern California
1460516,2015-07-24,191512,Continuing Grant,Collaborative Research: Shear-wave Splitting and Mantle Dynamics of the North American Plate,Missouri University of Science and Technology
1502417,2015-07-24,396642,Standard Grant,P2C2: Late Holocene Changes in the SPCZ from Algal Lipid D/H in Lakes Across Oceania,University of Washington
1524734,2015-07-24,378033,Continuing Grant,Collaborative Research: Earthquake Gates: Linking Earthquake Rupture Length to the Dynamics of Restraining Double Bends on the Altyn Tagh Fault,University of California-Davis
1524743,2015-07-24,165739,Continuing Grant,Collaborative Research: Earthquake Gates: Linking Earthquake Rupture Length to the Dynamics of Restraining Double Bends on the Altyn Tagh Fault,Texas A&M University
1424720,2015-07-27,299999,Continuing Grant,Collaborative Research: Deconstructing Nitrate Stable Isotope Ratios in Aquifers,University of Connecticut
1530306,2015-07-27,250003,Standard Grant,Theoretical study of 238Uranium/235Uranium fractionation in nature,University of California-Los Angeles
1520681,2015-07-28,295465,Standard Grant,The nature of the Ediacaran to early Cambrian geomagnetic field,University of Rochester
1520732,2015-07-28,409036,Standard Grant,A Combined Experimental and Theoretical investigation of reactive flow in brittle media with applications to solid Earth geodynamics,Columbia University
1523631,2015-07-28,42000,Standard Grant,Connectivity in Geomorphology: The 47th Annual Binghamton Geomorphology Symposium,Colorado State University
1551483,2015-07-28,47389,Standard Grant,NSF Rapid Proposal: Flows of the future:  Capitalizing on an extreme weather year to evaluate future summer streamflows in the Cascades,Oregon State University
1551500,2015-07-28,14216,Standard Grant,"Travel Support for US Scientists and Engineers to Attend Second Krafla Magma Drilling Project Workshop, Iceland",University of Alaska Fairbanks Campus
1520864,2015-07-29,2670000,Standard Grant,"Hazards SEES: Improved prediction of geomagnetic disturbances, geomagnetically induced currents, and their impacts on power distribution systems",University of Illinois at Urbana-Champaign
1464674,2015-07-30,2567887,Cooperative Agreement,EarthScope National Office,University of Alaska Fairbanks Campus
1531745,2015-07-30,82803,Standard Grant,MRI:  Acquisition of a Gravity Meter for Geophysical research and teaching,Missouri State University
1516127,2015-07-31,372552,Continuing Grant,Collaborative Research: Tectonic and climatic forcing of hydrological systems in the southern Great Basin: Implications for ancient and future aquatic system resilience,Purdue University
1516488,2015-07-31,253265,Continuing Grant,Collaborative Research: Tectonic and climatic forcing of hydrological systems in the southern Great Basin: Implications for ancient and future aquatic system resilience,"Nevada System of Higher Education, Desert Research Institute"
1516593,2015-07-31,98077,Continuing Grant,Collaborative Research: Tectonic and climatic forcing of hydrological systems in the southern Great Basin: Implications for ancient and future aquatic ecosystem resilience,CSU Fullerton Auxiliary Services Corporation
1516679,2015-07-31,238028,Continuing Grant,Collaborative Research: Tectonic and climatic forcing of hydrological systems in the southern Great Basin: Implications for ancient and future aquatic system resilience,University of Nevada Las Vegas
1516680,2015-07-31,1526181,Continuing Grant,Collaborative Research: Tectonic and climatic forcing of hydrological systems in the southern Great Basin: Implications for ancient and future aquatic system resilience,New Mexico Institute of Mining and Technology
1516698,2015-07-31,304589,Continuing Grant,Collaborative Research: Tectonic and climatic forcing of hydrological systems in the southern Great Basin: Implications for ancient and future aquatic system resilience,University of the Pacific
1547543,2015-07-31,20000,Standard Grant,AGU Chapman Conference on Slow Slip Phenomena,American Geophysical Union
1450357,2015-08-03,283800,Continuing Grant,Surface Elevation History of the Northern North America Cordillera as Constraint for Eocene Tectonic and Climatic Boundary Conditions,Stanford University
1519967,2015-08-03,250000,Standard Grant,"Paleointensity of the Paleoproterozoic Geomagnetic Field as Recorded by Single Silicate Crystals: Testing the ""Proterozoic Dipole Low""",Michigan Technological University
1520867,2015-08-03,295000,Continuing Grant,Ground Motion Prediction Using Virtual Earthquakes,Stanford University
1524110,2015-08-03,104187,Standard Grant,"Constraints on Plateau Architecture and Assembly From Deep Crustal Xenoliths, Northern Altiplano (Southern Peru)",University of Arizona
1524675,2015-08-03,179995,Standard Grant,Harrats Volcanic Activity and Evolution of the Lithosphere-Asthenosphere Boundary beneath Western Saudi Arabia,Oregon State University
1524836,2015-08-03,167481,Standard Grant,Development of a Temperature Compensated Optical Fiber Strainmeter For Detecting Slow Slip Events,University of California-San Diego Scripps Inst of Oceanography
1520846,2015-08-05,2606954,Continuing Grant,Hazards SEES: The Risk Landscape of Earthquakes Induced by Deep Wastewater Injection,University of Colorado at Boulder
1520870,2015-08-05,1975000,Standard Grant,Hazards SEES: Social and Physical Sensing Enabled Decision Support for Disaster Management  and Response,"OHIO STATE UNIVERSITY, THE"
1525229,2015-08-05,15878,Standard Grant,"Collaborative Research: Understanding free-surface scattering in an anisotropic medium with active and passive seismic methods at the Homestake Mine, South Dakota",California Institute of Technology
1526894,2015-08-05,180999,Standard Grant,"Collaborative Research:  Understanding free-surface scattering in an anisotropic medium with active and passive seismic methods at the Homestake Mine, South Dakota",Indiana University
1451527,2015-08-06,87000,Fellowship Award,Land Cover and hydrology - assessing controls on Si cycling in a changing Arctic,Carey                   Joanna         C
1451818,2015-08-06,224948,Standard Grant,Collaborative research: Validation of the Lacustrine Branched GDGT Paleothermometer,Woods Hole Oceanographic Institution
1452012,2015-08-06,223789,Standard Grant,Collaborative Research: Validation of the lacustrine branched GDGT paleothermometer,University of Massachusetts Amherst
1529110,2015-08-06,141910,Continuing Grant,"Collaborative Research: Linking landscape evolution and paleoflood hydrology in a megaflood dominated landscape, Channeled Scablands, eastern Washington, USA",California Institute of Technology
1529528,2015-08-06,254229,Continuing Grant,"Collaborative Research: Linking landscape evolution and paleoflood hydrology in a megaflood dominated landscape, Channeled Scablands, eastern Washington, USA",University of Massachusetts Amherst
1546908,2015-08-06,20000,Standard Grant,"Graduate Student Travel Support Program for the 2015 V.M. Goldschmidt Conference in Prague, Czech Republic, August 16-21, 2015",The Geochemical Society
1452545,2015-08-07,87000,Fellowship Award,EAR-PF: Diffusion anisotropy in Earth's inner core,Pigott                  Jeffrey        S
1524304,2015-08-07,271458,Continuing Grant,"Collaborative Research: A Structural, Thermochronologic, and Provenance Investigation of a Hypothesized Transition From Subduction to Slab Breakoff in the Greater Caucasus",Regents of the University of Michigan - Ann Arbor
1524631,2015-08-07,275415,Continuing Grant,"Collaborative Research: A Structural, Thermochronologic, and Provenance Investigation of a Hypothesized Transition From Subduction to Slab Breakoff in the Greater Caucasus",University of California-Davis
1528617,2015-08-07,71177,Standard Grant,Collaborative Proposal: Development and calibration of the oxygen isotope systematics of small terrestrial gastropods,University of New Mexico
1528733,2015-08-07,60597,Standard Grant,Collaborative Proposal: Development and calibration of the oxygen isotope systematics of small terrestrial gastropods,Miami University
1529133,2015-08-07,68156,Standard Grant,Collaborative Proposal: Development and calibration of the oxygen isotope systematics of small terrestrial gastropods,University of Cincinnati Main Campus
1529830,2015-08-07,86032,Standard Grant,Collaborative Research: Selenium redox reactions and isotope ratios:  The role of microbial and abiotic Selenium oxidation,University of Illinois at Urbana-Champaign
1530089,2015-08-07,78042,Standard Grant,Collaborative Research: Selenium redox reactions and isotope ratios:  The role of microbial and abiotic Selenium oxidation,Rutgers University New Brunswick
1530422,2015-08-07,338096,Standard Grant,Collaborative Research: Selenium redox reactions and isotope ratios:  The role of microbial and abiotic Selenium oxidation,University of California-Berkeley
1443165,2015-08-10,419999,Continuing Grant,Development of an In-situ Dissolved Oxygen Sensing Network to Map the Temporal Dynamics of the Oxic/Anoxic Interface in Ecosystems,Michigan State University
1450791,2015-08-10,440819,Standard Grant,Acquisition of a superconducting rock magnetometer,University of Wisconsin-Milwaukee
1459228,2015-08-10,339532,Standard Grant,"REU Site: Dynamic Urban Environmental Systems and Sustainability in Newark, NJ",Rutgers University Newark
1524495,2015-08-10,65423,Continuing Grant,Collaborative Research: Thermal Structure of Continental Lithosphere Through Time,Washington University
1524768,2015-08-10,163440,Continuing Grant,Laramide Relamination of Mantle Lithosphere Beneath the Colorado Plateau: A Xenolith Study,Macalester College
1524796,2015-08-10,261521,Continuing Grant,Collaborative Research: Thermal Structure of Continental Lithosphere Through Time,University of Missouri-Columbia
1528553,2015-08-10,225572,Standard Grant,Taphonomic and paleoecological investigation of carbonate-hosted Ediacara-type fossils in the Shibantan Member of Yangtze Gorges area,Virginia Polytechnic Institute and State University
1529756,2015-08-10,277509,Standard Grant,Understanding Extreme Nearshore Wave Events through Studies of Coastal Boulder Transport,Williams College
1532226,2015-08-10,185827,Standard Grant,MRI: Acquisition of a Scanning Electron Microscope with Energy Dispersive Spectrometry for Collaborative Research in Geobiology,Chico State Enterprises
1532276,2015-08-10,540000,Continuing Grant,MRI: Acquisition of Thermal Ionization Mass-Spectrometer for UCSC W.M. Keck Facility,University of California-Santa Cruz
1550283,2015-08-11,100423,Continuing Grant,Design of an Integrated Borehole Seismic and Geodetic Sensor,University of California-San Diego Scripps Inst of Oceanography
1529963,2015-08-12,235000,Standard Grant,How Geochemistry Provides Habitability: A Case Study of the Microbial Iron Cycle,Arizona State University
1530097,2015-08-12,25238,Standard Grant,Collaborative Research: Cosmogenic nuclide chronology and paleohydraulic modeling of late Pleistocene Missoula floods,Oregon State University
1524798,2015-08-13,270174,Continuing Grant,"Deciphering the Role of Deformation in Orogenic Evolution Through Multi-scale Structural Studies in a ""Crustal Laboratory"", Central Sierra Nevada, California",University of Southern California
1525915,2015-08-13,39091,Standard Grant,Collaborative Research: Cretaceous Vertebrates from Madagascar: A Window into the Biogeographic and Plate Tectonic History of Gondwana,Ohio University
1528273,2015-08-13,270047,Continuing Grant,Cretaceous Vertebrates from Madagascar: A Window into the Biogeographic and Plate Tectonic History of Gondwana,SUNY at Stony Brook
1520872,2015-08-17,374999,Continuing Grant,Mapping the Middle of the Mantle-Core Dynamic,Washington University
1525922,2015-08-17,259443,Standard Grant,Collaborative research: Sea-level responses to sediment erosion and deposition over the past 3 million years,Georgia Tech Research Corporation
1527351,2015-08-17,89430,Continuing Grant,Collaborative research: Sea-level responses to sediment erosion and deposition over the past 3 million years,Harvard University
1447091,2015-08-18,260076,Standard Grant,Spatio-temporal seismicity changes and high-resolution fault zone structures associated with recent large earthquakes in China,Georgia Tech Research Corporation
1520674,2015-08-18,282237,Standard Grant,Collaborative Research:  Reversal frequency versus ancient field strength: Clues from the Jurassic and Cretaceous,University of California-San Diego Scripps Inst of Oceanography
1520698,2015-08-18,77399,Standard Grant,Collaborative Research:  Reversal frequency versus ancient field strength: Clues from the Jurassic and Cretaceous,Oregon State University
1524476,2015-08-18,202952,Continuing Grant,"RUI: Alpine Loess, Periglacial Uplands, and Exotic Additions: Investigating Past and Present Dust Deposition in the Alpine Zone of the Uinta Mountains, Utah",Middlebury College
1531719,2015-08-25,168245,Standard Grant,MRI: Acquisition of an Inductively Coupled Plasma- Mass Spectrometry (ICP MS) for elemental concentration and speciation analysis at Montclair State University,Montclair State University
1550840,2015-08-26,42296,Standard Grant,"Meeting of Experts: Discussion of National Science Foundation Division of Earth Sciences Workshop Report on ""Future Seismic and Geodetic Facility Needs in the Geosciences""",National Academy of Sciences
1533790,2015-08-31,227500,Continuing Grant,Facility Support: Pinon Flat Observatory - Longbase Strainmeters Interim Operation,University of California-San Diego Scripps Inst of Oceanography
1551120,2015-08-31,110876,Standard Grant,"REU Site:  Collaborative Research:  Field-Based Research on the Gulf of California Rift Margin, Baja California Sur (Mexico)",University of California-Davis
1452375,2015-09-02,25873,Fellowship Award,EAR-PF: Exploring the evolution of faults and friction through dense repeater event catalogs,"Frank, William B"
1523697,2015-09-08,218697,Standard Grant,Archean continental weathering: Revisiting the Sr isotope seawater curve,University of Wisconsin-Madison
1550155,2015-09-11,21328,Standard Grant,Collaborative Research: Thrust Belt Response to Rapid Surface Uplift of the Altiplano: A Field Test of Cordilleran Cyclicity in Southern Bolivia,Washington State University
1558188,2015-09-11,187000,Continuing Grant,Collaborative Research: Establishing a Novel Geophysical Monitoring Scheme for Delineating In Situ Carbonation Processes in Ultramafic Complexes,Texas A&M University
1349315,2015-09-15,87034,Standard Grant,Collaborative Research: New Constraints on the Geodynamics of the Lake Bonneville Basin,Kansas State University
1349414,2015-09-15,199960,Continuing Grant,Collaborative Research: New Constraints on the Geodynamics of the Lake Bonneville Basin,"Nevada System of Higher Education, Desert Research Institute"
1557265,2015-09-16,18783,Standard Grant,Collaborative Research:   Did Miocene Core Complexes in Western Arizona Initiate as Late Cretaceous Extensional Shear Zones?,Colorado State University
1561882,2015-09-16,92233,Standard Grant,"Collaborative Research: Field-Based Quantification of Dehyration Flux from Subducting Lithologies, Syros and Sifnos, Greece",Boston College
1455432,2015-10-19,228508,Continuing Grant,"Fluid-mobile and volatile element (Cl, B, and Li) cycling through the forearc: Case study of cold and thermal spring geochemistries from the Hikurangi accretionary prism, New Zeala",University of Texas at Austin
1520081,2015-10-19,395000,Continuing Grant,Using Dense Seismic Arrays to Determine Structure in the Los Angeles Basin,California Institute of Technology
1520680,2015-10-19,298000,Continuing Grant,Imaging the Fine Structure of Earthquakes and Faults with High-Precision Aftershocks,Columbia University
1600587,2015-10-19,85720,Standard Grant,"Collaborative Research: Climate and Glacier change in Bhutan: the last millennia, present and future",University of Utah
1558300,2015-10-23,45000,Standard Grant,"Emerging Issues in Tropical Ecohydrology; June 5-9, 2016; Cuenca, Ecuador",Texas A&M AgriLife Research
1520690,2015-10-26,429990,Continuing Grant,High-Resolution Imaging of Material Properties in the Cascadia Subduction Zone,Woods Hole Oceanographic Institution
1546677,2015-10-26,42225,Standard Grant,"EAGER: Reconstructing the Seismic History of the Teton Fault Using Lake Sediments at Grand Teton National Park, WY",University of Pittsburgh
1560779,2015-10-26,46997,Standard Grant,Atom Probe Tomography (APT) Workshop for Earth Sciences,University of Alabama Tuscaloosa
1529245,2015-11-02,199866,Continuing Grant,"Collaborative Research: Watershed, estuarine, and local drivers of coastal marsh establishment and resilience",College of William & Mary Virginia Institute of Marine Science
1530233,2015-11-02,188577,Continuing Grant,"Collaborative Research: Watershed, estuarine, and local drivers of coastal marsh establishment and resilience",Duke University
1600902,2015-11-02,36586,Standard Grant,EAGER Collaborative Research: Exploring dust impacts on terrestrial ecosystem processes using an innovative and integrated approach,University of North Texas
1600947,2015-11-02,8559,Standard Grant,EAGER Collaborative Research: Exploring dust impacts on terrestrial ecosystem processes using an innovative and integrated approach,University of Texas at El Paso
1600392,2015-11-05,30050,Standard Grant,"2016 Gordon Research Conference on Flow & Transport in Permeable Media:Bridging the Gap Between Scales and Processes for Strongly Coupled Systems; Girona, Spain; July 30-31, 2016",Gordon Research Conferences
1603674,2015-11-05,224948,Standard Grant,Collaborative research: Validation of the Lacustrine Branched GDGT Paleothermometer,University of Arizona
1604063,2015-11-06,19999,Standard Grant,Floodplain geomorphology and circulation,University of South Carolina at Columbia
1606856,2015-11-09,5015924,Cooperative Agreement,Consortium for Materials Properties Research in Earth Sciences (COMPRES): National Facilities and Infrastructure Development for High-Pressure Geosciences Research,University of New Mexico
1606519,2015-11-10,42240,Standard Grant,International Symposium on Observations and Modeling of Land Surface Water and Energy Exchanges across Scales: Learning from the past and looking to the future,Princeton University
1520006,2015-11-19,404982,Continuing Grant,Experimental studies on plastic deformation of the lower mantle materials,Yale University
1602764,2015-11-19,32924,Standard Grant,"RAPID: GPS Observations of Co- and Post-seismic Deformation in the Argentine Andes, Precordillera, and Sierras Pampeanas from the 16 Sep 2015, Mw 8.3, Illapel, Chile, Earthquake",University of Memphis
1547234,2015-11-23,180000,Continuing Grant,Improved estimation of free oscillation splitting coefficients using a combination of autoregressive estimation and the neighborhood algorithm,University of California-San Diego Scripps Inst of Oceanography
1566253,2015-11-24,17799,Standard Grant,RAPID: Illapel Earthquake and Tsunami - Environmental Impacts on the North Central Chile Coast,Rutgers University New Brunswick
1600816,2015-11-24,46724,Standard Grant,RAPID: An Integrated Study of Post-fire Wind and Water Erosion in Western Rangelands,Boise State University
1600890,2015-11-27,99990,Standard Grant,"Broadband Seismological Observations of Aftershocks of the September 16, 2015 Mw 8.3 Illapel Earthquake, Chile",University of Florida
1550154,2015-12-01,249622,Standard Grant,"Collaborative Research: Unraveling Protracted Tectonic Reactivation in Cordilleran Metamorphic Core Complexes: Funeral Mountains, California",Northern Arizona University
1550158,2015-12-01,295669,Standard Grant,"Collaborative Research: Unraveling Protracted Tectonic Reactivation in Cordilleran Metamorphic Core Complexes: Funeral Mountains, California",University of Nevada Las Vegas
1547368,2015-12-04,107678,Standard Grant,Improving the vertical and horizontal resolution of seismic anisotropy and heterogeneity using surface waves,Brown University
1547483,2015-12-04,147867,Standard Grant,Evaluating aging and hydration effects on geomagnetic paleointensity in natural glass,University of Wisconsin-Milwaukee
1547499,2015-12-07,269934,Continuing Grant,Constraining lowermost mantle flow through observations and models of seismic anisotropy,Yale University
1547605,2015-12-07,226852,Standard Grant,Estimating the Character of Paleomagnetic Field Excursions and Surrounding Secular Variation at Equatorial Latitudes (Equatorial W. Atlantic; MIS 1-4),University of Southern California
1551344,2015-12-07,340000,Standard Grant,"Experimental Calibration of the Olivine-melt Ni Thermometer Under Hydrous Conditions: Applications to Hygrometry, Oxybarometry and Olivine Phenocryst Growth Rates",Regents of the University of Michigan - Ann Arbor
1547228,2015-12-08,179341,Continuing Grant,Collaborative Research: Seismic Investigation of Slab Structure and Back Arc Volcanism in the Sea of Japan Region,William Marsh Rice University
1547269,2015-12-08,697956,Continuing Grant,Phase IV: Continued Development of the Core Fluid Dynamics Laboratory at UCLA,University of California-Los Angeles
1547494,2015-12-08,271837,Continuing Grant,Collaborative Research: Seismic Investigation of Slab Structure and Back Arc Volcanism in the Sea of Japan Region,University of Texas at Austin
1547516,2015-12-08,194000,Continuing Grant,Space geodetic observations and modeling of co- and post-seismic deformation due to the 2015 M7.8 Gorkha (Nepal) earthquake,University of California-San Diego Scripps Inst of Oceanography
1613122,2015-12-08,14242,Standard Grant,RAPID: Exploiting El Nino to Test for Shear Dilation in a Slow Moving Landslide,University of California-Santa Cruz
1619880,2015-12-08,180623,Standard Grant,Collaborative Research:   Deformation-induced Hydration of Peridotite Mylonites in Nature and Experiments,University of Delaware
1552202,2015-12-10,320000,Continuing Grant,Processes and Rates of Arc Crust Growth and Differentiation in the Southern Sierra Nevada Crustal Section,Massachusetts Institute of Technology
1531682,2015-12-14,52298,Standard Grant,Facility Support: Continued capture of postseismic deformation using GPS instrumentation on the Andaman Islands due to the great 2004 and 2012 earthquakes,University of Memphis
1608241,2015-12-17,74986,Standard Grant,RAPID: Galapagos lake chemistry and plankton assemblage during the 2015-16 El Nino,University of Washington
1542213,2015-12-18,49999,Standard Grant,EAGER: Exploring the potential for the 1.1 Ga Copper Harbor Conglomerate to yield information on terrestrial environments during the rise of the eukaryotes,University of California-Los Angeles
1555407,2015-12-18,29114,Standard Grant,"Conference Support for Karst, Groundwater Contamination & Public Health: Moving Beyond Case Studies",Karst Water Institute
1612944,2015-12-21,6900,Standard Grant,Collaborative Research: Calibrating Shallow Geophysical Techniques to Detect Large Wood Buried in River Corridors,Colorado State University
1612983,2015-12-21,8855,Standard Grant,Collaborative Research: Calibrating Shallow Geophysical Techniques to Detect Large Wood Buried in River Corridors,Colorado School of Mines
1620977,2015-12-21,40432,Standard Grant,"RAPID: Geochemical and Geophysical Observations of the 2015 Eruption of Volcan Momotombo, Nicaragua",Pennsylvania State Univ University Park
1463936,2015-12-22,249800,Standard Grant,Acquisition of a Laser Ablation-HPLC-ICP-MS system,SUNY at Binghamton
1551311,2015-12-22,186702,Standard Grant,MexiDrill: The Basin of Mexico Drilling Program,University of Minnesota Duluth
1551388,2015-12-22,133017,Standard Grant,"Li Isotope Behavior in Zircons, with Implications for the Hadean Earth","University of Maryland, College Park"
1551429,2015-12-22,48822,Standard Grant,MexiDrill: The Basin of Mexico Drilling Program,University of Minnesota-Twin Cities
1543950,2016-01-07,43642,Standard Grant,Acquisition of a Nikon LV100 Polarizing Microscope for Research and Student Training,New Mexico Highlands University
1551467,2016-01-15,350000,Standard Grant,Subcretion Versus Relamination: Testing Processes of Lower Crustal Modification in the Klamath Mountain Accretionary Province,Texas Tech University
1550091,2016-01-19,231613,Standard Grant,"Global Eustasy or Tectonic Subsidence? Investigating Controls on Basin Evolution During Cenozoic Plate Reorganization, Magallanes Basin, Patagonia",Indiana University
1551348,2016-01-19,336787,Standard Grant,"Experimental Studies on Melting (Mg, Fe)O Ferropericlase",Yale University
1613067,2016-01-19,72577,Standard Grant,Risk Retirement for WAMS: The Water and Ash MM-wave Spectrometer,Arizona State University
1562713,2016-01-21,257828,Continuing Grant,Longitudinal patterns of organic carbon storage in mountainous river networks,Colorado State University
1551300,2016-01-26,299086,Standard Grant,Physical Properties of Partially Molten Rocks from Microtomography Experiments and Digital Rock Physics,"University of Maryland, College Park"
1551431,2016-01-26,350000,Continuing Grant,Quantifying the Volume Changes During Serpentinization of Peridotite using Hydrothermal Laboratory Experiments and X-ray Microtomography,Woods Hole Oceanographic Institution
1551433,2016-01-26,410000,Continuing Grant,Fate of Subducted Carbonates: Structure Prediction and Solid Solution Modeling,California Institute of Technology
1545986,2016-01-27,194176,Standard Grant,Collaborative Research: Reconstructing the Origins of the Colorado River: An Integrative Study of the Miocene-Pliocene Bouse Formation,University of New Mexico
1545998,2016-01-27,111143,Standard Grant,Collaborative Research: Reconstructing the Origins of the Colorado River: An Integrative Study of the Miocene-Pliocene Bouse Formation,University of Arizona
1546006,2016-01-27,209103,Standard Grant,Collaborative Research: Reconstructing the Origins of the Colorado River: An Integrative Study of the Miocene-Pliocene Bouse Formation,University of Oregon Eugene
1552230,2016-01-27,249931,Standard Grant,Cosmogenic surface exposure dating of Cordilleran-Laurentide ice-sheet separation during the last deglaciation: implications for abrupt sea-level rise,Oregon State University
1559196,2016-01-27,363329,Standard Grant,Stratigraphic Paleobiology and Historical Ecology of Po Basin,University of Florida
1550097,2016-02-02,380268,Continuing Grant,Cenozoic Basin Development and Environmental Change in the Peruvian Altiplano and Implications for Uplift Mechanisms,University of Houston
1551753,2016-02-02,114900,Continuing Grant,Collaborative Research: A community velocity field for East Africa,Massachusetts Institute of Technology
1551823,2016-02-02,128398,Continuing Grant,Collaborative Research: A community velocity field for East Africa,University of Montana
1551226,2016-02-04,259903,Standard Grant,Terrestrial Applications of the Triple Oxygen Isotope Geothermometer,University of New Mexico
1552211,2016-02-04,408616,Standard Grant,In situ synchrotron X-ray diffraction of Fe oxide transformations in aqueous solutions,Pennsylvania State Univ University Park
1554846,2016-02-04,585000,Continuing Grant,CAREER: Induced seismicity: Increasing understanding of fluids in fault zones and engaging stakeholders for rapid knowledge transfer,Cornell University
1530582,2016-02-08,150388,Standard Grant,Early Career:  Acquisition of an ICP-OES to Support Research and Education in the Environmental Geosciences,Rutgers University Newark
1522012,2016-02-09,88327,Standard Grant,Collaborative Research: The Asthenosphere and Mantle Dynamics,William Marsh Rice University
1547560,2016-02-09,182294,Continuing Grant,Comprehensive high-precision relocation of global seismicity,Columbia University
1551247,2016-02-09,163424,Standard Grant,RUI: Thermal Consequences and Textural Signatures of Reinjection in Mafic Sills,Slippery Rock University of Pennsylvania
1613904,2016-02-10,9985,Standard Grant,Supplemental funds to enhance U.S. student participation at River Flow 2016,Saint Louis University
1621858,2016-02-10,20000,Standard Grant,GSA Penrose Conference on Layered Mafic Intrusions an Associated Economic Deposits,Southern Illinois University at Carbondale
1551023,2016-02-11,79019,Standard Grant,Collaborative Research: Characterizing and Modeling Crustal Recycling,Woods Hole Oceanographic Institution
1551054,2016-02-11,332772,Standard Grant,Collaborative Research: Characterizing and Modeling Crustal Recycling,University of California-Santa Barbara
1551437,2016-02-11,280560,Standard Grant,Insights into the Earliest Magmas from Inclusions and Trace Elements in Zircon,University of California-Los Angeles
1554134,2016-02-11,510703,Standard Grant,CAREER: Retention and Mobility of Beryllium in Soils and Sedimentary Environments,University of Pennsylvania
1555388,2016-02-11,570000,Continuing Grant,CAREER: Elasticity and Lattice Dynamics of Iron Alloys under Earth's Core Conditions,University of Hawaii
1558675,2016-02-11,214952,Standard Grant,Landscape controls on hydrologic responses to long-term climate oscillations,North Carolina State University
1619535,2016-02-11,20000,Standard Grant,Isaac Newton Institute Program on Melt in the Mantle,Yale University
1545623,2016-02-12,359582,Continuing Grant,Impact of Changing Flood Frequency on Sediment Connectivity Between River Channels and their Riparian Margins,Dartmouth College
1549902,2016-02-12,112026,Standard Grant,Collaborative Research: Origin of Long-lived Crustal Shear Zones as Transforms or Subduction Zones?,University of Iowa
1550110,2016-02-12,134093,Standard Grant,Collaborative Research: Origin of Long-lived Crustal Shear Zones as Transforms or Subduction Zones?,Western Washington University
1550114,2016-02-12,181790,Standard Grant,Collaborative Research: Origin of Long-lived Crustal Shear Zones as Transforms or Subduction Zones?,University of California-Davis
1551052,2016-02-12,210985,Standard Grant,Collaborative Research: Thermodynamics of Magma Mixing,Central Washington University
1551056,2016-02-12,251997,Continuing Grant,Collaborative Research: Thermodynamics of Magma Mixing,University of California-Santa Barbara
1551187,2016-02-12,354938,Continuing Grant,"Timing, Rates and History of Post-YTT (<74ka) Resurgent Uplift of Samosir Island, Toba, Sumatra",Oregon State University
1553878,2016-02-12,433918,Continuing Grant,CAREER: Characterizing the Physical/Chemical Evidence of Volcanic Lightning,University of Alabama Tuscaloosa
1555346,2016-02-12,198998,Continuing Grant,CAREER: Rheological Evolution of Subduction Interface Shear Zones: Insights From   Exhumed Subduction Complexes,University of Texas at Austin
1524811,2016-02-16,329971,Continuing Grant,Experimental Calibration of Inter-mineral Magnesium and Iron Isotope Fractionation at High Temperatures,University of California-Los Angeles
1551321,2016-02-16,439000,Continuing Grant,ABR: Experimental Studies of Hydrous Mantle Melting,Massachusetts Institute of Technology
1551343,2016-02-16,376200,Continuing Grant,Collaborative Research: Equilibrium and Kinetic Studies of New Trace Element Thermobarometers,Syracuse University
1551381,2016-02-16,373207,Standard Grant,Collaborative Research: Equilibrium and Kinetic Studies of New Trace Element Thermobarometers,Rensselaer Polytechnic Institute
1554897,2016-02-16,179861,Standard Grant,"COLLABORATIVE RESEARCH:  A Remarkable New Fossil Assemblage from the Burgess Shale at Marble Canyon, Kootenay National Park",University of California-Davis
1555216,2016-02-16,375696,Continuing Grant,CAREER:Continental Paleoenvironmental Responses to Carbon Cycle Perturbations During the mid-Cretaceous Greenhouse,University of Texas at San Antonio
1556226,2016-02-16,148293,Standard Grant,"COLLABORATIVE RESEARCH:  A Remarkable New Fossil Assemblage from the Burgess Shale at Marble Canyon, Kootenay National Park",Pomona College
1554554,2016-02-18,497413,Continuing Grant,CAREER: Investigating the Causes and Consequences of Flat-Slab Subduction in Lithosphere Evolution,University of Illinois at Urbana-Champaign
1535824,2016-02-23,162557,Standard Grant,Early Career: Upgrade of Isotope Ratio Mass Spectrometer at Boston College,Boston College
1550133,2016-02-23,269926,Standard Grant,Physical and Numerical Experiments of Slip Partitioning under Oblique Strike-slip,University of Massachusetts Amherst
1550935,2016-02-23,186606,Standard Grant,Collaborative Research: Testing the Existence of Magma Mush Zones and Potential Processes of Magma Differentiation in the Mid-crust with In situ Mineral Geochemistry,CSU Fullerton Auxiliary Services Corporation
1550969,2016-02-23,136077,Standard Grant,Collaborative Research: Testing the Existence of Magma Mush Zones and Potential Processes of Magma Differentiation in the Mid-crust with In situ Mineral Geochemistry,Texas Tech University
1464613,2016-02-24,161287,Standard Grant,Acquisition of Equipment for Calibration and Engineering Tests for University of Iowa's XPOL Radars,University of Iowa
1555041,2016-02-24,536987,Standard Grant,CAREER: Fire management effects on Sierra Nevada ecohydrology - a dynamical systems approach,University of California-Berkeley
1625032,2016-02-24,365860,Continuing Grant,"CAREER: Investigating the Relationship Between Mantle Shear Localization, Melt Flow and Water Content",University of Delaware
1630044,2016-02-24,194940,Standard Grant,Collaborative Research: What hydrogeochemical processes control weathering in the deep critical zone of unburied karst landscapes?,University of South Florida
1536486,2016-02-25,76207,Standard Grant,Early Career: Acquisition of Laser Diffractometer Particle Size Analyzer for Grain Size Analyses of Pyroclastic and Sedimentary Deposits,University of Alabama Tuscaloosa
1547286,2016-02-25,254833,Continuing Grant,Collaborative Research: Laboratory and Theoretical Investigations of the Micro-Mechanical Origins of Rate and State Friction on Tectonic Faults,Princeton University
1547441,2016-02-25,305000,Continuing Grant,Collaborative Research: Laboratory and Theoretical Investigations of the Micro-Mechanical Origins of Rate and State Friction on Tectonic Faults,Pennsylvania State Univ University Park
1634422,2016-02-26,320000,Continuing Grant,Aluminous phase at high-pressures & temperatures: Elasticity and Energetics of hydrogen incorporation,Florida State University
1547523,2016-03-01,197763,Continuing Grant,Extreme Interaction Between Atmosphere and Solid Earth: Understanding the Forcing Mechanism by Hurricanes and its Application for Monitoring,University of California-Santa Barbara
1551342,2016-03-01,149947,Standard Grant,Acquisition of a Scanning Electron Microscope for Earth Science Research and Training of the Next Generation of Geoscientists,University of Kentucky Research Foundation
1552304,2016-03-01,435444,Continuing Grant,CAREER: Departure from Monin-Obukhov Similarity Theory (MOST) using high-resolution turbulence models,Columbia University
1559416,2016-03-01,124645,Standard Grant,Upgrade of an Internally Heated Pressure Vessel (IHPV) in the AMNH Earth and Planetary Sciences Department,American Museum Natural History
1561173,2016-03-01,265000,Standard Grant,Collaborative Research: Alteration of microbially-produced carbonate rock by unicellular predators to better understand early Earth's dominant ecosystem,University of Connecticut
1561204,2016-03-01,255001,Standard Grant,Collaborative Research: Alteration of microbially-produced carbonate rock by unicellular predators to better understand early Earth's dominant ecosystem,Woods Hole Oceanographic Institution
1561847,2016-03-01,385241,Standard Grant,The Influence of Intertidal Sandbar Welding on Dune Growth,Oregon State University
1547071,2016-03-04,224262,Standard Grant,"Collaborative Research: Multi-scale validation of earthquake source parameters to resolve any spatial, temporal or magnitude-dependent variability at Parkfield, CA",University of Oklahoma Norman Campus
1547083,2016-03-04,158692,Continuing Grant,"Collaborative Research: Multi-scale validation of earthquake source parameters to resolve any spatial, temporal or magnitude-dependent variability at Parkfield, CA",Trustees of Boston University
1547495,2016-03-04,79490,Standard Grant,Collaborative Research: Nano- and micro-particle transport prediction in subsurface media: The role of heterogeneity and structure,Johns Hopkins University
1547533,2016-03-04,270644,Standard Grant,Collaborative Research: Nano- and micro-particle transport prediction in subsurface media: The role of heterogeneity and structure,University of Utah
1554894,2016-03-04,779879,Continuing Grant,CAREER: The effects of non-rainfall moisture inputs on dryland ecosystem functions,Indiana University
1632674,2016-03-04,16517,Standard Grant,"Structural Geology and Tectonics Forum at Sonoma State University, Rohnert Park, CA, August 1st - 3rd, 2016",Sonoma State University
1547492,2016-03-08,185500,Continuing Grant,Collaborative Research: Experimental analysis of strain transients in a heterogeneous semi-brittle system: Implications for tectonics,Iowa State University
1547532,2016-03-08,66648,Continuing Grant,Collaborative Research: Experimental analysis of strain transients in a heterogeneous semi-brittle system: Implications for tectonics,University of Texas at Austin
1602106,2016-03-08,517032,Continuing Grant,Tapping outstanding new lake records of annual- to millennial-scale Holocene climate variability in the north Pacific region,Northern Arizona University
1617040,2016-03-08,49961,Standard Grant,RAPID: Extreme Flooding Mobilized Natural Organic Matter from Forested Wetlands - Implication of Mercury and Carbon Cycling in Coastal Blackwater Rivers,Clemson University
1554990,2016-03-09,473335,Continuing Grant,CAREER: The Last Glacial Termination in Interior Asia,University of Maine
1560664,2016-03-09,174343,Standard Grant,Acquisition Of A Gas Source Stable Isotope Ratio Mass Spectrometer (IRMS) For Earth And Ocean Sciences Research At Florida State University,Florida State University
1524815,2016-03-11,243551,Standard Grant,Seismotectonics of the Zagros (Iran) From Orogen-wide Earthquake Relocations,Colorado School of Mines
1608035,2016-03-14,74485,Interagency Agreement,Hot spots and moments in river corridors: a continental scale synthesis of river hydrogeomorphology and cumulative influence on water quality,John Wesley Powell Center
1636715,2016-03-14,14500,Standard Grant,NSF-RAPID:   Rapid Response for the M5.1 Fairview Earthquake - Detailed Understanding of the Fault Systems in Western Oklahoma,University of Oklahoma Norman Campus
1550101,2016-03-15,208241,Continuing Grant,Collaborative Research: Quantifying Paleotopography and Paleoclimate to Test Geodynamic Models in the Peruvian Andes,Regents of the University of Michigan - Ann Arbor
1550134,2016-03-15,430082,Continuing Grant,Collaborative Research: Quantifying Paleotopography and Paleoclimate to Test Geodynamic Models in the Peruvian Andes,Regents of the University of Idaho
1550147,2016-03-15,61138,Continuing Grant,Collaborative Research: Quantifying Paleotopography and Paleoclimate to Test Geodynamic Models in the Peruvian Andes,University of Texas at Austin
1560196,2016-03-15,494273,Continuing Grant,REU Site: Earth Science on Volcanic Islands,University of Hawaii
1546635,2016-03-21,227565,Continuing Grant,Collaborative Research: Understanding the crustal link between the Columbia River flood basalts and lithospheric foundering.,California Institute of Technology
1547594,2016-03-21,364959,Continuing Grant,Collaborative Research: Understanding the crustal link between the Columbia River flood basalts and lithospheric foundering.,University of Oregon Eugene
1541516,2016-03-22,599944,Continuing Grant,"Development of X-ray Atlas, a high-brilliance high-sensitivity high-load-capacity X-ray diffractometer for mineralogy and mineral physics research at the University of Hawaii",University of Hawaii
1547575,2016-03-22,136103,Standard Grant,Upgrades to Shock Wave Laboratory for Research in High-Pressure Earth Science,California Institute of Technology
1560912,2016-03-22,38494,Standard Grant,Collaborative Research: Experimental determination of trace element diffusion rates in tooth enamel,Arizona State University
1561027,2016-03-22,170724,Standard Grant,Collaborative Research: Experimental determination of trace element diffusion rates in tooth enamel,Boise State University
1547434,2016-03-23,286310,Continuing Grant,COLLABORATIVE RESEARCH:  Testing proposed rapid true polar wander in the Neoproterozoic Zavkhan Volcanics of Mongolia and the Banxi Group of South China,University of California-Berkeley
1547537,2016-03-23,242906,Continuing Grant,COLLABORATIVE RESEARCH:   Testing proposed rapid true polar wander in the Neoproterozoic Zavkhan Volcanics of Mongolia and the Banxi Group of South China,Harvard University
1547596,2016-03-24,106299,Interagency Agreement,Collaborative Research: From Loading to Rupture - how do fault geometry and material heterogeneity affect the earthquake cycle?,Naval Postgraduate School
1547603,2016-03-24,241759,Standard Grant,Collaborative Research: From Loading to Rupture - how do fault geometry and material heterogeneity affect the earthquake cycle?,Portland State University
1535812,2016-03-25,530225,Continuing Grant,Early Career: acquisition of a superconducting rock magnetometer with automated sample handling and rock magnetic characterization for paleomagnetism research,Rutgers University New Brunswick
1566134,2016-03-25,292410,Continuing Grant,Collaborative Research: Reconstruction of Paleo-Storm History Using Geochemical Proxies in Coastal Lake Sediments,Florida State University
1566180,2016-03-25,132067,Standard Grant,Collaborative Research: Reconstruction of Paleo-Storm History Using Geochemical Proxies in Coastal Lake Sediments,The University of Central Florida Board of Trustees
1600956,2016-03-25,396108,Continuing Grant,"CSEDI: Integrated seismic, geodynamic, and mineral physics studies of the deepest lower mantle",California Institute of Technology
1632754,2016-03-31,16200,Standard Grant,Collaborative Research: Resolving the Controversy of REE Diffusion in Olivine,Rensselaer Polytechnic Institute
1632815,2016-03-31,75647,Standard Grant,Collaborative Research:  Resolving the Controversy of REE Diffusion in Olivine,Brown University
1553367,2016-04-04,521402,Continuing Grant,CAREER:   Illuminating the Tectonic History of North America with Seismic Models of Shear Attenuation and Velocity,Brown University
1554269,2016-04-04,202722,Continuing Grant,Development of field emission low-voltage EPMA technique to sub-micron features in geoscience,University of Wisconsin-Madison
1554908,2016-04-04,525838,Continuing Grant,CAREER: Mantle Seismic Structure Beneath North America and Evolving Seismcity in the Raton Basin,University of New Mexico
1565511,2016-04-04,194195,Standard Grant,What are the seismic expressions of deep thermal and thermochemical plumes?,Regents of the University of Michigan - Ann Arbor
1565614,2016-04-04,335000,Continuing Grant,Near Continent Intraplate Magmatism in the Atlantic: Implications for Mantle Dynamics and Melting,Virginia Polytechnic Institute and State University
1620010,2016-04-04,30000,Standard Grant,Support for 2016 Gordon Research Conference and Gordon Research Seminar on Rock Deformation,Gordon Research Conferences
1552329,2016-04-05,271601,Standard Grant,Collaborative Research:  Multimodel Bayesian Data-Worth Analysis for Groundwater Remediation Design,Florida State University
1552351,2016-04-05,183760,Standard Grant,Collaborative Research:   Multimodel Bayesian Data-Worth Analysis for Groundwater Remediation Design,University of Colorado at Boulder
1559862,2016-04-05,284026,Continuing Grant,REU Site:   Hazards and Risks of Climate Change in the Pacific Northwest,Central Washington University
1610612,2016-04-05,259869,Standard Grant,Mapping Small-scale Mantle Heterogeneities Using USArray,Yale University
1619767,2016-04-05,460762,Standard Grant,Advancing Mechanistic Understanding of Two-Fluid-Phase Flow in Porous Medium  Systems,University of North Carolina at Chapel Hill
1561473,2016-04-07,68110,Standard Grant,Collaborative Research: Forest Water Use and the Influence of Acid Deposition,Rider University
1562019,2016-04-07,269675,Standard Grant,Collaborative Research:  Forest Water Use and the Influence of Acid Deposition,University of Virginia Main Campus
1562055,2016-04-07,99212,Standard Grant,Collaborative Research:  Forest Water Use and the Influence of Acid Deposition,Indiana University
1562127,2016-04-07,155259,Standard Grant,Collaborative Research:  Forest Water Use and the Influence of Acid Deposition,University of New Hampshire
1625120,2016-04-07,22000,Standard Grant,Student Travel Support for Electron Backscatter Diffraction 2016 Topical Conference,University of Alabama Tuscaloosa
1632366,2016-04-07,22500,Standard Grant,Early Career Scholar Support for 2016 Electron Probe Microanalysis Topical Conference,University of Wisconsin-Madison
1551868,2016-04-08,243893,Continuing Grant,Magma ascent and eruption in the Aleutian arc,Columbia University
1636548,2016-04-08,135317,Standard Grant,Subduction Zone Observatories Workshop,EARTHSCOPE CONSORTIUM INC.
1565475,2016-04-11,289882,Standard Grant,"Collaborative Research: Subduction Dynamics, Mantle Structure, and Cenozoic Tectonic Evolution of South America",University of Arizona
1565640,2016-04-11,250000,Continuing Grant,"Collaborative Research:  Subduction Dynamics, Mantle Structure, and Cenozoic Tectonic Evolution of South America",University of Illinois at Urbana-Champaign
1550929,2016-04-12,285762,Continuing Grant,Understanding Chromium Redox Systematics Mafic Magmas:  Applications to Magmatic fO2 Calculations and Chromite Solubility,University of New Mexico
1547556,2016-04-14,480000,Continuing Grant,Rheology of Lower Mantle Perovskites,SUNY at Stony Brook
1557232,2016-04-18,567594,Continuing Grant,"Integrated geological, geophysical, and hydrological study of field-scale fault-zone cementation and permeability",New Mexico Institute of Mining and Technology
1637660,2016-04-20,7000,Standard Grant,"Support for Beginning Scientists to Attend 15th SEDI meeting in Nantes, France",Simon's Rock of Bard College
1600766,2016-04-22,34410,Standard Grant,EAGER: Collaborative Research: Development of an isotope-enabled reactive transport tool to simulate carbon transformations in karst environments,Vanderbilt University
1600931,2016-04-22,45288,Standard Grant,EAGER:  Collaborative Research:  Development of an isotope-enabled reactive transport tool to simulate carbon transformations in karst environments,University of Illinois at Urbana-Champaign
1638133,2016-04-22,30000,Standard Grant,"Graduate Student Travel Support Program for the 2016 V. M. Goldschmidt Conference in Yokohama, Japan, June 26-July 1, 2016",The Geochemical Society
1638732,2016-04-22,150005,Interagency Agreement,Collaborative Research: New Constraints on the Geodynamics of the Lake Bonneville Basin (JPL Task Plan 82-17106),National Aeronautics and Space Administration
1634055,2016-04-25,99123,Standard Grant,"Community Workshop: COCONet - Results, Sustainability, and Capacity Building","UNAVCO, Inc."
1639552,2016-04-25,96841,Continuing Grant,High-pressure and Temperature Elasticity and Equation of State of Hydrous Phase,Florida State University
1559348,2016-04-27,558035,Standard Grant,The role of in-channel aquatic vegetation on hyporheic exchange,Regents of the University of Idaho
1606528,2016-04-27,180000,Standard Grant,Collaborative Research: Rheology of the Earth's Transition Zone - An Integrated Approach,Brown University
1606793,2016-04-27,360000,Continuing Grant,Collaborative Research: Rheology of the Earth's Transition Zone - An Integrated Approach,SUNY at Stony Brook
1639089,2016-04-27,15000,Standard Grant,Support for 23rd Workshop onElectromagnetic Induction in the Earth,Oregon State University
1603051,2016-04-28,347945,Continuing Grant,Development of new high-resolution pCO2 records for quantifying Earth system climate sensitivity,University of Louisiana at Lafayette
1632903,2016-04-28,26574,Standard Grant,EAGER: Dynamic Response of the Soil Production Function to Erosion Rates,Arizona State University
1561622,2016-04-29,522308,Continuing Grant,Facility Support: High-Resolution X-ray Computed Tomography Laboratory,University of Texas at Austin
1614218,2016-04-29,520000,Standard Grant,"Water, Drought and Snowpack Monitoring in the United States Using the EarthScope Plate Boundary Observatory GPS Network",University of California-San Diego Scripps Inst of Oceanography
1549676,2016-05-02,75924,Standard Grant,Collaborative Research: Geological Evolution of the Midcontinent Rift as a Hybrid Rift and Large Igneous Province,Syracuse University
1549764,2016-05-02,192432,Standard Grant,Collaborative Research: Geological Evolution of the Midcontinent Rift as a Hybrid Rift and Large Igneous Province,Michigan State University
1549920,2016-05-02,60368,Standard Grant,Collaborative Research: Geological Evolution of the Midcontinent Rift as a Hybrid Rift and Large Igneous Province,University of Illinois at Chicago
1550108,2016-05-02,113741,Standard Grant,Collaborative Research: Geological Evolution of the Midcontinent Rift as a Hybrid Rift and Large Igneous Province,Northwestern University
1550704,2016-05-03,198002,Standard Grant,Collaborative Research:  Mining Seismic Wavefields,California Institute of Technology
1551022,2016-05-03,149427,Standard Grant,Collaborative Research: Mining Seismic Wavefields,Georgia Tech Research Corporation
1551411,2016-05-03,526248,Standard Grant,Collaborative Research: Mining Seismic Wavefields,University of Southern California
1551462,2016-05-03,286562,Standard Grant,Collaborative Research: Mining Seismic Wavefields,Stanford University
1550934,2016-05-04,527799,Continuing Grant,Geoinformatics: alphaMELTS computational thermodynamics software,California Institute of Technology
1602590,2016-05-04,367487,Continuing Grant,A Terrestrial Perspective of Last Millennium Hydroclimate Variability in the Central Tropical Pacific,University of Illinois at Urbana-Champaign
1559716,2016-05-06,330532,Continuing Grant,REU Site: UTEP-ROCCS (University of Texas at El Paso - Research Opportunities for Community College Students),University of Texas at El Paso
1608014,2016-05-06,315052,Standard Grant,Fracture density and grain size controls on the relief structure of bedrock landscapes,Pennsylvania State Univ University Park
1638851,2016-05-09,37950,Standard Grant,"Workshop for Information Exchange and Framework Development for Study of Epidemiological, Hydrological, and Social Factors Contributing to Chronic Kidney Disease (CKDu) in Sri Lank",Colorado School of Mines
1460061,2016-05-10,210961,Standard Grant,Collaborative Research:   Magnetotelluric and Seismic Investigations of the Distribution of Magmatic and Hydrous Fluids Beneath Yellowstone,University of Wisconsin-Madison
1460294,2016-05-10,272189,Standard Grant,Collaborative Research:   Magnetotelluric and Seismic Investigations of the Distribution of Magmatic and Hydrous Fluids Beneath Yellowstone,Oregon State University
1558479,2016-05-10,255494,Standard Grant,Towards the continuous monitoring of natural hazards from river floods and debris flows from seismic observations,California Institute of Technology
1602280,2016-05-10,94240,Standard Grant,COLLABORATIVE RESEARCH:   CONSTRAINING THE TIMING AND RATE OF SOUTHEASTERN LAURENTIDE ICE SHEET THINNING DURING THE LAST DEGLACIATION WITH COSMOGENIC NUCLIDE DIPSTICKS,University of Vermont & State Agricultural College
1603175,2016-05-10,70095,Standard Grant,Collaborative Research:   Constraining the timing and rate of southeastern Laurentide Ice Sheet thinning during the last deglaciation with cosmogenic nuclide dipsticks,Boston College
1603224,2016-05-10,101190,Standard Grant,Collaborative Research:   Constraining the timing and rate of southeastern Laurentide Ice Sheet thinning during the last deglaciation with cosmogenic nuclide dipsticks,Bentley University
1614942,2016-05-10,358584,Standard Grant,Does Proximity of Hydraulic Fracturing and Wastewater Disposal to Basement Increase the Likelihood of Induced Seismicity in the Central and Eastern US?,Miami University
1619606,2016-05-10,186607,Standard Grant,Evidence for Dynamic Weakening Mechanisms in the San Andreas Fault: Microgeochemistry and Microthermometry of Fault-related Rocks from SAFOD Core and Exhumed Faults,Utah State University
1614802,2016-05-12,205000,Standard Grant,Collaborative Research: Using GPS to Unravel the Long-Term Kinematics and Dynamics of the American Southwest from an Ever-Changing Deformation Field,University of Arizona
1615253,2016-05-12,246500,Standard Grant,Collaborative Research:  Using GPS to Unravel the Long-Term Kinematics and Dynamics of the American Southwest from an Ever-Changing Deformation Field,"Board of Regents, NSHE, obo University of Nevada, Reno"
1638216,2016-05-12,145254,Standard Grant,Collaborative Research: Determining Functional Correlations Between Geochemical Factors and Microbial Metabolisms in Ultrabasic Serpentinizing Ecosystems,University of Southern California
1638434,2016-05-12,47573,Standard Grant,Collaborative Research: The 2015 Taan Fiord landslide tsunami: An interdisciplinary study of cause & effect,University of Texas at Austin
1638898,2016-05-12,34721,Standard Grant,Collaborative Research:  The 2015 Taan Fiord landslide tsunami: An interdisciplinary study of cause & effect,University of Washington
1638931,2016-05-12,20000,Standard Grant,Collaborative Research: The 2015 Taan Fiord landslide tsunami: An interdisciplinary study of cause & effect,Cornell University
1638979,2016-05-12,25000,Standard Grant,Collaborative Research:  The 2015 Taan Fjord landslide tsunami: An interdisciplinary study of cause & effect,Virginia Polytechnic Institute and State University
1639010,2016-05-12,17568,Standard Grant,Collaborative Research:  The 2015 Taan Fiord landslide tsunami: An interdisciplinary study of cause & effect,Central Washington University
1639643,2016-05-12,120807,Standard Grant,Collaborative Research:  The 2015 Taan Fiord landslide tsunami: An interdisciplinary study of cause & effect,Columbia University
1641040,2016-05-12,20000,Standard Grant,2016 Geochemistry of Mineral Deposits GRC,Gordon Research Conferences
1613359,2016-05-13,375000,Standard Grant,The Calcium and Strontium (radiogenic and stable) isotope geochemistry of weathering in Iceland,Northwestern University
1614066,2016-05-13,187296,Standard Grant,Collaborative Research: Investigating Lithospheric Evolution Beneath the Southern and Northeastern United States,Brown University
1614323,2016-05-13,78828,Standard Grant,Collaborative Research: Quantifying Explosive Volcanism in Alaska Using Seismo-acoustic Wavefields Recorded by USArray,University of Alaska Fairbanks Campus
1614855,2016-05-13,261778,Standard Grant,Collaborative Research:  Quantifying Explosive Volcanism in Alaska Using Seismo-acoustic Wavefields Recorded by USArray,University of California-Santa Barbara
1614860,2016-05-13,159923,Standard Grant,Investigating Lithospheric Evolution Beneath the Southern and Northeastern United States,University of Houston
1615119,2016-05-13,226401,Continuing Grant,Geodetic Characterization of the Easternmost Alaska Subduction Zone,Purdue University
1609027,2016-05-16,100567,Standard Grant,Iron geochemistry and controls on phosphorus bioavailability in northern peatlands,Kent State University
1551415,2016-05-17,148372,Continuing Grant,Collaborative Research: A New Approach to Detrital Provenance Determination: Application of Laser-Induced Breakdown Spectroscopy (LIBS) to the Tourmaline Supergroup Minerals,New Mexico State University
1551434,2016-05-17,207458,Continuing Grant,Collaborative Research: A New Approach to Detrital Provenance Determination: Application of Laser-Induced Breakdown Spectroscopy (LIBS) to the Tourmaline Supergroup Minerals,Louisiana State University
1641138,2016-05-17,27995,Standard Grant,EAGER: Collaborative Research:  Dating mineralization in a Carlin-type gold deposit:  A test of the Fe-oxide (U-Th)/He chronometer,University of Illinois at Urbana-Champaign
1641142,2016-05-17,29325,Standard Grant,EAGER: Collaborative Research: Dating mineralization in a Carlin-type gold deposit: A test of the Fe-oxide (U-Th)/He chronometer,Colorado School of Mines
1460534,2016-05-23,112356,Standard Grant,Continued development of PyChron for 40Ar/39Ar geochronology,New Mexico Institute of Mining and Technology
1550700,2016-05-23,89166,Continuing Grant,"Collaborative Research: Neotoma Paleoecology Database, Community-led Cyberinfrastructure for Global Change Research",University of California - Merced
1550707,2016-05-23,353394,Continuing Grant,"Collaborative Research: Neotoma Paleoecology Database, Community-led Cyberinfrastructure for Global Change Research",University of Wisconsin-Madison
1550716,2016-05-23,77095,Continuing Grant,"Collaborative Research: Neotoma Paleoecology Database, Community-led Cyberinfrastructure for Global Change Research",Lehigh University
1550717,2016-05-23,69832,Continuing Grant,"Collaborative Research: Neotoma Paleoecology Database, Community-led Cyberinfrastructure for Global Change Research",North Dakota State University Fargo
1550721,2016-05-23,48000,Continuing Grant,"Collaborative Research: Neotoma Paleoecology Database, Community-led Cyberinfrastructure for Global Change Research",Kent State University
1550728,2016-05-23,105633,Continuing Grant,"Collaborative Research: Neotoma Paleoecology Database, Community-led Cyberinfrastructure for Global Change Research",Drexel University
1550755,2016-05-23,305320,Continuing Grant,"Collaborative Research: Neotoma Paleoecology Database, Community-led Cyberinfrastructure for Global Change Research",Pennsylvania State Univ University Park
1550805,2016-05-23,247050,Continuing Grant,"Collaborative Research: Neotoma Paleoecology Database, Community-led Cyberinfrastructure for Global Change Research",University of Minnesota-Twin Cities
1550890,2016-05-23,27000,Continuing Grant,"Collaborative Research: Neotoma Paleoecology Database, Community-led Cyberinfrastructure for Global Change Research",University of Illinois at Urbana-Champaign
1551808,2016-05-23,57978,Standard Grant,"Investigating the relationships among subduction character, volatile cycling, and eruptive activity along the Aleutian Arc",University of New Mexico
1551978,2016-05-23,92009,Standard Grant,"Collaborative Research: Investigating the relationships among subduction character, volatile cycling, and eruptive activity along the Aleutian Arc",University of Alaska Fairbanks Campus
1620423,2016-05-23,370000,Continuing Grant,X-ray and Spectroscopic Studies of Subduction-Related Phases: Probing the Mid-Point of Volatile Recycling in the Earth,University of California-Santa Cruz
1624589,2016-05-24,477941,Continuing Grant,Accomplishment-Based Renewal: Experimental Determination of the PVTX and Phase Equilibrium Properties of Aqueous Chloride Fluids at Magmatic-hydrothermal Conditions,Virginia Polytechnic Institute and State University
1620594,2016-05-26,165474,Standard Grant,"Full vector paleosecular variation (PSV) recorded on the Koolau Volcano, Oahu, Hawaii during the Matuyama Chron at Makapuu Point (ca. 2.6 to ~2.2 Ma).",University of Hawaii
1551442,2016-06-01,153599,Continuing Grant,Near-fractional Melting of Pyroxenite: Experimental Investigations and Applications to Basalt Petrogenesis,University of California-Davis
1620601,2016-06-01,252159,Continuing Grant,Detailed seismic imaging and monitoring of the subsurface material around the San Jacinto fault zone,University of Southern California
1619888,2016-06-02,138552,Standard Grant,RUI: A laboratory study of ultrasonic scattering attenuation by possible microstructures in Earth's inner core,Simon's Rock of Bard College
1637196,2016-06-03,99888,Standard Grant,Role of the deep brine layer in the production of methylmercury in the Great Salt Lake,WESTMINSTER UNIVERSITY
1546998,2016-06-06,185000,Standard Grant,Collaborative Research: Rheology of asthenosphere in the Kuril-Kamchatka subduction zone from postseismic GPS observations after great earthquakes,Columbia University
1547064,2016-06-06,30713,Standard Grant,Collaborative Research: Rheology of asthenosphere in the Kuril-Kamchatka subduction zone from postseismic GPS observations after great earthquakes,University of Alaska Fairbanks Campus
1620616,2016-06-06,398000,Continuing Grant,Sound Velocities and Elastiicity of Deep-earth Mat,University of Illinois at Urbana-Champaign
1623110,2016-06-08,314562,Continuing Grant,"An Experimental Calibration of the Fractionation of Boron Isotopes among Granitic Melt, Aqueous Fluid, and Tourmaline",University of Oklahoma Norman Campus
1619700,2016-06-13,411897,Continuing Grant,Assessing the influence of lithology on the temporal-spatial variability of sediment transport and its relation to primary production in mountain streams,Oregon State University
1646708,2016-06-14,1910490,Continuing Grant,Analytical methods for estimating the joint climatological-social drivers of water quality and supply in contrasting tropical zones: Ecuador and China,University of California-Berkeley
1551196,2016-06-15,134316,Standard Grant,"Constraining the Source of Ancient, Surface-derived Sulfur in the Bushveld Complex","University of Maryland, College Park"
1620618,2016-06-15,299947,Continuing Grant,Integrating the LPO Constraint into 3D Subduction Dynamics Simulations,University of California-Davis
1630399,2016-06-15,549999,Continuing Grant,Micro-Scale Mechanisms of N2O Production in Soil,Michigan State University
1631814,2016-06-15,357768,Standard Grant,ALTERNATIVE NITROGENASES: HOW MUCH DO THEY CONTRIBUTE TO N2 FIXATION AND WHY?,Princeton University
1634239,2016-06-15,449438,Continuing Grant,Biogeochemistry of carbon monoxide cycling in hypersaline and arid soil systems: novel insights from newly discovered extremely halophilic CO-oxidizing Euryarchaeota,Louisiana State University
1637051,2016-06-15,55879,Standard Grant,"Collaborative Research: Revealing the interplay between light, sulfur cycling, and oxygen production in cyanobacterial mats",University of Southern California
1637066,2016-06-15,387151,Standard Grant,"Collaborative Research: Revealing the interplay between light, sulfur cycling, and oxygen production in cyanobacterial mats",Regents of the University of Michigan - Ann Arbor
1637093,2016-06-15,40989,Standard Grant,"Collaborative Research: Revealing the interplay between light, sulfur cycling, and oxygen production in cyanobacterial mats",Grand Valley State University
1637168,2016-06-15,40858,Standard Grant,"Collaborative Research: Revealing the interplay between light, sulfur cycling, and oxygen production in cyanobacterial mats",University of Chicago
1645384,2016-06-15,49851,Standard Grant,Workshop to explore extended access to the Polar Geospatial Center (PGC) by Earth-science investigators,University of Minnesota-Twin Cities
1551767,2016-06-16,203895,Continuing Grant,"Collaborative Research: Quantifying Plume-Lithosphere Interactions with GNSS Geodesy, Seismology, and Geodynamic Modeling",Pennsylvania State Univ University Park
1551864,2016-06-16,393047,Continuing Grant,"Collaborative Research: Quantifying Plume-Lithosphere Interactions with GNSS Geodesy, Seismology, and Geodynamic Modeling",Virginia Polytechnic Institute and State University
1619964,2016-06-16,273000,Standard Grant,Collaborative Research: Density and structure of silicate liquids under deep mantle conditions,Case Western Reserve University
1620548,2016-06-16,336000,Continuing Grant,Collaborative Research: Density and structure of s,University of Chicago
1620595,2016-06-16,240000,Continuing Grant,Anisotropic structure of Earth's inner core from noise correlations,University of Illinois at Urbana-Champaign
1642498,2016-06-16,62826,Standard Grant,"RAPID: Collaborative: April 16, 2016 Mw 7.8 Pedernales Earthquake, Ecuador: The Role of Asperities in Rupture Propagation, Aftershock Sequences, and Post-Seismic Deformation",Pennsylvania State Univ University Park
1642499,2016-06-16,87142,Standard Grant,"RAPID: Collaborative: April 16, 2016 Mw 7.8 Pedernales Earthquake, Ecuador: The Role of Asperities in Rupture Propagation, Aftershock Sequences, and Post Seismic Deformation",Lehigh University
1560451,2016-06-17,376836,Continuing Grant,REU Site: Climate change impacts in semi-arid regions,University of Texas at Austin
1620251,2016-06-17,603993,Continuing Grant,Seismological Investigations of Earthquakes and Deep Earth Structure,University of California-San Diego Scripps Inst of Oceanography
1620386,2016-06-17,158348,Continuing Grant,"Constraining depth dependent anisotropy in Australia through Ps Receiver function analysis, frequency-dependent shear wave splitting and forward modeling",University of California-Riverside
1636546,2016-06-17,138189,Standard Grant,Evaluating plant carbon isotope fractionation as a pCO2 proxy for the geologic record,University of Cincinnati Main Campus
1550389,2016-06-20,96320,Standard Grant,Collaborative Research:Reproducible research and educational software for geoscience data analysis in spherical and planar geometry,Princeton University
1550732,2016-06-20,110449,Standard Grant,Collaborative Research: Reproducible research and educational software for geoscience data analysis in spherical and planar geometry,California State University-Fresno Foundation
1620330,2016-06-20,331996,Continuing Grant,Investigating Earthquake Source Processes in the Laboratory,University of Oklahoma Norman Campus
1623786,2016-06-20,350000,Continuing Grant,Advances in Paleomagnetic Field Modeling: How does Earth's dipole grow and decay?,University of California-San Diego Scripps Inst of Oceanography
1636625,2016-06-20,400157,Standard Grant,ELT Collaborative Research: Causes and effects of the Permian-Triassic biotic crisis inferred from continental margin sections and modelling,University of Nebraska-Lincoln
1636629,2016-06-20,150294,Standard Grant,ELT Collaborative Research: Causes and effects of the Permian-Triassic biotic crisis inferred from continental margin sections and modeling,University of Texas at Arlington
1557319,2016-06-21,247225,Continuing Grant,"Collaborative Research:  OpenTopography: A Cyberinfrastructure Facility for Topographic Data, Services, and Knowledge","UNAVCO, Inc."
1557330,2016-06-21,155716,Continuing Grant,"Collaborative Research: OpenTopography: A Cyberinfrastructure Facility for Topographic Data, Services, and Knowledge",Arizona State University
1557484,2016-06-21,972099,Continuing Grant,"Collaborative Research:  OpenTopography: A Cyberinfrastructure Facility for Topographic Data, Services, and Knowledge",University of California-San Diego
1554502,2016-06-22,449691,Continuing Grant,"CAREER:COMBINING LABORATORY EXPERIMENTS, FIELD DATA, AND REACTIVE TRANSPORT MODELING TO QUANTIFY INFLUENCE OF FLUID TRANSPORT ON MINERAL DISSOLUTION RATES ACROSS SCALE",Colorado School of Mines
1565753,2016-06-22,156323,Standard Grant,Direct Measurement and Modeling of the Importance of Bacterial Adsorption of Cd in Natural Samples,University of Notre Dame
1632938,2016-06-22,260649,Standard Grant,Qualitative Hydraulics and Transport from Strata and Dynamics of Sandy Bedforms,University of Wyoming
1645530,2016-06-22,39012,Standard Grant,RAPID: Salvage Excavation of a Critically Important Late Miocene Fossil Deposit in North-Central Florida: A Rare Opportunity for Science and Education,University of Florida
1602788,2016-06-27,134328,Standard Grant,Collaborative Research: Testing Laurentide Ice Sheet Climate Response and Younger Dryas Trigger with Glacial Varves,University of Minnesota Duluth
1602789,2016-06-27,184745,Continuing Grant,Collaborative Research: Testing Laurentide Ice Sheet Climate Response and Younger Dryas Trigger with Glacial Varves,University of Cincinnati Main Campus
1602791,2016-06-27,146746,Continuing Grant,Collaborative Research: Testing Laurentide Ice Sheet Climate Response and Younger Dryas Trigger with Glacial Varves,University of Wisconsin-Superior
1623806,2016-06-27,419530,Standard Grant,Is Static Soil Density a Viable Assumption for Studying Surface Hydrologic Processes?,Iowa State University
1632494,2016-06-27,282543,Standard Grant,"NSF/EAR-BSF: Assessing controls on hydrologic connectivity, plant water availability and degradation risk in drylands with isotope tracers and Lagrangian modeling",University of California-Berkeley
1632798,2016-07-01,279066,Standard Grant,Quantifying and Predicting the Attenuation of Downstream Fluxes Associated with Beaver Meadows,Colorado State University
1633535,2016-07-05,393760,Standard Grant,"Late Cenozoic dynamics of the latitudinal biodiversity gradient: Regional extinction, range expansion, and biological attributes",University of Chicago
1565678,2016-07-06,183159,Continuing Grant,CSEDI Collaborative Research:  Experimental and Theoretical Investigations on the Elastic and Viscoelastic Properties of Fe-Ni-C Liquids,Louisiana State University
1565708,2016-07-06,260000,Continuing Grant,CSEDI Collaborative Research:  Experimental and Theoretical Investigations on the Elastic and Viscoelastic Properties of Fe-Ni-C Liquids,University of Hawaii
1623023,2016-07-06,138744,Standard Grant,Collaborative Research: Mantle to Crust Fluid Transfer in an Active Flat-slab Subduction Zone - Insights from Peruvian Thermal Spring Geochemistry,University of Tennessee Knoxville
1623034,2016-07-06,299647,Standard Grant,Collaborative Research: Mantle to Crust Fluid Transfer in an Active Flat-slab Subduction Zone - Insights from Peruvian Thermal Spring Geochemistry,Utah State University
1624092,2016-07-06,173582,Standard Grant,Collaborative Research: Integrated He-CO2-N2 Isotope and Petrologic Study of Volatiles Cycling via the New Zealand Subduction System,Lehigh University
1624130,2016-07-06,173187,Standard Grant,Large-scale Terrane Displacement in the Arctic: Evidence from Faults in the Northern Yukon,University of Iowa
1624131,2016-07-06,241522,Standard Grant,Large-scale Terrane Displacement in the Arctic: Evidence from Faults in the Northern Yukon,Dartmouth College
1624280,2016-07-06,376413,Continuing Grant,Collaborative Research: Integrated He-CO2-N2 Isotope and Petrologic Study of Volatiles Cycling via the New Zealand Subduction System,University of California-San Diego Scripps Inst of Oceanography
1551495,2016-07-07,194000,Continuing Grant,Mid-Miocene Rhyolites of Eastern Oregon: Constraints for the Timing of Columbia River Basalt Volcanism and Associated Rhyolite Flare-up,Portland State University
1629776,2016-07-07,208863,Standard Grant,Collaborative Research: Mesozoic Tethyan paleocommunity dynamics: Modelling complexity and stablity during times of biotic escalation and community restructuring,California Academy of Sciences
1629786,2016-07-07,70240,Standard Grant,Collaborative Research: Mesozoic Tethyan paleocommunity dynamics: Modelling complexity and stablity during times of biotic escalation and community restructuring,Miami University
1620582,2016-07-08,239995,Continuing Grant,Improving Absolute Paleointensity Experiments through Pressure Cycling,University of Minnesota-Twin Cities
1624587,2016-07-08,460000,Continuing Grant,Tungsten and Ruthenium Isotopic Study of the Chemical Evolution of Earth,"University of Maryland, College Park"
1624840,2016-07-08,299928,Standard Grant,Preservation of Hadean Geochemical Signatures in the Icelandic High 3He/4He Mantle Domain,University of California-Santa Barbara
1624853,2016-07-11,174000,Fellowship Award,New approaches to address scaling issues for lateral flow of water in a layered snowpack,Webb                    Ryan           W
1632048,2016-07-11,295967,Standard Grant,NSF/EAR-BSF - Extreme Floods in Arid/Semi-Arid Watersheds: Paired Studies in Israel and the US,Princeton University
1637481,2016-07-11,349582,Standard Grant,Chronologies and mechanisms of last glacial loess deposition in the Central Lowlands of North America,University of Illinois at Urbana-Champaign
1624321,2016-07-12,199519,Continuing Grant,RUI: Melt Viscosities in Silica-undersaturated Systems,Bates College
1624516,2016-07-12,250875,Continuing Grant,Fractionation of Rare-Earth and High-Field Strength Elements by Melting of a Re-equilibrated Mantle,Brown University
1624827,2016-07-12,347999,Standard Grant,"Burial, Uplift and Exhumation History of the Colorado Plateau",California Institute of Technology
1623810,2016-07-14,149156,Standard Grant,Collaborative Research: Vulnerability of carbon in buried soils to climate change and landscape disturbance,Boise State University
1623812,2016-07-14,227730,Standard Grant,Collaborative Research: Vulnerability of carbon in buried soils to climate change and landscape disturbance,University of California - Merced
1623814,2016-07-14,399932,Standard Grant,Collaborative Research: Vulnerability of carbon in buried soils to climate change and landscape disturbance,University of Wisconsin-Madison
1624547,2016-07-14,310000,Continuing Grant,Anhydrite in Arc Magmas and its Relationship to Sulfur Degassing and Ore Formation,Oregon State University
1631684,2016-07-14,182576,Standard Grant,COLLABORATIVE RESEARCH: Triassic-Jurassic Fossils and the Origins of the Crocodilian Skull,University of Missouri-Columbia
1636753,2016-07-14,279868,Standard Grant,COLLABORATIVE RESEARCH: Triassic-Jurassic Fossils and the Origin of the Crocodilian Skull,George Washington University
1640556,2016-07-14,35000,Standard Grant,Broadening Employment Skills to Enhance Diversity of the Geoscience Workforce During the National Association of Black Geoscientists Annual Conference,University of Arkansas
1551820,2016-07-15,100794,Standard Grant,Collaborative Research: Constraining the temporal evolution of mantle plume contributions to magmatism in the Turkana Depression,San Diego State University Foundation
1551835,2016-07-15,39089,Standard Grant,Collaborative Research: Constraining the temporal evolution of mantle plume contributions to magmatism in the Turkana Depression,Towson University
1551872,2016-07-15,210136,Continuing Grant,Collaborative Research: Constraining the temporal evolution of mantle plume contributions to magmatism in the Turkana Depression,Michigan State University
1551920,2016-07-15,99467,Standard Grant,Collaborative Research: Constraining the temporal evolution of mantle plume contributions to magmatism in the Turkana Depression,University of Texas at Austin
1560933,2016-07-15,275773,Standard Grant,SusChEM: Redox and mineral controls maximizing Phosphorus mobility and bioavailability,Indiana University
1561014,2016-07-15,247774,Standard Grant,SusChEM: Redox and mineral controls maximizing Phosphorus mobility and bioavailability,University of Vermont & State Agricultural College
1636740,2016-07-15,222636,Continuing Grant,Collaborative Research: Identifying basin-specific controls on isotopic and chronological offsets of lake sediment leaf wax hydrogen isotope records,University of Cincinnati Main Campus
1636744,2016-07-15,39607,Standard Grant,Collaborative Research: Identifying basin-specific controls on isotopic and chronological offsets of lake sediment leaf wax hydrogen isotope records,Saint Lawrence University
1551149,2016-07-18,20394,Standard Grant,Collaborative Research: Experimental Investigation of the Electrical Properties  of Hydrous Silicate Melts in Subduction Context,Arizona State University
1551200,2016-07-18,149607,Standard Grant,Collaborative Research: Experimental Investigation of the Electrical Properties  of Hydrous Silicate Melts in Subduction Context,University of California-San Diego Scripps Inst of Oceanography
1620509,2016-07-18,276010,Continuing Grant,Collaborative Research: The Uplift and Seismic Structure of the Greater Caucasus,Michigan State University
1620591,2016-07-18,192366,Continuing Grant,Collaborative Research: The Uplift and Seismic Structure of the Greater Caucasus,University of Missouri-Columbia
1620613,2016-07-18,271672,Continuing Grant,Collaborative Research: The Uplift and Seismic Structure of the Greater Caucasus,Oregon State University
1629734,2016-07-18,90148,Standard Grant,Collaborative Research: Can Low-Angle Normal Faults Produce Earthquakes? Reading a Pseudotachylyte 'Rosetta Stone',University of Minnesota-Twin Cities
1630130,2016-07-18,290400,Standard Grant,Collaborative Research: Can Low-Angle Normal Faults Produce Earthquakes? Reading a Pseudotachylyte 'Rosetta Stone',University of Wisconsin-Madison
1630276,2016-07-18,230022,Standard Grant,Collaborative Research: Evolutionary Significance of Biotic Interactions: A Comparative Study Utilizing Echinoid Associated Traces,University of Florida
1630475,2016-07-18,112573,Standard Grant,Collaborative Research: The Evolutionary Significance of Biotic Interactions: A Comparative Study utilizing Echinoid Associated Traces,Miami University
1549153,2016-07-19,270960,Continuing Grant,Collaborative Research:  A Multidiscilpinary Study to Determine the Fundamental Mechanisms of Rock Friction through Coordinated Experiments and Simulations,University of Wisconsin-Madison
1550112,2016-07-19,287701,Continuing Grant,Collaborative Research:  A Multidisciplinary Study to Determine the Fundamental Mechanisms of Rock Friction through Coordinated Experiments and Simulations,University of Pennsylvania
1550415,2016-07-19,250479,Continuing Grant,Evaluating Mantle and Crustal Processes in Off-axis Volcanism on Iceland,University of Iowa
1624168,2016-07-19,55862,Standard Grant,Collaborative Research: RUI: Testing Models of Passive Margin Rejuvenation in the Eastern U.S.,SUNY College at Plattsburgh
1624170,2016-07-19,135708,Standard Grant,Collaborative Research: RUI: Testing Models of Passive Margin Rejuvenation in the Eastern U.S.,Middlebury College
1635391,2016-07-19,315089,Standard Grant,"Geochemical Analysis of Ancient Salt Deposits from the Dead Sea and its Climate and Hydrology During Warmer Periods in the Past 200,000 Years",Columbia University
1636643,2016-07-19,867223,Continuing Grant,"Early Career: Acquisition of a Three-Spectrometer, High-Definition Scanning  Electron Microscope for Research and Education in the Geosciences",University of Missouri-Columbia
1539662,2016-07-20,172102,Standard Grant,Acquisition of an X-ray Fluorescence Spectrometer,Washington State University
1549880,2016-07-20,196971,Continuing Grant,Collaborative Research: Investigating Controls on Temporal-spatial Heterogeneous Deformation Along a Transpressive Strike-slip Fault System: The Eastern Denali Fault Corner,Syracuse University
1550034,2016-07-20,197738,Continuing Grant,Collaborative Research: Investigating Controls on Temporal-spatial Heterogeneous Deformation Along a Transpressive Strike-slip Fault System: The Eastern Denali Fault Corner,Purdue University
1550123,2016-07-20,202561,Continuing Grant,Collaborative Research: Investigating Controls on Temporal-spatial Heterogeneous Deformation Along a Transpressive Strike-slip Fault System: The Eastern Denali Fault Corner,University of Alaska Fairbanks Campus
1620617,2016-07-20,243936,Standard Grant,Collaborative Research: Detection and mechanics of sinkhole activities in central Florida,Florida International University
1620622,2016-07-20,99460,Standard Grant,Collaborative Research: Detection and mechanics of sinkhole activities in central Florida,University of South Florida
1624240,2016-07-20,174000,Fellowship Award,"Evolution and climate change: elucidating the controls on species' responses to 4 Myrs of environmental change in the Atlantic Coastal Plain, USA",Saupe                   Erin           E
1624420,2016-07-20,115905,Standard Grant,SusChEM: Solubility of Iron Oxides and Gold in Acidic Hydrothermal Brines: Applications to the Origin of Iron Oxide Copper-gold Deposits,Montana Technological University
1624557,2016-07-20,221040,Standard Grant,"Collaborative Research: Waves in Volcanic Conduit-crack Systems and Very Long Period Seismicity at Kilauea Volcano, Hawaii",University of Oregon Eugene
1559306,2016-07-21,183646,Standard Grant,"Acquisition of a quadrupole ICPMS system for (U-Th)/He thermochronology and trace element analysis at the University of Colorado, Boulder",University of Colorado at Boulder
1560045,2016-07-21,400000,Continuing Grant,"Collaborative Research: REU Site: Water Resources and Quality in the Riviera Maya, Mexico",Northern Illinois University
1560066,2016-07-21,74000,Standard Grant,"Collaborative Research: REU Site: Water Resources and Quality in the Riviera Maya, Mexico",Northeastern Illinois University
1561166,2016-07-21,542294,Continuing Grant,"Early Career: Acquisition of a laser ablation system to enable new constraints on continental crust, dinosaurs, and ore deposits",University of Arkansas
1620101,2016-07-21,272652,Standard Grant,"Integrating Three-Dimensional Earthquake Rupture Dynamics, Ocean Acoustic Waves and Tsunami: Effects of Inelastic Failure in the Accretionary Wedge",San Diego State University Foundation
1622560,2016-07-21,122735,Standard Grant,Collaborative Research: GeoGONAF: Analysis of active deformation and strain transfer along the Izmit Bay-Marmara Sea segment of the North Anatolian Fault,Massachusetts Institute of Technology
1622720,2016-07-21,145113,Standard Grant,Collaborative Research: GeoGONAF: Analysis of active deformation and strain transfer along the Izmit Bay-Marmara Sea segment of the North Anatolian Fault,University of Colorado at Boulder
1623793,2016-07-21,293079,Standard Grant,Impact of Collapsing Gas-particle Jets:  The Initial Conditions for Pyroclastic Flows and Surges,SUNY at Buffalo
1624109,2016-07-21,121877,Standard Grant,Collaborative Research: The Role of Rock Composition and Microstructural Evolution on Strain Localization and the Effective Viscosity of the Crust,Woods Hole Oceanographic Institution
1624178,2016-07-21,207938,Standard Grant,Collaborative Research: The Role of Rock Composition and Microstructural Evolution on Strain Localization and the Effective Viscosity of the Crust,Brown University
1624302,2016-07-21,190345,Standard Grant,ABR/RUI Is the Terrestrial Permian-Triassic Boundary in the Karoo Basin? Implications for the Response of the Terrestrial Ecosystems to the End-Permian Extinction Event,Colby College
1624545,2016-07-21,299939,Continuing Grant,"Timescales of Crystallization, Ore Formation, and",Rutgers University New Brunswick
1624663,2016-07-21,214334,Continuing Grant,"Collaborative Research: ""Double-Double Dating"" of Detrital Monazite and Detrital Zircon: Quantifying Sediment Recycling in Tectonic Studies",University of Kentucky Research Foundation
1624716,2016-07-21,199275,Continuing Grant,"Collaborative Research: ""Double-Double Dating"" of Detrital Monazite and Detrital Zircon: Quantifying Sediment Recycling in Tectonic Studies",Syracuse University
1636685,2016-07-21,579314,Standard Grant,Acquisition of a State-of-the-Art 40Ar/39Ar Geochronology System for the AGES Lab at Lamont-Doherty Earth Observatory,Columbia University
1639131,2016-07-21,367539,Continuing Grant,Facility Support: The Global CMT Project,Columbia University
1639623,2016-07-21,194388,Standard Grant,Acquisition of a Scanning Electron Microscope,University of New Mexico
1649585,2016-07-21,231613,Standard Grant,"Global Eustasy or Tectonic Subsidence? Investigating Controls on Basin Evolution During Cenozoic Plate Reorganization, Magallanes Basin, Patagonia",University of Connecticut
1620602,2016-07-25,217300,Continuing Grant,"Collaborative Research: Investigating fault geometries and rupture processes in the Nepal Himalaya following the April 25, 2015 Gorkha earthquake",Oregon State University
1620646,2016-07-25,213221,Continuing Grant,"Collaborative Research: Investigating fault geometries and rupture processes in the Nepal Himalaya following the April 25, 2015 Gorkha earthquake",University of Texas at El Paso
1620655,2016-07-25,186804,Continuing Grant,"Collaborative Research: Investigating fault geometries and rupture processes in the Nepal Himalaya following the April 25, 2015 Gorkha earthquake",University of California-Riverside
1623637,2016-07-25,27983,Standard Grant,Collaborative Research: Dynamic fault rupture in the presence of 3D heterogenous tectonic stress: the case of the San Andreas Fault in Eastern San Gorgonio Pass,University of Massachusetts Amherst
1623739,2016-07-25,164467,Standard Grant,Collaborative Research: Dynamic fault rupture in the presence of 3D heterogenous tectonic stress: the case of the San Andreas Fault in Eastern San Gorgonio Pass,University of California-Riverside
1624077,2016-07-25,288469,Standard Grant,Constructing a model from the spreading centers to backarc: Resolving geophysical characteristics of segmentation in Cascadia,University of Massachusetts Amherst
1624533,2016-07-25,258060,Standard Grant,"Collaborative Research: Quantifying Megathrust Earthquake Ruptures with Coastal Stratigraphy and Tsunami Simulations, South-Central Chile",Rutgers University New Brunswick
1624538,2016-07-25,166905,Continuing Grant,Collaborative Research: Testing Models for Extension in the Rio Grande Rift-Basin and Range Transition Zone of Southern New Mexico,University of Texas at El Paso
1624542,2016-07-25,267194,Standard Grant,"Collaborative Research: Quantifying Megathrust Earthquake Ruptures with Coastal Stratigraphy and Tsunami Simulations, South-Central Chile",Central Washington University
1624575,2016-07-25,101339,Standard Grant,Collaborative Research: Testing Models for Extension in the Rio Grande Rift-Basin and Range Transition Zone of Southern New Mexico,New Mexico State University
1627930,2016-07-25,84498,Continuing Grant,Collaborative Research: Helium-isotope Systematics Along Seismic Profiles in Tibet to Study Geometry of Indian and Tibetan Lithosphere,University of New Mexico
1628282,2016-07-25,315216,Continuing Grant,Collaborative Research: Helium-isotope Systematics Along Seismic Profiles in Tibet to Study Geometry of Indian and Tibetan Lithosphere,Stanford University
1615275,2016-07-26,378087,Standard Grant,Collaborative Research: Controls on along-strike variations in locked and creeping megathrust behavior at the Hikurangi convergent margin,"Cal Poly Pomona Foundation, Inc."
1615431,2016-07-26,293291,Standard Grant,Collaborative Research: Controls on along-strike variations in locked and creeping megathrust behavior at the Hikuran convergent margin,University of Southern Mississippi
1615815,2016-07-26,1052560,Standard Grant,Collaborative Research: Controls on along-strike variations in locked and creeping megathrust behavior at the Hikurangi convergent margin,University of Texas at Austin
1616664,2016-07-26,369723,Standard Grant,Collaborative Research: Controls on along-strike variations in locked and creeping megathrust behavior at the Hikurangi convergent margin,Pennsylvania State Univ University Park
1616847,2016-07-26,889027,Standard Grant,Collaborative Research: Controls on along-strike variations in locked and creeping megathrust behavior at the Hikuran convergent margin,University of Southern California
1630090,2016-07-26,178504,Standard Grant,Collaborative Research: Tsunami and Tropical Cyclone Sediment Dynamics and Products,University of Massachusetts Amherst
1630099,2016-07-26,320428,Standard Grant,Collaborative Research: Tsunami and Tropical Storm Sediment Dynamics and Products,Virginia Polytechnic Institute and State University
1642569,2016-07-26,324998,Continuing Grant,NSFGEO-NERC Quantifying disequilibrium processes in basaltic volcanism (DisEqm),Arizona State University
1560658,2016-07-27,3540000,Continuing Grant,Facility Support: Accelerator Mass Spectrometry at PRIME Lab,Purdue University
1620496,2016-07-27,395130,Continuing Grant,"Collaborative Research:  Probing the frictional behavior of the Tohoku megathrust using GPS, seismicity, and physics-based models",Stanford University
1620507,2016-07-27,161455,Continuing Grant,"Collaborative Research:  Probing the frictional behavior of the Tohoku megathrust using GPS, seismicity, and physics-based models",Indiana University
1624877,2016-07-27,184000,Fellowship Award,EAR-PF Whole-stream metabolism dependence on particulate organic carbon and microbes from urban point sources,Drummond                Jennifer       D
1625146,2016-07-27,87000,Fellowship Award,DEVELOPING A PROCESS-BASED UNDERSTANDING OF THE FACTORS CONTROLLING THE SEASONAL FORMATION OF PEDOGENIC CARBONATE,Gallagher               Timothy        M
1625311,2016-07-27,174000,Fellowship Award,Evaluating the controls of hillslope morphology on nonlocal sediment transport: analytical and experimental approaches,Roth                    Danica
1625317,2016-07-27,87000,Fellowship Award,Investigating the Limits of Arsenic Methylation in the Critical Zone,Maguffin Scott
1640797,2016-07-27,285660,Standard Grant,"Collaborative Research: Landslides related to the 2015 Mw7.8 Gorkha earthquake, from ground motion and hazard to geomorphic response",Regents of the University of Michigan - Ann Arbor
1640894,2016-07-27,247953,Standard Grant,"Collaborative Research: Landslides related to the 2015 Mw 7.8 Gorkha earthquake, from ground motion and hazard to geomorphic response",University of Southern California
1624556,2016-07-28,136072,Standard Grant,"Collaborative Research: Interactions Between Transpressional Structures at the North American-Caribbean Plate Boundary: Geophysical Imaging Beneath Lake Azuei, Haiti",Research Foundation Of The City University Of New York (Lehman)
1624583,2016-07-28,390820,Standard Grant,"Collaborative Research: Interactions Between Transpressional Structures at the North American-Caribbean Plate Boundary: Geophysical Imaging Beneath Lake Azuei, Haiti",University of Rhode Island
1625040,2016-07-28,87000,Fellowship Award,"EAR-PF Ancient DNA meets modern genomes: An exploration of diatom evolution, ecology, and environmental change in the Yellowstone Basin",Spanbauer               Trisha         L
1625158,2016-07-28,184000,Fellowship Award,EAR-PF: Current and future glacial controls on the rate of active microbial biogeochemical cycling in Arctic fjords,Michaud                 Alexander      B
1541588,2016-07-29,100072,Standard Grant,Acquisition of New Thermal Analysis Instrumentation for Increased Capacity of Characterization of Organic Matter in Soils and Sediments,University of Pennsylvania
1623788,2016-07-29,87833,Standard Grant,Collaborative Research: Magnesite Deformation and Potential Roles in the Slip and Seismicity of Subduction Zones,Brown University
1624242,2016-07-29,195035,Standard Grant,Collaborative Research: Magnesite Deformation and Potential Roles in the Slip and Seismicity of Subduction Zones,University of Akron
1624249,2016-07-29,104062,Standard Grant,Collaborative Research: Magnesite Deformation and Potential Roles in the Slip and Seismicity of Subduction Zones,Texas A&M University
1624431,2016-07-29,52922,Standard Grant,"Collaborative Research: Waves in Volcanic Conduit-crack Systems and Very Long Period Seismicity at Kilauea Volcano, Hawaii",Stanford University
1624582,2016-07-29,172205,Standard Grant,"Structural Architecture and Evolution of the Southern Flank of the Brooks Range Fold and Thrust Belt, Arctic Alaska",Stanford University
1624691,2016-07-29,156123,Standard Grant,"Experimental Investigation of Mantle Heterogeneity: Behavior of Ga, Ge, and First-row Transition Elements (FRTE) During Partial Melting of Pyroxenite and Spinel Peridotite",University of Minnesota Duluth
1647841,2016-07-29,61625,Standard Grant,COLLABORATIVE RESEARCH:  An Exceptional Window into Late Triassic Terrestrial Ecosystems from the Western United States,Los Angeles County Museum of Natural History Foundation
1634108,2016-08-02,195716,Continuing Grant,Facility Support: The AfricaArray Geophysical and Meteorological Network,Pennsylvania State Univ University Park
1620483,2016-08-03,270000,Continuing Grant,Development and Application of Turbulence Models in Numerical Geodynamo Simulations,University of California-Davis
1547123,2016-08-08,175165,Standard Grant,Collaborative research: Lithospheric foundering beneath the Sierra Nevada constrained by analysis of an anomalous Pn shadow zone,University of Colorado at Boulder
1547149,2016-08-08,79835,Standard Grant,Collaborative Research: Lithospheric foundering beneath the Sierra Nevada constrained by analysis of an anomalous Pn shadow zone,Rensselaer Polytechnic Institute
1606426,2016-08-08,41370,Standard Grant,Acquisition of a Biolog Semi Automated MicroStation System for Environmental Research and Education at Alabama A&M University,Alabama A&M University
1614609,2016-08-08,180000,Standard Grant,Improving Back-Projection Imaging with a Novel Physics-Based Aftershock Calibration Approach,University of California-Los Angeles
1614875,2016-08-08,224596,Standard Grant,Imaging Vertical Earthquake Cycle Crustal Deformation of the San Andreas Fault System Utilizing the GAGE Facility,University of Hawaii
1636441,2016-08-08,76772,Standard Grant,ACQUISITION OF A HANDHELD XRF SPECTROMETER TO ENHANCE SEDIMENTARY AND PALEOENVIRONMENTAL RESEARCH,Western Michigan University
1636815,2016-08-08,244158,Continuing Grant,Geomicrobial kinetics: a genome-scale metabolic modeling approach,University of Oregon Eugene
1602192,2016-08-09,79131,Standard Grant,Early Career: Acquisition of Ground Penetrating Radar,Auburn University
1629805,2016-08-09,147559,Standard Grant,Fold Dating in the Central Appalachian Valley-and-Ridge.,Regents of the University of Michigan - Ann Arbor
1545637,2016-08-10,190563,Continuing Grant,Early Career: Technical support for the University of Rochester LA-ICP-MS and Experimental Geochemistry Laboratories,University of Rochester
1550901,2016-08-10,8820000,Cooperative Agreement,Computational Infrastructure for Geodynamics,University of California-Davis
1620649,2016-08-10,475046,Continuing Grant,Synergistic Explorations of Hydromagnetic Core Turbulence via Simulations and Asymptotics,University of Colorado at Boulder
1625205,2016-08-10,87000,Fellowship Award,Linking elastic and electrical properties to investigate partial melting in the deep mantle,Clark                   Alisha         N
1624504,2016-08-11,264782,Continuing Grant,Collaborative Research: Constraints From Fault Roughness on the Scale-dependent Strength of Rocks,University of Pennsylvania
1624551,2016-08-11,143403,Continuing Grant,Collaborative Research: Paleoseismic Evidence of Earthquakes and Tsunamis along the Southern Part of the Japan Trench,Rutgers University New Brunswick
1624612,2016-08-11,270740,Standard Grant,Collaborative Research: Paleoseismic Evidence of Earthquakes and Tsunamis along the Southern Part of the Japan Trench,University of Southern Mississippi
1624657,2016-08-11,258174,Continuing Grant,Collaborative Research: Constraints From Fault Roughness on the Scale-dependent Strength of Rocks,University of California-Santa Cruz
1624795,2016-08-11,87000,Fellowship Award,EAR-PF: SPATIAL AND TEMPORAL VARIABILITY OF COSEISMIC SUBSIDENCE ALONG THE CASCADIA SUBDUCTION ZONE,Dura                    Cristina
1624847,2016-08-11,119354,Standard Grant,"Collaborative Research:   Examining the Temporal, Spatial and Geochemical Focusing of Magmatism During a Continental Arc Flare-up",University of Southern California
1624854,2016-08-11,149961,Continuing Grant,"Collaborative Research:  RUI:  Examining the Temporal, Spatial and Geochemical Focusing of Magmatism During a Continental Arc Flare-up",CSU Fullerton Auxiliary Services Corporation
1647557,2016-08-11,49500,Standard Grant,Quenching a thirsty west:   Integrated scientific knowledge and technological infrastructure to solve water issues in the Western United States,"Board of Regents, NSHE, obo University of Nevada, Reno"
1623807,2016-08-12,523844,Standard Grant,NSF MRI: Acquisition of a 755 Superconducting Rock Magnetometer System to Enhance the Paleomagnetic and Rock Magnetic Laboratory at New Mexico Highlands University,New Mexico Highlands University
1625422,2016-08-12,1192105,Standard Grant,MRI: Acquisition of a next-generation electron microprobe at the University of Minnesota,University of Minnesota-Twin Cities
1625150,2016-08-15,87000,Fellowship Award,EAR-PF:  Combining Proxy Records and Model Data to Investigate Changing Flood Risks for the U.S. Atlantic Coast during the Past Millennium,Reed                    Andra          J
1623816,2016-08-16,15654,Standard Grant,Upgrade of Computational Facilities for Geophysics Research and Student Training at Old Dominion University,Old Dominion University Research Foundation
1550251,2016-08-17,189898,Standard Grant,Innovative tools for incorporating continuous data from fossils in phylogenetic tree-building: leveraging the MorphoBank platform,SUNY at Stony Brook
1620604,2016-08-17,133694,Standard Grant,3-D Mantle wedge flow pattern and seismic anisotropy: Effects of oblique subduction,University of Minnesota-Twin Cities
1622368,2016-08-17,39976,Standard Grant,Collaborative Research: Bayesian Estimation of Mantle Viscosity Structure and Geodynamic Implications,"University of Maryland, College Park"
1622464,2016-08-17,193024,Standard Grant,Collaborative Research: Bayesian Estimation of Mantle Viscosity Structure and Geodynamic Implications,Portland State University
1623882,2016-08-17,61040,Standard Grant,Collaborative Research: Towards a mechanistic prediction of methane ebullition fluxes from northern peatlands,Florida Atlantic University
1623888,2016-08-17,52772,Standard Grant,Collaborative Research: Towards a mechanistic prediction of methane ebullition fluxes from northern peatlands.,University of Maine
1623895,2016-08-17,219640,Standard Grant,Collaborative Research: Towards a mechanistic prediction of methane ebullition fluxes from northern peatlands,Rutgers University Newark
1623899,2016-08-17,151246,Standard Grant,Collaborative Research: Towards a mechanistic prediction of methane ebullition fluxes from northern peatlands,University of New Hampshire
1624481,2016-08-17,119191,Standard Grant,MRI: Acquisition of a 213 nm Laser to Accompany an Existing Quadrupole ICPMS at Middlebury College,Middlebury College
1625069,2016-08-17,840000,Continuing Grant,MRI: Development of an Integrated Borehole Geodetic and Seismic Sensor,University of California-San Diego Scripps Inst of Oceanography
1626643,2016-08-17,511547,Standard Grant,MRI: Acquisition of a Multi-Collector Inductively Coupled Plasma Mass Spectrometer (MC-ICP-MS) for isotopic studies in earth and environmental studies,Oregon State University
1650147,2016-08-17,97737,Standard Grant,"Support for a U.S.-Taiwan Workshop on the Feedbacks Among Climate, Erosion and Tectonics",Oregon State University
1639327,2016-08-18,3000000,Continuing Grant,"INFEWS/T1: A Modeling Framework to Understand the coupling of Food, Energy, and Water in the Teleconnected Corn and Cotton Belts","University of Maryland, College Park"
1651242,2016-08-18,86493,Standard Grant,Collaborative Research: The legacy of transience: Understanding dynamic landscape adjustment following mountain uplift in two CZO field areas,University of California-San Diego Scripps Inst of Oceanography
1625835,2016-08-19,836819,Standard Grant,MRI: Acquisition of an Electron Microprobe at Syracuse University: a Central New York Regional User Facility,Syracuse University
1626484,2016-08-19,127539,Standard Grant,MRI: Acquisition of an Inductively Coupled Plasma Optical Emission Spectrometer at Central Washington University,Central Washington University
1624546,2016-08-22,328169,Continuing Grant,Evaluating the Role of Fluid and Melts in Mediating Element Recycling and Exhumation During Retrograde Metamorphism Following UHP Metamorphism,"Board of Regents, NSHE, obo University of Nevada, Reno"
1639318,2016-08-22,1890219,Standard Grant,"INFEWS/T1: Monitoring and managing food, energy, and water systems under stress:   California",University of California-Irvine
1625017,2016-08-24,87000,Fellowship Award,EAR-PF Determining links between magma redox heterogeneity in ocean island basalts and near-surface processes of the ancient and present day,Peterson                Mary           E
1625221,2016-08-24,87000,Fellowship Award,Constraints on fault mechanics and seismic hazard from the integration of high- resolution topography and InSAR datasets,Scott                   Chelsea        P
1615426,2016-08-25,1085181,Continuing Grant,Collaborative Research: Integrating the geological and genomic records: time-calibrating Earth's dynamic biogeochemical history,Massachusetts Institute of Technology
1615573,2016-08-25,316714,Continuing Grant,Collaborative Research: Integrating the geological and genomic records: time-calibrating Earth's dynamic biogeochemical history,University of Connecticut
1615003,2016-08-26,191476,Continuing Grant,Collaborative Research: Flood volcanism and environmental impacts -- A multidisciplinary investigation of the Deccan Traps and events at the Cretaceous-Paleogene boundary,Drexel University
1615021,2016-08-26,441380,Continuing Grant,Collaborative Research: Flood volcanism and environmental impacts--multidisciplinary investigation of the Deccan Traps and events at the Cretaceous-Paleogene boundary,Berkeley Geochronology Center
1615147,2016-08-26,230072,Continuing Grant,Collaborative Research: Flood volcanism and environmental impacts -- A multidisciplinary investigation of the Deccan Traps and events at the Cretaceous-Paleogene boundary,CUNY City College
1615203,2016-08-26,976093,Continuing Grant,Collaborative Research: Flood volcanism and environmental impacts -- A multidisciplinary investigation of the Deccan Traps and events at the Cretaceous-Paleogene boundary,University of California-Berkeley
1620474,2016-08-29,244198,Continuing Grant,Transient Creep in Peridotite with Application to,Brown University
1625137,2016-08-29,561842,Standard Grant,"MRI: Acquisition of a scanning electron microscope with EDS, EBSD, and CL for research and teaching in a multi-user facility",Appalachian State University
1626271,2016-08-29,332105,Standard Grant,"MRI: Acquisition of a Scanning Electron Microscope with integrated EDS, WDS, and EBSD for research and undergraduate research training",Oberlin College
1639458,2016-08-29,2687614,Continuing Grant,"INFEWS/T1: Increasing regional to global-scale resilience in Food-Energy-Water systems through coordinated management,technology and institutions",Washington State University
1560594,2016-08-31,408587,Standard Grant,The Interdisciplinary Research Experience in Hyperspectral Imaging (IDREHSI),University of Northern Iowa
1647504,2016-08-31,848591,Standard Grant,INSPIRE: Search for Records of the Hadean Dynamo from Detrital Zircons,Massachusetts Institute of Technology
1644453,2016-09-06,95653,Standard Grant,Collaborative Research: A Multidisciplinary Approach to  Investigate the Origin of Anisotropy at the Base of the Mantle,Michigan State University
1623840,2016-09-07,296534,Standard Grant,Collaborative Research: Assessing millennial-scale community dynamics using highly-resolved mammal and vegetation food webs,University of Maine
1623852,2016-09-07,431800,Continuing Grant,Collaborative Research: Assessing millennial-scale community dynamics using highly-resolved mammal and vegetation food webs,University of California - Merced
1623885,2016-09-07,397042,Continuing Grant,Collaborative Research: Assessing millennial-scale community dynamics using highly-resolved mammal and vegetation food webs,Los Angeles County Museum of Natural History Foundation
1651237,2016-09-07,61927,Continuing Grant,COLLABORATIVE RESEARCH: Central Anatolian Tectonics (CD-CAT): Surface to mantle dynamics during collision to escape,University of California-San Diego Scripps Inst of Oceanography
1626670,2016-09-15,596778,Standard Grant,"MRI: Acquisition of a laser-ablation, multi-collector ICP-MS for research and training in Earth, Environmental, and Anthropological Sciences",Washington State University
1651243,2016-09-16,510703,Standard Grant,CAREER: Retention and Mobility of Beryllium in Soils and Sedimentary Environments,University of California-San Diego Scripps Inst of Oceanography
1664247,2016-09-23,12687,Continuing Grant,"Collaborative Research:  RUI:   A High resolution Paleontological, Ichnological, and Chemostratigraphic Study of Late Devonian Mass Extinctions",Winthrop University
1664432,2016-10-20,259976,Continuing Grant,Cretaceous Vertebrates from Madagascar: A Window into the Biogeographic and Plate Tectonic History of Gondwana,Denver Museum of Nature and Science
1664219,2016-10-24,8781,Standard Grant,RAPID: Collaborative Research: Seismic Response to the 2016 M5.8 Pawnee Earthquake,Oklahoma State University
1664265,2016-10-24,23001,Standard Grant,RAPID: Collaborative Research: Seismic Response to the 2016 M5.8 Pawnee Earthquake,University of Oklahoma Norman Campus
1664286,2016-10-24,23881,Standard Grant,RAPID: Collaborative Research: Seismic Response to the 2016 M5.8 Pawnee Earthquake,Cornell University
1664290,2016-10-24,20512,Standard Grant,RAPID: Collaborative Research: Seismic Response to the 2016 M5.8 Pawnee Earthquake,Columbia University
1664329,2016-10-24,16187,Standard Grant,"RAPID: Collaborative Research: GPS observations of post-seismic deformation from the 3 Sep 2016, Mw 5.8, Pawnee, Oklahoma",University of Oklahoma Norman Campus
1664340,2016-10-24,5286,Standard Grant,"RAPID: Collaborative Research: GPS observations of post-seismic deformation from the 3 Sep 2016, Mw 5.8, Pawnee, Oklahoma",University of Memphis
1664473,2016-10-24,14236,Standard Grant,RAPID: Collaborative Research: Response to the 2016 M5.8 Pawnee Earthquake: Using MT to map Fluids in Faults,Woods Hole Oceanographic Institution
1664474,2016-10-24,23230,Standard Grant,RAPID: Collaborative Research: Response to the 2016 M5.8 Pawnee Earthquake: Using MT to map Fluids in Faults,Oklahoma State University
1664579,2016-10-24,14192,Standard Grant,RAPID: Collaborative Research: Response to the 2016 M5.8 Pawnee Earthquake: Using MT to map Fluids in Faults,University of California-San Diego Scripps Inst of Oceanography
1700766,2016-10-24,38048,Standard Grant,"Collaborative Research: Near-Surface Repulsion and Mixing- Limitations: Upscaling of Colloid Retention, Breakthrough, and Elution in Non-Uniform Media under Unfavorable Conditions",Columbia University
1606738,2016-10-26,1280474,Continuing Grant,GeoPRISMS Office Support,Pennsylvania State Univ University Park
1624325,2016-10-27,380000,Continuing Grant,Modeling Deep Earth Fluids and Diamond Formation,Johns Hopkins University
1664246,2016-11-08,60000,Standard Grant,RAPID: Acquisition of a Delta Ray Isotope Ratio Spectrometer for Earth Science Research,University of New Mexico
1707615,2016-11-08,34114,Continuing Grant,Collaborative Research: The Behavior of Sulfur During Magma Mixing and Implications for Magma Degassing and Ore Formation,"Board of Regents, NSHE, obo University of Nevada, Reno"
1709889,2016-11-08,56707,Standard Grant,Collaborative Research: Expanding the Tephrochronologic Record of the Northern Lesser Antilles Arc: Rapid Identification of Cryptotephra Using Multiple Methods,University of Tennessee Knoxville
1645063,2016-11-15,178638,Continuing Grant,Imaging the Eastern Trans-Mexican Volcanic Belt,California Institute of Technology
1712176,2016-11-16,29023,Standard Grant,RAPID: Collaborative Research: Impacts of Extreme Flooding on Hydrologic Connectivity and Water Quality in the Atlantic Coastal Plain and Implications for Vulnerable Populations,North Carolina State University
1712345,2016-11-16,29828,Standard Grant,RAPID: Collaborative Research: Impacts of Extreme Flooding on Hydrologic Connectivity and Water Quality in the Atlantic Coastal Plain and Implications for Vulnerable Populations,University of North Carolina at Chapel Hill
1702174,2016-11-17,71836,Interagency Agreement,Integrating GRACE Satellite and Ground-based Estimates of Groundwater Storage Changes,John Wesley Powell Center
1649412,2016-11-18,27887,Standard Grant,The Mervyn S. Paterson Deformation Apparatus Archival Collection,University of Minnesota-Twin Cities
1664300,2016-11-18,49760,Standard Grant,"2017 Gordon Research Conference on Catchment Science: Interactions of Hydrology, Biology & Geochemistry",Gordon Research Conferences
1700033,2016-11-18,33069,Standard Grant,Support for Analog Modeling of Tectonic Processes Workshop,Iowa State University
1644399,2016-11-28,307844,Continuing Grant,Seismological probes of Earth's outer core,Princeton University
1644614,2016-11-28,478000,Continuing Grant,In Situ X-ray Diffraction Study of Phase Transitions in Shock-Compressed Minerals,Princeton University
1644644,2016-11-28,270000,Continuing Grant,Interpreting the Paleomagnetic Field Using Stochastic Models,University of California-Berkeley
1644826,2016-11-28,547492,Continuing Grant,Toward Exascale Global Adjoint Tomography,Princeton University
1645227,2016-11-28,142538,Standard Grant,Assessing the Role of Water in Cordilleran Flat Slab Subduction Regions,Northern Arizona University
1644829,2016-11-29,204000,Continuing Grant,Do thermochemical convection models explain wave propagation and scattering?,Regents of the University of Michigan - Ann Arbor
1645245,2016-11-29,355000,Continuing Grant,"Contraining the large-scale dynamics and structure of the lower mantle using observations of the geoid, dynamic topography and plate tectonics",University of Colorado at Boulder
1660502,2016-11-29,73678,Standard Grant,"RAPID Flood Extent/Depth Data Identification, Acquisition, Cataloguing, and Processing",Louisiana State University
1707753,2016-11-29,337220,Standard Grant,A practical upscaling of subsurface reactive transport,Washington State University
1717288,2016-11-29,47674,Continuing Grant,Collaborative Research:   Experimental Investigation of Magmatic Processes at Volcan Quizapu,"Board of Regents, NSHE, obo University of Nevada, Reno"
1714587,2016-11-30,36875,Standard Grant,EAGER: Evaluating the Accuracy of Digital Compass Measurements on Mobile Devices,James Madison University
1663686,2016-12-01,35150,Standard Grant,2017 MagIC Workshop: Earth's Magnetic Field from the Beginning,University of California-San Diego Scripps Inst of Oceanography
1717119,2016-12-01,49581,Standard Grant,"Rapid deployment of seismic instruments around Wellington, NZ, following the November 13, 2016, magnitude 7.8 Kaikoura earthquake",University of Wisconsin-Madison
1644619,2016-12-06,143381,Continuing Grant,Collaborative Research: Sediment connectivity and its morphologic and vegetative controls: Linking soils and streams in mountain landscapes of the northern Rockies,University of Montana
1644624,2016-12-06,296282,Continuing Grant,Collaborative Research: Sediment connectivity and its morphologic and vegetative controls: Linking soils and streams in mountain landscapes of the northern Rockies,Montana State University
1650308,2016-12-06,157626,Standard Grant,Searching for Noble Gases with X-ray Computed Tomography: New Microanalytical Methods for Isotopic Characterization of Ocean Island Basalts,California Institute of Technology
1712077,2016-12-06,15050,Standard Grant,"From process to signal, a workshop to advance environmental seismology",University of New Mexico
1650185,2016-12-07,325402,Standard Grant,Experimental Constraints on Gas Permeability Development in Hydrous Intermediate Magmas: Implications for Explosive Versus Effusive Eruption Styles,University of Alaska Fairbanks Campus
1650329,2016-12-07,321347,Standard Grant,"The Fate of Subducted Carbon Dioxide During Metamorphism, Syros and Tinos Islands, Greece",Yale University
1650411,2016-12-07,52569,Standard Grant,"The Proterozoic Missing Link? Deposition, Volcanism, and Deformation between 1.6 and 1.45 Ga in the McDowell Mountains, south-central Arizona.",Arizona State University
1719496,2016-12-08,46517,Standard Grant,RAPID: Collaborative Research: Topographic Change and Cascading Hazards Following the Mw7.8 Kaikoura (New Zealand) Earthquake,Regents of the University of Michigan - Ann Arbor
1719524,2016-12-08,6166,Standard Grant,RAPID Collaborative research: Topographic change and cascading hazards following the November 13th Mw7.8 Kaikoura (New Zealand) earthquake,University of Colorado at Boulder
1621878,2016-12-09,136992,Standard Grant,In situ Seismic Anisotropy in the Source Region of Global Deep Earthquakes,University of Houston
1628956,2016-12-09,261798,Continuing Grant,Collaborative Research: Investigation of the Effects of Organic Matter and Sulfur in the Environmental Fate of Mercury,University of Illinois at Chicago
1629698,2016-12-09,288200,Continuing Grant,Collaborative Research: Investigation of the Effects of Organic Matter and Sulfur in the Environmental Fate of Mercury,University of Colorado at Boulder
1645246,2016-12-09,310000,Continuing Grant,Self-Organization Mechanisms within Magma-Driven Dyke and Hydraulic Fracture Swarms,University of Pittsburgh
1649656,2016-12-09,328368,Continuing Grant,The Thermodynamic Properties of Rare Earth Element (REE) Minerals: A Solid Solution Model for Xenotime-(Y) and Monazite-(Ce),Colorado School of Mines
1648770,2016-12-12,104704,Continuing Grant,Collaborative Research: Improving lower mantle seismic sampling and model resolution using multi-bounce and diffracted waves,University of Texas at Austin
1648817,2016-12-12,191261,Continuing Grant,Collaborative Research: Improving lower mantle seismic sampling and model resolution using multi-bounce and diffracted waves,Arizona State University
1645269,2016-12-13,287000,Continuing Grant,Crustal and Uppermost Mantle Anisotropy Across Tibet and East China,University of Colorado at Boulder
1653191,2016-12-13,545477,Continuing Grant,CAREER: Quantifying the lifespan of agricultural soils,University of Massachusetts Amherst
1645775,2016-12-15,410000,Continuing Grant,Collaborative Research: Forward and inverse models of global plate motions and plate interactions,California Institute of Technology
1646337,2016-12-15,98000,Standard Grant,Collaborative Research: Forward and inverse models of global plate motions and plate interactions,New York University
1713930,2016-12-15,32037,Standard Grant,Unity of Purpose for Equitable Representation in Geosciences Workshop,"The Geological Society of America, Inc."
1719687,2016-12-15,120020,Continuing Grant,Mantle Signals in Arcs: Transport Models From Geochemistry and Seismicity,"Board of Regents, NSHE, obo University of Nevada, Reno"
1720839,2016-12-15,85972,Standard Grant,Estimating global subduction mass transport,University of Texas at Austin
1654628,2016-12-19,630679,Continuing Grant,CAREER: Thermochronometric and textural signatures of fault damage zones and stimulating middle school student interest in earthquake science,Utah State University
1712761,2016-12-19,18960,Standard Grant,2017 AGU-SEG Hydrogeophysics Conference: Imaging the Critical Zone,Rutgers University Newark
1719204,2016-12-19,150485,Continuing Grant,Collaborative Research: Shear-wave Splitting and Mantle Dynamics of the North American Plate,University of Texas at Austin
1719622,2016-12-19,30128,Standard Grant,"RAPID: Testing the erosion signature of coseismic landslides using cosmogenic catchment wide erosion rates - a case study of the 2016 Kaikoura Earthquake, New Zealand",University of Washington
1641960,2016-12-20,293288,Continuing Grant,Transformative insights into the high-elevation climatology and dynamics of Andean hydrology using a new snow reanalysis dataset,University of California-Los Angeles
1654584,2016-12-20,575033,Continuing Grant,CAREER: Triggering Eruptions: Determination of Pressure-Temperature-Composition-time Histories for Magma Bodies Preceding Eruption,Arizona State University
1653977,2017-01-03,506961,Continuing Grant,CAREER: Mass Transport and Fluid-Rock Reactions Driven by Multicomponent Aqueous Fluids,University of Arizona
1722482,2017-01-04,49980,Standard Grant,"RAPID:  Cascading of Extreme Events (Drought-Wildfire) in a Pristine Watershed Located in the Southeast US: Implication on Hydrology, Water Quality and Microbial Communities",Clemson University
1650156,2017-01-05,89977,Standard Grant,"Collaborative research: Andean Plutonic Perspectives on Generation, Storage, and Eruption of Rhyolite",Princeton University
1650232,2017-01-05,254025,Continuing Grant,"Collaborative research: Andean Plutonic Perspectives on Generation, Storage, and Eruption of Rhyolite",University of Wisconsin-Madison
1650265,2017-01-05,86426,Standard Grant,"Collaborative research: Andean Plutonic Perspectives on Generation, Storage, and Eruption of Rhyolite",University of California-Santa Barbara
1550843,2017-01-09,139026,Continuing Grant,"Collaborative Research: Leveraging domain repositories in Flyover Country, a mobile app for geoscience outreach, data discovery, and visualization",University of Arizona
1550855,2017-01-09,162778,Continuing Grant,"Collaborative Research: Leveraging domain repositories in Flyover Country, a mobile app for geoscience outreach, data discovery, and visualization",University of Wisconsin-Madison
1550913,2017-01-09,574324,Continuing Grant,"Collaborative Research: Leveraging domain repositories in Flyover Country, a mobile app for geoscience outreach, data discovery, and visualization",University of Minnesota-Twin Cities
1650166,2017-01-09,205750,Standard Grant,Collaborative Research: Quantifying the Sensitivity of Rifting Processes to Erosion and Sedimentation,Columbia University
1650244,2017-01-09,218477,Standard Grant,Collaborative Research: Quantifying the Sensitivity of Rifting Processes to Erosion and Sedimentation,Woods Hole Oceanographic Institution
1651017,2017-01-09,415122,Continuing Grant,Melting Studies of Core-forming Alloys,University of Chicago
1656348,2017-01-09,450000,Continuing Grant,The First Billion Years of the Geodynamo,University of Rochester
1660972,2017-01-09,352025,Standard Grant,Collaborative research: Development of sliding laws for glacier-flow and landscape-evolution models,Iowa State University
1661044,2017-01-09,199058,Standard Grant,Collaborative research: Development of sliding laws for glacier-flow and landscape-evolution models,University of Wisconsin-Madison
1721660,2017-01-11,76333,Standard Grant,Collaborative Research: Nano- and micro-particle transport prediction in subsurface media: The role of heterogeneity and structure,Columbia University
1654642,2017-01-12,569030,Continuing Grant,CAREER:   Sources and fate of inositol phosphates in soils,University of Delaware
1713420,2017-01-13,33594,Standard Grant,Collaborative Research: Space-based detection of sinkhole activities in Central Florida,Florida International University
1547263,2017-01-19,395544,Continuing Grant,Accomplishment Based Renewal: Transforming the paleointensity experiment and application to the paleointensity database,University of California-San Diego Scripps Inst of Oceanography
1650745,2017-01-19,522321,Continuing Grant,"CAREER: Parasites, Sea Level Rise, and Ecosystem Dynamics: Investigating the Pattern and Process of Increasing Trematode Prevalence During Transgression",University of Missouri-Columbia
1653998,2017-01-19,583729,Continuing Grant,CAREER: Active Learning Across Interfaces: Controls on Flow Intermittency and Water Age in Temporary Streams,Idaho State University
1651235,2017-01-24,470000,Continuing Grant,Investigating dynamic friction using earthquake ruptures produced in the laboratory,California Institute of Technology
1654649,2017-01-25,2500000,Continuing Grant,CAREER: Understanding transport processes in fractured sedimentary rock through multi-frequency and multi-method investigations,University of Wisconsin-Madison
1660244,2017-01-25,48240,Standard Grant,RAPID:Geomorphic Changes to the Amite River Channel and Floodbasin Induced by the August 2016 Flood in Louisiana,The Water Institute of the Gulf
1660603,2017-01-25,29000,Standard Grant,International Conference on Rock Magnetism,University of Minnesota-Twin Cities
1719480,2017-01-25,313627,Continuing Grant,CAREER: The Effect of Bubbles on Magma Dynamics,Brown University
1650313,2017-01-27,181896,Standard Grant,Collaborative Research:   Punctuated versus gradual topographic evolution of Cordilleran-style orogenic belts,Yale University
1650396,2017-01-27,262315,Standard Grant,Collaborative Research:   Punctuated versus gradual topographic evolution of Cordilleran-style orogenic belts,University of Connecticut
1654088,2017-01-27,512202,Continuing Grant,CAREER:   A Late Triassic Origin for Modern Marine Predator-prey Dynamics,North Dakota State University Fargo
1660536,2017-01-27,39250,Standard Grant,Resilience and Bio-Geomorphic Systems: The 48th Annual Binghamton Geomorphology Symposium,Texas State University - San Marcos
1646527,2017-02-02,338618,Standard Grant,"Elasticity of clinopyroxene (Ca, Na) (Mg, Al, Fe) Si2O6 under Earth's upper mantle conditions",University of New Mexico
1654687,2017-02-02,570000,Continuing Grant,CAREER: Deformation and Anisotropy Development in the Lower-most Mantle,University of Utah
1650662,2017-02-03,180879,Continuing Grant,Collaborative Research:  Antimony stable isotope systematics during bacterial and abiotic redox cycling,SUNY at Binghamton
1654935,2017-02-03,147942,Continuing Grant,Collaborative Research:  Antimony stable isotope systematics during bacterial and abiotic redox cycling,University of Illinois at Urbana-Champaign
1656935,2017-02-03,148899,Standard Grant,Collaborative Research: Drainage network evolution following continental glaciation,University of Illinois at Urbana-Champaign
1656969,2017-02-03,127644,Standard Grant,Collaborative Research: Drainage network evolution following continental glaciation,University of Minnesota Duluth
1656985,2017-02-03,123174,Standard Grant,Collaborative Research: Drainage network evolution following continental glaciation,Iowa State University
1658800,2017-02-03,333968,Standard Grant,Investigating Feedbacks Between Deformation and Groundwater Flow in a Slow Moving Landslide,University of California-Santa Cruz
1659518,2017-02-03,111452,Standard Grant,"Collaborative Research: Near-bed flow, turbulence, and emergent hydrodynamics of biologically-conditioned labile river channels",University of Iowa
1659909,2017-02-03,275726,Standard Grant,"Collaborative Research: Near-bed flow, turbulence, and emergent hydrodynamics of biologically-conditioned labile river channels",SUNY at Buffalo
1659929,2017-02-03,36645,Standard Grant,"Collaborative Research: Near-bed flow, turbulence, and emergent hydrodynamics of biologically-conditioned labile river channels",University of Oklahoma Norman Campus
1652351,2017-02-06,599307,Continuing Grant,CAREER: Investigating Controls of Exceptional Fossil Preservation,University of Missouri-Columbia
1660005,2017-02-06,335580,Standard Grant,Assessing the Paleoecology and Taphonomy of the New Early Jurassic Ya Ha Tinda Lagerst?tte (Canada) and the Significance of the Toarcian Ocean Anoxic Event,University of Texas at Austin
1634415,2017-02-08,14788882,Cooperative Agreement,"Facility Support: GeoSoilEnviroCARS: A National Resource for Earth, Planetary, Soil and Environmental Science Research at the APS",University of Chicago
1654194,2017-02-08,599221,Continuing Grant,CAREER: proposal to link catchment hydrologic transport to the evolved architecture of the critical zone,Johns Hopkins University
1659923,2017-02-08,440751,Standard Grant,Predictive Models for Wave Damping by Flexible Aquatic Vegetation,Massachusetts Institute of Technology
1650340,2017-02-09,317000,Continuing Grant,Insights into Hawaiian Magma Storage and Melt/Crust Interaction from Geochemical and Petrologic Investigation of Xenoliths from Hualalai and Mauna Kea Volcanoes,University of Texas at Austin
1656974,2017-02-09,392529,Standard Grant,"Biological Consequences of Environmental Change in the Bivalve, Astarte: Relationships Between Lifespan, Growth Rate, and Cold vs. Warm Climate States",University of North Carolina at Chapel Hill
1650260,2017-02-13,394453,Continuing Grant,U-Pb Thermochronology of Lower Crustal Xenoliths: Estimating Moho Temperature in Order to Constrain Crustal Heat Production,University of California-Santa Barbara
1650416,2017-02-13,395566,Continuing Grant,Advances in Crystal Growth: Experimental and Microscopic Study of Olivine Phosphorus Zoning,University of Hawaii
1659006,2017-02-13,500000,Standard Grant,RCN: RATES: Building a Spatial and Temporal Framework for Understanding Surface Earth Processes,University of Connecticut
1654009,2017-02-16,509442,Continuing Grant,CAREER: An Integrative Probabilistic Approach for Assessing Solute Transport in Multi-Scale Heterogeneous Aquifers,University of Southern California
1725165,2017-02-16,18900,Standard Grant,RAPID: Collaborative Research: Triggered Aftershocks and Tremors following the Kaikoura Earthquake recorded with Arrays (KEA),Georgia Tech Research Corporation
1725302,2017-02-16,10080,Standard Grant,RAPID: Collaborative Research: Triggered Aftershocks and Tremors following the Kaikoura Earthquake recorded with Arrays (KEA),University of California-Riverside
1620576,2017-02-21,290000,Standard Grant,Investigating the seismic signatures of volcanic unrest and eruption: Spatiotemporal distribution and source origin of tiny long-period seismicity,University of California-Santa Barbara
1649254,2017-02-21,1001184,Continuing Grant,Facility Support: Multi-User Facility Support for U-Th-Pb Geochronology and Complementary Isotope Geochemistry and SEM imaging at the  Arizona LaserChron Center,University of Arizona
1650382,2017-02-21,292402,Continuing Grant,The Interaction of Pyroclastic Density Currents with the Atmosphere & Landscapes: Integrating Experiments and Computational Approaches for Validation & Examination of Entrainment,Georgia Tech Research Corporation
1650033,2017-02-27,304034,Continuing Grant,NSFGEO-NERC: An Investigation into the Possible Co-evolution of Si and O Isotopes in Igneous Rocks and Minerals From the Hadean to Present,University of Rochester
1660691,2017-02-27,227893,Continuing Grant,Collaborative Research:  Biosignatures of coupled iron and carbon cycling in ferruginous lakes,Iowa State University
1660761,2017-02-27,95165,Continuing Grant,Collaborative Research: Biosignatures of coupled iron and carbon cycling in ferruginous lakes,"Minnesota State University, Mankato"
1660873,2017-02-27,92947,Continuing Grant,Collaborative Research: Biosignatures of coupled iron and carbon cycling in ferruginous lakes,University of Minnesota Duluth
1642268,2017-02-28,2094021,Continuing Grant,Facility Support: Institute for Rock Magnetism,University of Minnesota-Twin Cities
1645057,2017-02-28,543000,Continuing Grant,"Magma Waves, magma wagging and volcanic oscillations",Yale University
1650022,2017-02-28,273378,Standard Grant,"Collaborative Research: Displacement history of the Pearya terrane, Ellesmere Island - evaluating a strike-slip origin for the Canadian Arctic margin",University of Iowa
1650152,2017-02-28,141662,Standard Grant,"Collaborative Research: Displacement history of the Pearya terrane, Ellesmere Island - evaluating a strike-slip origin for the Canadian Arctic margin",Dartmouth College
1702580,2017-02-28,193430,Standard Grant,Collaborative Research: The California Precipitation Dipole: Spatiotemporal Variability and Forcings Over the Past 3000 Years,University of California-Los Angeles
1702825,2017-02-28,345802,Standard Grant,Collaborative Research: The California Precipitation Dipole:  Spatiotemporal Variability and Forcings Over the Past 3000 Years,CSU Fullerton Auxiliary Services Corporation
1737872,2017-03-06,570084,Continuing Grant,SAVI: LIFE: Linked Institutions for Future Earth,University of California-Irvine
1645145,2017-03-07,332839,Continuing Grant,Catalog-constrained models of tremor and slow slip,Princeton University
1658823,2017-03-07,988909,Continuing Grant,Facility Support: The WiscSIMS National Ion Microprobe,University of Wisconsin-Madison
1719325,2017-03-14,240784,Continuing Grant,EAGER: Antibacterial clay effects on pathogenic biofilms,Arizona State University
1654588,2017-03-15,540000,Continuing Grant,CAREER:  Investigating the Impact of Temporal and Spatial Variations on Lava Emplacement Through Numerical and Physical Models,Columbia University
1702571,2017-03-15,85071,Standard Grant,Collaborative Research: Quantifying past water table depth and hydroclimate with dissolved noble gas isotopes in groundwater,Columbia University
1702704,2017-03-15,351482,Standard Grant,Collaborative Research: Quantifying past water table depth and hydroclimate with dissolved noble gas isotopes in groundwater,University of California-San Diego Scripps Inst of Oceanography
1619868,2017-03-24,400008,Standard Grant,Measurements of sound velocity and density of core materials by combination of dynamic and static methods,Carnegie Institution of Washington
1650054,2017-03-24,119428,Standard Grant,RUI: Collaborative Research: Preserving Evidence of Extreme Metamorphism in the Rhodope Complex,Bowdoin College
1650266,2017-03-24,176191,Standard Grant,Collaborative Research: Preserving Evidence of Extreme Metamorphism in the Rhodope Complex,University of Massachusetts Amherst
1650355,2017-03-24,310000,Continuing Grant,Intragrain Oxygen-isotope Zoning and the Fast Grain Boundary Model: A New Approach to Thermal Histories and Fluid-rock Interactions,New Mexico Institute of Mining and Technology
1650364,2017-03-24,382296,Continuing Grant,Collaborative Research: Paired paleoseismic and slip rate analysis of the central Garlock fault: Towards a true dated path of incremental slip on a major strike-slip fault,University Enterprises Corporation at CSUSB
1650365,2017-03-24,299080,Continuing Grant,Neutrino Geoscience: Geoneutrinos and Heat Production in the Earth,"University of Maryland, College Park"
1650377,2017-03-24,352152,Continuing Grant,Collaborative Research: Paired paleoseismic and slip rate analysis of the central Garlock fault: Towards a true dated path of incremental slip on a major strike-slip fault,University of Southern California
1653382,2017-03-24,473705,Continuing Grant,"CAREER: Faults, fluids, friction, and fracture mechanics",Tufts University
1654637,2017-03-24,143550,Continuing Grant,Collaborative Research: Experimental Investigation of Actinide Partitioning in Zircon and its Applications to Geochronology,University of Kansas Center for Research Inc
1654683,2017-03-24,257301,Continuing Grant,Collaborative Research: Experimental Investigation of Actinide Partitioning in Zircon and its Applications to Geochronology,Washington University
1661489,2017-03-24,373999,Standard Grant,CSEDI Collab. Research: A joint mineral physics and nano-seismological study on high-pressure faulting in metastable olivine and harzburgite with implications to deep earthquakes,University of Chicago
1661519,2017-03-24,193774,Continuing Grant,CSEDI Collab. Research: A joint mineral physics and nano-seismological study on high-pressure faulting in metastable olivine and harzburgite with implications to deep earthquakes,Saint Louis University
1664332,2017-03-24,375194,Continuing Grant,CSEDI Collaborative Research: Chemistry and Dynamic Implications of Heterogeneous Fe and Si in the Deep Lower Mantle,Michigan State University
1664471,2017-03-24,369931,Continuing Grant,CSEDI: Compositional heterogeneity and seismic anisotropy near the 410 km discontinuity,University of New Mexico
1664553,2017-03-24,29130,Standard Grant,CSEDI Collaborative Research: Chemistry and Dynamic Implications of Heterogeneous Fe and Si in the Deep Lower Mantle,Indiana University
1712071,2017-03-24,705000,Continuing Grant,GSA GRADUATE RESEARCH GRANT PROGRAM (2017-2019),"The Geological Society of America, Inc."
1660309,2017-03-27,80135,Standard Grant,Early Career:  Acquisition of a Particle Size Analyzer for Interdisciplinary  Research and Undergraduate Research Training,College of William and Mary
1645009,2017-03-28,77278,Standard Grant,"Collaborative research: A joint seismic and geodetic investigation into the structure and behavior of an intracontinental subduction zone, Nepal",University of Colorado at Boulder
1645014,2017-03-28,142636,Standard Grant,"Collaborative Research: A joint seismic and geodetic investigation into the structure and behavior of an intracontinental subduction zone, Nepal",University of Iowa
1711642,2017-03-31,49826,Standard Grant,RAPID: Hurricane-mediated alteration of microbial mercury methylation in coastal wetlands,University of North Carolina Greensboro
1650183,2017-04-11,280104,Continuing Grant,"Collaborative Research: Strain localization, shear zone connectivity, and magma-deformation interactions by depth within a 65 km thick transpressional continental arc",University of Vermont & State Agricultural College
1650219,2017-04-11,309915,Continuing Grant,"Collaborative Research: Strain localization, shear zone connectivity, and magma-deformation interactions by depth within a 65 km thick transpressional continental arc","The University Corporation, Northridge"
1650368,2017-04-11,299414,Standard Grant,"Evolving work budget of fault initiation, linkage and growth within accretionary systems",University of Massachusetts Amherst
1650407,2017-04-11,231072,Standard Grant,Formation of the metamorphic sole of the Semail ophiolite: High-precision U-Pb dating of the preserved remnants of a subducted slab,University of California-Santa Barbara
1742569,2017-04-11,47275,Standard Grant,Collaborative Research: Hybrid Modeling of Reactive Transport in Porous and Fractured Media,Stanford University
1711022,2017-04-17,82912,Standard Grant,On the Cutting Edge: Early Career Geoscience Faculty Development Workshop: A partnership between NAGT and NSF,"University of Maryland, College Park"
1734126,2017-04-18,49500,Standard Grant,Geobiology 2017: The Inaugural International Conference of the Geobiology Society,University of California-Riverside
1645163,2017-04-19,215000,Continuing Grant,Merging lab and field data: seismic indicators of earthquake nucleation,Cornell University
1649771,2017-04-19,201759,Standard Grant,"Collaborative research: Investigating effects of geologic complexity on induced seismicity, using M0-M5.7 seismicity from Prague, Oklahoma",Columbia University
1649821,2017-04-19,137201,Standard Grant,"Collaborative research: Investigating effects of geologic complexity on induced seismicity, using M0-M5.7 seismicity from Prague, Oklahoma",Cornell University
1740555,2017-04-19,15934,Standard Grant,Conference: Petrochronology 2017,Boise State University
1659892,2017-04-20,135727,Standard Grant,REU Site: Summer Undergraduate Research Fellowships in Environmental and Ecological Sciences (SURFEES),Chapman University
1739121,2017-04-20,45000,Standard Grant,2017 Interior of the Earth GRC/GRS,Gordon Research Conferences
1659322,2017-05-02,680153,Continuing Grant,REU Site:   Keck Geology Consortium: Undergraduate Research Pathways That Broaden and Strengthen the Geosciences,Macalester College
1600087,2017-05-08,14923635,Cooperative Agreement,"Southern California Earthquake Center: Research Program in Earthquake System Science, 2017-2022",University of Southern California
1659546,2017-05-10,421708,Continuing Grant,REU Site:  Earth Systems Research for Environmental Solutions,University of Arizona
1702438,2017-05-12,87520,Standard Grant,Collaborative Research: quantifying precipitation changes in the South American subtropics over the late Pleistocenee,University of Arizona
1702588,2017-05-12,204550,Standard Grant,Collaborative Research: Quantifying precipitation changes in the South American subtropics over the late Pleistocene,Massachusetts Institute of Technology
1722623,2017-05-12,213618,Continuing Grant,Investigating the long-term spatial stability of LLSVPs,Michigan State University
1725289,2017-05-12,61470,Standard Grant,Heads and Chairs Workshop on Future of Undergraduate Geoscience Education,University of Texas at Austin
1661511,2017-05-16,12000000,Cooperative Agreement,Consortium for Materials Properties Research in Earth Sciences (COMPRES): National Facilities and Infrastructure Development for High-Pressure Geosciences Research,University of New Mexico
1724685,2017-05-25,86334,Standard Grant,Double-difference attenuation tomography method and pilot applications,University of Wisconsin-Madison
1743564,2017-05-26,34599,Standard Grant,"Structural Geology and Tectonics Forum at Arizona State University, Tempe, AZ, January 4-9, 2018",Arizona State University
1723192,2017-06-02,244981,Continuing Grant,Detecting offshore seismicity by combining back-projection and matched filter analysis,University of California-Los Angeles
1722879,2017-06-05,190093,Continuing Grant,Receiver function based on dense arrays,California Institute of Technology
1723067,2017-06-05,144770,Standard Grant,Array Science for the IRIS Community Wavefields Experiment,University of Memphis
1722604,2017-06-07,222798,Continuing Grant,Collaborative Research: A geomagnetic intensity time series from the Proterozoic Laramie anorthosite,University of California-San Diego Scripps Inst of Oceanography
1722773,2017-06-07,146202,Standard Grant,Collaborative Research: A geomagnetic intensity time series from the Proterozoic Laramie anorthosite,University of Wyoming
1743086,2017-06-07,30000,Standard Grant,"Graduate Student Travel Support Program for the 2017 V.M. Goldschmidt Conference in Paris, France, August 13-18, 2017",The Geochemical Society
1652274,2017-06-13,339905,Continuing Grant,Early Career: Technician Support for an organic and stable isotope biogeochemistry laboratory focused on climate and water-related natural hazards,SUNY at Buffalo
1654433,2017-06-13,95505,Continuing Grant,Collaborative Research: Constraining the flux of magma and magmatic CO2 during early-stage rifting in East Africa,University of New Mexico
1654518,2017-06-13,210812,Continuing Grant,Collaborative Research: Constraining the flux of magma and magmatic CO2 during early-stage rifting in East Africa,Syracuse University
1654557,2017-06-13,67134,Continuing Grant,Collaborative Research: Constraining the flux of magma and magmatic CO2 during early-stage rifting in East Africa,Georgia Tech Research Corporation
1722542,2017-06-13,270000,Continuing Grant,Mapping Fine-Scale Structure in Earth's Inner Core With a Global Array of Seismic Arrays,University of Utah
1723057,2017-06-13,334241,Continuing Grant,A new hypothesis for the initiation of plate tectonics on Earth: Feedback between subduction and continental crust growth,Pennsylvania State Univ University Park
1723160,2017-06-13,346000,Continuing Grant,Prediction and characterization of novel Earth-forming minerals using advanced ab initio simulations,SUNY at Stony Brook
1725321,2017-06-13,346000,Continuing Grant,Experimental Investigation of Chemical Zoning in Olivine: Applications to Hawaiian Basalt,University of Hawaii
1732256,2017-06-13,403000,Continuing Grant,Experimental Study of Mineral Solubility in Fluids of the Deep Crust and Upper Mantle,University of California-Los Angeles
1738121,2017-06-13,277381,Standard Grant,Drivers of Selective Mass Extinction: Insight from Integrated Paleontological and Geochemical Records,University of Connecticut
1658681,2017-06-15,126459,Standard Grant,Acquisition of an X-ray diffractometer for environmental mineralogy and geochemistry,Kent State University
1700821,2017-06-15,485080,Continuing Grant,DATING THE CENOZOIC INCISION HISTORY OF THE TENNESSEE AND SHENANDOAH RIVERS WITH COSMOGENIC NUCLIDES AND 40Ar/39Ar IN MANGANESE OXIDES,Purdue University
1725094,2017-06-15,271735,Standard Grant,Calcium in Bridgmanite in the Deep Mantle,Arizona State University
1726350,2017-06-15,141539,Standard Grant,Collaborative Research: Impact of crystal defects on helium diffusion in apatite crystals in (Uranium-Thorium)/Helium isotopic dating for the Earth sciences,Lehigh University
1727203,2017-06-15,233654,Standard Grant,Collaborative Research: Impact of crystal defects on helium diffusion in apatite crystals in (Uranium-Thorium)/Helium isotopic dating for the Earth sciences,University of Minnesota-Twin Cities
1731784,2017-06-15,232497,Standard Grant,Water in the Lithosphere: The Fidelity of Mantle Xenoliths,Columbia University
1740214,2017-06-15,290352,Standard Grant,Pleistocene to Recent Environments and Species Distributions on the California Coast,University of California-Berkeley
1645313,2017-06-16,316475,Continuing Grant,Slow Earthquakes and Earthquake Nucleation in the Lower Crust of Central Alaska,University of Alaska Fairbanks Campus
1650379,2017-06-16,197209,Standard Grant,"Trigger Mechanisms of Compositionally Zoned Explosive Eruptions: Insights From Cosiguina Volcano, Nicaragua",CUNY Queens College
1654374,2017-06-16,677110,Continuing Grant,CAREER: Eco-geomorphic response of coastal carbon to accelerated sea level rise,College of William & Mary Virginia Institute of Marine Science
1659023,2017-06-16,480000,Continuing Grant,Acquisition of a State-of-the-Art Multi-Collector Inductively-Coupled Plasma Mass Spectrometer,"University of Maryland, College Park"
1659853,2017-06-16,287986,Standard Grant,"REU Site: Healthy Streams, Healthy Coasts: An Interdisciplinary Approach to Watershed Science and Education",University of Louisiana at Lafayette
1722969,2017-06-16,360000,Continuing Grant,Fate and role of metastable pyroxenes in the subduction process,University of Hawaii
1725265,2017-06-16,226763,Standard Grant,RUI: Paleobiology of the Eocene Giraffe Fossil Locality: Response of an Arctic Ecosystem to a Greenhouse Climate,Connecticut College
1725315,2017-06-16,153363,Standard Grant,Nitrogen Transiting the Subduction and Redox Barrier,Smithsonian Institution
1727020,2017-06-16,324000,Standard Grant,Melting of compressed iron-alloys by monitoring atomic dynamics,California Institute of Technology
1728155,2017-06-16,206620,Standard Grant,"Collaborative Research: Documenting the transition from contraction to extension in the Ruby-East Humboldt-Wood Hills Metamorphic Core Complex, Southwestern U.S. Cordillera",University of Dayton
1728227,2017-06-16,110633,Standard Grant,"Ductile strain in the footwall of a metamorphic core complex: A field example to test models for dynamics, timescales, and controls of mid-crustal flow.",University of Florida
1728274,2017-06-16,68318,Standard Grant,"Collaborative Research: Documenting the transition from contraction to extension in the Ruby-East Humboldt-Wood Hills Metamorphic Core Complex, Southwestern U.S. Cordillera",Great Basin College
1728537,2017-06-16,147255,Standard Grant,"Collaborative Research: Documenting the transition from contraction to extension in the Ruby-East Humboldt-Wood Hills Metamorphic Core Complex, Southwestern U.S. Cordillera",University of Colorado at Boulder
1734424,2017-06-16,71779,Standard Grant,Collaborative Research: Paleoecology of Jurassic Terrestrial Landscapes,University of California-Los Angeles
1734608,2017-06-16,117061,Standard Grant,Collaborative Research: Paleoecology of Jurassic Terrestrial Landscapes,Southern Methodist University
1736256,2017-06-16,92221,Standard Grant,"Collaborative Research: Faunal Composition, Provinciality and Paleobiolgy of a Late Cretaceous Arctic Vertebrate Assemblage Revealed Through Cross-Latitudinal Comparisons",University of Colorado at Boulder
1736386,2017-06-16,131126,Standard Grant,"Collaborative Research: Faunal Composition, Provinciality and Paleobiolgy of a Late Cretaceous Arctic Vertebrate Assemblage Revealed Through Cross-Latitudinal Comparisons",Florida State University
1736515,2017-06-16,231454,Standard Grant,"Collaborative Research: Faunal Composition, Provinciality and Paleobiolgy of a Late Cretaceous Arctic Vertebrate Assemblage Revealed Through Cross-Latitudinal Comparisons",University of Alaska Fairbanks Campus
1649959,2017-06-20,299377,Continuing Grant,Collaborative Research: Development of Tunable Infrared Laser Direct Absorption Spectroscopy (TILDAS) for clumped isotope analysis of CO2,University of Arizona
1649986,2017-06-20,4396,Continuing Grant,Collaborative Research: Development of Tunable Infrared Laser Direct Absorption Spectroscopy (TILDAS) for clumped isotope analysis of CO2,University of Washington
1725621,2017-06-20,87000,Fellowship Award,EAR-PF: Mapping the effects of drought on human evolution and East African ecosystems during the late Pleistocene using triple oxygen isotopes and bulk geochemistry in paleosols,Beverly                 Emily          J
1743284,2017-06-20,12000,Standard Grant,The Second Cargese School on Earthquakes - Participant Support,Stanford University
1652237,2017-06-21,559600,Continuing Grant,CAREER: Mineral growth by nanoparticle aggregation: Aluminosilicate minerals,Virginia Polytechnic Institute and State University
1652293,2017-06-21,716530,Continuing Grant,CAREER: Advancing predictive understanding of hydrologic exchange in the river corridor,Indiana University
1654128,2017-06-21,349665,Continuing Grant,"Assessing changes in the state of a magma storage system over caldera-forming eruption cycles, a case study at Taupo Volcanic Zone, New Zealand",Michigan Technological University
1654275,2017-06-21,200527,Continuing Grant,"Collaborative research: Assessing changes in the state of a magma storage system over caldera-forming eruption cycles, a case study at Taupo Volcanic Zone, New Zealand",Oregon State University
1654506,2017-06-21,363200,Continuing Grant,"Collaborative research: Assessing changes in the state of a magma storage system over caldera-forming eruption cycles, a case study at Taupo Volcanic Zone, New Zealand",University of California-Davis
1700983,2017-06-21,434934,Standard Grant,Groundwater-forest interactions during drought in temperate forests across scales,University of Wisconsin-Madison
1702060,2017-06-21,380014,Standard Grant,Collaborative Research: A New Inverse Theory for Joint Parameter and Boundary Conditions Estimation to Improve Characterization of Deep Geologic Formations and Leakage Monitoring,Colorado School of Mines
1702078,2017-06-21,242466,Standard Grant,Collaborative Research: A New Inverse Theory for Joint Parameter and Boundary Conditions Estimation to Improve Characterization of Deep Geologic Formations and Leakage Monitoring,University of Wyoming
1702293,2017-06-21,249801,Continuing Grant,Collaborative Research: Assessing the response of tropical temperature to global forcings since the Last Glacial Maximum,Brown University
1702319,2017-06-21,376997,Standard Grant,Collaborative Research: Assessing the response of tropical temperature to global forcings since the Last Glacial Maximum,Dartmouth College
1702946,2017-06-21,234270,Standard Grant,Collaborative Research: Diagnosing the Timing and Drivers of Northeastern Caribbean Holocene Droughts with Sinkhole Lake Records,Woods Hole Oceanographic Institution
1703087,2017-06-21,266227,Standard Grant,Collaborative Research: DIAGNOSING THE TIMING AND DRIVERS OF NORTHEASTERN CARIBBEAN HOLOCENE DROUGHTS WITH SINKHOLE LAKE RECORDS,Texas A&M University
1703141,2017-06-21,150202,Standard Grant,Collaborative Research: Diagnosing the Timing and Drivers of Northeastern Caribbean Holocene Droughts with Sinkhole Lake Records,University of Southern California
1724781,2017-06-21,351353,Standard Grant,Upgrading plant-functional-types with plant trait variability in ecohydrological models: A stochastic parameterization approach,University of Minnesota-Twin Cities
1725002,2017-06-21,209563,Standard Grant,Rare Earth Elements Tracing Crustal Evolution Through Time: A Detrital Zircon Study,University of Arizona
1725053,2017-06-21,289112,Standard Grant,Stability and Thermochemistry of some Chlorine-bearing Calcium Amphiboles,SUNY at Binghamton
1725110,2017-06-21,334776,Standard Grant,Retrograde Metamorphism in the Greek Cycladic Islands as a Window into Exhumation Mechanisms of High Pressure Terranes,University of Texas at Austin
1740481,2017-06-21,33396,Standard Grant,Collaborative Research: Geophysical characterization of a karst aquifer using dynamic recharge events,University of Florida
1740526,2017-06-21,480452,Standard Grant,Collaborative Research: Geophysical characterization of a karst aquifer using dynamic recharge events,New Mexico Institute of Mining and Technology
1648634,2017-06-22,164338,Standard Grant,Collaborative Research: Quantifying Human Forcing of Legacy Sediment and Metal Contamination Dynamics on the Yunnan Plateau of Southwestern China,University of Louisiana at Lafayette
1648772,2017-06-22,260145,Standard Grant,Collaborative Research: Quantifying Human Forcing of Legacy Sediment and Metal Contamination Dynamics on the Yunnan Plateau of Southwestern China,University of Pittsburgh
1711974,2017-06-22,278913,Standard Grant,"Collaborative research:  Linking landslide and windstorm exposure to regional carbon stocks and fluxes in the largest US forest carbon reservoir, southeast Alaska",University of Alaska Southeast Juneau Campus
1711986,2017-06-22,276719,Standard Grant,"Collaborative research:  Linking landslide and windstorm exposure to regional carbon stocks and fluxes in the largest US forest carbon reservoir, southeast Alaska",Portland State University
1725789,2017-06-26,87000,Fellowship Award,"EAR-PF Near-real time monitoring and prediction of snowpack drought over Sierra Nevada, California",Huning                  Laurie         S
1723859,2017-06-29,49800,Standard Grant,Expanding HBCU Participation at the National Association of Black Geoscientists Annual Technical Conference,University of Arkansas
1744089,2017-06-29,40000,Standard Grant,"RAPID: Sources and ecosystem significance of dust inputs during extremely wet and dry years in the Sierra Nevada, California",University of California-Riverside
1650369,2017-06-30,313531,Standard Grant,Reconstructing Eruption Energetics From Volcanic Ash Morphology and Geochemistry,Lehigh University
1656988,2017-06-30,124237,Standard Grant,Collaborative Research: The role of phyllosilicate minerals in mediating the temperature sensitivity of soil organic matter decomposition,Miami University
1719492,2017-06-30,273959,Standard Grant,Collaborative Research: Using Surface Information for Quantitative Modeling of the Subsurface,University of Minnesota-Twin Cities
1719638,2017-06-30,282371,Standard Grant,Collaborative Research: Using Surface Information for Quantitative Modeling of the Subsurface,University of Delaware
1719670,2017-06-30,277158,Standard Grant,Collaborative Research: Using Surface Information for Quantitative Modeling of the Subsurface,University of Texas at Austin
1722579,2017-06-30,321162,Standard Grant,Seismic Anisotropy across the USArray using Surface-wave Arrival Angles,University of California-San Diego Scripps Inst of Oceanography
1722650,2017-06-30,124087,Standard Grant,Collaborative Research: Multi-scale models of subduction zone earthquake cycle observations,Purdue University
1722680,2017-06-30,233467,Standard Grant,Collaborative Research: Multi-scale models of subduction zone earthquake cycle observations,University of Texas at Austin
1723284,2017-06-30,232500,Continuing Grant,A Unified Crustal Motion Model for Continental East Asia,University of California-Los Angeles
1724581,2017-06-30,134823,Standard Grant,Collaborative Research: An Integrated Study of Silicic Lava Emplacement,University of Missouri-Columbia
1724693,2017-06-30,420000,Continuing Grant,High-Precision Equations of State Through Standardized Sample Synthesis,"OHIO STATE UNIVERSITY, THE"
1725003,2017-06-30,46757,Standard Grant,Collaborative Research: An Integrated Study of Silicic Lava Emplacement,Baylor University
1725025,2017-06-30,248226,Standard Grant,Collaborative Research: Calibration of Thermochemical Models using Bayesian Methods--Building MELTS 2.0.,Regents of the University of Michigan - Ann Arbor
1725131,2017-06-30,84189,Standard Grant,Collaborative Research: An Integrated Study of Silicic Lava Emplacement,West Virginia University Research Corporation
1725170,2017-06-30,107323,Continuing Grant,Collaborative Research: Using Titanite as a Petrochronometer for Direct Fabric Dating of High Temperature Systems,University of Wisconsin-Madison
1725186,2017-06-30,282058,Standard Grant,"Collaborative Research: What Do Obsidian Pyroclasts Tell Us? Constraints from Textures, Volatiles, and Experiments",University of Texas at Austin
1725207,2017-06-30,247971,Standard Grant,"Collaborative Research: What Do Obsidian Pyroclasts Tell Us? Constraints from Textures, Volatiles, and Experiments",University of Oregon Eugene
1725212,2017-06-30,345000,Standard Grant,Anorthite in Magmatic Systems,SUNY at Stony Brook
1725229,2017-06-30,227161,Continuing Grant,Collaborative Research: Using Titanite as a Petrochronometer for Direct Fabric Dating of High Temperature Systems,Boise State University
1725301,2017-06-30,341444,Standard Grant,Sulfur Isotopes in Subduction Systems and the Global Sulfur Cycle,University of Maine
1725425,2017-06-30,71271,Standard Grant,Collaborative Research: Calibration of Thermochemical Models using Bayesian Methods--Building MELTS 2.0.,OFM Research
1733637,2017-06-30,137657,Standard Grant,SusChEM: EAGER - The occurrence and distribution of hexavalent chromium and other contaminants in groundwater from aquifers of the Eastern United States,Duke University
1734299,2017-06-30,121857,Standard Grant,"Collaborative Research:  NSF/EAR-BSF: Coupled Sand and Clay Motion, Bed Morphodynamics, and Porewater Exchange","Nevada System of Higher Education, Desert Research Institute"
1734300,2017-06-30,349666,Standard Grant,"Collaborative Research: NSF/EAR-BSF: Coupled Sand and Clay Motion, Bed Morphodynamics, and Porewater Exchange",Northwestern University
1734752,2017-06-30,455206,Continuing Grant,COLLABORATIVE RESEARCH: The statistical mechanics of bed load sediment transport: Scaling particle motion to fluvial form,Arizona State University
1735992,2017-06-30,223868,Continuing Grant,COLLABORATIVE RESEARCH: The statistical mechanics of bed load sediment transport: Scaling particle motion to fluvial form,Vanderbilt University
1737737,2017-06-30,184067,Standard Grant,High-resolution Imaging of the Mantle Transition Zone using EarthScope USArray,Virginia Polytechnic Institute and State University
1738104,2017-06-30,203130,Standard Grant,Collaborative Research: RUI: Recovery trajectories of the hillslope green water cycle after rapidly repeated wildfires,Portland State University
1738228,2017-06-30,286720,Standard Grant,Collaborative Research: RUI: Recovery trajectories of the hillslope green water cycle after rapidly repeated wildfires,Washington State University
1722561,2017-07-03,248000,Continuing Grant,Collaborative Research: Toward understanding spatio-temporal variations of seismic clusters in different environments,University of Southern California
1723033,2017-07-03,198000,Continuing Grant,Collaborative Research: Toward understanding spatio-temporal variations of seismic clusters in different environments,"Board of Regents, NSHE, obo University of Nevada, Reno"
1733598,2017-07-03,141070,Standard Grant,Collaborative Research: Tracking Middle-late Paleozoic Global-ocean Redox Conditions Using U Isotopes in Marine Carbonates,Arizona State University
1733641,2017-07-03,102615,Standard Grant,Collaborative Research: Tracking Middle-late Paleozoic Global-ocean Redox Conditions Using U Isotopes in Marine Carbonates,Franklin and Marshall College
1733977,2017-07-03,130812,Standard Grant,Collaborative Research: Tracking Middle-late Paleozoic Global-ocean Redox Conditions Using U Isotopes in Marine Carbonates,University of Cincinnati Main Campus
1733991,2017-07-03,303883,Standard Grant,Collaborative Research: Tracking middle-late Paleozoic global-ocean redox conditions using uranium isotopes in marine marbonates,University of New Mexico
1636769,2017-07-05,74104,Standard Grant,Acquisition of High Performance Computational Cluster to Support Climate Change Research at Texas A&M International University,Texas A&M International University
1702898,2017-07-05,139794,Standard Grant,Collaborative Research:   P2C2:   Combining glacier and paleolake records to limit Latest Pleistocene climate change in the northern Great Basin,North Dakota State University Fargo
1702975,2017-07-05,74014,Standard Grant,Collaborative Research:  P2C2:  RUI:  Combining Glacier and Paleolake Records to Limit Latest Pleistocene Climate Change in the Northern Great Basin,Middlebury College
1713787,2017-07-05,195051,Standard Grant,"Collaborative Research: Terrestrial Late Permian to Early Triassic Earth Systems in NE Pangea: Insights into the Tempo, Effects, and Causes of the End-Permian Mass Extinction",University of Washington
1714749,2017-07-05,369368,Standard Grant,"Collaborative Research:  Terrestrial Late Permian to Early Triassic Earth Systems in NE Pangea:  Insights into the Tempo, Effects, and Causes of the End-Permian Mass Extinction",Missouri University of Science and Technology
1714759,2017-07-05,249533,Standard Grant,"Collaborative Research: Terrestrial Late Permian to Early Triassic Earth Systems in NE Pangea: Insights into the Tempo, Effects, and Causes of the End-Permian Mass Extinction",Colby College
1714797,2017-07-05,383880,Standard Grant,"Collaborative Research:  Terrestrial Late Permian to Early Triassic Earth Systems in NE Pangea:  Insights into the Tempo, Effects, and Causes of the End-Permian Mass Extinction",Southern Methodist University
1714829,2017-07-05,254560,Standard Grant,"Collaborative Research:  Terrestrial Late Permian to Early Triassic Earth Systems in NE Pangea:  Insights into the Tempo, Effects, and Causes of the End-Permian Mass Extinction",Field Museum of Natural History
1714863,2017-07-05,161758,Standard Grant,"Collaborative Research: Terrestrial Late Permian to Early Triassic Earth Systems in NE Pangea: Insights into the Tempo, Effects, and Causes of the End-Permian Mass Extinction",Boise State University
1714898,2017-07-05,223816,Standard Grant,"Collaborative Research: Terrestrial Late Permian to Early Triassic Earth Systems in NE Pangea: Insights into the Tempo, Effects, and Causes of the End-Permian Mass Extinction",California Academy of Sciences
1714928,2017-07-05,257578,Standard Grant,"Collaborative Research: Terrestrial Late Permian to Early Triassic Earth Systems in NE Pangea: Insights into the Tempo, Effects, and Causes of the End-Permian Mass Extinction",University of Texas at Dallas
1722495,2017-07-05,183705,Standard Grant,Experimental Study of Pressure-induced Structural Changes in Silicate Glasses to >100 GPa,Carnegie Institution of Washington
1722932,2017-07-05,124557,Standard Grant,Collaborative Research: Relating Bulk Composition to Seismic Properties in Crustal Rocks,Woods Hole Oceanographic Institution
1722935,2017-07-05,304959,Continuing Grant,Collaborative Research: Relating Bulk Composition to Seismic Properties in Crustal Rocks,Massachusetts Institute of Technology
1723019,2017-07-05,407916,Continuing Grant,Uncertainty Quantification in Seismic Inversion by Nonlinear Sampling,University of Texas at Austin
1723249,2017-07-05,205780,Standard Grant,Earthquake Precursors and Controls on Earthquake Magnitudes: Probing the Behavior of Megathrust Faults through Numerical Simulations,William Marsh Rice University
1724429,2017-07-05,128112,Standard Grant,Collaborative Research:  Residual Stress Preserved in Crystals from Volcanic Eruptions,Baylor University
1724469,2017-07-05,130903,Standard Grant,Collaborative Research:  Residual Stress Preserved in Crystals from Volcanic Eruptions,University of California-Berkeley
1724986,2017-07-05,264201,Standard Grant,"ABR: Field, Laboratory, and Numerical Studies of Geyser Eruptions",University of California-Berkeley
1725338,2017-07-05,98482,Standard Grant,"SusChEM: Exploring Links Among U, Fe, and Hydrocarbon Movement in the Paradox Basin, Colorado Plateau",University of Arizona
1727090,2017-07-05,295929,Standard Grant,Dynamic fragmentation and inelastic energy partitioning at the base of the seismogenic zone,University of Maine
1727460,2017-07-05,298269,Standard Grant,Acquisition of LA-ICP-QQQ-MS equipment for in situ trace element and isotopic research and training at the University of Maine,University of Maine
1728705,2017-07-05,208377,Standard Grant,"Collaborative Research:  Collaborative Research: Understanding the Late Paleozoic Icehouse from a Southern Hemisphere (Paranaì Basin, Brazil) paleo-perspective",Berkeley Geochronology Center
1729219,2017-07-05,205738,Standard Grant,"Collaborative Research: Understanding the Late Paleozoic Icehouse from a Southern Hemisphere (Paranaì Basin, Brazil) paleo-perspective",University of Wisconsin-Milwaukee
1729882,2017-07-05,297236,Standard Grant,"Collaborative Research:  Understanding the Late Paleozoic Icehouse from a Southern Hemisphere (Paranaì Basin, Brazil) paleo-perspective",University of California-Davis
1736165,2017-07-05,181525,Standard Grant,Mapping variability in the thermo-mechanical structure of the North American Plate and upper mantle,Columbia University
1745803,2017-07-05,25499,Standard Grant,RAPID: Investigation of the Honey Lake and Warm Springs Faults using Seismic CHIRP Imagery,"Board of Regents, NSHE, obo University of Nevada, Reno"
1725154,2017-07-06,174000,Fellowship Award,EAR PF CLARIFYING MAMMALIAN RESPONSES TO ENVIRONMENTAL CHANGE: IMPROVING NICHE MODELING THROUGH THE INTEGRATION OF CLIMATE AND DIETARY INFORMATION,Pardi                   Melissa        I
1725266,2017-07-06,87000,Fellowship Award,"EAR-PF:   Climate sensitivity in mountain lakes of the Sierra Nevada, CA: controls on thermal regimes and carbon cycling",Smits                   Adrianne       P
1725774,2017-07-06,87000,Fellowship Award,EAR-PF Dynamics from drones: using high-resolution repeat topography and grain size to differentiate between physically-based models of debris creation and debris flow initiation,Barnhart                Katherine      R
1725784,2017-07-06,87000,Fellowship Award,"EAR-PF:   A new archive of Paleoarchean ocean chemistry: the 3.24 Ga Panorama volcanogenic massive sulfide district, Western Australia",Johnson                 Benjamin       W
1727504,2017-07-06,169159,Standard Grant,Collaborative Research: Evaluating controls on orogenic structural style by constraining the spatio-temporal evolution of a retroarc thrust belt,University of Iowa
1728214,2017-07-06,230006,Standard Grant,Collaborative Research: Evaluating controls on orogenic structural style by constraining the spatio-temporal evolution of a retroarc thrust belt,University of Illinois at Urbana-Champaign
1728563,2017-07-06,172331,Standard Grant,Collaborative Research: Evaluating controls on orogenic structural style by constraining the spatio-temporal evolution of a retroarc thrust belt,Idaho State University
1725386,2017-07-07,87000,Fellowship Award,"EAR-PF:   A Spatially Explicit, Process-Based Model of Regional Lake Carbon Cycling",Zwart                   Jacob          A
1725625,2017-07-07,87000,Fellowship Award,EAR-PF:  Monitoring the role of subsurface physical processes in carbon flux from a degraded permafrost site using novel multidisciplinary observations,James                   Stephanie      R
1725673,2017-07-07,87000,Fellowship Award,EAR-PF:  Hydrogen in the Earth's transition zone:  Merging experimental and theoretical approaches,Thompson                Elizabeth      C
1725730,2017-07-07,87000,Fellowship Award,"EAR-PF:  Volume flux comparison using seismically derived tilt, infrasound, and gas data at Stromboli Volcano, Italy",McKee                   Kathleen       F
1725788,2017-07-07,87000,Fellowship Award,EAR-PF:  Mapping Belowground Processes Using Remotely Measured Foliar Chemistry,Chadwick                Katherine      D
1736223,2017-07-07,30501,Standard Grant,"Collaborative Research: Seismic Imaging of the Denali fault zone, Central Alaska",University of Alaska Fairbanks Campus
1736248,2017-07-07,207083,Standard Grant,"Collaborative Research: Seismic Imaging of the Denali fault zone, Central Alaska",University of Utah
1659848,2017-07-10,478780,Standard Grant,"REU Site: Ecohydrology of Tropical Montane Forests -- Diversity in Science, Interdisciplinary Breadth, and Global Awareness",Texas A&M AgriLife Research
1725344,2017-07-10,87000,Fellowship Award,EAR-PF:   Properties of the shallow crust around the San Jacinto Fault Zone characterized by joint geodetic and seismic analysis,Johnson                 Christopher    W
1725762,2017-07-10,174000,Fellowship Award,"EAR-PF:  Testing the boundaries of Burgess Shale-Type preservation with literature meta-analysis, decay experimentation, and fossil investigation",Anderson                Evan           P
1700517,2017-07-11,53787,Standard Grant,"Collaborative Research: Impacts of Dynamic, Climate-Driven Water Availability on Tree Water Use and Health in Mediterranean Riparian Forests",SUNY College of Environmental Science and Forestry
1700555,2017-07-11,396566,Standard Grant,"Collaborative Research: Impacts of Dynamic, Climate-Driven Water Availability on Tree Water Use and Health in Mediterranean Riparian Forests",University of California-Santa Barbara
1642368,2017-07-13,364453,Continuing Grant,Collaborative Research: How do interactions of transport and stoichiometry maximize stream nutrient retention?,Colorado State University
1642399,2017-07-13,338136,Continuing Grant,Collaborative Research: How do interactions of transport and stoichiometry maximize stream nutrient retention?,University of New Mexico
1642402,2017-07-13,308587,Continuing Grant,Collaborative Research: How do interactions of transport and stoichiometry maximize stream nutrient retention?,University of Colorado at Boulder
1642403,2017-07-13,120193,Continuing Grant,Collaborative Research: How do interactions of transport and stoichiometry maximize stream nutrient retention?,Colorado School of Mines
1629356,2017-07-14,120132,Continuing Grant,"Collaborative Research: Evaluating the Rheological Structure of the North Anatolian Fault Zone, Turkey","University of Maryland, College Park"
1629840,2017-07-14,269915,Continuing Grant,"Collaborative Research: Evaluating the Rheological Structure of the North Anatolian Fault Zone, Turkey",University of Wisconsin-Madison
1650173,2017-07-14,277851,Standard Grant,Deep Structure of Lithospheric Fault Zones,University of Southern California
1723007,2017-07-14,36361,Standard Grant,NSFGEO-NERC: Global ultralow-velocity zone properties from seismic waveform modeling,Johns Hopkins University
1723042,2017-07-14,244941,Standard Grant,NNSFGEO-NERC: Collaboration: The Role OF Asperities and Slow Slip in Subduction Zone Rupture and Aftershock Sequences: Insights from the 16 April 2016 Pedernales Ecuador Earthquake,Lehigh University
1723045,2017-07-14,523249,Continuing Grant,Measuring aseismic fault slip during a normal faulting earthquake sequence in central Italy,University of Arizona
1723065,2017-07-14,181122,Standard Grant,NNSFGEO-NERC: Collaboration: The Role OF Asperities and Slow Slip in Subduction Zone Rupture and Aftershock Sequences: Insights from the 16 April 2016 Pedernales Ecuador Earthquake,University of Arizona
1723081,2017-07-14,430000,Continuing Grant,NSFGEO-NERC: Global ultralow-velocity zone properties from seismic waveform modeling,University of Utah
1725323,2017-07-14,365837,Continuing Grant,The Systematics of Helium in Diamond-forming Metasomatic Mantle Fluids,Columbia University
1726165,2017-07-14,447438,Continuing Grant,Using Micromechanical Experiments to Investigate the Rheology of Geologic Materials,Washington University
1727661,2017-07-14,338895,Standard Grant,Bulk rheology of fault damage zone materials and its implication for interseismic fault mechanics,University of Wisconsin-Madison
1735890,2017-07-14,284196,Standard Grant,"Building a continent: Integration of surface geology, rock physics, and seismic observations to investigate the tectonic history of the contiguous United States",University of Colorado at Boulder
1735960,2017-07-14,63889,Standard Grant,Near-Surface Structure of the Continental United States Using Distant Earthquakes,Harvard University
1736046,2017-07-14,444154,Standard Grant,A seismic synthesis model for the Eastern North American Continent and its integration with the Western Atlantic upper mantle,Princeton University
1736153,2017-07-14,294288,Standard Grant,"Quantifying the relationship between the Earth?s convecting interior, plate motions, and earthquakes in Alaska using three-dimensional numerical simulations",Purdue University
1735448,2017-07-17,79748,Standard Grant,Collaborative Research: Evaluating fault creep in California using geodetic and seismic observations,University of California-Berkeley
1735630,2017-07-17,337076,Standard Grant,Collaborative Research: Evaluating fault creep in California using geodetic and seismic observations,Arizona State University
1638752,2017-07-18,216187,Standard Grant,Early Career: Acquisition of a Raman Spectrometer for a Mineral Physics research laboratory,Florida State University
1645411,2017-07-18,250000,Standard Grant,Developing a high-resolution Holocene paleo-geomagnetic reconstruction from northern North Atlantic sediments to place the historical geomagnetic field in perspective,Oregon State University
1650157,2017-07-18,162429,Standard Grant,Collaborative Research: RUI: Reconstructing the Plastic-to-Brittle Exhumation History of the Taiwan Metamorphic Core,Indiana University of Pennsylvania
1650162,2017-07-18,245452,Standard Grant,Collaborative Research: Reconstructing the Plastic-to-Brittle Exhumation History of the Taiwan Metamorphic Core,University of Connecticut
1664313,2017-07-18,136274,Continuing Grant,Development of MicroInterdigitated Electrode Arrays as Ion Sources for TIMS,University of Colorado at Boulder
1664642,2017-07-18,293800,Standard Grant,CSEDI:   Geochemical Evolution of the Earth's Mantle Constrained by Observations and Dynamical Modeling,Carnegie Institution of Washington
1723105,2017-07-18,265000,Standard Grant,First Steps Towards a New High Resolution Proxy for Paleomagnetic Field Instabilities:  Tritiogenic 3He Archived in Speleothems,California Institute of Technology
1723990,2017-07-18,54828,Standard Grant,"Collaborative Research: Combining complex systems tools, process-based modelling and experiments to bridge scales in low temperature geochemistry","Board of Regents, NSHE, obo University of Nevada, Reno"
1724171,2017-07-18,300204,Standard Grant,"Collaborative Research: Combining complex systems tools, process-based modelling and experiments to bridge scales in low temperature geochemistry",University of Vermont & State Agricultural College
1724440,2017-07-18,173352,Standard Grant,"Collaborative Research: Combining complex systems tools, process-based modelling and experiments to bridge scales in low temperature geochemistry",Pennsylvania State Univ University Park
1725633,2017-07-18,87000,Fellowship Award,EAR-PF: An Experimental Investigation of the Rheological Behavior and Seismic Anisotropy Signature of Deep Crustal Amphibole-Rich Rocks,Condit                  Cailey         B
1725763,2017-07-18,87000,Fellowship Award,EAR-PF:  The role of temperature of the crust and lithosphere in the magnitude and style of far-field deformation: EarthScope Transportable Array in Interior Alaska,Nakai                   Jenny
1734884,2017-07-18,71753,Continuing Grant,"Collaborative Research:  Tectonic and Magmatic Processes during Early-Stage Rifting:  an Integrated Study of Northern Lake Malawi, Africa",Tulane University
1742941,2017-07-18,29816,Standard Grant,"EAGER: The effects of soil moisture on fungal weathering, diversity, and abundance.",Hartwick College
1714753,2017-07-19,127122,Standard Grant,"Collaborative Research: Interactions Between Incipient Continental Rifting, Fluvial Systems, and Regional Climate in Southern Africa: The Okavango-Makgadikgadi Complex, Botswana",University of Kentucky Research Foundation
1714754,2017-07-19,93625,Standard Grant,"Collaborative Research: Interactions between Incipient Continental Rifting, Fluvial Systems, and Regional Climate in Southern Africa: The Okavango-Makgadikgadi Complex, Botswana",Coastal Carolina University
1714909,2017-07-19,1751580,Standard Grant,"Collaborative Research: Interactions Between Incipient Continental Rifting, Fluvial Systems, and Regional Climate in Southern Africa: The Okavango-Makgadikgadi Complex, Botswana",Woods Hole Oceanographic Institution
1725768,2017-07-19,174000,Fellowship Award,EAR PF:   The Stability of Viscous Lavas: Understanding the Driving Processes and Greatest Hazards,Carr                    Brett          B
1747600,2017-07-19,55968,Standard Grant,EAGER: Collaborative Research: Testing the marine carbonate recycling hypothesis,University of California-San Diego Scripps Inst of Oceanography
1747706,2017-07-19,49636,Standard Grant,EAGER: Collaborative Research: Testing the marine carbonate recycling hypothesis,University of Washington
1727736,2017-07-21,317663,Continuing Grant,Collaborative Research: FACET: Quantifying the topographic response to tectonic processes in southern Taiwan,Indiana University
1727774,2017-07-21,292786,Continuing Grant,Collaborative Research: FACET: Quantifying the topographic response to tectonic processes in southern Taiwan,Utah State University
1746021,2017-07-21,95152,Standard Grant,Workshop on coupling of tectonic and surface processes across spatio-temporal scales,University of Texas at Austin
1665519,2017-07-24,74937,Standard Grant,Acquisition of a Field Spectroradiometer,Boise State University
1707989,2017-07-24,99690,Standard Grant,"Acquisition of a Second-Generation Liquid Water Isotope Analyzer for Hydrological, Glaciological, and Geochemical Research","OHIO STATE UNIVERSITY, THE"
1719208,2017-07-24,119731,Standard Grant,Acquisition of an EBSD system for phase and crystallographic orientation mapping of earth and planetary materials,University of California-San Diego Scripps Inst of Oceanography
1719218,2017-07-24,89810,Standard Grant,Acquisition of an Automated Laser Diffraction Particle Size Analyzer at the University of Massachusetts,University of Massachusetts Amherst
1722991,2017-07-24,95138,Standard Grant,Three Dimensional Seismic Velocity Structure of Puerto Rico Virgin Island Microplate,University of Puerto Rico Mayaguez
1736078,2017-07-24,139571,Standard Grant,Collaborative Research: Systematic Comparisons of Regular and Slow Earthquakes in Central and Southern California,University of Miami
1736197,2017-07-24,161018,Standard Grant,Collaborative Research: Systematic Comparisons of Regular and Slow Earthquakes in Central and Southern California,Georgia Tech Research Corporation
1727991,2017-07-26,232557,Continuing Grant,"Collaborative Research: RUI: Translation and Accretion of the Yakutat Microplate and Prince William Terrane, Alaska",Carleton College
1728013,2017-07-26,230668,Continuing Grant,"Collaborative Research: RUI: Translation and Accretion of the Yakutat Microplate and Prince William Terrane, Alaska",Union College
1735912,2017-07-26,164281,Standard Grant,Collaborative Research: Constraints on the Lithospheric Structure and Accretionary History of New England: Integrating Seismic and Geologic data sets,Rutgers University New Brunswick
1736167,2017-07-26,274904,Standard Grant,Collaborative Research: Constraints on the Lithospheric Structure and Accretionary History of New England: Integrating Seismic and Geologic data sets,University of Massachusetts Amherst
1740694,2017-07-26,1449662,Standard Grant,Collaborative Proposal: EarthCube Integration: Geochronology Frontier at the Laboratory-Cyberinformatics Interface,University of Wisconsin-Madison
1655506,2017-07-28,369999,Continuing Grant,Determining Mechanisms and Rates of Geologic Respiration at Watershed Scales,Oregon State University
1736606,2017-07-28,148959,Standard Grant,Collaborative Research: India at the Crossroads--Biotic Change in Continental Vertebrates Across the Cretaceous-Paleogene,Regents of the University of Michigan - Ann Arbor
1736737,2017-07-28,131762,Continuing Grant,Collaborative Research:  India at the Crossroads--Biotic Change in Continental Vertebrates Across the Cretaceous-Paleogene,Berkeley Geochronology Center
1736787,2017-07-28,200201,Standard Grant,Collaborative Research: India at the Crossroads--Biotic Change in Continental Vertebrates Across the Cretaceous-Paleogene,University of Washington
1736792,2017-07-28,69981,Standard Grant,Collaborative Research: India at the Crossroads--Biotic Change in Continental Vertebrates Across the Cretaceous-Paleogene,University of Alabama Tuscaloosa
1714154,2017-08-01,587313,Standard Grant,Collaborative Research:  Solid Earth Response of the Patagonian Andes to Post-Little Ice Age Glacial Retreat,Washington University
1714614,2017-08-01,645724,Standard Grant,Collaborative Research: Solid Earth response of the Patagonian Andes to post-Little Ice Age glacial retreat,University of Minnesota-Twin Cities
1714662,2017-08-01,514025,Standard Grant,Collaborative Research: Solid Earth response of the Patagonia Andes to post-Little Ice Age glacial retreat,Southern Methodist University
1661985,2017-08-02,74990,Standard Grant,Acquisition of a High Performance Computing Cluster for the Geophysics Group at New Mexico State University,New Mexico State University
1737760,2017-08-04,67053,Standard Grant,Acquisition of an Ion Chromatograph (IC) for Water Quality Analyses in an Undergraduate-Led Lab,Barnard College
1629439,2017-08-08,152021,Standard Grant,Role of protein nanowires in metal cycling and mineralization,Michigan State University
1645180,2017-08-08,400000,Standard Grant,Microbial iron reduction in the formation of iron ore caves,University of Akron
1714030,2017-08-08,251385,Standard Grant,Quantifying thioarsenate formation constants to advance understanding of arsenic biogeochemical cycling in anoxic waters,Tulane University
1719464,2017-08-08,97430,Standard Grant,"Upgrade of Carbonate Preparation System, Stable Isotope Laboratory, University of Massachusetts",University of Massachusetts Amherst
1723185,2017-08-08,360000,Continuing Grant,Study of water solubility in bridgmanite at the lower mantle conditions,Florida International University
1740839,2017-08-08,350384,Standard Grant,Spatial Location and Biogeochemical Drivers of Mercury Methylation and Demethylation in the Rice Rhizosphere,University of Washington
1748573,2017-08-08,50000,Standard Grant,EAGER: Comparative Study of Critical Zones of Intensively Managed Loess Landscapes in China and United States,University of Illinois at Urbana-Champaign
1750453,2017-08-08,10039,Standard Grant,RAPID:  Collaborative Research: Evaluating ecosystem respiration in urban streams using reactive tracer and dissolved oxygen loggers,Academy of Natural Sciences Philadelphia
1752016,2017-08-08,14737,Standard Grant,RAPID: Collaborative Research: Evaluating ecosystem respiration in urban streams using reactive tracer and dissolved oxygen loggers,Temple University
1660923,2017-08-09,368940,Standard Grant,Development of gallium-aluminum ratios as a tracer of the Critical Zone behavior of Al,Cornell University
1728145,2017-08-09,329083,Continuing Grant,"Collaborative Research: Structural Constraints on Microcontinent Formation, Gulf of California",University of California-Los Angeles
1728690,2017-08-09,381274,Continuing Grant,"Collaborative Research: Structural Constraints on Microcontinent Formation, Gulf of California",California Institute of Technology
1735512,2017-08-09,749050,Continuing Grant,Laboratory Technician Support: Expanding the capacity for U-Pb geochronology at Princeton University,Princeton University
1642610,2017-08-10,50081,Standard Grant,Collaborative Proposal: EarthCube RCN: Connecting the Earth Science and Cyberinfrastructure communities to advance the analysis of high resolution topography data,Boise State University
1642611,2017-08-10,102000,Standard Grant,Collaborative Proposal:  EarthCube RCN: Connecting the Earth Science and Cyberinfrastructure communities to advance the analysis of high resolution topography data,University of Texas at Austin
1642620,2017-08-10,147823,Standard Grant,Collaborative Proposal:  EarthCube RCN: Connecting the Earth Science and Cyberinfrastructure communities to advance the analysis of high resolution topography data,EARTHSCOPE CONSORTIUM INC.
1659963,2017-08-10,200000,Standard Grant,Geoscience Alliance Research Coordination Network--Broadening Participation of Native Americans in the Geosciences,University of Minnesota-Twin Cities
1713893,2017-08-11,112123,Continuing Grant,Collaborative Research: Subduction below extreme sedimentation - A multidisciplinary transect from the Ganges-Brahmaputra Delta to the IndoBurma Backarc,University of Arizona
1714651,2017-08-11,277738,Continuing Grant,Collaborative Research: Subduction below extreme sedimentation - A multidisciplinary transect from the Ganges-Brahmaputra Delta to the IndoBurma Backarc,Louisiana State University
1714755,2017-08-11,184984,Standard Grant,Collaborative Research: Subduction below extreme sedimentation - A multidisciplinary transect from the Ganges-Brahmaputra Delta to the IndoBurma Backarc,EARTH IMAGES FOUNDATION
1714875,2017-08-11,407117,Continuing Grant,Collaborative Research: Subduction below extreme sedimentation - A multidisciplinary transect from the Ganges-Brahmaputra Delta to the IndoBurma Backarc,University of Missouri-Columbia
1714892,2017-08-11,2524950,Continuing Grant,Collaborative Research: Subduction below extreme sedimentation- A multidisciplinary transect from the Ganges-Brahmaputra Delta to the IndoBurma Backarc,Columbia University
1739676,2017-08-11,2431217,Continuing Grant,INFEWS/T1: Reducing the Environmental Impacts of FEW Systems In and Around Cities,University of California-Berkeley
1727046,2017-08-14,268936,Continuing Grant,Collaborative Research: An integrated mantle to surface study of the causes and consequences of high topography in the Northern US Cordillera,University of Washington
1727139,2017-08-14,239880,Continuing Grant,Collaborative Research: An integrated mantle to surface study of the causes and consequences of high topography in the Northern US Cordillera,Indiana University
1727451,2017-08-14,222569,Continuing Grant,Collaborative Research: An integrated mantle to surface study of the causes and consequences of high topography in the Northern US Cordillera,University of Oregon Eugene
1740042,2017-08-14,2356126,Continuing Grant,"INFEWS/T1: Linking Current and Future Hydrologic Change to Hydropower, Human Nutrition, and Livelihoods in the Lower Mekong Basin",Arizona State University
1643327,2017-08-15,320116,Standard Grant,Collaborative Research: Lateral weathering gradients typify critical zone architecture in glaciated catchments,Virginia Polytechnic Institute and State University
1643415,2017-08-15,189176,Standard Grant,Collaborative Research: Lateral weathering gradients typify critical zone architecture in glaciated catchments,University of Vermont & State Agricultural College
1719240,2017-08-15,80459,Standard Grant,"Collaborative Research:  The Cuban landscape, quantifying the effects of industrialized agriculture followed by country-wide soil conservation using sediment-associated isotopes",Oberlin College
1719249,2017-08-15,79015,Standard Grant,"Collaborative Research:  The Cuban landscape, quantifying the effects of industrialized agriculture followed by country-wide soil conservation using sediment-associated isotopes",University of Vermont & State Agricultural College
1739724,2017-08-15,2430984,Continuing Grant,"INFEWS/T1: Intensification in the world's largest agricultural frontier: Integrating food production, water use, energy demand, and environmental integrity in a changing climate","Woodwell Climate Research Center, Inc."
1745739,2017-08-15,24467,Standard Grant,"International Conference:  The Towuti Drilling Project:  Paleoenvironments, Biological Evolution, and Geomicrobiology of a Tropical Western Pacific Lake",Brown University
1755722,2017-08-15,20792,Continuing Grant,CAREER: Ecohydrological controls on land-atmosphere interactions in water-limited ecosystems: a framework for education and research,Wayne State University
1739788,2017-08-16,2431217,Continuing Grant,INFEWS/T1: Advancing FEW System Resilience in the Corn Belt by Integrated Technology-Environment-Economics  Modeling of Nutrient Cycling,University of Illinois at Urbana-Champaign
1740082,2017-08-16,2430138,Continuing Grant,INFEWS/T1:   Scarcity Amid Abundance: Understanding Trade-offs in the Food-Energy-Water Nexus in the Willamette River Basin,Oregon State University
1724430,2017-08-17,106099,Standard Grant,Collaborative Research: Methanotrophic-Mediated Methylmercury Transformation:  An Important Yet Poorly Understood Biogeochemical Process,University of Tennessee Institute of Agriculture
1724744,2017-08-17,373786,Standard Grant,Collaborative Research: Methanotrophic-Mediated Methylmercury Transformation:  An Important Yet Poorly Understood Biogeochemical Process,Regents of the University of Michigan - Ann Arbor
1725531,2017-08-17,174000,Fellowship Award,How effective is effective stress? The evolution of the effective stress law through the brittle-ductile transition,Rabinowitz              Hannah         S
1725798,2017-08-17,108649,Fellowship Award,EAR-PF:  Mesozoic Geomagnetic  Field Behavior: Exploring Mesozoic core dynamics by tuning numerical geodynamo simulations to paleomagnetic observations,Avery                   Margaret       S
1660600,2017-08-18,98447,Standard Grant,EAGER:  Development of Tellurium Stable Isotopes as Paleoredox Indicator,University of Illinois at Urbana-Champaign
1735492,2017-08-18,712288,Continuing Grant,Laboratory Technician Support:  University of Connecticut Helium Geothermochronology Laboratory,University of Connecticut
1735788,2017-08-18,630018,Continuing Grant,"Laboratory Technician Support: For a new (U-Th)/He dating lab in the Department of Geology, UIUC",University of Illinois at Urbana-Champaign
1735889,2017-08-18,672773,Continuing Grant,Laboratory Technician Support: Enhanced Community Access to High-Precision U-Pb Geochronology Across the Earth Sciences,Boise State University
1735891,2017-08-18,680536,Continuing Grant,Laboratory Technician Support: Luminescence Geochronology,"Nevada System of Higher Education, Desert Research Institute"
1713275,2017-08-22,69304,Standard Grant,EAGER:  Reducing uncertainty in clumped isotope thermometry by evaluating the effect of 17O excess,University of Washington
1757137,2017-08-22,18080,Standard Grant,Collaborative Research: The 2015 Taan Fiord landslide tsunami: An interdisciplinary study of cause & effect,University of Colorado at Boulder
1726075,2017-08-23,307241,Standard Grant,MRI: Acquisition of an Inductively Coupled Plasma Mass Spectrometer for Expansion of Analytical Activities and Research Training in the Earth Sciences,Union College
1726099,2017-08-23,522502,Standard Grant,MRI: Acquisition of a Thermal Ionization Mass Spectrometer for High-Precision Geochronology and Isotope Geology,Princeton University
1726355,2017-08-23,330544,Standard Grant,MRI: Acquisition of an SEM-EDS System: Advancing Scientific Discovery and Student Scientific Inquiry in Rural Illinois,Western Illinois University
1726727,2017-08-23,309890,Standard Grant,"MRI: Acquisition of a Scanning Electron Microscope for Geoscience, Forensic Chemistry and Science Education Research at Florida International University",Florida International University
1725766,2017-08-29,1050000,Continuing Grant,MRI:  Acquisition of a High Mass Resolution/High Sensitivity Isotope Ratio Mass Spectrometer For Earth Sciences,"University of Maryland, College Park"
1726685,2017-08-29,770000,Standard Grant,"MRI:  Acquisition of a Modern Electron Microprobe, University of Massachusetts",University of Massachusetts Amherst
1755966,2017-08-29,69849,Continuing Grant,Collaborative Research:  An Experimental Determination of the Activity of H2O in Natural Melts at Undersaturated Conditions,University of California-Davis
1726177,2017-09-05,50277,Standard Grant,MRI: Acquisition of a total organic carbon analyzer for undergraduate training and research quantifying how climate-glacier interactions impact land-to-ocean fluxes of carbon,University of Alaska Southeast Juneau Campus
1735954,2017-09-05,207988,Standard Grant,"Collaborative Research:  A synthesis of EarthScope educational resources integrated into the ""Alaska Native Geoscience Learning Experience""",Central Washington University
1736021,2017-09-05,296157,Standard Grant,"Collaborative Research:  A synthesis of EarthScope educational resources integrated into the ""Alaska Native Geoscience Learning Experience""",Alaska Pacific University
1736112,2017-09-05,58092,Standard Grant,Collaborative Research:  A synthesis of EarthScope educational resources integrated into the Alaska Native Geoscience Learning Experience,University of Alaska Anchorage Campus
1655152,2017-09-06,299134,Continuing Grant,Acquisition of New Excimer Laser Ablation System for a High Resolution ICPMS Facility,"The University Corporation, Northridge"
1739151,2017-09-06,289759,Standard Grant,Kinetically Activated Subsurface Micribial Sampler (KASMS),Princeton University
1639077,2017-09-08,551270,Continuing Grant,Acquisition of a high-resolution multicollector noble gas mass spectrometer for Earth origin and evolution research,University of California-Davis
1660318,2017-09-08,693780,Continuing Grant,Early Career: Acquisition of a MC-ICP-MS for Research and Education in U-series Geochemistry and Applications in Geosciences,University of Florida
1735765,2017-09-08,699333,Continuing Grant,Laboratory Technician Support: Enhancing High-Precision 40Ar/39Ar Dating at the OSU Argon Geochronology Laboratory,Oregon State University
1758420,2017-09-11,48965,Standard Grant,Coastal SEES Collaborative Research:  Effects of restoration and redevelopment on nitrogen dynamics in an urban coastal watershed,University of Virginia Main Campus
1760534,2017-09-20,50000,Standard Grant,RAPID: Transformation of Elemental Mercury Dispersed by Flooding During Hurricane Harvey,Rutgers University New Brunswick
1760582,2017-09-20,61167,Standard Grant,RAPID: Fast Reconstruction of Flood Hydrographs in the Houston Metropolitan Area during Hurricane Harvey Based on Image Processing and In-situ Measurements,Louisiana State University
1734856,2017-10-20,1778341,Continuing Grant,Community Facility Support: The UCLA National Ion Microprobe,University of California-Los Angeles
1763284,2017-10-25,127665,Standard Grant,Local and nonlocal topographic controls on landscape ecohydrology,Princeton University
1722994,2017-10-31,198031,Continuing Grant,Constraints on crustal stress from fault slip data and topography,Regents of the University of Michigan - Ann Arbor
1760717,2017-10-31,28754,Standard Grant,RAPID: Tree Blowdown Impacts of Hurricane Harvey on Hydrologic Surface Connectivity in a Coastal River and Its Floodplain,Texas A&M University
1757791,2017-11-01,39215,Standard Grant,Conference on Experimental Studies of Subduction Zone Processes,Washington University
1764426,2017-11-01,34713,Standard Grant,RAPID: Seismic Deployment for Capturing Aftershocks of the September 2017 Chiapas (M=8.1) and Puebla (M=7.1) Mexico Earthquakes,University of Texas at El Paso
1801845,2017-11-03,34099,Standard Grant,Environmental Impacts of Hurricane Irma on the British Virgin Islands,University of Southern Mississippi
1800810,2017-11-07,13733,Standard Grant,RAPID: Collaborative Research: Storm Surge Deposition on Salt Marshes: Impacts of Hurricane Irma from Florida to South Carolina,Trustees of Boston University
1800817,2017-11-07,7177,Standard Grant,RAPID: Collaborative Research: Storm Surge Deposition on Salt Marshes: Impacts of Hurricane Irma from Florida to South Carolina,University of New Orleans
1800825,2017-11-07,4502,Standard Grant,RAPID: Collaborative Research: Storm Surge Deposition on Salt Marshes: Impacts of Hurricane Irma from Florida to South Carolina,College of William & Mary Virginia Institute of Marine Science
1802012,2017-12-01,276249,Continuing Grant,Near Continent Intraplate Magmatism in the Atlantic: Implications for Mantle Dynamics and Melting,Cornell University
1802136,2017-12-01,21810,Standard Grant,"Participant Support for a GSA Thompson Field Forum: Processes controlling the growth and evolution of continental batholiths, Coast Mountains British Columbia Canada",University of Alabama Tuscaloosa
1803035,2017-12-01,49876,Standard Grant,RAPID: Collaborative Research: Tracking Hurricane Harvey's Storm Surge and Flood Sedimentation,Louisiana State University
1803526,2017-12-01,20692,Standard Grant,RAPID: Collaborative Research: Tracking Hurricane Harvey's Storm Surge and Flood Sedimentation,University of North Texas
1817437,2017-12-20,8800,Standard Grant,RAPID: Documenting the temporal variance of the isotopic signature of detrital sediments following massive stochastic events using Hurricane Maria as a case study,Oberlin College
1801167,2018-01-02,46000,Standard Grant,An AGU Chapman Conference on Hydrologic Research in the Congo Basin,"OHIO STATE UNIVERSITY, THE"
1753553,2018-01-05,313316,Standard Grant,"Crystallographically-oriented Lamellae Phases in Garnet and Their Potential Use as Petrogenetic Indicators, Central Maine Terrane, Connecticut",Yale University
1755067,2018-01-12,216499,Continuing Grant,"RUI: Collaborative Research: Quantifying the roles of tectonic activity and climate as drivers of glacial-interglacial landscape evolution in the Teton Range, Wyoming",Occidental College
1755073,2018-01-12,146936,Continuing Grant,"RUI: Collaborative Research: Quantifying the roles of tectonic activity and climate as drivers of glacial-interglacial landscape evolution in the Teton Range, Wyoming",University of New Hampshire
1755079,2018-01-12,129579,Continuing Grant,"RUI: Collaborative Research: Quantifying the roles of tectonic activity and climate as drivers of glacial-interglacial landscape evolution in the Teton Range, Wyoming",Idaho State University
1755274,2018-01-12,188132,Continuing Grant,Collaborative research: Microscopic fracturing and macroscopic weakening: A novel model for bedrock fracturing by biotite weathering,Central Michigan University
1755321,2018-01-12,253190,Continuing Grant,Collaborative research: Microscopic fracturing and macroscopic weakening: A novel model for bedrock fracturing by biotite weathering,Georgia Tech Research Corporation
1817276,2018-01-18,15000,Standard Grant,2018 Geobiology Gordon Research Conference: The microbial planet from deep time to today,Gordon Research Conferences
1740383,2018-01-23,601799,Continuing Grant,Isotope Ecology and Paleoecology in East Africa in the Past 4 Ma,University of Utah
1753599,2018-01-23,348482,Standard Grant,Trace Element Crystal Growth Speedometry: Implications for Magmatic and Hydrothermal Systems,William Marsh Rice University
1754498,2018-01-23,333887,Continuing Grant,Seismic Signatures of Inner Core Solidification,University of Connecticut
1757313,2018-01-23,138655,Standard Grant,Chalcophile Element Geochemistry,University of California-Santa Barbara
1824223,2018-01-24,8719,Standard Grant,RAPID: Deploying a dense network to record seismicity at the Rattlesnake Ridge landslide,University of Oregon Eugene
1825104,2018-01-24,178100,Standard Grant,Collaborative Research: Bayesian Estimation of Mantle Viscosity Structure and Geodynamic Implications,University of California-Davis
1752756,2018-01-29,534546,Continuing Grant,CAREER: Did Carlin-type Gold Come From Magmas?,Colorado School of Mines
1808034,2018-01-30,49999,Standard Grant,"RAPID: Wildfire, Wine, and Water Quality: Immediate Changes to Biogeochemical and Hydrological Flows from Vineyards After the Northern California Fires",University of Colorado at Boulder
1761713,2018-02-02,290655,Standard Grant,"NSFGEO-NERC: Physical and Chemical Constraints on Large-volume Pyroclastic Blasts: The Campanian Ignimbrite Eruption, Italy",Northern Arizona University
1824133,2018-02-02,38651,Standard Grant,Detection of dissolved pyrogenic carbon export following the Southern California fires of 2017,University of Florida
1722515,2018-02-05,150000,Standard Grant,Renewal: Mineral Physics Studies under the Pressure-Temperature Conditions of Earth's Deep Lower Mantle,Carnegie Institution of Washington
1735676,2018-02-07,542239,Continuing Grant,"Laboratory Technician Support: National sample preparation facility for broadening participation, research, and hands-on research training in cosmogenic nuclide studies",University of Vermont & State Agricultural College
1750674,2018-02-07,419247,Continuing Grant,"Does Overstepping of Garnet-producing Reactions Delay Devolatilization in Subduction zones? Insights From the Cycladic Blueschist Belt, Greece",Rensselaer Polytechnic Institute
1753200,2018-02-07,499989,Continuing Grant,CAREER: From Substrate to Surface: Quantifying the Impact of Aquatic Vegetation on Exchange Processes,University of Illinois at Urbana-Champaign
1802718,2018-02-07,11032,Standard Grant,"Travel support for student and amateur participation in the 9th International Crustacean Congress, Washington DC, May 22-25, 2018",Kent State University
1722529,2018-02-13,58456,Standard Grant,Collaborative Research: Experimental and Theoretical Characterization of Rapid Jurassic True Polar Wander,Oregon State University
1723023,2018-02-13,209208,Standard Grant,Collaborative Research: Experimental and theoretical characterization of rapid Jurassic true polar wander,Harvard University
1822111,2018-02-13,18933,Standard Grant,NanoEarth 2018 Workshop,Virginia Polytechnic Institute and State University
1827603,2018-02-13,29828,Standard Grant,Analytical Paleobiology Short Course,University of Florida
1745734,2018-02-16,326826,Standard Grant,Collaborative Research: A multiple-technique approach for deconvolving tropical cyclone effects on Late Quaternary geomorphic change in arid southwestern North America,Indiana University
1745741,2018-02-16,269590,Standard Grant,Collaborative Research: A multiple-technique approach for deconvolving tropical cyclone effects on Late Quaternary geomorphic change in arid southwestern North America,Louisiana State University
1745743,2018-02-16,150320,Standard Grant,Collaborative Research: A multiple-technique approach for deconvolving tropical cyclone effects on Late Quaternary geomorphic change in arid southwestern North America,"Nevada System of Higher Education, Desert Research Institute"
1752673,2018-02-22,634122,Continuing Grant,CAREER: Environmental Drivers of Life History Variation in Coastal Ecosystems,Franklin and Marshall College
1760634,2018-03-02,54059,Standard Grant,RUI: Comparing Age Selectivity in Modern Extinctions and the Fossil Record,Swarthmore College
1752982,2018-03-05,400000,Continuing Grant,CAREER: Coupled Hydrology and Mechanics of Fine-Grained Soils and Sedimentary Rocks,Princeton University
1751664,2018-03-07,599948,Continuing Grant,CAREER: Experimental Constraints on Carbon-iron Redox Interaction in Earth's Deep Lower Mantle,Michigan State University
1724686,2018-03-09,440000,Continuing Grant,Linking seismological observables and dynamic simulations of microseismicity to constrain models and improve observations,California Institute of Technology
1753916,2018-03-09,346084,Continuing Grant,Thermal evolution of the Earth: the modes of mantle convection in the Precambrian,Yale University
1829513,2018-03-09,29913,Standard Grant,Collaborative Research: NSFGEO-NERC: The Origin of Aeolian Dunes (TOAD),University of Illinois at Urbana-Champaign
1829541,2018-03-09,185000,Standard Grant,Collaborative Research: NSFGEO-NERC: The Origin of Aeolian Dunes (TOAD),University of Notre Dame
1752995,2018-03-12,547612,Continuing Grant,CAREER: Dynamic water table controls on reactive solute transport near the groundwater-surface water interface,"OHIO STATE UNIVERSITY, THE"
1758795,2018-03-12,151658,Continuing Grant,Collaborative Research: Determining the eco-hydrogeologic response of tropical glacierized watersheds to climate change: An integrated data-model approach,Pennsylvania State Univ University Park
1758854,2018-03-12,192441,Continuing Grant,Collaborative Research: Determining the eco-hydrogeologic response of tropical glacierized watersheds to climate change: An integrated data-model approach,Gustavus Adolphus College
1759071,2018-03-12,355696,Continuing Grant,Collaborative Research: Determining the eco-hydrogeologic response of tropical glacierized watersheds to climate change: An integrated data-model approach,University of Minnesota-Twin Cities
1824129,2018-03-12,32125,Standard Grant,Support for 8 Gordon Research Conference and Gordon Research Seminar on Rock Deformation,Gordon Research Conferences
1647727,2018-03-13,250449,Standard Grant,Layered Intrusion-Footwall Hydrothermal Interactions - An Analog For Subduction Zone Hydrothermal Sytems,Duke University
1743355,2018-03-13,192051,Continuing Grant,Collaborative Research: How does groundwater inundation of carbonate island interiors from sea level rise impact surface water-aquifer interactions and evaporative losses?,University of Florida
1743370,2018-03-13,254330,Continuing Grant,Collaborative Research: How does groundwater inundation of carbonate island interiors from sea level rise impact surface water-aquifer interactions and evaporative losses?,Michigan Technological University
1743383,2018-03-13,182888,Continuing Grant,Collaborative Research: How does groundwater inundation of carbonate island interiors from sea level rise impact surface water-aquifer interactions and evaporative losses?,University of South Florida
1748684,2018-03-13,208362,Standard Grant,Acquisition of a Fourier Transform Infrared Imaging Microscope at LDEO,Columbia University
1749638,2018-03-13,507653,Continuing Grant,CAREER: A Dynamic-Stochastic Approach to Rainfall and Flood Frequency Analysis Across Scales,University of Wisconsin-Madison
1753585,2018-03-13,485044,Continuing Grant,"Disorder and Dynamics in Silicate and Aluminosilicate Liquids, Glasses and Crystals Relevant to Geochemical Processes: Nuclear Magnetic Resonance Studies",Stanford University
1756068,2018-03-13,276207,Continuing Grant,Collaborative Research: Measurement of Particle Aggregation in Laboratory-scale Flows for Improved Models of Volcanic Ash Fallout and Entrainment,Stanford University
1756075,2018-03-13,275110,Standard Grant,Architecture of the Subduction to Strike-Slip Transition in New Zealand,University of Wisconsin-Madison
1756259,2018-03-13,211000,Continuing Grant,Collaborative Research: Measurement of Particle Aggregation in Laboratory-scale Flows for Improved Models of Volcanic Ash Fallout and Entrainment,Portland State University
1756267,2018-03-13,136168,Continuing Grant,Collaborative Research: Measurement of Particle Aggregation in Laboratory-scale Flows for Improved Models of Volcanic Ash Fallout and Entrainment,Washington State University
1758198,2018-03-13,498962,Continuing Grant,"Implementation of ""Box Tomography"" for high resolution imaging of Target Regions in the Earth's Deep Mantle",University of California-Berkeley
1758972,2018-03-13,413437,Standard Grant,"Reconciling extrusion tectonics, rifting, and lithosphere-asthenosphere coupling models for the Central Highlands diffuse igneous province, Vietnam",University of Nebraska-Lincoln
1761441,2018-03-13,531033,Continuing Grant,Improved process understanding of snow density and SWE across forested mountain landscapes from coordinated field observations and model analyses,University of Colorado at Boulder
1828827,2018-03-13,49773,Standard Grant,RAPID: Turning a Lake Sinkhole Event into Natural/Man-Made Tracer Experiments and Data Collection Campaign for Advanced Understanding of Karst Hydrogeology and Solute Transport,Florida State University
1829442,2018-03-13,13406,Standard Grant,"RAPID: Post-fire lidar change detection, Eagle Creek fire, Columbia River Gorge, Oregon",University of Oregon Eugene
1831126,2018-03-13,184748,Continuing Grant,CAREER:   Damage and Fracture Characteristics of Rocks Under a Broad Spectrum of Strain Rates,"OHIO STATE UNIVERSITY, THE"
1748635,2018-03-14,292923,Continuing Grant,Discerning Mechanisms of Environmental and Climatic Changes Associated with the Late Silurian (Ludfordian) Extinction Event,Florida State University
1757236,2018-03-14,44670,Continuing Grant,Collaborative Research: RUI: Chronology and Ecology of Late Pleistocene Megafauna at Rancho La Brea,Marshall University Research Corporation
1757545,2018-03-14,142702,Continuing Grant,Collaborative Research: RUI: Chronology and Ecology of Late Pleistocene Megafauna at Rancho La Brea,Vanderbilt University
1758108,2018-03-14,31601,Continuing Grant,Collaborative Research: RUI: Chronology and Ecology of Late Pleistocene Megafauna at Rancho La Brea,Des Moines University
1758110,2018-03-14,129780,Continuing Grant,Collaborative Research: Chronology and Ecology of Late Pleistocene Megafauna at Rancho La Brea,University of California-Irvine
1758116,2018-03-14,22730,Continuing Grant,Collaborative Research: Chronology and Ecology of Late Pleistocene Megafauna at Rancho La Brea,Los Angeles County Museum of Natural History Foundation
1758117,2018-03-14,370840,Continuing Grant,Collaborative Research: RUI: Chronology and Ecology of Late Pleistocene Megafauna at Rancho La Brea,Loyola Marymount University
1829336,2018-03-14,20000,Standard Grant,Travel Support for student participation at the 2018 Electron Backscatter Diffraction Topical Conference,Regents of the University of Michigan - Ann Arbor
1823040,2018-03-15,56712,Standard Grant,"Subsurface Processes In the Critical Zone: Observation, Experimentation and Modeling (SPIC training school): Cargese Training Workshop",Oregon State University
1830169,2018-03-15,20470,Standard Grant,"RAPID: The nature and physics of the Montecito debris flows of January 9, 2018, increasing community resiliency to debris flow hazards",University of California-Santa Barbara
1738934,2018-03-16,2310411,Continuing Grant,NSF-NERC: Ground Geophysics Survey of Thwaites Glacier,Pennsylvania State Univ University Park
1738896,2018-03-20,659604,Continuing Grant,NSF-NERC: Disintegration of Marine Ice-sheets using Novel Optimised Simulations (DOMINOS),Regents of the University of Michigan - Ann Arbor
1738913,2018-03-20,1142622,Cooperative Agreement,NSF-NERC The Future of Thwaites Glacier and its Contribution to Sea-level Rise Science Coordination Office,University of Colorado at Boulder
1739027,2018-03-20,2368731,Continuing Grant,NSF-NERC: Thwaites Interdisciplinary Margin Evolution (TIME): The Role of Shear Margin Dynamics in the Future Evolution of the Thwaites Drainage Basin,University of California-Santa Cruz
1738942,2018-03-22,1015583,Continuing Grant,NSF-NERC: THwaites Offshore Research (THOR),University of Houston
1832177,2018-03-23,8000,Standard Grant,RAPID: Quantifying the Great Marsh Sedimentation Event 2018,Trustees of Boston University
1817386,2018-03-29,24000,Standard Grant,Support for Beginning Investigators to Attend the 16th SEDI Symposium,Simon's Rock of Bard College
1823111,2018-03-29,131546,Interagency Agreement,Arumugam   A global synthesis of land-surface fluxes under natural and human-altered  watersheds using the Budyko framework,John Wesley Powell Center
1733887,2018-04-02,93453,Standard Grant,Development of Technique: Systematically measuring the cosmogenic 26Al/10Be production ratio at a variety of altitudes and latitudes,University of Vermont & State Agricultural College
1752815,2018-04-02,506340,Continuing Grant,CAREER: Organic Molecular Paleohypsometry: A new approach to quantifying the topographic history of the most rapidly eroding mountain belt on Earth,University of Connecticut
1756834,2018-04-02,345291,Standard Grant,Collaborative Research: Permanent forearc strain partitioning in Northern Cascadia,Trustees of Boston University
1756943,2018-04-02,285581,Standard Grant,Collaborative Research: Permanent forearc strain partitioning in Northern Cascadia,University of California-Santa Barbara
1763215,2018-04-02,187306,Standard Grant,CSEDI Collaborative Research: C-O-H Volatile Metasomatism in the Cratonic Mantle - Implications for Mid-Lithospheric Discontinuities,Florida State University
1763226,2018-04-02,325202,Continuing Grant,CSEDI Collaborative Research: Carbon-Oxygen-Hydrogen Volatile Metasomatism in the Cratonic Mantle - Implications for Mid-Lithospheric Discontinuities,William Marsh Rice University
1763243,2018-04-02,127574,Standard Grant,CSEDI Collaborative Research: C-O-H Volatile Metasomatism in the Cratonic Mantle - Implications for Mid-Lithospheric Discontinuities,Brown University
1749727,2018-04-05,855665,Continuing Grant,CAREER: Genome-enabled investigations into the mechanisms and ecological controls on selenium transformations by fungi,University of Minnesota-Twin Cities
1751377,2018-04-05,690534,Continuing Grant,"CAREER: Research and education on landscape, climate, and biophysical controls of the urban water cycle amid urban warming and global change",Washington State University
1761576,2018-04-05,352690,Standard Grant,Low Versus High Latitude Continental Climatic Effects of the Central Atlantic Magmatic Province on the End Triassic Extinction Event,University of Arkansas
1759782,2018-04-09,166657,Continuing Grant,NSFGEO-NERC: Collaborative Research: The central Apennines Earthquake cascade under a new microscope,Columbia University
1759810,2018-04-09,213389,Continuing Grant,NSFGEO-NERC: Collaborative Research: The central Apennines Earthquake cascade under a new microscope,Stanford University
1763189,2018-04-09,680031,Continuing Grant,CSEDI: Alkaline-Earth Carbonate Melts at Deep Earth Conditions,Regents of the University of Michigan - Ann Arbor
1761388,2018-04-10,185943,Standard Grant,Phase Relations Between Silicate Melts and Crustal Brines,Carnegie Institution of Washington
1753125,2018-04-11,550565,Continuing Grant,CAREER: Volatiles in the Deep Earth: Insights From Theory and Experiments,Florida State University
1760802,2018-04-11,245805,Standard Grant,Mechanisms of Mantle Wedge and Intraslab Earthquakes Beneath Southwestern Colombia From Analysis of Earthquake Source Properties,Saint Louis University
1763305,2018-04-11,39420,Standard Grant,Collaborative Research: Investigating the interplay between creeping and seismogenic fault sections using large-scale laboratory experiments and high-resolution numerical models,Pennsylvania State Univ University Park
1763499,2018-04-11,389001,Continuing Grant,Collaborative Research: Investigating the interplay between creeping and seismogenic fault sections using large-scale laboratory experiments and high-resolution numerical models,Cornell University
1834367,2018-04-11,77537,Continuing Grant,Near-fractional Melting of Pyroxenite: Experimental Investigations and Applications to Basalt Petrogenesis,University of Utah
1763287,2018-04-12,280000,Continuing Grant,Thermal conductivity of Deep Earth's materials studied by combined fast pulsed laser and optical spectroscopy techniques,Carnegie Institution of Washington
1742951,2018-04-13,98929,Continuing Grant,Collaborative Research: Identifying Sediment Sources and Routing of Transcontinental Drainages During Intraplate Deformation,Washington and Lee University
1742952,2018-04-13,426071,Continuing Grant,Collaborative Research: Identifying Sediment Sources and Routing of Transcontinental Drainages During Intraplate Deformation,University of Houston
1751903,2018-04-13,511525,Continuing Grant,CAREER: Accessory Minerals as Monitors of the Oxidation State of Magmas and Fluids and Enhancing Scientific Literacy Through Active Education,University of Rochester
1753186,2018-04-13,793815,Continuing Grant,CAREER: Environmental Change and Extinction on the Mammoth Steppe,University of Maine
1833203,2018-04-17,49993,Standard Grant,"Workshops on Volcanoes II: Masaya Volcano, Nicaragua February 2019",Carnegie Institution of Washington
1830831,2018-04-18,21000,Standard Grant,"Gordon Research Conference: Deep Carbon Science in the Context of Geologic Time, Rhode Island, June 17-21, 2018",Gordon Research Conferences
1834631,2018-04-18,17318,Standard Grant,RESESS 2018 Conference Travel Proposal,"UNAVCO, Inc."
1804974,2018-04-19,111772,Continuing Grant,Collaborative Research: New Estimates of Atmospheric pCO2 from the Paleocene-Eocene,Haverford College
1805228,2018-04-19,671160,Continuing Grant,P2C2: Collaborative Research: New Estimates of Atmospheric pCO2 for the Paleocene-Eocene,Smithsonian Institution
1750746,2018-04-20,593079,Continuing Grant,CAREER: Experimental Investigation of the Transport Properties of Sulfide Melts at Upper Mantle Conditions,University of California-San Diego Scripps Inst of Oceanography
1755498,2018-04-20,369999,Continuing Grant,The Microphysics of Plate Boundary Formation: Dynamic Recrystallization and Phase Mixing,University of Minnesota-Twin Cities
1751905,2018-04-24,428764,Continuing Grant,CAREER:Developing a Consensual Validation and Benchmarking Procedure for Pyroclastic Density Current (PDC) Hazard Models,University of South Florida
1758571,2018-04-24,177199,Standard Grant,Development of a Simplified Cavity Thermal Ionization Source for Geoscience Applications,Carnegie Institution of Washington
1759252,2018-04-24,354083,Standard Grant,"NSFGEO-NERC: Latest Pleistocene-Holocene incremental slip record of the Kekerengu-Jordan fault system, northern South Island, New Zealand",University of Southern California
1800324,2018-04-25,98839,Standard Grant,CSEDI Collaborative Research: Understanding the origins of MORB geochemical heterogeneity using constraints from seismic tomography and geodynamic modeling,University of California-Berkeley
1800450,2018-04-25,381401,Standard Grant,CSEDI Collaborative Research: Understanding the origins of MORB geochemical heterogeneity using constraints from seismic tomography and geodynamic modeling,University of California-Davis
1818579,2018-04-26,124081,Standard Grant,Collaborative Research: Mining Seismic Wavefields,Stanford University
1818582,2018-04-26,32999,Standard Grant,Collaborative Research: Mining Seismic Wavefields,California Institute of Technology
1818589,2018-04-26,179444,Standard Grant,Collaborative Research:  Mining Seismic Wavefields,University of Southern California
1818611,2018-04-26,63468,Standard Grant,Collaborative Research: Mining Seismic Wavefields,Georgia Tech Research Corporation
1823050,2018-04-26,1046335,Standard Grant,Catalyzing Opportunities for Research in the Earth Sciences (CORES): A Decadal Survey for NSF?s Division of Earth Sciences,National Academy of Sciences
1757930,2018-04-27,391970,Continuing Grant,REU Site: Research Experience for Community College Students (RECCS) in the Geosciences,University of Colorado at Boulder
1749849,2018-05-01,487222,Continuing Grant,CAREER: Manganese biogeochemistry and impacts on carbon storage in plant-soil systems,Kent State University
1753492,2018-05-01,123646,Standard Grant,Collaborative Research: Investigating Initiation and History of the Aleutian Arc and Composition and Significance of North Pacific Seafloor via Dredge Samples from the R/V Sonne,University of Wisconsin-Madison
1753518,2018-05-01,229185,Standard Grant,Collaborative Research: Investigating Initiation and History of the Aleutian Arc and Composition and Significance of North Pacific Seafloor via Dredge Samples from the R/V Sonne,University of South Carolina at Columbia
1753734,2018-05-01,80157,Standard Grant,Collaborative Research: East African Rift Tephra Database [EARThD]: a compilation documenting and analyzing explosive volcanism in East Africa,Salem State University
1753738,2018-05-01,135201,Standard Grant,Collaborative Research: East African Rift Tephra Database [EARThD]: a compilation documenting and analyzing explosive volcanism in East Africa,Pennsylvania State Univ University Park
1756525,2018-05-01,44378,Standard Grant,NSFGEO-NERC Collaborative Research: Linking geophysics and volcanic gas measurements to contrain the transcrustal magmatic system at the Altiplano-Puna Deformation Anomaly,University of Washington
1757415,2018-05-01,233385,Continuing Grant,NSFGEO-NERC: Collaborative Research: Linking geophysics and volcanic gas measurements to constrain the transcrustal magmatic system at the Altiplano-Puna Deformation Anomaly,University of New Mexico
1757495,2018-05-01,261870,Continuing Grant,NSFGEO-NERC: Collaborative Research: Linking geophysics and volcanic gas measurements to constrain the transcrustal magmatic system at the Altiplano-Puna Deformation Anomaly,Cornell University
1757991,2018-05-01,395667,Standard Grant,REU Site: Summer Undergraduate Research Fellowships in Earth and Environmental Sciences (SURFEES),Chapman University
1805133,2018-05-01,98972,Continuing Grant,Collaborative Research: Holocene glacier length variations along the spine of the American Cordilleras and their climatic significance,University of Wisconsin-Madison
1805620,2018-05-01,78559,Continuing Grant,Collaborative Research: P2C2: Holocene glacier length variations along the spine of the American Cordilleras and their climatic significance,Boston College
1805892,2018-05-01,152977,Continuing Grant,Collaborative Research: Holocene glacier length variations along the spine of the American Cordilleras and their climatic significance,Tulane University
1834802,2018-05-01,27040,Standard Grant,Travel Proposal: Providing IRIS undergraduate interns with a 2018 AGU Fall Meeting experience,EARTHSCOPE CONSORTIUM INC.
1832389,2018-05-04,15000,Standard Grant,"Student Travel to the 2018 Annual Meeting of The Clay Minerals Society: Champaign, IL - June 9-14, 2018",University of Illinois at Urbana-Champaign
1753637,2018-05-08,140739,Standard Grant,Collaborative Research: Geochemical and geodynamic investigation of lithospheric drip viability beneath the East African Rift,Southern Illinois University at Carbondale
1753696,2018-05-08,232885,Standard Grant,Collaborative Research: Geochemical and Geodynamic investigation of lithospheric drip viability beneath the East African Rift,Pennsylvania State Univ University Park
1753748,2018-05-08,83946,Standard Grant,Collaborative Research: Geochemical and geodynamic investigation of lithospheric drip viability beneath the East African Rift,Towson University
1757451,2018-05-08,594889,Standard Grant,REU Site: Sustainable Land and Water Resources: A Community-Based Participatory Research Experience for Undergraduates,University of Minnesota-Twin Cities
1757699,2018-05-08,382674,Standard Grant,REU Site: Basic and Environmental Soil Science Training (BESST),North Carolina State University
1757705,2018-05-08,296001,Continuing Grant,REU Site: Interdisciplinary Geospatial Approaches to Watershed Science,University of Iowa
1803056,2018-05-08,243861,Standard Grant,Collaborative Research: P2C2: Extreme floods on the lower Mississippi River in the context of late Holocene climatic variability,Woods Hole Oceanographic Institution
1804107,2018-05-08,292959,Standard Grant,Collaborative Research: P2C2: Extreme floods on the lower Mississippi River in the context of late Holocene climatic variability,Northeastern University
1804799,2018-05-08,49704,Standard Grant,Collaborative Research: P2C2: Extreme floods on the lower Mississippi River in the context of late Holocene climatic variability,Coastal Carolina University
1806983,2018-05-08,174000,Continuing Grant,EAR-PF:  The scaling properties of river-lake networks,Gardner                 John           R
1751974,2018-05-09,525808,Continuing Grant,CAREER: Along-Strike Variation: A Comparative Study of Subduction Zones at Multiple Scales Using Joint Receiver Function and Tomographic Inversion,University of Massachusetts Amherst
1722987,2018-05-11,24637,Standard Grant,Collaborative Research: The context for rifting in East Africa - melt distribution and lithospheric removal imaged from axis to flank,Cornell University
1723170,2018-05-11,249812,Continuing Grant,Collaborative Research: The context for rifting in East Africa - melt distribution and lithospheric removal imaged from axis to flank,University of California-Santa Barbara
1803944,2018-05-11,23845,Continuing Grant,Collaborative Research: P2C2: A High Resolution Paleoclimate Archive of Termination I in Oneida Lake and Glacial Lake Iroquois Sediments,University of Minnesota-Twin Cities
1804395,2018-05-11,54227,Standard Grant,Collaborative Research: P2C2: A High Resolution Paleoclimate Archive of Termination I in Oneida Lake and Glacial Lake Iroquois Sediments,Tufts University
1804460,2018-05-11,503622,Standard Grant,Collaborative Research: P2C2: A High Resolution Paleoclimate Archive of Termination I in Oneida Lake and Glacial Lake Iroquois Sediments,Syracuse University
1836651,2018-05-11,67134,Continuing Grant,Collaborative Research: Constraining the flux of magma and magmatic CO2 during early-stage rifting in East Africa,University of Oregon Eugene
1806124,2018-05-14,174000,Continuing Grant,EAR-PF: Investigating the utility of cherts for constraining the long-term evolution of oxygen isotopes in the oceans,Hayles                  Justin         A
1753249,2018-05-16,487991,Continuing Grant,CAREER: Multiscale Mechanics of Fluid Infiltrated Fault Zones- An Integrated Research and Education Plan,University of Illinois at Urbana-Champaign
1760056,2018-05-16,74132,Continuing Grant,Collaborative Research: The origin and propagation of shallow water microseisms: a multidisciplinary study at Yellowstone Lake,Woods Hole Oceanographic Institution
1760094,2018-05-16,176563,Continuing Grant,Collaborative Research: The origin and propagation of shallow water microseisms: a multidisciplinary study at Yellowstone Lake,University of Utah
1803725,2018-05-16,211635,Continuing Grant,"NSFGEO-NERC: Collaborative Research: MexiDrill: Developing a 350,000 year record of climate and environmental change in tropical North America",University of Minnesota Duluth
1804429,2018-05-16,288310,Continuing Grant,"NSFGEO-NERC: Collaborative Research: P2C2: MexiDrill: Developing a 350,000 year record of climate and environmental change in tropical North America",University of Pittsburgh
1804858,2018-05-16,153474,Continuing Grant,"Collaborative Research: MexiDrill: Developing a 350,000 year record of climate and environmental change in tropical North America",University of New Mexico
1836234,2018-05-16,14830,Standard Grant,"2018 Gordon Research Conference Molecular Basis of Microbial One Carbon Metabolism: Dynamic One-Carbon Use on a Changing Planet, Maine, July 28 - Aug 3, 2018",Gordon Research Conferences
1664595,2018-05-18,412828,Standard Grant,Cooperative Institute for Dynamic Earth Research,University of California-Berkeley
1744714,2018-05-18,254441,Continuing Grant,Collaborative Research: Groundwater transit time distributions: bridging the gap between advanced tracer techniques and numerical modeling,North Carolina State University
1744719,2018-05-18,387030,Continuing Grant,Collaborative Research: Groundwater transit time distributions: bridging the gap between advanced tracer techniques and numerical modeling,University of Nebraska-Lincoln
1744721,2018-05-18,239473,Continuing Grant,Collaborative Research: Groundwater transit time distributions: bridging the gap between advanced tracer techniques and numerical modeling,University of Utah
1752729,2018-05-21,499971,Continuing Grant,"CAREER: Humans, Water, and Climate: Advancing Research and Education on Water Resource Sustainability in Managed Land-Water Systems using Integrated Hydrological Modeling Framework",Michigan State University
1761912,2018-05-21,358589,Continuing Grant,Observations of Fault Growth Under Elevated Fluid Pressure Using Dynamic Microtomography,"University of Maryland, College Park"
1804511,2018-05-21,177111,Continuing Grant,P2C2: Collaborative Research: The consumption rate of a CO2 pulse: Lessons from the middle Miocene,Bryant University
1806015,2018-05-21,294259,Continuing Grant,P2C2: Collaborative Research: The consumption rate of a CO2 pulse: Lessons from the middle Miocene,Texas A&M University
1810855,2018-05-21,213540,Standard Grant,Predicting Coastal Deltaic Change on a Global Scale,Florida State University
1819068,2018-05-21,265984,Continuing Grant,Collaborative Research: Emergent Hydrological Properties Associated with Multiple Channel-Spanning Logjams,Colorado State University
1819086,2018-05-21,231865,Continuing Grant,Collaborative Research: Emergent Hydrological Properties Associated with Multiple Channel-Spanning Logjams,"OHIO STATE UNIVERSITY, THE"
1819134,2018-05-21,369226,Continuing Grant,Collaborative Research: Emergent Hydrological Properties Associated with Multiple Channel-Spanning Logjams,Colorado School of Mines
1834441,2018-05-21,10000,Standard Grant,"Support for 2018 International Union of Crystallography High Pressure Workshop: Honolulu, HI, July 29 - August 2, 2018",University of Hawaii
1836331,2018-05-21,38000,Standard Grant,"Broadening Geosciences Disciplines at the National Association of Black Geoscientists Annual Technical Conference: Houston, TX, September 5-8, 2018",University of Arkansas
1836944,2018-05-21,20000,Standard Grant,"2018 Geochemistry of Minerals GRC/GRS: Waterville Valley, NH, August 4-5, 2018",Gordon Research Conferences
1806205,2018-05-24,174000,Continuing Grant,"EAR-PF: The Mechanics of Turbulence and Sediment Transport: Physically-Based Numerical Modeling of Flow, Sediment and Bed Evolution in the Bedrock Canyons",Alvarez                 Laura          V
1806383,2018-05-24,174000,Continuing Grant,Investigating the scales of sustainability in groundwater extraction,Markovich               Katherine      H
1806629,2018-05-24,174000,Continuing Grant,EAR-PF: Using noble gas techniques to benchmark feldspar thermoluminescence (TL) thermochronology,Brown                   Nathan         D
1823748,2018-05-24,309532,Continuing Grant,Collaborative Research: The Zirconium Isotope Composition and Variability of the Silicate Earth -- A Pilot Study,University of Rochester
1824002,2018-05-24,93475,Standard Grant,Collaborative Research: The Zirconium Isotope Composition and Variability of the Silicate Earth -- A Pilot Study,California Institute of Technology
1806791,2018-05-29,174000,Continuing Grant,EAR-PF The contributions of composition and length-scale to the peak strength of the lithosphere,Kumamoto                Kathryn        M
1838502,2018-05-29,119821,Standard Grant,RAPID: Tracking magmatic and volcanic changes in the May 2018 Kilauea Eruption.,University of Hawaii
1755514,2018-05-30,270000,Standard Grant,Sulfur Isotopic Evidence on the Age of Recycled Surface Material in the Tristan-Gough Plume Source,Columbia University
1761987,2018-05-30,312599,Continuing Grant,NSF/EAR-BSF:Aftershock Productivity in Context of Rupture Kinematics,University of California-Santa Cruz
1819053,2018-05-30,48089,Standard Grant,"Collaborative Research: Sulfur Isotope Systematics and Oxygen Fugacity Evolution in the 1257 Samalas Magma Reservoir, Indonesia",American Museum Natural History
1820185,2018-05-30,153187,Standard Grant,"Collaborative Research: Sulfur Isotope Systematics and Oxygen Fugacity Evolution in the 1257 Samalas Magma Reservoir, Indonesia",CUNY Queens College
1820684,2018-05-30,251828,Continuing Grant,"Collaborative Research: Sulfur Isotope Systematics and Oxygen Fugacity Evolution in the 1257 Samalas Magma Reservoir, Indonesia",Southern Methodist University
1833160,2018-05-30,145176,Continuing Grant,Azimuthal anisotropy and attenuation structures of the Anatolian Plate,University of Texas at Dallas
1838330,2018-05-30,40366,Standard Grant,EaGER: Inclusions of fluid-related minerals in diamonds from the transition zone or lower mantle,University of Nevada Las Vegas
1754186,2018-06-01,306456,Continuing Grant,The Origin and Survival of Chemical Heterogeneities in the Earth's Mantle,"University of Maryland, College Park"
1759127,2018-06-01,264839,Standard Grant,Controls of Pore Fluid Pressure on Fault Slip Weakening and Fracture Energy,William Marsh Rice University
1800923,2018-06-01,385235,Standard Grant,"Modification of lithospheric structure via subduction, terrane accretion, and rifting: A case study beneath Connecticut",Yale University
1824152,2018-06-01,289218,Continuing Grant,Extending the vadose zone: characterizing the role of snow for liquid water storage and transmission in streamflow generation,University of Colorado at Boulder
1829188,2018-06-01,471897,Standard Grant,Strombolian and Hawaiian Volcanism:  Sub-second Parameterization of the Eruptive Dynamics of Explosions at Kilauea and Stromboli,University of Hawaii
1806924,2018-06-04,174000,Continuing Grant,Thermochronology at the nanoscale: delineating the challenges and opportunities in Pb isotope analysis of zircon by atom probe tomography,Blum                    Tyler          B
1839095,2018-06-04,51621,Standard Grant,"RAPID: Increasing Capacity for Data Collection during the 2018 East Rift Eruption, Hawaii Island",University of Hawaii at Hilo
1839100,2018-06-14,48510,Standard Grant,RAPID: Seismic deployment in response to the 2018 Kilauea Lower East Rift Zone eruption and summit explosions,University of Utah
1808117,2018-06-15,312566,Standard Grant,"Field and microstructural investigation of strain localization processes, texture development, and the rheology of naturally deformed lower crust",Boston College
1824820,2018-06-15,696729,Continuing Grant,Groundwater discharge of legacy nitrogen at the scale of river networks: Where are stream interface sediments conduits or filters?,University of Connecticut
1824852,2018-06-15,187363,Standard Grant,Examining temperatures and microgeochemical processes on fault slip surfaces with synchrotron methods,Utah State University
1829464,2018-06-15,311563,Standard Grant,"Southernmost Patagonia: The Connection Between Magmatism, Subduction Zone, Slab Window and Sub-continental Mantle Lithosphere",Brown University
1830644,2018-06-15,211946,Continuing Grant,Investigating the Pervasiveness of Complex Seismic Anisotropy and Its Origin Beneath Continents,Missouri University of Science and Technology
1833117,2018-06-15,59204,Continuing Grant,Collaborative Research: Reevaluating precipitation extremes and flood hazard in the wake of Hurricane Harvey,Texas A&M University
1833200,2018-06-15,199935,Continuing Grant,Collaborative Research: Reevaluating precipitation extremes and flood hazard in the wake of Hurricane Harvey,Northeastern University
1759879,2018-06-19,374175,Standard Grant,"Connecting Hydrology, Biology, and Geochemistry in a Coastal Wetland: Feedbacks between Ecosystem Processes toward Predictive Understanding",University of Delaware
1801118,2018-06-19,290745,Standard Grant,Collaborative Research: Flocculation Dynamics in the Fluvial to Marine Transition,William Marsh Rice University
1801142,2018-06-19,249131,Standard Grant,Collaborative Research: Flocculation Dynamics in the Fluvial to Marine Transition,Virginia Polytechnic Institute and State University
1823121,2018-06-19,240126,Standard Grant,Collaborative Research: Linking turbulent flow dynamics to meandering river migration,SUNY at Stony Brook
1823530,2018-06-19,294550,Standard Grant,COLLABORATIVE RESEARCH: Linking turbulent flow dynamics to meandering river migration,University of Minnesota-Twin Cities
1754261,2018-06-21,172000,Standard Grant,Collaborative Research: Refining Geothermobarometry in Pyroxenes using In Situ Measurements of Fe3+,Mount Holyoke College
1754268,2018-06-21,146000,Standard Grant,Collaborative Research: Refining Geothermobarometry in Pyroxenes using In Situ Measurements of Fe3+,University of Tennessee Knoxville
1818550,2018-06-21,568356,Continuing Grant,Subsurface Structure and Flow Regime for Rocky Mountain Hillslopes with Different Geologies,University of Wyoming
1827263,2018-06-21,450000,Continuing Grant,NSFGEO-NERC: Transforming understanding of paleomagnetic recording: Insights from experimental observations and numerical predictions,University of California-San Diego Scripps Inst of Oceanography
1753482,2018-06-22,379999,Continuing Grant,"Melt Network Geometry in Stressed, Partially Molten Mantle Rocks: Implications for Seismic Anisotropy",Massachusetts Institute of Technology
1822064,2018-06-22,225445,Standard Grant,"Structural evolution of the Atacama fault system, northern Chile:  Insights into rheology and strain in a magmatic arc during oblique convergence",Colorado State University
1829147,2018-06-22,393000,Continuing Grant,The Chemistry of Aqueous Carbonic Fluids in Subduction,University of Washington
1749556,2018-06-26,504315,Continuing Grant,CAREER: Dynamics of surface rupturing thrust earthquakes,Harvard University
1832294,2018-06-26,249862,Continuing Grant,"Examining groundwater-flood and soil moisture-flood relationships across scales using national-scale data mining, deep learning and knowledge distillation",Pennsylvania State Univ University Park
1806243,2018-06-28,174000,Fellowship Award,EAR-PF: CENOZOIC HISTORY OF POLAR AMPLIFICATION IN SOUTH-CENTRAL ALASKA,"Colwyn, David A."
1753362,2018-06-29,545048,Continuing Grant,CAREER: Advanced Subsurface Imaging Across USArray and Intermountain Seismic Belt Using Dense Seismic Arrays,University of Utah
1754061,2018-06-29,521957,Standard Grant,Does organic sulfur make a significant and overlooked contribution to sediment sulfate reduction in low-sulfate environments?,University of Minnesota Duluth
1804560,2018-06-29,499891,Standard Grant,INFEWS: US-China-Quantifying complex adaptive FEW systems with a coupled agent-based modeling framework,Lehigh University
1805094,2018-06-29,256854,Standard Grant,Collaborative Research: Sustainability in the Food-Energy-Water nexus; integrated hydrologic modeling of tradeoffs between food and hydropower in large scale Chinese and US basins,Syracuse University
1805160,2018-06-29,243132,Standard Grant,Collaborative Research: Sustainability in the Food-Energy-Water nexus; integrated hydrologic modeling of tradeoffs between food and hydropower in large scale Chinese and US basins,Colorado School of Mines
1806131,2018-06-29,174000,Continuing Grant,Volatile budget of Yellowstone magmas: investigating eruptive triggers and environmental effects of the largest explosive eruptions on earth,Benson Thomas
1806718,2018-06-29,174000,Continuing Grant,EAR-PF: Source or Sink? Hyporheic zone controls on the biogeochemical processing of arsenic in rivers impacted by acid mine drainage,Hoagland                Nell           E
1809165,2018-06-29,600000,Continuing Grant,Effect of Partial Melting on Elastic Properties of Rocks at Mantle Conditions,SUNY at Stony Brook
1827198,2018-06-29,220375,Standard Grant,Collaborative Research: Record of UHP Terrain Exhumation Preserved in Shear Zones of the Western Gneiss Region (Norway),"Board of Regents, NSHE, obo University of Nevada, Reno"
1827220,2018-06-29,286255,Standard Grant,Collaborative Research: Record of UHP Terrain Exhumation Preserved in Shear Zones of the Western Gneiss Region (Norway),University of Minnesota-Twin Cities
1829546,2018-06-29,550651,Continuing Grant,Using Barium Isotopes to Investigate the Origin of Fluids in Subduction Zones,Woods Hole Oceanographic Institution
1829822,2018-06-29,432149,Continuing Grant,Multicomponent Diffusion in Natural Silicate Melts,Regents of the University of Michigan - Ann Arbor
1834290,2018-06-29,331812,Continuing Grant,Dynamic Response of Watershed Subsurface System to Extreme Rainfall Events,University of Colorado at Boulder
1741048,2018-07-03,345355,Standard Grant,Developing a new proxy for silicate weathering: an investigation of Potassium isotope fractionation during clay formation,University of Wisconsin-Madison
1755805,2018-07-03,324111,Continuing Grant,How do viscosity contrasts affect patterns of deformation in multiphase rocks?,University of Minnesota-Twin Cities
1764140,2018-07-03,138000,Continuing Grant,CSEDI Collaborative Research: Understanding the nature of water transport between the transition zone and the lower mantle through the interdisciplinary studies,Louisiana State University
1764271,2018-07-03,421617,Continuing Grant,CSEDI Collaborative Research: Understanding the nature of water transport between the transition zone and the lower mantle through the interdisciplinary studies,Yale University
1811909,2018-07-03,333855,Standard Grant,Collaborative Research: Understanding deltas through the lens of their channel networks,University of California-Irvine
1812019,2018-07-03,127818,Standard Grant,Collaborative Research: Understanding deltas through the lens of their channel networks,Indiana University
1821853,2018-07-03,464713,Continuing Grant,Probing the mechanical properties of the crust and upper mantle in the Himalaya and Southern Tibet region,California Institute of Technology
1822062,2018-07-03,404990,Standard Grant,Topographic response to the transition from snowmelt- to rainfall- triggered extremes,University of Colorado at Boulder
1829601,2018-07-03,244490,Standard Grant,Imaging Upper-Mantle Structure under USArray using Long - Period Reflection Seismology,University of California-San Diego Scripps Inst of Oceanography
1830172,2018-07-03,471816,Standard Grant,Can Electromagnetic Surveys Image Deep Crystalline Basement Flow Systems in Extensional Terrains?,Vanderbilt University
1742938,2018-07-06,116351,Continuing Grant,Collaborative Research: Investigating how transient electrical and magnetic signals relate to changes in recharge-driven redox state and iron mineral transformations,University of Delaware
1742943,2018-07-06,90001,Continuing Grant,Collaborative Research: Investigating how transient electrical and magnetic signals relate to changes in recharge-driven redox state and iron mineral transformations,Bemidji State University
1742959,2018-07-06,229765,Continuing Grant,Collaborative Research: Investigating how transient electrical and magnetic signals relate to changes in recharge-driven redox state and iron mineral transformations,Rutgers University Newark
1759583,2018-07-09,178932,Standard Grant,Collaborative Research: Tracking the Exsolution and Migration of Volatiles in Shallow Magma Reservoirs,American Museum Natural History
1760004,2018-07-09,274219,Continuing Grant,Collaborative Research: Tracking the Exsolution and Migration of Volatiles in Shallow Magma Reservoirs,Brown University
1838373,2018-07-09,2846,Standard Grant,"RAPID: Collaborative: Geodetic and Seismic Observations of Volcanic Unrest at Sierra Negra volcano, Galapagos Islands",Pennsylvania State Univ University Park
1838385,2018-07-09,4866,Standard Grant,"RAPID: Collaborative: Geodetic and Seismic Observations of Volcanic Unrest at Sierra Negra volcano, Galapagos Islands",University of Miami
1750597,2018-07-10,782449,Continuing Grant,CAREER: From Genes to Assemblages: Causes and Consequences of Spatiotemporal Population Variation Across Millennia in Small Mammals,University of California - Merced
1757581,2018-07-10,170327,Standard Grant,Collaborative Research: Evaluating the contribution of crustal deformation to the present-day tectonics of convergent margins: the southern Cascadia forearc,Pennsylvania State Univ University Park
1758463,2018-07-10,235599,Standard Grant,Collaborative Research: Evaluating the contribution of crustal deformation to the present-day tectonics of convergent margins: the southern Cascadia forearc,Oregon State University
1758516,2018-07-10,158636,Standard Grant,Collaborative Research: RUI: Evaluating the contribution of crustal deformation to the present-day tectonics of convergent margins: the southern Cascadia forearc,CAL POLY HUMBOLDT SPONSORED PROGRAMS FOUNDATION
1802364,2018-07-10,691707,Continuing Grant,Broadband Seismological Investigations of Earth Structure and Earthquake Sources,University of California-Santa Cruz
1802730,2018-07-10,270882,Standard Grant,Fundamental controls on mid-crustal 'escape' flow in orogenic systems,University of Kentucky Research Foundation
1826938,2018-07-10,302472,Standard Grant,"A 750,000-yr Leaf Wax Biomarker Record to Assess Environmental Change Across the Plio-Pleistocene Boundary in Tropical East Africa",Brown University
1826940,2018-07-10,563575,Standard Grant,Identifying Cross-talk between Nitrogen and Manganese Redox Cycling,Woods Hole Oceanographic Institution
1828359,2018-07-10,231571,Standard Grant,RUI: The Timing and Evolution of Devonian Fire Systems and Their Implications for Atmospheric Oxygen Concentration,Colby College
1829283,2018-07-10,152142,Standard Grant,Resolving the influence of mantle heterogeneity on estimates of inner core anisotropy,University of California-Berkeley
1831283,2018-07-10,345618,Standard Grant,Vibration damage of rock landforms: contribution of anthropogenic and natural energy sources to bedrock fracture and erosion,University of Utah
1841227,2018-07-10,23924,Standard Grant,"Developing an Educator's On-ramp to Facilitate More Effective Undergraduate Teaching of Tectonics: Middletown, CT - January 2019",Wesleyan University
1841806,2018-07-10,7388,Standard Grant,Collaborative Research: Characterizing and Modeling Crustal Recycling,Boston College
1753436,2018-07-11,196330,Standard Grant,Collaborative Research: Biogeochemical drivers of interspecies electron transfer from iron reducers to methanogens,Kansas State University
1753470,2018-07-11,114418,Standard Grant,Collaborative Research: Biogeochemical drivers of interspecies electron transfer from iron reducers to methanogens,University of Oregon Eugene
1826769,2018-07-11,170569,Standard Grant,Collaborative Research: Assessing the Sensitivity of High-altitude Environments to Global Increased Temperature as Recorded by Lacustrine Microbialite Carbonates,University of New Hampshire
1826850,2018-07-11,317570,Standard Grant,Collaborative Research: Assessing the Sensitivity of High-altitude Environments to Global Increased Temperature as Recorded by Lacustrine Microbialite Carbonates,University of Colorado at Boulder
1826869,2018-07-11,110594,Standard Grant,Collaborative Research: Assessing the Sensitivity of High-altitude Environments to Globally Warm Climate as Recorded by Lacustrine Microbialite Carbonates,Weber State University
1807051,2018-07-12,174000,Continuing Grant,EAR-PF: The interaction between ductile shear zones and the seismogenic crust,Allison                 Kali           L
1834561,2018-07-12,15000,Standard Grant,"Support for students from underrepresented institutions and groups to attend the 2018 Goldschmidt Conference; August 12-17, 2018; Boston, MA",The Geochemical Society
1829299,2018-07-13,85030,Standard Grant,"Plant-Insect Diversity, Paleobiology, and Paleobiogeography From Early Eocene Neotropical Forests",Smithsonian Institution
1834976,2018-07-13,15000,Standard Grant,"A Proposal for Travel Support for Students 20th International Sedimentological Congress Quebec City, Quebec, Canada, 13-17 August 2018",Society of Sedimentary Geology SEPM
1841852,2018-07-16,115024,Standard Grant,RAPID: Lethal pyroclastic density current (PDC) generation and transport at Fuego volcano,Michigan Technological University
1806412,2018-07-17,174000,Continuing Grant,Imaging the Yellowstone magmatic system with ambient noise and local earthquake waveforms,Maguire                 Ross           R
1829401,2018-07-17,421302,Standard Grant,Collaborative Research:  Understanding lithospheric structure and deformation in Alaska via integration of seismic imaging and geodynamic modeling,Brown University
1829421,2018-07-17,16352,Standard Grant,Collaborative Research: Understanding lithospheric structure and deformation in Alaska via integration of seismic imaging and geodynamic modeling,Purdue University
1647012,2018-07-18,342190,Continuing Grant,Atom Probe Tomography (APT) development and optimization for applications in Earth Sciences,University of Alabama Tuscaloosa
1648630,2018-07-18,335000,Standard Grant,Acquisition of a TIMS  for Expanding Applications at the University of Houston,University of Houston
1807165,2018-07-18,43077,Standard Grant,"Collaborative Research: Water partitioning between trees, soils, and streams following forest disturbance",University of Minnesota Duluth
1807208,2018-07-18,6922,Standard Grant,"Collaborative Research: Water partitioning between trees, soils, and streams following forest disturbance",Oregon State University
1800933,2018-07-20,290478,Standard Grant,A microstructural study of deformation in currently-inactive fault rocks from the San Andreas Fault Observatory at Depth pertinent to aseismic creep in central California,University of Louisville Research Foundation Inc
1804816,2018-07-20,444939,Standard Grant,A Southern Hemispheric Perspective on Holocene Climate Variability Based on Mountain Glacial Chronologies,Columbia University
1811613,2018-07-20,498959,Standard Grant,"Lithium in kerogen, a potential resource and contributor to the global geochemical cycle",Arizona State University
1827277,2018-07-20,249999,Standard Grant,Investigating the Lithosphere-Asthenosphere System by Integrating New Constraints on Seismic Attenuation with Existing Geophysical Observations,University of Minnesota-Twin Cities
1830122,2018-07-20,350288,Standard Grant,"Spatial Distribution, Longevity, and Evolution of Giant Magma Bodies: Tapping the Record in Crystal-rich Supereruptions",Vanderbilt University
1830139,2018-07-20,186406,Standard Grant,"Using structural fabrics and thermochronology to document extensional footwall rotation--Insights from the tilted Miocene Searchlight pluton, NV","Board of Regents, NSHE, obo University of Nevada, Reno"
1833058,2018-07-20,180570,Standard Grant,Investigation of the dynamic pressure surge effect in a fluid-filled fracture through numerical modeling and laboratory experiment,University of Houston
1763432,2018-07-25,469780,Standard Grant,Are Remnants of the Tibetan Plateau Preserved in the Southern Himalayan Thrust Belt?,University of Arizona
1802026,2018-07-25,297943,Standard Grant,Effects of preexisting and evolving weaknesses on the kinematic evolution of strike-slip restraining bends in the Eastern California shear zone,Virginia Polytechnic Institute and State University
1752564,2018-07-27,647389,Continuing Grant,CAREER: Crossing over into the geochemical milieu: Using the molecular genomic record to inform the geologic biomarker record,Stanford University
1812541,2018-07-27,125885,Standard Grant,Collaborative Research: Trans-Amazon Drilling Project,Pennsylvania State Univ University Park
1812681,2018-07-27,2010140,Standard Grant,Collaborative Research: Trans-Amazon Drilling Project,Duke University
1812752,2018-07-27,717310,Standard Grant,Collaborative Research: Trans-Amazon Drilling Project,University of Minnesota-Twin Cities
1812857,2018-07-27,126495,Standard Grant,Collaborative Research: Trans-Amazon Drilling Project,University of Nebraska-Lincoln
1822116,2018-07-27,91191,Standard Grant,Collaborative Research: Did the Formation of the Great Unconformity Trigger Oxygenation and the Cambrian Explosion?,Harvard University
1822119,2018-07-27,229950,Standard Grant,Collaborative Research: Did the Formation of the Great Unconformity Trigger Oxygenation and the Cambrian Explosion?,University of Colorado at Boulder
1839102,2018-07-27,74170,Standard Grant,RAPID: High-Fidelity 3-D Digitization of Paleocene Vertebrate Fossils from Colombia: A Unique Opportunity for Science and Education,University of Florida
1841375,2018-07-27,112327,Standard Grant,Collaborative Research: Dynamics of caldera-scale rhyolitic magma systems,University of Oregon Eugene
1841376,2018-07-27,171916,Continuing Grant,The Interaction of Pyroclastic Density Currents with the Atmosphere & Landscapes: Integrating Experiments and Computational Approaches for Validation & Examination of Entrainment,University of Oregon Eugene
1842078,2018-07-27,48568,Standard Grant,"Workshop: Re-examining our Grand Challenges in Geodesy; November 8-9, 2018; East Lansing, MI",Michigan State University
1836288,2018-07-30,49824,Standard Grant,"Workshop on modeling earthquake source processes: from tectonics to dynamic rupture; October 8-10, 2018, Pasadena, CA",California Institute of Technology
1840968,2018-08-01,127122,Standard Grant,"Collaborative Research: Interactions Between Incipient Continental Rifting, Fluvial Systems, and Regional Climate in Southern Africa: The Okavango-Makgadikgadi Complex, Botswana",Pennsylvania State Univ University Park
1844340,2018-08-01,124557,Standard Grant,Collaborative Research: Relating Bulk Composition to Seismic Properties in Crustal Rocks,Boston College
1820658,2018-08-02,371714,Continuing Grant,Investigating Geobiological Feedbacks During the Evolution of Acidophilic  Microorganisms,Montana State University
1822977,2018-08-02,299958,Standard Grant,Investigation of Secondary Water in Volcanic Glass and its Isotopic Signatures,University of Oregon Eugene
1828868,2018-08-02,239703,Standard Grant,"Collaborative Research: Testing Models of Calcite Microcrystal Diagenesis Through Experiments, Geochemistry, and Advanced Imaging",Iowa State University
1828880,2018-08-02,155671,Standard Grant,"Collaborative Research: Testing Models of Calcite Microcrystal Diagenesis Through Experiments, Geochemistry, and Advanced Imaging",Western Michigan University
1832065,2018-08-02,499345,Standard Grant,Identification of Urban Flood Impacts Caused by Land Subsidence and Sea Level Rise for the Houston-Galveston Region,Morgan State University
1833525,2018-08-02,439086,Standard Grant,Developing a functional marker gene for Fe oxidation,University of Delaware
1664308,2018-08-03,1100649,Continuing Grant,Facility Support: For The Northeast National Ion Microprobe Facility (NENIMF),Woods Hole Oceanographic Institution
1764397,2018-08-03,436637,Standard Grant,Acquisition of a New XRF Spectrometer and Automated Sample Fusion Furnace,University of Massachusetts Amherst
1802247,2018-08-03,330500,Continuing Grant,"Collaborative Research: Exploring the nature of deep-focus earthquakes in the Japan, Kuril, and Izu-Bonin subduction zones",Michigan State University
1802441,2018-08-03,250963,Continuing Grant,"Collaborative Research: Exploring the nature of deep-focus earthquakes in the Japan, Kuril, and Izu-Bonin subduction zones",University of Arizona
1819550,2018-08-03,1638730,Continuing Grant,Community Facility Support: The Arizona State University SIMS Laboratories,Arizona State University
1822136,2018-08-03,154017,Standard Grant,Use of Artificial Intelligence towards Automation of Analog Seismogram Digitization,Harvard University
1826673,2018-08-03,319447,Standard Grant,Collaborative Research: The Onset of the Galapagos Plume as a Window Into the Deep Earth,Cornell University
1826695,2018-08-03,142916,Standard Grant,Collaborative Research: The Onset of the Galapagos Plume as a Window Into the Deep Earth,Woods Hole Oceanographic Institution
1826965,2018-08-03,343361,Standard Grant,Acquisition of a Helix SFT Noble Gas Mass Spectrometer,California Institute of Technology
1827429,2018-08-03,197082,Standard Grant,Is there a Pangean suture zone in southeastern New England?,Colorado School of Mines
1829763,2018-08-03,119371,Standard Grant,Constraints on absolute magma chamber volume from geodetic measurements: Trapdoor faulting in the Galapagos,Stanford University
1830182,2018-08-03,119928,Standard Grant,Vp/Vs Structure of the Crust and Reflection Fabric of the Upper Mantle beneath the Southern Appalachians using Teleseismic and Global Phases,University of Georgia Research Foundation Inc
1822197,2018-08-06,81287,Standard Grant,Acquisition of an SEM-CL Detector for Research and Education in Geology and Geological Engineering at the Colorado School of Mines,Colorado School of Mines
1848654,2018-08-07,104494,Continuing Grant,Understanding Chromium Redox Systematics Mafic Magmas:  Applications to Magmatic fO2 Calculations and Chromite Solubility,University of Colorado at Boulder
1813844,2018-08-09,235418,Standard Grant,"Collaborative Research: Integrating tectonics, climate, and mammal diversity",Purdue University
1813996,2018-08-09,308176,Standard Grant,"Collaborative research: Integrating tectonics, climate, and mammal diversity",Regents of the University of Michigan - Ann Arbor
1814029,2018-08-09,120735,Standard Grant,"Collaborative Research: Integrating tectonics, climate, and mammal diversity",University of Connecticut
1814051,2018-08-09,436112,Standard Grant,"Collaborative Research: Integrating tectonics, climate, and mammal diversity",SUNY at Stony Brook
1818509,2018-08-09,201890,Standard Grant,Jura-Cretaceous Sinistral Displacement of Terranes Along the Northern Cordilleran Margin,University of Arizona
1829520,2018-08-09,290047,Standard Grant,Integrating Geophysical and Geochemical Data to Understand the Hydration and Thermal State of the Colorado Plateau Lithosphere,Northern Arizona University
1844850,2018-08-09,265000,Standard Grant,First Steps Towards a New High Resolution Proxy for Paleomagnetic Field Instabilities:  Tritiogenic 3He Archived in Speleothems,Oregon State University
1749183,2018-08-10,600644,Continuing Grant,CAREER: Toward an inorganic calcite reference frame for interpreting the stable isotope composition of biogenic carbonates,University of Oregon Eugene
1752903,2018-08-10,676163,Continuing Grant,CAREER:Mineralogical and Biogeochemical Control of Phosphorus Transformation during Soil Development,University of Wyoming
1762431,2018-08-10,334447,Standard Grant,Beyond the unsaturation ratios (UK37' or UK37) of long chain alkenones: unlocking the hidden treasure trove of alkenone-producing haptophytes,Brown University
1801720,2018-08-10,272414,Standard Grant,NSF/EAR-BSF: Resolving slow slip transients before and after the 2011 Tohoku-oki earthquake with geodesy and seismicity,University of California-Berkeley
1823122,2018-08-10,199712,Standard Grant,"Collaborative Research: Chamber or Conduit - Constraining Explosive Through Effusive Eruption at Cordon Caulle, Chile 2011/12","Board of Regents, NSHE, obo University of Nevada, Reno"
1824160,2018-08-10,149939,Standard Grant,"Collaborative Research: Chamber or Conduit - Constraining Explosive Through Effusive Eruption at Cordon Caulle, Chile 2011/12",Cornell University
1824252,2018-08-10,248679,Standard Grant,"Collaborative Research: Chamber or Conduit - Constraining Explosive Through Effusive Eruption at Cordon Caulle, Chile 2011/12",William Marsh Rice University
1827863,2018-08-10,211195,Standard Grant,"Collaborative Research: Filling in the Central Himalayan Seismic Gap: A Structural, Neotectonic, and Paleoseismic Investigation of the Western Nepal Fault System",University of Houston
1827866,2018-08-10,335684,Standard Grant,"Collaborative Research: Filling in the Central Himalayan Seismic Gap: A Structural, Neotectonic, and Paleoseismic Investigation of the Western Nepal Fault System",University of Kansas Center for Research Inc
1827870,2018-08-10,203118,Standard Grant,"Collaborative Research: Filling in the Central Himalayan Seismic Gap: A Structural, Neotectonic, and Paleoseismic Investigation of the Western Nepal Fault System",Virginia Polytechnic Institute and State University
1828023,2018-08-10,100484,Standard Grant,Collaborative Research: A four-dimensional view of deformation in the Eastern Alaska Range - where did the slip on the Denali fault go?,University of Alaska Fairbanks Campus
1828737,2018-08-10,291844,Standard Grant,Collaborative Research: A four-dimensional view of deformation in the Eastern Alaska Range - where did the slip on the Denali fault go?,University of California-Davis
1828862,2018-08-10,178768,Standard Grant,Collaborative Research:  Deglacial and Holocene Environmental Change in California's Headwaters:  Insights from High-Resolution Sedimentary Records from Mono Lake,Berkeley Geochronology Center
1829093,2018-08-10,175690,Standard Grant,Collaborative Research:  Deglacial and Holocene Environmental Change in California's Headwaters:  Insights from High-Resolution Sedimentary Records from Mono Lake,University of Kentucky Research Foundation
1829465,2018-08-10,234055,Standard Grant,"Integration of the Physical and Chemical Rock Properties, Structure, and Permeability of the San Andreas Fault, San Andreas Fault Observatory at Depth Borehole, California",Utah State University
1831143,2018-08-10,519301,Standard Grant,"Collaborative Research: Exploring the Magmatic, Crustal, and Conduit Conditions Required for Mafic, Plinian Volcanism",Boise State University
1831213,2018-08-10,34984,Standard Grant,"Collaborative Research: Exploring the Magmatic, Crustal, and Conduit Conditions Required for Mafic, Plinian Volcanism",University of California-Berkeley
1833532,2018-08-10,378757,Continuing Grant,A New Adjoint-state Full Waveform Tsunami Source Imaging Method,University of California-Los Angeles
1849725,2018-08-10,31452,Standard Grant,"RAPID: Evaluation of Changes to Soil Hydrologic Properties in Response to Wildfire in a Semi-arid Sagebrush Steppe Environment with Abandoned Mine Pollution ? Perry Canyon, NV","Board of Regents, NSHE, obo University of Nevada, Reno"
1753439,2018-08-13,235427,Standard Grant,"Collaborative Research: Timing of slip along the Sierra Nevada frontal fault zone, California: A thermochronologic study",University of Texas at Austin
1753440,2018-08-13,221451,Standard Grant,"Collaborative research: Timing of slip along the Sierra Nevada frontal fault zone, California: A thermochronologic study",Central Washington University
1753474,2018-08-13,54375,Standard Grant,"Collaborative research RUI: Timing of slip along the Sierra Nevada frontal fault zone, California: A thermochronologic study",Occidental College
1827669,2018-08-13,304338,Standard Grant,Collaborative Research: Calibrating the end-Ediacaran Extinction with U-Pb Geochronology & Chemostratigraphy at a New Precambrian-Cambrian Boundary Site in Namibia & South Africa,Johns Hopkins University
1827715,2018-08-13,300612,Standard Grant,Collaborative Research: Calibrating the end-Ediacaran Extinction with U-Pb Geochronology & Chemostratigraphy at a New Precambrian-Cambrian Boundary Site in Namibia & South Africa,Massachusetts Institute of Technology
1839341,2018-08-13,100413,Standard Grant,EAGER:  Unraveling riverine sulfate using minor oxygen isotopes,Harvard University
1762458,2018-08-14,1134758,Continuing Grant,Facility Support: High-Resolution X-ray Computed Tomography Laboratory,University of Texas at Austin
1804838,2018-08-14,349999,Standard Grant,Isotope Fractionation of Water Adsorption on Clay Minerals,Texas Tech University
1812525,2018-08-14,203536,Standard Grant,"Collaborative Research: Anatomy of a Greenhouse World: The Early Eocene of the Green River Basin, Wyoming",University of Arizona
1812741,2018-08-14,221850,Standard Grant,"Collaborative Research: Anatomy of a Greenhouse World: The Early Eocene of the Green River Basin, Wyoming",SUNY at Binghamton
1812949,2018-08-14,266125,Standard Grant,"Collaborative Research: Anatomy of a Greenhouse World: The Early Eocene of the Green River Basin, Wyoming",Regents of the University of Michigan - Ann Arbor
1813088,2018-08-14,255399,Standard Grant,"Collaborative Research: Anatomy of a Greenhouse World: The Early Eocene of the Green River Basin, Wyoming",Boise State University
1813278,2018-08-14,909866,Standard Grant,"Collaborative Research: Anatomy of a Greenhouse World: The Early Eocene of the Green River Basin, Wyoming",University of Wisconsin-Madison
1813350,2018-08-14,190156,Standard Grant,"Collaborative Research: Anatomy of a Greenhouse World: The Early Eocene of the Green River Basin, Wyoming",Northern Arizona University
1813508,2018-08-14,390053,Standard Grant,"Collaborative Research: Anatomy of a Greenhouse World: The Early Eocene of the Green River Basin, Wyoming",University of Minnesota-Twin Cities
1813703,2018-08-14,263554,Standard Grant,"Collaborative Research: Anatomy of a Greenhouse World: The Early Eocene of the Green River Basin, Wyoming",North Carolina State University
1826805,2018-08-14,184321,Standard Grant,A predictive framework for micro-scale carbonate diagenesis: Towards more accurate reconstructions of global climate and environmental change,University of Colorado at Boulder
1830480,2018-08-14,204133,Standard Grant,"Collaborative Research: Biogeochemical Fingerprinting of the Megatoothed (""Megalodon"") Shark: A Dual Study in Thermophysiological Evolution and Seawater Chemistry",University of California - Merced
1830581,2018-08-14,257595,Standard Grant,"Collaborative Research: Biogeochemical Fingerprinting of the Megatoothed (""Megalodon"") Shark: A Dual Study in Thermophysiological Evolution and Seawater Chemistry",William Paterson University
1830638,2018-08-14,72430,Standard Grant,"Collaborative Research: Biogeochemical Fingerprinting of the Megatoothed (""Megalodon"") Shark: A Dual Study in Thermophysiological Evolution and Seawater Chemistry",University of California-Los Angeles
1830858,2018-08-14,36856,Standard Grant,"Collaborative Research: Biogeochemical Fingerprinting of the Megatoothed (""Megalodon"") Shark: A Dual Study in Thermophysiological Evolution and Seawater Chemistry",DePaul University
1818654,2018-08-16,241791,Standard Grant,Collaborative Research: Understanding the Origin of the mid-lithospheric discontinuity within a stable continent from a combined geophysics-mineral physics approach,University of Rochester
1818792,2018-08-16,434868,Standard Grant,Collaborative Research: Understanding the Origin of the mid-lithospheric discontinuity within a stable continent from a combined geophysics-mineral physics approach,Yale University
1820688,2018-08-16,55446,Standard Grant,Collaborative Research: A Combined Geophysics-Mineral Physics Approach To Investigating The Mid-Lithosphere Discontinuity Within A Stable Continent,Oregon State University
1824199,2018-08-16,355095,Continuing Grant,NSFGEO-NERC Collaborative Research: Crust and mantle structure and the expression of extension in the Turkana Depression of Kenya and Ethiopia,University of Montana
1824330,2018-08-16,701262,Continuing Grant,Laboratory Technician Support: Expanding Capabilities for  Experimental Hydrogeophysics Research and Outreach,Colorado School of Mines
1824417,2018-08-16,260924,Continuing Grant,NSFGEO-NERC: Collaborative Research: Crust and mantle structure and the expression of extension in the Turkana Depression of Kenya and Ethiopia,Tulane University
1829100,2018-08-16,716046,Continuing Grant,Laboratory Technician Support: Experimental Hydrogeophysics Technician,University of Wyoming
1829277,2018-08-16,721154,Continuing Grant,Laboratory Technician Support: Shock Wave Experiments in Geophysics,California Institute of Technology
1829496,2018-08-16,106770,Standard Grant,Mapping steps of the crust-mantle boundary over the contiguous United States,California Institute of Technology
1829597,2018-08-16,743580,Continuing Grant,"Laboratory Technician Support: UW-Madison Rock Mechanics Laboratory for Teaching, Service, and Decadal Testing",University of Wisconsin-Madison
1830937,2018-08-16,328736,Standard Grant,"Collaborative Research: How are Rhyolites Generated? Evaluating Models for the Volcanic-plutonic Connection in the Searchlight Magmatic System, Nevada",Princeton University
1830997,2018-08-16,170305,Standard Grant,"Collaborative Research: How are Rhyolites Generated? Evaluating Models for the Volcanic-plutonic Connection in the Searchlight Magmatic System, Nevada",Woods Hole Oceanographic Institution
1822485,2018-08-17,199385,Standard Grant,Collaborative Research:  Deciphering upper plate deformation and faulting processes in Central America with integrated geodetic and seismic analyses,Brown University
1826508,2018-08-17,241222,Standard Grant,Collaborative Research:  Deciphering upper plate deformation and faulting processes in Central America with integrated geodetic and seismic analyses,Pennsylvania State Univ University Park
1829264,2018-08-17,655452,Continuing Grant,Laboratory Technician Support: Enhancing Access to the John W. Handin Laboratory for Experimental Rock Deformation,Texas A&M University
1829273,2018-08-17,726752,Continuing Grant,Laboratory Technician Support: Experimental Mineral Physics and Petrology Facilities at the University of Hawaii at Manoa,University of Hawaii
1829371,2018-08-17,174975,Standard Grant,The EarthScope/GMT Analysis and Visualization Toolbox,University of Hawaii
1829426,2018-08-17,91110,Standard Grant,Collaborative research: Structure and dynamics of the Alaska mantle wedge,University of California-Santa Barbara
1829440,2018-08-17,221073,Standard Grant,Collaborative research: Structure and dynamics of the Alaska mantle wedge,Cornell University
1829447,2018-08-17,191814,Standard Grant,Collaborative Research: Structure and dynamics of the Alaska mantle wedge,University of Alaska Fairbanks Campus
1828710,2018-08-21,105520,Standard Grant,MRI: Acquisition of an Acoustic Doppler Current Profiler (ADCP) System for Profiling Open Channels,University of North Dakota Main Campus
1841547,2018-08-23,299820,Standard Grant,EAGER SitS: Can remotely imaged vegetation characteristics provide a window into soil nutrient cycles?,Stanford University
1841619,2018-08-23,294424,Standard Grant,EAGER SitS: Soil Soundscapes from Seismic Arrays,University of California-San Diego Scripps Inst of Oceanography
1844345,2018-08-23,49300,Standard Grant,"Workshop on advancing integrative volcanology with community experiments: Albuquerque, NM, November 28-30, 2018",University of New Mexico
1759200,2018-08-24,94965,Standard Grant,Collaborative Research: AGeS2 (Awards for Geochronology Student research) Program: Democratizing access to geochronology and promoting interdisciplinary science,University of Colorado at Boulder
1759201,2018-08-24,67568,Standard Grant,Collaborative Research: AGeS2 (Awards for Geochronology Student research) Program: Democratizing access to geochronology and promoting interdisciplinary science,"The Geological Society of America, Inc."
1759353,2018-08-24,687836,Standard Grant,Collaborative Research: AGeS2 (Awards for Geochronology Student research) Program: Democratizing access to geochronology and promoting interdisciplinary science,Arizona State University
1830732,2018-08-27,1263347,Continuing Grant,Collaborative Research: Facility Support for Operation of the National Center for Airborne Laser Mapping (NCALM),University of California-Berkeley
1830734,2018-08-27,3262123,Continuing Grant,Collaborative Research: Facility Support for Operation of the National Center for Airborne Laser Mapping (NCALM),University of Houston
1844858,2018-08-27,25000,Standard Grant,"11th North American Paleontological Convention: Conference Support: Riverside, CA - June 23 to June 27, 2019",University of California-Riverside
1824343,2018-08-29,400000,Standard Grant,RCN: Planning for a Modeling Collaboratory for Subduction Zone Science,University of Texas at Austin
1828110,2018-08-29,980000,Standard Grant,MRI: Acquisition of an electron microprobe at the American Museum of Natural History,American Museum Natural History
1830873,2018-08-29,310154,Standard Grant,RCN: Community Network for Volcanic Eruption Response (CONVERSE),University of New Mexico
1833478,2018-08-29,279921,Continuing Grant,Collaborative Research: Community Facility Support: Facilitating Access and Innovation through a Collaborative Organization for Rock Deformation (CORD),Massachusetts Institute of Technology
1833496,2018-08-29,271164,Continuing Grant,Collaborative Research: Community Facility Support: Facilitating Access and Innovation through a Collaborative Organization for Rock Deformation (CORD),Brown University
1838450,2018-08-29,49835,Standard Grant,Workshop for Alaska EarthScope Synthesis and Future Opportunities in Canada with EON-ROSE: September 2019,University of Alaska Fairbanks Campus
1740470,2018-08-30,68582,Standard Grant,Acquisition of a pXRF and refurbishment of used germanium detectors for research and undergraduate research training,Oberlin College
1831623,2018-08-30,3616768,Continuing Grant,Community Facility Support: The Community Surface Dynamics Modeling System (CSDMS),University of Colorado at Boulder
1828402,2018-09-04,77601,Standard Grant,MRI: Acquisition of a Hyperspectral Field Spectroradiometer to Enable Interdisciplinary Research,University of Northern Iowa
1828514,2018-09-04,129192,Standard Grant,MRI: Acquisition of a Powder X-Ray Diffractometer for Research and Research Training at Bloomsburg University of Pennsylvania,COMMONWEALTH UNIVERSITY OF PENNSYLVANIA
1828799,2018-09-04,135944,Standard Grant,MRI: Acquisition of a laser scanning robotic total station with differential GPS capability,University of Hawaii at Hilo
1829492,2018-09-04,80813,Standard Grant,Recognizing Signatures of Slow Slip in Plate Boundary Observatory Borehole Pore Pressure Data,Texas A&M University
1725349,2018-09-05,750000,Standard Grant,Shock Wave Studies of Liquids in Earth's Core and Mantle,California Institute of Technology
1752477,2018-09-05,485063,Continuing Grant,CAREER: Investigating the unrest and eruption potential of caldera forming volcanoes in the Aleutians,University of Illinois at Urbana-Champaign
1763639,2018-09-05,264434,Standard Grant,Collaborative Research: The Tumalo Volcanic Center - Probing the Origin of Explosive Pleistocene Silicic Volcanism in Central Oregon,Oregon State University
1764360,2018-09-05,117238,Continuing Grant,Collaborative Research: The Tumalo Volcanic Center - Probing the Origin of Explosive Pleistocene Silicic Volcanism in Central Oregon,Denison University
1822524,2018-09-05,248384,Standard Grant,"Collaborative Research: Reframing Notions of Wet vs. Dry Subduction:  The Search for a Deep Fluid Signature in Subducted Continental Crust Using Coupled O, B, and Fe Isotopes",Indiana University
1822526,2018-09-05,75113,Standard Grant,"Collaborative Research: RUI: Reframing Notions of Wet vs. Dry Subduction:  The Search for a Deep Fluid Signature in Subducted Continental Crust Using Coupled O, B, and Fe Isotopes",Albion College
1824114,2018-09-05,369439,Standard Grant,"The earthquake cycle and the evolution of fault friction at Kilauea Volcano, Hawaii",University of Hawaii
1827176,2018-09-05,425829,Standard Grant,MRI: Acquisition of a Scanning Electron Microscope with EDS and EBSD Capabilities to Enhance Teaching and Research at Indiana University of Pennsylvania,Indiana University of Pennsylvania Research Institute
1827311,2018-09-05,255134,Standard Grant,MRI: Acquisition of an X-Ray Fluorescence (XRF) Vacuum Spectrometer,Franklin and Marshall College
1827460,2018-09-05,512231,Standard Grant,MRI: Acquisition of a Thermal Ionization Mass Spectrometer for Studies of the Formation and Evolution of the Solid Earth,Carnegie Institution of Washington
1827628,2018-09-05,144158,Standard Grant,MRI: Acquisition of X-Ray Diffraction Instrumentation for Mineralogical Research,San Jose State University Foundation
1827966,2018-09-05,437589,Standard Grant,MRI: Acquisition of a Variable Pressure Scanning Electron Microscope at Carleton College,Carleton College
1828314,2018-09-05,118947,Standard Grant,MRI:  Acquisition of a gamma-ray spectrometer for surface-process and ocean research,University of California-San Diego Scripps Inst of Oceanography
1841568,2018-09-05,300000,Standard Grant,EAGER SitS: Emergent Properties during Soil Formation,Pennsylvania State Univ University Park
1841614,2018-09-05,738562,Standard Grant,"RAISE-SitS: Designing models to forecast how biogeochemical fluctuations in soil systems govern soil development, terrestrial water storage and ecosystem nutrient fluxes",University of Kansas Center for Research Inc
1841641,2018-09-05,296326,Standard Grant,"EAGER SitS: Studying soil biotic and abiotic processes through continuous, high-precision monitoring of soil CO2 an O2 concentrations",University of Texas at Austin
1848651,2018-09-05,56529,Continuing Grant,Rheology of Nanocrystalline Materials: Clarifying the Sliding Mechanism of Earthquakes,University of California-San Diego
1826921,2018-09-07,880722,Standard Grant,MRI: Acquisition of a Noble Gas Multi-Collector Mass Spectrometer for Geochronology and Geochemistry Research,University of Arizona
1850667,2018-09-10,379821,Standard Grant,Collaborative Research: Geophysical characterization of a karst aquifer using dynamic recharge events,Wheaton College
1813237,2018-09-11,497714,Continuing Grant,Collaborative Research: Banded Together: Modern water-microbe-mineral feedbacks in the deep Archean lithosphere,Lehigh University
1813526,2018-09-11,1976370,Continuing Grant,Collaborative research: Banded together: modern water-microbe-mineral feedbacks in the deep Archean lithosphere,University of Minnesota-Twin Cities
1822336,2018-09-11,571690,Standard Grant,Collaborative Proposal: Web-based Geo-Visualization and Laboratory Integration with the Magnetics Information Consortium,University of California-San Diego Scripps Inst of Oceanography
1822351,2018-09-11,715556,Standard Grant,Collaborative Proposal: Web-based Geo-Visualization and Laboratory Integration with the Magnetics Information Consortium,Oregon State University
1824538,2018-09-11,437582,Continuing Grant,"Collaborative Research: Linking sediment dispersal, stratal architecture, and tectonic subsidence mechanisms in the Late Cretaceous Cordilleran Foreland Basin",University of Houston
1824550,2018-09-11,356744,Continuing Grant,"Collaborative Research: Linking sediment dispersal, stratal architecture, and tectonic subsidence mechanisms in the Late Cretaceous Cordilleran Foreland Basin",University of Alaska Anchorage Campus
1824557,2018-09-11,194114,Continuing Grant,"Collaborative Research: Linking sediment dispersal, stratal architecture, and tectonic subsidence mechanisms in the Late Cretaceous Cordilleran Foreland Basin",New Mexico Institute of Mining and Technology
1828096,2018-09-11,499900,Standard Grant,RCN: A Research Coordination Network for the SZ4D Initiative,University of Washington
1724794,2018-09-17,1,Cooperative Agreement,Enabling Discoveries in Multiscale Earth System Dynamics: Geodetic Facility for the Advancement of Geoscience (GAGE),EARTHSCOPE CONSORTIUM INC.
1851159,2018-09-17,59326056,Cooperative Agreement,Enabling Discoveries in Multiscale Earth System Dynamics: Geodetic Facility for the Advancement of Geoscience (GAGE) - EAR Scope,EARTHSCOPE CONSORTIUM INC.
1851169,2018-09-17,763842,Cooperative Agreement,Enabling Discoveries in Multiscale Earth System Dynamics: Geodetic Facility for the Advancement of Geoscience (GAGE)-NASA Scope,EARTHSCOPE CONSORTIUM INC.
1724509,2018-09-19,1,Cooperative Agreement,Enabling Discoveries in Multiscale Earth System Dynamics: Seismological Facility for the Advancement of GEoscience (SAGE),EARTHSCOPE CONSORTIUM INC.
1851037,2018-09-19,4163233,Cooperative Agreement,Enabling Discoveries in Multiscale Earth System Dynamics: Seismological Facility for the Advancement of Geoscience (SAGE) - OPP Scope,EARTHSCOPE CONSORTIUM INC.
1851048,2018-09-19,89509504,Cooperative Agreement,Enabling Discoveries in Multiscale Earth System Dynamics: Seismological Facility for the Advancement of Geoscience (SAGE) - EAR Scope,EARTHSCOPE CONSORTIUM INC.
1851163,2018-09-20,5755217,Cooperative Agreement,Enabling Discoveries in Multiscale Earth System Dynamics: Geodetic Facility for the Advancement of Geoscience (GAGE) - OPP Scope,EARTHSCOPE CONSORTIUM INC.
1831766,2018-10-24,216504,Standard Grant,Acquisition of a laser-ablation system for trace element mapping and large-N geochronology by inductively-coupled-plasma mass spectrometry (ICP-MS),Johns Hopkins University
1855912,2018-10-24,256854,Standard Grant,Collaborative Research: Sustainability in the Food-Energy-Water nexus; integrated hydrologic modeling of tradeoffs between food and hydropower in large scale Chinese and US basins,University of Arizona
1811737,2018-10-31,1000951,Continuing Grant,Community Facility Support: Partial Support of the International Seismological Centre,International Seismological Centre
1903897,2018-10-31,125523,Standard Grant,Collaborative Research: Quantifying the Sensitivity of Rifting Processes to Erosion and Sedimentation,Boston College
1901787,2018-11-08,49945,Standard Grant,RAPID: Draining the landscape: Will the drop in stream and groundwater levels following dam removal increase the leaching/leakage of nitrogen (N) from riparian zones?,University of Delaware
1901818,2018-11-30,12000,Standard Grant,RAPID: Collaborative Research: Sediment and Contaminant Mobilization by Extreme Flooding Associated with Hurricane Florence,Coastal Carolina University
1902126,2018-11-30,7850,Standard Grant,RAPID: Collaborative Research: Sediment and Contaminant Mobilization by Extreme Flooding associated with Hurricane Florence,Northeastern University
1904470,2018-11-30,10100,Standard Grant,RAPID: Collaborative Research: Marsh Sedimentation due to Hurricanes Florence and Michael Flooding Event in SC,Trustees of Boston University
1904496,2018-11-30,12176,Standard Grant,RAPID: Collaborative Research: Marsh Sedimentation due to Hurricanes Florence and Michael Flooding Event in SC,College of William & Mary Virginia Institute of Marine Science
1839929,2018-12-07,194617,Standard Grant,NSF BSF: The Effect of Spanwise Landscape Heterogeneities on the Hydrological Cycle in the Atmospheric Boundary Layer,University of Texas at Dallas
1849760,2018-12-13,194606,Interagency Agreement,Larson: Watershed storage controls; and Scanlon: GRACE Changes in Groundwater Storage,John Wesley Powell Center
1845605,2018-12-17,500862,Standard Grant,CAREER: What Governs Salt Mobilization and Transport in Upland Semi-Arid Catchments?,Colorado State University
1855453,2018-12-18,49982,Standard Grant,RAPID: Acquisition of Critical Data for the Validation of Watershed Response Models in Eastern North Carolina,East Carolina University
1902385,2018-12-18,45039,Standard Grant,RAPID: Are short-lived storm surge events the key sources of long-term saltwater intrusion in coastal aquifers impacted by tropical cyclone activity?,East Carolina University
1839148,2018-12-20,299940,Continuing Grant,NSF-BSF: Quantifying climate-dependent subcritical cracking and mechanical weathering over geologic time,University of North Carolina at Charlotte
1848321,2018-12-20,2000000,Continuing Grant,"CAREER: Quantifying the controls of wildfire, climate, and tectonics on the transition between soil-mantled and bedrock hillslopes",Pennsylvania State Univ University Park
1854564,2018-12-20,407830,Continuing Grant,Impact of vegetation geometry and distribution on bedload transport,Massachusetts Institute of Technology
1855241,2018-12-20,73255,Standard Grant,"RAPID: Microbial cycling of Iron and Sulfur in Spring Creek Reservoir, Iron Mountain Mine",University of California-Davis
1911629,2019-01-28,94176,Continuing Grant,Response of tremor and slow slip to tidal stress: Constraints on fault friction and weakening,University of Southern California
1915209,2019-01-29,8500,Standard Grant,"Student support for 2019 GSA Thompson Field Forum in Grand Canyon; September 14-21, 2019",University of New Mexico
1846855,2019-01-30,470000,Continuing Grant,CAREER: Towards Forecasting Watershed Organic Carbon Fluxes across Flow Regimes and Ecoregions,Michigan State University
1820815,2019-01-31,310000,Continuing Grant,New approaches to shear wave splitting tomography,Yale University
1854696,2019-01-31,50000,Continuing Grant,"EAGER - Testing a new approach to shed light on the dolomite problem - an investigation using the isotopes of Magnesium, Calcium and Strontium.",University of California-Santa Cruz
1836852,2019-02-01,415077,Standard Grant,Spin transition in germanate perovskite and post-perovskite at high pressure,Princeton University
1840988,2019-02-01,28000,Standard Grant,"International Workshop on Numerical Modeling of Earthquake Motions: Waves and Ruptures, Smolenice, Slovakia June 30-July 4, 2019",Stanford University
1848633,2019-02-01,230620,Continuing Grant,"Collaborative Research: From rock to regolith to rivers: weathering, grain size, and controls on soil production and fluvial incision",Tulane University
1848637,2019-02-01,292353,Continuing Grant,"Collaborative Research: From rock to regolith to rivers: weathering, grain size, and controls on soil production and fluvial incision",University of California-San Diego Scripps Inst of Oceanography
1853196,2019-02-01,670000,Continuing Grant,Phase V: Development of the Core Fluid Dynamics Laboratory at UCLA,University of California-Los Angeles
1853521,2019-02-01,435217,Standard Grant,Superdeep Diamonds from the Transition Zone and Lower Mantle,Northwestern University
1854550,2019-02-01,542156,Standard Grant,Testing the Refugia Hypothesis in Southeast Alaska Using Paleogenetics and Glacial Chronology,SUNY at Buffalo
1906305,2019-02-01,60001,Standard Grant,Novel determination method of geochemical response time for volcanic activity monitoring,University of Chicago
1907558,2019-02-01,49650,Standard Grant,"2019 Catchment Science in the Age of Big Data GRC/GRS, Andover, NH, June 23-28, 2019",Gordon Research Conferences
1916642,2019-02-01,217803,Standard Grant,"Collaborative Research: Testing Models of Calcite Microcrystal Diagenesis Through Experiments, Geochemistry, and Advanced Imaging",University of Kansas Center for Research Inc
1917336,2019-02-01,113902,Standard Grant,Collaborative Research: Paleoecology of Jurassic Terrestrial Landscapes,Temple University
1855014,2019-02-05,79585,Standard Grant,RUI: Collaborative Proposal: Using Organic Carbon Isotopes of Single Microfossils to Illuminate Proterozoic Eukaryotic Ecosystems,Williams College
1855018,2019-02-05,59212,Standard Grant,Collaborative Proposal: Using Organic Carbon Isotopes of Single Microfossils to Illuminate Proterozoic Eukaryotic Ecosystems,Syracuse University
1855092,2019-02-05,277038,Standard Grant,Collaborative Proposal: Using Organic Carbon Isotopes of Single Microfossils to Illuminate Proterozoic Eukaryotic Ecosystems,University of California-Santa Barbara
1847689,2019-02-06,500000,Continuing Grant,CAREER: Fundamental Controls of Transport Attributes from Porous Media Microstructure,University of California-Davis
1848013,2019-02-06,530932,Continuing Grant,CAREER: Refining zircon (U-Th)/He deep-time thermochronology for constraining Neoproterozoic thermal histories,University of Illinois at Urbana-Champaign
1848420,2019-02-06,580367,Continuing Grant,CAREER: Experimental investigation of deformation and slip behaviors of subduction megathrust rocks,Texas A&M University
1852794,2019-02-06,447373,Continuing Grant,NSF-BSF: Monitoring bedload transport: Advancing seismic and acoustic surrogate methods in ephemeral channels,New Mexico Institute of Mining and Technology
1848380,2019-02-08,512045,Continuing Grant,CAREER: Experimental Investigation of Viscous Anisotropy of Foliated Rocks: Implications to the Strength of the Mid to Lower Continental Crust,University of Akron
1848667,2019-02-08,317946,Continuing Grant,Collaborative Research: Predicting post-wildfire sedimentation of reservoirs: probabilistic modeling of debris flow generation and downstream sediment routing,Utah State University
1848672,2019-02-08,162087,Continuing Grant,Collaborative Research: Predicting post-wildfire sedimentation of reservoirs: probabilistic modeling of debris flow generation and downstream sediment routing,Virginia Polytechnic Institute and State University
1914598,2019-02-08,38884,Standard Grant,RAPID: The role of vegetation-moderated longwave radiation on the spatiotemporal distribution of snow during accumulation and ablation in mountain terrain,Boise State University
1845258,2019-02-11,577485,Continuing Grant,CAREER: Partitioning of Rare Earth Elements (REE) Between Minerals and Aqueous Fluids in Ore Deposits,Colorado School of Mines
1854371,2019-02-11,135322,Continuing Grant,Collaborative Research: From Surface Dynamics to Strata: Quantifying the Signals of Surface Processes in Space and Time,Montclair State University
1854452,2019-02-11,148506,Continuing Grant,Collaborative Research: From Surface Dynamics to Strata: Quantifying the Signals of Surface Processes in Space and Time,The University of Central Florida Board of Trustees
1854490,2019-02-11,133514,Continuing Grant,Collaborative Research: From Surface Dynamics to Strata: Quantifying the Signals of Surface Processes in Space and Time,University of Connecticut
1855209,2019-02-11,75459,Continuing Grant,Collaborative Research: From Surface Dynamics to Strata: Quantifying the Signals of Surface Processes in Space and Time,University of New Mexico
1921191,2019-02-11,289218,Continuing Grant,Extending the vadose zone: characterizing the role of snow for liquid water storage and transmission in streamflow generation,University of New Mexico
1841153,2019-02-13,144406,Standard Grant,Acquisition of NMR and SIP instrumentation to support research and training of students from under-represented groups in near surface geophysics,Rutgers University Newark
1847331,2019-02-13,629747,Continuing Grant,CAREER: The role of small wetland connectivity in controlling greenhouse gas emissions and downstream carbon fluxes from headwater tropical streams,University of North Carolina at Chapel Hill
1848327,2019-02-13,568310,Continuing Grant,CAREER: Unfolding Earth history back to the Mesozoic by incorporating seismic tomography into Pacific realm plate tectonic reconstructions,University of Houston
1912713,2019-02-13,24525,Standard Grant,"Himalaya-Karakoram-Tibet Workshop at Montana State University,  Bozeman, MT, June 2-9, 2019",Montana State University
1917368,2019-02-13,6116,Standard Grant,RAPID: Collaborative Research: Subduction zone imaging following the 2018 Anchorage earthquake,South Dakota School of Mines and Technology
1917446,2019-02-13,8540,Standard Grant,RAPID: Collaborative Research: Subduction zone imaging following the 2018 Anchorage earthquake,University of Utah
1917482,2019-02-13,31833,Standard Grant,RAPID: Collaborative Research: Subduction zone imaging following the 2018 Anchorage earthquake,University of Alaska Fairbanks Campus
1842065,2019-02-14,252580,Standard Grant,"Collaborative Research: Uplift or climate change? Determining the primary driver of deep canyon incision in the eastern cordillera, southern Peru",Arizona State University
1842172,2019-02-14,271061,Standard Grant,"Collaborative Research: Uplift or climate change? Determining the primary driver of deep canyon incision in the eastern cordillera, southern Peru",University of Pittsburgh
1839322,2019-02-15,220320,Continuing Grant,Autocorrelation of Seismic Ambient Noise and P-wave Coda for Crustal Structure,Purdue University
1841371,2019-02-15,227215,Continuing Grant,Dynamics of 3-Dimensional Deformation at the Mendocino Triple Junction Across Timescales,University of California-Berkeley
1853853,2019-02-15,335174,Continuing Grant,Collaborative Research: NSFGEO-NERC: Aeolian dust responses to regional ecosystem change,New Mexico State University
1916527,2019-02-15,13749,Standard Grant,Leveraging Distributed Research Networks to Understand Watershed Systems,Colorado State University
1917681,2019-02-15,37498,Standard Grant,RAPID: Collaborative Research: Carbon Cycling in Subsurface Hypersaline Environments Near the Abiotic Fringe,Princeton University
1917682,2019-02-15,36001,Standard Grant,RAPID: Collaborative Research: Carbon Cycling in Subsurface Hypersaline Environments Near the Abiotic Fringe,New Mexico Institute of Mining and Technology
1801017,2019-02-19,96747,Standard Grant,"Acquisition of a gas chromatograph-mass spectrometer system at Department of Earth, Environmental and Planetary Sciences, Brown University",Brown University
1826807,2019-02-19,286229,Standard Grant,Acquisition of an Inductively Coupled Plasma Mass Spectrometer for Collaborative Research in Geochemistry,Chico State Enterprises
1848145,2019-02-19,617419,Continuing Grant,CAREER: A comparative study of two trilobite diversification events to advance understanding of early animal evolution.,American Museum Natural History
1848240,2019-02-19,104884,Standard Grant,Upgrade of an ICP-Optical Emission Spectrometer for use in Undergraduate Research in Geosciences at the University of Houston-Downtown,University of Houston - Downtown
1848993,2019-02-19,281542,Continuing Grant,Collaborative research:An Experimental Investigation of Morphodynamic Coupling between River Deltas and Marshes,University of Arkansas
1848994,2019-02-19,134515,Continuing Grant,Collaborative Research: Experimental Investigation of Morphodynamic Coupling between River Deltas and Marshes,Tulane University
1848577,2019-02-20,571796,Continuing Grant,CAREER: Coupling post-fire vegetation and volumetric sediment regimes in urban Mediterranean systems,San Diego State University Foundation
1838376,2019-02-21,204007,Standard Grant,Collaborative Research: Full waveform inversion for P and S seismic structure beneath Tibet,University of Missouri-Columbia
1838444,2019-02-21,244471,Standard Grant,Collaborative Research: Full waveform inversion for P and S seismic structure beneath Tibet,University of Texas at Austin
1847042,2019-02-21,631000,Continuing Grant,CAREER:Exploring the early Earth with high-resolution paleomagnetism,Harvard University
1848547,2019-02-21,658139,Continuing Grant,CAREER: Re-evaluating the evolution of the southern San Andreas Fault along its restraining bend from  Holocene to Mid-Quaternary timescales via 36Cl/10Be burial and cosmogenic...,San Jose State University Foundation
1924710,2019-02-21,12000,Standard Grant,Perturbations of Earth Surface Dynamics Caused by Extreme Events,Colorado State University
1848153,2019-02-22,496492,Continuing Grant,CAREER: Understanding chemical weathering using lithium and potassium isotopes,University of North Carolina at Chapel Hill
1848166,2019-02-22,493920,Continuing Grant,CAREER:Potential of fiber acoustic sensing in the next-generation seismic networks,California Institute of Technology
1832109,2019-02-25,978686,Continuing Grant,Collaborative Research: Community Facility Support: Centers for Transformative Environmental Monitoring Programs (CTEMPs),"Board of Regents, NSHE, obo University of Nevada, Reno"
1832170,2019-02-25,1249869,Continuing Grant,Collaborative Research: Community Facility Support: Centers for Transformative Environmental Monitoring Programs (CTEMPs),Oregon State University
1850693,2019-02-25,287227,Standard Grant,Incredible India: High Resolution Proterozoic Paleogeography through integrated studies of mafic dykes,University of Florida
1848563,2019-02-26,729932,Continuing Grant,CAREER: The Fall of Mountains: Reconstructing Extensional Collapse in the North American Cordillera from the Surface Record,Regents of the University of Idaho
1847139,2019-03-01,611622,Continuing Grant,CAREER: Large-scale laboratory-generated earthquakes to study earthquake scaling and fluid-fault interactions.,Cornell University
1847736,2019-03-01,750000,Continuing Grant,"CAREER: Seismo-acoustic signatures of volcanic unrest and eruption: Local, regional, and remote",University of California-Santa Barbara
1850658,2019-03-01,100198,Standard Grant,RUI/Collaborative Research: The Rise of C4 Grasses in South America: Linking Grassland Transitions to the South American Summer Monsoon,Northeastern Illinois University
1853006,2019-03-01,305000,Standard Grant,From Cones to Clusters: Evolution of a Monogenetic Volcanic Field,Miami University
1853856,2019-03-01,375000,Continuing Grant,Global plate tectonics and mantle convection with damage memory,University of Texas at Austin
1853911,2019-03-01,275045,Standard Grant,"Global P, SV, and converted wave measurements for improved lower mantle P and S structure studies",Arizona State University
1854209,2019-03-01,214854,Standard Grant,RUI/Collaborative Research: The Rise of C4 Grasses in South America: Linking Grassland Transitions to the South American Summer Monsoon,North Carolina State University
1854404,2019-03-01,243067,Standard Grant,RUI/Collaborative Research: The Rise of C4 Grasses in South America: Linking Grassland Transitions to the South American Summer Monsoon,"The University Corporation, Northridge"
1848738,2019-03-04,291825,Standard Grant,Acquisition of a Multi-Sensor Core Logger for Syracuse University,Syracuse University
1927851,2019-03-05,77882,Continuing Grant,COLLABORATIVE RESEARCH:   Testing proposed rapid true polar wander in the Neoproterozoic Zavkhan Volcanics of Mongolia and the Banxi Group of South China,University of California-Santa Barbara
1836868,2019-03-08,146575,Standard Grant,Acquisition of High-Precision Water Isotope Analyzer for Arid-Zone Hydrology,Texas Tech University
1847612,2019-03-08,546410,Continuing Grant,CAREER: Deformational Evolution and Serpentinization of the Mantle Wedge Corner in Subduction Zones,University of Minnesota-Twin Cities
1847684,2019-03-08,557226,Continuing Grant,CAREER:Fractured Shales as Portals into Cryptic Carbon and Nitrogen Cycling in the Deep Biosphere,Colorado State University
1847707,2019-03-08,633284,Continuing Grant,"CAREER: Upper mantle anisotropy: the effect of pressure, temperature and hydration",University of New Mexico
1850634,2019-03-08,36637,Standard Grant,Collaborative Research: Constraining the thermal conditions of the subduction interface by integrating petrology and geodynamics,Carnegie Institution of Washington
1850683,2019-03-08,129336,Standard Grant,Collaborative Research: Constraining the Thermal Conditions of the Subduction Interface by Integrating Petrology and Geodynamics,University of Minnesota-Twin Cities
1850713,2019-03-08,99324,Standard Grant,Collaborative Research: Constraining the thermal conditions of the subduction interface by integrating petrology and geodynamics,Virginia Polytechnic Institute and State University
1850786,2019-03-08,130994,Standard Grant,Collaborative Research: Constraining the thermal conditions of the subduction interface by integrating petrology and geodynamics,"University of Maryland, College Park"
1852339,2019-03-08,660644,Continuing Grant,REU Site: IRIS Undergraduate Summer Research in Seismology,EARTHSCOPE CONSORTIUM INC.
1903718,2019-03-08,54240,Standard Grant,"The Binghamton Geomorphology Symposium: 50 years of Enhancing Geomorphology; Denver, CO; October 2019",Metropolitan State University of Denver
1903904,2019-03-08,7000,Standard Grant,"Symposium (workshop) on the Application of Mechanics to Geophysics: San Diego, CA, June 2019",University of California-San Diego
1917396,2019-03-08,11138,Standard Grant,Collaborative Research: RAPID Geodetic Field Response to the 2018 Magnitude 7 Anchorage Earthquake,Purdue University
1917435,2019-03-08,15027,Standard Grant,Collaborative Research: RAPID Geodetic Field Response to the 2018 Magnitude 7 Anchorage Earthquake,Michigan State University
1830976,2019-03-12,334753,Continuing Grant,The Volcano Acoustic Source:  Decoupling Crater Modulation From Infrasound Signal,Boise State University
1839128,2019-03-12,363064,Continuing Grant,Halogen Budget of Subducted Eclogites: The In-situ Perspective,Woods Hole Oceanographic Institution
1920425,2019-03-13,306357,Continuing Grant,CAREER: Refining forest management strategies to maximize hydrologic gains from snow dominated watersheds,University of Alabama Tuscaloosa
1836032,2019-03-14,139795,Standard Grant,Testing the Slab Connection: A Beryllium Isotope Tracer Study in the Trans-Mexican Volcanic Belt,Columbia University
1839230,2019-03-14,373112,Continuing Grant,Collaborative Research: Elucidating the Role of Titanomagnetite in Vesiculation of Silicic Magmas,University of Hawaii
1839313,2019-03-14,113225,Standard Grant,Collaborative Research: Elucidating the Role of Titanomagnetite in Vesiculation of Silicic Magmas,Montclair State University
1849700,2019-03-14,392618,Continuing Grant,Mantle volatiles and attenuation in the East African Rift,University of California-Riverside
1851684,2019-03-19,281667,Standard Grant,Collaborative Research:  Investigating Iron Isotope Fractionation during Partial Melting,Indiana University
1851736,2019-03-19,81395,Standard Grant,Collaborative Research:  Investigating Iron Isotope Fractionation during Partial Melting,Carnegie Institution of Washington
1852754,2019-03-19,448328,Standard Grant,Collaborative Research: Manganese(III)-driven carbon oxidation at oxic-anoxic interfaces,University of Massachusetts Amherst
1852759,2019-03-19,57999,Standard Grant,Collaborative Research: Manganese(III)-driven carbon oxidation at oxic-anoxic interfaces,Old Dominion University Research Foundation
1852263,2019-03-20,56852,Standard Grant,"REU Site: Collaborative Research: Water Resources and Quality in the Riviera Maya, Mexico",Northeastern Illinois University
1852290,2019-03-20,395083,Continuing Grant,"REU Site: Collaborative Research: Water Resources and Quality in the Riviera Maya, Mexico",Northern Illinois University
1836768,2019-03-22,425000,Continuing Grant,Assessment of predictions of hydrologic function based on aquatic DNA fragments,Oregon State University
1919714,2019-03-22,84669,Standard Grant,EAGER: Investigating the possibility of low temperature (<700 C) melt in silicic igneous systems,University of Illinois at Urbana-Champaign
1852610,2019-03-26,420830,Continuing Grant,Collaborative Research: Melange-peridotite Interactions in the Source of Arc Magmas,Woods Hole Oceanographic Institution
1852680,2019-03-26,79579,Standard Grant,Collaborative Research: Melange-peridotite Interactions In The Source of Arc Magmas,Boston College
1929792,2019-03-26,264563,Continuing Grant,CAREER: Advancing the science and education of land surface-atmosphere interactions: Interweaving multiscale experimental and modeling approaches for  Land Surface Models,University of Texas at Arlington
1834696,2019-03-27,245382,Standard Grant,Frictional strength evolution and earthquake nucleation,Tufts University
1928669,2019-03-27,80813,Standard Grant,Recognizing Signatures of Slow Slip in Plate Boundary Observatory Borehole Pore Pressure Data,Cornell University
1855223,2019-03-28,174000,Continuing Grant,EAR-PF: Numerical Modeling Perspectives on Zircon Petrochronology,"Andersen, Nathan Lee"
1853388,2019-03-29,458000,Standard Grant,Crystal Buoyancy in the Deep Magma Ocean,University of California-Los Angeles
1929991,2019-03-29,2348026,Continuing Grant,NSF-NERC: Thwaites-Amundsen Regional Survey and Network (TARSAN) Integrating Atmosphere-Ice-Ocean Processes affecting the Sub-Ice-Shelf Environment,Oregon State University
1834930,2019-03-31,87093,Standard Grant,"Collaborative Research: Measurement of Copper Speciation in Basaltic Glasses using X-ray Absorption Spectroscopy, a New Window on Metal Solubility and Transport in Magmatic Systems",University of Chicago
1834939,2019-03-31,94273,Standard Grant,"Collaborative Research: Measurement of Copper Speciation in Basaltic Glasses using X-ray Absorption Spectroscopy, a New Window on Metal Solubility and Transport in Magmatic Systems",Northeastern Illinois University
1834941,2019-03-31,98855,Standard Grant,"Collaborative Research: Measurement of Copper Speciation in Basaltic Glasses using X-ray Absorption Spectroscopy, a New Window on Metal Solubility and Transport in Magmatic Systems",University of Tennessee Knoxville
1834959,2019-03-31,81446,Standard Grant,"Collaborative Research: Measurement of Copper Speciation in Basaltic Glasses using X-ray Absorption Spectroscopy, a New Window on Metal Solubility and Transport in Magmatic Systems",University of Oregon Eugene
1828817,2019-04-02,678531,Continuing Grant,Collaborative Research: Geomagnetic field strength and stability between 500 and 800 Ma: Constraining inner core growth,University of Rochester
1828825,2019-04-02,307000,Continuing Grant,Collaborative Research: Geomagnetic field strength and stability between 500 and 800 Ma: Constraining inner core growth,Lehigh University
1828866,2019-04-02,271994,Continuing Grant,Collaborative Research: Geomagnetic field strength and stability between 500 and 800 Ma: Constraining inner core growth,Michigan Technological University
1840742,2019-04-02,399934,Standard Grant,Quantification of the Impacts of Urban Areas on Heavy Rainfall and Flooding from North Atlantic Tropical Cyclones,University of Iowa
1850015,2019-04-02,167804,Standard Grant,Collaborative Research: Cross-Validation of Empirical and Physics-based ground motion predictions,Harvard University
1852273,2019-04-02,257931,Standard Grant,"REU Site: Creating research pathways and enhancing diversity through the study of Earth's interior, surface, and climate",Brown University
1852506,2019-04-02,359984,Continuing Grant,REU Site: Changing Dynamics of Hydrological Systems in Urban Areas: Response To Human Disturbance and Climate Change,California State L A University Auxiliary Services Inc.
1852564,2019-04-02,398362,Continuing Grant,REU Site: Sustainable Groundwater Resources,San Francisco State University
1852816,2019-04-02,168576,Standard Grant,Collaborative Research: Cross-Validation of Empirical and Physics-based ground motion predictions,San Diego State University Foundation
1904527,2019-04-02,499698,Standard Grant,CZ RCN: Expanding knowledge of the Earth's Critical Zone: connecting data to models,Colorado School of Mines
1923271,2019-04-04,25000,Standard Grant,Early Career Scholar Support for Topical Conference on Electron-Probe Microanalysis  (Quantitative Microanalysis 2019),University of Minnesota-Twin Cities
1928724,2019-04-05,35000,Standard Grant,"12th International Precipitation Conference (IPC12)-Precipitation estimation and prediction at local, regional and global scales: Advances in hydroclimatology and impact studies",University of California-Irvine
1927092,2019-04-08,25000,Standard Grant,Advancing U.S. Quaternary Science by Supporting Early Career Scientists: 2019 INQUA Congress Travel Fellowship Program,National Academy of Sciences
1916698,2019-04-10,91191,Standard Grant,Collaborative Research: Did the Formation of the Great Unconformity Trigger Oxygenation and the Cambrian Explosion?,University of California-Santa Barbara
1929725,2019-04-10,76432,Standard Grant,Assessing the role of methanogens in driving Earth's oxygenation using Nickle isotopes,Northern Arizona University
1854875,2019-04-11,174000,Continuing Grant,EAR-PF: Light- and Iron-Mediated Oxidation Mechanisms of Organic Matter,"Joe-Wong, Claresta Michelle"
1855193,2019-04-11,174000,Standard Grant,EAR-PF Subsurface Nitrous Oxide Emissions Along River Corridors: Analysis Across Spatial and Temporal Scales,"Wallace, Corey David"
1912709,2019-04-16,36537,Standard Grant,Developing the Lake Tanganyika Drilling Project,Brown University
1916614,2019-04-16,25000,Standard Grant,Santa Fe Conference on Rock Magnetism,University of Minnesota-Twin Cities
1832844,2019-04-18,420320,Standard Grant,Acquisition of an SEM with quantitative X-ray detectors to research Geology-Climate-Biology connections,Southern Methodist University
1855423,2019-04-18,452509,Continuing Grant,Collaborative Research:  Seismic attenuation and anelasticity in the upper mantle: the effect of continuous far-field dislocation creep,Columbia University
1855461,2019-04-18,128104,Standard Grant,Collaborative Research:  Seismic Attenuation and Anelasticity in the Upper Mantle: the Effect of Continuous Far-Field Dislocation Creep,University of Pennsylvania
1905259,2019-04-18,499121,Standard Grant,CZ RCN: Research Coordination in Carbonate Critical Zones,University of Florida
1854873,2019-04-22,174000,Continuing Grant,EAR-PF: Clumped and Triple Oxygen Isotopes of Terrestrial Carbonates: New Tools to Estimate Aridity and Precipitation in California During Past Greenhouse Climates,"Kelson, Julia Rae"
1855281,2019-04-22,174000,Standard Grant,EAR-PF: Biomass burning in the terrestrial Arctic during past warm periods: New insights from organic biomarkers in Lake El'gygytgyn (Siberia),"Daniels, William C"
1901801,2019-04-22,269841,Standard Grant,CSEDI Collaborative Research: Electrical and Thermal Transport in Iron and Iron Alloys at Core Conditions and its Effects on the Geodynamo and Thermal Earth History,University of Texas at Austin
1901813,2019-04-22,637194,Continuing Grant,CSEDI Collaborative Research: Electrical and Thermal Transport in Iron and Iron Alloys at Core Conditions and its Effects on the Geodynamo and Thermal Earth History,Carnegie Institution of Washington
1918478,2019-04-22,48000,Standard Grant,2019 Interior of the Earth GRC/GRS,Gordon Research Conferences
1931152,2019-04-22,29790,Standard Grant,2019 Geochronology Gordon Research Conference,Gordon Research Conferences
1849386,2019-04-25,250869,Continuing Grant,Collaborative Research: Midwest Low KV Collaboration: Continuation of Development of Low KV High Spatial Resolution EPMA Technique to Sub-micron Geological Features,University of Wisconsin-Madison
1849465,2019-04-25,99541,Continuing Grant,Collaborative Research: Midwest Low KV Collaboration: Continuation of Development of Low KV High Spatial Resolution EPMA Technique to Sub-micron Geological Features,University of Minnesota-Twin Cities
1846777,2019-04-26,749872,Continuing Grant,CAREER: Determining Distinct Triggers of Mass Extinction and Diversification in Fishes,University of Pennsylvania
1900633,2019-04-26,448071,Standard Grant,CSEDI Collaborative Research: Deciphering the LLSVP-plume relationship,University of California-Los Angeles
1900652,2019-04-26,98714,Standard Grant,CSEDI Collaborative Research: Deciphering the LLSVP-plume relationship,University of California-Santa Barbara
1833632,2019-04-29,61776,Standard Grant,Collaborative Proposal: Community Facility Support for OpenTopography -- a Cyberinfrastructure Facility for Topographic Data and Services,Arizona State University
1833643,2019-04-29,100416,Standard Grant,Collaborative Proposal: Community Facility Support for OpenTopography -- a Cyberinfrastructure Facility for Topographic Data and Services,"UNAVCO, Inc."
1833703,2019-04-29,385247,Standard Grant,Collaborative Proposal: Community Facility Support for OpenTopography -- a Cyberinfrastructure Facility for Topographic Data and Services,University of California-San Diego
1836304,2019-04-29,171835,Standard Grant,"Development of Multi-Channel Ultrasound Recording System for a High-Pressure, High-Temperature Rock Deformation Apparatus",Massachusetts Institute of Technology
1832462,2019-05-02,340000,Continuing Grant,NSFGEO-NERC Proposal: Integrated Experimental and Dynamical Modeling of Top-down Crystallization in Terrestrial Cores: Implications for Core Cooling in the Earth,University of California-San Diego Scripps Inst of Oceanography
1841790,2019-05-02,290000,Standard Grant,Fe3+/FeT Ratios in Amphiboles - A New Tool for Understanding the Redox State of Arc Magmas,California Institute of Technology
1849963,2019-05-02,287046,Standard Grant,"Collaborative Research: Testing Models for Early Paleozoic Deposition, Volcanism, and Biotas of Sibumasu: Implications for Tectonics and Paleogeography",University of California-Riverside
1849968,2019-05-02,164341,Standard Grant,"Collaborative Research: Testing Models for Early Paleozoic Deposition, Volcanism, and Biotas of Sibumasu: Implications for Tectonics and Paleogeography",Colorado College
1850005,2019-05-02,217951,Standard Grant,"Collaborative Research: Testing Models for Early Paleozoic Deposition, Volcanism, and Biotas of Sibumasu: Implications for Tectonics and Paleogeography",Princeton University
1852651,2019-05-02,293482,Standard Grant,Collaborative Research: The dynamic iron curtain surrounding fluctuating rivers and its impacts on arsenic fate and transport,Kansas State University
1852652,2019-05-02,302664,Standard Grant,Collaborative Research: The dynamic iron curtain surrounding fluctuating rivers and its impacts on arsenic fate and transport,Texas A&M University
1852653,2019-05-02,253840,Standard Grant,Collaborative Research: The dynamic iron curtain surrounding fluctuating rivers and its impacts on arsenic fate and transport,University of Texas at Austin
1853496,2019-05-02,123046,Standard Grant,RUI: Collaborative Research: What are the Mechanisms and Timescales of Contact Metamorphism in Long-lived Magmatic and Hydrothermal Systems?,Utah Valley University
1853806,2019-05-02,204505,Continuing Grant,Collaborative Research: What are the Mechanisms and Timescales of Contact Metamorphism in Long-lived Magmatic and Hydrothermal Systems?,University of Utah
1903727,2019-05-02,415175,Standard Grant,Cooperative Institute for Dynamic Earth Research,University of California-Berkeley
1930793,2019-05-02,32964,Standard Grant,Climatic Controls on Continental Erosion and Sediment Transport,Louisiana State University
1851976,2019-05-03,359169,Standard Grant,"REU Site: Dynamic Urban Environmental Systems and Sustainability in Newark, NJ",Rutgers University Newark
1832350,2019-05-09,259706,Standard Grant,Acquisition of an Isotope Ratio Mass Spectrometer for Clumped Isotope Analysis to Expand the Alabama Stable Isotope Laboratory,University of Alabama Tuscaloosa
1841273,2019-05-09,361286,Continuing Grant,Collaborative Research: The Southern San Andreas Fault Zone Experiment,University of California-San Diego Scripps Inst of Oceanography
1841315,2019-05-09,267333,Continuing Grant,Collaborative Research: The Southern San Andreas Fault Zone Experiment,University of Southern California
1848554,2019-05-09,599951,Continuing Grant,CAREER: Long-term Controls on Short-term Patterns of Magmatism: Towards a Unified Framework for Crustal Magma Transport,University of Oregon Eugene
1850749,2019-05-09,350099,Standard Grant,Sequestration of Halogens in the Sub-continental Lithospheric Mantle: Implications for Global Element Cycling,University of Texas at Austin
1853296,2019-05-09,134910,Standard Grant,Asthenospheric melting and melt-induced evolution of the lithosphere beneath the Colorado Plateau and the Basin and Range from a seismic characterization of mantle layering,Columbia University
1854070,2019-05-09,233131,Standard Grant,How Do Volcanoes Work: Reconciling the Cold and Warm Storage Models,Arizona State University
1855751,2019-05-09,383346,Standard Grant,"The Origin of Voluminous, Hydrous, High-SiO2 Rhyolites at Long Valley, CA: High-resolution Numerical Thermal Models and Dynamic, Hydrous Experiments",Regents of the University of Michigan - Ann Arbor
1917500,2019-05-09,294641,Continuing Grant,Probing the transient rheology of accretionary prisms and megathrust earthquake hazard in the Indian Ocean basin,University of Iowa
1923865,2019-05-09,595689,Continuing Grant,Constraints from multiple low frequency data on the long wavelength density structure in the deep mantle,University of California-Berkeley
1855191,2019-05-13,174000,Continuing Grant,"EAR-PF: Abrupt climate change in the alpine: Glacial and ecological responses to the Younger Dryas climate oscillation in the Teton Range, Wyoming","Crump, Sarah E"
1903511,2019-05-13,151050,Standard Grant,Collaborative Research: Terrestrial hydrology during the last deglaciation,Rutgers University New Brunswick
1903518,2019-05-13,274132,Standard Grant,Collaborative Research: Terrestrial hydrology during the last deglaciation,Columbia University
1903606,2019-05-13,281160,Standard Grant,Collaborative Research: Terrestrial hydrology during the last deglaciation,University of Minnesota-Twin Cities
1844176,2019-05-14,274933,Standard Grant,Collaborative Research: An Inter-disciplinary Approach to Constraining Paleo-geomorphic Responses to the Eocene-Oligocene Hothouse to Icehouse Transition,University of Connecticut
1844180,2019-05-14,113454,Standard Grant,Collaborative Research: An Inter-disciplinary Approach to Constraining Paleo-geomorphic Responses to the Eocene-Oligocene Hothouse to Icehouse Transition,Villanova University
1844198,2019-05-14,150196,Standard Grant,Collaborative Research: An Inter-disciplinary Approach to Constraining Paleo-geomorphic Responses to the Eocene-Oligocene Hothouse to Icehouse Transition,Temple University
1847243,2019-05-14,530300,Continuing Grant,CAREER: Quantifying evolution of accessible mineral surface areas and pore connectivity for improved simulation of mineral reaction rates,Auburn University
1900583,2019-05-14,20000,Standard Grant,Clay Minerals Society Conference Support for U.S. Graduate Student Attendance at a Joint Meeting with European-clay Conference in 2019,Arizona State University
1920625,2019-05-14,331900,Standard Grant,Coevolution of Aeolian Landscapes and Soils,University of Wisconsin-Madison
1921790,2019-05-14,348957,Standard Grant,A mechanistic and predictive understanding of temporal variations in the onset of sediment motion,Regents of the University of Idaho
1916941,2019-05-15,415251,Continuing Grant,High Pressure-Temperature Single-Crystal Elasticity of the Lower-Mantle Bridgmanite,University of Texas at Austin
1915807,2019-05-17,237292,Standard Grant,Detecting and Inverting Magnetic Waves for the Structure and Dynamics of Earth's Core,University of California-Berkeley
1928395,2019-05-17,295167,Continuing Grant,Seismic Interferometry and Data Assimilation for Lithospheric Structure and Anisotropy Across Alaska,University of Colorado at Boulder
1849664,2019-05-20,73748,Standard Grant,RUI:Collaborative Research: Fluid flow metamorphism and strain localization in mid-crustal shear zones,Appalachian State University
1849812,2019-05-20,319973,Standard Grant,Collaborative Proposal: Fluid flow metamorphism and strain localization in mid-crustal shear zones,University of Louisiana at Lafayette
1916179,2019-05-20,282720,Standard Grant,Collaborative Research: Sediment Transport Mechanisms and Geomorphic Processes Associated with Shore Ice along Cold Climate Coastlines,University of Wisconsin-Madison
1916205,2019-05-20,237072,Standard Grant,Collaborative Research: Sediment Transport Mechanisms and Geomorphic Processes Associated with Shore Ice along Cold Climate Coastlines,University of Illinois at Urbana-Champaign
1849458,2019-05-21,12426434,Cooperative Agreement,"CUAHSI:  PROMOTING DISCOVERY IN WATER SCIENCE THROUGH DATA, MODELING, AND COMMUNITY SERVICES",Consortium of Universities for the Advancement of Hydrologic Sci
1935764,2019-05-23,35378,Standard Grant,EAGER: The Brittle and Extensional Origins of Structures on Silicic Lavas,West Virginia University Research Corporation
1852449,2019-05-24,366022,Standard Grant,"Collaborative Research: Experimental and Numerical Constraints on Density Evolution, Buoyancy Reversal, and Runout Distance in Pyroclastic Density Currents",University of Texas at Austin
1852471,2019-05-24,54074,Standard Grant,"Collaborative Research: Experimental and Numerical Constraints on Density Evolution, Buoyancy Reversal, and Runout Distance in Pyroclastic Density Currents",Smithsonian Institution
1852569,2019-05-24,260398,Standard Grant,"Collaborative Research: Experimental and Numerical Constraints on Density Evolution, Buoyancy Reversal, and Runout Distance in Pyroclastic Density Currents",University of Oregon Eugene
1853155,2019-05-24,167000,Standard Grant,Collaborative Research: Theoretical and Experimental Investigation of Grain Damage and the Formation of Plate Boundaries,Washington University
1853184,2019-05-24,273000,Continuing Grant,Collaborative Research: Theoretical and Experimental Investigation of Grain Damage and the Formation of Plate Boundaries,Yale University
1853662,2019-05-24,279688,Standard Grant,Collaborative Research: Seismic Imaging of Mid-Mantle Reflectors Associated with Geodynamical Processes and Compositional Heterogeneity,New Mexico State University
1855208,2019-05-24,174000,Standard Grant,EAR-PF: A new oxybarometer to quantify spatial and temporal scales of redox variation in subducting slabs,"Holycross, Megan Elizabeth"
1917536,2019-05-24,479008,Standard Grant,"Anticipating rates of deglaciation in Alaska: Controls on the mass loss and morphology of the debris covered terminus of Kennicott Glacier, Wrangell - St. Elias National Park",University of Alaska Fairbanks Campus
1918351,2019-05-24,319683,Standard Grant,"Collaborative Research:  Reading lithology from topography: How rock properties influence landscape form and evolution in the Guadalupe Mountains, TX and NM",University of Texas at Austin
1918459,2019-05-24,196600,Standard Grant,"Collaborative Research:  Reading lithology from topography: How rock properties influence landscape form and evolution in the Guadalupe Mountains, TX and NM",Tulane University
1924142,2019-05-24,369270,Standard Grant,Collaborative Research: Testing the hypothesis that iron oxide - copper - gold (IOCG) deposits and iron oxide - apatite (IOA) deposits evolve as parts of the same mineral system,Regents of the University of Michigan - Ann Arbor
1924177,2019-05-24,73662,Standard Grant,Collaborative Research: Testing the hypothesis that iron oxide - copper - gold (IOCG) deposits and iron oxide - apatite (IOA) deposits evolve as parts of the same mineral system,Juniata College
1903519,2019-05-28,51357,Standard Grant,Collaborative Research: Regional hydrologic and vegetation changes over the last 150 kyr in the Searles and Death Valley basins,SUNY College at Oswego
1903544,2019-05-28,219904,Standard Grant,Collaborative Research: Regional hydrologic and vegetation changes over the last 150 kyr in the Searles and Death Valley basins,Massachusetts Institute of Technology
1903659,2019-05-28,129970,Standard Grant,Collaborative Research: Regional hydrologic and vegetation changes over the last 150 kyr in the Searles and Death Valley basins,SUNY at Binghamton
1903665,2019-05-28,186252,Standard Grant,Collaborative Research: Regional hydrologic and vegetation changes over the last 150 kyr in the Searles and Death Valley basins,University of Southern California
1903750,2019-05-28,30526,Standard Grant,Collaborative Research: Regional hydrologic and vegetation changes over the last 150 kyr in the Searles and Death Valley basins,Keystone College
1855624,2019-05-30,544767,Standard Grant,CSEDI: Ultra-High Velocity Zones (UHVZs) at the core-mantle boundary,Arizona State University
1902400,2019-05-30,171902,Continuing Grant,CSEDI Collaborative Research: Joint seismic-geodynamic constraints on deep Earth structure - Implications for mantle convection and Earth rotation,University of Texas at Austin
1903108,2019-05-30,326167,Standard Grant,CSEDI Collaborative Research: Joint seismic-geodynamic constraints on deep Earth structure - Implications for mantle convection and Earth rotation,University of Florida
1926124,2019-05-30,294796,Standard Grant,Collaborative Research: Caught in the Act- The Petrology of Modern Lower-Crust Formation and Foundering in the North Andean Arc,University of Rochester
1926421,2019-05-30,157649,Standard Grant,Collaborative Research: Caught in the Act- The Petrology of Modern Lower-Crust Formation and Foundering in the North Andean Arc,Yale University
1934458,2019-06-10,208042,Continuing Grant,Collaborative research: Microscopic fracturing and macroscopic weakening: A novel model for bedrock fracturing by biotite weathering,University of Wisconsin-Madison
1916992,2019-06-11,99217,Standard Grant,Collaborative Research: From Loading to Rupture - how do fault geometry and material heterogeneity affect the earthquake cycle?,University of Oregon Eugene
1847392,2019-06-14,657383,Continuing Grant,CAREER: Merging geoscience research and education to investigate convergent margin deformation and improve spatio-temporal problem solving in STEM education,Texas A&M University
1850832,2019-06-14,172684,Standard Grant,Synmagmatic crustal thickening and the importance of garnet fractionation in making continental crust,William Marsh Rice University
1903345,2019-06-14,55585,Standard Grant,Collaborative Research: Constraining African Climate Since the Last Glacial Maximum via Integrated Climate and Proxy System Modeling,University of Colorado at Boulder
1903347,2019-06-14,260592,Standard Grant,Collaborative Research: Constraining African Climate since the Last Glacial Maximum via integrated Climate and Proxy System Modeling,William Marsh Rice University
1903348,2019-06-14,78509,Standard Grant,Collaborative Research: Constraining African Climate Since the Last Glacial Maximum via Integrated Climate and Proxy System Modeling,Brown University
1903852,2019-06-14,356983,Standard Grant,Triple Oxygen Isotope Investigation of Mantle Materials,University of New Mexico
1904262,2019-06-14,336726,Standard Grant,"Collaborative Research: TESPRESSO: Tectonic Encoding, Shredding, and PRopagation of Environmental Signals as Surface Observables",Lehigh University
1904268,2019-06-14,249903,Standard Grant,"Collaborative Research: TESPRESSO: Tectonic Encoding, Shredding, and PRopagation of Environmental Signals as Surface Observables",Tulane University
1904278,2019-06-14,166226,Standard Grant,"Collaborative Research: TESPRESSO: Tectonic Encoding, Shredding, and PRopagation of Environmental Signals as Surface Observables",Utah State University
1916970,2019-06-14,161572,Standard Grant,Collaborative Research: Linking slip dynamics to off-fault deformation in strike-slip fault systems,Iowa State University
1917048,2019-06-14,81707,Standard Grant,Collaborative Research: Linking slip dynamics to off-fault deformation in strike-slip fault systems,Carleton College
1918488,2019-06-14,257797,Standard Grant,Reevaluation of metamorphic garnet-based P-T paths and their tectonic implications,Boise State University
1927326,2019-06-14,245474,Standard Grant,Refining the bounds of Marine Isotope Stage 5a and 5c peak sea level: Insights from 3D modeling of glacial isostatic adjustment,Oregon State University
1927631,2019-06-14,233562,Standard Grant,Collaborative Research: How Does Lower Continental Crust Form? A Petrochronological Investigation of the Ivrea Zone,Pennsylvania State Univ University Park
1927635,2019-06-14,186584,Standard Grant,Collaborative Research: How Does Lower Continental Crust Form? A Petrochronological Investigation of the Ivrea Zone,University of California-Santa Barbara
1935541,2019-06-14,45000,Standard Grant,AGU Chapman Conference on The Quest for Sustainability of Heavily Stressed Aquifers at Regional to Global Scales,American Geophysical Union
1842123,2019-06-17,256948,Standard Grant,"Collaborative Research: Quantifying temporal relationships between tectonic forcing and landscape responses in the central Andean Precordillera, Argentina",Berkeley Geochronology Center
1842496,2019-06-17,224098,Standard Grant,"Collaborative Research: Quantifying temporal relationships between tectonic forcing and landscape responses in the central Andean Precordillera, Argentina",Purdue University
1834699,2019-06-18,496555,Continuing Grant,Collaborative Research: Ecohydrological controls on evapotranspiration across a semiarid elevation gradient,Northern Arizona University
1834705,2019-06-18,203444,Continuing Grant,Collaborative Research: Ecohydrological controls on evapotranspiration across a semiarid elevation gradient,University of New Mexico
1846811,2019-06-18,511548,Continuing Grant,CAREER: Shallow angle subduction and tectonic underplating of magmatic arc root zones: a recipe for high-flux magmatism?,Macalester College
1855283,2019-06-18,174000,Continuing Grant,"EAR-PF: Controls on weathering, solute fluxes, and geologic carbon cycling in glacierized catchments","Bergstrom, Anna"
1855336,2019-06-18,174000,Standard Grant,EAR-PF: Water in the Lower Mantle: Gaining Insight through Melt Generation and Deformation Textures,"Vennari, Cara Elizabeth"
1901827,2019-06-18,297489,Standard Grant,EVALUATING THE ROLE OF MASH PROCESSES AND THE GROWTH OF CONTINENTAL CRUST,"The University Corporation, Northridge"
1917640,2019-06-18,288511,Standard Grant,Collaborative Research: Suturing the Heart of Asia: Tectonics of the Mongol-Okhotsk Ocean Closure,University of Vermont & State Agricultural College
1917645,2019-06-18,672114,Standard Grant,Collaborative Research: Suturing the Heart of Asia: Tectonics of the Mongol-Okhotsk Ocean Closure,University of Utah
1921298,2019-06-18,298952,Standard Grant,Effect of Hydrogen on the Properties of Fe alloys in the Earth's Core,Arizona State University
1846851,2019-06-21,564044,Continuing Grant,CAREER: Role of Mn(III) in Limiting Oxidative Transformation of As(III) by Mn(III/IV) Oxides,University of Wisconsin-Madison
1847277,2019-06-21,699790,Continuing Grant,"CAREER: Developing the next generation of Proterozoic paleogeographic models through integrated data development, synthesis and education",University of California-Berkeley
1847885,2019-06-21,550462,Continuing Grant,CAREER: Environmental Forcing on the Resilience of Carbonate Platforms During the Early Cretaceous Super Greenhouse Period,University of Texas at San Antonio
1852912,2019-06-21,448536,Continuing Grant,Deciphering the Cryptic Cycling of Methane in Sediments of a Coastal Wetland,University of California-Los Angeles
1853680,2019-06-21,683756,Standard Grant,"Combine sensors, geophysical survey and geochemical tools to investigate pedogenic carbonate precipitation and carbon dioxide emission in irrigated soils of aridlands",University of Texas at El Paso
1854390,2019-06-21,206246,Standard Grant,"Collaborative Research: Growth, preservation, and modification of Neoarchean to Paleoproterozoic crust, an example from the Wyoming province, Montana",Washington State University
1854432,2019-06-21,247435,Standard Grant,"Collaborative Research: Growth, preservation, and modification of Neoarchean to Paleoproterozoic crust, an example from the Wyoming province, Montana",University of Montana
1855154,2019-06-21,174000,Continuing Grant,EAR-PF: Millennial scale environmental changes in Pleistocene Florida can inform the causes and effects of trophic downgrading after megaherbivore extinction,Perrotti                Angelina
1902278,2019-06-21,379864,Standard Grant,Experimental Study of Clinopyroxene Growth and Sector Zoning,Brown University
1903249,2019-06-21,500000,Standard Grant,INFEWS: U.S.-China: Increasing the Resilience of Human-Nature Interactions in the Yellow River Basin through Coordinated Food-Energy-Water Nexus Management,"University of Maryland, College Park"
1903572,2019-06-21,500000,Standard Grant,INFEWS: U.S.-China: Coupled FEWS Modeling for Sustainability of the Global Crop Supply Chain with a Focus on China - US Interactions,University of Tennessee Knoxville
1903722,2019-06-21,500000,Standard Grant,INFEWS: U.S.-China: Integrated systems modeling for sustainable FEW nexus under multi-factor global changes: Innovative comparison between Yellow River and Mississippi River Basins,Auburn University
1903729,2019-06-21,246806,Standard Grant,Rocky Mountain snowpack changes and their hydrologic consequences during the Holocene,University of Wyoming
1909055,2019-06-21,493431,Standard Grant,Development of a roughened inner sphere for the three-meter model of the Earth's core,"University of Maryland, College Park"
1911960,2019-06-21,198060,Standard Grant,Collaborative Research - Digging deeper: Do deeper roots enhance deeper water and carbon fluxes and alter the trajectory of chemical weathering in woody-encroached grasslands?,Pennsylvania State Univ University Park
1911967,2019-06-21,334681,Standard Grant,Collaborative Research - Digging deeper: Do deeper roots enhance deeper water and carbon fluxes and alter the trajectory of chemical weathering in woody-encroached grasslands?,University of Kansas Center for Research Inc
1911969,2019-06-21,147259,Standard Grant,Collaborative Research - Digging deeper: Do deeper roots enhance deeper water and carbon fluxes and alter the trajectory of chemical weathering in woody-encroached grasslands?,Kansas State University
1917031,2019-06-21,343878,Standard Grant,Plugging the preservational pipeline: an integrated approach to tracking taphonomic histories of Cambrian skeletal fossil assemblages,University of Missouri-Columbia
1926734,2019-06-21,410556,Standard Grant,Testing Hypotheses of Near-Equilibrium Kinetics For Silicate Minerals with an Innovative Silicon Isotope Tracer Method,Indiana University
1937826,2019-06-21,34272,Standard Grant,RAPID: Dissolved carbon transport and CO2 outgassing under an unprecedented long-lasting flood of the Mississippi-Atchafalaya River System,Louisiana State University Agricultural Center
1839301,2019-06-26,216559,Standard Grant,Separating Regional and Local Components of Uplift in the Western Transverse Ranges of California to Test Models of Mountain Belt Formation,California State University-Long Beach Foundation
1852022,2019-06-26,396110,Standard Grant,REU Site: Stanford Earth Summer Undergraduate Research in Geoscience and Engineering (SURGE),Stanford University
1907555,2019-06-26,299515,Standard Grant,Advancing Stochastic Analysis of Field-Scale Transport Parameters using Hydrogeophysics,SUNY at Buffalo
1911699,2019-06-26,398920,Standard Grant,Collaborative Research: Linking High 3He/4He to Other Isotopic Systems in Baffin Island Lavas,Woods Hole Oceanographic Institution
1911902,2019-06-26,184349,Standard Grant,Collaborative Research: Linking High 3He/4He to Other Isotopic Systems in Baffin Island Lavas,California Institute of Technology
1914501,2019-06-26,242337,Standard Grant,"Collaborative Research: How does it end? Exploring thrust terminations of an intra-continental strike-slip fault, north Tibet","Board of Regents, NSHE, obo University of Nevada, Reno"
1914503,2019-06-26,40798,Standard Grant,"Collaborative Research: How does it end? Exploring thrust terminations of an intra-continental strike-slip fault, north Tibet",University of North Carolina at Wilmington
1914566,2019-06-26,44542,Standard Grant,"Collaborative Research:  How does it end?  Exploring thrust termiations of an intra-continental strike-slip fault, north Tibet","Nevada System of Higher Education, Desert Research Institute"
1917291,2019-06-26,464702,Standard Grant,Upgrading the Experimental Capabilities of the Core Fluid Dynamics Laboratory at UCLA,University of California-Los Angeles
1918541,2019-06-26,440314,Standard Grant,"Shortening, extension, and drainage reorganization in the Andean fold-thrust belt and broken foreland basin of northern Patagonia, Argentina",University of Texas at Austin
1920648,2019-06-26,499562,Standard Grant,Acquisition of a 193 nm excimer laser ablation system and optical profiler for in situ (U-Th)/He and U-Pb geochronology and thermochronology at the University of Colorado Boulder,University of Colorado at Boulder
1848393,2019-06-27,573931,Continuing Grant,CAREER: Assessing the Connection Between Ecological and Environmental Collapse During the Pliensbachian-Toarcian Carbon-cycle Perturbation in Morocco,University of Texas at Austin
1927060,2019-06-27,289046,Standard Grant,Collaborative Research: Dating Deformation with Titanite,University of California-Santa Barbara
1928377,2019-06-27,115621,Standard Grant,Collaborative Research: Dating Deformation with Titanite,University of Arizona
1933169,2019-06-27,199762,Standard Grant,EAGER: Spatio-temporal Imaging of Mount St. Helens Magmatic System using Efficient Waveform Inversion of Earthquake Records,Colorado School of Mines
1852367,2019-06-28,383724,Standard Grant,REU SITE:  Planetary Habitability Over Space and Time,William Marsh Rice University
1855302,2019-06-28,289782,Standard Grant,"Collaborative Research: Voyage to the bottom of Arcs: interplay between water, deformation, and lower crustal stability",Woods Hole Oceanographic Institution
1855381,2019-06-28,308076,Continuing Grant,Development of New Techniques: Sustaining and sharpening amino acid geochronology,Northern Arizona University
1855407,2019-06-28,264812,Standard Grant,"Collaborative Research: Voyage to the bottom of Arcs: interplay between water, deformation, and lower crustal stability",University of California-San Diego Scripps Inst of Oceanography
1855430,2019-06-28,236345,Standard Grant,"Collaborative Research: Voyage to the bottom of Arcs: interplay between water, deformation, and lower crustal stability",Boston College
1903607,2019-06-28,56547,Standard Grant,Collaborative Research: Spatiotemporal Variability and Drivers of East-west Hydroclimate Anti-phasing in the Midcontinental United States During the Last 2000 Years,Indiana State University
1903628,2019-06-28,229764,Continuing Grant,Collaborative Research: Spatiotemporal Variability and Drivers of East-west Hydroclimate Anti-phasing in the Midcontinental United States During the Last 2000 Years,Indiana University
1903710,2019-06-28,109887,Continuing Grant,Collaborative Research: Spatiotemporal Variability and Drivers of East-west Hydroclimate Anti-phasing in the Midcontinental United States During the Last 2000 Years,University of Minnesota Duluth
1906079,2019-06-28,312110,Standard Grant,Acquisition of an isotope-ratio-monitoring mass spectrometer at the University of Massachusetts Amherst,University of Massachusetts Amherst
1912871,2019-06-28,97573,Standard Grant,Acquisition of a Laser Flash Apparatus to simultaneously measure thermal diffusivity and heat capacity from 173 to 773 K,Washington University
1918126,2019-06-28,600000,Continuing Grant,Collaborative Research: Thermodynamics and thermoelasticity of iron-bearing phases,Columbia University
1918134,2019-06-28,250000,Continuing Grant,Collaborative Research: Thermodynamics and thermoelasticity of iron-bearing phases,Iowa State University
1920414,2019-06-28,116991,Standard Grant,Collaborative Research: Paleoseismology of the M7.3 1915 Pleasant Valley Earthquake Ruptures,University of Cincinnati Main Campus
1920495,2019-06-28,49068,Standard Grant,Collaborative Research: Paleoseismology of the M7.3 1915 Pleasant Valley Earthquake Ruptures,Great Basin College
1920514,2019-06-28,221449,Standard Grant,Collaborative Research: Paleoseismology of the M7.3 1915 Pleasant Valley Earthquake Ruptures,"Board of Regents, NSHE, obo University of Nevada, Reno"
1921517,2019-06-28,102379,Standard Grant,Upgrade of a Triaxial Rock Deformation Apparatus to Measure the Rheology of Subduction Megathrusts,William Marsh Rice University
1855323,2019-06-30,174000,Fellowship Award,EAR-PF:  Investigating the role of the lithosphere-asthenosphere boundary through a 3D anisotropic velocity model of the Juan de Fuca plate,"Hawley, William Bythewood"
1921598,2019-06-30,38143,Standard Grant,"Acquisition of surveying equipment (UAVs, GNSS receivers) and associated hardware and software to support research and undergraduate training at the University of Alaska Southeast",University of Alaska Southeast Juneau Campus
1855153,2019-07-01,174000,Fellowship Award,EAR-PF:  Quantifying the Difference between Volcanic and Meteorological Lightning: Using Globally Detected Lightning and Multi-Parametric Volcanic Monitoring.,"Smith, Cassandra Marie"
1835947,2019-07-02,294088,Standard Grant,Geodetic Observations in the Northern Costa Rica Subduction Zone,University of South Florida
1843686,2019-07-02,524274,Continuing Grant,Community Facility Support for GNSS Data Analysis with GAMIT/GLOBK,Massachusetts Institute of Technology
1848486,2019-07-02,515775,Continuing Grant,CAREER: Investigating earthquake nucleation and rupture dynamics while reducing the hazard vulnerability of the immigrant community,University of California-Los Angeles
1917361,2019-07-02,388512,Standard Grant,"Collaborative Proposal: Tectonic controls on arc evolution and petrogenesis, central Sierra Nevada Ancestral Cascades arc, California",University of California-Davis
1918357,2019-07-02,153915,Standard Grant,MRI: Acquisition of a Lake Shore Cryotronics High performance Vibrating Sample Magnetometer to enhance the New Mexico Highlands University Paleomagnetic-Rock Magnetism Laboratory,New Mexico Highlands University
1919569,2019-07-02,398000,Standard Grant,Acquisition of a scanning electron microscope with integrated EDS for enhancement of multi-disciplinary undergraduate research and research training,Denison University
1919650,2019-07-02,125000,Standard Grant,Full waveform modeling and inversion of seismic attenuation and application to characterizing near-surface fractures at Susquehanna Shale Hills Critical Zone Observatory,Pennsylvania State Univ University Park
1921182,2019-07-02,190661,Standard Grant,"RUI: Collaborative Proposal: Tectonic controls on arc evolution and petrogenesis, central Sierra Nevada Ancestral Cascades arc, California",California State University-Fresno Foundation
1926096,2019-07-02,263796,Standard Grant,Collaborative Research: Petrological controls on continental uplift: static- and reactive-transport modeling of hydration-driven de-densification,Colorado School of Mines
1926134,2019-07-02,80845,Standard Grant,Collaborative Research: Petrological controls on continental uplift: static- and reactive-transport modeling of hydration-driven de-densification,University of California-San Diego Scripps Inst of Oceanography
1939227,2019-07-02,284019,Continuing Grant,CAREER: Environmental Seismology and Geomechanics,Brown University
1921624,2019-07-08,270003,Standard Grant,Collaborative Research: Testing Source vs. Crustal Processing in High-Mg# Arc Magmas by Os-O-He-Olivine Systematics,Columbia University
1921643,2019-07-08,212559,Standard Grant,Collaborative Research: Testing Source vs. Crustal Processing in High-Mg# Arc Magmas by Os-O-He-Olivine Systematics,Miami University
1843676,2019-07-09,589892,Continuing Grant,CAREER: Combining physical and numerical modes to characterize the contribution of semi-brittle rheology to deformation dynamics and strain transients.,Iowa State University
1848232,2019-07-09,555734,Continuing Grant,CAREER: Identifying Ecosystem Properties Promoting Stability and Resistance: Modeling Late Ordovician Paleocommunity Dynamics and Functioning Across the Richmondian Invasion,Miami University
1855996,2019-07-09,2499683,Continuing Grant,"INFEWS/T1: Sustaining food, energy, and water security in agricultural landscapes of the Upper Mississippi River Basin",University of Wisconsin-Madison
1856525,2019-07-09,323914,Standard Grant,Mechanochemical Processes dictating Calcite's Frictional Characteristics,University of Illinois at Urbana-Champaign
1901614,2019-07-09,319629,Standard Grant,Volcanic jet noise: Linking field and laboratory experiments,University of Alaska Fairbanks Campus
1903175,2019-07-09,47244,Standard Grant,Collaborative Research: P2C2: Reconstructing Holocene Climate Change in the Southern Hemisphere from Southern Alps Mountain Glaciers and Tree Rings,University of Arizona
1903220,2019-07-09,418803,Standard Grant,Collaborative Research: P2C2: Reconstructing Holocene Climate Change in the Southern Hemisphere from Southern Alps Mountain Glaciers and Tree Rings,University of Maine
1903334,2019-07-09,171979,Standard Grant,Collaborative Research: P2C2: Reconstructing Holocene Climate Change in the Southern Hemisphere from Southern Alps Mountain Glaciers and Tree Rings,Columbia University
1903652,2019-07-09,159798,Standard Grant,P2C2: New Zealand Climate in Three Warm Periods,Columbia University
1903662,2019-07-09,346563,Standard Grant,P2C2: Characterizing East African Climate Through a Major Faunal Transition at 250 - 550 ka,University of Massachusetts Amherst
1903676,2019-07-09,125806,Standard Grant,P2C2: Towards a precipitation history of Easter Island since the last glacial period,Columbia University
1917685,2019-07-09,263598,Standard Grant,Collaborative Research: What Created the Southern Tibetan Plateau Drainage Divide? Integrated Tectonic and Geomorphic Investigation of the Gangdese Range and Yarlung River,Montana State University
1917695,2019-07-09,263641,Standard Grant,Collaborative Research: What Created the Southern Tibetan Plateau Drainage Divide? Integrated Tectonic and Geomorphic Investigation of the Gangdese Range and Yarlung River,Louisiana State University
1917706,2019-07-09,229448,Standard Grant,Collaborative Research: What Created the Southern Tibetan Plateau Drainage Divide? Integrated Tectonic and Geomorphic Investigation of the Gangdese Range and Yarlung River,University of Kansas Center for Research Inc
1922562,2019-07-09,492099,Standard Grant,RCN: Integrating and Translating Conservation Paleobiology,University of Florida
1922966,2019-07-09,297897,Standard Grant,Moving from correlation to mechanism: testing the role of temperature and oxygen change in the Great Ordovician Biodiversification Event,Stanford University
1923478,2019-07-09,330490,Standard Grant,"Collaborative Research: Hydrologic Disturbance in Tropical Peatlands: Linking Drainage, Soil Moisture, Flammability, and Carbon Fluxes",Stanford University
1923491,2019-07-09,346371,Standard Grant,"Collaborative Research: Hydrologic Disturbance in Tropical Peatlands: Linking Drainage, Soil Moisture, Flammability, and Carbon Fluxes",Massachusetts Institute of Technology
1923943,2019-07-09,199754,Standard Grant,Modeling of Crater Floor Deformation in Relationship with Lava Lake Activity,Pennsylvania State Univ University Park
1924390,2019-07-09,270559,Standard Grant,"COLLABORATIVE RESEARCH: TRACKING PCO2, REGIONAL CLIMATE, AND VEGETATION CHANGE DURING MID-MIOCENE GLOBAL WARMING THROUGH THE EXCEPTIONAL PLANT RECORDS OF THE PACIFIC NORTHWEST, USA",University of Washington
1924749,2019-07-09,175988,Standard Grant,Collaborative Research: Mass Extinction Ecological Response and Recovery in the Cretaceous/Paleogene Gulf Coastal Plain,San Jose State University Foundation
1924807,2019-07-09,284662,Standard Grant,Collaborative Research: Mass Extinction Ecological Response and Recovery in the Cretaceous/Paleogene Gulf Coastal Plain,University of New Mexico
1924856,2019-07-09,108245,Standard Grant,"COLLABORATIVE RESEARCH: TRACKING PCO2, REGIONAL CLIMATE, AND VEGETATION CHANGE DURING MID-MIOCENE GLOBAL WARMING THROUGH THE EXCEPTIONAL PLANT RECORDS OF THE PACIFIC NORTHWEST, USA",Regents of the University of Idaho
1925204,2019-07-09,174951,Standard Grant,"COLLABORATIVE RESEARCH: TRACKING PCO2, REGIONAL CLIMATE, AND VEGETATION CHANGE DURING MID-MIOCENE GLOBAL WARMING THROUGH THE EXCEPTIONAL PLANT RECORDS OF THE PACIFIC NORTHWEST, USA",Boise State University
1925489,2019-07-09,279152,Standard Grant,Collaborative Proposal: Do arc-continent collisions in the tropics set the Earth's climate state?,University of Colorado at Boulder
1925586,2019-07-09,150910,Standard Grant,Collaborative Research: Mass Extinction Ecological Response and Recovery in the Cretaceous/Paleogene Gulf Coastal Plain,Paleontological Research Institute
1925627,2019-07-09,142395,Standard Grant,Collaborative Research: Mass Extinction Ecological Response and Recovery in the Cretaceous/Paleogene Gulf Coastal Plain,Regents of the University of Michigan - Ann Arbor
1925863,2019-07-09,443175,Standard Grant,Collaborative Research: Do arc-continent collisions in the tropics set the Earth's climate state?,Massachusetts Institute of Technology
1925990,2019-07-09,744932,Standard Grant,Collaborative Proposal: Do arc-continent collisions in the tropics set the Earth's climate state?,University of California-Berkeley
1926001,2019-07-09,832741,Standard Grant,Collaborative proposal: Do arc-continent collisions in the tropics set the Earth's climate state?,University of California-Santa Barbara
1926627,2019-07-09,499970,Continuing Grant,Research Coordination Network: In situ Studies of Rock Deformation (ISRD),"University of Maryland, College Park"
1927216,2019-07-09,300800,Standard Grant,Collaborative Research: Structure and depth extent of lithospheric shear zones surrounding continental transform faults,University of Texas at Austin
1927246,2019-07-09,125319,Standard Grant,Collaborative Research: Structure and depth extent of lithospheric shear zones surrounding continental transform faults,University of Colorado at Boulder
1935782,2019-07-09,49413,Standard Grant,Engaging All Geoscience Disciplines at the National Association of Black Geoscientists Annual Conference,University of Arkansas
1937514,2019-07-09,168397,Standard Grant,"RAPID: Invasion of Geoengineering Earthworms in Alaska: Extents, Mechanisms, and Impacts",University of Minnesota-Twin Cities
1939080,2019-07-09,111276,Standard Grant,EAGER: Collaborative Research: Development and application of Sr stable isotopes as a novel tracer of carbonate through subduction,University of Massachusetts Amherst
1939189,2019-07-09,38549,Standard Grant,EAGER: Collaborative Research: Development and Application of Sr Stable Isotopes as a Novel Tracer of Carbonate Through Subduction,Washington University
1939228,2019-07-09,49892,Standard Grant,The LIBRE [Lake Izabal Basin Research Endeavor] Scientific Drilling Workshop: Drilling and Coring the Lake Izabal Basin,Missouri University of Science and Technology
1844182,2019-07-10,388842,Standard Grant,Deciphering Lithospheric and Deeper Mantle Contributions to the Surface History of the North American Arctic From the Unique Mantle to Surface Record of Kimberlites,University of Colorado at Boulder
1900646,2019-07-10,488099,Standard Grant,"Geodetic Lysimetry: GPS/GNSS observations to measure continuous, time-dependent water mass in mountainous watersheds",University of Montana
1904075,2019-07-10,374618,Standard Grant,Collaborative Research: Quantifying the contribution of alpine glacier meltwater to mountain-block recharge using microbiological markers and environmental isotopes,Purdue University
1904159,2019-07-10,191532,Standard Grant,Collaborative Research: Quantifying the contribution of alpine glacier meltwater to mountain-block recharge using microbiological markers and environmental isotopes,University of Minnesota-Twin Cities
1921601,2019-07-10,367758,Standard Grant,Using a Well-Controlled Heterogeneous Permeability Field to Study Its Role on Miscible Density-Driven Convection in Porous Media,Virginia Polytechnic Institute and State University
1925481,2019-07-10,665000,Continuing Grant,Collaborative Research: Origins of Southeast Asian Rainforests from Paleobotany and Machine Learning,Brown University
1925506,2019-07-10,90692,Continuing Grant,"Collaborative Research: Exploring the linkages between Sea-Level Change,  Sediment Transport and Geomorphology on Coastal  Freshwater Water Sequestration",University of Minnesota-Twin Cities
1925552,2019-07-10,475002,Continuing Grant,Collaborative Research: Origins of Southeast Asian Rainforests from Paleobotany and Machine Learning,Cornell University
1925755,2019-07-10,1560000,Continuing Grant,Collaborative Research: Origins of Southeast Asian Rainforests from Paleobotany and Machine Learning,Pennsylvania State Univ University Park
1925821,2019-07-10,1226469,Continuing Grant,"Collaborative Research: Exploring the linkages between Sea-Level Change,  Sediment Transport and Geomorphology on Coastal  Freshwater Water Sequestration",Columbia University
1925850,2019-07-10,84986,Continuing Grant,"Collaborative Research: Exploring the linkages between Sea-Level Change,  Sediment Transport and Geomorphology on Coastal  Freshwater Water Sequestration",University of Colorado at Boulder
1925974,2019-07-10,697852,Continuing Grant,"Collaborative Research: Exploring the linkages between Sea-Level Change,  Sediment Transport and Geomorphology on Coastal  Freshwater Water Sequestration",New Mexico Institute of Mining and Technology
1940772,2019-07-10,293482,Standard Grant,Collaborative Research: The dynamic iron curtain surrounding fluctuating rivers and its impacts on arsenic fate and transport,University of Texas at San Antonio
1849425,2019-07-11,99613,Standard Grant,Collaborative Research: Equatorial Glaciation and Landscape Burial in the Late Paleozoic: Implications for Pangaean Climate and Tectonics,University of Minnesota-Twin Cities
1849623,2019-07-11,449032,Standard Grant,Collaborative Research: Equatorial Glaciation and Landscape Burial in the Late Paleozoic: Implications for Pangaean Climate and Tectonics,University of Oklahoma Norman Campus
1849754,2019-07-11,156622,Standard Grant,Collaborative Research: Equatorial Glaciation and Landscape Burial in the Late Paleozoic: Implications for Pangaean Climate and Tectonics,SPACE SCIENCE INSTITUTE
1855982,2019-07-11,2476828,Continuing Grant,INFEWS/T1: Decision-Driven Advances in Integrated Assessment Modeling of the Food-Energy-Water Nexus,"University of Maryland, College Park"
1856012,2019-07-11,2499998,Continuing Grant,"INFEWS/T1: Climate-induced Extremes on the Food, Energy, Water Nexus (C-FEWS) and the Role of Engineered and Natural Infrastructure",Research Foundation CUNY - Advanced Science Research Center
1925629,2019-07-11,174766,Standard Grant,Collaborative Research:  Time Dependence of Seismic Parameters in Hawaii,University of California-San Diego Scripps Inst of Oceanography
1925898,2019-07-11,1054052,Standard Grant,"Collaborative Research: Consequences of flat slab subduction on the chemical, structural, and dynamic evolution of continental lithosphere",Carnegie Institution of Washington
1925939,2019-07-11,1137954,Standard Grant,"Collaborative Research: Consequences of flat slab subduction on the chemical, structural, and dynamic evolution of continental lithosphere",University of Texas at Austin
1925940,2019-07-11,514410,Standard Grant,"Collaborative Research: Consequences of flat slab subduction on the chemical, structural, and dynamic evolution of continental lithosphere",Arizona State University
1928158,2019-07-11,174775,Standard Grant,Collaborative Research: Time Dependence of Seismic Parameters in Hawaii,University of Miami
1855206,2019-07-12,87000,Fellowship Award,"EAR-PF: Shear Wave Splitting based on 3D Seismic Wave Simulations: Forward to Inverse Modeling of Upper Mantle and D"" Anisotropy","Creasy, Neala Marie"
1855264,2019-07-12,87000,Fellowship Award,EAR-PF: Channel network evolution in a tectonically active basin enlightened through innovative luminescence geochronology,Chamberlain             Elizabeth      L
1855902,2019-07-12,2500000,Continuing Grant,"INFEWS / T1: Social and biophysical models to integrate local food systems, climate dynamics, built forms, and environmental impacts in the urban FEWS nexus",Iowa State University
1856054,2019-07-12,1749827,Continuing Grant,Track-1- Food-Energy-Water Nexus in the Deep South: A Latent System Primed for Transition From Rain-fed to Irrigation-fed Agriculture,University of Alabama Tuscaloosa
1900756,2019-07-12,174000,Fellowship Award,"EAR-PF: Revisiting Megafloods: Insights From Glacial Isostatic Adjustment on Flood Size, Flow Routes, and Climate Response","Pico, Tamara"
1904192,2019-07-12,482937,Standard Grant,Determination of the Controls on Bacterial Cell Surface Sulfhydryl Binding Site Concentrations,University of Notre Dame
1911321,2019-07-12,299831,Standard Grant,TESTING MODELS FOR RIVER AVULSION STYLE WITH REMOTE SENSING DATA AND NUMERICAL SIMULATIONS,Indiana University
1917176,2019-07-12,199793,Standard Grant,Collaborative Research: Ice sheet erosional interaction with hot geotherm in West Antarctica,Colorado College
1918322,2019-07-12,244097,Standard Grant,A Mixed Up Mantle Beneath Ocean Islands?,University of California-San Diego Scripps Inst of Oceanography
1925535,2019-07-12,838431,Continuing Grant,Collaborative Research: Testing Evolutionary Pseudocongruence Along the Baja California Peninsula Through Integration of Geologic and Genomic Data,Arizona State University
1925560,2019-07-12,645706,Continuing Grant,Collaborative Research: Testing Evolutionary Psuedocongruence Along the Baja California Peninsula Through Integration of Geologic and Genomic Data,University of Oregon Eugene
1925565,2019-07-12,421334,Continuing Grant,Collaborative Research: Testing Evolutionary Psuedocongruence Along the Baja California Peninsula Through Integration of Geologic and Genomic Data,"University Enterprises, Incorporated"
1925771,2019-07-12,694283,Continuing Grant,Collaborative Research: Testing Evolutionary Psuedocongruence Along the Baja California Peninsula Through Integration of Geologic and Genomic Data,University of Arizona
1928303,2019-07-12,280180,Standard Grant,Collaborative Research: Establishing the Hydrogen Isotopic Window into Archaeal Lipid Biomarkers,University of Colorado at Boulder
1928309,2019-07-12,274935,Standard Grant,Collaborative Research: Establishing the Hydrogen Isotopic Window into Archaeal Lipid Biomarkers,Dartmouth College
1929747,2019-07-12,498660,Standard Grant,Collaborative Research: Low-head milldams as hotspots for denitrification and nitrogen consumption: Hydrologic and biogeochemical controls,University of Delaware
1929750,2019-07-12,108743,Standard Grant,Collaborative Research: Low-head milldams as hotspots for denitrification and nitrogen consumption: Hydrologic and biogeochemical controls,Stroud Water Research Center
1929753,2019-07-12,112556,Standard Grant,Collaborative Research: Low-head milldams as hotspots for denitrification and nitrogen consumption: Hydrologic and biogeochemical controls,University of Rhode Island
1928360,2019-07-17,326372,Continuing Grant,Collaborative Research: The Burma Arc from Collision Kinematics to Subduction Tectonics as Observed from a Passive seismic experiment (BACKSTOP),University of Missouri-Columbia
1928786,2019-07-17,207105,Continuing Grant,Collaborative Research: The Burma Arc from Collision Kinematics to Subduction Tectonics as Observed from a Passive seismic experiment (BACKSTOP),New Mexico State University
1910510,2019-07-19,191823,Standard Grant,Collaborative Research: Deconvolving the southern South American Pleistocene-Holocene dust production pathways,University of South Carolina at Columbia
1911340,2019-07-19,207696,Standard Grant,Collaborative Research: Deconvolving the southern South American Pleistocene-Holocene dust production pathways,Clemson University
1914491,2019-07-19,292512,Standard Grant,Collaborative Research: Lahar dynamics and Monitoring: A multiparametric approach grounded in infrasound,Boise State University
1914511,2019-07-19,132881,Standard Grant,Acquisition of an X-Ray Suite (XRD and WD-XRF) to support Geology and Geological Engineering Research and Education at the University of Mississippi,University of Mississippi
1914526,2019-07-19,294662,Standard Grant,Collaborative Research: Lahar dynamics and Monitoring: A multiparametric approach grounded in infrasound,Michigan Technological University
1919179,2019-07-19,398013,Standard Grant,TIMING OF COOLING AND EXHUMATION OF LARAMIDE UPLIFTS INFORMS MODELS OF FLAT-SLAB SUBDUCTION,University of Arizona
1925575,2019-07-19,393570,Continuing Grant,Collaborative Research: Development and Application of a Framework for Integrated Geodynamic Earth Models,Clemson University
1925595,2019-07-19,679697,Continuing Grant,Collaborative Research: Development and Application of a Framework for Integrated Geodynamic Earth Models,Colorado State University
1925676,2019-07-19,190356,Standard Grant,Collaborative Research: Development and Application of a Framework for Integrated Geodynamic Earth Models,Utah State University
1925677,2019-07-19,1216619,Continuing Grant,Collaborative Research: Development and Application of a Framework for Integrated Geodynamic Earth Models,University of Florida
1925920,2019-07-19,597228,Standard Grant,"Collaborative Research: The Mechanics of Intermediate Depth Earthquakes: a Multiscale Investigation Combining Seismological Analyses, Laboratory Experiments, and Numerical Modeling",University of Chicago
1925965,2019-07-19,529866,Standard Grant,"Collaborative Research: The Mechanics of Intermediate Depth Earthquakes: a Multiscale Investigation Combining Seismological Analyses, Laboratory Experiments, and Numerical Modeling",Georgia Tech Research Corporation
1926011,2019-07-19,542348,Standard Grant,"Collaborative Research: The Mechanics of Intermediate Depth Earthquakes: a Multiscale Investigation Combining Seismological Analyses, Laboratory Experiments, and Numerical Modeling",University of Illinois at Chicago
1920899,2019-07-22,158998,Standard Grant,Collaborative Research: What makes Low-Frequency Earthquakes low frequency?,Trustees of Boston University
1920921,2019-07-22,297798,Standard Grant,Collaborative Research: What makes Low-Frequency Earthquakes low frequency?,University of Southern California
1922513,2019-07-22,269787,Standard Grant,The Fidelity of Glass Reentrants in Crystals: Witnesses of Decompression and Stalling of Magma in Conduits,Montana State University
1924282,2019-07-22,157564,Standard Grant,Mapping subduction-induced Mantle Flow Underneath North/Central America and Europe,University of Texas at Dallas
1928923,2019-07-22,349243,Standard Grant,NSF/GEO-NERC:  Collaborative Research:  Multi-scale investigation of rheology and emplacement of multi-phase lava,University of Texas at San Antonio
1929008,2019-07-22,373980,Standard Grant,NSF/GEO-NERC:  Collaborative Research:  Multi-scale investigation of rheology and emplacement of multi-phase lava,Columbia University
1929119,2019-07-22,106702,Standard Grant,NSF/GEO-NERC: Collaborative Research: Multi-scale investigation of rheology and emplacement of multi-phase lava,University of Hawaii
1929199,2019-07-22,497116,Standard Grant,Evolution of Pliocene-Pleistocene climate and vegetation in the Tropical Andes,University of Colorado at Boulder
1851618,2019-07-26,204941,Continuing Grant,Collaborative Proposal: Response of mercury cycling to disturbance and restoration of low-gradient forested watersheds,Regents of the University of Michigan - Ann Arbor
1851683,2019-07-26,164740,Continuing Grant,Collaborative Proposal: Response of mercury cycling to disturbance and restoration of low-gradient forested watersheds,University of North Carolina Greensboro
1852020,2019-07-26,130000,Continuing Grant,Collaborative Proposal: Response of mercury cycling to disturbance and restoration of low-gradient forested watersheds,Clemson University
1852946,2019-07-26,274475,Standard Grant,Methane isotopologue fractionation during microbial methanogenesis and methonotrophy by pure and mixed laboratory cultures,Massachusetts Institute of Technology
1911296,2019-07-26,379224,Standard Grant,Experimental constraints on the equilibrium hydrogen isotopic composition and rates of hydrogen isotopic exchange of C-H bonds in natural gas,University of California-Berkeley
1915647,2019-07-26,340620,Standard Grant,Clumped Isotope Reordering Kinetics in Carbonate Minerals: The key to accurate ocean paleotemperatures and basin thermal histories,Texas A&M University
1925949,2019-07-26,124512,Standard Grant,Collaborative research: Mapping bed forces to granular flow properties,University of Wisconsin-Madison
1926025,2019-07-26,240280,Standard Grant,Collaborative research: Mapping bed forces to granular flow properties,University of Oregon Eugene
1926027,2019-07-26,249092,Standard Grant,Collaborative research: Mapping bed forces to granular flow properties,"Board of Regents, NSHE, obo University of Nevada, Reno"
1941013,2019-07-26,11875,Standard Grant,Focusing the lens on field safety: a workshop for field trip leaders,University of Iowa
1941719,2019-07-26,74865,Standard Grant,"RAPID proposal: Rapid seismic response to the July 2019 Mw 7.1 and 6.4 doublet near Ridgecrest, Southern California",University of California-Riverside
1945716,2019-07-26,19000,Standard Grant,RAPID: Collaborative: Response to the Searles Valley Earthquake Sequence,"Board of Regents, NSHE, obo University of Nevada, Reno"
1945728,2019-07-26,15000,Standard Grant,RAPID: Collaborative Proposal: Response to the Searles Valley Earthquake Sequence,University of California-Riverside
1945754,2019-07-26,26000,Standard Grant,RAPID: Collaborative Proposal:  Response to the Searles Valley Earthquake Sequence,University of California-San Diego
1945760,2019-07-26,17000,Standard Grant,RAPID:  Collaborative Proposal:  Response to the Searles Valley Earthquake Sequence,University of California-San Diego Scripps Inst of Oceanography
1945781,2019-07-26,15000,Standard Grant,RAPID: Collaborative Proposal: Response to the Searles Valley Earthquake Sequence,University of Southern California
1945800,2019-07-26,15000,Standard Grant,RAPID: Collaborative Proposal: Response to the Searles Valley Earthquake Sequence,University of Utah
1848192,2019-07-30,548970,Continuing Grant,CAREER: Assimilation of Geodetic Data in Physical Models of Subduction Zones,University of Southern California
1849949,2019-07-30,230000,Standard Grant,Investigating what causes the morphology of Large low-shear Velocity Provinces (LLSVPs),Arizona State University
1850878,2019-07-30,305398,Standard Grant,"Roots, Weathering, and the Terrestrial Phosphorus Cycle of the Late Devonian",Indiana University
1923150,2019-07-30,330851,Standard Grant,Collaborative Research: Understanding the hydrologic consequences of urban irrigation across the U.S.,University of California-Riverside
1923936,2019-07-30,498173,Standard Grant,Collaborative Research: Understanding the hydrologic consequences of urban irrigation across the U.S.,University of Utah
1925884,2019-07-30,441892,Standard Grant,"Collaborative Research: Time of Transformation: integrating the dynamic geologic, climatic and biotic systems of North America during the Early to Late Cretaceous transition",University of Minnesota-Twin Cities
1925896,2019-07-30,406609,Continuing Grant,"Collaborative Research: Time of Transformation: integrating the dynamic geologic, climatic and biotic systems of North America during the Early to Late Cretaceous transition",University of Oklahoma Norman Campus
1925915,2019-07-30,587991,Standard Grant,"Collaborative Research: Time of Transformation: integrating the dynamic geologic, climatic and biotic systems of North America during the Early to Late Cretaceous transition",University of Arkansas
1925942,2019-07-30,408739,Continuing Grant,"Collaborative Research: Time of Transformation: integrating the dynamic geologic, climatic and biotic systems of North America during the Early to Late Cretaceous transition",University of Kansas Center for Research Inc
1925973,2019-07-30,654719,Continuing Grant,"Collaborative Research: Time of Transformation: integrating the dynamic geologic, climatic and biotic systems of North America during the Early to Late Cretaceous transition",North Carolina State University
1929593,2019-07-30,246900,Continuing Grant,Collaborative Research: Developing a multi-proxy approach for reconstructing deep-time silicate weathering,Dartmouth College
1929597,2019-07-30,303300,Continuing Grant,Collaborative Research: Developing a multi-proxy approach for reconstructing deep-time silicate weathering,Yale University
1928312,2019-07-31,270184,Continuing Grant,An orogenic plateau in the southern U.S. Cordillera?,University of Wyoming
1928926,2019-07-31,229796,Standard Grant,"Collaborative Research:  A New Sanidine-Liquid Hygrometer: Experiments, Calibration and Applications",University of California-Davis
1928929,2019-07-31,135782,Standard Grant,"Collaborative Research: A New Sanidine-Liquid Hygrometer: Experiments, Calibration and Applications",Sonoma State University
1941558,2019-07-31,37054,Standard Grant,RAPID - Afterslip and triggered slip associated with the Ridgecrest earthquake sequence,University of Colorado at Boulder
1944292,2019-07-31,23814,Standard Grant,"Collaborative Research: RAPID: Using the M6.4-7.1 Ridgecrest, CA Earthquake sequence to test a postseismic stress evolution monitoring system",Indiana University
1944717,2019-07-31,14000,Standard Grant,"Collaborative Research: RAPID: Using the M6.4-7.1 Ridgecrest, CA Earthquake sequence to test a postseismic stress evolution monitoring system",University of Texas at Austin
1902179,2019-08-02,409903,Standard Grant,"Constraining the Nature and Formation Age of the Shyok Suture Zone in Ladakh, NE India",Massachusetts Institute of Technology
1919658,2019-08-02,711822,Standard Grant,MRI: Acquisition of a Multi-Collector ICP-MS with Laser Ablation for Geochemical and Geochronological Applications,Miami University
1919696,2019-08-02,349685,Standard Grant,"MRI: Acquisition of an ICP-MS Supporting Interdisciplinary Undergraduate Research in Biogeochemistry, Materials Science, Archaeological Chemistry, and Bioinorganic Chemistry",Grinnell College
1920357,2019-08-02,352088,Standard Grant,MRI: ACQUISITION OF A WAVELENGTH DISPERSIVE X-RAY FLUORESCENCE SPECTROMETER FOR TEACHING AND RESEARCH AT FRESNO STATE,California State University-Fresno Foundation
1919700,2019-08-04,1173748,Standard Grant,MRI: Acquisition of a state-of-the-art high-resolution X-ray computed tomography scanner,University of Texas at Austin
1920355,2019-08-07,558764,Standard Grant,"MRI: Acquisition of a Shared Multi Collector Inductively Coupled Plasma Mass Spectrometer for Ocean, Earth, Environmental, and Geobiological Sciences in Southern California",University of Southern California
1919000,2019-08-08,297363,Standard Grant,"MRI: Acquisition of a Quadrupole ICP-MS for Multidisciplinary Research, Research Training, and Education at Colgate University",Colgate University
1919506,2019-08-08,486652,Standard Grant,MRI: Acquisition of equipment for an integrated gas analysis and labeling radiocarbon system with a focus on Arctic carbon and geochronology,Northern Arizona University
1921330,2019-08-08,382975,Standard Grant,Developing position-specific amino acid carbon isotope analysis as a tool for geobiology,California Institute of Technology
1925903,2019-08-08,474916,Standard Grant,Structural controls on Fe oxide formation: A crystallographic analysis of the growth of hematite versus goethite,Pennsylvania State Univ University Park
1941017,2019-08-09,325370,Continuing Grant,CAREER:Continental Paleoenvironmental Responses to Carbon Cycle Perturbations During the mid-Cretaceous Greenhouse,University of Kansas Center for Research Inc
1920334,2019-08-12,310438,Standard Grant,MRI: Acquisition of a fiber optic distributed acoustic sensing instrument for hydrological and seismological research,California State University-Long Beach Foundation
1935632,2019-08-12,799957,Standard Grant,SitS NSF-UKRI: Wireless In-Situ Soil Sensing Network for Future Sustainable Agriculture,University of Utah
1829695,2019-08-13,516342,Continuing Grant,Mineral-Promoted RNA Polymerization: Investigating Structural Properties of Catalytic Minerals,University of Akron
1848302,2019-08-13,549995,Continuing Grant,CAREER: Using the Rattlesnake Ridge landslide as a natural laboratory to study repeating earthquake evolution and development of operational repeating signal detectors,University of Oregon Eugene
1939257,2019-08-16,94225,Standard Grant,"Workshop Proposal:  Mapping a Future for Management of Low-Temperature Geochemical Data: Atlanta, GA or Charlotte, NC - February 2020",Pennsylvania State Univ University Park
1919061,2019-08-19,675292,Standard Grant,"MRI: Acquisition of an MC-ICP-MS for Earth, Environmental and Planetary Research at the University of Nevada Las Vegas",University of Nevada Las Vegas
1920336,2019-08-19,405000,Standard Grant,MRI: Acquisition of an Inductively Coupled Plasma Mass Spectrometer and UV Excimer Laser Platform for Trace Element Analysis and U-Th-Pb Petrochronology,Boise State University
1943784,2019-08-22,49835,Standard Grant,Workshop for Alaska EarthScope Synthesis and Future Opportunities in Canada with EON-ROSE: September 2019,Michigan State University
1933986,2019-08-23,1480000,Standard Grant,Board on Earth Sciences and Resources and Its Activities,National Academy of Sciences
1939975,2019-08-23,25000,Standard Grant,"2020 Geobiology GRC/GRS: January12-17, 2020 - Galveston, TX",Gordon Research Conferences
1945305,2019-08-23,119901,Standard Grant,RAPID: Short-period Seismic Study of Actively Serpentinizing Lithosphere in the Oman Ophiolite,Woods Hole Oceanographic Institution
1946321,2019-08-23,39881,Standard Grant,"RAPID: Seismic Monitoring of Post-Fire Debris Flows Associated with the Museum Fire, Northern Arizona",Northern Arizona University
1918436,2019-08-28,103295,Standard Grant,MRI: Acquisition of a Cavity Ring-Down Spectrometer for Analyzing Stable Isotopes in Water Samples at Middlebury College,Middlebury College
1833420,2019-08-29,213842,Standard Grant,Investigation of the triple oxygen isotope systematics of shales in the Precambrian,University of Oregon Eugene
1933148,2019-08-29,49580,Standard Grant,Workshopping and relationship-building to promote pathways in STEM higher education: UCLA and NTU,University of California-Los Angeles
1935321,2019-08-29,499823,Continuing Grant,RCN: Community-based educational infrastructure for numerical simulation in the Earth Sciences: a reactive transport use case,Colorado School of Mines
1950101,2019-08-29,237072,Standard Grant,Collaborative Research: Sediment Transport Mechanisms and Geomorphic Processes Associated with Shore Ice along Cold Climate Coastlines,Michigan State University
1935290,2019-09-05,44888,Standard Grant,RAPID: Assessing the fate of flood-born contaminants,Missouri University of Science and Technology
1950674,2019-09-09,108878,Continuing Grant,Collaborative Research: Establishing a Novel Geophysical Monitoring Scheme for Delineating In Situ Carbonation Processes in Ultramafic Complexes,Woods Hole Oceanographic Institution
1905733,2019-09-10,413574,Standard Grant,Collaborative Research: Development of a turnkey SQUID microscope platform for paleomagnetism and installation in a National Multi-User Facility,Massachusetts Institute of Technology
1906042,2019-09-10,42250,Standard Grant,Collaborative Research: Development of a turnkey SQUID microscope platform for paleomagnetism and installation in a National Multi-User Facility,California Institute of Technology
2001463,2019-10-29,116991,Standard Grant,Collaborative Research: Paleoseismology of the M7.3 1915 Pleasant Valley Earthquake Ruptures,North Carolina State University
2001388,2019-11-12,50956,Standard Grant,EAGER: Collaborative Research:  Positron annihilation spectroscopy of Earth materials:  A combined materials characterization approach,Union College
2001444,2019-11-12,22189,Standard Grant,EAGER: Collaborative Research: Positron annihilation spectroscopy of Earth materials:A combined materials characterization approach,Rensselaer Polytechnic Institute
2004684,2019-11-20,251449,Standard Grant,Collaborative Research: Permanent forearc strain partitioning in Northern Cascadia,Northern Arizona University
1940026,2019-12-06,354609,Standard Grant,Constraining Frictional and Low-Temperature Plastic Rheology of Oceanic Lithosphere by Modeling Observations of Load-Induced Deformation from the Hawaiian Islands to Japan Trench,University of Colorado at Boulder
2005439,2019-12-06,199947,Standard Grant,"RAPID: Characterizing the Sedimentary Archive of the Longest Mississippi River Flood on Record, while Implementing a New Model for Inclusive Undergraduate Geoscience Research",Denison University
1903749,2019-12-12,5000000,Continuing Grant,International Continental Scientific Drilling Program (ICDP) - FY2019-2023,HELMHOLTZ-ZENTRUM POTSDAM - DEUTSCHES GEOFORSCHUNGSZENTRUM GFZ
2001541,2019-12-13,97836,Standard Grant,"Collaborative research: Investigating effects of geologic complexity on induced seismicity, using M0-M5.7 seismicity from Prague, Oklahoma",University of California-Santa Cruz
2007057,2019-12-13,132855,Standard Grant,"Collaborative Research: How are Rhyolites Generated? Evaluating Models for the Volcanic-plutonic Connection in the Searchlight Magmatic System, Nevada",Stanford University
1939000,2019-12-26,221014,Standard Grant,"RUI: Quantifying the effects of wildfire burning on 10Be concentrations in river sand - A study of the 2018 Woolsey Fire, Santa Monica Mountains, CA",Eastern Michigan University
1949895,2020-01-07,319479,Standard Grant,Lawsonite: an exceptional geochemical archive in HP/LT rocks,University of Minnesota-Twin Cities
1951202,2020-01-07,253012,Continuing Grant,Collaborative Research: HIPER - 3D Onshore-Offshore Imaging of Controls on Subduction Zone Megathrust Rupture and Slip Behavior,University of Arizona
1951203,2020-01-07,350991,Continuing Grant,Collaborative Research: HIPER - 3D Onshore-Offshore Imaging of Controls on Subduction Zone Megathrust Rupture and Slip Behavior,Lehigh University
2015311,2020-01-07,49104,Standard Grant,RAPID: Groundwater resilience to hydrologic extremes and climate variability: The case of Hurricane Dorian,"University Enterprises, Incorporated"
1944782,2020-01-09,622338,Continuing Grant,CAREER: Alluvial-river dynamics through watershed networks,University of Minnesota-Twin Cities
1945431,2020-01-09,537659,Continuing Grant,CAREER: Understanding the Effects of Bedrock Fractures and Weathering on Shallow and Deep-seated Landslides,University of California-Los Angeles
1945970,2020-01-09,55371,Standard Grant,"NSF-BSF: Collaborative research: The Processes and feedbacks that induce multi-scale interactions between local divide migration, drainage reversal and escarpment evolution",Colorado State University
1946253,2020-01-09,292156,Continuing Grant,"NSF-BSF: Collaborative research: The Processes and feedbacks that induce multi-scale interactions between local divide migration, drainage reversal and escarpment evolution",University of Pittsburgh
1944723,2020-01-10,497757,Continuing Grant,"CAREER: Reactivation controls, timescales, and styles at quiescent hotspot volcanoes: Insights from the Canary Islands",CUNY Queens College
1949655,2020-01-10,62010,Standard Grant,Collaborative Research: Tracking Novel Metal Isotope Signatures during Subduction Metamorphism,Indiana University
1949665,2020-01-10,222600,Standard Grant,Collaborative Research: Tracking Novel Metal Isotope Signatures during Subduction Metamorphism,University of Massachusetts Lowell
2003104,2020-01-10,33700,Standard Grant,"The 2020 MagIC Workshop: Rock and Paleomagnetism through Time and Space; March 2020; La Jolla, CA",University of California-San Diego Scripps Inst of Oceanography
2000748,2020-01-14,50000,Standard Grant,"A Proposal for Travel Support for Students International Sedimentary Geoscience Congress Flagstaff, AZ, USA, 26-29 April, 2020",Society of Sedimentary Geology SEPM
1942042,2020-01-15,558238,Continuing Grant,"CAREER: Petrogenesis of Hawaiian lavas, Constraints from metal stable isotopes",University of Nevada Las Vegas
2015861,2020-01-17,20000,Standard Grant,"AGU Chapman Conference on Distributed Volcanism; Flagstaff, AZ; March 2020",University of South Florida
1943629,2020-01-21,664500,Continuing Grant,CAREER: Linking the stable isotope record of Earth's surface and interior across the Great Oxidation Event,California Institute of Technology
1945974,2020-01-21,381424,Standard Grant,Goethite Internal Thermometry - Improvements and Applications,California Institute of Technology
1945264,2020-01-23,601711,Continuing Grant,CAREER: Path Dependent Slip of the Shallow Subduction Megathrust,William Marsh Rice University
1945513,2020-01-23,497920,Continuing Grant,CAREER: High-resolution Simulations of Subduction Along the Pacific Rim of Fire,SUNY at Buffalo
1946651,2020-01-23,248713,Continuing Grant,Constraining the release of oxidizing fluids from the mafic slab during subduction,Boston College
1946762,2020-01-23,354803,Continuing Grant,Collaborative research: Controls of climate and dust on soil chemical erosion and nutrient supply,University of Wisconsin-Madison
1946856,2020-01-23,322035,Continuing Grant,Collaborative research: Controls of climate and dust on soil chemical erosion and nutrient supply,University of California-San Diego Scripps Inst of Oceanography
1935200,2020-01-24,337649,Standard Grant,RUI: Water from Stone -- Investigating the Hydrologic Role of Rock Glaciers,Middlebury College
1936671,2020-01-24,450420,Standard Grant,RUI: Groundwater occurrence and discharge at coral atoll and barrier reef systems,California State University-Long Beach Foundation
1945013,2020-01-29,636409,Continuing Grant,CAREER: Do Species Track Climate? Paleoecology to Disentangle Niche Dynamics,Georgia Tech Research Corporation
2001169,2020-01-29,46168,Standard Grant,"Workshop: 6th Biennial Structural Geology and Tectonics Forum; Brunswick, ME; June 2020",Bowdoin College
1946434,2020-01-30,327781,Standard Grant,The granular physics contribution to rate- and state-dependent fault friction,Princeton University
1944880,2020-01-31,511521,Continuing Grant,CAREER: The influence of turbulence to mass transport in complex aquatic habitats,The University of Central Florida Board of Trustees
1945388,2020-01-31,495486,Continuing Grant,CAREER: Acid Rain to Agriculture: An Integrated Research and Education Platform to Understand Human Manipulation of the Sulfur Cycle,University of Colorado at Boulder
1951314,2020-01-31,213049,Continuing Grant,"Collaborative Research: Experiments and Simulations at the Nexus of Geophysics, Chemistry, Materials Science and Mechanics to Determine the Physical Basis for Rate-State Friction",University of Wisconsin-Madison
1951462,2020-01-31,258847,Continuing Grant,"Collaborative Research: Experiments and Simulations at the Nexus of Geophysics, Chemistry, Materials Science and Mechanics to Determine the Physical Basis for Rate-State Friction",University of Pennsylvania
1951467,2020-01-31,167977,Continuing Grant,"Collaborative Research: Experiments and Simulations at the Nexus of Geophysics, Chemistry, Materials Science and Mechanics to Determine the Physical Basis for Rate-State Friction",Texas A&M University
2016009,2020-01-31,31300,Standard Grant,"2020 Flow and Transport in Permeable Media GRC/GRS; Switzerland, July 2020",Gordon Research Conferences
1945270,2020-02-03,536039,Continuing Grant,CAREER: Unraveling the Multiscale Asymptotic Dynamics of Planetary Dynamos,University of Colorado at Boulder
1947614,2020-02-03,300000,Standard Grant,The effect of rotational evolution on the surface and interior of the early Earth,California Institute of Technology
2018714,2020-02-03,49845,Standard Grant,RAPID:  Assessing Thermal and Chemical Response of Hot-springs to Puerto Rico’s Continuing 2020 Seismic Sequence,University of Puerto Rico Mayaguez
1932808,2020-02-04,580146,Standard Grant,Cataclysmic erasure of mountain topography and major unrealized seismic hazards in the northern Basin and Range,University of Kentucky Research Foundation
1942460,2020-02-05,651725,Continuing Grant,CAREER: Deciphering the mechanisms of forearc basin formation by engaging undergraduate and middle school students in field and analytical geoscience research,Montana State University
1945504,2020-02-05,833114,Continuing Grant,CAREER: From the forest to the stream: Exploring forest land cover controls on dissolved organic matter character and aquatic ecosystem respiration in headwater streams,Colorado State University
1937343,2020-02-06,281047,Standard Grant,Collaborative Research: Quantifying crustal hydration effects in the Colorado Plateau from xenoliths,University of Colorado at Boulder
1937347,2020-02-06,171072,Standard Grant,Collaborative Research: Quantifying crustal hydration effects in the Colorado Plateau from xenoliths,Utah State University
1946911,2020-02-06,399493,Standard Grant,Mafic inclusions in migmatite domes: exceptional pressure-temperature-time records of crustal flow,University of Minnesota-Twin Cities
1946292,2020-02-07,325769,Standard Grant,Collaborative Research: Testing competing models for the origin and magma transport dynamics of the Columbia River LIP,Portland State University
1946347,2020-02-07,374888,Continuing Grant,Collaborative Research: Cascadia2020: Investigating subduction zone segmentation with a 3D high-resolution Vp model,Oregon State University
1946396,2020-02-07,146898,Standard Grant,Collaborative Research: Cascadia2020: Investigating subduction zone segmentation with a 3D high-resolution Vp model,South Dakota School of Mines and Technology
1946426,2020-02-07,278013,Continuing Grant,Collaborative research: Cascadia2020: Investigating subduction zone segmentation with a 3D high-resolution Vp model,University of Oregon Eugene
1946545,2020-02-07,56708,Standard Grant,Collaborative Research: Testing competing models for the origin and magma transport dynamics of the Columbia River LIP,Washington State University
1946680,2020-02-07,85488,Standard Grant,"Collaborative Research: An Alaskan perspective on middle Paleozoic terrane translation,  contraction, and subduction initiation in northwestern Laurentia",Washington and Lee University
1947071,2020-02-07,278878,Standard Grant,"Collaborative Research: An Alaskan perspective on middle Paleozoic terrane translation, contraction, and subduction initiation in northwestern Laurentia",University of Iowa
1947074,2020-02-07,249582,Standard Grant,"Collaborative Research: An Alaskan perspective on middle Paleozoic terrane translation, contraction, and subduction initiation in northwestern Laurentia",Dartmouth College
1948259,2020-02-07,125207,Standard Grant,"RUI: Collaborative Research: Testing the controls on eruption size and style at intermediate arc volcanoes: Evidence from the Holocene record at Augustine Volcano, USA",Colgate University
1948268,2020-02-07,164796,Standard Grant,"RUI: Collaborative Research: Testing the controls on eruption size and style at intermediate arc volcanoes: Evidence from the Holocene record at Augustine Volcano, USA",Middlebury College
1944457,2020-02-10,499668,Continuing Grant,"CAREER: Observation-Driven Mapping of the Linkages between the Terrestrial Water, Energy and Carbon Cycles",George Washington University
1947448,2020-02-10,465695,Continuing Grant,Earthquake Sequence Simulations with Thermomechanical Coupling and Fault-Zone Fluid Transport,Stanford University
1951142,2020-02-10,382922,Standard Grant,Cooling During Deformation: An Overlooked Scenario with Implications for the Analysis of Ductily Deformed Rocks,CUNY City College
2016301,2020-02-12,24000,Standard Grant,"Support for Beginning Investigators to Attend the 17th SEDI Symposium; Taipei, Taiwan; July 6-10, 2020",Simon's Rock of Bard College
1940994,2020-02-13,338403,Standard Grant,"Collaborative Research: Integrating Petrochronology, Magma Dynamics, and Volcanic Unrest at the Three Sisters Volcanic Complex",University of Oregon Eugene
1941062,2020-02-13,19223,Standard Grant,"Collaborative Research: Integrating Petrochronology, Magma Dynamics, and Volcanic Unrest at the Three Sisters Volcanic Complex",Carnegie Institution of Washington
1945036,2020-02-13,610283,Continuing Grant,CAREER: Understanding the dynamics and predictability of land-to-aquatic nitrogen loading under climate extremes by combining deep learning with process-based modeling,Iowa State University
1946342,2020-02-13,365149,Standard Grant,"Formation, morphology, and retreat of autogenic waterfalls","Board of Regents, NSHE, obo University of Nevada, Reno"
1941953,2020-02-18,532857,Continuing Grant,CAREER: Measuring the tectonic and volcanic stresses* preserved in crystals,Baylor University
1931756,2020-02-20,454047,Standard Grant,Collaborative Research: Data Fusion for Characterizing and Understanding Water Flow Systems in Karst Aquifers,University of Arizona
1933365,2020-02-20,159996,Standard Grant,Collaborative Research: Data Fusion for Characterizing and Understanding Water Flow Systems in Karst Aquifers,University of Iowa
1933779,2020-02-20,421448,Standard Grant,Collaborative Research: Data Fusion for Characterizing and Understanding Water Flow Systems in Karst Aquifers,University of Kentucky Research Foundation
1945685,2020-02-20,498824,Standard Grant,A framework for modeling flow over flexible submerged aquatic vegetation,University of Florida
1934221,2020-02-21,52488,Standard Grant,Upgrade of Spinner Magnetometer for Continuing and New Paleomagnetic Research Objectives at Tufts University,Tufts University
1940730,2020-02-24,175565,Standard Grant,Acquisition of Tabletop SEM for the University of Rochester Experimental Geochemistry Laboratory,University of Rochester
1943742,2020-02-24,599979,Continuing Grant,CAREER: Investigating the Relationship between Fault Damage Zones and Earthquakes through Seismic Observations and Earthquake Cycle Simulations,Regents of the University of Michigan - Ann Arbor
2019910,2020-02-24,12489,Standard Grant,RAPID: Capture of ephemeral fault slip data from the North Anatolian slow slip event Dec2019 and triggered slip data from the East Anatolian Mw=6.8 earthquake,University of Colorado at Boulder
1939964,2020-02-25,255595,Standard Grant,"Evaluating the causes of protracted explosive eruptions at Kilauea Volcano, Hawaii",University of Delaware
1943574,2020-02-25,755727,Continuing Grant,CAREER: Unveiling the role of catchment physiography in the  hydrologic response of headwater streams,Oregon State University
2020059,2020-02-25,118391,Standard Grant,Collaborative Research: Controls on along-strike variations in locked and creeping megathrust behavior at the Hikurangi convergent margin,University of Texas at Austin
1932087,2020-02-26,88159,Standard Grant,Collaborative Research: Tracing Coal Ash Solids in the Environment - Implications for long-term contamination of the aquatic ecosystem,Appalachian State University
1932649,2020-02-26,227296,Standard Grant,Collaborative Research: Tracing Coal Ash Solids in the Environment - Implications for long-term contamination of the aquatic ecosystem,Duke University
1945446,2020-02-26,699527,Continuing Grant,CAREER: Developing novel biomarker proxies to constrain Neogene changes in African woody cover and paleoecological contexts of hominin evolution,Columbia University
2022264,2020-02-26,20321,Standard Grant,RAPID: Quantifying Post-Seismic Crustal Deformation in Southwestern Puerto Rico,University of Puerto Rico Mayaguez
2022468,2020-02-26,38704,Standard Grant,"RAPID GPS data acquisition in Jamaica for coseismic and postseismic studies of the Jan. 28, 2020 M=7.7 Oriente Fault earthquake",University of Wisconsin-Madison
1930979,2020-02-28,200480,Standard Grant,Computational simulations of volcanic eruptions and infrasound,Stanford University
1936254,2020-02-28,399265,Standard Grant,Community Facility Support: The Global CMT Project,Columbia University
1942431,2020-02-28,560000,Continuing Grant,CAREER: Modification of a Continent: Seismic Tomography and Imaging of the Northern American Lithosphere,Michigan State University
1955127,2020-02-28,149512,Standard Grant,Development of an integrated Borehole Geodetic and Seismic Sensor:  Project Completion,University of California-San Diego Scripps Inst of Oceanography
1939977,2020-03-02,389205,Standard Grant,Resolving uncertainties in sewage subsidies to urban aquatic ecosystems using continuous sensing and stable isotopes,University of Pittsburgh
1952088,2020-03-04,397057,Continuing Grant,"Constraints on genetic relationships between organic-rich black shales and Zn-Pb mineralization in the Mid-Continent Region, U.S.A.",University of Arkansas
1945763,2020-03-06,152520,Standard Grant,Acquisition of a Rock Deformation Apparatus to Study Rheology and Microstructure,Washington University
1949148,2020-03-06,311203,Standard Grant,Collaborative Research: Evaluating The Exhumation History of the Aleutians with Zircon And Apatite Thermochronology,University of Southern California
1949160,2020-03-06,38334,Standard Grant,Collaborative Research: Evaluating the Exhumation History of the Aleutians with Zircon and Apatite Thermochronology,California Institute of Technology
2015680,2020-03-06,48689,Standard Grant,"Hydro-ML: Symposium on Big Data Machine Learning in Hydrology and Water Resources; Pennsylvania, May 25-29, 2020",Pennsylvania State Univ University Park
2018988,2020-03-06,20000,Standard Grant,"Community Facility Support: Travel support for student participation at the 2020 Electron Backscatter Diffraction Topical Conference; Ann Arbor, MI - June 2020",Regents of the University of Michigan - Ann Arbor
1954973,2020-03-10,436154,Standard Grant,Acquisition of a high-field variable-temperature SQUID magnetometer,University of Minnesota-Twin Cities
2022465,2020-03-10,135252,Standard Grant,"Collaborative Research: A New Sanidine-Liquid Hygrometer: Experiments, Calibration and Applications",New Mexico Institute of Mining and Technology
1933122,2020-03-12,449322,Standard Grant,Collaborative Research: Improving and calibrating a Tunable Infrared Laser Direct Absorption Spectroscopy (TILDAS) system for clumped isotope analysis of CO2,University of Arizona
1933130,2020-03-12,50205,Standard Grant,Collaborative Research: Improving and calibrating a Tunable Infrared Laser Direct Absorption Spectroscopy (TILDAS) system for clumped isotope analysis of CO2,University of Washington
1950328,2020-03-12,238699,Standard Grant,Collaborative Research: Controlled source seismic investigation of the top of the Yellowstone magmatic system,University of New Mexico
1950331,2020-03-12,196458,Standard Grant,Collaborative Research: Controlled source seismic investigation of the top of the Yellowstone magmatic system,University of Utah
2018087,2020-03-16,55200,Standard Grant,Diversifying geochemistry – travel support for students from under-represented constituencies to attend the Goldschmidt Conference; 2020-2022,The Geochemical Society
2023710,2020-03-16,255106,Standard Grant,Collaborative Research: An Inter-disciplinary Approach to Constraining Paleo-geomorphic Responses to the Eocene-Oligocene Hothouse to Icehouse Transition,Denison University
1940266,2020-03-17,100969,Standard Grant,"Collaborative Research: Beyond the big ones: Petrochronologic investigation of Quaternary small-volume volcanism in the Black Rock Desert, Utah",University of Wisconsin-Madison
1940305,2020-03-17,307968,Standard Grant,"Collaborative Research-RUI: Beyond the big ones: Petrochronologic investigation of Quaternary small-volume volcanism in the Black Rock Desert, Utah",WESTMINSTER UNIVERSITY
1944552,2020-03-17,546648,Continuing Grant,"CAREER: Investigating the source, transport and deposition of economically important metals in the lower continental crust",Missouri University of Science and Technology
1949219,2020-03-17,266406,Continuing Grant,Constraining properties of pyroclastic density currents with remote infrasound and seismic observations,University of Oregon Eugene
1951166,2020-03-17,61910,Standard Grant,Collaborative Research: Mantle metasomatism during serpentinization in subduction zones: Insights from in-situ boron isotopes,American Museum Natural History
1951172,2020-03-17,160565,Standard Grant,Collaborative Research: Mantle metasomatism during serpentinization in subduction zones: Insights from in-situ boron isotopes,CUNY Brooklyn College
1952905,2020-03-17,174000,Fellowship Award,EAR-PF: Fault-rock trapped-charge and 4He/3He thermochronometry: new  paleothermometers to assess scales and rates of fault slip,"Odlum, Margaret"
2024104,2020-03-17,49500,Standard Grant,Support for the 2020 Gordon Research Conference/Seminar on Rock Deformation: Combining Laboratory Measurements with Observational Constraints to Understand Tectonic Processes,University of California-Santa Cruz
1946945,2020-03-18,231783,Standard Grant,Acquisition of TQ-ICP-MS for Geochemical Research in the Department of Earth and Environmental Science at the University of Minnesota,University of Minnesota-Twin Cities
1947875,2020-03-18,552524,Continuing Grant,COLLABORATIVE RESEARCH: GI CATALYTIC TRACK: Cyberinfrastructure for Intelligent High-Resolution Snow Cover Inference from Cubesat Imagery,University of Washington
1947893,2020-03-18,47172,Continuing Grant,COLLABORATIVE RESEARCH: GI CATALYTIC TRACK: Cyberinfrastructure for Intelligent High-Resolution Snow Cover Inference from Cubesat Imagery,George Mason University
1937423,2020-03-19,311906,Standard Grant,Collaborative Research: Bioavailability of mineral-associated molybdenum as a cofactor of Nif nitrogenase for N2 fixation,Miami University
1937843,2020-03-19,100493,Standard Grant,Collaborative Research: Bioavailability of mineral-associated molybdenum as a cofactor of Nif nitrogenase for N2 fixation,North Carolina State University
1943286,2020-03-19,622222,Continuing Grant,CAREER: Persistent vertebrate communities in deep time and the great Triassic-Jurassic vertebrate transition,Virginia Polytechnic Institute and State University
1948660,2020-03-19,589480,Continuing Grant,Collaborative Research: Community tools for automated paleoenvironmental interpretation from sedimentary field data,Texas A&M University
1948765,2020-03-19,308259,Continuing Grant,Collaborative Research: Community tools for automated paleoenvironmental interpretation from sedimentary field data,Pennsylvania State Univ University Park
1949073,2020-03-19,390663,Continuing Grant,Contrasting active magma- and fault-dominated segments of the East African Rift through the synthesis of InSAR and GPS time series: Implications for rifting dynamics and hazards,University of Hawaii
1952641,2020-03-19,332830,Standard Grant,Volatiles in silicate melts: From geophysical detection to primordial reservoirs,University of Colorado at Boulder
1945565,2020-03-20,620624,Continuing Grant,"CAREER: (An)elastic mantle structure based on 3D wave simulations & full waveform inversion: From GLobal ADjoint models to visualization of Slabs, Plumes And Convection in MANtle",Colorado School of Mines
1946346,2020-03-20,200390,Standard Grant,Development of an experimental technique for characterizing the effects of magma flow in porous media,University of Utah
1948602,2020-03-20,757597,Continuing Grant,A Sustainable Plan for the Future of the Generic Mapping Tools,University of Hawaii
1952715,2020-03-20,174000,Fellowship Award,EAR-PF Short- and long-term effects of wildfire and permafrost thaw on mercury cycling and bioavailability across a major northern river delta landscape,"Zolkos, Scott P"
2001352,2020-03-20,510600,Standard Grant,P2C2: Collaborative Research: Timing of the Glacial Termination in Southernmost South America,University of Maine
2001401,2020-03-20,31191,Standard Grant,P2C2: Collaborative Research: Timing of the Glacial Termination in Southernmost South America,University of Arizona
2024388,2020-03-20,334681,Standard Grant,Collaborative Research - Digging deeper: Do deeper roots enhance deeper water and carbon fluxes and alter the trajectory of chemical weathering in woody-encroached grasslands?,Oregon State University
2014921,2020-03-23,43000,Standard Grant,Workshop on Heavy Mineral Analysis in Solving Tectonic Problems at the University of Iowa; November 2020,University of Iowa
2022671,2020-03-23,56710,Standard Grant,Collaborative Research: Reproducible research and educational software for geoscience data analysis in spherical and planar geometry,University of Alabama Tuscaloosa
1948746,2020-03-24,453467,Continuing Grant,Collaborative Research: PReSto: A Paleoclimate Reconstruction Storehouse to Broaden Access and Accelerate Scientific Inference,Northern Arizona University
1948822,2020-03-24,347629,Continuing Grant,Collaborative Research: PReSto: A Paleoclimate Reconstruction Storehouse to Broaden Access and Accelerate Scientific Inference,University of Southern California
1933172,2020-03-25,265522,Standard Grant,"GEMT: Collaborative Research: From grain to rock and back again: Elucidating the coordinated evolution of exhumation pathways, rock strength and topography in the Taiwanese orogen",Oregon State University
1933203,2020-03-25,471887,Standard Grant,"GEMT: Collaborative research: From grain to rock and back again: Elucidating the coordinated evolution of exhumation pathways, rock strength and topography in the Taiwanese orogen",Pennsylvania State Univ University Park
1948857,2020-03-25,286907,Continuing Grant,Collaborative Research: OpenTopography - A cyberinfrastructure facility for advancing geoscience research and education,Arizona State University
1948994,2020-03-25,729930,Continuing Grant,Collaborative Research: OpenTopography - A cyberinfrastructure facility for advancing geoscience research and education,EARTHSCOPE CONSORTIUM INC.
1948997,2020-03-25,1536243,Continuing Grant,Collaborative Research: OpenTopography - A Cyberinfrastructure Facility for Advancing Geoscience Research and Education,University of California-San Diego
2015601,2020-03-25,197832,Standard Grant,"Collaborative research: Evaluating the drivers of exhumation during accretionary orogenesis: A field-based investigation in the Salmon River Suture Zone, Idaho",Washington State University
2015604,2020-03-25,122964,Standard Grant,"Collaborative research: Evaluating the drivers of exhumation during accretionary orogenesis: A field-based investigation in the Salmon River Suture Zone, Idaho",Missouri State University
1933010,2020-03-26,287760,Standard Grant,Collaborative Research: Hydrologic Dynamics in a Coastal Aquifer During an Extreme Multi-Hazard Coastal Storm,Woods Hole Oceanographic Institution
1933058,2020-03-26,496453,Standard Grant,Collaborative Research: Hydrologic Dynamics in a Coastal Aquifer During an Extreme Multi-Hazard Coastal Storm,University of Massachusetts Lowell
1939347,2020-03-27,193971,Standard Grant,"4-D Reconstruction of Magmatism at a long-lived Andesite Locus: Goat Rocks Volcanic Complex, Cascade Arc",Oregon State University
1950113,2020-03-27,336921,Standard Grant,On the physics of crystal-rich mush,University of Washington
1953778,2020-03-27,415920,Standard Grant,NSFGEO-NERC: CSEDI-On the origin of extreme variations in Earth's magnetic field,University of California-San Diego Scripps Inst of Oceanography
1947439,2020-03-30,514496,Standard Grant,Grain and Phase Boundaries in Mantle Assemblages: Atom Probe and Electron Microscopy/Diffraction Approaches,Brown University
1948938,2020-04-08,428197,Continuing Grant,Collaborative Research: River Morphology Data and Analysis Tools (RiverMorph): A Web Platform for Enabling River Morphology Research,Purdue University
1948940,2020-04-08,90724,Continuing Grant,Collaborative Research: River Morphology Data and Analysis Tools (RiverMorph): A Web Platform for Enabling River Morphology Research,Saint Louis University
1948944,2020-04-08,504396,Continuing Grant,Collaborative Research: River Morphology Data and Analysis Tools (RiverMorph): A Web Platform for Enabling River Morphology Research,University of Iowa
1948972,2020-04-08,48704,Continuing Grant,Collaborative Research: River Morphology Data and Analysis Tools (RiverMorph): A Web Platform for Enabling River Morphology Research,University of Colorado at Boulder
1952627,2020-04-08,174000,Fellowship Award,EAR-PF: Uncovering climate-driven impacts on high-latitude aquifer-ocean exchange,"Guimond, Julia"
1952698,2020-04-08,174000,Fellowship Award,EAR-PF: Quartz-in-zircon: An elastic model for quantifying depth and time scales of crystallization and exhumation of Hadean zircon,"Gonzalez, Joseph P"
1951905,2020-04-13,229677,Standard Grant,Resolving Mesoproterozoic supercontinent configuration with an integrated multi-tool approach to sedimentary provenance analysis,University of Massachusetts Lowell
1946349,2020-04-14,120130,Standard Grant,RUI: Collaborative Research: Early Cenozoic basin development in the southwestern US: a record of extensional collapse following subduction of an oceanic plateau?,Oregon State University
1946418,2020-04-14,278858,Standard Grant,RUI: Collaborative Research: Early Cenozoic basin development in the southwestern US: a record of extensional collapse following subduction of an oceanic plateau?,"The University Corporation, Northridge"
1948834,2020-04-14,103886,Continuing Grant,"Collaborative Research: Synthesizing arc-scale geochemical, petrologic, and geophysical datasets to investigate causes of volcanic diversity in the Cascade Arc",Cornell University
1948862,2020-04-14,229009,Continuing Grant,"Collaborative Research: Synthesizing arc-scale geochemical, petrologic, and geophysical datasets to investigate causes of volcanic diversity in the Cascade Arc",Oregon State University
1949173,2020-04-14,262679,Continuing Grant,"Collaborative Research: Synthesizing arc-scale geochemical, petrologic, and geophysical datasets to investigate causes of volcanic diversity in the Cascade Arc",Arizona State University
2026780,2020-04-14,164897,Standard Grant,EAGER: Collaborative Research: Invisible Floods on the Mississippi River Floodplain: Unravelling the Causes of Urban Flooding in a Community-Centered Approach to Geomorphology,Washington University
2026789,2020-04-14,135071,Standard Grant,EAGER: Collaborative Research: Invisible Floods on the Mississippi River Floodplain: Unravelling the Causes of Urban Flooding in a Community-Centered Approach to Geomorphology,Williams College
1946662,2020-04-15,236676,Standard Grant,Collaborative Research: Internal and external drivers of orogenic episodicity in the Ecuadorian Andes,University of Wyoming
1946700,2020-04-15,232247,Standard Grant,Collaborative Research: Internal and external drivers of orogenic episodicity in the Ecuadorian Andes,University of Texas at Austin
1947616,2020-04-15,705668,Continuing Grant,Geoinformatics Facility: Integration of alphaMELTS petrologic software with flexible modeling environments,California Institute of Technology
1948227,2020-04-22,92374,Continuing Grant,"Collaborative Research: Neotoma Paleoecology Database, a Multi-Proxy, International, Community-Curated Data Resource for Global Change Research",Science Museum of Minnesota
1948229,2020-04-22,197225,Continuing Grant,"Collaborative Research: Neotoma Paleoecology Database, a Multi-Proxy, International, Community-Curated Data Resource for Global Change Research",Pennsylvania State Univ University Park
1948297,2020-04-22,32421,Continuing Grant,"Collaborative  Research: Neotoma  Paleoecology Database, a Multi-Proxy, International, Community-Curated Data Resource for Global Change Research",Kent State University
1948340,2020-04-22,122850,Continuing Grant,"Collaborative Research: Neotoma Paleoecology Database, a Multi-Proxy, International, Community-Curated Data Resource for Global Change Research",University of Oregon Eugene
1948386,2020-04-22,47702,Continuing Grant,"Collaborative Research: Neotoma Paleoecology Database, a Multi-Proxy, International, Community-Curated Data Resource for Global Change Research",Lehigh University
1948579,2020-04-22,61613,Continuing Grant,"Collaborative Research: Neotoma Paleoecology Database, a Multi-Proxy, International, Community-Curated Data Resource for Global Change Research",University of California - Merced
1948628,2020-04-22,53989,Continuing Grant,"Collaborative Research: Neotoma Paleoecology Database, a Multi-Proxy, International, Community-Curated Data Resource for Global Change Research",University of Georgia Research Foundation Inc
1948659,2020-04-22,59871,Continuing Grant,"Collaborative Research: Neotoma Paleoecology Database, a Multi-Proxy, International, Community-Curated Data Resource for Global Change Research",Vanderbilt University
1948689,2020-04-22,87432,Continuing Grant,"Collaborative Research: Neotoma Paleoecology Database, a Multi-Proxy, International, Community-Curated Data Resource for Global Change Research",Academy of Natural Sciences Philadelphia
1948926,2020-04-22,318563,Continuing Grant,"Collaborative Research: Neotoma Paleoecology Database, a Multi-Proxy, International, Community-Curated Data Resource for Global Change Research",University of Wisconsin-Madison
1935513,2020-04-27,340372,Standard Grant,Collaborative Research: Reconstructing paleo-sediment flux from river deposits: toward quantifying sediment discharge from bedform to basin scale,Pennsylvania State Univ University Park
1935669,2020-04-27,406054,Standard Grant,Collaborative Research: Reconstructing paleo-sediment flux from river deposits: toward quantifying sediment discharge from bedform to basin scale,University of California-Santa Barbara
1950681,2020-04-27,709427,Continuing Grant,REU Site: Research Experience for Community College Students (RECCS) in the Geosciences,University of Colorado at Boulder
1948831,2020-04-28,666472,Standard Grant,Collaborative Research: Geoinformatics: Facility: Paleobiology Database: Preserving and Presenting Ancient Data for Future Research,George Mason University
1948843,2020-04-28,428774,Standard Grant,Collaborative Research: Geoinformatics: Facility: Paleobiology Database: Preserving and Presenting Ancient Data for Future Research,University of Wisconsin-Madison
1949030,2020-04-28,498034,Continuing Grant,WORM: The Water-Organic-Rock-Microbe Reaction Modeling Ecosystem,Arizona State University
2001043,2020-04-28,136725,Standard Grant,CSEDI: Collaborative Research: Experimental Partitioning of Highly Siderophile Elements at Ultratrace Level for Understanding the Conditions of Core Formation,Washington University
2001098,2020-04-28,362638,Standard Grant,CSEDI Collaborative Research: Experimental Partitioning of Highly Siderophile Elements at Ultratrace Level for Understanding the Conditions of Core Formation,University of Chicago
1951185,2020-04-30,205976,Standard Grant,Collaborative Research: Steepland dynamics and steady-state forms resulting from debris flows,"Board of Regents, NSHE, obo University of Nevada, Reno"
1951274,2020-04-30,315385,Standard Grant,Collaborative Research: Steepland dynamics and steady-state forms resulting from debris flows,University of Arizona
2029920,2020-04-30,89945,Standard Grant,RAPID: Teaching field geology without classes in the field - providing a robust capstone experience through digital resources,University of the Pacific
2029940,2020-05-01,73643,Standard Grant,"RAPID: Seismo-acoustic radiation from a local earthquake aftershock sequence: how, when, and why seismic waves cross the ground-atmosphere interface",Boise State University
1948874,2020-05-04,284432,Continuing Grant,Support for a 3D Magnetotelluric Inversion Facility,Oregon State University
1951112,2020-05-04,7294170,Cooperative Agreement,Community Facility Support: Management and Operation of a Continental Scientific Drilling and Coring Facility,University of Minnesota-Twin Cities
2002463,2020-05-04,40496,Standard Grant,P2C2: Collaborative Research: Transient forcing of the Local Last Glacial Maximum in the tropical Peruvian Andes,University of Minnesota Duluth
2002476,2020-05-04,165597,Standard Grant,P2C2: Collaborative Research: Transient forcing of the Local Last Glacial Maximum in the tropical Peruvian Andes,University of New Hampshire
2002506,2020-05-04,305859,Standard Grant,P2C2: Collaborative Research: Transient forcing of the Local Last Glacial Maximum in the tropical Peruvian Andes,"OHIO STATE UNIVERSITY, THE"
2002541,2020-05-04,229506,Standard Grant,P2C2: Collaborative Research: Transient forcing of the Local Last Glacial Maximum in the tropical Peruvian Andes,Northern Illinois University
2028737,2020-05-04,49611,Standard Grant,RAPID: Collaborative Research: Increased access to infrastructure for distance education in hydrologic science,Indiana University
2028778,2020-05-04,20552,Standard Grant,RAPID: Collaborative Research: Increased access to infrastructure for distance education in hydrologic science,Colorado State University
2028793,2020-05-04,19569,Standard Grant,RAPID: Collaborative Research: Increased access to infrastructure for distance education in hydrologic science,Consortium of Universities for the Advancement of Hydrologic Sci
2030130,2020-05-04,88155,Standard Grant,RAPID: Hydrologic control on SARS-CoV-2 transfer to streams,Yale University
2029803,2020-05-05,133514,Continuing Grant,Collaborative Research: From Surface Dynamics to Strata: Quantifying the Signals of Surface Processes in Space and Time,Denison University
1945195,2020-05-06,495293,Continuing Grant,CAREER: The Role of Groundwater Storage in Earth System Dynamics; Research to Improve Understanding of Current Hydrologic Regimes and Future Climate Response,University of Arizona
1952740,2020-05-06,174000,Fellowship Award,EAR-PF: Reconstructing land-level change throughout prehistoric megathrust earthquake cycles at the Cascadia subduction zone,"Hong, Isabel"
1952808,2020-05-06,174000,Fellowship Award,"EAR-PF: Unleashing the petrogenetic potential of sanidine using a combined compositional, experimental, and 3D textural approach","Shamloo, Hannah I"
2011677,2020-05-06,110466,Standard Grant,Collaborative Research: After the Bridgerian Crash: An Integrated Analysis of Mammalian Paleocommunities and Paleoecologies During the Middle Eocene.,University of California-Los Angeles
2011685,2020-05-06,106524,Standard Grant,Collaborative Research: After the Bridgerian Crash: An Integrated Analysis of Mammalian Paleocommunities and Paleoecologies During the Middle Eocene.,Grand Valley State University
2011695,2020-05-06,239596,Standard Grant,Collaborative Research: After the Bridgerian Crash: An Integrated Analysis of Mammalian Paleocommunities and Paleoecologies During the Middle Eocene.,Midwestern University
2011698,2020-05-06,123065,Standard Grant,Collaborative Research: After the Bridgerian Crash: An Integrated Analysis of Mammalian Paleocommunities and Paleoecologies During the Middle Eocene.,San Diego Society of Natural History
2011741,2020-05-06,184258,Standard Grant,Collaborative Research: After the Bridgerian Crash: An Integrated Analysis of Mammalian Paleocommunities and Paleoecologies During the Middle Eocene.,University of Utah
1944161,2020-05-07,629841,Continuing Grant,CAREER:Characterizing Mountain System Aquifer Recharge in the Sierra Nevada Mountains of California,University of California-Riverside
2031614,2020-05-08,50000,Standard Grant,RAPID: Impact of CoVID-19 Stay-at-Home Orders on urban stream quality in Denver Metro Area with application for future urban living scenarios,Colorado School of Mines
1948453,2020-05-11,387146,Continuing Grant,Laboratory Acquisition Protocols and Standards (LAPS): A Standardized Digital Data System for Experimental Results,Massachusetts Institute of Technology
1951985,2020-05-11,369406,Standard Grant,From damage zone to core: quantifying mechanical and hydrological coupling during fault-zone structural evolution,University of Wisconsin-Madison
1952392,2020-05-11,174000,Fellowship Award,EAR-PF Investigating Volcanic Explosion Directivity Using Aerial Infrasound Observations with UAVs,"Iezzi, Alexandra Michelle"
1952645,2020-05-11,174000,Fellowship Award,EAR-PF: Plant Wax Transport and Integration Through the Late Holocene in Guatemala,"Parker, Wesley George"
1948806,2020-05-13,1605142,Continuing Grant,Collaborative Research: EarthChem & SESAR - Data Infrastructure for Geochemistry and Earth Science Samples Communities,Columbia University
1948813,2020-05-13,122599,Continuing Grant,Collaborative Research: EarthChem & SESAR - Data Infrastructure for Geochemistry and Earth Science Samples Communities,University of Kansas Center for Research Inc
1948828,2020-05-13,152523,Continuing Grant,Collaborative Research: EarthChem & SESAR - Data Infrastructure for Geochemistry and Earth Science Samples Communities,CUNY City College
1948838,2020-05-13,119518,Continuing Grant,Collaborative Research: EarthChem & SESAR - Data Infrastructure for Geochemistry and Earth Science Samples Communities,South Dakota School of Mines and Technology
1948737,2020-05-19,479796,Standard Grant,RCN: Distributed Acoustic Sensing (DAS) in Geosciences and Engineering,University of Wisconsin-Madison
1933298,2020-05-20,90372,Standard Grant,"Collaborative Research: Using Ca, Sr, Mg, and Fe isotope proxies to constrain redox and continental weathering during Ocean Anoxic Event 2",University of Wyoming
1933302,2020-05-20,212443,Standard Grant,"Collaborative Research: Using Ca, Sr, Mg, and Fe isotope proxies to constrain redox and continental weathering during Ocean Anoxic Event 2",University of Houston
1948584,2020-05-20,185140,Standard Grant,"Testing models of metamorphic sole formation and early subduction evolution in the Easton Metamorphic Suite, Northwest Cascades, Washington",Western Washington University
2025285,2020-05-21,562000,Standard Grant,Viscosity-driven Enhanced Hydrological Connectivity,University of Southern California
1947765,2020-05-27,79387,Continuing Grant,"Collaborative research: Implementation of Tensor Visualization guide (TVguide), an interactive visualization, analysis, and database tool for seismic anisotropy",University of Colorado at Boulder
1947865,2020-05-27,84636,Continuing Grant,"Collaborative research: Implementation of Tensor Visualization guide (TVguide), an interactive visualization, analysis and database tool for seismic anisotropy",Wayne State University
1952753,2020-05-28,174000,Fellowship Award,EAR-PF: Calibrating timescales and measuring pCO2 to test the role of volcanic forcing in the Miocene Climate Optimum,"Kasbohm, Jennifer Jean"
1952764,2020-05-28,174000,Fellowship Award,EAR-PF: Unraveling the Paleogene exhumation history of the Orocopia Schist in west-central Arizona,"Seymour, Nikki M"
1760203,2020-05-29,420380,Standard Grant,Mercury Stable Isotopes as a Proxy of Photic Zone Euxinia,Arizona State University
1945316,2020-05-29,583743,Continuing Grant,CAREER: Robust Isotopic Constraints on Primary Productivity from First Principles,William Marsh Rice University
1939303,2020-06-01,384891,Standard Grant,Anoxygenic Photosynthesis in Cyanobacteria,University of Minnesota-Twin Cities
1943681,2020-06-01,625000,Continuing Grant,CAREER: Volcano-Tectonic Interactions During Early Phases of Continental Rifting,Virginia Polytechnic Institute and State University
1951308,2020-06-01,278278,Standard Grant,Collaborative Research: Where does the water go: Improving understanding of stream-aquifer-atmosphere interactions around Beaver Dam Analogues,Syracuse University
1951309,2020-06-01,258891,Standard Grant,Collaborative Research: Where does the water go: Improving understanding of stream-aquifer-atmosphere interactions around Beaver Dam Analogues,SUNY College of Environmental Science and Forestry
2032769,2020-06-01,242627,Standard Grant,EAGER: Applying Paleoecosystem-Mass Extinction Theory to Socio-Economic Systems During COVID-19,California Academy of Sciences
1948186,2020-06-02,222477,Continuing Grant,COLLABORATIVE RESEARCH: A TRANSPARENT-MIDDLE-LAYER COMPUTATIONAL AND DATA MANAGEMENT INFRASTRUCTURE FOR SYNOPTIC APPLICATIONS OF COSMOGENIC-NUCLIDE GEOCHEMISTRY,North Dakota State University Fargo
1948416,2020-06-02,838671,Continuing Grant,COLLABORATIVE RESEARCH: A TRANSPARENT-MIDDLE-LAYER COMPUTATIONAL AND DATA MANAGEMENT INFRASTRUCTURE FOR SYNOPTIC APPLICATIONS OF COSMOGENIC-NUCLIDE GEOCHEMISTRY,Berkeley Geochronology Center
1949901,2020-06-03,708342,Continuing Grant,GSA Graduate Student Research Grant Program (2020-2022): Achieving Success in Geoscience Research by Underrepresented Communities,"The Geological Society of America, Inc."
2002644,2020-06-03,329838,Standard Grant,Collaborative Research: An Experimental and Modeling Study of Inverse-Temperature Layer and Its Effect on Evaporation over Water Surfaces,Washington State University
2003076,2020-06-03,299533,Standard Grant,Collaborative Research: An Experimental and Modeling Study of Inverse-Temperature Layer and Its Effect on Evaporation over Water Surfaces,University of Minnesota-Twin Cities
2006281,2020-06-03,345356,Standard Grant,Collaborative Research: An Experimental and Modeling Study of Inverse-Temperature Layer and Its Effect on Evaporation over Water Surfaces,Georgia Tech Research Corporation
2021027,2020-06-03,298067,Standard Grant,Thermal constraints on the role of hydrated oceanic mantle lithosphere in the genesis of intermediate-depth seismicity,Carnegie Institution of Washington
1952725,2020-06-04,174000,Fellowship Award,EAR-PF: Investigating the lithospheric structure and the origins of seismic anomalies in the Southwestern United States using a joint seismic analysis,"Golos, Eva"
1953849,2020-06-04,607388,Continuing Grant,Rheology of Multi-Phase Mantle Rocks to 800 km Depth,SUNY at Stony Brook
1944946,2020-06-07,662511,Continuing Grant,CAREER: Quantifying the Extent and Biogeochemical Impact of Modern Ferruginous Lakes,Iowa State University
2017218,2020-06-08,201013,Standard Grant,Finite-frequency Imaging of the Mantle Transition Zone  Discontinuities,Virginia Polytechnic Institute and State University
2019546,2020-06-08,339063,Standard Grant,Geomorphic effects and distribution of anthropogenic debris in urban streams,Kent State University
2022154,2020-06-08,294571,Standard Grant,Collaborative Research: Blueschist rheology: experimental constraints on glaucophane strength and deformation mechanisms,University of Washington
2022928,2020-06-08,160938,Standard Grant,Collaborative Research: Blueschist Rheology: Experimental Constraints On Glaucophane Strength And Deformation Mechanisms,Massachusetts Institute of Technology
1949208,2020-06-10,252153,Continuing Grant,"Quantifying Carbon in the Mantle Lithosphere: Concentration, sources, and forms of carbon stored in carbonates and fluid inclusions",University of Texas at Austin
2002352,2020-06-10,408003,Continuing Grant,NSFGEO-NERC: Adjoint tomography of mantle viscosity using deglacial sea level observations,Columbia University
2020632,2020-06-10,343953,Standard Grant,RUI: Boulder beaches—the understudied archive on high-energy coasts,Williams College
1950941,2020-06-11,586363,Standard Grant,REU Site:  Earth Science on Volcanic Islands,University of Hawaii
1954322,2020-06-11,448725,Standard Grant,Collaborative Research: RUI: Hydrology of the vegetation on vegetation: Comparison and scaling of rainfall interception and solute alteration by common arboreal epiphytes.,University of Georgia Research Foundation Inc
1954538,2020-06-11,158628,Standard Grant,Collaborative Research: RUI: Hydrology of the vegetation on vegetation: Comparison and scaling of rainfall interception and solute alteration by common arboreal epiphytes.,Franklin and Marshall College
1954907,2020-06-11,247604,Standard Grant,Collaborative Research: RUI: Hydrology of the vegetation on vegetation: Comparison and scaling of rainfall interception and solute alteration by common arboreal epiphytes.,"Georgia Southern University Research and Service Foundation, Inc"
2022282,2020-06-11,284603,Standard Grant,Using organic biomarker paleohypsometry to reconstruct the punctuated uplift history of the Northern Tibetan Plateau,Louisiana State University
1945484,2020-06-16,537699,Continuing Grant,CAREER: Uncovering the origins and biological purpose of the orphaned branched GDGT temperature biomarker,University of Colorado at Boulder
1952643,2020-06-16,174000,Fellowship Award,EAR-PF:Stratigraphic paleobiology in continental settings: Developing a sequence-stratigraphic framework of fossil preservation in continental deposits through model building and,Loughney                Katharine      M
1952844,2020-06-16,174000,Fellowship Award,EAR-PF: Morphodynamics of giant dunes in wind and water,"Cisneros, Julia"
2019565,2020-06-16,279262,Standard Grant,"Possible Storage of H2O in Mantle Ca(Ti,Si)O3 Perovskite",Arizona State University
2019856,2020-06-16,337814,Standard Grant,Evaluating links between primordial mantle domains and deep mantle structures using 182W and 3He/4He,"University of Maryland, College Park"
2022934,2020-06-16,187990,Standard Grant,"Collaborative Research: Hurricane Sedimentation on Salt Marshes: Extent, Provenance, and Processes",Trustees of Boston University
2022982,2020-06-16,108985,Standard Grant,"Collaborative Research: Hurricane Sedimentation on Salt Marshes: Extent, Provenance, and Processes",The Water Institute of the Gulf
2022987,2020-06-16,210743,Standard Grant,"Collaborative Research: Hurricane Sedimentation on Salt Marshes: Extent, Provenance, and Processes",College of William & Mary Virginia Institute of Marine Science
2026874,2020-06-16,648574,Standard Grant,"RAISE-SitS: Designing models to forecast how biogeochemical fluctuations in soil systems govern soil development, terrestrial water storage and ecosystem nutrient fluxes",Oregon State University
2037553,2020-06-16,148344,Standard Grant,Quantifying thioarsenate formation constants to advance understanding of arsenic biogeochemical cycling in anoxic waters,University of Massachusetts Boston
1952652,2020-06-17,174000,Fellowship Award,EAR-PF: Investigating the Explosive Effect of External Water on Volcanic Eruptions: Developing a Scalable Simulation of Explosion Energetics,"Fitch, Erin Piper"
1952791,2020-06-17,174000,Fellowship Award,EAR-PF Continuous vs. mixed-mode deformation during construction of the southern central Andes: Investigating the spatiotemporal scales of Cordilleran tectonic regimes,"Mackaman-Lofland, Chelsea"
1952814,2020-06-17,174000,Fellowship Award,EAR-PF: Using distributions of channel geometry and channel belt properties to distinguish meandering and braided fluvial deposits in the rock record,"Dong, Tian Y"
1952817,2020-06-17,174000,Fellowship Award,EAR-PF: Mechanisms Influencing Arsenic speciation and bioavailability at the plant-soil interface on Native American lands,"DeVore, Cherie"
1952914,2020-06-17,174000,Fellowship Award,EAR-PF: Nitrogen processing in Arctic deltas and role of channel network orientation on flux to the coast,"Knights, Deon H"
2024048,2020-06-17,182010,Standard Grant,Do changes in monsoon intensity reposition Himalayan erosion? A combined cyclostratigraphic-detrital thermochronology approach,Lehigh University
2020444,2020-06-18,306290,Standard Grant,Collaborative Research: Evaluating the evolution of the southern Himalayan-Tibetan orogeny: What happened during Paleocene-Eocene time?,University of Alabama Tuscaloosa
2020457,2020-06-18,293703,Standard Grant,Collaborative Research: Evaluating the evolution of the southern Himalayan-Tibetan orogeny: What happened during Paleocene-Eocene time?,CSU Fullerton Auxiliary Services Corporation
2024338,2020-06-18,102464,Standard Grant,Collaborative Research: Conceptualizing and quantifying the function of beaver dams and stormwater ponds on the hydrology and biogeochemistry of urban streams,University of North Carolina at Chapel Hill
2024411,2020-06-18,324364,Standard Grant,Collaborative Research: Conceptualizing and quantifying the function of beaver dams and stormwater ponds on the hydrology and biogeochemistry of urban streams,"Georgia State University Research Foundation, Inc."
2024421,2020-06-18,171528,Standard Grant,Collaborative Research: Conceptualizing and quantifying the function of beaver dams and stormwater ponds on the hydrology and biogeochemistry of urban streams,University of North Carolina at Charlotte
2025073,2020-06-18,171455,Standard Grant,"Collaborative Research: RUI: Investigating Time-Varying Relationships Between Interseismic Coupling, Slow Slip, and Seismicity Along the Mexican Megathrust and Sliver Fault",Miami University
2025104,2020-06-18,173163,Standard Grant,"Collaborative Research: RUI: Investigating Time-Varying Relationships Between Interseismic Coupling, Slow Slip, and Seismicity Along the Mexican Megathrust and Sliver Fault",The College of New Jersey
1952809,2020-06-19,174000,Fellowship Award,EAR-PF: Application of Paired Ti and Fe Isotopes to Understand the Evolution of Earth's Upper Continental Crust,"Johnson, Aleisha"
1952923,2020-06-19,174000,Fellowship Award,EAR-PF: Windows into Ancient Impacts: Examining Meteoritics Research with New Approaches,"Sims, Melissa"
2032761,2020-06-19,52453,Continuing Grant,The Thermodynamic Properties of Rare Earth Element (REE) Minerals: A Solid Solution Model for Xenotime-(Y) and Monazite-(Ce),New Mexico Institute of Mining and Technology
2037543,2020-06-19,49875,Standard Grant,Collaborative Research: Constraining the thermal conditions of the subduction interface by integrating petrology and geodynamics,University of South Carolina at Columbia
2007928,2020-06-22,335062,Standard Grant,NSFGEO-NERC: Ancient life in moving fluids: elucidating the emergence of animal ecosystems,Vanderbilt University
2011342,2020-06-22,240186,Standard Grant,Collaborative Research: Quantifying controls on weathering of volcanic arc rocks,Purdue University
2011358,2020-06-22,88644,Standard Grant,Collaborative Research: Quantifying controls on weathering of volcanic arc rocks,University of Puerto Rico Mayaguez
2013656,2020-06-22,250000,Standard Grant,Collaborative Research: Modeling fault ruptures along bends and stepovers,University of Missouri-Columbia
2013695,2020-06-22,250000,Standard Grant,Collaborative Research: Modeling fault ruptures along bends and stepovers,Texas A&M University
2017897,2020-06-22,229568,Standard Grant,Collaborative research: How variable is magma decompression rate during a single eruption?,"University of Maryland, College Park"
2017906,2020-06-22,58190,Standard Grant,Collaborative research: How variable is magma decompression rate during a single eruption?,Middlebury College
2019379,2020-06-22,258832,Standard Grant,Constraining earthquake stress drop and mantle attenuation from teleseismic body-wave spectra,Regents of the University of Michigan - Ann Arbor
2021328,2020-06-22,192558,Standard Grant,"Collaborative Research: Modes of melt extraction in silicic mushes: processes, efficiency and timescales",Brown University
2021677,2020-06-22,277084,Standard Grant,"Collaborative Research: Modes of melt extraction in silicic mushes: processes, efficiency and timescales",Massachusetts Institute of Technology
2022973,2020-06-23,177094,Standard Grant,"Collaborative Research: Calibrating quartz fabric intensity as a function of strain magnitude: a field-based investigation in the Snake Range core complex, Nevada",Washington State University
2022979,2020-06-23,82641,Standard Grant,"Collaborative Research: Calibrating quartz fabric intensity as a function of strain magnitude: a field-based investigation in the Snake Range core complex, Nevada",Colorado School of Mines
1952651,2020-06-25,174000,Fellowship Award,EAR-PF: Resolving the multi-scale hydraulics of shallow overland flows on patchily-vegetated hillslopes: towards a simple predictive framework,Crompton                Octavia        V
1952756,2020-06-25,174000,Fellowship Award,"EAR-PF Bringing fossil cephalopods back to life: virtual and physical assessment of hydrostatics, hydrodynamics, and functional morphology","Peterman, David J"
1952772,2020-06-25,174000,Fellowship Award,EAR-PF: Quantifying heterogeneity in stratigraphy across scales,"Moodie, Andrew J"
1953710,2020-06-26,257719,Standard Grant,"Collaborative Research: Tying deep-seated landslides to base level, earthquakes, and a changing climate in the Pacific Northwest",University of Washington
2000188,2020-06-26,229898,Standard Grant,"Collaborative Research: Tying deep-seated landslides to base level, earthquakes, and a changing climate in the Pacific Northwest",Portland State University
2016748,2020-06-26,277024,Continuing Grant,Collaborative Research: Using hiatus durations to quantify the tempo of Deccan volcanism,Purdue University
2016763,2020-06-26,289273,Continuing Grant,Collaborative Research: Using hiatus durations to quantify the tempo of Deccan volcanism,University of Florida
1952888,2020-06-28,174000,Fellowship Award,EAR-PF: Unraveling the Convergent Origins of Secondary Palates in Amniotes,"Morris, Zachary"
2016336,2020-06-28,57554,Standard Grant,EAGER: Collaborative Research: Mantle fluid contribution to springs along the Denali Fault System: Constraints on the crustal scale nature of the main strand and splays,University of Alaska Fairbanks Campus
2016338,2020-06-28,42331,Standard Grant,EAGER: Collaborative Research: Mantle fluid contribution to springs along the Denali Fault System: Constraints on the crustal scale nature of the main strand and splays,Utah State University
2038072,2020-06-28,22428,Standard Grant,"RAPID: Quantifying the fluvial response to cascading dam failures at Edenville and Sanford, Michigan",Indiana University
1944998,2020-06-29,474409,Continuing Grant,"CAREER: Stress, deformation and seismicity in continental interiors: Testing the ""weak zone"" hypothesis",University of Minnesota-Twin Cities
2017185,2020-06-29,209442,Standard Grant,Development of a glacial abrasion rule for landscape-evolution models,University of Wisconsin-Madison
2026099,2020-06-29,302585,Standard Grant,Collaborative Research: Revealing interseismic crustal deformation in the fold-and-thrust belt in western Taiwan from geodesy and seismology,"University of Maryland, College Park"
2026133,2020-06-29,44466,Standard Grant,Collaborative Research: Revealing interseismic crustal deformation in the fold-and-thrust belt in western Taiwan from geodesy and seismology,"The University Corporation, Northridge"
2026917,2020-06-29,204974,Standard Grant,Collaborative Research: Towards improved imaging of the outermost core through determination of the effects of lowermost mantle heterogeneity and anisotropy,Yale University
2026931,2020-06-29,269379,Standard Grant,Collaborative Research: Towards improved imaging of the outermost core through determination of the effects of lowermost mantle heterogeneity and anisotropy,Colorado School of Mines
2027077,2020-06-29,206806,Standard Grant,Collaborative Research: Towards improved imaging of the outermost core through determination of the effects of lowermost mantle heterogeneity and anisotropy,Arizona State University
2027181,2020-06-29,72612,Standard Grant,Collaborative Research: Towards improved imaging of the outermost core through determination of the effects of lowermost mantle heterogeneity and anisotropy,University of California-Berkeley
2035478,2020-06-29,21745,Standard Grant,RAPID/Collaborative Research: Digitizing Early Cretaceous dinosaur trackways to preserve the geological heritage of central Texas,Trinity University
2035529,2020-06-29,111417,Standard Grant,RAPID/Collaborative Research: Digitizing Early Cretaceous dinosaur trackways to preserve the geological heritage of central Texas,University of Texas at San Antonio
2035530,2020-06-29,12070,Standard Grant,RAPID/Collaborative Research: Digitizing Early Cretaceous dinosaur trackways to preserve the geological heritage of central Texas,University of Kansas Center for Research Inc
1943082,2020-06-30,532660,Continuing Grant,CAREER: Exploring environmental drivers of morphological change through phylogenetic paleoecology,West Virginia University Research Corporation
1953286,2020-06-30,179992,Standard Grant,"COLLABORATIVE RESEARCH: Paleomagnetism and Geochronology of Mafic Dikes in Morocco, Reconstructing West Africa in Proterozoic Supercontinents",University of Wyoming
1953549,2020-06-30,390432,Standard Grant,"Collaborative Research: Paleomagnetism and Geochronology of Mafic Dikes in Morocco, Reconstructing West Africa in Proterozoic Supercontinents",Yale University
1953992,2020-06-30,234862,Continuing Grant,CSEDI Research: Investigations of Volatile Acquisition During Earth's Formation,University of New Mexico
2000275,2020-06-30,196600,Standard Grant,Excellence in Research: Investigating the Water Quality of the Lumber River,North Carolina Central University
2003389,2020-06-30,165527,Standard Grant,Upgrade of an Electron Backscatter Diffraction (EBSD) System to Establish a Center for State-of-the-Art Microstructural Analyses,Woods Hole Oceanographic Institution
2011366,2020-06-30,399977,Standard Grant,"Mantle controls on magmatic-volcanic cycles at basaltic volcanoes: An isotopic probe of the Pu'u 'O'o, Halema'uma'u, and 2018 Leilani eruptions of Kilauea Volcano",University of Hawaii
2020029,2020-06-30,317425,Standard Grant,Study of Mass Independent Isotopic Compositions of Ru and Mo in Early Earth Rocks,"University of Maryland, College Park"
2022492,2020-06-30,538463,Standard Grant,Element Partitioning in Earth's Deep Magma Ocean,Carnegie Institution of Washington
2027150,2020-06-30,314146,Standard Grant,Verification of predicted shear wave splitting due to strong seismic anisotropy in subducting slabs,University of Houston
2001927,2020-07-01,392415,Standard Grant,Ground-truthing lithium paleo-proxies: Experimental study on the Li incorporation and isotope fractionation during inorganic calcite and aragonite precipitation,University of Hawaii
2017814,2020-07-01,257440,Standard Grant,What Controls the CO2/SO2 Ratio in Arc Volcanic Gas?,Columbia University
2022573,2020-07-01,336358,Standard Grant,Collaborative Research: Did Mantle Magmas Cause Ultrahigh-Temperature Metamorphism (UHTM) in Southern Madagascar?,Woods Hole Oceanographic Institution
2022716,2020-07-01,490000,Continuing Grant,The Seismic Response of Mexico City Using Fiber-Optic Seismology,Regents of the University of Michigan - Ann Arbor
2022727,2020-07-01,368272,Standard Grant,Assessing topographic impacts on tropical glacier extent and moraine formation,Dartmouth College
2022746,2020-07-01,259405,Standard Grant,Collaborative Research: Did Mantle Magma Cause Ultrahigh-Temperature Metamorphism (UHTM) in Southern Madagascar?,Regents of the University of Michigan - Ann Arbor
2023351,2020-07-01,398524,Standard Grant,Understanding and quantifying the retention and migration of per- and polyfluoroalkyl substances in the vadose zone,University of Arizona
1930835,2020-07-02,333148,Standard Grant,RUI: Reconstructing ancient terrestrial landscapes of the southeastern Columbia Basin,Whitman College
1952802,2020-07-02,174000,Fellowship Award,EAR-PF: Assessing the Potential for Enhanced Duration of Soil Carbon Storage via Anaerobic Microsites from the Plant Rhizosphere to Catchment Scale,"Naughton, Hannah Rose"
2006374,2020-07-02,238718,Standard Grant,RUI: Tracking magma accumulation and evolution in the Andean Central Volcanic Zone,Missouri State University
2009935,2020-07-02,364000,Continuing Grant,"CSEDI: Integrated seismic, geodynamic, and mineral physics studies of multi-scale structures in the lowermost mantle",California Institute of Technology
2023058,2020-07-02,79946,Standard Grant,Collaborative Research: Transformation plasticity as a transient creep mechanism in Earth's crust and mantle,University of Pennsylvania
2023061,2020-07-02,73046,Standard Grant,Collaborative Research: Transformation plasticity as a transient creep mechanism in Earth’s crust and mantle,University of Minnesota-Twin Cities
2023128,2020-07-02,389328,Continuing Grant,Collaborative Research: Transformation Plasticity As A Transient Creep Mechanism in Earth’s Crust and Mantle,Woods Hole Oceanographic Institution
2023513,2020-07-02,310000,Standard Grant,Calcium and potassium isotopic study of igneous and metamorphic transport processes,University of California-Berkeley
2024510,2020-07-02,349683,Continuing Grant,Pumice: a post-fragmentation product?,University of Oregon Eugene
1945260,2020-07-05,349776,Standard Grant,"Collaborative Research: Investigating the Relationships Between Magmatic 'Flare-Ups', Crustal Rheology, and Arc Collapse",Purdue University
1945287,2020-07-05,260880,Standard Grant,"Collaborative Research: Investigating the Relationships Between Magmatic 'Flare-Ups', Crustal Rheology, and Arc Collapse","Board of Regents, NSHE, obo University of Nevada, Reno"
1945352,2020-07-05,77822,Standard Grant,"Collaborative Research: Investigating the Relationships Between Magmatic 'Flare-Ups', Crustal Rheology, and Arc Collapse",San Jose State University Foundation
2002370,2020-07-05,120807,Standard Grant,A new high-resolution stratigraphic record of the Paleocene-Eocene Thermal Maximum in the Eastern Tethys,Montclair State University
2002412,2020-07-05,256461,Standard Grant,Development of Hydrogeology Experimental System for Radiolabeled Fluid and Colloid Imaging,University of Wisconsin-Madison
2006254,2020-07-05,120475,Standard Grant,"Collaborative Research: Investigating Magmatic Differentiation in a Fossil Upper-Crustal Silicic Magma System: Stillwater Range, NV","Board of Regents, NSHE, obo University of Nevada, Reno"
2006271,2020-07-05,289249,Standard Grant,"Collaborative Research: Investigating Magmatic Differentiation in a Fossil Upper-Crustal Silicic Magma System: Stillwater Range, NV",Purdue University
2006324,2020-07-05,128377,Standard Grant,"Collaborative Research: Investigating Magmatic Differentiation in a Fossil Upper-Crustal Silicic Magma System: Stillwater Range, NV",Stanford University
2016215,2020-07-05,466963,Standard Grant,Mantle redox and partial melting: Pyroxene/basalt and pyroxene/spinel partitioning of Fe3+,University of Minnesota-Twin Cities
2025122,2020-07-05,279812,Standard Grant,How Are Ultrahigh Temperatures Attained in Continental Crust?  A Petrochronological Investigation of the Basin and Range Lower Crust,Pennsylvania State Univ University Park
2025319,2020-07-05,302310,Continuing Grant,Collaborative Research: A New Mechanism for Metal Isotope Fractionation Induced by Natural Solid-State Ion Conduction,Miami University
2025320,2020-07-05,59726,Standard Grant,Collaborative Research: A New Mechanism for Metal Isotope Fractionation Induced by Natural Solid-State Ion Conduction,Juniata College
2025626,2020-07-05,331833,Standard Grant,3D printing of reactive porous media to enhance understanding of porosity-permeability evolution,Auburn University
1952615,2020-07-06,174000,Fellowship Award,EAR-PF: Seeing through carbonate diagenesis using the triple oxygen isotope system,"Wostbrock, Jordan"
1952815,2020-07-06,174000,Fellowship Award,EAR-PF: The impact of varying sediment supply on Arctic delta-front transport processes,"Carlson, Brandee Nicole"
2016611,2020-07-06,31403,Standard Grant,Collaborative Research: Development of a high-efficiency mass spectrometer: transitioning a high-efficiency ion source to a modern mass spectrometer,Carnegie Institution of Washington
2017252,2020-07-06,46019,Standard Grant,Collaborative Research: Development of a high-efficiency mass spectrometer: transitioning a high-efficiency ion source to a modern mass spectrometer,Pennsylvania State Univ University Park
2020045,2020-07-06,331571,Continuing Grant,"Collaborative Research: Size, depth and longevity of magma reservoirs under Kilauea's rift zones: Integrating melt inclusion data and thermal modeling",University of Hawaii
2020049,2020-07-06,40743,Standard Grant,"Collaborative Research: Size, depth and longevity of magma reservoirs under Kilauea's rift zones: Integrating melt inclusion data and thermal modeling",University of Oregon Eugene
2020520,2020-07-06,319227,Standard Grant,RUI - dragon-phire: Deep-time Redox Analysis of the Geobiology Ontology Network - Protein Hardware Integrates Redox Evolution,Rowan University
2025779,2020-07-06,501477,Standard Grant,The Fate of Earth's Plates:  Sublithopsheric Diamond Constraints on Recycling in Earth’s Mantle Transition Zone,Carnegie Institution of Washington
2021768,2020-07-07,452128,Standard Grant,Physical Modeling of Long Period Events in a Controlled-Source Condition,Michigan Technological University
1930014,2020-07-09,503620,Standard Grant,Investigating formation and modification of the continental lithosphere in eastern North America - integrating seismic and geologic data sets,University of Massachusetts Amherst
2001074,2020-07-09,183998,Standard Grant,Collaborative Research: CSEDI: Understanding the Role of Hydrogen and Melting in the Water Transport Across the Transition Zone-Lower Mantle Boundary,Louisiana State University
2001339,2020-07-09,330000,Standard Grant,Collaborative Research: CSEDI: Understanding the Role of Hydrogen and Melting in the Water Transport Across the Transition Zone-Lower Mantle Boundary,Yale University
2001381,2020-07-09,240976,Standard Grant,Collaborative Research: CSEDI: Understanding the Role of Hydrogen and Melting in the Water Transport Across the Transition Zone-Lower Mantle Boundary,University of Texas at Austin
2017294,2020-07-09,452341,Standard Grant,C and H Retention Mechanisms in the Deep Earth,University of California-Santa Cruz
1949151,2020-07-10,523417,Standard Grant,Closing a Gap in Macroevolutionary Studies: Integrating Fossils and Phenotypes to Illuminate Morphological Evolution in Monocot Flowering Plants,Regents of the University of Michigan - Ann Arbor
2020057,2020-07-10,299850,Standard Grant,Collaborative Research: Creating Earth’s earliest continents—an integrated investigation of the growth and modification of western Australia’s Pilbara Craton,University of Wisconsin-Madison
2020603,2020-07-10,372151,Standard Grant,Isotope Fractionation During Multicomponent Diffusion in Molten Basalts,Regents of the University of Michigan - Ann Arbor
2020831,2020-07-10,337980,Standard Grant,Collaborative Research: Creating Earth’s earliest continents—an integrated investigation of the growth and modification of western Australia’s Pilbara Craton,Washington State University
2021618,2020-07-10,1028766,Continuing Grant,"Collaborative Research: New science, tools, and observations to couple geodesy with hydrology for modeling, water storage change, and streamflow forecasting in mountain watersheds",University of California-San Diego Scripps Inst of Oceanography
2021637,2020-07-10,1397565,Continuing Grant,"Collaborative Research: New science, tools, and observations to couple geodesy with hydrology for modeling, water storage change, and streamflow forecasting in mountain watersheds",University of Montana
2027064,2020-07-10,248115,Standard Grant,Granular Electrification in Aeolian Sand Transport: Paradox or Enigma?,University of Alabama Tuscaloosa
2037848,2020-07-12,169220,Standard Grant,RAPID: PetCAT-Scan: A high definition scanning tool for geoscientists in the COVID-19 pandemic and beyond,Kansas State University
2018201,2020-07-13,119365,Standard Grant,"MRI: Acquisition of inductively coupled plasma-optical emission spectrometer for research and education uses in water, energy, and environmental sciences",University of Texas at El Paso
2018559,2020-07-13,249641,Standard Grant,"MRI: Acquisition of micro-computed tomography system for imaging by multiple, inter-disciplinary, users at East Tennessee State University",East Tennessee State University
2018836,2020-07-13,182310,Standard Grant,MRI: Acquisition of a Cavity Ring-Down Spectroscopy (CRDS) Water Isotope Analyzer for Interdisciplinary Research and Undergraduate Research Training,Union College
1945659,2020-07-14,649956,Continuing Grant,CAREER: From Desert to Coastal Rainforest Soils- How do fungi transform minerals deployed across natural weathering gradients?,Oregon State University
2002759,2020-07-14,240385,Standard Grant,Collaborative Research: Investigating out-of sequence magmatism and mantle plume-lithosphere interactions adjacent to the Snake River plain (U.S.A.),Kansas State University
2002786,2020-07-14,213819,Standard Grant,Collaborative Research: Investigating out-of sequence magmatism and mantle plume-lithosphere interactions adjacent to the Snake River plain (U.S.A.),University of Alaska Fairbanks Campus
2018848,2020-07-14,138750,Standard Grant,MRI: Acquisition of an Infrared Microscope for Research Expansion and Training in the Earth Sciences,"Nevada System of Higher Education, Desert Research Institute"
2019520,2020-07-14,56458,Standard Grant,Upgrade of a transmission electron microscope energy dispersive spectroscopy (TEM-EDS) detector for teaching and interdisciplinary research,Appalachian State University
2019525,2020-07-14,219951,Standard Grant,"Structural, metamorphic, and thermal evolution of the Brooks Range (Alaska) metamorphic belts: implications for formation-exhumation of high-pressure rocks and Arctic tectonic evol",University of Florida
2000801,2020-07-15,213000,Standard Grant,CSEDI Collaborative Research: Understanding what we see in the lower mantle - mineral physics interpretation of seismic tomographic images,Princeton University
2000850,2020-07-15,745000,Continuing Grant,CSEDI Collaborative Research: Understanding what we see in the lower mantle - mineral physics interpretation of seismic tomographic images,Columbia University
2002440,2020-07-15,199146,Standard Grant,Collaborative Research: Rapid Climate Change During the Miocene as a benchmark to understand future climate change,University of Connecticut
2002493,2020-07-15,301654,Standard Grant,Collaborative Research: Rapid Climate Change During the Miocene as a benchmark to understand future climate change,University of Arizona
2002543,2020-07-15,165040,Standard Grant,Collaborative Research: Rapid Climate Change During the Miocene Climate Optimum: A Proxy-Model Comparison,University of Wyoming
2016068,2020-07-15,662720,Standard Grant,Coupled Ecological-Geomorphological Response of Coastal Wetlands to Environmental Change,Duke University
2025125,2020-07-15,387476,Standard Grant,Acquisition of a continuous flow isotope ratio mass spectrometer (IRMS) system for the Organic Geochemistry Core Facility at Brown University,Brown University
2021356,2020-07-16,184066,Standard Grant,"Collaborative Research: Dry Rifting in the Albertine-Rhino Graben (DRIAR), Uganda",Midwestern State University
2021633,2020-07-16,491022,Continuing Grant,"Collaborative Research: Dry Rifting In the Albertine-Rhino graben (DRIAR), Uganda",Virginia Polytechnic Institute and State University
2021660,2020-07-16,723931,Continuing Grant,"Collaborative Research: Dry Rifting In the Albertine-Rhino graben (DRIAR), Uganda",University of Delaware
2021692,2020-07-16,515912,Continuing Grant,"Collaborative Research: Dry Rifting In the Albertine-Rhino Graben (DRIAR), Uganda",Woods Hole Oceanographic Institution
2021721,2020-07-16,623266,Continuing Grant,"Collaborative Research: Dry Rifting In the Albertine-Rhino graben (DRIAR), Uganda",Northwestern University at Chicago
2021724,2020-07-16,417798,Continuing Grant,"Collaborative Research: Dry Rifting In the Albertine-Rhino graben (DRIAR), Uganda",University of Kansas Center for Research Inc
2012593,2020-07-17,698957,Continuing Grant,"Collaborative Research:  Network Hub: Enabling, Supporting, and Communicating Critical Zone Research.",Columbia University
2012748,2020-07-17,1118096,Continuing Grant,"Collaborative Research:  Network Hub: Enabling, Supporting, and Communicating Critical Zone Research.",Utah State University
2012893,2020-07-17,3177074,Cooperative Agreement,"Collaborative Research:  Network Hub: Enabling, Supporting, and Communicating Critical Zone Research.",Consortium of Universities for the Advancement of Hydrologic Sci
2018344,2020-07-17,234023,Standard Grant,"MRI: SEM for Geological, Environmental and Materials Science Research and Teaching at the University of St. Thomas",University of St. Thomas
2019870,2020-07-17,124396,Standard Grant,EAGER: Intra-Clay Trapping of Organic Molecules – A Key Step in the Chemical Evolution of Life?,University of Alabama Tuscaloosa
2020627,2020-07-17,399987,Standard Grant,Collaborative Research: TransANdean Great Orogeny (TANGO),Northern Arizona University
2020935,2020-07-17,2204385,Continuing Grant,Collaborative Research: TransANdean Great Orogeny (TANGO),University of Arizona
2021040,2020-07-17,391287,Standard Grant,Collaborative Research: TransANdean Great Orogeny (TANGO),Rensselaer Polytechnic Institute
2026853,2020-07-17,158132,Continuing Grant,Collaborative Research: Biogeochemical Processes in a Subsurface Hypersaline Environment near the Abiotic Fringe,Princeton University
2026858,2020-07-17,193088,Continuing Grant,Collaborative Research: Biogeochemical Processes in a Subsurface Hypersaline Environment near the Abiotic Fringe,New Mexico Institute of Mining and Technology
2011079,2020-07-18,255859,Standard Grant,Collaborative Research: Improving the Interpretability of Tomographic Images Using Geologically Motivated Parametrizations,Brown University
2011107,2020-07-18,65000,Standard Grant,Collaborative Research: Improving the Interpretability of Tomographic Images Using Geologically Motivated Parametrizations,California Institute of Technology
2020880,2020-07-18,119720,Standard Grant,Collaborative Research: Experimental Determination of the Influence of Water on the Strength of Rocks,University of Pennsylvania
2022429,2020-07-18,189132,Standard Grant,Collaborative Research: Investigating the role of dynamic strain fields in earthquake triggering processes by simulating full wavefield with 3D seismic velocity structures,University of Miami
2022433,2020-07-18,463047,Continuing Grant,Collaborative Research: Experimental determination of the influence of water on the viscosity of rocks,University of Minnesota-Twin Cities
2022441,2020-07-18,320760,Standard Grant,Collaborative Research: Investigating the role of dynamic strain fields in earthquake triggering processes by simulating full wavefield with 3D seismic velocity structures,University of California-San Diego Scripps Inst of Oceanography
2025853,2020-07-18,606265,Standard Grant,Exploring light-dependent manganese oxide formation in a meromictic metal-rich pond,Woods Hole Oceanographic Institution
2011941,2020-07-19,725341,Continuing Grant,Collaborative Research: Network Cluster: The Coastal Critical Zone: Processes that transform landscapes and fluxes between land and sea,"University of Maryland, College Park"
2012319,2020-07-19,524436,Continuing Grant,Collaborative Research: Network Cluster: The Coastal Critical Zone: Processes that transform landscapes and fluxes between land and sea,George Washington University
2012322,2020-07-19,260687,Continuing Grant,Collaborative Research: Network Cluster: The Coastal Critical Zone: Processes that transform landscapes and fluxes between land and sea,Trustees of Boston University
2012484,2020-07-19,2078324,Cooperative Agreement,Collaborative Research: Network Cluster: The Coastal Critical Zone: Processes that transform landscapes and fluxes between land and sea,University of Delaware
2012670,2020-07-19,633485,Continuing Grant,Collaborative Research: Network Cluster: The Coastal Critical Zone: Processes that transform landscapes and fluxes between land and sea,College of William & Mary Virginia Institute of Marine Science
2023385,2020-07-19,270918,Continuing Grant,What Controls Carbonate Formation in Fine-grained and Clay-rich Soils? Gaining Perspective from Serial Soil Water Stable Isotope Datasets,University of Colorado at Boulder
2023443,2020-07-19,378354,Standard Grant,Examining hydrodynamics and connectivity resulting from atmospheric frontal passages in a coastal river delta,Louisiana State University
2025687,2020-07-19,181189,Standard Grant,Collaborative Research: Understanding the Drivers of Microbial Survival and Autotrophy in a Characteristically Marine and Terrestrial Serpentinizing System–Ney’s Spring,University of Cincinnati Main Campus
2025749,2020-07-19,208846,Standard Grant,Collaborative Research: Understanding the Drivers of Microbial Survival and Autotrophy in a Characteristically Marine and Terrestrial Serpentinizing System–Ney’s Spring,"Nevada System of Higher Education, Desert Research Institute"
2024660,2020-07-20,450000,Continuing Grant,Collaborative Research: What Processes Cause State Evolution in Rate and State Friction?,Brown University
2024766,2020-07-20,95993,Standard Grant,Collaborative Research: What Processes Cause State Evolution in Rate and State Friction?,Princeton University
2024962,2020-07-20,273136,Standard Grant,EAR/IF: Acquisition of Bench Top SEM and Field Equipment for Research and Teaching,Wichita State University
2038255,2020-07-20,38390,Standard Grant,2021 Gordon Research Conference and Seminar on Geochronology: Evolution of the Lithosphere,Gordon Research Conferences
1945417,2020-07-21,499999,Continuing Grant,CAREER: Numerical Modeling of Volcanic Flank Instability Processes,Pennsylvania State Univ University Park
1952642,2020-07-21,174000,Fellowship Award,"EAR-PF:Quantifying Scale of Lower Crust and Mantle Heterogeneities Beneath the Continental United States: Bridging Seismology, Mineral Physics, Petrology, and Magnetotellurics","Shinevar, William J"
2015255,2020-07-21,144685,Standard Grant,Collaborative Research: How faithfully are melt embayments wedded to magma ascent?,Baylor University
2015322,2020-07-21,157193,Standard Grant,Collaborative Research: How faithfully are melt embayments wedded to magma ascent?,CUNY City College
2015424,2020-07-21,23645,Standard Grant,Collaborative Research: How faithfully are melt embayments wedded to magma ascent?,Smithsonian Institution
2021064,2020-07-21,725180,Continuing Grant,Collaborative Research: Co-evolution of Earth and life across the Proterozoic-Phanerozoic transition: Integrated perspectives from outcrop and drill core,Johns Hopkins University
2021176,2020-07-21,739430,Continuing Grant,Collaborative Research: Co-evolution of Earth and Life across the Proterozoic-Phanerozoic transition: Integrated perspectives from outcrop and drill core,Dartmouth College
2021207,2020-07-21,389156,Continuing Grant,Collaborative Research: Co-evolution of Earth and life across the Proterozoic-Phanerozoic transition: Integrated perspectives from outcrop and drill core,Virginia Polytechnic Institute and State University
2021319,2020-07-21,773276,Continuing Grant,Collaborative Research: Co-evolution of Earth and Life across the Proterozoic-Phanerozoic transition: Integrated perspectives from outcrop and drill core,Yale University
2021324,2020-07-21,371216,Continuing Grant,Collaborative Research: Co-evolution of Earth and life across the Proterozoic-Phanerozoic transition: Integrated perspectives from outcrop and drill core,Pennsylvania State Univ University Park
2005432,2020-07-22,294743,Standard Grant,A Machine-Learning Approach to Quantitative Phase Analysis of Whole Rocks and Sediments,Brigham Young University
2011346,2020-07-22,218494,Continuing Grant,Collaborative Research: Network Cluster: Using Big Data approaches to assess ecohydrological resilience across scales,"Nevada System of Higher Education, Desert Research Institute"
2011439,2020-07-22,332985,Continuing Grant,Collaborative Research: Network Cluster: Using Big Data approaches to assess ecohydrological resilience across scales,Brigham Young University
2012080,2020-07-22,94675,Continuing Grant,Collaborative Research: Network Cluster: Using Big Data approaches to assess ecohydrological resilience across scales,University of Kansas Center for Research Inc
2012123,2020-07-22,3199116,Cooperative Agreement,Collaborative Research: Network Cluster: Using Big Data approaches to assess ecohydrological resilience across scales,University of Vermont & State Agricultural College
2012188,2020-07-22,619496,Continuing Grant,Collaborative Research: Network Cluster: Using Big Data approaches to assess ecohydrological resilience across scales,"Board of Regents, NSHE, obo University of Nevada, Reno"
2038105,2020-07-22,153566,Continuing Grant,"Timescales of Crystallization, Ore Formation, and",Tufts University
2002364,2020-07-23,456415,Standard Grant,"Collaborative Research: Response of the Tropical Pacific to the Abrupt Climate Change Event 8,200 Years Ago",University of Washington
2002444,2020-07-23,173502,Standard Grant,"Collaborative Research: Response of the Tropical Pacific to the Abrupt Climate Change Event 8,200 Years Ago",Florida State University
2002484,2020-07-23,332077,Standard Grant,Collaborative Research: Neotropical climate and environmental change over 400ka of glacial-interglacial cycles from Lake Peten Itza,University of Pittsburgh
2002520,2020-07-23,363128,Standard Grant,Collaborative Research: Neotropical climate and environmental change over 400ka of glacial-interglacial cycles from Lake Peten Itza,University of Notre Dame
2002534,2020-07-23,197100,Standard Grant,Collaborative Research: Neotropical climate and environmental change over 400ka of glacial-interglacial cycles from Lake Peten Itza,Washington University
2018053,2020-07-23,229904,Standard Grant,"UPGRADE OF ELECTRON MICROPROBE SX-100 AT OREGON STATE UNIVERSITY IN THE COLLEGE OF EARTH, OCEAN, AND ATMOSPHERIC SCIENCES",Oregon State University
2023712,2020-07-23,307301,Standard Grant,"Collaborative Research: Unraveling the Dynamics of Microbial Mercury Methylation in Two Meromictic Lakes in Central New York, USA",Syracuse University
2023717,2020-07-23,195008,Standard Grant,"Collaborative Research: Unraveling the Dynamics of Microbial Mercury Methylation in Two Meromictic Lakes in Central New York, USA",SUNY College of Environmental Science and Forestry
2025195,2020-07-23,438431,Standard Grant,Cooperative Institute for Dynamic Earth Research: Fluid and Magma Transport at Plate Boundaries,University of California-Berkeley
2039674,2020-07-23,513454,Continuing Grant,CAREER: Partitioning of Rare Earth Elements (REE) Between Minerals and Aqueous Fluids in Ore Deposits,New Mexico Institute of Mining and Technology
2017106,2020-07-24,413794,Continuing Grant,Does Sediment Storage Set the Pace of the Terrestrial Organic Carbon Cycle?,William Marsh Rice University
2011910,2020-07-28,767945,Continuing Grant,Collaborative Research: Network Cluster: Dust in the Critical Zone from the Great Basin to the Rocky Mountains,Utah State University
2012067,2020-07-28,401140,Continuing Grant,Collaborative Research: Network Cluster: Dust in the Critical Zone from the Great Basin to the Rocky Mountains,Salt Lake Community College
2012082,2020-07-28,777495,Cooperative Agreement,RUI: Collaborative Research: Network Cluster: Dust in the Critical Zone from the Great Basin to the Rocky Mountains,Middlebury College
2012091,2020-07-28,2317060,Continuing Grant,RUI: Collaborative Research: Network Cluster: Dust in the Critical Zone from the Great Basin to the Rocky Mountains,University of Utah
2012093,2020-07-28,888941,Continuing Grant,RUI: Collaborative Research: Network Cluster: Dust in the Critical Zone from the Great Basin to the Rocky Mountains,Brigham Young University
2035235,2020-07-28,16864,Standard Grant,RAPID: Collaborative Proposal: Development of Digital Models of Minerals and Rocks for Online Geoscience Classes,Kansas State University
2035243,2020-07-28,33227,Standard Grant,RAPID: Collaborative Proposal: Development of Digital Models of Minerals and Rocks for Online Geoscience Classes,West Virginia University Research Corporation
1954583,2020-07-29,262770,Standard Grant,Collaborative Research: Constraining the tempo and dynamics of Cambrian Earth systems in western Laurentia,Boise State University
1954634,2020-07-29,134548,Standard Grant,Collaborative Research: Constraining the tempo and dynamics of Cambrian Earth systems in western Laurentia,Denver Museum of Nature and Science
1955078,2020-07-29,262998,Standard Grant,Collaborative Research: Constraining the tempo and dynamics of Cambrian Earth systems in western Laurentia,University of New Mexico
1955115,2020-07-29,154684,Standard Grant,Collaborative Research: Constraining the tempo and dynamics of Cambrian Earth systems in western Laurentia,Utah State University
2020593,2020-07-29,301698,Standard Grant,"Collaborative Research: The Rise and Fall of the Neoproterozoic Era in Siberia: Connections between Tectonics, Ocean Chemistry, and Biologic Innovation","University of Maryland, College Park"
2020644,2020-07-29,361062,Standard Grant,"Collaborative Research: The Rise and Fall of the Neoproterozoic Era in Siberia: Connections between Tectonics, Ocean Chemistry, and Biologic Innovation",George Mason University
1940857,2020-07-30,302315,Standard Grant,"ACQUISITION OF A TRIBOLOGICAL FACILITY FOR THE ANALYSES OF FRICTION, WEAR, AND LUBRICATION OF GEO-SYSTEMS",University of Oklahoma Norman Campus
1949613,2020-07-30,53206,Standard Grant,Collaborative Research: Gateway to North America--the Great American Biotic Interchange (GABI) in Mexico and Origin of C4 Grassland,SUNY at Buffalo
1949742,2020-07-30,349429,Standard Grant,Collaborative Research: Gateway to North America--the Great American Biotic Interchange (GABI) in Mexico and Origin of C4 Grassland,Los Angeles County Museum of Natural History Foundation
1949814,2020-07-30,142135,Standard Grant,Collaborative Research: Gateway to North America--the Great American Biotic Interchange (GABI) in Mexico and Origin of C4 Grassland,Florida State University
2002546,2020-08-03,402158,Standard Grant,Orbital to millennial-scale variability of the Southern Hemisphere Westerlies over the last glacial cycle,University of Texas at Austin
2018253,2020-08-03,509952,Standard Grant,MRI: Acquisition of a Superconducting Rock Magnetometer System for Earth Sciences Research,Dartmouth College
1950877,2020-08-04,307399,Standard Grant,"REU Site: Stakeholder Informed Modeling of Innovations in the Food, Energy, and Water (FEW) Nexus",Washington State University
2018078,2020-08-04,302110,Standard Grant,MRI: acquisition of a gas chromatograph isotope ratio mass spectrometer for compound-specific isotope analysis,Syracuse University
2018647,2020-08-04,944307,Standard Grant,MRI: Acquisition of an electron probe microanalyzer for research and education in the mountain-west region,"Board of Regents, NSHE, obo University of Nevada, Reno"
2018840,2020-08-04,975000,Standard Grant,MRI: Acquisition of an Electron Microprobe,Virginia Polytechnic Institute and State University
2041397,2020-08-04,10000,Standard Grant,EAGER Collaborative Research: Testing a new sensor for short term and long term measurement of heat flow in lakes,University of California-Berkeley
2041412,2020-08-04,18353,Standard Grant,EAGER Collaborative Research: Testing a new sensor for short term and long term measurement of heat flow in lakes,Southern Methodist University
1945597,2020-08-05,688200,Continuing Grant,CAREER: Reconstructing ancient ocean ecosystems: ecological consequences of ammonoid shell shape.,University of Utah
1950690,2020-08-05,404436,Standard Grant,REU Site: Interdisciplinary Problem Solving in Human Dominated Wetland Ecosystems,Rochester Institute of Tech
1950768,2020-08-05,304077,Standard Grant,REU Site: Statistical Models with Applications to Geoscience,Florida Institute of Technology
2025107,2020-08-05,142768,Standard Grant,Acquisition of a tunable diode laser system (TILDAS) Aerodyne Mini-TILDAS CO2 Isotope Monitor for triple isotope analyses of CO2 gas from carbonates,University of New Mexico
1952646,2020-08-06,174000,Fellowship Award,EAR-PF: Closing the gap between analogue studies and numerical lava flow models using insights from the 2018 Kilauea eruption,"Gallant, Elisabeth"
1952686,2020-08-06,174000,Fellowship Award,EAR-PF Understanding the Effects of Incomplete Mixing on Mixing Corrosion: Pore-scale Visualization and Upscaling,"Chen, Michael Andrew"
2012475,2020-08-06,5269319,Cooperative Agreement,"Network Cluster: Patterns and controls of ecohydrology, CO2 fluxes, and nutrient availability in pedogenic carbonate-dominated dryland critical zones",University of Texas at El Paso
2025735,2020-08-06,370110,Continuing Grant,Revisiting the Cambrian Series 1 animal origination chronology,Oregon State University
2026882,2020-08-06,165538,Continuing Grant,"Collaborative research: Multi-disciplinary investigation of the links between volcanism, marine redox, and mass extinction during the Late Triassic and Early Jurassic",Western Michigan University
2026918,2020-08-06,211321,Continuing Grant,"Collaborative research: Multi-disciplinary investigation of the links between volcanism, marine redox, and mass extinction during the Late Triassic and Early Jurassic",Florida State University
2026926,2020-08-06,213873,Continuing Grant,"Collaborative research: Multi-disciplinary investigation of the links between volcanism, marine redox, and mass extinction during the Late Triassic and Early Jurassic",Virginia Polytechnic Institute and State University
2035534,2020-08-06,99993,Standard Grant,RAPID: Soil and water biogeochemical response to COVID-19: increased stress on septic systems alters soil and water quality,University of Georgia Research Foundation Inc
2026843,2020-08-08,176688,Standard Grant,Collaborative Research: Quantifying the carbon emission and sequestration rate after a large CO2 pulse from the Siberian Traps volcanism,Yale University
2026877,2020-08-08,321205,Standard Grant,Collaborative Research: Quantifying the carbon emission and sequestration rate after a large CO2 pulse from the Siberian Traps volcanism,Montclair State University
1950458,2020-08-11,422380,Standard Grant,REU Site: Water sustainability in the urban environment: Improving the sustainable use of water through interdisciplinary research,University of South Florida
2039271,2020-08-11,221445,Standard Grant,"Collaborative Research:  A New Sanidine-Liquid Hygrometer: Experiments, Calibration and Applications",Jacobs Technology Inc.
2033995,2020-08-12,299971,Standard Grant,NSF2026: EAGER: An Ecologically Inspired Human-Machine Intelligence Approach to Recognizing Similitude in Multi-Scale Watershed Research,University of Vermont & State Agricultural College
2038207,2020-08-12,282033,Continuing Grant,EAGER: The Bacterial Magnetosome may be a Potential Energy-Harvesting Pseudo-organelle for Magnetotrophy,"OHIO STATE UNIVERSITY, THE"
1950805,2020-08-13,364500,Standard Grant,"REU Site: Pollinators, Climate Change, and the Aegean Archipelago",University of Central Oklahoma
2045264,2020-08-13,83067,Standard Grant,Asthenospheric melting and melt-induced evolution of the lithosphere beneath the Colorado Plateau and the Basin and Range from a seismic characterization of mantle layering,Northern Arizona University
2041967,2020-08-14,5530,Standard Grant,Collaborative Research: EAGER: Advancing Pedagogy and Inclusivity through Multi-modal Upper Level Geophysics Education,Colorado State University
2042007,2020-08-14,5445,Standard Grant,Collaborative Research: EAGER: Advancing Pedagogy and Inclusivity through Multimodal Upper Level Geophysics Education,University of Rochester
2042011,2020-08-14,5556,Standard Grant,Collaborative Research: EAGER: Advancing Pedagogy and Inclusivity through Multimodal Upper Level Geophysics Education,University of Illinois at Chicago
2042061,2020-08-14,10417,Standard Grant,Collaborative Research: EAGER: Advancing Pedagogy and Inclusivity through Multimodal Upper Level Geophysics Education,SUNY at Buffalo
2018468,2020-08-17,56135,Standard Grant,MRI: Acquisition of 3D Imaging and Printing Instrumentation to Support Interdisciplinary Research at Indiana University of Pennsylvania,Indiana University of Pennsylvania Research Institute
2004618,2020-08-18,1095834,Continuing Grant,Facility Support: The WiscSIMS National Ion Microprobe,University of Wisconsin-Madison
2011617,2020-08-18,228219,Continuing Grant,Collaborative Research: Network Cluster: Urban Critical Zone processes along the Piedmont-Coastal Plain transition,Temple University
2012107,2020-08-18,496596,Continuing Grant,Collaborative Research: Network Cluster: Urban Critical Zone processes along the Piedmont-Coastal Plain transition,Pennsylvania State Univ University Park
2012313,2020-08-18,420427,Continuing Grant,Collaborative Research: Network Cluster: Urban Critical Zone processes along the Piedmont-Coastal Plain transition,Towson University
2012336,2020-08-18,54294,Continuing Grant,Collaborative Research: Network Cluster: Urban Critical Zone processes along the Piedmont-Coastal Plain transition,Research Foundation CUNY - Advanced Science Research Center
2012340,2020-08-18,2260928,Cooperative Agreement,Collaborative Research: Network Cluster: Urban Critical Zone processes along the Piedmont-Coastal Plain transition,University of Maryland Baltimore County
2012344,2020-08-18,190000,Continuing Grant,Collaborative Research: Network Cluster: Urban Critical Zone processes along the Piedmont-Coastal Plain transition,"Cary Institute of Ecosystem Studies, Inc."
2012403,2020-08-18,236543,Continuing Grant,Collaborative Research: Network Cluster: Geomicrobiology and Biogeochemistry in the Critical Zone,University of New Hampshire
2012409,2020-08-18,645188,Continuing Grant,Collaborative Research: Network Cluster: Urban Critical Zone processes along the Piedmont-Coastal Plain transition,University of Pittsburgh
2012616,2020-08-18,465318,Continuing Grant,Collaborative Research: Network Cluster: Urban Critical Zone processes along the Piedmont-Coastal Plain transition,"University of Maryland, College Park"
2012633,2020-08-18,660815,Continuing Grant,Collaborative Research: Network Cluster: Geomicrobiology and Biogeochemistry in the Critical Zone,University of Kansas Center for Research Inc
2012850,2020-08-18,6174999,Cooperative Agreement,Network Cluster CINet: Critical Interface Network in Intensively Managed Landscapes,University of Illinois at Urbana-Champaign
2012878,2020-08-18,3552754,Cooperative Agreement,Collaborative Research: Network Cluster: Geomicrobiology and Biogeochemistry in the Critical Zone,University of California-Riverside
2019235,2020-08-18,561870,Standard Grant,MRI: Acquisition of a Next Generation Noble Gas Multi-collector Mass Spectrometer System to Support Fundamental and Applied Geochronology Research and Education,University of Alaska Fairbanks Campus
2012310,2020-08-19,610703,Continuing Grant,Collaborative Research Network Cluster: Quantifying controls and feedbacks of dynamic storage on critical zone processes in western montane watersheds,"Board of Regents, NSHE, obo University of Nevada, Reno"
2012669,2020-08-19,3654971,Cooperative Agreement,Collaborative Research: Network Cluster: Quantifying controls and feedbacks of dynamic storage on critical zone processes in western montane watersheds,University of Colorado at Boulder
2012730,2020-08-19,1213491,Continuing Grant,Collaborative Research: Network Cluster: Quantifying controls and feedbacks of dynamic storage on critical zone processes in western montane watersheds,Colorado School of Mines
2012796,2020-08-19,832974,Continuing Grant,Collaborative Research: Network Cluster: Quantifying controls and feedbacks of dynamic storage on critical zone processes in western montane watersheds,Oregon State University
2012821,2020-08-19,610474,Continuing Grant,Collaborative Research: Network Cluster: Quantifying controls and feedbacks of dynamic storage on critical zone processes in western montane watersheds,University of California-Santa Barbara
2018776,2020-08-19,439132,Standard Grant,"MRI: Acquisition of a Variable Pressure Scanning Electron Microscope with integrated EBSD, EDS, and CL",Sonoma State University
2012073,2020-08-20,349971,Continuing Grant,"Collaborative Research: Network Cluster: Bedrock controls on the deep critical zone, landscapes, and ecosystems",University of California-Los Angeles
2012227,2020-08-20,438482,Continuing Grant,"Collaborative Research: Network Cluster: Bedrock controls on the deep critical zone, landscapes, and ecosystems",Clemson University
2012264,2020-08-20,531064,Continuing Grant,"Collaborative Research: Network Cluster: Bedrock controls on the deep critical zone, landscapes, and ecosystems",Johns Hopkins University
2012316,2020-08-20,375876,Continuing Grant,"Collaborative Research: Network Cluster: Bedrock controls on the deep critical zone, landscapes, and ecosystems",Dickinson College
2012353,2020-08-20,1580064,Cooperative Agreement,"Collaborative Research: Network Cluster: Bedrock controls on the deep critical zone, landscapes, and ecosystems",Virginia Polytechnic Institute and State University
2012357,2020-08-20,1633540,Continuing Grant,"Collaborative Research: Network Cluster: Bedrock controls on the deep critical zone, landscapes, and ecosystems",University of Wyoming
2012408,2020-08-20,449589,Continuing Grant,"Collaborative Research: Network Cluster: Bedrock controls on the deep critical zone, landscapes, and ecosystems",Colorado School of Mines
2041667,2020-08-20,429795,Continuing Grant,CAREER: Environmental Drivers of Life History Variation in Coastal Ecosystems,Colgate University
2018807,2020-08-21,624649,Standard Grant,MRI: Acquisition of a Thermal Ionization Mass Spectrometer (TIMS) for Multi-disciplinary Research and Student Training at UH,University of Hawaii
2028640,2020-08-24,104448,Standard Grant,Collaborative Research: Early Career Geoscience Faculty Development Workshop: A partnership between NAGT and NSF,Carleton College
2028642,2020-08-24,279502,Standard Grant,Collaborative Research: Early Career Geoscience Faculty Development Workshop: A partnership between NAGT and NSF,North Dakota State University Fargo
1951676,2020-09-01,298904,Standard Grant,Collaborative Research: Predicting Colloid Distribution in Subsurface Granular Media by Resolving Nanoscale Heterogeneity and Continuum-Scale Flow Field Topologic Impacts,University of Utah
1951677,2020-09-01,203472,Standard Grant,Collaborative Research: Predicting Colloid Distribution in Subsurface Granular Media by Resolving Nanoscale Heterogeneity and Continuum-Scale Flow Field Topologic Impacts,University of Notre Dame
1952702,2020-09-02,174000,Fellowship Award,EAR-PF   Discerning the nature of the oceanic lithosphere-asthenosphere boundary through integration of seismological-scale and laboratory-scale observations,"Russell, Joshua B"
2020970,2020-09-02,450830,Continuing Grant,"NSFGEO-NERC Collaborative Research: Coupling Erosion, Weathering, and Hydrologic Function in an Active Orogenic System",Regents of the University of Michigan - Ann Arbor
2021299,2020-09-02,451243,Continuing Grant,"NSFGEO-NERC Collaborative Research: Coupling Erosion, Weathering, and Hydrologic Function in an Active Orogenic System",University of California-Berkeley
2021619,2020-09-02,1605418,Continuing Grant,"NSFGEO-NERC Collaborative Research: Coupling Erosion, Weathering, and Hydrologic Function in an Active Orogenic System",University of Southern California
2026966,2020-09-02,74981,Standard Grant,Upgrade of Computing Facilities to support Geodynamics and Tectonics Research at UC Davis,University of California-Davis
2029521,2020-09-02,311760,Standard Grant,Life on an oxidizing planet: Microbial ecosystems of a Neoarchean carbonate platform,University of Cincinnati Main Campus
2041425,2020-09-02,119310,Standard Grant,Collaborative Research: REU Site: Resilience and Adaptation to Coastal Change Across Virtual Communities (C2-Virtual-C),East Carolina University
2041427,2020-09-02,15519,Standard Grant,Collaborative Research: REU Site: Resilience and Adaptation to Coastal Change Across Virtual Communities (C2-Virtual-C),Clemson University
1933259,2020-09-03,500952,Standard Grant,"Collaborative Research: Parsing out the controls of climate, geology, and land use on riverine (234U/238U) ratios in Texas river basins",University of Texas at El Paso
1933261,2020-09-03,227150,Standard Grant,"Collaborative Research: Parsing out the controls of climate, geology, and land use on riverine (234U/238U) ratios in Texas river basins",Oregon State University
2015813,2020-09-03,646855,Standard Grant,NSF/GEO-NERC: Fungi in a Warmer World,Morehead State University
2026019,2020-09-03,359810,Standard Grant,Testing the impact of reworking on the isochronicity of tephras deposited in diverse sedimentary environments,"Nevada System of Higher Education, Desert Research Institute"
2034214,2020-09-03,233042,Standard Grant,"SitS: Collaborative Research: Soils are signaling shifts in aggregate life-cycles: What does this mean for water, carbon and climate feedbacks in the Anthropocene?",Pennsylvania State Univ University Park
2034232,2020-09-03,268335,Standard Grant,"SitS: Collaborative Research: Soils are signaling shifts in aggregate life-cycles: What does this mean for water, carbon and climate feedbacks in the Anthropocene?",Oregon State University
2040145,2020-09-03,184321,Standard Grant,A Predictive Framework for Micro-scale Carbonate Diagenesis: Towards More Accurate Reconstructions of Global Climate and Environmental Change,Pennsylvania State Univ University Park
2025254,2020-09-04,139887,Standard Grant,"Synthesizing emerging results and identifying future research in an early-stage, magma-poor rift: A workshop in the southern East Africa Rift System",Northern Arizona University
1946496,2020-09-08,195884,Standard Grant,Collaborative Research: Improved Geochronology-Based Sediment Provenance Analysis Through Physico-Mechanical Characterization of Zircon Transport,Clemson University
1946538,2020-09-08,260565,Standard Grant,Collaborative Research: Improved Geochronology-Based Sediment Provenance Analysis Through Physico-Mechanical Characterization of Zircon Transport,University of Rochester
1946639,2020-09-08,79787,Standard Grant,Collaborative Research: Improved Geochronology-Based Sediment Provenance Analysis Through Physico-Mechanical Characterization of Zircon Transport,University of Texas at Austin
2018059,2020-09-08,37432,Standard Grant,"Collaborative Research: A place-based, student-led research project in the Pioneer Mountains, Montana: an investigation of very dry, alpine glaciation proximal to the Laurentide Ic",University of Vermont & State Agricultural College
2018222,2020-09-08,97614,Standard Grant,"Collaborative Research: A place-based, student-led research project in the Pioneer Mountains, Montana: an investigation of very dry, alpine glaciation proximal to the Laurentide Ic",The University of Montana-Western
1940070,2020-09-10,286615,Standard Grant,RUI: From Greenhouse to Icehouse: Documenting evolutionary trends in freshwater siliceous organisms over 80 million years of environmental change,Connecticut College
1951143,2020-09-10,383125,Continuing Grant,Collaborative Research: Mechanism of Manganese(IV) Oxide Biomineralization by a Bacterial Manganese Oxidase,University of Washington
1951498,2020-09-10,282345,Continuing Grant,Collaborative Research: Mechanism of Manganese(IV) Oxide Biomineralization by a Bacterial Manganese Oxidase,Oregon Health & Science University
2020380,2020-09-10,312249,Standard Grant,Collaborative Research: Evaluating Climate Change and Kill Mechanisms Associated with the End-Cretaceous Mass Extinction: A Model-Data Comparison Approach,East Carolina University
2021262,2020-09-10,375181,Standard Grant,Collaborative Research: Evaluating Climate Change and Kill Mechanisms Associated with the End-Cretaceous Mass Extinction: A Model-Data Comparison Approach,University of Missouri-Columbia
2021582,2020-09-10,453227,Standard Grant,Collaborative Research: Evaluating Climate Change and Kill Mechanisms Associated with the End-Cretaceous Mass Extinction: A Model-Data Comparison Approach,The University of Texas Rio Grande Valley
2021648,2020-09-10,795604,Continuing Grant,Collaborative Research: Evaluating Climate Change and Kill Mechanisms Associated with the End-Cretaceous Mass Extinction: A Model-Data Comparison Approach,University of Colorado at Boulder
2021686,2020-09-10,507650,Continuing Grant,Collaborative Research: Evaluating Climate Change and Kill Mechanisms Associated with the End-Cretaceous Mass Extinction: A Model-Data Comparison Approach,University of Connecticut
2038474,2020-09-10,37482,Standard Grant,RAPID: Monitoring hydrochemical effects of the 6.5 Monte Cristo Range Earthquake on groundwater systems in the Columbus Salt Marsh (central NV) and vicinity,"Board of Regents, NSHE, obo University of Nevada, Reno"
2020488,2020-09-14,419022,Continuing Grant,"Collaborative Research: The influence of climate and tectonics on Miocene ecosystems and faunal evolution in the East African Rift, Kenya",Regents of the University of Michigan - Ann Arbor
2021579,2020-09-14,669840,Continuing Grant,"Collaborative Research: The influence of climate and tectonics on Miocene ecosystems and faunal evolution in the East African Rift, Kenya",SUNY at Stony Brook
2021591,2020-09-14,415470,Continuing Grant,"Collaborative Research: The influence of climate and tectonics on Miocene ecosystems and faunal evolution in the East African Rift, Kenya",Hamilton College
2021666,2020-09-14,808425,Continuing Grant,"Collaborative Research: The influence of climate and tectonics on Miocene ecosystems and faunal evolution in the East African Rift, Kenya",Columbia University
2021682,2020-09-14,358633,Continuing Grant,"Collaborative Research: The influence of climate and tectonics on Miocene ecosystems and faunal evolution in the East African Rift, Kenya",Rutgers University New Brunswick
2022200,2020-09-18,458710,Standard Grant,Acquisition of Micro-Analytical Tools for Geochemistry,University of Rhode Island
2055100,2020-10-26,19360,Standard Grant,RAPID: Post-Fire Geomorphic Change Detection in a Small Mountainous River Estuary,University of California-Riverside
2101068,2020-10-26,49990,Standard Grant,"RAPID: Wildfire impacts on snowpack, flow paths, and sediment dynamics across an elevation gradient",Colorado State University
2043344,2020-10-29,34836,Standard Grant,RAPID: Collaborative Research: Mobilization and transport of contaminants to groundwater in flood-impacted unconnected communities in South Texas following Hurricane Hanna,Texas A&M University Corpus Christi
2043347,2020-10-29,15000,Standard Grant,RAPID: Collaborative Research: Mobilization and transport of contaminants to groundwater in flood-impacted unconnected communities in South Texas following Hurricane Hanna,University of Texas at San Antonio
2102117,2020-10-29,148710,Standard Grant,EAGER SitS: Soil Soundscapes from Seismic Arrays,Stanford University
2102530,2020-10-29,29752,Standard Grant,RAPID: Sparta Earthquake Surface Deformation Characterization,North Carolina State University
2054160,2020-10-30,179004,Standard Grant,Collaborative Research: Evaluating fault creep in California using geodetic and seismic observations,Virginia Polytechnic Institute and State University
2102762,2020-11-02,49962,Standard Grant,"RAPID: Forest fire effects on snow-water storage and downstream water quantity, quality, and timing of availability",Portland State University
2049603,2020-11-04,62789,Standard Grant,EAGER: Development of Techniques for 3D mapping at Macroscopic Scales,University of Texas at El Paso
2100147,2020-11-04,53201,Standard Grant,RAPID: Collaborative Research: Hydrologically driven export of pyrogenic carbon and nutrients in fire-impacted watersheds,University of California-Santa Cruz
2100269,2020-11-04,14312,Standard Grant,RAPID: Collaborative Research: Hydrologically driven export of pyrogenic carbon and nutrients in fire-impacted watersheds,Rensselaer Polytechnic Institute
2103501,2020-11-04,252751,Standard Grant,CAREER: Retention and Mobility of Beryllium in Soils and Sedimentary Environments,Stanford University
2104111,2020-11-05,233932,Continuing Grant,"Collaborative Research: From rock to regolith to rivers: weathering, grain size, and controls on soil production and fluvial incision",Stanford University
2051762,2020-11-09,49811,Standard Grant,RAPID: Monitoring and modeling watershed-scale post-wildfire streamflow response through space and time,Utah State University
2052581,2020-11-09,49997,Standard Grant,RAPID: Collecting critical data for advancing our understanding of wildfire impacts on soil characteristics and research on post-wildfire compound hazards,University of California-Irvine
1951812,2020-11-10,482903,Continuing Grant,NSFGEO-NERC: Collaborative Research: Developing a new Lower Cretaceous time scale: Foundation for the next generation of paleoceanographic and biogeochemical studies,University of Wisconsin-Madison
1951835,2020-11-10,301854,Continuing Grant,NSFGEO-NERC: Collaborative Research: Developing a new Lower Cretaceous time scale: Foundation for the next generation of paleoceanographic and biogeochemical studies,Northwestern University at Chicago
1952346,2020-11-10,191335,Continuing Grant,NSFGEO-NERC: Collaborative Research: Developing a new Lower Cretaceous time scale: Foundation for the next generation of paleoceanographic and biogeochemical studies,Boise State University
2103408,2020-11-30,297798,Standard Grant,Collaborative Research: What makes Low-Frequency Earthquakes low frequency?,Massachusetts Institute of Technology
2101885,2020-12-04,23139,Standard Grant,RAPID: The impact of headwater wildfire burns on the export of materials to the coast,University of California-Santa Cruz
2051539,2020-12-10,160821,Continuing Grant,"Collaborative Research: Beyond lithologic control of bedrock valley width: Investigating the role of persistent valley cover in bedrock valley width development, Buffalo River, AR",University of Arkansas
2051559,2020-12-10,252938,Continuing Grant,"Collaborative Research: Beyond lithologic control of bedrock valley width: Investigating the role of persistent valley cover in bedrock valley width development, Buffalo River, AR",Kansas State University
2102772,2020-12-10,53206,Standard Grant,Collaborative Research: Gateway to North America--the Great American Biotic Interchange (GABI) in Mexico and Origin of C4 Grassland,University of California-Berkeley
2045135,2020-12-11,348523,Continuing Grant,Role of Nitric Acid in Chemical Weathering and Pedogenic Thresholds,Oregon State University
2042174,2021-01-04,636991,Continuing Grant,CAREER: Peatland Geomorphology: Quantifying Geomorphological Changes across SE Asia Peatlands,University of Oregon Eugene
2031149,2021-01-11,35000,Standard Grant,Collaborative: EAGER: Demonstration that Thin Film Phase Transformations Can Be Monitored at High-Temperature and High-Pressure in a Diamond Anvil Cell,Regents of the University of Michigan - Ann Arbor
2031331,2021-01-11,65000,Standard Grant,Collaborative: EAGER: Demonstration that Thin Film Phase Transformations Can Be Monitored at High-Temperature and High-Pressure in a Diamond Anvil Cell,Michigan State University
2046015,2021-01-25,580333,Continuing Grant,"CAREER: Predicting Transport, Mixing, and Reaction in Three-dimensional Heterogeneous Fractured Media Across Scales",University of Minnesota-Twin Cities
2035479,2021-01-26,379540,Continuing Grant,Collaborative Research: Understanding Glacial-Geomorphic-Climatic Changes in the Arid Andes: Cordillera Oriental as a Case Study,Columbia University
2035535,2021-01-26,129096,Continuing Grant,Collaborative Research: Understanding Glacial-Geomorphic-Climatic Changes in the Arid Andes: Cordillera Oriental as a Case Study,University of Utah
2040716,2021-01-28,460596,Standard Grant,Trapped in travertine: Physical and chemical signature of paleoseismicity in hot spring deposits on active faults of the Central Nevada Seismic Belt,University of Washington
2043150,2021-01-28,110797,Standard Grant,Collaborative Research: Quantifying Watershed Dynamics in Snow-Dominated Mountainous Karst Watersheds Using Hybrid Physically Based and Deep Learning Models,Boise State University
2043363,2021-01-28,382257,Standard Grant,Collaborative Research: Quantifying Watershed Dynamics in Snow-Dominated Mountainous Karst Watersheds Using Hybrid Physically Based and Deep Learning Models,Utah State University
2044051,2021-01-28,284867,Standard Grant,Collaborative Research: Quantifying Watershed Dynamics in Snow-Dominated Mountainous Karst Watersheds Using Hybrid Physically Based and Deep Learning Models,Arizona State University
2045695,2021-02-02,587859,Continuing Grant,CAREER: Resolving the detrital thermal signatures and natural biases of sediment recycling and weathering in orogenic systems,University of Connecticut
2054597,2021-02-02,160668,Standard Grant,"Untangling the Roles of Viscous, Elastic, and Plastic Deformation in Slab Bending",University of Minnesota-Twin Cities
2045340,2021-02-04,509204,Continuing Grant,CAREER: Science and Education for Connecting Urban Irrigation Efficiency to Streamflow in Semi-Arid Cities,Colorado State University
2046768,2021-02-04,678017,Continuing Grant,CAREER: Understanding the importance of biomass hydraulic capacitance for transpiration,University of Texas at Austin
2049620,2021-02-04,330111,Standard Grant,Geophysics of Iron in the Earth’s Core,Stanford University
2051670,2021-02-04,391347,Standard Grant,Efficient discharge monitoring using whitewater sounds,Boise State University
2031017,2021-02-05,188198,Standard Grant,The Influence of Fault Geometry on Shallow Frictional Sliding in Subduction Zones,Columbia University
2050011,2021-02-05,221284,Standard Grant,Imaging deep mantle structure beneath Alaska using full waveform tomography,University of California-Berkeley
2117393,2021-02-05,243132,Standard Grant,Collaborative Research: Sustainability in the Food-Energy-Water nexus; integrated hydrologic modeling of tradeoffs between food and hydropower in large scale Chinese and US basins,Princeton University
2045277,2021-02-08,506875,Continuing Grant,"CAREER: Integrating geology and metallurgy for efficient, sustainable production of critical elements for the green economy",University of Arizona
2048227,2021-02-08,696746,Continuing Grant,CAREER: How streamflow ages vary downstream along river courses,University of California-Santa Barbara
2042919,2021-03-09,95254,Standard Grant,Applications of double-difference seismic attenuation tomography,University of Wisconsin-Madison
2051550,2021-03-10,465000,Continuing Grant,The First Billion Years of the Geodynamo,University of Rochester
2039341,2021-03-11,99737,Standard Grant,Conference Proposal:  GA-5: Data Science in Indian Country,University of Minnesota-Twin Cities
2042181,2021-03-12,533303,Continuing Grant,CAREER: Interpreting dune-field evolution from aeolian bedform patterns,University of California-Los Angeles
2048986,2021-03-12,98406,Standard Grant,EAGER: Microscale d34S Analyses in Pyrites to Distinguish Environmental and Biological Drivers of Isotopic Variability,Washington University
2036980,2021-03-18,286666,Standard Grant,"Fluid oscillations in conduit-reservoir systems, very long period seismic signals at Kilauea volcano, and the phenomenology of unsteady magma ascent",University of Oregon Eugene
2125659,2021-03-18,78630,Standard Grant,RAPID: Kilauea 2020,Regents of the University of Idaho
2040570,2021-03-22,371071,Standard Grant,The role of strike-slip fault interaction on long-term slip rates,University of Massachusetts Amherst
2042631,2021-03-22,499984,Continuing Grant,"CAREER: Subduction initiation in the Iapetus Ocean: How, and how fast?",Johns Hopkins University
2127775,2021-03-22,25000,Standard Grant,"RAPID: Field investigation to collect snow, debris flow and sediment deposition and the glacier-melt induced peak flows and landslide in the Chamoli region, Uttarakhand, India",Virginia Polytechnic Institute and State University
2047192,2021-03-23,829539,Continuing Grant,CAREER: Ecological turnover at the dawn of the Great Ordovician Biodiversification Event - quantifying the Cambro-Ordovician transition through the lens of exceptional preservation,Harvard University
2047313,2021-03-24,554181,Continuing Grant,CAREER - Winding up our crystal clocks: Experimental studies of element diffusion in igneous minerals,University of Hawaii
2039700,2021-03-25,142125,Standard Grant,Collaborative Research: Identifying shallow slow slip using hematite textures and (U-Th)/He thermochronometry of exhumed and experimental faults,Brown University
2039727,2021-03-25,449006,Standard Grant,Collaborative Research: Identifying shallow slow slip using hematite textures and (U-Th)/He thermochronometry of exhumed and experimental faults,Utah State University
2049127,2021-03-25,307962,Continuing Grant,Thermal conductivity of lower mantle minerals and outer core alloys studied by combined fast pulsed laser and optical spectroscopy techniques,Carnegie Institution of Washington
2122086,2021-03-26,282345,Continuing Grant,Collaborative Research: Mechanism of Manganese(IV) Oxide Biomineralization by a Bacterial Manganese Oxidase,University of Washington
2124802,2021-03-26,90372,Standard Grant,"Collaborative Research: Using Ca, Sr, Mg, and Fe isotope proxies to constrain redox and continental weathering during Ocean Anoxic Event 2",Pennsylvania State Univ University Park
2042098,2021-03-29,536729,Continuing Grant,CAREER: Developing a Multi-Parameter Seismic Model of North America,University of Texas at Dallas
2042243,2021-03-29,274610,Standard Grant,Processes Influencing Critical Element Enrichment in Alkaline Magmatic Systems,University of Wyoming
2042249,2021-03-30,764417,Continuing Grant,CAREER: A Triple-Isotope Approach to Unraveling Subsurface Food Webs,Northwestern University at Chicago
2045433,2021-03-30,676866,Continuing Grant,CAREER: Sea Level and Topographic Evolution (SLATE): Exploring the feedback between sea level and sediment redistribution,University of Wisconsin-Madison
2046244,2021-03-30,676693,Continuing Grant,CAREER: A Model-Based Rosetta Stone to Decipher the Stratigraphic Expression of Glacial Isostasy,Oregon State University
2047318,2021-03-30,515786,Continuing Grant,CAREER: Unlocking the Isotopic Signatures of Weathering Recorded in Rivers Through Isotope-Enabled Reactive Transport,University of Illinois at Urbana-Champaign
2049042,2021-03-30,574217,Continuing Grant,"CAREER: Hillslope Morphology Never Stops: Validating Hillslope Evolution Models on Transport Limited, Low Relief Landscapes",Iowa State University
2051577,2021-03-30,345352,Standard Grant,THE SCOPE AND SIGNIFICANCE OF TUNGSTEN ISOTOPE VARIATIONS: IMPLICATIONS FOR MANTLE EVOLUTION,Rutgers University New Brunswick
2125337,2021-03-31,167804,Standard Grant,Collaborative Research: Cross-Validation of Empirical and Physics-based ground motion predictions,University of Washington
2041366,2021-04-02,808867,Continuing Grant,CAREER: Topographic Controls on Overmarsh Circulation and Sedimentation along a Salt Marsh - Forest Continuum,University of South Carolina at Columbia
2041648,2021-04-06,282444,Standard Grant,Pore-scale machine-learning modeling of flow and transport properties of carbonate rocks,Oklahoma State University
2044506,2021-04-06,63521,Standard Grant,Collaborative Research: High temporal resolution paleomagnetism of speleothems,Smithsonian Institution
2044535,2021-04-06,379001,Standard Grant,Collaborative Research: High temporal resolution paleomagnetism of speleothems,University of Minnesota-Twin Cities
2044806,2021-04-06,330177,Standard Grant,Collaborative Research: High temporal resolution paleomagnetism of speleothems,Massachusetts Institute of Technology
2031261,2021-04-07,38101,Standard Grant,Collaborative Research: Predicting riverbank erosion in thawing permafrost,Yukon River Inter-Tribal Watershed Council
2031532,2021-04-07,465659,Standard Grant,Collaborative Research: Predicting riverbank erosion in thawing permafrost,California Institute of Technology
2041910,2021-04-07,595128,Continuing Grant,CAREER: Data-Driven Inversion of Subduction Zone Topography using Tectonic Geomorphology,Colorado State University
2026692,2021-04-08,192083,Standard Grant,Collaborative Research: Behavior of Boron During Prograde Diagenesis and Metamorphism of Pelagic Sediments from the Nankai Trough,University of Texas at Austin
2027362,2021-04-08,212219,Standard Grant,Collaborative Research: Behavior of Boron During Prograde Diagenesis and Metamorphism of Pelagic Sediments from the Nankai Trough,Pennsylvania State Univ University Park
2128606,2021-04-09,45873,Standard Grant,"RAPID: Initial Colonists of Freshly Emplaced Volcanic Rocks at High Latitude: A Case Study of the 2021 Volcanic Eruption on the Reykjanes Peninsula, Iceland",University of Arizona
2029645,2021-04-12,299017,Standard Grant,Collaborative Research: New Roles for Reactive Oxygen Species in Mediating Carbon Fluxes at the Terrestrial-Aquatic Interface,University of Minnesota-Twin Cities
2029665,2021-04-12,236408,Standard Grant,Collaborative Research: New Roles for Reactive Oxygen Species in Mediating Carbon Fluxes at the Terrestrial-Aquatic Interface,University of Delaware
2029686,2021-04-12,199724,Standard Grant,Collaborative Research: New Roles for Reactive Oxygen Species in Mediating Carbon Fluxes at the Terrestrial-Aquatic Interface,Colorado State University
2032167,2021-04-12,273984,Standard Grant,Collaborative Research: Transport of magma in the near surface at small volcanoes- Experimental intrusion of basaltic melt into unconsolidated sediments,University of Missouri-Kansas City
2032174,2021-04-12,79017,Standard Grant,Collaborative Research: Transport of magma in the near surface at small volcanoes- Experimental intrusion of basaltic melt into unconsolidated sediments,SUNY at Buffalo
2032181,2021-04-12,111806,Standard Grant,Collaborative research: Transport of magma in the near surface at small volcanoes- Experimental intrusion of basaltic melt into unconsolidated sediments,SPACE SCIENCE INSTITUTE
2051243,2021-04-13,121461,Standard Grant,Volcanic transcrustal magmatic systems imaged with teleseismic converted phases,University of Colorado at Boulder
2120366,2021-04-14,164338,Standard Grant,Collaborative Research: Quantifying Human Forcing of Legacy Sediment and Metal Contamination Dynamics on the Yunnan Plateau of Southwestern China,SUNY at Albany
2054442,2021-04-15,302999,Continuing Grant,Insights into the complexities of a seismogenic subduction zone: Analysis of a high-quality aftershock data set from the 2017 Tehuantepec (M8.2) offshore Mexico earthquake,University of Texas at El Paso
2051565,2021-04-16,157100,Standard Grant,Do slickenfibers record episodic tremor and slow slip?,University of Wisconsin-Madison
2046059,2021-04-19,636785,Continuing Grant,"CAREER: Mapping Anthropocene Geomorphology with Deep Learning, Big Data Spatial Analytics, and LiDAR",West Virginia University Research Corporation
2054175,2021-04-19,307805,Standard Grant,Collaborative Research: Sustainable Land and Water Resources - A Community Based Participatory Research Experience for Undergraduates,Salish Kootenai College
2054177,2021-04-19,343273,Standard Grant,Collaborative Research: Sustainable Land and Water Resources - A Community Based Participatory Research Experience for Undergraduates,University of Minnesota-Twin Cities
2044136,2021-04-20,437617,Continuing Grant,"Seismological studies of cratonic lithosphere: investigating lithospheric rheology, heat flow beneath ice sheets, and the origin of mid-lithospheric discontinuities",Brown University
2050374,2021-04-20,340499,Standard Grant,Neutrino Geoscience: Geoneutrinos and heat production in the Earth,"University of Maryland, College Park"
2045983,2021-04-21,589134,Continuing Grant,CAREER: Fluid-driven Deformation in Underground Salt Caverns and Wastewater Injection Sites,Louisiana State University
2049073,2021-04-21,454385,Standard Grant,Resolving Sediment Connectivity between Rivers and Estuaries by Tracking Particles with their Microbial Genetic Signature,Stroud Water Research Center
2051145,2021-04-23,868269,Continuing Grant,REU Site: Environmental and Earth Systems Research at Biosphere 2,University of Arizona
2129522,2021-04-26,58190,Standard Grant,Collaborative research: How variable is magma decompression rate during a single eruption?,Western Washington University
2129791,2021-04-26,265000,Standard Grant,First Steps Towards a New High Resolution Proxy for Paleomagnetic Field Instabilities:  Tritiogenic 3He Archived in Speleothems,California State University-Long Beach Foundation
2032039,2021-04-27,564439,Standard Grant,NSF-BSF: Composition and evolution of saline fluids in the upper mantle,Johns Hopkins University
2045871,2021-04-27,550787,Continuing Grant,"CAREER: Microplastics in snow-dominated environments - sources, transport, and fate","Nevada System of Higher Education, Desert Research Institute"
2052443,2021-04-27,353666,Standard Grant,Collaborative Research: Morphodynamic simulations of coastal storms and overwash to characterize back-barrier lake stratigraphies,Northeastern University
2052656,2021-04-27,237524,Standard Grant,Collaborative Research: Morphodynamic simulations of coastal storms and overwash to characterize back-barrier lake stratigraphies,Woods Hole Oceanographic Institution
2053163,2021-04-27,497604,Standard Grant,Carbon Storage in Mangrove Ecosystems via Abiotic Sulfurization,University of California-Santa Barbara
2053366,2021-04-27,438823,Continuing Grant,Collaborative Research: A plan to determine if the core can be the ultimate high 3He/4He source,Tulane University
2054094,2021-04-27,201245,Standard Grant,Collaborative Research: A plan to determine if the core can be the ultimate high 3He/4He source,University of California-Davis
2102571,2021-04-27,122856,Standard Grant,CSEDI Collaborative Research: Understanding of the effects of large planetesimal collisions on Hadean Earth mantle dynamics,Southwest Research Institute
2102777,2021-04-27,339068,Standard Grant,CSEDI Collaborative Research: Understanding of the effects of large planetesimal collisions on Hadean Earth mantle dynamics,Yale University
2038179,2021-04-29,720542,Continuing Grant,"CAREER: Paleoseismicity along the North American-Caribbean Plate Boundary: Research, Education and Outreach",Missouri University of Science and Technology
2042662,2021-04-29,638030,Continuing Grant,CAREER: Rethinking the Dynamics of Magma Storage and Eruption for Yellowstone’s Youngest Supereruption’,Montana State University
2043066,2021-04-29,227229,Standard Grant,"Collaborative Research: Volatile sources, eruption triggers, and magma ascent rates for mafic alkaline magmas at Nyiragongo and Nyamulagira volcanoes, DR Congo, East African Rift",University of Oregon Eugene
2043067,2021-04-29,169783,Standard Grant,"Collaborative Research: Volatile sources, eruption triggers, and magma ascent rates for mafic alkaline magmas at Nyiragongo and Nyamulagira volcanoes, DR Congo, East African Rift",University of Wyoming
2046278,2021-04-29,600009,Continuing Grant,"CAREER: Active forearc uplift, topographic growth, and permanent deformation above highly coupled subduction interfaces",University of California-Santa Barbara
2051759,2021-04-29,139000,Standard Grant,"Towards the Understanding of Deep Crustal Faulting and Fluid Movement through the Analysis of Long Period Earthquakes at Clearlake, CA",University of California-Berkeley
2052912,2021-04-30,174000,Fellowship Award,EAR-PF: A channel-belt scale source of autogenic topography controlling fluvial sedimentation and preservation: Investigation using 3D seismic volumes,"Cardenas, Benjamin"
2050271,2021-05-03,370790,Standard Grant,"Distinguishing Sediment, Serpentinite, and Altered Oceanic Crust in the Source  of Aleutian Volcanic Rocks Using Boron & Molybdenum Isotopes",University of South Carolina at Columbia
2131432,2021-05-10,649956,Continuing Grant,CAREER: From Desert to Coastal Rainforest Soils- How do fungi transform minerals deployed across natural weathering gradients?,University of California-Davis
2034167,2021-05-13,342205,Standard Grant,Microswarms: a lens into fault structure and aseismic processes deep in Southern California’s crust,California Institute of Technology
2040425,2021-05-13,470000,Continuing Grant,Insights into Episodic Caldera Collapse and Magmatic Systems from the 2018 Eruption of Kilauea Volcano,Stanford University
2052594,2021-05-13,174000,Fellowship Award,"EAR-PF The scale-dependent interplay between fault material strength, roughness and friction",Lambert                 Valere         R
2054522,2021-05-13,422170,Continuing Grant,Experimental constraints on the rheology of the mantle lithosphere at the base of the seismogenic zone,Brown University
2131632,2021-05-13,309532,Continuing Grant,Collaborative Research: The Zirconium Isotope Composition and Variability of the Silicate Earth -- A Pilot Study,University of Arizona
2131643,2021-05-13,294796,Standard Grant,Collaborative Research: Caught in the Act- The Petrology of Modern Lower-Crust Formation and Foundering in the North Andean Arc,University of Arizona
2126109,2021-05-17,99323,Standard Grant,Sustaining URGE (Unlearning Racism in Geosciences),University of California-San Diego Scripps Inst of Oceanography
2044884,2021-05-18,446363,Interagency Agreement,CAREER: Hydrodynamic and morphodynamic evolution of beach breaching and closure,Naval Postgraduate School
2041315,2021-05-20,163905,Standard Grant,COLLABORATIVE RESEARCH RUI: Testing mechanisms for regional dolomitization of Triassic carbonate platforms across the Nanpanjiang Basin of south China,University of Wisconsin-Green Bay
2041316,2021-05-20,139352,Standard Grant,COLLABORATIVE RESEARCH RUI: Testing mechanisms for regional dolomitization of Triassic carbonate platforms across the Nanpanjiang Basin of south China,Trinity University
2051076,2021-05-20,450239,Standard Grant,REU Site: Summer Opportunities in Agricultural Research & the Environment: Strategic Work in Applied Geoscience (SOARE: SWAG),"University of Maryland, College Park"
2016826,2021-05-21,400000,Continuing Grant,Acidic pit lakes: Novel biogeochemical reactors evaluated via multi-omics approaches,Pennsylvania State Univ University Park
2041040,2021-05-24,162850,Standard Grant,Acquisition of a tabletop SEM/EDS system at the University of Louisiana at Lafayette,University of Louisiana at Lafayette
2133502,2021-05-24,19331,Standard Grant,RAPID: Influence of the Brood X Cicada Emergence on Soil Water Infiltration,Indiana University
2030568,2021-05-25,74681,Standard Grant,"Acquisition of a High-Performance Computing Cluster for Big-Data in University of Massachusetts, Geosciences",University of Massachusetts Amherst
2049743,2021-05-25,74113,Standard Grant,"Updating of Geophysics Computer Facility, University of Colorado/CIRES",University of Colorado at Boulder
2041738,2021-05-26,298510,Standard Grant,"Collaborative research: Integrating tectonics, surface processes and paleobiodiversity using numerical and observational approaches",Indiana University
2041895,2021-05-26,201164,Standard Grant,"Collaborative research: Integrating tectonics, surface processes and paleobiodiversity using numerical and observational approaches",SUNY at Stony Brook
2102457,2021-05-26,287144,Standard Grant,Collaborative Research: An integrated model-proxy approach to understanding Western US hydroclimate change since the last glacial period,Woods Hole Oceanographic Institution
2102853,2021-05-26,41281,Standard Grant,Collaborative Research: An integrated model-proxy approach to understanding Western US hydroclimate change since the last glacial period,Yale University
2102956,2021-05-26,48552,Standard Grant,Collaborative Research: An integrated model-proxy approach to understanding Western US hydroclimate change since the last glacial period,University Corporation For Atmospheric Res
2102984,2021-05-26,172417,Standard Grant,Collaborative Research: An integrated model-proxy approach to understanding Western US hydroclimate change since the last glacial period,University of Colorado at Boulder
2047024,2021-05-27,635630,Continuing Grant,CAREER: Developing noble gases as tracers of metamorphic dehydration,Pennsylvania State Univ University Park
2049687,2021-05-27,300153,Standard Grant,Collaborative Research: Correlated velocity models as dynamic upscaling and model translation tools for watershed-scale hydrobiogeochemical cycling,Washington State University
2049688,2021-05-27,247844,Standard Grant,Collaborative Research: Correlated velocity models as dynamic upscaling and model translation tools for watershed-scale hydrobiogeochemical cycling,University of Notre Dame
2048452,2021-05-28,520884,Standard Grant,The influence of hierarchical and multiscale river morphology and sediment heterogeneity on hyporheic exchange processes,University of Cincinnati Main Campus
2037504,2021-06-01,495359,Standard Grant,Revealing Soil Hydraulic Properties,North Carolina State University
2050246,2021-06-01,885087,Continuing Grant,Community Facility Support for Geochronology and Thermochronology at the Arizona LaserChron Center,University of Arizona
2052944,2021-06-01,174000,Fellowship Award,EAR-PF In-situ and bulk sulfur isotope constraints on crustal recycling: a bridged investigation of superdeep diamonds and ocean island basalts,"Dottin, James Wosley"
2053029,2021-06-01,174000,Fellowship Award,EAR-PF: Unraveling Fluvial Kinematics before the Rise of Land Plants: Bridging Laboratory and Geologic Scales,"Valenza, Jeffery Michael"
2053048,2021-06-01,174000,Fellowship Award,EAR-PF: Transport and Fate of Riverine Organic Carbon in Grassland Ecosystems,"Johnston, Sarah Ellen"
2126167,2021-06-01,482921,Standard Grant,Ecogeomorphological consequences of climate and human-driven mangrove expansion into salt marshes,Louisiana State University
2131222,2021-06-01,71507,Standard Grant,"RAPID: Phosphorus Molecular Biogeochemistry during a Rapidly Changing Nutrient Load in Tampa Bay, FL",University of South Florida
2131889,2021-06-01,78471,Standard Grant,"RAPID: Response to the 2021 Earthquake Swarm and Volcanic Eruption in Reykjanes, Iceland",University of Arizona
2132566,2021-06-01,15691,Standard Grant,"RAPID: The effusive to explosive transition of La Soufrière, St. Vincent: Insights from petrology and hygrometry",Union College
2050819,2021-06-02,349914,Standard Grant,REU Site: Undergraduate Research Opportunities in Cave and Karst Science (U-ROCKS),James Madison University
2102856,2021-06-02,399747,Standard Grant,A one-million record of orbital-scale changes in temperature and precipitation from the Indo-Pacific Warm Pool,Brown University
2052599,2021-06-03,174000,Fellowship Award,EAR-PF The Role of Deformation in Triggering Volcanic Eruptions,"Ryan, Amy Grace"
2052790,2021-06-03,174000,Fellowship Award,EAR-PF: Investigating the effects of bedrock dip angle on knickpoint morphology and evolution via flume experimentation and numerical modeling,"Chilton, Kristin"
2052938,2021-06-03,174000,Fellowship Award,EAR-PF: Evolution of landscapes buried by Quaternary sediments,"Kwang, Jeffrey S"
2053009,2021-06-04,174000,Fellowship Award,"EAR-PF: Experimental study of the dynamics of frozen, cohesive river banks: bridging pore-scale properties with channel-scale dynamics.","Dunne, Kieran Bernard Jiamin"
2101056,2021-06-04,549616,Standard Grant,Excellence in Research: Identification of absolute sea level rise and land subsidence from long-term tide gauge records along coasts of the Gulf of Mexico and the Chesapeake Bay,Morgan State University
2114454,2021-06-04,199929,Standard Grant,RAPID: International Collaborative Airborne Sensor Deployments near Antarctic Ice Shelves,University of California-San Diego Scripps Inst of Oceanography
2120831,2021-06-04,290273,Standard Grant,"Collaborative Research: Arc plutonism along the Denali Fault, Alaska: Possible fault controls on incremental magma transport and assembly along a long-lived strike-slip fault",University of Alaska Fairbanks Campus
2121178,2021-06-04,185631,Standard Grant,"Collaborative Research: Arc plutonism along the Denali Fault, Alaska: Possible fault controls on incremental magma transport and assembly along a long-lived strike-slip fault",University of California-Davis
2124923,2021-06-04,294998,Standard Grant,A framework to predict hydrologic processes at continental scales,San Diego State University Foundation
2052835,2021-06-07,174000,Fellowship Award,EAR-PF: A Deep Critical Zone Observatory: Towards understanding the relationships of denudation and weathering through time and space,"Quirk, Brendon James"
2053857,2021-06-07,220287,Standard Grant,Collaborative research: Wind erodibility of salt-affected soils,University of California-Berkeley
2054170,2021-06-07,228936,Standard Grant,Collaborative research: Wind erodibility of salt-affected soils,Temple University
2100926,2021-06-07,539714,Standard Grant,Collaborative Research: Changes in hyporheic exchange and nitrous oxide generation due to streambed alteration by macro-roughness elements,Regents of the University of Idaho
2100927,2021-06-07,300000,Standard Grant,Collaborative Research: Changes in hyporheic exchange and nitrous oxide generation due to streambed alteration by macro-roughness elements,Stanford University
2043382,2021-06-08,241902,Standard Grant,Acquisition of a Volumetric Velocimetry System,Regents of the University of Idaho
2051254,2021-06-08,496592,Standard Grant,Acquisition and Upgrade of Instrumentation for Noble Gas Geochronology and Thermochronology,Arizona State University
2050372,2021-06-09,359067,Standard Grant,REU Site: Collaborative Research:  Research Opportunities in Rock Deformation,Washington University
2050705,2021-06-09,64121,Standard Grant,REU Site: Collaborative Research:  Research Opportunities in Rock Deformation,University of California-Santa Cruz
2050893,2021-06-09,32208,Standard Grant,REU Site: Collaborative Research:  Research Opportunities in Rock Deformation,University of Minnesota-Twin Cities
2136301,2021-06-09,224958,Standard Grant,EAGER: Prototyping three-dimensional printing of sand columns for granular physics experiments,University of California-San Diego Scripps Inst of Oceanography
2100985,2021-06-10,672584,Standard Grant,Excellence in Research: Effect of Hydration on the Thermo-elastic Properties of Mantle Minerals and the Geophysical Implications.,Delaware State University
2034788,2021-06-14,274006,Standard Grant,"Collaborative Research: Linking pyroclastic surge dynamics and deposits through integration of field data, multiphase numerical modeling, and experiments",Arizona State University
2035260,2021-06-14,314560,Standard Grant,"Collaborative Research: Linking pyroclastic surge dynamics and deposits through integration of field data, multiphase numerical modeling, and experiments",SUNY at Buffalo
2035649,2021-06-14,19710,Standard Grant,"Collaborative Research: Linking pyroclastic surge dynamics and deposits through integration of field data, multiphase numerical modeling, and experiments",Boise State University
2052589,2021-06-14,174000,Fellowship Award,EAR-PF: Environmental source apportionment and soil-household dust relationships of urban metal  pollutants across different regions and seasons,"Dietrich, Matthew"
2133498,2021-06-14,379864,Standard Grant,Experimental Study of Clinopyroxene Growth and Sector Zoning,Cornell University
2031457,2021-06-15,345345,Standard Grant,Dynamic Triggering Seen Clearly: Utilizing Continuous Waveforms and High-Resolution Catalogs to Measure the Importance and Mechanisms of Dynamic Triggering,University of California-Santa Cruz
2042114,2021-06-15,192830,Standard Grant,"RUI:  DEVELOPING A PREDICTIVE MODEL OF STRAIN ACCOMMODATION FOR SEGMENTED NORMAL FAULT EVOLUTION, SEVIER FAULT ZONE, SOUTHERN UTAH",Trinity University
2042386,2021-06-15,178445,Standard Grant,Collaborative Research: Redox Ratios in Amphiboles as Proxies for Volatile Budgets in Igneous Systems,Washington University
2042421,2021-06-15,55416,Standard Grant,Collaborative Research: Redox Ratios in Amphiboles as Proxies for Volatile Budgets in Igneous Systems,University of Tennessee Knoxville
2042452,2021-06-15,270410,Standard Grant,Collaborative Research: Redox Ratios in Amphiboles as Proxies for Volatile Budgets in Igneous Systems,Mount Holyoke College
2046932,2021-06-15,696573,Standard Grant,"CAREER: Modeling two-phase flow, multi-lithologic melting, and chemical disequilibrium with uranium-series isotopes",University of Nebraska-Lincoln
2053997,2021-06-15,174000,Fellowship Award,"EAR-PF: The spatiotemporal scales of transient slow slip on the San Andreas fault near San Juan Bautista, central California, and the implications for seismic hazard","Shaddox, Heather R"
2114061,2021-06-15,128692,Standard Grant,EAGER: Collaborative Proposal: Linking physiology and morphology in Grassland evolution via a novel analytical technique,University of Washington
2114240,2021-06-15,169328,Standard Grant,EAGER: Collaborative Proposal: Linking physiology and morphology in Grassland evolution via a novel analytical technique,Southern Methodist University
2114525,2021-06-15,365102,Standard Grant,The fate of banded iron formations in the deep mantle,Case Western Reserve University
2046957,2021-06-16,587413,Continuing Grant,CAREER: Subsurface critical zone architecture controls on hydrologic partitioning across spatial scales,University of California-Santa Cruz
2048656,2021-06-16,443185,Standard Grant,Lithospheric Dripping in Central Tibet: Underappreciated Factor in Orogenic Plateau Development?,University of Arizona
2114036,2021-06-16,272491,Standard Grant,Resolving time scales of groundwater flow and saline water displacement using noble gas radionuclide tracers,University of Chicago
2136055,2021-06-16,164796,Standard Grant,"Collaborative Research: Testing the controls on eruption size and style at intermediate arc volcanoes: Evidence from the Holocene record at Augustine Volcano, USA",Western Washington University
2048430,2021-06-17,302617,Standard Grant,Towards a process-based understanding of different eruptive regimes at persistently degassing volcanoes,Stanford University
2113333,2021-06-17,429900,Standard Grant,Collaborative Proposal: Plastic Spiraling In River Networks (Plastic-SIReN):  Determining the controls of watershed plastic fluxes using a field and modeling approach,University of New Hampshire
2113338,2021-06-17,418107,Standard Grant,Collaborative Proposal: Plastic Spiraling In River Networks (Plastic-SIReN):  Determining the controls of watershed plastic fluxes using a field and modeling approach,Loyola University of Chicago
2119842,2021-06-17,287776,Standard Grant,"Collaborative Research: Probing feedbacks between thermal structure, petrologic transformation, and rheologic evolution within dynamically evolving subduction zones",University of Miami
2119843,2021-06-17,105974,Standard Grant,"Collaborative Research: Probing feedbacks between thermal structure, petrologic transformation, and rheologic evolution within dynamically evolving subduction zones",Amherst College
2119844,2021-06-17,186556,Standard Grant,"Collaborative Research: Probing feedbacks between thermal structure, petrologic transformation, and rheologic evolution within dynamically evolving subduction zones",University of Washington
2136818,2021-06-17,32737,Standard Grant,"RAPID: Geomorphic controls on sediment age, ice preservation, and carbon storage in arctic permafrost systems",Montana State University
2038418,2021-06-21,299500,Standard Grant,"Acquisition of a SEM-EDS-CL microanalytical system for research, teaching, and outreach in Geology at Colby College, a Primarily Undergraduate Institution (PUI)",Colby College
2046598,2021-06-21,671727,Continuing Grant,CAREER: Testing models of early Earth crust formation and tectonics,Pennsylvania State Univ University Park
2051179,2021-06-21,267389,Standard Grant,Collaborative Research: Trace Elements in Pyrite—Validation and Calibration of a Novel Paleoenvironmental Proxy,University of California-Riverside
2051199,2021-06-21,244516,Standard Grant,Collaborative Research: Trace Elements in Pyrite—Validation and Calibration of a Novel Paleoenvironmental Proxy,Central Michigan University
2051691,2021-06-21,419135,Standard Grant,A Robust Temporal Framework for the Paleoproterozoic Crash of Atmospheric Oxygen,University of Wisconsin-Madison
2112642,2021-06-21,353216,Standard Grant,"Large wood in low-gradient floodplain rivers: Spatial distribution, physical controls, and geomorphic effects",University of North Carolina Greensboro
2113155,2021-06-21,229669,Standard Grant,Collaborative Research: Moving mountains: timing and emplacement of the Marysvale gravity slide complex,"OHIO STATE UNIVERSITY, THE"
2113156,2021-06-21,110665,Standard Grant,Collaborative Research: Moving mountains: timing and emplacement of the Marysvale gravity slide complex,WESTMINSTER UNIVERSITY
2113157,2021-06-21,210394,Standard Grant,Collaborative Research: Moving mountains: timing and emplacement of the Marysvale gravity slide complex,Kent State University
2113158,2021-06-21,132768,Standard Grant,Collaborative Research: Moving mountains: timing and emplacement of the Marysvale gravity slide complex,Board of Trustees of Illinois State University
2120113,2021-06-21,507877,Standard Grant,Hydrologic closure relationships at different levels of hillslope model complexity,University of Arizona
2047817,2021-06-22,276219,Standard Grant,Collaborative Research: Integrative ecological perspectives on extinction processes - a multi-proxy case study of Hispaniolan subfossil and extant rodents,Johns Hopkins University
2047818,2021-06-22,185556,Standard Grant,Collaborative Research: Integrative ecological perspectives on extinction processes - a multi-proxy case study of Hispaniolan subfossil and extant rodents,University of Cincinnati Main Campus
2047819,2021-06-22,140941,Standard Grant,Collaborative Research: Integrative ecological perspectives on extinction processes - a multi-proxy case study of Hispaniolan subfossil and extant rodents,Pennsylvania State Univ University Park
2121108,2021-06-22,314115,Standard Grant,MCA: Navigating the Clouds on the Horizon: Research and Education for Cloud-enabled Computational Hydrology in the Data Revolution,Boise State University
2124722,2021-06-22,504315,Continuing Grant,CAREER: Dynamics of surface rupturing thrust earthquakes,University of Washington
2052839,2021-06-23,174000,Fellowship Award,EAR-PF: Active Tectonics and Crustal Structure of Northern Alaska,"Chow, Bryant"
2054414,2021-06-23,159306,Continuing Grant,Collaborative Research: Community Facility Support: Facilitating Access and Innovation through a Collaborative Organization for Rock Deformation (CORD),Massachusetts Institute of Technology
2054439,2021-06-23,175626,Continuing Grant,Collaborative Research: Community Facility Support: Facilitating Access and Innovation through a Collaborative Organization for Rock Deformation (CORD),Brown University
2054805,2021-06-23,123242,Standard Grant,Development of a proof-of-concept geoelectric monitoring system for advancing research and education in hydrogeophysics at Boise State University,Boise State University
2041496,2021-06-28,292433,Standard Grant,Impact of upper-plate splay faults on accreting-sediment stress state and on megathrust strength and fluid budgets,University of Texas at Austin
2041892,2021-06-28,470000,Continuing Grant,Structure and motion of the inner core from dense arrays,University of Southern California
2045285,2021-06-28,452600,Standard Grant,Seismic and aseismic slip in faults with rock gouge using a 3D laboratory earthquake setup: the effect of fluid injection rate,California Institute of Technology
2047960,2021-06-28,567153,Continuing Grant,CAREER: The Evolution of Super-Hydrous Magmas in the Earth's Crust,Washington University
2050228,2021-06-28,595062,Standard Grant,Assessing the long-term stability of adaptive radiations using the fossil record,University of Texas at Austin
2050352,2021-06-28,104339,Standard Grant,Collaborative Research:  Laboratory and theoretical study of geyser dynamics,University of California-Davis
2050488,2021-06-28,207438,Continuing Grant,Collaborative Research:  Laboratory and theoretical study of geyser dynamics,Columbia University
2050785,2021-06-28,181914,Standard Grant,Collaborative Research:  Laboratory and theoretical study of geyser dynamics,Woods Hole Oceanographic Institution
2051350,2021-06-28,260930,Standard Grant,Collaborative Research: How does the deep critical zone (CZ) structure impact the hydrology and coupled carbon cycling of northern peatlands?,University of Maine
2051747,2021-06-28,110081,Standard Grant,Upgrade of an Isotope Ratio/Mass Spectrometer for Compound-Specific Isotope Analysis in Organic Biogeochemical Research,Auburn University
2051907,2021-06-28,218992,Standard Grant,Collaborative Research: How does the deep critical zone (CZ) structure impact the hydrology and coupled carbon cycling of northern peatlands?,Florida Atlantic University
2052004,2021-06-28,208539,Standard Grant,Collaborative Research: How does the deep critical zone (CZ) structure impact the hydrology and coupled carbon cycling of northern peatlands?,Rutgers University Newark
2052558,2021-06-28,581910,Continuing Grant,Collaborative Research: The M7.8 Simeonof earthquake: Untangling Slip from Seconds to Years across the edge of the Shumagin Seismic Gap,Michigan State University
2052569,2021-06-28,108950,Standard Grant,Collaborative Research: The M7.8 Simeonof earthquake: Untangling Slip from Seconds to Years across the edge of the Shumagin Seismic Gap,University of Alaska Fairbanks Campus
2052848,2021-06-28,174000,Fellowship Award,EAR-PF: Deciphering the Timescales of Metamorphism via Size Sorted Garnet Geochronology,"Nagurney, Alexandra Bobiak"
2054926,2021-06-28,278355,Continuing Grant,CSEDI Collaborative Proposal: a multi-disciplinary investigation of slab deformation and resulting seismic anisotropy from the transition zone to the base of the mantle,Arizona State University
2054951,2021-06-28,442918,Standard Grant,CSEDI Collaborative Proposal: a multi-disciplinary investigation of slab deformation and resulting seismic anisotropy from the transition zone to the base of the mantle,University of California-Berkeley
2054964,2021-06-28,408190,Continuing Grant,CSEDI Collaborative Research: The Origins and Implications of Inner Core Seismic Anisotropy,University of California-Berkeley
2054993,2021-06-28,247135,Standard Grant,CSEDI Collaborative Research: The Origins and Implications of Inner Core Seismic Anisotropy,University of Utah
2100702,2021-06-28,336534,Standard Grant,BSF-NSF: Collaborative Research: Deciphering the role of extreme rainstorms and hydroclimatic regime on arid escarpment retreat and sub-cliff slope evolution,University of Colorado at Boulder
2100753,2021-06-28,54441,Standard Grant,BSF-NSF: Collaborative Research: Deciphering the role of extreme rainstorms and hydroclimatic regime on arid escarpment retreat and sub-cliff slope evolution,Utah State University
2103011,2021-06-28,371311,Standard Grant,East Asian monsoon response to changes in Earth’s orbit: A new stable isotope modeling study,Brown University
2103520,2021-06-28,368508,Standard Grant,Stream Corridor Hydrologic Controls on Carbon Dioxide Fluxes,University of Massachusetts Amherst
2105876,2021-06-28,405230,Continuing Grant,HIGH TEMPERATURE MAGMATIC GAS: MINERAL DEPOSITION AND GAS/WALLROCK REACTION,SUNY at Stony Brook
2113408,2021-06-28,317667,Standard Grant,Calibrating olivine crystallographic preferred orientation as a mantle water detector,University of Delaware
2114016,2021-06-28,483634,Standard Grant,RCN: Inundation Signatures on Rocky Coastlines (ISROC),University of Notre Dame
2120931,2021-06-28,199802,Standard Grant,Determining the rates and conditions of subduction initiation beneath the Samail Ophiolite,Pennsylvania State Univ University Park
2121800,2021-06-28,386347,Standard Grant,Testing the Thermal Shear Instability Hypothesis for Deep Slab Seismicity,University of California-Davis
2122296,2021-06-28,37299,Standard Grant,"EAGER: Testing New Formulae for Pressure Derivatives of Specific Heat, Thermal Conductivity, and Thermal Diffusivity",Washington University
2050697,2021-06-29,642244,Standard Grant,REU Site: Undergraduate Research Pathways That Broaden and Strengthen the Geosciences,Macalester College
2038374,2021-07-06,149257,Standard Grant,"COLLABORATIVE RESEARCH: Investigating the link between modern spring activity and associated paleospring mounds in Death Valley, NP",San Francisco State University
2038377,2021-07-06,152123,Standard Grant,"COLLABORATIVE RESEARCH: Investigating the link between modern spring activity and associated paleospring mounds in Death Valley, NP",University of the Pacific
2038420,2021-07-06,191470,Standard Grant,"COLLABORATIVE RESEARCH: Investigating the link between modern spring activity and associated paleospring mounds in Death Valley, NP",University of Nevada Las Vegas
2042173,2021-07-06,324161,Continuing Grant,Particle clustering in dilute pyroclastic density currents and plumes,University of California-Berkeley
2054299,2021-07-06,120731,Standard Grant,Acquisition of an inductively coupled plasma optical emission spectrometer for high-throughput major and trace element analysis of aqueous solutions,New Mexico Institute of Mining and Technology
2120574,2021-07-06,413359,Standard Grant,Tracking Past Ice Sheets with North American River Drainage Basin Captures Induced by Glacial Isostatic Adjustment,University of California-Santa Cruz
2044603,2021-07-08,110776,Standard Grant,Collaborative Research: Using Multisystem Deep-Time Thermochronology to Decipher Neoproterozoic Exhumation Patterns in Time and Space,Lehigh University
2044800,2021-07-08,349282,Standard Grant,Collaborative Research: Using Multisystem Deep-Time Thermochronology to Decipher Neoproterozoic Exhumation Patterns in Time and Space,Dartmouth College
2044907,2021-07-08,185211,Standard Grant,Collaborative Research: Using Multisystem Deep-Time Thermochronology to Decipher Neoproterozoic Exhumation Patterns in Time and Space,University of Illinois at Urbana-Champaign
2050618,2021-07-08,424751,Standard Grant,Collaborative Research: From subduction to suture: testing collisional stage and lithospheric strength as controls on orogenic structure in the Caucasus,Regents of the University of Michigan - Ann Arbor
2050623,2021-07-08,457637,Standard Grant,Collaborative Research: From subduction to suture: testing collisional stage and lithospheric strength as controls on orogenic structure in the Caucasus,University of California-Davis
2121979,2021-07-08,383720,Continuing Grant,Spatiotemporal Variability of Tungsten-182 in the Hawaiian Plume,"University of Maryland, College Park"
2122115,2021-07-08,544317,Standard Grant,Integrating the fossil record with computer simulation to reconstruct posture and locomotor evolution in the ancestors of mammals,Harvard University
2123220,2021-07-08,316895,Standard Grant,Collaborative Research: Characterizing controls on postfire steepland ravel - when does bioturbation go too far for diffusive models?,Colorado School of Mines
2123221,2021-07-08,33025,Standard Grant,Collaborative Research: Characterizing controls on postfire steepland ravel - when does bioturbation go too far for diffusive models?,University of California-Santa Cruz
2054605,2021-07-12,428655,Continuing Grant,CSEDI: Understanding the influence of mantle dynamics on the generation of Earth's magnetic field throughout the plate tectonics cycle.,University of Florida
2114028,2021-07-12,349810,Standard Grant,U.S.-Ireland R&D Partnership: Sensor Application to Peatland Hydrology in Remote Environments (SAPHIRE),"OHIO STATE UNIVERSITY, THE"
2114382,2021-07-12,333279,Standard Grant,Opening and reestablishment of Kilauea's lower east rift zone magma plumbing system during the 2018 eruption,William Marsh Rice University
2114403,2021-07-12,321017,Standard Grant,"Experimental determination of the partitioning of Zn, Pb, and Cu between brine and dolomite at temperatures and pressures of sediment-hosted base metal ore deposit formation",University of Missouri-Columbia
2115719,2021-07-12,257553,Standard Grant,"Collaborative Research: Brittle-plastic deformation, fluid-rock interaction, and extensional reactivation  along Laramide thrust faults in the Sangre de Cristo Mountains, Colorado",Colorado State University
2115745,2021-07-12,55717,Standard Grant,"Collaborative Research: Brittle-plastic deformation, fluid-rock interaction, and extensional reactivation  along Laramide thrust faults in the Sangre de Cristo Mountains, Colorado",Washington and Lee University
2119838,2021-07-12,210863,Standard Grant,Collaborative Research: BENEATH THE FOUNTAINS: Shallow conduit processes and diversity in basaltic fissure eruptions.,University of Hawaii
2119973,2021-07-12,214324,Standard Grant,Collaborative Research: BENEATH THE FOUNTAINS: Shallow conduit processes and diversity in basaltic fissure eruptions.,North Carolina State University
2122512,2021-07-12,339945,Continuing Grant,Collaborative Research: Developing crystal clocks in metamorphic rocks: Using lithium in subduction zone garnets to decipher fluid release timescales,"University of Maryland, College Park"
2122513,2021-07-12,314922,Standard Grant,Collaborative Research: Developing crystal clocks in metamorphic rocks: Using lithium in subduction zone garnets to decipher fluid release timescales,University of South Carolina at Columbia
2124757,2021-07-12,55262,Standard Grant,Collaborative Research: Paleoenvironmental and paleoecological responses to climate change in the Early Eocene Climatic Optimum,Brown University
2124864,2021-07-12,117873,Standard Grant,Collaborative Research: Paleoenvironmental and paleoecological responses to climate change in the Early Eocene Climatic Optimum,CUNY Hunter College
2124926,2021-07-12,114348,Standard Grant,Collaborative Research: Paleoenvironmental and paleoecological responses to climate change in the Early Eocene Climatic Optimum,CUNY Brooklyn College
2124939,2021-07-12,337950,Standard Grant,Collaborative Research: Paleoenvironmental and paleoecological responses to climate change in the Early Eocene Climatic Optimum,University of Nebraska-Lincoln
2052111,2021-07-13,198401,Standard Grant,"RUI: Collaborative Research: Testing models for the Late Jurassic Nevadan Orogeny: Age, provenance, and structural evolution of the Galice and Mariposa basins, OR and CA",Trinity University
2052255,2021-07-13,368003,Standard Grant,"Collaborative Research: Testing models for the Late Jurassic Nevadan Orogeny: Age, provenance, and structural evolution of the Galice and Mariposa basins, OR and CA",Texas Tech University
2100493,2021-07-13,348253,Standard Grant,Collaborative Research: Two-way Coupled Fluid/Particulate Transport in Fractured Media - Bridging the Scales from Microscopic Origins to Macroscopic Networks,University of Minnesota-Twin Cities
2100527,2021-07-13,405922,Standard Grant,Calibration of the Lithium-in-Feldspar Geospeedometer for Timing Magmatic Events,Cornell University
2100691,2021-07-13,172301,Standard Grant,Collaborative Research: Two-way Coupled Fluid/Particulate Transport in Fractured Media - Bridging the Scales from Microscopic Origins to Macroscopic Networks,University of California-Santa Barbara
2120302,2021-07-13,433254,Standard Grant,Collaborative Research: The role of Grain Boundary Migration in Water Weakening of Naturally Deformed Quartz,Regents of the University of Michigan - Dearborn
2120326,2021-07-13,125912,Standard Grant,Collaborative Research: The role of Grain Boundary Migration in Water Weakening of Naturally Deformed Quartz,Central Michigan University
2125941,2021-07-13,414716,Continuing Grant,Significant improvements in the development and application of olivine-melt thermometry and hygrometry: new experiments and analytical approaches,Regents of the University of Michigan - Ann Arbor
2052826,2021-07-14,425511,Continuing Grant,Collaborative Research: Investigating the Role of Mantle Metasomatism and Melt-Rock Interaction During Evolution of Continental Lithosphere Mantle,University of Colorado at Boulder
2052909,2021-07-14,225520,Standard Grant,Collaborative Research: Investigating the Role of Mantle Metasomatism and Melt-Rock Interaction During Evolution of Continental Lithosphere Mantle,University of New Mexico
2052913,2021-07-14,174000,Fellowship Award,"EAR-PF Paleoelevation reconstruction in hyper-arid settings – integrating triple oxygen and clumped isotope techniques in the Salar de Atacama Basin, Chile (22-25S)","Butler, Kristina"
2052956,2021-07-14,174000,Fellowship Award,EAR-PF: Microplastics and Nanoplastics as Vectors for Inorganic Pollution: Examining the Effect of Environmental Systems Conditions on Degradation Pathway and Sorption Potential,"Pincus, Lauren Nicole"
2053016,2021-07-14,174000,Fellowship Award,EAR-PF: The optimization of SPC-POU filter and its application of well water treatment within Indigenous lands.,"Tsosie, Ranalda L"
2053056,2021-07-14,174000,Fellowship Award,"EAR-PF: Controls of and connections between silicate weathering and organic carbon cycling in watersheds: A test case in the Upper Deschutes Basin, Oregon, USA","Ramos, Evan J"
2055491,2021-07-14,69012,Standard Grant,Collaborative Research: Urban Watershed Evolution - Novel Temporal Perspectives on the Hydrologic Impacts and Positive Unintended Consequences of Failing Municipal Infrastructure,University of Arizona
2055536,2021-07-14,618686,Standard Grant,Collaborative Research: Urban Watershed Evolution - Novel Temporal Perspectives on the Hydrologic Impacts and Positive Unintended Consequences of Failing Municipal Infrastructure,University of Texas at Austin
2124650,2021-07-14,582494,Continuing Grant,Experimental investigation of deep fluids of the lower crust and subduction zones,University of California-Los Angeles
2125441,2021-07-14,407205,Standard Grant,"Floodplain ecogeomorphic processes: interactions between floodplain forest characteristics, wood accumulations, and hydrogeomorphology",University of Colorado at Boulder
2039795,2021-07-15,367265,Standard Grant,Collaborative Research: Tapping an unused biomarker for insights of past evaporation,University of Cincinnati Main Campus
2039939,2021-07-15,98763,Standard Grant,Collaborative Research: Tapping an unused biomarker for insights of past evaporation,College of Wooster
2052844,2021-07-15,174000,Fellowship Award,EAR-PF: Impact of flooding intensity on levee development and dynamics,"Barefoot, Eric A"
2052963,2021-07-15,174000,Fellowship Award,EAR-PF: A New Technique for Determining Eruption Timescales Applied to Large Igneous Provinces and Climatic Events over Earth History,"Biasi, Joseph A"
2053072,2021-07-15,174000,Fellowship Award,EAR-PF: Advanced statistical analysis to relate microstructural fabrics and finite strain in ductilely deformed rocks,"Lusk, Alexander Dmitri"
2053085,2021-07-15,174000,Fellowship Award,ER-PF: Using Distributed Acoustic Sensing for Tremor Detection and Site Characterization in Cascadia to Evaluate Earthquake Hazard,"Mendoza, Manuel Matthew"
2055474,2021-07-15,78987,Standard Grant,"Collaborative Research: Tracing the fate, age, and ecohydrologic significance of rock moisture",University of California-Berkeley
2100760,2021-07-15,240965,Standard Grant,"Collaborative Research: Tracing the fate, age, and ecohydrologic significance of rock moisture",University of Texas at Austin
2105320,2021-07-15,204597,Standard Grant,Collaborative Research: A New 3-D Velocity and Structural Model of the Northern Basins in the Los Angeles Region for Improved Ground Motion Estimates,Louisiana State University
2105358,2021-07-15,218579,Standard Grant,Collaborative Research: A New 3-D Velocity and Structural Model of the Northern Basins in the Los Angeles Region for Improved Ground Motion Estimates,California Institute of Technology
2116572,2021-07-15,299559,Standard Grant,"Collaborative Research: Subsurface plumbing, tremor migration, and eruption cycle of Yellowstone Geysers",University of Utah
2116573,2021-07-15,260632,Standard Grant,"Collaborative Research: Subsurface plumbing, tremor migration, and eruption cycle of Yellowstone Geysers",University of California-Berkeley
2120406,2021-07-15,300000,Standard Grant,Collaborative Research: Testing the reduction of aerobic habitat as a common kill mechanism for major mass extinction events,University of Chicago
2120412,2021-07-15,98567,Standard Grant,Collaborative Research: Understanding the Tectonic and Petrological Processes Controlling Iron Oxide-Apatite Mineralization in a Mesoproterozoic Collisional Orogen,Amherst College
2121165,2021-07-15,393923,Continuing Grant,Collaborative Research: Testing the reduction of aerobic habitat as a common kill mechanism for major mass extinction events,University of California-Riverside
2121279,2021-07-15,231457,Standard Grant,Collaborative Research: Testing the reduction of aerobic habitat as a common kill mechanism for major mass extinction events,Arizona State University
2121392,2021-07-15,602541,Standard Grant,Collaborative Research: Testing the reduction of aerobic habitat as a common kill mechanism for major mass extinction events,Stanford University
2121445,2021-07-15,488302,Standard Grant,Collaborative Research: Testing the reduction of aerobic habitat as a common kill mechanism for major mass extinction events,Syracuse University
2121466,2021-07-15,228080,Standard Grant,Collaborative Research: Testing the reduction of aerobic habitat as a common kill mechanism for major mass extinction events,Princeton University
2122050,2021-07-15,383551,Standard Grant,Collaborative Research: Understanding the Tectonic and Petrological Processes Controlling Iron Oxide-Apatite Mineralization in a Mesoproterozoic Collisional Orogen,Princeton University
2102843,2021-07-16,331413,Standard Grant,"Development of Precipitation, Evaporation and Temperature Records from Tropical Lake Sediments and Cave Deposits for the last 700,000 years",Regents of the University of Michigan - Ann Arbor
2102996,2021-07-16,541186,Standard Grant,"Development of Precipitation, Evaporation and Temperature Records from Tropical Lake Sediments and Cave Deposits for the last 700,000 years",Union College
2103020,2021-07-16,277175,Standard Grant,"Development of Precipitation, Evaporation and Temperature Records from Tropical Lake Sediments and Cave Deposits for the last 700,000 years",University of Minnesota-Twin Cities
2103082,2021-07-16,397549,Standard Grant,"Collaborative Research: RUI: Development of a 700,000 Year Record of Tropical Precipitation, Evaporation, and Temperature from Lake Junin Sediments and Regional Speleothems",University of Pittsburgh
2120733,2021-07-16,1660663,Continuing Grant,Collaborative Research: Evolution of Subsurface Microbe-Rock-Fluid Systems,University of Arizona
2120802,2021-07-16,453352,Standard Grant,Collaborative Research: Evolution of Subsurface Microbe-Rock-Fluid Systems,University of Wisconsin-Madison
2120912,2021-07-16,739763,Continuing Grant,Collaborative Research: Evolution of Subsurface Microbe-Rock-Fluid Systems,Northwestern University at Chicago
2050006,2021-07-19,174000,Fellowship Award,EAR-PF: Towards a robust understanding of the spatio-temporal evolution of foreshock sequences from the laboratory to the field,"Bolton, David Chas"
2052897,2021-07-19,174000,Fellowship Award,EAR PF: Investigating the competition between thermal pressurization and dilatancy on rough surfaces at earthquake slip rates,"Barbery, Monica R"
2102121,2021-07-19,41833,Standard Grant,Collaborative Research: RUI: Zero-order to first-order: Hydrologic drivers of surface-subsurface storage dynamics in thawing permafrost landscapes,University Corporation For Atmospheric Res
2102338,2021-07-19,276373,Standard Grant,Collaborative Research: RUI: Zero-order to first-order: Hydrologic drivers of surface-subsurface storage dynamics in thawing permafrost landscapes,Appalachian State University
2102342,2021-07-19,378093,Standard Grant,Collaborative Research: RUI: Zero-order to first-order: Hydrologic drivers of surface-subsurface storage dynamics in thawing permafrost landscapes,Idaho State University
2114748,2021-07-19,246288,Continuing Grant,Collaborative Research: Timescales and drivers of floodplain disequilibrium at climatic transitions,Dartmouth College
2114771,2021-07-19,78449,Standard Grant,Collaborative Research: Timescales and drivers of floodplain disequilibrium at climatic transitions,University of Massachusetts Amherst
2114781,2021-07-19,43070,Standard Grant,Collaborative Research: Timescales and drivers of floodplain disequilibrium at climatic transitions,North Carolina State University
2027496,2021-07-20,450000,Continuing Grant,Investigation of Anomalous Travel Times in the Central Andes: Possible Evidence for a Lithospheric Root Trapped Above a Flat Slab,Rensselaer Polytechnic Institute
2028554,2021-07-20,282820,Standard Grant,"Collaborative Research: Geodetic imaging of the interplay between creep, locking, earthquakes and land subsidence along the Chaman plate boundary",University of California-Berkeley
2028557,2021-07-20,184330,Standard Grant,"Collaborative Research: Geodetic imaging of the interplay between creep, locking, earthquakes and land subsidence along the Chaman plate boundary",University of Colorado at Boulder
2040066,2021-07-20,126390,Standard Grant,Acquisition of a 4K high accuracy digital microscope,University of South Florida
2045259,2021-07-20,528107,Continuing Grant,CAREER: Mechanics of Viscous Damage Zones Along Rough Faults and Community Tutorial/Forums for Experimental Rock Mechanists,University of Wisconsin-Madison
2052794,2021-07-20,49417,Standard Grant,"Seismic and Hydrostratigraphic Characterization of the Onshore-Offshore Freshwater Systems of Martha’s Vineyard and Nantucket, Massachusetts, USA",Colorado School of Mines
2053023,2021-07-20,174000,Fellowship Award,EAR-PF: Does eruption trigger mechanism ultimately control eruption style at arc volcanoes?,"deGraffenried, Rebecca"
2053042,2021-07-20,174000,Fellowship Award,EAR-PF: Global Investigation of the Mantle from Shear Velocity Profiles with a Focus on the Water Content and Temperature of the Mantle Transition Zone,"Mann, Michael Everett"
2053045,2021-07-20,174000,Fellowship Award,EAR-PF: A high-resolution 142Nd/144Nd record of mantle-derived rocks to constrain mantle stirring rate and tectonic regimes,Hyung                   Eugenia
2054263,2021-07-20,397197,Standard Grant,Collaborative Research: In Situ Laboratory Imaging and Modeling of PFAS Transport and Fate in Variably Saturated Heterogeneous Porous Media,University of Wisconsin-Madison
2054575,2021-07-20,155247,Standard Grant,Collaborative Research: In Situ Laboratory Imaging and Modeling of PFAS Transport and Fate in Variably Saturated Heterogeneous Porous Media,University of Arizona
2102069,2021-07-20,339866,Standard Grant,Volcanic eruptions in high resolution,University of California-Santa Cruz
2120122,2021-07-20,128542,Standard Grant,Collaborative Research: Exploring the dynamic interaction between pyrogenic carbon and extracellular enzymes and its impacts on organic matter cycling in fire-impacted environments,University of Florida
2120210,2021-07-20,195586,Continuing Grant,Collaborative Research: RUI: Climatic and geologic controls on the threshold conditions for bedrock single- and multi-thread channels,Colorado College
2120211,2021-07-20,267866,Standard Grant,Collaborative Research: Climatic and geologic controls on the threshold conditions for bedrock single- and multi-thread channels,Indiana University
2120547,2021-07-20,350398,Standard Grant,Collaborative Research: Exploring the dynamic interaction between pyrogenic carbon and extracellular enzymes and its impacts on organic matter cycling in fire-impacted environments,SUNY at Albany
2121568,2021-07-20,698099,Continuing Grant,Collaborative Research: Toward an integrated modeling framework for physics-based estimates of megathrust rupture potential,University of California-San Diego Scripps Inst of Oceanography
2121631,2021-07-20,235444,Standard Grant,Collaborative Research: Toward an integrated modeling framework for physics-based estimates of megathrust rupture potential,Indiana University
2121637,2021-07-20,634711,Standard Grant,Collaborative Research: Characterizing and quantifying carbon sequestration processes across the Andean Convergent Margin,Woods Hole Oceanographic Institution
2121666,2021-07-20,2866458,Continuing Grant,Collaborative Research: Toward an integrated modeling framework for physics-based estimates of megathrust rupture potential,University of Texas at Austin
2121670,2021-07-20,500761,Standard Grant,Collaborative Research: Characterizing and quantifying carbon sequestration processes across the Andean Convergent Margin,University of Tennessee Knoxville
2121678,2021-07-20,187307,Standard Grant,Collaborative Research: Characterizing and quantifying carbon sequestration processes across the Andean Convergent Margin,University of New Mexico
2122789,2021-07-20,320350,Standard Grant,Mafic magmatic enclaves as tracer of protracted mixing and hybridization,"Board of Regents, NSHE, obo University of Nevada, Reno"
2123211,2021-07-20,308426,Standard Grant,"Collaborative Research: Investigating the role of topography and magma properties on dike pathways beneath stratovolcanoes using field data, analogue experiments, and modeling",University of Oregon Eugene
2123216,2021-07-20,54395,Standard Grant,"Collaborative Research: Investigating the role of topography and magma properties on dike pathways beneath stratovolcanoes using field data, analogue experiments, and modeling",Chico State Enterprises
2127476,2021-07-20,368342,Standard Grant,MCA: Multi-scale considerations of climatic signatures on debris flows and alluvial fans,University of Minnesota-Twin Cities
2139331,2021-07-20,369925,Standard Grant,NSFGEO-NERC: Earthquake nucleation versus episodic slow slip: what controls the mode of fault slip?,California Institute of Technology
2102919,2021-07-21,142947,Standard Grant,Collaborative Research: Investigating Inter-Hemispheric Phasing of Tropical Andean Hydroclimate in Response to Holocene Orbital Forcing,University of Minnesota-Twin Cities
2103044,2021-07-21,294604,Standard Grant,Collaborative Research:  Investigating Inter-Hemispheric Phasing of Tropical Andean Hydroclimate in Response to Holocene Orbital Forcing,Indiana University
2103072,2021-07-21,96106,Standard Grant,Collaborative Research: Investigating Inter-Hemispheric Phasing of Tropical Andean Hydroclimate in Response to Holocene Orbital Forcing,University of Minnesota Duluth
2103089,2021-07-21,125547,Standard Grant,Collaborative Research: Investigating Inter-Hemispheric Phasing of Tropical Andean Hydroclimate in Response to Holocene Orbital Forcing,Washington University
2111939,2021-07-22,676882,Standard Grant,Collaborative Research: How and when did the Mongolian Altai (de-)form? Implications for intracontinental deformation,New Mexico Institute of Mining and Technology
2111940,2021-07-22,294898,Standard Grant,Collaborative Research: How and when did the Mongolian Altai (de-)form? Implications for intracontinental deformation,Indiana University
2118114,2021-07-22,341436,Standard Grant,"Collaborative Research: How do ultrahigh pressure metamorphic sheets form and exhume? A case study from the Tso Morari complex, India",Boise State University
2118117,2021-07-22,284698,Standard Grant,"Collaborative Research: How do ultrahigh pressure metamorphic sheets form and exhume? A case study from the Tso Morari complex, India",Washington State University
2041631,2021-07-25,243553,Standard Grant,Characterization of the Oceanic Lithosphere-Asthenosphere Boundary in the Colombian Subduction Zone through Receiver Function Analysis,Saint Louis University
2051110,2021-07-25,402261,Standard Grant,REU Site: Inclusive Student Training in Rapidly Urbanizing Climate-sensitive Terrains (InSTRUCT),University of Texas at Austin
2121595,2021-07-25,385499,Continuing Grant,"Collaborative Research: How roots, regolith, rock and climate interact over decades to centuries, the R3-C Frontier",Boise State University
2121621,2021-07-25,393581,Continuing Grant,"Collaborative Research: How roots, regolith, rock and climate interact over decades to centuries — the R3-C Frontier",Pennsylvania State Univ University Park
2121639,2021-07-25,432634,Continuing Grant,"Collaborative Research: How roots, regolith, rock and climate interact over decades to centuries — the R3-C Frontier.",University of Kansas Center for Research Inc
2121652,2021-07-25,418405,Continuing Grant,"Collaborative Research: How roots, regolith, rock and climate interact over decades to centuries — the R3-C Frontier",Kansas State University
2121659,2021-07-25,207172,Continuing Grant,"Collaborative Research: How roots, regolith, rock and climate interact over decades to centuries — the R3-C Frontier",Colorado School of Mines
2121694,2021-07-25,624207,Continuing Grant,"Collaborative Research: How roots, regolith, rock and climate interact over decades to centuries — the R3-C Frontier.",Oregon State University
2121760,2021-07-25,532558,Continuing Grant,"Collaborative Research: How roots, regolith, rock and climate interact over decades to centuries - the R3-C Frontier",University of California-Riverside
2121832,2021-07-25,202374,Standard Grant,Acquisition of Inductively-Coupled Plasma Optical Emission and X-Ray Fluorescence Spectrometers for Geoscience Research at North Dakota State University,North Dakota State University Fargo
2052829,2021-07-27,296022,Standard Grant,Constraining Transcrustal Magmatic Systems with Receiver Functions Along the Aleutian Island Arc,University of Hawaii
2103041,2021-07-27,95900,Continuing Grant,Collaborative Research: Quantitative Reconstructions of Last Millennium Hydroclimate and Temperature from the Tropical High Andes,SUNY at Albany
2103062,2021-07-27,93064,Continuing Grant,Collaborative Research: Quantitative Reconstructions of Last Millennium Hydroclimate and Temperature from the Tropical High Andes,University of Massachusetts Amherst
2103081,2021-07-27,239375,Continuing Grant,Collaborative Research: Quantitative Reconstructions of Last Millennium Hydroclimate and Temperature from the Tropical High Andes,Washington University
2124859,2021-07-27,250644,Standard Grant,MCA: Advances in Understanding the Biogeochemical Evolution of Serpentinites (AUBES),University of Rhode Island
2126206,2021-07-27,367843,Standard Grant,"MCA: In Flux: The Role of Dynamic Urban Greenspace in Energy, Water and Carbon Cycling",Wayne State University
2114166,2021-07-28,323787,Standard Grant,"Collaborative Research: Elucidating the Nature, Causes and Climate Importance of the Mid-Cenozoic Loess in the Western USA",University of Texas at Arlington
2114204,2021-07-28,260818,Standard Grant,"Collaborative Research: Illuminating the characteristics, causes, and paleoclimatic importance of the Mid-Cenozoic Loess in the Western USA",University of Connecticut
2034420,2021-07-29,491796,Standard Grant,Acquisition of a high resolution inductively coupled plasma mass spectrometer and ion chromatograph for environmental biogeochemical research and teaching at UMass Boston,University of Massachusetts Boston
2035778,2021-07-29,69593,Standard Grant,"Upgrade of an Infrared Spectrometer (with Electronics Replacement) for Quantitative Analysis, Focusing on H-species and Concentrations at Temperatures",Washington University
2041484,2021-07-29,193204,Standard Grant,Upgrade of Research Equipment for the UNM Volatiles Laboratory,University of New Mexico
2045291,2021-07-29,221572,Standard Grant,Collaborative Research: Vertical signatures of lithospheric deformation in the western US,Indiana University
2045292,2021-07-29,358157,Standard Grant,Collaborative Research: Vertical signatures of lithospheric deformation in the western US,University of Texas at Austin
2052559,2021-07-29,488500,Standard Grant,"Upgrade of Scanning Electron Microscopy Facilities at Montana State University: Supporting Research on the Lithosphere, Cryosphere, and Critical Zone",Montana State University
2102927,2021-07-29,241434,Standard Grant,Collaborative Research: Evaluating Snowlines Across the Tropics - The geomorphic imprint of tropospheric cooling and drying during the Last Glacial Maximum,Dartmouth College
2102947,2021-07-29,38568,Standard Grant,Collaborative Research: Evaluating Snowlines Across the Tropics - The geomorphic imprint of tropospheric cooling and drying during the Last Glacial Maximum,University of Maine
2103001,2021-07-29,137503,Continuing Grant,Collaborative Research: Quantitative Paleoclimatology of the East African Monsoon,University of Houston
2103009,2021-07-29,119293,Standard Grant,Collaborative Research: Quantitative Paleoclimatology of the East African Monsoon,James Madison University
2103030,2021-07-29,314999,Standard Grant,"Collaborative Research: Anthropogenic water management, Climate Change, and Environmental Sustainability in the Southwestern US (ACCESS)",Michigan State University
2103119,2021-07-29,135001,Standard Grant,"Collaborative Research: Anthropogenic water management, Climate Change, and Environmental Sustainability in the Southwestern US (ACCESS)",University of Colorado at Boulder
2105370,2021-07-29,104344,Standard Grant,Collaborative Research: Contribution of mafic magmatism to upper crustal batholiths: A case study of the Sierra Nevada batholith,Pomona College
2105371,2021-07-29,405087,Continuing Grant,Collaborative Research: Contribution of mafic magmatism to upper crustal batholiths: A case study of the Sierra Nevada batholith,California Institute of Technology
2121170,2021-07-29,604948,Continuing Grant,Collaborative Proposal: CO2PIP — A Community Project to advance and standardize approaches to paleo-CO2 reconstruction and build the next-generation Phanerozoic record,University of Utah
2121325,2021-07-29,462314,Continuing Grant,Collaborative Prop: CO2PIP-A Community Project to advance and standardize approaches to paleo-CO2 reconstruction and to build the next-generation Phanerozoic record,University of Texas at Austin
2121540,2021-07-29,530743,Continuing Grant,Collaborative Proposal: CO2PIP — A Community Project to advance and standardize approaches to paleo-CO2 reconstruction and build the next-generation Phanerozoic record,Wesleyan University
2121594,2021-07-29,787072,Continuing Grant,Collaborative Proposal: CO2PIP — A Community Project to advance and standardize approaches to paleo-CO2 reconstruction and build the next-generation Phanerozoic record,University of California-Davis
2121597,2021-07-29,148388,Standard Grant,Collaborative Proposal: CO2PIP — A Community Project to advance and standardize approaches to paleo-CO2 reconstruction and build the next-generation Phanerozoic record,University of Washington
2121649,2021-07-29,455144,Continuing Grant,Collaborative Proposal: CO2PIP — A Community Project to advance and standardize approaches to paleo-CO2 reconstruction and build the next-generation Phanerozoic record,Columbia University
2123074,2021-07-29,132318,Standard Grant,"Collaborative Research: Quantifying East African hydroclimate seasonal variability for humid intervals during the last 200 kyrs, Omo-Turkana Basin",Hamilton College
2123089,2021-07-29,156776,Standard Grant,"Collaborative Research: Quantifying East African hydroclimate seasonal variability for humid intervals during the last 200 kyrs, Omo-Turkana Basin",University of Dayton
2123529,2021-07-29,579568,Continuing Grant,Seismological Investigations of Earthquakes and Deep Earth Structure,University of California-San Diego Scripps Inst of Oceanography
2127623,2021-07-29,393552,Standard Grant,Collaborative Research: Comparative Taphonomy and Time-Averaging of Mollusk-Echinoid Assemblages using High-Performance Radiocarbon Dating System,University of Florida
2127644,2021-07-29,166140,Standard Grant,Collaborative Research: Comparative Taphonomy and Time-Averaging of Mollusk-Echinoid Assemblages using High-Performance Radiocarbon Dating System,Northern Arizona University
2122744,2021-07-30,252251,Standard Grant,"Collaborative Research: NSFGEO-NERC: Mechanisms of deformation through a complete eruption cycle of Sierra Negra volcano, Galapagos Islands",Pennsylvania State Univ University Park
2122745,2021-07-30,96190,Standard Grant,"Collaborative Research: NSFGEO-NERC: Mechanisms of deformation through a complete eruption cycle of Sierra Negra volcano, Galapagos Islands",University of Illinois at Urbana-Champaign
2030393,2021-08-01,491397,Standard Grant,Acquisition of a multicollector mass spectrometer for 40Ar/39Ar geochronology,Berkeley Geochronology Center
2102788,2021-08-01,506256,Continuing Grant,Improving the 40Ar/39Ar geochronometer,Berkeley Geochronology Center
2122168,2021-08-01,275832,Standard Grant,Collaborative Research: Generation of Rock Damage and Localization of Seismicity Before Large Earthquakes,University of Southern California
2122191,2021-08-01,206800,Standard Grant,Collaborative Research: Generation of Rock Damage and Localization of Seismicity Before Large Earthquakes,"Board of Regents, NSHE, obo University of Nevada, Reno"
2126313,2021-08-01,344599,Standard Grant,Collaborative Research: Exploring the tempo of exhumation and relief development to investigate mantle-to-surface connections around the Yellowstone hotspot,Regents of the University of Idaho
2126367,2021-08-01,99153,Standard Grant,Collaborative Research: Exploring the tempo of exhumation and relief development to investigate mantle-to-surface connections around the Yellowstone hotspot,Utah State University
2126373,2021-08-01,54148,Standard Grant,Collaborative Research: Exploring the tempo of exhumation and relief development to investigate mantle-to-surface connections around the Yellowstone hotspot,Purdue University
2128939,2021-08-01,53559,Continuing Grant,Collaborative Research: Towards a Better Understanding of Tl Isotope Cycling under Different Redox Conditions,Iowa State University
2129034,2021-08-01,611085,Continuing Grant,Collaborative Research: Towards a Better Understanding of Tl Isotope Cycling under Different Redox Conditions,Woods Hole Oceanographic Institution
2028754,2021-08-02,50547,Standard Grant,Collaborative Research: Snapshots of Miocene to Recent Paleoenvironmental and Paleoecological Conditions in the Northern Neotropics,University of Minnesota-Twin Cities
2029102,2021-08-02,604342,Standard Grant,Collaborative Research: Snapshots of Miocene to Recent Paleoenvironmental and Paleoecological Conditions in the Northern Neotropics,Missouri University of Science and Technology
2042276,2021-08-02,370113,Standard Grant,RUI: A sedimentological and sequence stratigraphic framework for carbon isotopic sampling and interpretation,SUNY College at Potsdam
2052834,2021-08-02,174000,Fellowship Award,EAR-PF Salinity Influence on Methane Emissions from Tidal Wetlands Determined by Clumped Isotopes,Haghnegahdar            Mojhgan
2052837,2021-08-02,174000,Fellowship Award,"EAR-PF: Mid-Miocene climate, vegetation, and disturbance dynamics of the Pacific Northwest","Schiller, Christopher M"
2052992,2021-08-02,174000,Fellowship Award,EAR-PF: Mammals as sentinels of biotic recovery and the topographic diversity gradient in the aftermath of the Cretaceous–Paleogene mass extinction,"Weaver, Lucas N"
2053033,2021-08-02,174000,Fellowship Award,EAR-PF: What is the role of metasomatic alteration in subduction zone episodic tremor and slip?,"Hoover, William Floyd"
2053086,2021-08-02,174000,Fellowship Award,"EAR-PF: Morphological and ecological disparity of Spiriferida (Brachiopoda) at local, regional, and global scales","Sclafani, Judith A"
2104716,2021-08-02,326446,Standard Grant,Identifying the role of dissolved organic matter composition in complete and partial photooxidation in diverse lakes,University of Wisconsin-Madison
2112034,2021-08-02,188207,Standard Grant,Collaborative Research: How are Flood Basalts Fed? A Textural Investigation of the Chief Joseph Dike Swarm,"Georgia State University Research Foundation, Inc."
2112035,2021-08-02,208105,Standard Grant,Collaborative Research: How are Flood Basalts Fed? A Textural Investigation of the Chief Joseph Dike Swarm,University of West Georgia
2120598,2021-08-02,253594,Standard Grant,Collaborative Research: Revisiting the water-saturated granite solidus,Syracuse University
2120599,2021-08-02,58969,Standard Grant,Collaborative Research: Revisiting the water-saturated granite solidus,Smithsonian Institution
2122023,2021-08-02,360667,Standard Grant,Digging into Soil Carbonate Formation Processes with Triple Oxygen Isotopes,Regents of the University of Michigan - Ann Arbor
2127529,2021-08-02,253258,Standard Grant,"RUI: Collaborative Research: Constraining peridotite alteration timescales with environmental tracers (3H, 39Ar, 14C and 81Kr)",Barnard College
2127532,2021-08-02,146619,Standard Grant,"RUI: Collaborative Research: Constraining peridotite alteration timescales with environmental tracers (3H, 39Ar, 14C and 81Kr)","University Enterprises, Incorporated"
2035135,2021-08-03,642469,Standard Grant,Protist Prophets – Foraminifera as Global Bioindicators for Past and Present Coral Reef Health,University of Miami
2052598,2021-08-03,174000,Fellowship Award,EAR-PF: Green infrastructure scaling from local observations to regional applications as a coupled human-water system,"Castro, Cynthia V"
2103088,2021-08-03,62230,Standard Grant,"Collaborative Research:  Probing Causal Links Among Volcanism, Dust, and Carbon Burial in the Permian - a Harbinger of the Future?",Montclair State University
2103117,2021-08-03,363742,Continuing Grant,"Collaborative Research:  Probing Causal Links Among Volcanism, Dust, and Carbon Burial in the Permian - a Harbinger of the Future?",University of Oklahoma Norman Campus
2121092,2021-08-03,326121,Continuing Grant,"Single-grain, multi-parameter characterization of detrital zircon grains to test for the influence of sample processing and sedimentologic processes",University of Iowa
2141804,2021-08-03,50000,Standard Grant,RAPID: Addressing the wind and water erosion knowledge gap in Drylands: Fire as a driver of erosion in cheatgrass invaded Sagebrush Steppe,"Board of Regents, NSHE, obo University of Nevada, Reno"
2102285,2021-08-04,78191,Standard Grant,"Collaborative Research: A Continuous 60,000 Year Sediment Record Documenting Abrupt to Precession-Scale Climate Change and Ecosystem Response at Fish Lake UT, Upper CO River Basin",Western Colorado University
2102997,2021-08-04,300372,Standard Grant,"Collaborative Research: A Continuous 60,000 Year Sediment Record Documenting Abrupt to Precession-Scale Climate Change and Ecosystem Response at Fish Lake UT, Upper CO River Basin",University of Utah
2103074,2021-08-04,437358,Standard Grant,"Collaborative Research: A Continuous 60,000 Year Sediment Record Documenting Abrupt to Precession-Scale Climate Change and Ecosystem Response at Fish Lake UT, Upper CO River Basin",University of Pittsburgh
2123481,2021-08-04,399904,Standard Grant,MCA: Enhancing Discrete Fracture Network Modeling Using Evolutionary and Quantum Computing to Expand Opportunities of Convergence Research,"Nevada System of Higher Education, Desert Research Institute"
2043064,2021-08-05,399438,Standard Grant,"Collaborative Research: Roles of rupture complexity, geological structure, stress interaction on earthquake sequences",University of Oklahoma Norman Campus
2043281,2021-08-05,156980,Continuing Grant,"Collaborative Research: Roles of rupture complexity, geological structure and stress interaction on earthquake sequences",Trustees of Boston University
2102495,2021-08-05,357817,Standard Grant,Developing a Seismic Model for Investigating Layering in Cratonic Lithosphere beneath Africa,University of Rochester
2103552,2021-08-05,244633,Standard Grant,The Fate of Zircon and Other Accessories in Deeply Subducted Terrigeneous Sediments,University of Hawaii
2116017,2021-08-05,763785,Continuing Grant,"Collaborative Research: Characterizing Quaternary Fault Behavior and Surface Processes of an Active Rift: The Lake Malawi (Nyasa) Rift, East Africa",Syracuse University
2116018,2021-08-05,211838,Continuing Grant,"Collaborative Research: Characterizing Quaternary Fault Behavior and Surface Processes of an Active Rift: The Lake Malawi (Nyasa) Rift, East Africa",Northern Arizona University
2118161,2021-08-05,385650,Standard Grant,Mesoarchean diamond-bearing sediments: implications for Archean continental roots and their surface expression,Pennsylvania State Univ University Park
2120906,2021-08-05,293334,Standard Grant,MCA: Modeling Surface Aerodynamic Temperature over Agricultural Fields,Colorado State University
2124655,2021-08-05,368600,Standard Grant,"Acquisition of LA-ICP-MS Instrumentation for Geochemical, Hydrological, and Archaeological Research and Education","Georgia State University Research Foundation, Inc."
2125954,2021-08-05,641554,Standard Grant,Latent-heat based measurements of the melting curve of iron to the pressure of Earth’s inner core boundary,Carnegie Institution of Washington
2127807,2021-08-05,499996,Standard Grant,Structure and thermal elastic properties of calcium silicate perovskite,University of Hawaii
2029097,2021-08-06,345538,Standard Grant,"Development of a high-throughput/high-sensitivity, in situ 14C extraction line for US earth sciences",Columbia University
2050463,2021-08-06,377035,Standard Grant,REU Site: Geosciences Program in Energy and Environmental Resource Sustainability (GeoPEERS),Pennsylvania State Univ University Park
2120812,2021-08-06,324240,Standard Grant,MCA: Destroying continental plates - unraveling the role of magmatism,University of New Mexico
2128822,2021-08-09,1196966,Continuing Grant,Community Facility Support:  Northeast National Ion Microprobe Facility (NENIMF): 2021-2024,Woods Hole Oceanographic Institution
2046284,2021-08-10,468283,Continuing Grant,CAREER: Dynamics and Vulnerability of Mineral-Organic Associations in the Rhizosphere,University of Massachusetts Amherst
2042553,2021-08-11,501597,Continuing Grant,CAREER: Investigating composition and rheology of circum-Pacific mantle wedges with body-wave attenuation,Michigan State University
2044871,2021-08-11,779119,Continuing Grant,CAREER: An Evolutionary Framework for the Molecular Fossil Record,University of California-Davis
2053372,2021-08-11,346881,Standard Grant,Collaborative Research: Exploring System-Wide Events on Complex Fault Networks using Fully-Dynamic 3D Earthquake Cycle Simulations,University of Oregon Eugene
2053405,2021-08-11,120419,Interagency Agreement,Collaborative Research: Exploring System-Wide Events on Complex Fault Networks using Fully-Dynamic 3D Earthquake Cycle Simulations,Naval Postgraduate School
2054242,2021-08-11,215151,Standard Grant,Collaborative Research:  Developing Records of Hydroclimate Variability in the Southeastern United States from the Middle Holocene to Present-Day,SUNY at Albany
2110297,2021-08-11,108503,Standard Grant,Acquisition of a high temperature elemental analyzer for hydrogen and oxygen isotope analysis of waters and solids for the University of Cincinnati Stable Isotope Laboratory,University of Cincinnati Main Campus
2120374,2021-08-11,224245,Standard Grant,Effect of Pore Pressure Rate on Rate and State Frictional Slip In Experiments,Northwestern University
2123136,2021-08-11,470500,Standard Grant,Acquisition of a New Stable Isotope ratio Mass Spectrometer with Carbonate and Water Systems to Support  Earth Science Research at Rutgers University,Rutgers University New Brunswick
2125895,2021-08-11,223744,Standard Grant,Exploring Dislocation Structures with Conventional EBSD,SUNY College at New Paltz
2052663,2021-08-12,174000,Fellowship Award,EAR-PF: Predator-driven evolution of shell structure at different scales during the Mesozoic Marine Revolution: An interdisciplinary experimental investigation,"Johnson, Erynn"
2113315,2021-08-12,106431,Standard Grant,Collaborative Research: High resolution passive seismic imaging beneath Valles Caldera,University of New Mexico
2113367,2021-08-12,153993,Standard Grant,Collaborative Research: High resolution passive seismic imaging beneath Valles caldera,University of Texas at El Paso
2117061,2021-08-12,396934,Standard Grant,MRI Acquisition of a high-resolution confocal Raman microscope with capabilities to perform liquid and solid experiments,New Mexico Institute of Mining and Technology
2123254,2021-08-12,253492,Standard Grant,Collaborative Research: The role of subducting seamounts in fault stability and slip behavior throughout the seismic cycle,Massachusetts Institute of Technology
2123255,2021-08-12,167851,Continuing Grant,Collaborative Research: The role of subducting seamounts in fault stability and slip behavior throughout the seismic cycle,University of Texas at Austin
2126089,2021-08-12,290026,Standard Grant,Collaborative Research: Developing argon techniques to elucidate earthquake chronologies (DATEEQ),Columbia University
2126105,2021-08-12,300944,Standard Grant,Collaborative Proposal: Developing argon techniques to elucidate earthquake chronologies (DATEEQ),University of California-Santa Cruz
2051548,2021-08-14,263675,Standard Grant,Collaborative Research: Laminated soil carbonate rinds as a tool for investigating late Quaternary climate-vegetation links,Regents of the University of Michigan - Ann Arbor
2051585,2021-08-14,57452,Standard Grant,COLLABORATIVE RESEARCH: Laminated soil carbonate rinds as a tool for investigating late Quaternary climate-vegetation links,Western Colorado University
2051587,2021-08-14,153579,Standard Grant,COLLABORATIVE RESEARCH: Laminated soil carbonate rinds as a tool for investigating late Quaternary climate-vegetation links,University of Utah
2120872,2021-08-15,303508,Continuing Grant,Collaborative Research: Ice Forcing in Arc Magma Plumbing Systems,University of Oregon Eugene
2047003,2021-08-16,699695,Continuing Grant,CAREER: Development of a proxy for past and present plant photorespiration rates based on 13C-D and D-D clumping in wood methoxyl groups,University of California-Berkeley
2050323,2021-08-16,388170,Standard Grant,Collaborative Research: Boron in soil carbonates: development of a quantitative soil CO2 proxy,University of Texas at Austin
2050339,2021-08-16,319659,Standard Grant,Collaborative Research: Boron in soil carbonates: developing a quantitative soil CO2 proxy,William Marsh Rice University
2052046,2021-08-16,74660,Standard Grant,"Does synergy among litter, organic horizons, and roots bolster nutrient retention and production?",University of Massachusetts Amherst
2054876,2021-08-16,177027,Standard Grant,CSEDI Collaborative Research: The nature and timing of Earth's accretion,University of California-Santa Cruz
2054884,2021-08-16,207061,Standard Grant,CSEDI Collaborative Research: The nature and timing of Earth's accretion,University of California-Davis
2054912,2021-08-16,247800,Standard Grant,CSEDI Collaborative Research: The nature and timing of Earth's accretion,Harvard University
2114225,2021-08-16,177632,Standard Grant,Acquisition of an ICP-OES and IC to Increase Hydrological and Geochemical Research and Education in the School of Geosciences at the University of Oklahoma,University of Oklahoma Norman Campus
2118660,2021-08-16,50647,Continuing Grant,Collaborative Research: Experimentally Evaluating the Relationship between Cation Ordering and Oxygen and Clumped Isotope Fractionation in Dolomite,Grand Valley State University
2119935,2021-08-16,75243,Continuing Grant,Collaborative Research: Experimentally Evaluating the Relationship between Cation Ordering and Oxygen and Clumped Isotope Fractionation in Dolomite,Regents of the University of Michigan - Ann Arbor
2120193,2021-08-16,294940,Continuing Grant,Collaborative Research: Experimentally Evaluating the Relationship between Cation Ordering and Oxygen and Clumped Isotope Fractionation in Dolomite,Western Michigan University
2121372,2021-08-16,106613,Standard Grant,Collaborative Research: Ice Forcing in Arc Magma Plumbing Systems (IF-AMPS),Purdue University
2121537,2021-08-16,94945,Standard Grant,Collaborative Research: Ice Forcing in Arc Magma Plumbing Systems (IF-AMPS),Dickinson College
2121561,2021-08-16,214006,Standard Grant,Collaborative Research: Ice Forcing in Arc Magma Plumbing Systems (IF-AMPS),University of California-Los Angeles
2121570,2021-08-16,1872867,Continuing Grant,Collaborative Research: Ice Forcing in Arc Magma Plumbing Systems (IF-AMPS),University of Wisconsin-Madison
2121655,2021-08-16,208000,Standard Grant,Collaborative Research: Ice Forcing in Arc Magma Plumbing Systems (IF-AMPS),Brown University
2122188,2021-08-16,373789,Continuing Grant,"Development of a User-Friendly, Low-Cost, Low-Power, Low-Noise, Lightweight, Self-Contained Infrasound Logging System",Boise State University
2123696,2021-08-16,210173,Standard Grant,Collaborative Research: An integrated evaluation of lower crustal rheology and localization processes in plagioclase-rich rocks,"University of Maryland, College Park"
2123718,2021-08-16,267684,Continuing Grant,Collaborative Research: An integrated evaluation of lower crustal rheology and localization processes in plagioclase-rich rocks,University of Wisconsin-Madison
2141763,2021-08-16,49989,Standard Grant,RAPID: How Critical Zone Processes Mediate the Impacts of Severe and Sustained Drought,University of California-Berkeley
2137618,2021-08-18,226401,Continuing Grant,Geodetic Characterization of the Easternmost Alaska Subduction Zone,Michigan State University
2137370,2021-08-19,11138,Standard Grant,Collaborative Research: RAPID Geodetic Field Response to the 2018 Magnitude 7 Anchorage Earthquake,Michigan State University
2147422,2021-08-20,72419,Standard Grant,Collaborative Research: RAPID: Response to the 29 July 2021 Chignik M8.2 Earthquake,Michigan State University
2147438,2021-08-20,81567,Standard Grant,Collaborative Research: RAPID: Response to the 29 July 2021 Chignik M8.2 Earthquake,Cornell University
2101080,2021-08-22,348331,Standard Grant,"Excellence in Research: A Data-Driven Computational Framework for Seismic Detection, Modeling and Prediction",Morgan State University
2102143,2021-08-22,361878,Standard Grant,CSEDI: Searching For Hadean Impacts: Clues From the Sudbury Impact Basin and Machine Learning Approaches,University of Rochester
2123412,2021-08-22,449290,Standard Grant,Collaborative Research: GEMT: Bridging Multiple Time Scales of Erosion and Rock Uplift in Taiwan,Indiana University
2123413,2021-08-22,297384,Standard Grant,Collaborative Research: GEMT: Bridging Multiple Time Scales of Erosion and Rock Uplift in Taiwan,University of Pittsburgh
2117527,2021-08-23,201803,Standard Grant,MRI: Acquisition of a Normal Phase Single Quadrupole High Performance Liquid Chromatography Mass Spectrometer (HPLC-MS) for Innovative Paleoclimate and Paleoenvironmental Research,University of Notre Dame
2117982,2021-08-23,124892,Standard Grant,MRI: Acquisition of a Broad-Energy Germanium Detector at Western Washington University,Western Washington University
2039961,2021-08-24,288785,Continuing Grant,Collaborative Research: Unraveling distributed deformation during early-stage rifting in the Western and Southwestern   African Rifts,Michigan State University
2039962,2021-08-24,145779,Standard Grant,Collaborative Research: Unraveling distributed deformation during early-stage rifting in the Western and Southwestern   African Rifts,Cornell University
2039963,2021-08-24,123066,Continuing Grant,Collaborative Research: Unraveling distributed deformation during early-stage rifting in the Western and Southwestern   African Rifts,Tulane University
2050797,2021-08-24,42429,Standard Grant,REU Site: Collaborative Research: Earth and Planetary Science and Astrophysics REU at the American Museum of Natural History in Collaboration with the City University of New York,CUNY Graduate School University Center
2050852,2021-08-24,339518,Standard Grant,REU Site: Collaborative Research: Earth and Planetary Science and Astrophysics REU at the American Museum of Natural History in Collaboration with the City University of New York,American Museum Natural History
2116744,2021-08-24,153814,Standard Grant,MRI: Acquisition of a Malvern Particle Size Analyzer for Interdisciplinary Research and Undergraduate Education and Research Training,Occidental College
2117198,2021-08-24,295464,Standard Grant,MRI: Acquisition of a Laboratory-Based X-ray Absorption and Emission Spectroscopy Instrument,Washington University
2117219,2021-08-24,330818,Standard Grant,"MRI: Acquisition of a Leading-edge Portable Geoprobe System with Subsurface Sampling, Logging and Imaging capabilities for Geoscience Research and Education",Texas A&M University Corpus Christi
2117554,2021-08-24,180058,Standard Grant,MRI: Acquisition of a Multi-Channel Ion Chromatograph to Support Geochemical and Environmental Research,Montana Technological University
2117634,2021-08-24,2199429,Standard Grant,MRI: Acquisition of a MIni CArbon DAting System (MICADAS) for climate change and air quality research,University of California-Irvine
2117703,2021-08-24,112576,Standard Grant,MRI: Acquisition of Tekran mercury speciation system for mercury biotransformation and ecotoxicology research and training at UT Tyler,University of Texas at Tyler
2117745,2021-08-24,317553,Standard Grant,MRI: Acquisition of Continuous Flow Isotope Ratio Mass Spectrometer (IRMS) for Climate Change and Environmental Research at the Lamont-Doherty Earth Observatory,Columbia University
2117942,2021-08-24,999999,Standard Grant,MRI: Acquisition of a field emission electron microprobe for Caltech Division of Geological and Planetary Sciences,California Institute of Technology
2117954,2021-08-24,800200,Standard Grant,MRI: Acquisition of a Field Emission Gun Scanning Electron Microscope for Cal State Northridge Scanning Microscopy Lab,"The University Corporation, Northridge"
2139353,2021-08-24,99892,Standard Grant,Defining research and educational priorities in Near-Surface Geophysics: a workshop and survey in light of the Vision for NSF 2020-2030 Earth in Time report,American Geophysical Union
2149890,2021-08-26,453227,Standard Grant,Collaborative Research: Evaluating Climate Change and Kill Mechanisms Associated with the End-Cretaceous Mass Extinction: A Model-Data Comparison Approach,Louisiana State University
2148792,2021-08-27,747636,Cooperative Agreement,United States Geological Survey Supplemental Funding for the Geodetic Facility for the Advancement of Geoscience (GAGE),EARTHSCOPE CONSORTIUM INC.
2150618,2021-09-01,160565,Standard Grant,Collaborative Research: Mantle metasomatism during serpentinization in subduction zones: Insights from in-situ boron isotopes,University of North Carolina at Chapel Hill
2150704,2021-09-02,31644,Standard Grant,"RAPID: Sentinel-1 and ALOS-2 InSAR interferograms to support community modeling, mapping, and estimation of hazards from strike-slip and thrust fault interactions in Haiti.",University of California-San Diego Scripps Inst of Oceanography
2152491,2021-09-14,49989,Standard Grant,RAPID: Impact of extreme flooding on groundwater quality following Hurricane Ida,Tulane University
2152622,2021-09-16,1119530,Continuing Grant,"NSF-NERC: PROcesses, drivers, Predictions: Modeling the response of Thwaites Glacier over the next Century using Ice/Ocean Coupled Models (PROPHET)",Dartmouth College
2152686,2021-09-16,340000,Continuing Grant,NSFGEO-NERC Proposal: Integrated Experimental and Dynamical Modeling of Top-down Crystallization in Terrestrial Cores: Implications for Core Cooling in the Earth,Carnegie Institution of Washington
2120721,2021-09-18,3286060,Continuing Grant,Collaborative Research: GCR: Responsible Critical Elements: Transforming Earth Resource Development for a Carbon-Neutral Future,Colorado School of Mines
2120722,2021-09-18,290635,Continuing Grant,Collaborative Research: GCR: Responsible Critical Elements: Transforming Earth Resource Development for a Carbon-Neutral Future,Fort Lewis College
2120795,2021-09-18,44895,Continuing Grant,Collaborative Research: GCR: Co-Defining Climate Refugia to Inform the Management of Mountain Headwater Systems,Cornell University
2120804,2021-09-18,859099,Continuing Grant,Collaborative Research: GCR: Co-Defining Climate Refugia to Inform the Management of Mountain Headwater Systems,University Corporation For Atmospheric Res
2120828,2021-09-18,444889,Continuing Grant,Collaborative Research: GCR: Co-Defining Climate Refugia to Inform the Management of Mountain Headwater Systems,University of Colorado at Denver-Downtown Campus
2120866,2021-09-18,387188,Continuing Grant,Collaborative Research: GCR: Co-Defining Climate Refugia to Inform the Management of Mountain Headwater Systems,University of Wyoming
2120891,2021-09-18,1863927,Continuing Grant,Collaborative Research: GCR: Co-Defining Climate Refugia to Inform the Management of Mountain Headwater Systems,University of Colorado at Boulder
2121134,2021-09-18,86122,Continuing Grant,"Collaborative Research: GCR: Growing a New Science of Landscape Terraformation: The Convergence of Rock, Fluids, and Life to form Complex Ecosystems Across Scales",California Lutheran University
2121155,2021-09-18,3513801,Continuing Grant,"Collaborative Research: GCR: Growing a New Science of Landscape Terraformation: The Convergence of Rock, Fluids, and Life to form Complex Ecosystems Across Scales",University of Arizona
2131833,2021-09-20,13711265,Continuing Grant,Mid-scale RI-1 (MI:IP): Facility for Open Research in a Compressed Environment (FORCE) at Arizona State University,Arizona State University
2154295,2021-10-18,367758,Standard Grant,Using a Well-Controlled Heterogeneous Permeability Field to Study Its Role on Miscible Density-Driven Convection in Porous Media,Stevens Institute of Technology
2154013,2021-10-25,39389,Standard Grant,RAPID: Evaluation of post-wildfire effects on soil physical and chemical properties in response to the Caldor and Tamarack fires near Lake Tahoe,"Nevada System of Higher Education, Desert Research Institute"
2044222,2021-10-28,459988,Standard Grant,"Collaborative Research: RUI: ""CSI Devonian"" - testing Late Devonian ocean anoxia proxies across different paleoenvironments",Appalachian State University
2044223,2021-10-28,76162,Standard Grant,"Collaborative Research: RUI: ""CSI Devonian"" - testing Late Devonian ocean anoxia proxies across different paleoenvironments",Williams College
2044224,2021-10-28,47526,Standard Grant,"Collaborative Research: RUI: ""CSI Devonian"" - testing Late Devonian ocean anoxia proxies across different paleoenvironments",Winthrop University
2150829,2021-11-08,593079,Continuing Grant,CAREER: Experimental Investigation of the Transport Properties of Sulfide Melts at Upper Mantle Conditions,Carnegie Institution of Washington
2204247,2021-11-19,23500,Standard Grant,Conference: Support for a Thompson Field Forum on the elevation history of the Sierra Nevada,University of Colorado at Boulder
2202313,2021-11-30,49770,Standard Grant,"RAPID: Quantifying Wetland Root Structure, Strength, and Uprooting due to Hurricane Ida",Louisiana State University
2148886,2021-12-01,353586,Standard Grant,How do sedimentary rocks become part of the lower continental crust?,University of California-Santa Barbara
2142152,2021-12-03,193590,Standard Grant,"Probing the mechanical properties of the crust and upper mantle using geodetic, remote sensing and seismological observations",California Institute of Technology
2147954,2021-12-03,333546,Standard Grant,"Collaborative Research: Phenocryst or not? Using a stratovolcano's crystal cargo to explore crustal-scale magmatic systems, Koma Kulshan (Mt. Baker), Northern Cascade Arc",Western Washington University
2147967,2021-12-03,277473,Standard Grant,"Collaborative Research: Phenocryst or not? Using a stratovolcano's crystal cargo to explore crustal-scale magmatic systems, Koma Kulshan (Mt. Baker), Northern Cascade Arc",Central Washington University
2147997,2021-12-03,349874,Continuing Grant,Constraining multi-scale interactions between slabs and mantle flow within Western Pacific subduction zones,University of Miami
2150831,2021-12-03,390481,Standard Grant,Dynamic Fragmentation and Earthquake Energy Partitioning,University of Maine
2150979,2021-12-03,263572,Continuing Grant,Magnetotelluric Investigation of Subduction Zone Hydrology and Megathrust Slip Behavior at the Nicoya Peninsula,Georgia Tech Research Corporation
2203159,2021-12-03,50000,Standard Grant,RAPID: The effects of extreme drought on sediment transport and deposition in water-supply reservoirs,University of Colorado at Boulder
2203532,2021-12-06,80155,Standard Grant,EAGER: Collaborative Research: Developing new laser ablation (U-Th)/(He-Pb) hematite double dating techniques to date ancient oxidation,University of Colorado at Boulder
2203547,2021-12-06,39213,Standard Grant,EAGER: Collaborative Research: Developing new laser ablation (U-Th)/(He-Pb) hematite double dating techniques to date ancient oxidation,University of California-Berkeley
2115293,2021-12-07,149989,Standard Grant,"SRS RN: Sustainable and Equitable Urban Stream Corridors: Improving aesthetic, social, water quality, and ecological values of urban watersheds to achieve downstream rural benefits",University of Georgia Research Foundation Inc
2132400,2021-12-07,343014,Standard Grant,"Global Search for D"" Discontinuity Structure",University of Utah
2134408,2021-12-07,384137,Continuing Grant,The Electrical Conductivity of Subducted Continental Crust,Case Western Reserve University
2203517,2021-12-07,99394,Standard Grant,"RAPID: Impacts of high magnitude wildfire on volcanic (lava tube) cave water chemistry, nutrient transport, activity and diversity of cave microbiome",University of Texas at San Antonio
2204852,2021-12-08,290745,Standard Grant,Collaborative Research: Flocculation Dynamics in the Fluvial to Marine Transition,Texas Tech University
2138410,2021-12-10,328959,Standard Grant,Collaborative Research: Tracking nitrogen in mélange matrix from fore-arc to sub-arc depths with implications for deep nitrogen cycling: A combined field and experimental approach,University of Arizona
2138484,2021-12-10,195997,Standard Grant,Collaborative Research: Tracking nitrogen in mélange matrix from fore-arc to sub-arc depths with implications for deep nitrogen cycling: A combined field and experimental approach,University of Southern California
2141503,2021-12-10,249987,Standard Grant,Collaborative Research: Informing River Corridor Transport Modeling by Harnessing Community Data and Physics-Aware Machine Learning,University of Illinois at Urbana-Champaign
2142165,2021-12-10,273481,Standard Grant,Collaborative Research: Informing River Corridor Transport Modeling by Harnessing Community Data and Physics-Aware Machine Learning,Washington State University
2142509,2021-12-10,331331,Standard Grant,Rethinking the Genesis of Banded Iron Formations: Simulating Partial Fe(II) Oxidation and Secondary Reactions of Iron-Silica Precipitates,Regents of the University of Michigan - Ann Arbor
2142686,2021-12-10,43854,Standard Grant,Collaborative Research: Informing River Corridor Transport Modeling by Harnessing Community Data and Physics-Aware Machine Learning,New Mexico State University
2142691,2021-12-10,254245,Standard Grant,Collaborative Research: Informing River Corridor Transport Modeling by Harnessing Community Data and Physics-Aware Machine Learning,University of New Mexico
2145663,2021-12-10,720899,Continuing Grant,CAREER: Heavy Noble Gases in the Azores Archipelago,Washington University
2132353,2021-12-12,308799,Standard Grant,CAS-Climate: Understanding the link between regional climate patterns and water supply in the Horn of Africa,University of Dayton
2150965,2021-12-12,435504,Continuing Grant,Collaborative Research: Constraining transient magma intrusion processes in the Nyiragongo-Kivu continental rift zone,Georgia Tech Research Corporation
2151005,2021-12-12,156841,Continuing Grant,Collaborative Research: Constraining transient magma intrusion processes in the Nyiragongo-Kivu continental rift zone,Pennsylvania State Univ University Park
2151594,2021-12-12,182636,Continuing Grant,Collaborative Research: Constraining transient magma intrusion processes in the Nyiragongo-Kivu continental rift zone,Tulane University
2142830,2021-12-13,679494,Continuing Grant,CAREER: Hydrodynamic Controls on Fluid and Solute Exchanges Across the Aquifer-Estuary Interface,University of Massachusetts Lowell
2208396,2021-12-14,278278,Standard Grant,Collaborative Research: Where does the water go: Improving understanding of stream-aquifer-atmosphere interactions around Beaver Dam Analogues,Lafayette College
2141593,2021-12-16,291922,Standard Grant,Revealing Quaternary evolution of North American tectonics with geologic block models,"The University Corporation, Northridge"
2145628,2021-12-16,535242,Continuing Grant,CAREER: Integrating river hydrology across scales: advancing understanding of the global river-atmosphere interface,Texas A&M University
2148727,2021-12-16,509939,Continuing Grant,An Experimental and Computational Study of the Radiative Thermal Conductivity of Upper Mantle Minerals and Rocks,California Institute of Technology
2143168,2021-12-19,679590,Continuing Grant,CAREER: Redefining the high field strength element systematics of subduction systems using non-traditional stable isotopes,University of Arizona
2209775,2021-12-19,247604,Standard Grant,Collaborative Research: RUI: Hydrology of the vegetation on vegetation: Comparison and scaling of rainfall interception and solute alteration by common arboreal epiphytes.,Cleveland State University
2145879,2022-01-03,582316,Continuing Grant,CAREER: Slip rates and earthquake timing of distributed Quaternary crustal deformation to evaluate structural accommodation of clockwise rotation of the Pacific Northwest,Portland State University
2149587,2022-01-03,189117,Standard Grant,Nature of a Low Velocity Anomaly in the Mantle Transition Zone Beneath the Western Great Plains,Missouri University of Science and Technology
2138504,2022-01-05,290139,Continuing Grant,Collaborative Research: Role of lithologic variability in controlling downstream channel response to sediment pulses,Western Washington University
2138505,2022-01-05,160862,Continuing Grant,Collaborative Research: Role of lithologic variability in controlling downstream channel response to sediment pulses,Virginia Polytechnic Institute and State University
2141316,2022-01-05,353062,Continuing Grant,"Collaborative Research: Coupled flow-geomechanical models applied to assess earthquake triggering in tectonically active regions – The Los Angeles basin, CA",Massachusetts Institute of Technology
2141382,2022-01-05,303673,Continuing Grant,"Collaborative Research: Coupled flow-geomechanical models applied to assess earthquake triggering in tectonically active regions – The Los Angeles basin, CA",Harvard University
2141991,2022-01-05,638217,Continuing Grant,CAREER: Impacts of Incorporated Metals on Dissolution Rates of Minerals,CUNY Queens College
2210203,2022-01-05,175183,Standard Grant,"EAGER: Using machine learning to develop a calibrated, remote sensing-based age model to improve late Quaternary slip-rate estimates in arid environments",University of Missouri-Columbia
2147714,2022-01-07,268254,Standard Grant,Tracking ascent rates in an open-vent volcano: Testing textural and geochemical ascent speedometers,"Board of Regents, NSHE, obo University of Nevada, Reno"
2201632,2022-01-07,48261,Standard Grant,Geophysical Imaging of a Buried Paleovalley in Support of ICDP Deep Dust Project,University of Oklahoma Norman Campus
2151277,2022-01-10,575072,Standard Grant,Testing the effects of cooling history and rheology on oceanic plateau accretion and their role in tectonic modification of convergent margins,Purdue University
2140416,2022-01-11,85275,Standard Grant,Upgrade of the Raman Spectroscopy System at the High-Pressure Lab of Arizona State University,Arizona State University
2208424,2022-01-12,49843,Standard Grant,RAPID: Quantifying timescales of groundwater recharge and discharge in seasonally snow-covered headwater catchments,University of Utah
2134453,2022-01-14,466484,Standard Grant,Collaborative Research: Concentration - Ratio - Discharge (C-R-Q) relationships of transient water-age distributions,University of Arizona
2135405,2022-01-14,273286,Standard Grant,Collaborative Research: Concentration - Ratio - Discharge (C-R-Q) relationships of transient water-age distributions,University of Illinois at Urbana-Champaign
2141989,2022-01-14,273237,Standard Grant,Collaborative Research: Concentration - Ratio - Discharge (C-R-Q) relationships of transient water-age distributions,Cornell University
2210214,2022-01-14,723931,Continuing Grant,"Collaborative Research: Dry Rifting In the Albertine-Rhino graben (DRIAR), Uganda",University of California-Davis
2139300,2022-01-18,355269,Standard Grant,"Collaborative Research: EAR-Climate: Ecohydrological responses to climate change: Changing flowpaths, aging groundwaters, and alterations to aquatic ecosystems",University of the Pacific
2139301,2022-01-18,172232,Standard Grant,"Collaborative Research: EAR-Climate: Ecohydrological responses to climate change: Changing flowpaths, aging groundwaters, and alterations to aquatic ecosystems","Nevada System of Higher Education, Desert Research Institute"
2147526,2022-01-19,276015,Standard Grant,"Collaborative Research: Overstepping and the Formation of Metamorphic Garnet - Field, Laboratory, Geochronological, Experimental and Modeling Studies",Rensselaer Polytechnic Institute
2147527,2022-01-19,104044,Standard Grant,"Collaborative Research: Overstepping and the Formation of Metamorphic Garnet - Field, Laboratory, Geochronological, Experimental and Modeling Studies",Boston College
2147528,2022-01-19,274764,Standard Grant,"Collaborative Research: Overstepping and the Formation of Metamorphic Garnet - Field, Laboratory, Geochronological, Experimental and Modeling Studies",Syracuse University
2141519,2022-01-20,378521,Standard Grant,Collaborative Research: EAR-Climate: Physical Controls on CO2 Release from Shale Weathering,"Board of Regents, NSHE, obo University of Nevada, Reno"
2141520,2022-01-20,258177,Standard Grant,Collaborative Research: EAR-Climate: Physical Controls on CO2 Release from Shale Weathering,William Marsh Rice University
2144770,2022-01-20,30000,Standard Grant,2022 Origins of Life GRC and GRS: Environments for the Origins of Life and Habitability,Gordon Research Conferences
2150975,2022-01-20,352826,Standard Grant,Transport Mechanisms across Geomorphic Transitions: Capturing Spatial and Temporal Evolution of River-Floodplain Connectivity within the Trinity River System,University of Texas at Austin
2149848,2022-01-25,425742,Continuing Grant,"Developing the thermodynamic solid solution models for Th, U, REE phosphates needed to identify the formation conditions of Th, U-depleted REE ores",Washington State University
2212998,2022-01-25,116351,Continuing Grant,Collaborative Research: Investigating how transient electrical and magnetic signals relate to changes in recharge-driven redox state and iron mineral transformations,University of California-Davis
2136934,2022-01-26,392802,Standard Grant,EAR-Climate: Geomorphic controls on soil organic carbon in fire-prone erosional landscapes,University of Oregon Eugene
2139649,2022-01-26,403680,Standard Grant,Collaborative Research: Novel integration of direct measurements with numerical models for real-time estimation and forecasting of streamflow response to cyclical processes,University of Iowa
2139663,2022-01-26,259328,Standard Grant,Collaborative Research: Novel Integration of Direct Measurements with Numerical Models for Real-time Estimation and Forecasting of Streamflow Response to Cyclical Processes,Tulane University
2152873,2022-01-27,757272,Continuing Grant,"Collaborative Research: Investigating tree rings as archives for atmospheric Hg concentrations using Hg, carbon isotopes, and comparisons to other proxies","Board of Regents, NSHE, obo University of Nevada, Reno"
2152874,2022-01-27,57763,Continuing Grant,"Collaborative Research: Investigating tree rings as archives for atmospheric Hg concentrations using Hg, carbon isotopes, and comparisons to other proxies","Nevada System of Higher Education, Desert Research Institute"
2149717,2022-01-31,523539,Continuing Grant,Measurement and Determination of the Importance of Total Sulfhydryl Binding Site Concentrations in a Wide Range of Environmental Samples: A Novel UHPLC-MS Approach,University of Notre Dame
2138789,2022-02-01,468550,Standard Grant,Upgrade of LA-ICP-MS for research and education at Western Washington University,Western Washington University
2143413,2022-02-01,732083,Continuing Grant,CAREER: Using seismic sources to probe megathrust fault conditions,University of California-San Diego Scripps Inst of Oceanography
2130595,2022-02-03,425115,Standard Grant,Collaborative Research: Impact of evaporation and waves on groundwater dynamics in tidally influenced beaches,New Jersey Institute of Technology
2130602,2022-02-03,176789,Standard Grant,Collaborative Research: Impact of evaporation and waves on groundwater dynamics in tidally influenced beaches,University of Delaware
2143243,2022-02-03,749999,Continuing Grant,CAREER: Uncovering the Geochemical and Biomineralization Processes Responsible for Mercury-Selenium Antagonism in the Environment,University of California-Davis
2147918,2022-02-04,599275,Continuing Grant,Collaborative Research: Mantle Dynamics and Plate Tectonics Constrained by Converted and Reflected Seismic Wave Imaging Beneath Hotspots,Woods Hole Oceanographic Institution
2147923,2022-02-04,214451,Standard Grant,Collaborative Research:  Mantle dynamics and plate tectonics constrained by converted and reflected seismic wave imaging beneath hotspots,University of California-San Diego Scripps Inst of Oceanography
2148768,2022-02-09,664768,Continuing Grant,Facility: Leveraging feedback from the MorphoBank community to modernize analysis of paleontological data for phylogenetics,Phoenix Bioinformatics Corporation
2142489,2022-02-10,611610,Continuing Grant,"CAREER: From slow to fast, micro to macro, single events to cascades: A multi-scale study of seismic event triggering in lab and nature",University of Memphis
2143456,2022-02-11,158475,Standard Grant,Upgrade of geochemical analytical facilities at South Dakota Mines,South Dakota School of Mines and Technology
2152514,2022-02-11,326499,Standard Grant,Collaborative Research: Surface Properties and Transport of Micro- and Nanoplastics in Unsaturated Soil,Washington State University
2152520,2022-02-11,159763,Standard Grant,Collaborative Research: Surface Properties and Transport of Micro- and Nanoplastics in Unsaturated Soil,University of Tennessee Institute of Agriculture
2142464,2022-02-14,579258,Standard Grant,Collaborative Research: CAS-Climate: The Hydrologic Connection between Permafrost-Plateaus and Thaw-Bogs:  Impact on Methane Emissions,University of Washington
2143928,2022-02-14,58421,Standard Grant,Collaborative Research: CAS-Climate: The Hydrologic Connection between Permafrost-Plateaus and Thaw-Bogs: Impact on Methane Emissions,University of Alaska Fairbanks Campus
2149559,2022-02-14,390331,Continuing Grant,Hydrous Components in Nominally Anhydrous Phases,California Institute of Technology
2129628,2022-02-15,296242,Standard Grant,Collaborative Research: Associations between climate shifts and ammonoid turnover across second-tier extinctions during the early Late Cretaceous greenhouse,University of Nebraska-Lincoln
2129629,2022-02-15,164998,Standard Grant,Collaborative Research: Associations between climate shifts and ammonoid turnover across second-tier extinctions during the early Late Cretaceous greenhouse,Bowling Green State University
2146078,2022-02-15,442407,Continuing Grant,CAREER: EAR-Climate: Impacts of Recent Wetting on Cold Region Hydrologic Change in the Northern Great Plains,University of North Dakota Main Campus
2147598,2022-02-15,415000,Continuing Grant,Collaborative Research: Decoding thermal and magmatic history of mafic and ultramafic rocks through systematic studies of cation diffusion in pyroxene,Brown University
2147603,2022-02-15,150455,Standard Grant,Collaborative Research: Decoding thermal and magmatic history of mafic and ultramafic rocks through systematic studies of cation diffusion in pyroxene,SUNY at Albany
2145830,2022-02-22,654247,Continuing Grant,"CAREER: Linking microevolution to macroevolution using a high resolution, long term fossil stickleback dataset",Loyola University of Chicago
2146640,2022-02-23,324729,Continuing Grant,Collaborative Proposal: Testing Collision Versus Frictional Stress-Drop Models of High-Frequency Earthquake Ground Motions,Brown University
2146687,2022-02-23,313050,Continuing Grant,Collaborative Proposal: Testing Collision Versus Frictional Stress-Drop Models of High-Frequency Earthquake Ground Motions,University of Texas at Austin
2149026,2022-02-23,67441,Continuing Grant,Collaborative Research: Catalytic: Improving Accuracy and Efficiency of Multicollector Mass Spectrometry,Wayne State University
2149083,2022-02-23,128642,Continuing Grant,Collaborative Research: Catalytic: Improving Accuracy and Efficiency of Multicollector Mass Spectrometry,University of Kansas Center for Research Inc
2149084,2022-02-23,258973,Continuing Grant,Collaborative Research: Catalytic: Improving Accuracy and Efficiency of Multicollector Mass Spectrometry,College of Charleston
2150441,2022-02-24,778590,Standard Grant,"REU Site: Ecohydrology of Tropical Montane Forests—Diversity in Science, Interdisciplinary Breadth, and Global Awareness",Texas A&M AgriLife Research
2133698,2022-02-25,273865,Continuing Grant,Collaborative Research: Assessing the timing and characteristics of deglacial Laurentide Ice Sheet thinning in the northeast United States through paired data-model analyses,Rowan University
2133699,2022-02-25,192850,Continuing Grant,Collaborative Research: Assessing the timing and characteristics of deglacial Laurentide Ice Sheet thinning in the northeast United States through paired data-model analyses,University of California-Los Angeles
2138057,2022-02-25,85025,Standard Grant,Acquisition of a pXRF and pLIBS Instrument Suite for Geochemistry Research in the Urban Environment,Rutgers University Newark
2129252,2022-02-28,241139,Standard Grant,Hydraulic Permeability of Temperate Ice,Iowa State University
2142967,2022-02-28,507473,Continuing Grant,CAREER: CAS-Climate: Socio hydrology to link climate change and its societal impacts,University of Notre Dame
2136991,2022-03-03,421138,Standard Grant,Collaborative Research: Freshwater flocculation and its impact on sustaining floodplains and deltaic wetlands,California Institute of Technology
2136992,2022-03-03,43455,Standard Grant,Collaborative Research: Freshwater flocculation and its impact on sustaining floodplains and deltaic wetlands,The Water Institute of the Gulf
2136993,2022-03-03,24613,Standard Grant,Collaborative Research: Freshwater flocculation and its impact on sustaining floodplains and deltaic wetlands,University of New Orleans
2147529,2022-03-03,452768,Continuing Grant,Seismicity of peridotite alteration,Woods Hole Oceanographic Institution
2148614,2022-03-03,483833,Continuing Grant,Catalytic: Distributed Acoustic Sensing Data Analysis Ecosystem (DASDAE),Colorado School of Mines
2141744,2022-03-04,127423,Standard Grant,Collaborative Research: A new appraisal of tectonic mobility in the northern Cordillera using connections between the Coast Mountains batholith and Alberta foreland basin,"The University Corporation, Northridge"
2142272,2022-03-04,242698,Standard Grant,Collaborative Research: A new appraisal of tectonic mobility in the northern Cordillera using connections between the Coast Mountains batholith and Alberta foreland basin,University of Arizona
2142980,2022-03-04,638155,Continuing Grant,CAREER: Inversion of Localized High-Resolution Polar Gravity Fields to Estimate Mass Change,University of Arizona
2153721,2022-03-04,393670,Standard Grant,Testing the role of metastable olivine in subduction dynamics and deep earthquakes,University of California-Davis
2153688,2022-03-07,391770,Continuing Grant,"Collaborative Research: CSEDI: Integrating Seismic Anisotropy, Mantle Flow, and Rock Deformation in Subduction Zone Settings",Yale University
2153910,2022-03-07,321515,Continuing Grant,"Collaborative Research: CSEDI: Integrating Seismic Anisotropy, Mantle Flow, and Rock Deformation in Subduction Zone Settings",Washington University
2154072,2022-03-07,314064,Continuing Grant,"Collaborative Research: CSEDI: Integrating Seismic Anisotropy, Mantle Flow, and Rock Deformation in Subduction Zone Settings","University of Maryland, College Park"
2151120,2022-03-08,589977,Continuing Grant,"Deconvolving Magmatic, Crustal and Atmospheric Gases in Yellowstone using a Coupled Noble Gas and Nitrogen Isotope Approach",Woods Hole Oceanographic Institution
2138733,2022-03-09,393948,Standard Grant,Collaborative Research: Resolving Conflicting Models for the Laramide Orogeny and the Flat-Slab Paradigm in the Southern California Batholith,"The University Corporation, Northridge"
2138734,2022-03-09,288924,Standard Grant,Collaborative Research: Resolving Conflicting Models for the Laramide Orogeny and the Flat-Slab Paradigm in the Southern California Batholith,University of Vermont & State Agricultural College
2142881,2022-03-09,480941,Continuing Grant,CAREER: Dynamic Water Transport Timescales: Quantifying Hydrodynamic Responses to Perturbations Across Time and Space in a River Delta,Louisiana State University
2144842,2022-03-09,711891,Continuing Grant,"CAREER: Salt, Experiments, and Mass Transfer in Subduction Settings",Tulane University
2153918,2022-03-09,239517,Standard Grant,Collaborative Research: From Silicate Melts Properties to the Dynamics and Evolution of an Early Basal Magma Ocean,Stanford University
2153925,2022-03-09,208680,Standard Grant,Collaborative Research:From silicate melts properties to the dynamics and evolution of an early basal magma ocean,University of California-San Diego Scripps Inst of Oceanography
2153968,2022-03-09,249976,Standard Grant,Collaborative Research: From Silicate Melts Properties to the Dynamics and Evolution of an Early Basal Magma Ocean,Arizona State University
2219078,2022-03-14,49989,Standard Grant,RAPID: Impact of extreme flooding on groundwater quality following Hurricane Ida,Morgan State University
2221896,2022-03-14,157193,Standard Grant,Collaborative Research: How faithfully are melt embayments wedded to magma ascent?,Rutgers University New Brunswick
2141243,2022-03-16,77687,Standard Grant,EAR-Climate: Acquisition of hydrometric equipment to support undergraduate training and research on glacier lake outburst floods in southeast Alaska,University of Alaska Southeast Juneau Campus
2146272,2022-03-16,94997,Standard Grant,Acquisition of Computing Facilities to support Collaborative Geophysics Research at the University of New Mexico,University of New Mexico
2147718,2022-03-16,169374,Standard Grant,"Acquisition of a Tabletop Scanning Electron Microscope and Energy Dispersive Spectrometer by the Earth Science Department at Vassar College, a PUI",Vassar College
2145334,2022-03-20,903230,Continuing Grant,CAREER: Is Continental Crust Juvenile or Reworked? A Test of Growth Models Using the Extant Neoarchean Granitoid Record,Pennsylvania State Univ University Park
2201460,2022-03-20,496591,Continuing Grant,Collaborative Research: Archeomagnetism of southern Africa and dynamo modeling: Testing the hypothesis of South Atlantic Anomaly-Large Low Shear Velocity Province Agency,University of Rochester
2201595,2022-03-20,320186,Standard Grant,Collaborative Research: Archeomagnetism of southern Africa and dynamo modeling: Testing the hypothesis of South Atlantic Anomaly-Large Low Shear Velocity Province Agency,University of Colorado at Boulder
2150540,2022-03-21,490066,Standard Grant,REU SITE: Summer Undergraduate Research Fellowship in Earth and Environmental Sciences (SURFEES),Chapman University
2153786,2022-03-22,2776157,Continuing Grant,Facility Support: Institute for Rock Magnetism,University of Minnesota-Twin Cities
2149427,2022-03-25,305553,Continuing Grant,Development of New Techniques for Rock Deformation Using the Large Volume Torsion Apparatus,Washington University
2152252,2022-03-29,375448,Continuing Grant,Collaborative Research: The 2020-2021 Alaska-Aleutian Earthquake Sequence: Cascading Events & Stress Loading of the Shallow Megathrust,University of Alaska Fairbanks Campus
2152253,2022-03-29,264131,Continuing Grant,Collaborative Research: The 2020-2021 Alaska-Aleutian Earthquake Sequence: Cascading Events & Stress Loading of the Shallow Megathrust,Michigan State University
2139062,2022-03-31,152762,Standard Grant,Acquisition of Research Equipment to advance the Geospatial Applications in Natural Science Laboratory - Precision Geomatics Extension (GAINS-PGE),New Mexico Highlands University
2146804,2022-03-31,117832,Standard Grant,"Collaborative Research: How have orogenies, rifting, and recent mantle dynamics shaped the lithosphere beneath the New England Appalachians?",Williams College
2147426,2022-03-31,176828,Standard Grant,"Collaborative Research: How have orogenesis, rifting, and recent mantle dynamics shaped the lithosphere beneath the New England Appalachians?",Rutgers University New Brunswick
2147463,2022-03-31,228331,Standard Grant,"Collaborative Research: How have orogenesis, rifting, and recent mantle dynamics shaped the lithosphere beneath the New England Appalachians?",University of Vermont & State Agricultural College
2147536,2022-03-31,271157,Continuing Grant,"Collaborative Research: How have orogenesis, rifting, and recent mantle dynamics shaped the lithosphere beneath the New England Appalachians?",Yale University
2136782,2022-04-04,465263,Continuing Grant,"A macro- to nano-scale interrogation of 4 Gyr of tectonism, metamorphism and alteration in the Acasta Gneiss Complex",University of Wisconsin-Madison
2143533,2022-04-06,329392,Standard Grant,"Collaborative Research: EAR-Climate: Linkages Between Glacio-climatic, Hydrothermal, and Volcanic Processes in the Central Andes","Board of Regents, NSHE, obo University of Nevada, Reno"
2143534,2022-04-06,274166,Standard Grant,"Collaborative Research: EAR-Climate: Linkages Between Glacio-climatic, Hydrothermal, and Volcanic Processes in the Central Andes",Columbia University
2150796,2022-04-07,343176,Standard Grant,Collaborative Research: Grain to Channel Scale Experimental and Numerical Investigation of Cohesive Sediment Transport,University of Minnesota-Twin Cities
2150797,2022-04-07,306062,Standard Grant,Collaborative Research: Grain to Channel Scale Experimental and Numerical Investigation of Cohesive Sediment Transport,Princeton University
2217532,2022-04-07,236543,Continuing Grant,Collaborative Research: Network Cluster: Geomicrobiology and Biogeochemistry in the Critical Zone,Florida International University
2139894,2022-04-13,334539,Standard Grant,Collaborative Research: Testing Critical Zone Controls on Mountain-Scale Relief in a Tropical Climate,Colorado State University
2139895,2022-04-13,284503,Standard Grant,Collaborative Research: Testing Critical Zone Controls on Mountain-Scale Relief in a Tropical Climate,University of Puerto Rico Mayaguez
2143164,2022-04-13,637745,Continuing Grant,CAREER: Tracking deep-time environmental change through statistical analyses of the sedimentary geochemical record,Stanford University
2224360,2022-04-18,19950,Standard Grant,2022 Geochemistry of Mineral Deposits Gordon Research Conference and Seminar,Gordon Research Conferences
2139558,2022-04-19,465972,Standard Grant,Rapid cycling of magma compositions in continental arc systems,William Marsh Rice University
2153799,2022-04-19,491846,Standard Grant,Acquisition of a clumped isotope gas-source isotope-ratio mass spectrometer and carbonate device for inclusive research and education at the University of Washington,University of Washington
2224821,2022-04-19,30000,Standard Grant,Travel support for students and early career scientists to The Clay Minerals Society Conference,University of Georgia Research Foundation Inc
2144293,2022-04-20,574706,Continuing Grant,CAS-Climate: CAREER: Analytical methods for understanding and predicting agricultural flash droughts in a changing climate,Auburn University
2224032,2022-04-20,88160,Standard Grant,EAGER: Test of Concept for Induced Fuel-Coolant Interaction Experiments with Bubbly Melt,SUNY at Buffalo
2150163,2022-04-21,389062,Standard Grant,REU Site: Resilience and Adaptation to Coastal Change Across Communities,East Carolina University
2147750,2022-04-27,361678,Standard Grant,NSFGEO-NERC: Collaborative Research: How important are sea-level feedbacks in stabilizing marine-based ice streams?,University of California-Santa Barbara
2147751,2022-04-27,57084,Standard Grant,NSFGEO-NERC: Collaborative Research: How important are sea-level feedbacks in stabilizing marine-based ice streams?,East Carolina University
2147752,2022-04-27,200000,Standard Grant,NSFGEO-NERC: Collaborative Research: How important are sea-level feedbacks in stabilizing marine-based ice streams?,Regents of the University of Michigan - Ann Arbor
2142904,2022-04-28,506289,Continuing Grant,CAREER: Leveraging benthic foraminiferal biogeography to recognize ecosystem responses to climate change and engage first-generation students in scientific inquiry,Texas A&M University
2226281,2022-04-28,50000,Standard Grant,Broadening Participation in the AGU and CUAHSI Frontiers in Hydrology Meeting,American Geophysical Union
2136339,2022-05-02,307500,Standard Grant,Laboratory Experiments to Understand Post-Wildfire Processes on Soil Sealing  for Hydrologic Fluxes in Complex Terrain,University of Wyoming
2140480,2022-05-10,404141,Standard Grant,Collaborative Research: Reconstructing the missing record of late Proterozoic tectonism along the western margin of Laurentia using deep-time thermochronology,Idaho State University
2140481,2022-05-10,236141,Standard Grant,Collaborative Research: Reconstructing the missing record of late Proterozoic tectonism along the western margin of Laurentia using deep-time thermochronology,Columbia University
2140482,2022-05-10,150388,Standard Grant,Collaborative Research: Reconstructing the missing record of late Proterozoic tectonism along the western margin of Laurentia using deep-time thermochronology,Montana State University
2149572,2022-05-18,402893,Continuing Grant,REU Site: From the Clouds to the Core: A Place-Based REU for Southwestern US Community/Tribal College Students to Increase Under-Represented Group Recruitment to the Geosciences,University of Arizona
2144913,2022-06-06,689069,Continuing Grant,CAREER: Deformation by surface loading from ocean tides and continental water on a 3-D Earth,University of Montana
2147340,2022-06-06,446535,Standard Grant,"Using a dynamic earthquake simulator to investigate controls on slow-slip events, subduction earthquakes, and their interactions",Texas A&M University
2150259,2022-06-06,237567,Standard Grant,REU site: Interdisciplinary Research Experience in Environmental Science and Engineering,Montana Technological University
2229765,2022-06-06,172748,Standard Grant,EAGER: Mercury and methylmercury isotope tracing in high-dissolved organic matter high-salinity environments,University of Utah
2147164,2022-06-08,325107,Standard Grant,Tracing lithium enrichment in the McDermitt caldera system by melt/fluid inclusions and in situ oxygen isotopes,"Board of Regents, NSHE, obo University of Nevada, Reno"
2144836,2022-06-13,547982,Standard Grant,CAREER: Integrating research and education to evaluate Neoproterozoic-Cambrian tectonism and sedimentary basins in western Laurentia,Johns Hopkins University
2149416,2022-06-13,321683,Standard Grant,Collaborative Research: Leveraging the power of ecological modeling and functional ecology to understand spatio-temporal variation in community assembly through the late Quaternary,University of California - Merced
2149419,2022-06-13,413359,Standard Grant,Collaborative Research: Leveraging the power of ecological modeling and functional ecology to understand spatio-temporal variation in community assembly through the late Quaternary,"OHIO STATE UNIVERSITY, THE"
2204308,2022-06-13,180000,Fellowship Award,EAR-PF: Detecting dynamic topography in interglacial Caribbean sea level,"Goldberg, Samuel L"
2141115,2022-06-14,528000,Standard Grant,Island Biogeography in Deep Time: The Assembly and Demise of a Uniquely Insular Eocene Mammal Fauna,University of Kansas Center for Research Inc
2143939,2022-06-14,828400,Continuing Grant,Phase VI: Development of the Core Fluid Dynamics Laboratory at UCLA,University of California-Los Angeles
2220504,2022-06-14,313872,Standard Grant,Collaborative Research: Separating the Climate and Weather of River Channels: Characterizing Dynamics of Coarse-Grained River Channel Response to Perturbations Across Scales,Washington University
2220505,2022-06-14,295214,Standard Grant,Collaborative Research: Separating the Climate and Weather of River Channels: Characterizing Dynamics of Coarse-Grained River Channel Response to Perturbations Across Scales,Utah State University
2223352,2022-06-14,145672,Standard Grant,"Collaborative Research: RUI: EAR-Climate: Investigating the past, present, and future of glaciated alpine landscapes using an integrated data-model approach",Occidental College
2223353,2022-06-14,207372,Standard Grant,"Collaborative Research: EAR-Climate: Investigating the past, present, and future of glaciated alpine landscapes using an integrated data-model approach",Colorado State University
2223354,2022-06-14,318233,Standard Grant,"Collaborative Research: EAR-Climate: Investigating the past, present, and future of glaciated alpine landscapes using an integrated data-model approach",University of Utah
2208229,2022-06-16,350531,Standard Grant,Petrologic consequences of non-hydrostatic stress during subduction zone metamorphism,Yale University
2212702,2022-06-17,356095,Standard Grant,CAS-Climate: A Novel Process-Driven Method for Flood Frequency Analysis Based on Mixed Distributions,Arizona State University
2221249,2022-06-17,328290,Standard Grant,"MCA: RUI: Investigating the role of microbialites in Lower-Middle Ordovician reefs of Laurentia: integrating outcrop, petrographic, and geochemical approaches.",Bryn Mawr College
2152696,2022-06-21,349969,Standard Grant,Collaborative Research: Volcanism on the Edge - Basaltic Volcanism from Source to Surface across the Colorado Plateau/Basin & Range Transition in SW Utah,Miami University
2152735,2022-06-21,298571,Standard Grant,Collaborative Research: Volcanism on the Edge - Basaltic Volcanism from Source to Surface across the Colorado Plateau/Basin & Range Transition in SW Utah,SUNY at Buffalo
2213855,2022-06-21,514318,Standard Grant,"Collaborative Research: Saturated, suffocated, and salty: Hotspots of ammonium-N & dissimilatory nitrate reduction to ammonium-denitrification dichotomy in anoxic riparian soils",University of Delaware
2213856,2022-06-21,249848,Standard Grant,"Collaborative Research: Saturated, suffocated, and salty: Hotspots of ammonium-N & dissimilatory nitrate reduction to ammonium-denitrification dichotomy in anoxic riparian soils",Stroud Water Research Center
2214244,2022-06-21,172314,Standard Grant,Data-driven detection of waves in Earth's core and geophysical interpretation,University of California-Berkeley
2216564,2022-06-23,275007,Standard Grant,Variable Behaviors of 3D Subducted Slabs and Their Influence On The Thermal and Chemical Heterogeneities In Earths lowermost Mantle,Arizona State University
2217976,2022-06-23,271714,Continuing Grant,Investigating the crustal structure and fault geometry of the 2021 Haiti earthquake,University of California-Riverside
2218248,2022-06-23,332625,Continuing Grant,Genesis of Harrat Basalts in Western Saudi Arabia,Pennsylvania State Univ University Park
2222115,2022-06-23,366060,Standard Grant,EAR - Climate; Investigating Effects of 3-Dimensional and Non-Newtonian Mantle Viscosity on Relative Sea-Level Changes and Deglaciation History Since the Last Glacial Maximum,University of Colorado at Boulder
2222254,2022-06-23,273218,Standard Grant,The Paleoarchean: A Pivotal Time in Earth Crustal Evolution--the View from the Zimbabwe and Sao Francisco Cratons.,Washington State University
2153802,2022-06-24,505165,Standard Grant,"EAR-Climate: Forest, Frost, and Flow: Snow Dydrology of spatially Heterogeneous and Hydrologically Connected Peatland Catchments",University of Minnesota-Twin Cities
2202762,2022-06-24,601729,Standard Grant,P2C2: Collaborative Research: The Role of Seasonality in Abrupt Climate Change - a Test by Reconstructing Fluctuations of a Late-Glacial Ice Mass in Eastern North America,University of Maine
2202791,2022-06-24,313018,Standard Grant,P2C2: Collaborative Research: The Role of Seasonality in Abrupt Climate Change - a Test by Reconstructing Fluctuations of a Late-Glacial Ice Mass in Eastern North America,University of Cincinnati Main Campus
2202798,2022-06-24,54822,Standard Grant,P2C2: Collaborative Research: The Role of Seasonality in Abrupt Climate Change - a Test by Reconstructing Fluctuations of a Late-Glacial Ice Mass in Eastern North America,University of Arizona
2230607,2022-06-25,235599,Standard Grant,Collaborative Research: Evaluating the contribution of crustal deformation to the present-day tectonics of convergent margins: the southern Cascadia forearc,University of North Carolina at Chapel Hill
2231170,2022-06-26,265522,Standard Grant,"GEMT: Collaborative Research: From grain to rock and back again: Elucidating the coordinated evolution of exhumation pathways, rock strength and topography in the Taiwanese orogen",University of North Carolina at Chapel Hill
2231705,2022-06-26,313050,Continuing Grant,Collaborative Proposal: Testing Collision Versus Frictional Stress-Drop Models of High-Frequency Earthquake Ground Motions,"Board of Regents, NSHE, obo University of Nevada, Reno"
2231123,2022-06-27,15418,Standard Grant,Collaborative Research: RAPID: Microbiologic sampling of continental subsurface fluids from within the  Cornell University Borehole Observatory (CUBO),Cornell University
2231124,2022-06-27,15222,Standard Grant,Collaborative Research: RAPID: Microbiologic sampling of continental subsurface fluids from within the  Cornell University Borehole Observatory (CUBO),Hartwick College
2231125,2022-06-27,21093,Standard Grant,Collaborative Research: RAPID: Microbiologic sampling of continental subsurface fluids from within the  Cornell University Borehole Observatory (CUBO),Texas A&M University
2129926,2022-06-30,428312,Standard Grant,EAR-Climate: Continental-Scale Determinants of Stream Solute Spatial and Temporal Patterns,University of Florida
2202916,2022-06-30,567963,Standard Grant,Reconciling US Southwest Hydroclimate Model Projections and Geologic Data: Constraints from the Miocene Climate Optimum,Colorado State University
2202918,2022-06-30,380132,Standard Grant,"Rainfall, Ecosystems, and Fire in Warm Late Neogene Climates of the Lake Baikal Region",University of California-Santa Cruz
2204816,2022-06-30,562398,Continuing Grant,Geochemical Insights Into the Post-Caldera Architecture of the Yellowstone Magma Reservoir,University of California-Davis
2210782,2022-06-30,215147,Standard Grant,Collaborative Research: EAR-Climate: Hydraulic and Hydrologic Regulation of Greenhouse Gas Emissions From Forest Soils and Trees and Detection With Radon As a Novel Tracer,American University
2210783,2022-06-30,307497,Standard Grant,Collaborative Research: EAR-Climate: Hydraulic and Hydrologic Regulation of Greenhouse Gas Emissions from Forest Soils and Trees and Detection With Radon As A Novel Tracer,Smithsonian Institution
2210784,2022-06-30,177269,Standard Grant,Collaborative Research: EAR-Climate: Hydraulic and Hydrologic Regulation of Greenhouse Gas Emissions From Forest Soils and Trees and detection With Radon As A Novel Tracer,Washington State University
2214119,2022-06-30,357603,Standard Grant,"Reconstructing the Magmatic and Hydrothermal Evolution of the Au-rich, Cu-Poor Dorado Porphyry Deposit, Chile: Implications for Cu/Au Ratios in Porphyry Deposits Worldwide",Regents of the University of Michigan - Ann Arbor
2218314,2022-06-30,398338,Standard Grant,Experimental Investigation of Mechanisms for High Pore Fluid Pressure Associated Slow Faulting,"University of Maryland, College Park"
2218736,2022-06-30,299999,Standard Grant,Collaborative Research: EAR-Climate: Estimating the Emergence of the Anthropogenic Warming Signal in Snow Water Resource Metrics,University of Colorado at Boulder
2218737,2022-06-30,337645,Standard Grant,Collaborative Research: EAR-Climate: Estimating the Emergence of the Anthropogenic Warming Signal in Snow Water Resource Metrics,Cornell University
2218738,2022-06-30,128126,Standard Grant,Collaborative Research: EAR-Climate: Estimating the Emergence of the Anthropogenic Warming Signal in Snow Water Resource Metrics,Aspen Global Change Institute
2218919,2022-06-30,406293,Standard Grant,Collaborative Research: The great Alaskan escape room: Has Northern Cordilleran escape tectonics fluctuated with time and why?,South Dakota School of Mines and Technology
2218920,2022-06-30,149216,Standard Grant,Collaborative Research: The great Alaskan escape room: Has Northern Cordilleran escape tectonics fluctuated with time and why?,University of Alaska Fairbanks Campus
2219430,2022-06-30,238445,Standard Grant,"Collaborative Research: What lies beneath: An investigation of subglacial silicic magma systems (Vatnajokull, Iceland)",Lafayette College
2219431,2022-06-30,211689,Standard Grant,"Collaborative Research: What lies beneath: An investigation of subglacial silicic magma systems (Vatnajokull, Iceland)",Board of Trustees of Illinois State University
2222149,2022-06-30,636237,Continuing Grant,Imaging the Spatial and Temporal Evolution of Frictional Asperities Along the Failure Surface of Creeping Landslides to Illuminate the Mechanics of landslide Friction,University of California-Santa Cruz
2227245,2022-07-01,108000,Standard Grant,"Collaborative Research: RAPID: Opportunity to acquire continuous, high-resolution geochemical proxies for paleoclimate, paleoenvironment, and modern hydrogeology from CPCP cores",Columbia University
2227246,2022-07-01,35341,Standard Grant,"Collaborative Research: RAPID: Opportunity to acquire continuous, high-resolution geochemical proxies for paleoclimate, paleoenvironment, and modern hydrogeology from CPCP cores",Rutgers University New Brunswick
2227247,2022-07-01,34869,Standard Grant,"Collaborative Research: RAPID: Opportunity to acquire continuous, high-resolution geochemical proxies for paleoclimate, paleoenvironment, and modern hydrogeology from CPCP cores",Navajo Technical University
2104159,2022-07-06,500000,Standard Grant,Acquisition of an Isotope Ratio Mass Spectrometer for Research and Education in Geological and Paleoclimate Studies at the University of Houston,University of Houston
2147570,2022-07-06,409005,Standard Grant,Collaborative Research: Rodingites as Recorders of Tectonic Processes from the Seafloor to Convergence: A case study of the Dun Mountain Ophiolite Belt,University of Texas at Austin
2147571,2022-07-06,94017,Standard Grant,Collaborative Research: Rodingites as Recorders of Tectonic Processes from the Seafloor to Convergence: A case study of the Dun Mountain Ophiolite Belt,Colorado College
2147572,2022-07-06,137781,Standard Grant,Collaborative Research: Rodingites as Recorders of Tectonic Processes from the Seafloor to Convergence: A case study of the Dun Mountain Ophiolite Belt,University of South Carolina at Columbia
2149482,2022-07-06,559324,Standard Grant,"Understanding past linkages between hydrothermal activity, climate change, and ecosystem dynamics",Montana State University
2208133,2022-07-06,318666,Standard Grant,RUI: CAS-Climate: Carbon sequestration through enhanced weathering in agricultural soils with co-benefits to soil quality and crop yield,Carleton College
2213438,2022-07-06,525176,Standard Grant,"Sedimentary Minerals, Organic Chemical Transformations, and the Origin of Life","Foundation for Applied Molecular Evolution, Inc."
2219242,2022-07-06,370498,Standard Grant,MCA: Enhancing the Resilience of Interdependent Natural-Built Infrastructure Systems in Urbanized Coastal River Floodplains with Geomorphological Solutions,Texas A&M University
2141193,2022-07-07,316927,Standard Grant,Acquisition of Flow Total Internal Reflection Fluorescence Video Microscopy System to Support Investigation of Nano- and Micro-Particle Transport and Surface Interaction,University of Utah
2231605,2022-07-07,49500,Standard Grant,Conference: Student and Early Career Participation for the Solving Water Availability Challenges through an Interdisciplinary Framework Chapman Conference,American Geophysical Union
2214324,2022-07-08,518605,Standard Grant,Collaborative Research: A Geochemical Approach to Quantifying the Magnitude of Strain and Fluid Flow along the Subduction Interface,Pennsylvania State Univ University Park
2214325,2022-07-08,135983,Standard Grant,Collaborative Research: A Geochemical Approach to Quantifying the Magnitude of Strain and Fluid Flow along the Subduction Interface,University of The Incarnate Word
2220233,2022-07-08,294445,Standard Grant,Collaborative Research: Testing For Channel Flow and Ductile Extrusion In The Southeastern New England Appalachians Using An integrated Geophysical and Geological Approach,Colorado School of Mines
2220234,2022-07-08,165353,Standard Grant,Collaborative Research: Testing for Channel Flow and Ductile Extrusion In The Southeastern New England Appalachians Using An Integrated Geophysical and Geological Approach,Yale University
2207109,2022-07-10,471604,Standard Grant,The Origin and Expansion of Silica Biomineralization and Its Influence on the Global Silica Cycle,University of Colorado at Boulder
2127195,2022-07-12,340466,Standard Grant,Collaborative Research: Do subduction‐complex metamorphic rocks record the thermal evolution of a subduction zone or periods of anomalous tectonic activity? Baja California,Regents of the University of Michigan - Ann Arbor
2127229,2022-07-12,305251,Standard Grant,Collaborative Research: Do subduction‐complex metamorphic rocks record the thermal evolution of a subduction zone or periods of anomalous tectonic activity? Baja California,University of Arizona
2149433,2022-07-12,274138,Standard Grant,Crustal Evolution and Recycling in a Long-Lived Transcrustal Magma System,Indiana University
2152264,2022-07-12,247680,Standard Grant,"Upgrades and Acquisitions for the Collaborative Cal-State Fullerton Paleoclimate, Coastal Processes, and Archaeology Lithics Research Laboratories",CSU Fullerton Auxiliary Services Corporation
2221618,2022-07-12,449746,Standard Grant,How Does Mid to Lower Arc Crust Respond to the Transition from Subduction to Collision? Investigation of the Gangdese Orogen Crustal Section,"Board of Regents, NSHE, obo University of Nevada, Reno"
2219334,2022-07-13,530345,Standard Grant,CAS-MNP: Evaluating Patterns and Controls on Microplastic Accumulation in Floodplains,Northeastern University
2223935,2022-07-13,564286,Standard Grant,Silicate and Thermoelectric Dynamos in the early Earth,University of California-Los Angeles
2221906,2022-07-14,412943,Standard Grant,Collaborative Research: Probing zircon reactivity in aqueous solutions at solubility equilibrium using isotope tracers,Vanderbilt University
2221907,2022-07-14,345376,Continuing Grant,Collaborative Research: Probing zircon reactivity in aqueous solutions at solubility equilibrium using isotope tracers,Indiana University
2222051,2022-07-14,214824,Standard Grant,Collaborative Research: Anthropogenic Impact on the Geochemical Cycle of Lead (Pb) since the Industrial Revolution in Asia,"OHIO STATE UNIVERSITY, THE"
2222052,2022-07-14,67750,Standard Grant,Collaborative Research: Collaborative Research: Anthropogenic Impact on the Geochemical Cycle of Lead (Pb) since the Industrial Revolution in Asia,Texas A&M University
2219902,2022-07-15,240634,Standard Grant,Collaborative Research: Calibrating the Pace of Paleotropical Environmental and Ecological Change During Earth’s Previous Icehouse,University of Southern California
2219947,2022-07-15,116693,Standard Grant,Collaborative Research: Calibrating the Pace of Paleotropical Environmental and Ecological Change During Earth’s Previous Icehouse,University of Utah
2221050,2022-07-15,398967,Standard Grant,Collaborative Research: Calibrating the Pace of Paleotropical Environmental and Ecological Change During Earth’s Previous Icehouse,University of Minnesota-Twin Cities
2153415,2022-07-17,400442,Standard Grant,Upgrade of the Scanning Electron Microscope Lab at the Arizona LaserChron Center,University of Arizona
2202902,2022-07-17,322038,Standard Grant,"P2C2: Temperature and Hydroclimate Variability in Mid-Latitude arid Central Asia During the Past 13,600 years: a Multi-Proxy Investigation of Issyk-Kul (Kyrgyzstan)",University of Massachusetts Amherst
2210692,2022-07-17,336623,Standard Grant,"UPGRADE of existing Element2 (ICPMS) and ACQUiSITION of a Replacement Laser Ablation System at the University of Maryland, Geology","University of Maryland, College Park"
2218698,2022-07-17,185094,Standard Grant,Equipment: Acquisition of an EDS detector and Carbon Coater for Quantitative FEG-SEM Analysis,University of California-Berkeley
2154590,2022-07-18,1490994,Continuing Grant,Community Facility Support: The UCLA National Ion Microprobe,University of California-Los Angeles
2204589,2022-07-18,180000,Fellowship Award,EAR-PF: Present and future flood mitigation services of wetland infrastructure across scales,"Sauer, Jason Robert"
2210074,2022-07-18,253617,Standard Grant,Collaborative Research: Resolving Conflicting Thermobarometry and Stratigraphy in the Tethyan Himalaya,"Board of Regents, NSHE, obo University of Nevada, Reno"
2210075,2022-07-18,212432,Standard Grant,Collaborative Research: Resolving Conflicting Thermobarometry and Stratigraphy in the Tethyan Himalaya: is Non-Lithostatic Pressure During Orogenesis Preserved at Crustal Scales?,University of North Carolina at Wilmington
2210076,2022-07-18,108172,Standard Grant,Collaborative Research: Resolving Conflicting Thermobarometry and Stratigraphy in the Tethyan Himalaya,Amherst College
2211627,2022-07-18,333856,Standard Grant,NSF GEO-NERC: Collaborative Research: A general model for bubble nucleation and growth in volcanic systems,University of Texas at Austin
2211680,2022-07-18,375036,Standard Grant,NSF GEO-NERC: Collaborative Research:  A general model for bubble nucleation and growth in volcanic systems,Lehigh University
2211684,2022-07-18,157232,Standard Grant,NSF GEO-NERC: Collaborative Proposal: A general model for bubble nucleation and growth in volcanic systems,Lafayette College
2218664,2022-07-18,2699998,Continuing Grant,EAR-Climate: Mountain Glacier Contribution to Sea Level CE 1900-2100,Columbia University
2219079,2022-07-19,336105,Standard Grant,GOALI: MCA: Insights to Critical Zone Dynamics During Icehouse Deglaciation: Piloting a Late Paleozoic Climate Observatory,West Virginia University Research Corporation
2221739,2022-07-19,311135,Standard Grant,"MCA: Crossing Disciplines to Link Nutrients in Tree Canopy, Soils, and Stream Water to Mineral Weathering in a Tropical Forest",University of Maine
2233310,2022-07-19,175183,Standard Grant,"EAGER: Using machine learning to develop a calibrated, remote sensing-based age model to improve late Quaternary slip-rate estimates in arid environments",University Enterprises Corporation at CSUSB
2131105,2022-07-20,96337,Standard Grant,CAS-Climate: Acquisition of an Ultraportable Field CO2 Isotope Analyzer and a Soil Gas Flux Chamber to Investigate CO2 Efflux and Stable Carbon Isotopes in Carbon Cycling Research,University of Delaware
2148475,2022-07-20,529471,Continuing Grant,Collaborative Research: Facility: Community Surface Dynamics Modeling System: Engaging a thriving community of practice in Earth-surface dynamics,Northeastern University
2148506,2022-07-20,66628,Continuing Grant,Collaborative Research: Facility: Community Surface Dynamics Modeling System: Engaging a thriving community of practice in Earth-surface dynamics,Tulane University
2148762,2022-07-20,5403958,Cooperative Agreement,Collaborative Research: Facility: Community Surface Dynamics Modeling System: Engaging a thriving community of practice in Earth-surface dynamics,University of Colorado at Boulder
2204376,2022-07-20,180000,Fellowship Award,"EAR-PF: Testing if the SPICE is right - disentangling diagenesis, seawater chemistry, and ecological change across Cambrian trilobite extinctions using Ca and Mg isotope ratios","Kemeny, Preston Cosslett"
2204484,2022-07-20,180000,Fellowship Award,EAR-PF: Reconstructing late Holocene hydroclimatic variability in western Central America using multi-proxy analyses of lacustrine sediments,"Gibson, Derek K"
2204489,2022-07-20,180000,Fellowship Award,EAR-PF: Methane Dynamics in Tidal Salt Marshes: Production and Fate,"Capooci, Margaret"
2204543,2022-07-20,180000,Fellowship Award,EAR-PF: Dynamic flow channeling through complex fracture networks under multi-frequency oscillatory flow conditions: A fully-coupled hydromechanical approach,"Patterson, Jeremy R"
2204565,2022-07-20,180000,Fellowship Award,EAR PF: Examining paleoclimatic influences underlying Pleistocene-Holocene mammalian dietary ecology and trophic positioning in mainland Southeast Asia,"Akhtar, Alliya"
2204581,2022-07-20,180000,Fellowship Award,EAR-PF: Mantle Convection Modeling as a Test of Pacific Absolute Plate Motion,"Woodworth, Daniel"
2204595,2022-07-20,180000,Fellowship Award,EAR-PF: Geochemical Evidence for the onset of Plate Tectonics on the Early Earth from the Wyoming Province and Singhbhum Craton,"Kirkpatrick, Heather Margaret"
2218293,2022-07-20,409423,Standard Grant,"Combining Theory, Deep Learning, and Lidar to Test Climate and Slope Controls on Tree Throw Production on Hillslopes",Indiana University
2149016,2022-07-21,1275352,Standard Grant,EAR-Climate: An Open-Source Facility for Water-Organic-Rock-Microbe (WORM) Reaction Modeling,Arizona State University
2200322,2022-07-21,389244,Standard Grant,Numerical Modeling of Thermo-chemical Convection in Earths Core and Implications for Geodynamo Evolution,Carnegie Institution of Washington
2217810,2022-07-21,370206,Standard Grant,Collaborative Research: Apatite petrochronology and microtextural analyses: a new tool to directly date subduction processes at the base of the seismogenic zone,University of Nevada Las Vegas
2217811,2022-07-21,253215,Standard Grant,Collaborative Research: Apatite petrochronology and microtextural analyses: a new tool to directly date subduction processes at the base of the seismogenic zone,University of Washington
2219403,2022-07-21,377392,Standard Grant,Investigation of Dominant Controls on Electrical Properties of Granitic Regolith,Boise State University
2229056,2022-07-21,199984,Standard Grant,ORE-CZ: Soil Microbial Characteristics of a Salinizing Forest Ecosystem within the Chesapeake Bay watershed,University of Maryland Eastern Shore
2209591,2022-07-22,553400,Standard Grant,Multiscale Experimental and Numerical Investigation of Impacts of Turbulence and Vegetation on Flow and Solute Transport in Hyporheic Zone,University of Minnesota-Twin Cities
2217616,2022-07-22,127723,Standard Grant,"Collaborative Research: Towards a new framework for interpreting mantle deformation: integrating theory, experiments, and observations spanning seismic to convective timescales",University of Illinois at Urbana-Champaign
2218224,2022-07-22,354651,Continuing Grant,"Collaborative Research: Towards a new framework for interpreting mantle deformation: integrating theory, experiments, and observations spanning seismic to convective timescales",Columbia University
2218305,2022-07-22,400598,Continuing Grant,"Collaborative Research: Towards a new framework for interpreting mantle deformation: Integrating theory, experiments, and observations spanning seismic to convective timescales",University of Minnesota-Twin Cities
2218542,2022-07-22,457169,Continuing Grant,"Collaborative Research: Towards a new framework for interpreting mantle deformation: integrating theory, experiments, and observations spanning seismic to convective timescales",Brown University
2218568,2022-07-22,451835,Continuing Grant,"Collaborative Research: Towards a new framework for interpreting mantle deformation: integrating theory, experiments, and observations spanning seismic to convective timescales",University of California-Berkeley
2218645,2022-07-22,699699,Standard Grant,Collaborative Research: Active and Passive Seismic Imaging of the Three-Dimensional Structure and Magma System beneath the Summit of Kilauea Volcano,University of Miami
2218646,2022-07-22,161641,Standard Grant,Collaborative Research: Active and Passive Seismic Imaging of the Three-Dimensional Structure and Magma System beneath the Summit of Kilauea Volcano,Rensselaer Polytechnic Institute
2218695,2022-07-22,510266,Continuing Grant,"Collaborative Research: Towards a new framework for interpreting mantle deformation: integrating theory, experiments, and observations spanning seismic to convective timescales",University of California-Santa Barbara
2138163,2022-07-24,546278,Standard Grant,Collaborative Research: Wolf RACE (Resource Availability and Competition in Ecosystems) - Insights from The McKittrick and Rancho La Brea Lagerstatte,University of California - Merced
2138164,2022-07-24,137159,Standard Grant,Collaborative Research: Wolf RACE (Resource Availability and Competition in Ecosystems) - Insights from The McKittrick and Rancho La Brea Lagerstatte,University of California-Berkeley
2207119,2022-07-24,238111,Standard Grant,Controls on ground surface deformation in thrust and reverse fault earthquakes,Harvard University
2219463,2022-07-24,153733,Standard Grant,Collaborative Research: GLOW Tracing Earths Accretion using Siderophile Element Genetics,Southwest Research Institute
2220922,2022-07-24,465999,Standard Grant,Collaborative Research: GLOW Tracing Earths Accretion Using Siderophile Element Genetics,Rutgers University New Brunswick
2202851,2022-07-25,178567,Standard Grant,"P2C2: Collaborative Research: Defining the paleoclimate-fire relationship in CA across temporal scales through integrated monitoring, stalagmite studies, and proxy system modeling","OHIO STATE UNIVERSITY, THE"
2202880,2022-07-25,473885,Standard Grant,"P2C2: Collaborative Research: Defining the paleoclimate-fire relationship in CA across temporal scales through integrated monitoring, stalagmite studies, and proxy system modeling",University of Utah
2202881,2022-07-25,552632,Standard Grant,"P2C2: Collaborative Research: Defining the paleoclimate-fire relationship in CA across temporal scales through integrated monitoring, stalagmite studies, and proxy system modeling",University of Connecticut
2202883,2022-07-25,444727,Standard Grant,"P2C2: Collaborative Research: Defining the paleoclimate-fire relationship in CA across temporal scales through integrated monitoring, stalagmite studies, and proxy system modeling",Vanderbilt University
2202889,2022-07-25,627539,Standard Grant,"P2C2: Collaborative Research: Defining the paleoclimate-fire relationship in CA across temporal scales through integrated monitoring, stalagmite studies, and proxy system modeling",University of California-Davis
2223808,2022-07-25,1208495,Continuing Grant,CFS (Track III): High-Resolution X-ray Computed Tomography Laboratory,University of Texas at Austin
2145780,2022-07-26,780000,Continuing Grant,CAREER: Deciphering the Uranium Isotope Record of Igneous Accessory Phases,California Institute of Technology
2218581,2022-07-26,944902,Continuing Grant,EAR-Climate: Collaborative Research: Methane Dynamics Across Microbe-to-Landscape Scales in Coastal Wetlands,Louisiana Board of Regents
2218594,2022-07-26,424905,Continuing Grant,EAR-Climate: Collaborative Research: Methane Dynamics Across Microbe-to-Landscape Scales in Coastal Wetlands,Louisiana State University
2218610,2022-07-26,179901,Continuing Grant,EAR-Climate: Collaborative Research: Methane Dynamics Across Microbe-to-Landscape Scales in Coastal Wetlands,Rowan University
2218617,2022-07-26,579882,Continuing Grant,EAR-Climate: Collaborative Research: Methane Dynamics Across Microbe-to-Landscape Scales in Coastal Wetlands,University of Kentucky Research Foundation
2218621,2022-07-26,779010,Continuing Grant,EAR-Climate: Collaborative Research: Methane Dynamics Across Microbe-to-Landscape Scales in Coastal Wetlands,University of Tennessee Knoxville
2227821,2022-07-26,199879,Standard Grant,ORE-CZ: Riverine Biogeochemical Export From High-Latitude Catchments: The Role of Glaciers and Extreme Hydrologic Events,University of Alaska Southeast Juneau Campus
2136225,2022-07-27,406100,Standard Grant,CAS-Climate: Acquisition of Eddy Covariance Towers for Assessing Spatial and Temporal Variability in Greenhouse Gas Emissions from Coastal Wetlands in California,University of California-Santa Cruz
2204102,2022-07-27,180000,Fellowship Award,EAR-PF: Are large earthquakes like small earthquakes? Using synthetic earthquakes to resolve discrepancies in observations of earthquake stress drop magnitude-invariance,"Neely, James Scott"
2204571,2022-07-27,180000,Fellowship Award,EAR-PF: Integrating scale-dependency of geomicrobial controls on soil C dynamics in predictive models,"Shek, Katherine L"
2204585,2022-07-27,180000,Fellowship Award,EAR-PF: Unravelling climate and tectonic signatures using a landscape evolution modelling framework to interpret stable isotope and thermochronology records,"Havranek, Rachel E"
2204587,2022-07-27,180000,Fellowship Award,EAR-PF: A Multiscale Seismic Velocity Model for the Gulf of Alaska,"Onyango, Evans Awere"
2208393,2022-07-27,140967,Standard Grant,Reevaluating the Experimental Foundation for the Rheology of Crust-Forming Minerals,Yale University
2220335,2022-07-27,209612,Standard Grant,"Collaborative Research: Geomorphic legacy of megaflood deposits on river processes and form, Eastern Himalaya",Georgia Tech Research Corporation
2220336,2022-07-27,234084,Standard Grant,"Collaborative Research: Geomorphic legacy of megaflood deposits on river processes and form, Eastern Himalaya",University of Washington
2220337,2022-07-27,57518,Standard Grant,"Collaborative Research: Geomorphic legacy of megaflood deposits on river processes and form, Eastern Himalaya",West Virginia University Research Corporation
2221730,2022-07-27,255000,Standard Grant,EAGER: Development of Remote Sensing of Seismological Signals via the Enhanced Moiré Technique,Michigan Technological University
2221947,2022-07-27,1179443,Continuing Grant,Collaborative Research: SZ4D Catalyst,University of California-Santa Cruz
2221948,2022-07-27,61473,Standard Grant,Collaborative Research: SZ4D Catalyst,Georgia Tech Research Corporation
2221949,2022-07-27,499863,Standard Grant,Collaborative Research: SZ4D Catalyst,EARTHSCOPE CONSORTIUM INC.
2221962,2022-07-27,293010,Standard Grant,Collaborative Research: EAR Climate - Pairing calcium and clumped isotopes to inform carbon cycle and climate dynamics at the onset of the Late Paleozoic Ice Age,"OHIO STATE UNIVERSITY, THE"
2221963,2022-07-27,248863,Standard Grant,Collaborative Research: EAR Climate - Pairing calcium and clumped isotopes to inform carbon cycle and climate dynamics at the onset of the Late Paleozoic Ice Age,Massachusetts Institute of Technology
2146505,2022-07-28,657455,Continuing Grant,TROPICAL ECOSYSTEM RESPONSE TO LATE-QUATERNARY ENVIRONMENTAL CHANGE: INSIGHT FROM REMARKABLE ASPHALT-PRESERVED BIOTAS,Los Angeles County Museum of Natural History Foundation
2204471,2022-07-28,180000,Fellowship Award,EAR-PF: Multi-Scale Calibrations of Fecal Biomarkers: New Tools to Evaluate How Herbivores Shaped Past Ecosystem Dynamics,"Karp, Allison Tyler"
2204588,2022-07-28,180000,Fellowship Award,"EAR-PF: A multidisciplinary investigation of biotic and environmental change within the Triassic-Jurassic strata of southwestern Honshu, Japan","Breeden, Benjamin Thomas"
2211241,2022-07-28,291557,Standard Grant,Collaborative Research: Halogen Behavior In the Pluton-to-Volcanic Arc System,University of Southern California
2211242,2022-07-28,149580,Standard Grant,Collaborative Research: Halogen Behavior In the Pluton-To-Volcanic Arc System,University of Texas at Austin
2211243,2022-07-28,114019,Standard Grant,Collaborative Research: Halogen behavior in the Pluton-To-Volcanic Arc System,Pomona College
2217994,2022-07-28,289251,Standard Grant,"Collaborative Research: Revealing the hidden groundwater storage dynamics of the Great Lakes Basin by synthesizing geodesy, hydrologic modeling, and remote sensing",Southern Methodist University
2218028,2022-07-28,957349,Standard Grant,"Collaborative Research: Revealing the hidden groundwater storage dynamics of the Great Lakes Basin by synthesizing geodesy, hydrologic modeling, and remote sensing",Michigan State University
2218049,2022-07-28,117414,Standard Grant,"Collaborative Research: Revealing the hidden groundwater storage dynamics of the Great Lakes Basin by synthesizing geodesy, hydrologic modeling, and remote sensing",University of Arizona
2218194,2022-07-28,248355,Standard Grant,"Collaborative Research: Revealing the hidden groundwater storage dynamics of the Great Lakes Basin by synthesizing geodesy, hydrologic modeling, and remote sensing",Bowling Green State University
2218244,2022-07-28,425959,Standard Grant,"Collaborative Research: Revealing the hidden groundwater storage dynamics of the Great Lakes Basin by synthesizing geodesy, hydrologic modeling, and remote sensing",University of Texas at Dallas
2218518,2022-07-28,800071,Standard Grant,"Collaborative Research: Revealing the Hidden Groundwater Storage Dynamics of the Great Lakes Basin by Synthesizing Geodesy, Hydrologic Modeling, and Remote Sensing",Michigan Technological University
2142526,2022-07-29,551413,Standard Grant,Collaborative Research: The Origin of the Large Brains of Cetaceans,Northeast Ohio Medical University
2142528,2022-07-29,24685,Standard Grant,Collaborative Research: The Origin of the Large Brains of Cetaceans,SITKA SOUND SCIENCE CENTER INC
2203550,2022-07-29,180000,Fellowship Award,EAR-PF: What drove localized pyrite formation and taphonomic bias in the fossil record?,"Moore, Kelsey R"
2204432,2022-07-29,180000,Fellowship Award,EAR-PF: Timescales and processes of magmatic resurgence at Toba caldera,"Cisneros, Alejandro Omar"
2204440,2022-07-29,180000,Fellowship Award,EAR-PF: Experimental Constraints on Dating Ductile Deformation with Titanite,"Moser, Amy Catherine"
2204523,2022-07-29,180000,Fellowship Award,EAR-PF: Constraining Paired Air-Water Temperature Models' Efficacy In Head and Intermediate Watersheds With Groundwater and Bedrock Assessment and Multi-Decade Temperature Records,"Riddell, Jill"
2204584,2022-07-29,180000,Fellowship Award,EAR-PF: Quantifying methane reactivity and turnover in the subterranean estuary: combined in-situ and ex-situ isotope tracer approaches,"Wilson, Stephanie J"
2232912,2022-07-29,4910,Standard Grant,"Conference: Increasing Opportunities in the Mountain Climate Science Community with Support to the 2022 MtnClim Conference September 12-16, 2022",Western Washington University
2217927,2022-07-30,257214,Standard Grant,Collaborative Research: Characterizing Iron Deposits in Puerto Rico to Elucidate Metal Transport and Magnetite Mineralization Processes in Skarn Systems,Auburn University
2217928,2022-07-30,248406,Standard Grant,Collaborative Research: Characterizing Iron Deposits in Puerto Rico to Elucidate Metal Transport and Magnetite Mineralization Processes in Skarn Systems,University of Puerto Rico Mayaguez
2212068,2022-08-01,389009,Standard Grant,Melting of compressed iron-alloys using a multi-technique approach,California Institute of Technology
2217836,2022-08-01,368315,Standard Grant,Collaborative Research: Experimental deformation of monazite and titanite: Implications for interpretation of petrochronologic data,Brown University
2217837,2022-08-01,34810,Standard Grant,Collaborative Research: Experimental deformation of monazite and titanite: Implications for interpretation of petrochronologic data,University of Wisconsin-Madison
2219564,2022-08-01,408968,Standard Grant,EAR-Climate: Estimating Seawater Boron Isotope Ratios from Halite Evaporites,University of Chicago
2224229,2022-08-02,167774,Standard Grant,Investigating Mantle Dynamics in the Pacific Northwest Using 3D Anisotropic Velocity Models from Surface Wave Tomography,University of Houston
2148265,2022-08-04,800808,Standard Grant,EAR-Climate: Catalytic: A Modern Spatio-Temporal Hierarchical Modeling Framework for Paleo-Environmental Data (PaleoSTeHM),Rutgers University New Brunswick
2204594,2022-08-04,180000,Fellowship Award,EAR-PF: The Rapid Response of Permafrost (RRP) to Intense Day-Long and Season-Long Climate Warming,"Culha, Cansu"
2207389,2022-08-04,188294,Standard Grant,Collaborative Research: Investigating Structure and Seismicity Within the Southern M9.2 1964 Great Alaska Earthquake Rupture Area Using a Dense Node Array,University of New Mexico
2207441,2022-08-04,175416,Standard Grant,Collaborative Research: Investigating Structure and Seismicity Within the Southern M9.2 1964 Great Alaska Earthquake Rupture Area Using a Dense Node Array,Cornell University
2207720,2022-08-04,78410,Standard Grant,Acquisition of a JR-6A Spinner Magnetometer,University of Florida
2234855,2022-08-04,40883,Standard Grant,Collaborative Research: RAPID: Flooding and Geomorphic Change in Yellowstone National Park,Whitman College
2234856,2022-08-04,40152,Standard Grant,Collaborative Research: RAPID: Flooding and Geomorphic Change in Yellowstone National Park,University of Montana
2204433,2022-08-07,180000,Fellowship Award,EAR-PF: Quantifying evaporation in Mono Basin: Bridging the gap between hydrologic modeling and paleoclimate records using triple oxygen and clumped isotope geochemistry,"Fetrow, Anne C"
2204527,2022-08-07,180000,Fellowship Award,"EAR-PF: Short fuses: investigating recent phreatic eruptions at Whakaari, New Zealand, through poroelastic modeling","Albright, John A"
2204569,2022-08-07,180000,Fellowship Award,EAR-PF: Respiratory physiology and survivorship during the End-Permian Mass Extinction,"Pardo, Jason D"
2218793,2022-08-07,251993,Standard Grant,Collaborative Research: Incorporating SPECFEM3D numerical seismograms in the Global CMT Project,Columbia University
2218859,2022-08-07,226615,Standard Grant,Collaborative Research: Incorporating SPECFEM3D numerical seismograms in the Global CMT Project,Princeton University
2149529,2022-08-08,500000,Standard Grant,Physical and Mechanical Response of the Cementation of Aluminosilicate Seals,Stanford University
2218504,2022-08-08,128930,Standard Grant,Collaborative Research: Human Infrastructure for a National Geochronology Consortium: Micro-funding an inclusive community grassroot effort to better understand the earth system,"The Geological Society of America, Inc."
2218544,2022-08-08,1827627,Standard Grant,Collaborative Research: Human Infrastructure for a National Geochronology Consortium: Micro-Funding an Inclusive Community Grassroot Effort to Better Understand the Earth System,Arizona State University
2218547,2022-08-08,528702,Standard Grant,Collaborative Research: Human Infrastructure for a National Geochronology Consortium: Micro-Funding an Inclusive Community Grassroot Effort to Better Understand the Earth System,University of Colorado at Boulder
2221880,2022-08-08,420000,Standard Grant,"EAR-Climate: Towards Better Understanding of Global Low Flow Dynamics Under Climate Change With Next-Generation, Differentiable Global Hydrologic Models",Pennsylvania State Univ University Park
2224871,2022-08-08,497247,Standard Grant,Track 1 -  Center Catalyst: Center for Land Surface Hazards (CLaSH),Regents of the University of Michigan - Ann Arbor
2214700,2022-08-09,809775,Standard Grant,"MRI: Acquisition of a Multicollector – Inductively Coupled Plasma – Mass Spectrometer at the University of Arizona for Earth and Planetary Science Research, Education and Outreach",University of Arizona
2218457,2022-08-09,1041341,Continuing Grant,"Collaborative Research: The Lake Superior Basin: Natural Geomorphic Experiment, Deepwater-Terminating Ice Stream, and Isostatically Adjusting Rift",University of Minnesota-Twin Cities
2218460,2022-08-09,217224,Standard Grant,"Collaborative Research: The Lake Superior Basin: Natural Geomorphic Experiment, Deepwater-Terminating Ice Stream, and Isostatically Adjusting Rift",Harvard University
2218462,2022-08-09,705829,Continuing Grant,"Collaborative Research: The Lake Superior basin: Natural geomorphic experiment, deepwater-terminating ice stream, and isostatically adjusting rift","Minnesota State University, Mankato"
2218463,2022-08-09,737677,Continuing Grant,"Collaborative Research: The Lake Superior basin: Natural geomorphic experiment, deepwater-terminating ice stream, and isostatically adjusting rift",University of Wisconsin-Madison
2218464,2022-08-09,93088,Standard Grant,"Collaborative Research: The Lake Superior basin: Natural geomorphic experiment, deepwater-terminating ice stream, and isostatically adjusting rift",University of Wisconsin-Superior
2218892,2022-08-10,115031,Standard Grant,"NSFGEO-NERC: Collaborative Research: The first actinopterygian ‘adaptive radiation’: integrating fossils, function and phylogeny to illuminate innovation in a post-extinction world",University of Chicago
2219007,2022-08-10,399892,Standard Grant,"NSFGEO-NERC: Collaborative Research: The first actinopterygian ‘adaptive radiation’: integrating fossils, function and phylogeny to illuminate innovation in a post-extinction world",Regents of the University of Michigan - Ann Arbor
2219069,2022-08-10,299883,Standard Grant,"NSFGEO-NERC: Collaborative Research: The first actinopterygian ‘adaptive radiation’: integrating fossils, function and phylogeny to illuminate innovation in a post-extinction world",Harvard University
2219330,2022-08-10,163559,Standard Grant,"Reanalysis of Paleomagnetic Secular Variation and Excursions During Early Brunhes Time (380-780 ka) at ODP Sites 1060, 1061, 1062, and 1063",University of Southern California
2221569,2022-08-10,306000,Standard Grant,Constraining rupture and relaxation dynamics of crustal fault roots with geodetic and microseismic observations,University of Oklahoma Norman Campus
2221883,2022-08-10,208172,Standard Grant,Collaborative Research: Elucidating the roles of biogenic exudates in the cycling and uptake of rare earth elements,University of Georgia Research Foundation Inc
2221913,2022-08-10,347924,Standard Grant,Collaborative Research: Elucidating the roles of biogenic exudates in the cycling and uptake of rare earth elements,North Carolina State University
2227975,2022-08-10,200000,Standard Grant,ORE-CZ: Ecohydrological Controls on Soil Respiration and the Apparent Respiratory Quotient Across a Dynamic Storage Gradient,Chico State Enterprises
2136391,2022-08-11,297681,Standard Grant,Constraining the relationship between orogenesis and seismogenesis along the southern Cascadia forearc,Purdue University
2151038,2022-08-11,480458,Standard Grant,Collaborative Research: Advancing Thermodynamic Modeling of Open Magmatic Systems - Translithosphere Magma Chamber Simulator,Colorado School of Mines
2151039,2022-08-11,157439,Standard Grant,Collaborative Research: Advancing Thermodynamic Modeling of Open Magmatic Systems - Translithosphere Magma Chamber Simulator,University of California-Santa Barbara
2154351,2022-08-11,180000,Standard Grant,Exploring Anisotropy in the Deep Earth,University of California-Berkeley
2228047,2022-08-11,200000,Standard Grant,ORE-CZ: Integrating Vegetation Phenology to Understand the Sensitivity of Dynamic Water Storage to Drought Using Remote Sensing Data and Hydrology Modeling,Wake Forest University
2148549,2022-08-12,461577,Continuing Grant,Collaborative Proposal: Facility: Magnetics Information Consortium Catalyzes Enhanced Cyberinfrastructure and FAIR Data Access Enabling Science Across Community Subdomains,Oregon State University
2148616,2022-08-12,278831,Continuing Grant,Collaborative Proposal: Facility: Magnetics Information Consortium Catalyzes Enhanced Cyberinfrastructure and FAIR Data Access Enabling Science Across Community Subdomains,University of Minnesota-Twin Cities
2148719,2022-08-12,259428,Continuing Grant,Collaborative Proposal: Facility: Magnetics Information Consortium Catalyzes Enhanced Cyberinfrastructure and FAIR Data Access Enabling Science Across Community Subdomains,University of California-Berkeley
2148939,2022-08-12,4002586,Cooperative Agreement,Collaborative Research: Facility: Next Generation Interoperable Data Infrastructure for Geoscience Sample Data,Columbia University
2148957,2022-08-12,119429,Continuing Grant,Collaborative Research: Facility: Next Generation Interoperable Data Infrastructure for Geoscience Sample Data,CUNY City College
2148966,2022-08-12,265042,Continuing Grant,Collaborative Research: Facility: Next Generation Interoperable Data Infrastructure for Geoscience Sample Data,University of Kansas Center for Research Inc
2148990,2022-08-12,436082,Continuing Grant,Collaborative Research: Facility: Next Generation Interoperable Data Infrastructure for Geoscience Sample Data,South Dakota School of Mines and Technology
2204417,2022-08-12,180000,Fellowship Award,"EAR-PF: Strength, deformation, and recovery of phyllosilicates: How do phyllosilicates accommodate large amounts of shear strain?","Seyler, Caroline Elizabeth"
2214728,2022-08-12,466700,Standard Grant,MRI: Acquisition of an X-Ray Micro-Computed Tomography Scanner for Specimen-Based and Material Science Research,University of New Mexico
2216262,2022-08-12,999739,Standard Grant,MRI: Acquisition of a Multi-collection Detector System for the Cameca IMS 1280 in the Northeast National Ion Microprobe Facility,Woods Hole Oceanographic Institution
2203667,2022-08-15,248592,Standard Grant,Acquisition of Low Background High-Resolution Gamma Spectrometers for Research and Undergraduate Student Training,College of William and Mary
2223893,2022-08-15,510777,Continuing Grant,Collaborative Research: CAS-Climate: Nonstationarity of Compound Coastal Floods in the Anthropocene,University of Alabama Tuscaloosa
2223894,2022-08-15,79794,Continuing Grant,Collaborative Research: CAS-Climate: Nonstationarity of Compound Coastal Floods in the Anthropocene,Virginia Polytechnic Institute and State University
2216215,2022-08-17,336834,Standard Grant,MRI: Acquisition of an SEM-EDS system to further multidisciplinary scientific inquiry and discovery in Western New York,SUNY College at Fredonia
2208562,2022-08-18,673418,Standard Grant,"CAS-Climate: Understanding the Changing Climatology, Organizing Patterns and Source Attribution of Hazards of Floods over the Southcentral and Southeast US",North Carolina State University
2213949,2022-08-18,2032379,Standard Grant,"Track 2 MRI: Acquisition of a Mini Carbon Dating System for Multi-Millennial, Multi-User Sequences of Annually Resolved 14C and Other High Precision Applications",University of Arizona
2215523,2022-08-18,520050,Standard Grant,"MRI: Acquisition of a Field Emission Scanning Electron Microscope for Interdisciplinary Research and Teaching at California State University, Bakersfield",CSUB Auxiliary for Sponsored Programs Administration
2216460,2022-08-18,580393,Standard Grant,MRI: Acquisition of a triple-quadrupole ICP-MS and sample introduction hardware for multidisciplinary research and teaching,University of California-Santa Cruz
2216463,2022-08-18,534617,Standard Grant,MRI: Acquisition of a micro-computed tomography scanner for interdisciplinary research at Western Washington University,Western Washington University
2216738,2022-08-18,209641,Standard Grant,Collaborative Research: Reconstructing the geometry of magmatic plumbing systems using fluid inclusions,Cornell University
2217221,2022-08-18,179409,Standard Grant,Collaborative Research: Reconstructing the geometry of magmatic plumbing systems using fluid inclusions,University of Missouri-Columbia
2217371,2022-08-18,310951,Continuing Grant,Collaborative Research: Reconstructing the geometry of magmatic plumbing systems using fluid inclusions,University of California-Berkeley
2215495,2022-08-19,461650,Standard Grant,MRI: Acquisition of a field emission scanning electron microscope to expand characterization capabilities at the University of Iowa,University of Iowa
2224973,2022-08-22,497132,Standard Grant,Track I Center Catalyst: Collaborative Center for Landslides and Ground Failure Geohazards,Georgia Tech Research Corporation
2225395,2022-08-23,500000,Standard Grant,"Track 1: Center for Collective Impact in Earthquake Science (C-CIES): Building Inclusive Excellence, Diversity, Equity, and Community into Earthquake Science",University of Texas at El Paso
2241489,2022-08-23,52582,Standard Grant,RAPID: Deployment of a Field Rheometer Prototype,SUNY at Buffalo
2242120,2022-08-23,49786,Standard Grant,RAPID: Geomorphologically contextualized flood deposit sampling and mapping of toxic hazards: insights from the catastrophic July 2022 floods in eastern Kentucky,University of Kentucky Research Foundation
2204590,2022-08-24,180000,Fellowship Award,EAR-PF: Investigating Redox-Related Preservation of Organic-Walled Microfossils in Proterozoic Shales: a Multi-Scale Approach.,"Woltz, Christina Rose"
2215716,2022-08-24,303140,Standard Grant,MRI: Acquisition of a Cryogenic Physical Properties Measurement System for Geophysical and Magnetic Materials Research,Concordia College at Moorhead
2231128,2022-08-24,199534,Standard Grant,Planning: CDP: High-Resolution Seismic Reflection Site Survey Supporting Lake Victoria Scientific Drilling,Syracuse University
2223911,2022-08-25,499088,Standard Grant,Track I - Center Catalyst: The CONVERSE Center: CONverging on Volcanic ERuption Science with Equity,University of New Mexico
2153778,2022-08-26,336638,Standard Grant,Collaborative Research: Sediment fluxes in boreal rivers: determining relative seasonal loads and expanding long-term monitoring capability,Oregon State University
2153779,2022-08-26,155165,Standard Grant,Collaborative Research: Sediment fluxes in boreal rivers: determining relative seasonal loads and expanding long-term monitoring capability,University of Alaska Fairbanks Campus
2201527,2022-08-26,489149,Standard Grant,Developing a Novel Approach for Identifying Geologic Controls on Groundwater Flow,University of Iowa
2204477,2022-08-29,180000,Fellowship Award,EAR-PF: Measuring the Effects of Large Volcanic Eruptions on a Shallow Magma Reservoir using Microanalytical Techniques,"Lewis, Madeline J"
2202666,2022-08-31,749067,Continuing Grant,Controls on explosive basaltic eruptions within the San Francisco Volcanic Field: Constraints from seismic imaging and multiphase magma ascent modeling,University of Arizona
2228206,2022-09-01,199779,Standard Grant,ORE-CZ: Methane emission from wetlands surrounding Lake Pontchartrain,Xavier University of Louisiana
2226647,2022-09-06,858451,Standard Grant,Collaborative Research: SitS: Improving Rice Cultivation by Observing Dynamic Soil Chemical Processes from Grain to Landscape Scales,Columbia University
2226648,2022-09-06,169044,Standard Grant,Collaborative Research: SitS: Improving Rice Cultivation by Observing Dynamic Soil Chemical Processes from Grain to Landscape Scales,Union College
2226649,2022-09-06,172466,Standard Grant,Collaborative Research: SitS: Improving Rice Cultivation by Observing Dynamic Soil Chemical Processes from Grain to Landscape Scales,San Diego State University Foundation
2243001,2022-09-14,535242,Continuing Grant,CAREER: Integrating river hydrology across scales: advancing understanding of the global river-atmosphere interface,Virginia Polytechnic Institute and State University
2244895,2022-09-19,558238,Continuing Grant,"CAREER: Petrogenesis of Hawaiian lavas, Constraints from metal stable isotopes",University of Tennessee Knoxville
2243184,2022-09-21,633284,Continuing Grant,"CAREER: Upper mantle anisotropy: the effect of pressure, temperature and hydration",Texas A&M University
2245540,2022-09-21,188198,Standard Grant,The Influence of Fault Geometry on Shallow Frictional Sliding in Subduction Zones,Planetary Science Institute
2246395,2022-10-12,555734,Continuing Grant,CAREER: Identifying Ecosystem Properties Promoting Stability and Resistance: Modeling Late Ordovician Paleocommunity Dynamics and Functioning Across the Richmondian Invasion,University of Nevada Las Vegas
2300627,2022-10-24,49970,Standard Grant,RAPID: Critical data collection from a flash flooding event in Eastern Kentucky,University of Louisville Research Foundation Inc
2301378,2022-10-24,24559,Standard Grant,Collaborative Research: RAPID: The fate of landslide-derived sediment following tropical cyclones: a case study of Hurricane Fiona in Puerto Rico,Georgia Tech Research Corporation
2301379,2022-10-24,21750,Standard Grant,Collaborative Research: RAPID: The fate of landslide-derived sediment following tropical cyclones: a case study of Hurricane Fiona in Puerto Rico,University of Puerto Rico Mayaguez
2303139,2022-10-31,12007,Standard Grant,Collaborative Research: RAPID: Capturing the Elgin-Lugoff earthquake swarm with a dense nodal array,Georgia Tech Research Corporation
2303140,2022-10-31,7390,Standard Grant,Collaborative Research: RAPID: Capturing the Elgin-Lugoff earthquake swarm with a dense nodal array,University of South Carolina at Columbia
2303870,2022-10-31,49443,Standard Grant,"RAPID: Monitoring postfire geomorphic response on humid slopes of the North Cascade Range, Washington",University of Washington
2220936,2022-11-08,308318,Standard Grant,In search for the origin of tungsten in the global komatiite-basalt systems,"University of Maryland, College Park"
2305608,2022-11-14,838431,Continuing Grant,Collaborative Research: Testing Evolutionary Pseudocongruence Along the Baja California Peninsula Through Integration of Geologic and Genomic Data,University of Alabama at Birmingham
2306048,2022-11-14,25610,Standard Grant,RAPID: Impacts and recovery of natural and managed coastal dunes on a South Carolina barrier island from Hurricane Ian,University of South Carolina at Columbia
2306193,2022-11-17,289759,Standard Grant,Kinetically Activated Subsurface Micribial Sampler (KASMS),Montana State University
2306286,2022-11-17,236676,Standard Grant,Collaborative Research: Internal and external drivers of orogenic episodicity in the Ecuadorian Andes,University of Texas at El Paso
2301597,2022-11-29,21000,Standard Grant,Conference: Conservation Paleobiology Symposium,University of Florida
2302796,2022-11-29,25000,Standard Grant,Conference: GLOW: Support for the 2023 Penrose Conference on the role of outburst floods in Earth and planetary evolution,University of Massachusetts Amherst
2234762,2022-12-01,819983,Continuing Grant,CAREER: To see a world in a grain of sand: Novel applications of sand grains as records of ancient surface environments,University of Colorado at Boulder
2149126,2022-12-02,5750000,Cooperative Agreement,Facility: Computational Infrastructure for Geodynamics,University of California-Davis
2240025,2022-12-05,700000,Continuing Grant,CAREER: How hydroclimate variability is transmitted through the critical zone,University of Texas at Austin
2237624,2022-12-07,796024,Continuing Grant,CAREER: Quantifying climate induced landscape evolution during early Eocene hyperthermals,University of Houston
2237015,2022-12-21,563008,Continuing Grant,CAREER: Unraveling the Role of Thin Water Films in Controlling Subsurface Transport of Surface-Active Contaminants across Scales,University of Arizona
2227356,2023-01-03,300236,Standard Grant,Collaborative Research: Exploring the Influence of Agricultural Tile Drainage on Streamflow and Water Temperature in the Midwestern US using a Stakeholder-driven Approach,Indiana University
2227357,2023-01-03,274269,Standard Grant,Collaborative Research: Exploring the Influence of Agricultural Tile Drainage on Streamflow and Water Temperature in the Midwestern US using a Stakeholder-driven Approach,University of Missouri-Columbia
2222610,2023-01-04,99798,Standard Grant,Incorporating Quantitative Analysis and Digital Database Use in Structure and Tectonics Research and Teaching: Proposal for a Summer School,University of Wisconsin-Madison
2225461,2023-01-05,260937,Standard Grant,Collaborative Research: RUI: Investigating the role of hillslope processes in modulating topologic change of upland drainage basins.,University of Portland
2225462,2023-01-05,74226,Standard Grant,Collaborative Research: RUI: Investigating the role of hillslope processes in modulating topologic change of upland drainage basins.,University of Arizona
2238441,2023-01-05,546027,Continuing Grant,CAREER: Tracking mantle carbon through the life cycle of Large Igneous Provinces,Rutgers University New Brunswick
2243003,2023-01-06,449973,Standard Grant,Understanding the physical processes controlling the amount of fine sediment and gravel embeddedness in streambeds,Virginia Polytechnic Institute and State University
2238641,2023-01-10,638899,Standard Grant,"A New Multi-tracer Approach for Dating Groundwater on 10,000-year Timescales Applied to a Southern Californian Aquifer",Woods Hole Oceanographic Institution
2243407,2023-01-11,225566,Standard Grant,Characterization of Oceanic Storm Systems using Microseism,Harvard University
2310789,2023-01-11,39112,Standard Grant,Conference: Participant Support for a GSA Penrose Conference on the North American Cordillera,"Board of Regents, NSHE, obo University of Nevada, Reno"
2233868,2023-01-12,391286,Standard Grant,In situ Rb-Sr mica petrochronology: a transformative approach to characterizing tectonic processes,University of Maine
2223409,2023-01-13,481459,Standard Grant,Equipment Acquisition of a Laser Ablation System and Triple-quadrupole Inductively coupled Plasma Mass Spectrometer (LA ICP-MS),Washington State University
2245007,2023-01-13,367678,Standard Grant,The birth of longitudinal rivers in orogenic systems,University of Oklahoma Norman Campus
2305593,2023-01-13,19618,Standard Grant,EAGER: Colonization at the Fringe of Habitability,University of Colorado at Boulder
2235308,2023-01-15,499727,Continuing Grant,CAREER: Hydrogeologic implications of permafrost thaw - Developing a process-based understanding of biophysical controls and educational tools for rural communities,Appalachian State University
2240044,2023-01-17,752726,Continuing Grant,CAREER: Detailed distributions of tephra fall characteristics: insights into magma fragmentation and transport via volcanic plumes,University of Oregon Eugene
2244703,2023-01-17,355358,Standard Grant,"Fully Coupled Modeling of Dynamic Rupture, Wedge Plasticity, and Tsunami for Great Earthquakes in the Japan Trench",San Diego State University Foundation
2243552,2023-01-19,178353,Standard Grant,RUI: Magnetic properties of epsilon-Fe2O3 and alpha-FeOOH: an investigation of phase conversions and cations doping.,Concordia College at Moorhead
2314288,2023-01-21,5755217,Cooperative Agreement,Enabling Discoveries in Multiscale Earth System Dynamics: Geodetic Facility for the Advancement of Geoscience (GAGE) - OPP Scope,EARTHSCOPE CONSORTIUM INC.
2314289,2023-01-21,763842,Cooperative Agreement,Enabling Discoveries in Multiscale Earth System Dynamics: Geodetic Facility for the Advancement of Geoscience (GAGE)-NASA Scope,EARTHSCOPE CONSORTIUM INC.
2314290,2023-01-21,747636,Cooperative Agreement,United States Geological Survey Supplemental Funding for the Geodetic Facility for the Advancement of Geoscience (GAGE),EARTHSCOPE CONSORTIUM INC.
2314379,2023-01-21,62326056,Cooperative Agreement,Enabling Discoveries in Multiscale Earth System Dynamics: Geodetic Facility for the Advancement of Geoscience (GAGE) - EAR Scope,EARTHSCOPE CONSORTIUM INC.
2239666,2023-01-23,636504,Continuing Grant,"CAREER: Magma transport and volcanic seismicity of Hawaii, from the summits to the hotspot",California Institute of Technology
2243658,2023-01-23,392372,Standard Grant,Quartz grain-boundary topology as a stress and strain-rate meter and a new flow law,University of Maine
2243685,2023-01-23,533300,Standard Grant,When did the South Atlantic Ocean ventilate? Testing for paleogeographic controls on Cretaceous carbon burial,University of Texas at Austin
2244660,2023-01-23,333141,Standard Grant,Collaborative Research: Investigating formation of stagnant slabs and implications for subduction dynamics,University of Illinois at Urbana-Champaign
2244661,2023-01-23,432521,Standard Grant,Collaborative Research: Investigating formation of stagnant slabs and implications for subduction dynamics,Princeton University
2311897,2023-01-23,451835,Continuing Grant,"Collaborative Research: Towards a new framework for interpreting mantle deformation: integrating theory, experiments, and observations spanning seismic to convective timescales",Brown University
2223098,2023-01-25,410626,Standard Grant,Rheology for near real time forecasting of lava flows,SUNY at Buffalo
2241039,2023-01-25,586098,Standard Grant,Into the icehouse: Dramatic changes at the Devonian-Mississippian Climate Transition (DMCT),Texas A&M University
2243631,2023-01-25,454673,Standard Grant,Numerical and experimental investigation of the impact of preferential flow and nonequilibrium thermodynamics on meltwater transport through snow,California Institute of Technology
2232531,2023-01-26,523946,Standard Grant,"Collaborative Research: Linking 3He/4He with eruptive behavior: A time series analysis of recent Kilauea, Iceland, and La Palma eruptions",Woods Hole Oceanographic Institution
2232532,2023-01-26,74624,Standard Grant,"Collaborative Research: Linking 3He/4He with eruptive behavior: A time series analysis of recent Kilauea, Iceland, and La Palma eruptions",CUNY Queens College
2240417,2023-01-26,440327,Continuing Grant,Collaborative Research: High-velocity and long-displacement stick-slips: Experimental analogs of earthquake rupture and the seismic cycle,University of Texas at Austin
2240418,2023-01-26,363342,Continuing Grant,Collaborative Research: High-velocity and long-displacement stick-slips: Experimental analogs of earthquake rupture and the seismic cycle,University of Oklahoma Norman Campus
2242878,2023-01-30,366190,Standard Grant,"Collaborative Research: Resolving thin-skinned and basement-involved deformation within a seismically active broken foreland region, San Juan, Argentina",University of Nevada Las Vegas
2242879,2023-01-30,154759,Standard Grant,"Collaborative Research: Resolving thin-skinned and basement-involved deformation within a seismically active broken foreland region, San Juan, Argentina",Denison University
2239715,2023-02-01,644595,Continuing Grant,"CAREER: Nitrogen Sources, Pathways, and Fluxes in Chesapeake Bay Watershed Wetlands",Pennsylvania State Univ University Park
2234213,2023-02-02,715000,Continuing Grant,CAREER: A convergent and transformative approach to understanding human access to groundwater and its impact on the hydrological cycle,University of California-Santa Barbara
2243737,2023-02-03,380251,Continuing Grant,"Pre-eruptive magma assembly, evolution and associated magma fluxes at arc calderas: insights from the active Cerro Blanco Volcanic Complex, Catamarca, Argentina.",Oregon State University
2307537,2023-02-03,72612,Standard Grant,Collaborative Research: Towards improved imaging of the outermost core through determination of the effects of lowermost mantle heterogeneity and anisotropy,University of South Carolina at Columbia
2316451,2023-02-03,379864,Standard Grant,Experimental Study of Clinopyroxene Growth and Sector Zoning,Macalester College
2236497,2023-02-05,653079,Continuing Grant,CAREER: Predicting Biofilm-Bound Sediment Dynamics Through Multiscale Experiments,University of Minnesota-Twin Cities
2317154,2023-02-05,204597,Standard Grant,Collaborative Research: A New 3-D Velocity and Structural Model of the Northern Basins in the Los Angeles Region for Improved Ground Motion Estimates,University of Arizona
2223700,2023-02-06,173000,Standard Grant,Testing the Validity of Muscovite as a Continuous History Thermochronometer,Lehigh University
2237730,2023-02-06,556287,Continuing Grant,CAREER: GLOW: Investigation on the evolution of magnetic fields of early Earth and beyond with cutting-edge research opportunities for future scientists,University of Rochester
2237807,2023-02-06,694308,Continuing Grant,CAREER: Full-vector Characterization of the recent (0-5 Myr) Geomagnetic field using novel magnetic field recorder,University of Florida
2237994,2023-02-06,596258,Continuing Grant,CAREER: Days before eruption: Tracking magma ascent pathways with a water-in-feldspar crystal clock,"University of Maryland, College Park"
2239981,2023-02-06,995715,Continuing Grant,"""CAREER:"" Shark Survivor! Interdisciplinary approaches to modern and paleo- ecology in research and education",University of California - Merced
2240048,2023-02-06,629396,Continuing Grant,CAREER: Solute Transport Coupled to Geomechanics and Convective Mixing,University of Southern California
2240506,2023-02-06,399213,Continuing Grant,Lower mantle seismic anisotropy and heterogeneities - insight from the thermoelastic properties of CaSiO3 perovskite,Texas A&M University
2241892,2023-02-06,621000,Standard Grant,Collaborative Research: CAS-Climate: Reservoir dead pool in the western United States: probability and consequences of a novel extreme event,Colorado School of Mines
2241893,2023-02-06,128930,Standard Grant,Collaborative Research: CAS-Climate: Reservoir dead pool in the western United States: probability and consequences of a novel extreme event,North Carolina State University
2244446,2023-02-09,436416,Standard Grant,REU Site: Critical Zone Collaborative Network Research Experiences for Undergraduates (CZNet-REU),Consortium of Universities for the Advancement of Hydrologic Sci
2238685,2023-02-10,599572,Continuing Grant,CAREER: Understanding past and present biogeochemical cycle of potassium (K) and its implications for the global carbon cycle: proxy development based on stable K isotopes,University of Minnesota-Twin Cities
2243857,2023-02-10,291598,Standard Grant,"REU Site: Dynamic Earth in the 21st Century: Undergraduate Research on the Evolution of Earth's Interior, Surface and Climate",Brown University
2244614,2023-02-10,480268,Standard Grant,Collaborative Research: RUI: Density of Modes: A New Way to Forecast Sediment Failure,University of California-San Diego Scripps Inst of Oceanography
2244615,2023-02-10,218998,Standard Grant,Collaborative Research: RUI: Density of Modes: A New Way to Forecast Sediment Failure,North Carolina State University
2244616,2023-02-10,129057,Standard Grant,Collaborative Research: RUI: Density of Modes: A New Way to Forecast Sediment Failure,Haverford College
2245064,2023-02-10,99999,Standard Grant,Conference: Salt contamination of water supplies in tidal rivers,University of Maryland Center for Environmental Sciences
2314016,2023-02-10,260565,Standard Grant,Collaborative Research: Improved Geochronology-Based Sediment Provenance Analysis Through Physico-Mechanical Characterization of Zircon Transport,University of Arizona
2234125,2023-02-13,464509,Standard Grant,Collaborative Research: Roles of lithology and water on deep continental crustal rheology from a natural setting and laboratory experiments,University of Colorado at Boulder
2234126,2023-02-13,359704,Standard Grant,Collaborative Research: Roles of lithology and water on deep continental crustal rheology from a natural setting and laboratory experiments,University of Akron
2317097,2023-02-15,1051627,Continuing Grant,NSF-NERC: Geological History Constraints on the Magnitude of Grounding Line Retreat in the Thwaites Glacier System,Colorado School of Mines
2310069,2023-02-16,89509504,Cooperative Agreement,Enabling Discoveries in Multiscale Earth System Dynamics: Seismological Facility for the Advancement of GEoscience (SAGE),EARTHSCOPE CONSORTIUM INC.
2239710,2023-02-17,908945,Continuing Grant,CAREER: Do microbes form caves? Sulfide oxidation and limestone corrosion in sulfuric acid caves,New Mexico Institute of Mining and Technology
2318903,2023-02-17,509204,Continuing Grant,CAREER: Science and Education for Connecting Urban Irrigation Efficiency to Streamflow in Semi-Arid Cities,University of Colorado at Boulder
2318733,2023-02-23,61135,Standard Grant,RAPID: The East Anatolian fault earthquake sequence of 6 February 2023: epicentral afterslip and anticipated future rupture propagation,University of Colorado at Boulder
2317261,2023-02-24,49649,Standard Grant,Conference: 13th IRM Conference on Rock Magnetism,University of Minnesota-Twin Cities
2312602,2023-03-02,49985,Standard Grant,"Conference: 2023 Catchment Science: Interactions of Hydrology, Biology and Geochemistry GRC and GRS Challenges and Uncertainty in Predicting Catchment Responses to Stress",Gordon Research Conferences
2317347,2023-03-03,49800,Standard Grant,Conference: Interior of the Earth Gordon Research Conference and Seminar,Gordon Research Conferences
2223332,2023-03-08,337782,Standard Grant,"Collaborative Research: RUI: Using K-feldspar megacryst and mineral inclusion T-X-t histories to assess batholith growth and evolution in the Tuolumne intrusive complex, CA",CSU Fullerton Auxiliary Services Corporation
2223333,2023-03-08,385657,Continuing Grant,"Collaborative Research: Using K-feldspar megacryst and mineral inclusion T-X-t histories to assess batholith growth and evolution in the Tuolumne intrusive complex, CA",Princeton University
2316129,2023-03-08,30000,Standard Grant,Travel: Supporting Students and Early Career Scientists in Quaternary Research: the 2023 USNC/INQUA Congress Travel Fellowship Program,National Academy of Sciences
2319007,2023-03-08,339063,Standard Grant,Geomorphic effects and distribution of anthropogenic debris in urban streams,University of Vermont & State Agricultural College
2321173,2023-03-21,33845,Standard Grant,Collaborative Research: Conference: Stratigraphic Paleobiology Field Conference,Pennsylvania State Univ University Park
2321174,2023-03-21,15266,Standard Grant,Collaborative Research: Conference: Stratigraphic Paleobiology Field Conference,University of Georgia Research Foundation Inc
2235515,2023-03-22,668924,Continuing Grant,CAREER: Deciphering Cavitation in Fluid-Filled Cracks and its Induced Seismicity through Integrated Physical Modeling,Michigan Technological University
2236476,2023-03-22,409115,Standard Grant,"Do seamounts on fossil oceanic spreading centers record triple-junction migration or mantle-plume activity? Guadalupe Island, Mexico as an archetype",University of California-San Diego Scripps Inst of Oceanography
2237437,2023-03-22,475451,Standard Grant,"CAREER: Does long-term topography preserve details of the seismic cycle? Seeing through, and exploiting, the diverse forcings influencing actively deforming landscapes.",Louisiana State University
2236920,2023-03-23,718373,Continuing Grant,CAREER: Sedimentary signatures of large riverine floods to constrain risk and build resiliency,Northeastern University
2233986,2023-03-24,550000,Standard Grant,Predicting flood-induced flow and sediment dynamics using data-driven physics-informed models,SUNY at Stony Brook
2240755,2023-03-24,358891,Standard Grant,Collaborative Research: Tracing ca. 4 billion years of volatile cycling in magmas and fluids: insights from halogens in synthetic and natural zircons,University of Rochester
2240756,2023-03-24,45532,Standard Grant,Collaborative Research: Tracing ca. 4 billion years of volatile cycling in magmas and fluids: insights from halogens in synthetic and natural zircons,University of California-Los Angeles
2240943,2023-03-24,177166,Standard Grant,"Structure and dynamics of the subcontinental lithospheric mantle over the Central and Eastern North American continent, constrained by numerical modeling based on tomography models",Kansas State University
2244497,2023-03-24,455414,Standard Grant,REU Site: Summer Research Experience at UT-Permian Basin Focused on the Applications of Science and Technology in Solving Real Energy and Environmental Problems,University of Texas of the Permian Basin
2316584,2023-03-28,34485,Standard Grant,Mentoring Institute for Sediment Transport (MIST) for Early Career Professionals at the 2023 EWRI World Environmental and Water Resources Congress and the AGU Fall Meeting,University of Arizona
2325166,2023-03-30,498173,Standard Grant,Collaborative Research: Understanding the hydrologic consequences of urban irrigation across the U.S.,Arizona State University
2244322,2023-04-03,462324,Continuing Grant,REU Site: Earth and Planetary science Interdsciplinary Internships at Carnegie (EPIIC),Carnegie Institution of Washington
2323561,2023-04-05,30000,Standard Grant,Travel: Cargese 2023 School on Active Subduction,Massachusetts Institute of Technology
2240734,2023-04-17,404592,Continuing Grant,Collaborative Research: The rheological behavior of gouge at high temperature,University of Minnesota-Twin Cities
2240735,2023-04-17,101601,Standard Grant,Collaborative Research: The rheological behavior of gouge at high temperature,University of California-Santa Cruz
2242904,2023-04-17,456134,Standard Grant,Tracking sodium in Earths deep mantle,Michigan State University
2322460,2023-04-17,43088,Standard Grant,Collaborative Research: RAPID: Deployment of a Nodal Array to Capture Aftershocks of the 2023 Kahramanmaras Earthquake Sequences in Turkey,Georgia Tech Research Corporation
2322461,2023-04-17,56912,Standard Grant,Collaborative Research: RAPID: Deployment of a Nodal Array to Capture Aftershocks of the 2023 Kahramanmaras Earthquake Sequences in Turkey,University of Missouri-Columbia
2246686,2023-04-19,274905,Standard Grant,Collaborative Research: Experimental and computational constraints on the isotope fractionation of Mossbauer-inactive elements in mantle minerals,University of Hawaii
2246687,2023-04-19,223059,Standard Grant,Collaborative Research: Experimental and computational constraints on the isotope fractionation of Mossbauer-inactive elements in mantle minerals,Purdue University
2242946,2023-04-21,442687,Continuing Grant,Water in the Earth's lower mantle,Princeton University
2246758,2023-04-21,412093,Continuing Grant,NSFGEO-NERC: Deciphering the Dynamics of Geomagnetic Excursions,University of California-San Diego Scripps Inst of Oceanography
2325823,2023-04-21,4163233,Cooperative Agreement,Enabling Discoveries in Multiscale Earth System Dynamics: Seismological Facility for the Advancement of GEoscience (SAGE),EARTHSCOPE CONSORTIUM INC.
2236903,2023-04-25,819493,Continuing Grant,CAREER: Tracing sulfur in subducting slabs with apatite oxybarometry,Cornell University
2240375,2023-04-26,446334,Continuing Grant,"Collaborative Research: Seismic cycles and earthquake nucleation on heterogeneous faults: Large-scale laboratory experiments, numerical simulations, and Whillans ice stream",Cornell University
2240376,2023-04-26,262578,Continuing Grant,"Collaborative Research: Seismic cycles and earthquake nucleation on heterogeneous faults: Large-scale laboratory experiments, numerical simulations, and Whillans ice stream",Massachusetts Institute of Technology
2243686,2023-04-26,390000,Standard Grant,REU Site: Stanford SURGE- Sustainability Undergraduate Research in Geoscience and Engineering,Stanford University
2246645,2023-05-02,451681,Standard Grant,Collaborative Research: Linking microplastic decomposition rates in soils to their microbe-mineral associations using carbon stable isotopes and microspectroscopy,Research Foundation CUNY - Advanced Science Research Center
2246646,2023-05-02,119311,Standard Grant,Collaborative Research: Linking microplastic decomposition rates in soils to their microbe-mineral associations using carbon stable isotopes and microspectroscopy,Columbia University
2246647,2023-05-02,131092,Standard Grant,Collaborative Research: Linking microplastic decomposition rates in soils to their microbe-mineral associations using carbon stable isotopes and microspectroscopy,Rensselaer Polytechnic Institute
2244453,2023-05-03,372594,Standard Grant,"Collaborative Research: REU Site: Water resources and quality in the Riviera Maya, Mexico",Northern Illinois University
2244454,2023-05-03,26010,Standard Grant,"Collaborative Research: REU Site: Water resources and quality in the Riviera Maya, Mexico",Southern Illinois University at Edwardsville
2244455,2023-05-03,63630,Standard Grant,"Collaborative Research: REU Site: Water resources and quality in the Riviera Maya, Mexico",Northeastern Illinois University
2328485,2023-05-08,399438,Standard Grant,"Collaborative Research: Roles of rupture complexity, geological structure, stress interaction on earthquake sequences",Texas A&M University
2152630,2023-05-09,473608,Standard Grant,Acquisition of Gas Chromatography Mass Spectrometer and Isotope Ratio Mass Spectrometer for Plant Biomarker Characterization and Isotopic Determinations,University of Southern California
2244707,2023-05-09,500249,Standard Grant,A dual clumped isotope approach to characterize disequilibrium in terrestrial carbonates,Pennsylvania State Univ University Park
2310740,2023-05-09,806775,Standard Grant,EAR-Climate: Global Survey of Multiscale River Mobility and its Response to Climate Change and Human Interference,University of California-Santa Barbara
2329499,2023-05-09,221284,Standard Grant,Imaging deep mantle structure beneath Alaska using full waveform tomography,University of South Carolina at Columbia
2242907,2023-05-12,736412,Standard Grant,"Closing Critical Knowledge Gaps in Rates of CO2 Mineralization in Soils, Rocks, and Aquifers as a Scalable Climate Change Mitigation Solution",Indiana University
2326226,2023-05-16,595689,Continuing Grant,Constraints from multiple low frequency data on the long wavelength density structure in the deep mantle,Brown University
2243577,2023-05-17,617000,Continuing Grant,"Collaborative Research: Expanding the diversity of iron oxidation mechanisms via genetics, microscopy and 'omics in Leptothrix",University of Delaware
2243578,2023-05-17,332935,Continuing Grant,"Collaborative Research: Expanding the diversity of iron oxidation mechanisms via genetics, microscopy and 'omics in Leptothrix",Chico State Enterprises
2247238,2023-05-17,263163,Standard Grant,Snowball Earth in Space and Time,University of California-Santa Barbara
2325048,2023-05-17,419022,Continuing Grant,"Collaborative Research: The influence of climate and tectonics on Miocene ecosystems and faunal evolution in the East African Rift, Kenya",University of Oregon Eugene
2239550,2023-05-19,552381,Continuing Grant,"CAREER: Understanding the Physics of Turbulent Flow, Erosion and Depositional Patterns in River Systems",University of Texas at El Paso
2243694,2023-05-19,318146,Continuing Grant,Collaborative Research: Magnetotelluric Investigation of the Salton Trough,Oregon State University
2243695,2023-05-19,317498,Continuing Grant,Collaborative Research: Magnetotelluric Investigation of the Salton Trough,University of California-San Diego Scripps Inst of Oceanography
2243696,2023-05-19,262196,Continuing Grant,Collaborative Research: Magnetotelluric Investigation of the Salton Trough,Georgia Tech Research Corporation
2322080,2023-05-22,244307,Standard Grant,MCA PILOT PUI: ECOLOGICAL OPPORTUNITY IN PHANEROZOIC MARINE ANIMALS: THE FIRST STATISTICAL COMPARISON,Benedictine University
2224727,2023-05-23,298718,Standard Grant,GLOW: Loss of volatiles from the Hadean Earth and the redox evolution of the early atmosphere,Yale University
2237429,2023-05-24,798644,Continuing Grant,CAREER: Quantifying Western Atlantic Climate and Seasonality  across the Plio-Pleistocene Regional Molluscan Extinction,Regents of the University of Michigan - Ann Arbor
2246802,2023-05-24,293494,Continuing Grant,Collaborative Research: Structure and properties of geofluids and their impact on fluid migration in subduction zones,Florida State University
2246803,2023-05-24,389760,Continuing Grant,Collaborative Research: Structure and properties of geofluids and their impact on fluid migration in subduction zones,University of Chicago
2246804,2023-05-24,234181,Standard Grant,Collaborative Research: Structure and properties of geofluids and their impact on fluid migration in subduction zones,University of Minnesota-Twin Cities
2304875,2023-05-24,180000,Fellowship Award,Postdoctoral Fellowship: EAR-PF: Geochemical taphonomy of a rare dicynodont bonebed and its paleobiological implications of social behavior in the stem-mammalian lineage,"Kulik, Zoe"
2305163,2023-05-24,180000,Fellowship Award,Postdoctoral Fellowship: EAR-PF: Understanding the Mechanics of Caldera Collapse Eruptions,"Crozier, Joshua Allen"
2305234,2023-05-24,180000,Fellowship Award,Postdoctoral Fellowship: EAR-PF: Using paleogeography and the fossil record to characterize the influence of scale on species range trajectories,"Shipley, Benjamin R"
2305325,2023-05-24,180000,Fellowship Award,Postdoctoral Fellowship: EAR-PF: Taxon-Specific Cross-Scale Responses to Aridity Gradients through Time and across Space in the NW Great Basin of the United States,"Hixon, Sean W"
2305630,2023-05-24,180000,Fellowship Award,"Postdoctoral Fellowship: EAR-PF: To roll, flow, or fracture - that is the question: Investigating the mechanisms behind friction and the stability of faults","Okamoto, Kristina"
2330004,2023-05-24,49677,Standard Grant,RAPID: Monitoring subsurface water storage dynamics associated with the 2023 extreme snowfall events in precipitation-limited systems,Boise State University
2330162,2023-05-24,49979,Standard Grant,RAPID: Investigating spatiotemporal groundwater variations in the Wasatch Front using geophysical methods,University of Utah
2243745,2023-05-31,506856,Continuing Grant,Collaborative Research: Building and Applying a Universal Plagioclase Oxybarometer using X-ray Absorption Spectroscopy,Planetary Science Institute
2243746,2023-05-31,189910,Standard Grant,Collaborative Research: Building and Applying a Universal Plagioclase Oxybarometer using X-ray Absorption Spectroscopy,University of Tennessee Knoxville
2303148,2023-05-31,639659,Continuing Grant,"CSEDI: Integrated seismic, geodynamic, and mineral physics studies of scatterers and other multi-scale structures in Earth’s lower mantle",California Institute of Technology
2305217,2023-05-31,180000,Fellowship Award,Postdoctoral Fellowship: EAR-PF: Petrochronometers as provenance proxies: implications for the spatio-temporal evolution of continental collision to escape,"Mueller, Megan A"
2231849,2023-06-02,422120,Standard Grant,Computational modeling of volcanic eruptions and their seismic and infrasound radiation,Stanford University
2245529,2023-06-02,309210,Standard Grant,Equilibrium vs. Kinetic control of the CO2/SO2 ratio in the arc volcanic gases,Columbia University
2318614,2023-06-02,348300,Standard Grant,Investigating the volatile evolution and decompression rate of high-intensity basaltic eruptions,Cornell University
2323994,2023-06-02,50000,Standard Grant,Conference: AGU Chapman Conference on Hydrothermal Circulation and Seawater Chemistry,American Geophysical Union
2302594,2023-06-05,727928,Standard Grant,How snow modulates hydrogeomorphic change and recovery after fire,Colorado State University
2310195,2023-06-05,669806,Continuing Grant,"Dynamics of crystal mush: Insight from 2D and 3D analysis of drill cores from Kilauea Iki lava lake, Hawaii",University of Oregon Eugene
2314212,2023-06-05,524823,Standard Grant,"Attribution of industrial-era glacier retreat, globally and in the high northern latitudes.",University of Washington
2316733,2023-06-05,230872,Standard Grant,Collaborative Research: Using a weather model and geologic data to test tectonic mechanisms in an intercontinental setting: The Altai Mountains of Central Asia,Colorado State University
2316734,2023-06-05,290936,Standard Grant,Collaborative Research: Using a weather model and geologic data to test tectonic mechanisms in an intercontinental setting: The Altai Mountains of Central Asia,Lehigh University
2316735,2023-06-05,34998,Standard Grant,Collaborative Research: Using a weather model and geologic data to test tectonic mechanisms in an intercontinental setting: The Altai Mountains of Central Asia,George Mason University
2316736,2023-06-05,329996,Standard Grant,Collaborative Research: Using a weather model and geologic data to test tectonic mechanisms in an intercontinental setting: The Altai Mountains of Central Asia,University of California-Irvine
2229222,2023-06-06,401503,Standard Grant,Collaborative Research: Climatic Control of Erosion Rates and Landscape Morphology - Quantifying the Influence of Fluvial Thresholds,Arizona State University
2229223,2023-06-06,208292,Standard Grant,Collaborative Research: Climatic Control of Erosion Rates and Landscape Morphology - Quantifying the Influence of Fluvial Thresholds,Regents of the University of Idaho
2229224,2023-06-06,108935,Standard Grant,Collaborative Research: Climatic Control of Erosion Rates and Landscape Morphology - Quantifying the Influence of Fluvial Thresholds,Purdue University
2234385,2023-06-06,505820,Standard Grant,Tracing Ancient Subduction in the Lithospheric Mantle via Traditional and Non-Traditional Stable Isotopes,University of Texas at Austin
2247049,2023-06-06,336344,Standard Grant,"Testing for an enhanced metamorphic carbon flux on the Proterozoic Earth, Central Metasedimentary Belt, Ontario, Canada",Florida State University
2301484,2023-06-06,248988,Standard Grant,Chromium isotope fractionation during oxidation of trivalent chromium by birnessite at near-neutral pH,University of Illinois at Urbana-Champaign
2305578,2023-06-06,180000,Fellowship Award,Postdoctoral Fellowship: EAR-PF: Assessing the net climate impact of tropical peatland restoration: the role of methane,"Perryman, Clarice R"
2305620,2023-06-06,180000,Fellowship Award,Postdoctoral Fellowship: EAR-PF: Geomicrobiology in the Critical Zone- integrating subsurface microbial processes across spatial and temporal scales.,"Fairbanks, Dawson E"
2309100,2023-06-06,384585,Standard Grant,VISCOSITY PATHS:  Assessing the Effect of Realistic Cooling Rates  on the Evolution of Lava Flow Rheology,North Carolina State University
2312210,2023-06-06,296211,Standard Grant,Collaborative Research: Paleozoic echinoderms as model systems for the study of evolutionary modes,University of South Florida
2312211,2023-06-06,286418,Standard Grant,Collaborative Research: Paleozoic echinoderms as model systems for the study of evolutionary modes,West Virginia University Research Corporation
2312212,2023-06-06,131619,Standard Grant,Collaborative Research: Paleozoic echinoderms as model systems for the study of evolutionary modes,Regents of the University of Michigan - Ann Arbor
2312213,2023-06-06,81859,Standard Grant,Collaborative Research: Paleozoic echinoderms as model systems for the study of evolutionary modes,SUNY at Binghamton
2314724,2023-06-06,474953,Continuing Grant,Multicomponent diffusion in silicate melts using eigen-component approach,Regents of the University of Michigan - Ann Arbor
2321409,2023-06-06,348716,Standard Grant,Collaborative Research: 3D Imaging of Controls on Subduction Zone Megathrust Rupture and Slip Behavior,Lehigh University
2321410,2023-06-06,241402,Standard Grant,Collaborative Research: 3D Imaging of Controls on Subduction Zone Megathrust Rupture and Slip Behavior,University of Arizona
2323318,2023-06-06,382307,Standard Grant,Eclogitization of continental lithosphere from subduction zone devolatilization,Georgia Tech Research Corporation
2305276,2023-06-07,180000,Fellowship Award,Postdoctoral Fellowship: EAR-PF: Soil Carbon Biogeochemistry Under a Changing Climate: Current and Future Alterations from Forest Fires,"Fettrow, Sean"
2305317,2023-06-07,180000,Fellowship Award,Postdoctoral Fellowship: EAR-PF: Pairing on-and-offshore observations of paleo-ice streams to constrain and elucidate dynamics of the Cordilleran Ice Sheet (PISCES),"McKenzie, Marion"
2305465,2023-06-07,180000,Fellowship Award,Postdoctoral Fellowship: EAR-PF: Is there a taphonomic clock? Assessing the progression of terrestrial bone alterations across environments and time,"Laker, Rachel"
2305518,2023-06-07,180000,Fellowship Award,Postdoctoral Fellowship: EAR-PF: Linking soil nitrogen enrichment to mineral weathering and associated organic matter persistence,"Fitch, Amelia A"
2305568,2023-06-07,180000,Fellowship Award,Postdoctoral Fellowship: EAR-PF: The effects of grain-scale deformation on helium diffusion and thermochronometric ages of accessory minerals,"Ross, Catherine Haggard"
2305616,2023-06-07,180000,Fellowship Award,Postdoctoral Fellowship: EAR-PF: How Does Critical Zone Water Storage Impact Forest Drought Stress Across Complex Terrain?,"Jarecke, Karla M"
2305636,2023-06-07,180000,Fellowship Award,Postdoctoral Fellowship: EAR-PF: Investigating spatiotemporal variability of forearc mantle wedge serpentinization and rheology during non-steady state subduction,"Epstein, Gabe S"
2330156,2023-06-07,29943,Standard Grant,Conference: 14th International Precipitation Conference (IPC14) - Emerging directions in precipitation science and applications: going beyond,University of Oklahoma Norman Campus
2242732,2023-06-08,624996,Standard Grant,EA: Upgrade of the X-ray tomographic microscope to expand operations at the University of Missouri X-ray Microanalysis Laboratory,University of Missouri-Columbia
2308632,2023-06-08,728424,Continuing Grant,TS: Research Technician to Support Growth of the Rice Rock Deformation Laboratory,William Marsh Rice University
2310324,2023-06-08,509641,Continuing Grant,Collaborative Research: As above so below: Quantifying the role of simultaneous LLSVPs and continents on Earth's cooling history using numerical simulations of mantle convection,Regents of the University of Idaho
2310325,2023-06-08,173436,Standard Grant,Collaborative Research: As above so below: Quantifying the role of simultaneous LLSVPs and continents on Earth's cooling history using numerical simulations of mantle convection,Washington State University
2321013,2023-06-08,269822,Standard Grant,Collaborative Research: Micro- and Macroscopic Eukaryotic Life and its Preservation within the Mesoproterozoic Lower Belt Supergroup,Dartmouth College
2321014,2023-06-08,430043,Standard Grant,Collaborative Research: Micro- and Macroscopic Eukaryotic Life and its Preservation within the Mesoproterozoic Lower Belt Supergroup,University of Wisconsin-Madison
2305449,2023-06-12,180000,Fellowship Award,Postdoctoral Fellowship: EAR-PF: Evaluating spatiotemporal dependence in groundwater-dependent ecosystem processes,"Lurtz, Matthew R"
2305564,2023-06-12,180000,Fellowship Award,Postdoctoral Fellowship: EAR-PF: Novel approaches to evaluating the quality of the global fossil record: the frontier between taphonomy and phylogenetics,"Woolley, Charles Henrik"
2241801,2023-06-13,408180,Standard Grant,P-T-D-t paths for Mesoproterozoic supracrustal rocks: a new window into the elevated geotherm and intraplate deformation of the ca. 1.4 Ga Picuris Orogeny,University of Wisconsin-Madison
2242269,2023-06-13,335370,Standard Grant,"The transition from normal subduction to slab window, unraveling its effect on the subcontinental lithospheric mantle of southern Patagonia",Brown University
2313452,2023-06-13,433198,Standard Grant,Systematic mapping of magma bodies under Cascades volcanoes,Cornell University
2315814,2023-06-13,259240,Standard Grant,Characterizing variations in magnitude-frequency distribution and b-value using relative magnitudes,Regents of the University of Michigan - Ann Arbor
2321341,2023-06-13,233317,Standard Grant,Collaborative Research: Assembling the foundation of modern mammal community structure in the first 7 million years after the K/Pg mass extinction,University of Washington
2321342,2023-06-13,183887,Standard Grant,Collaborative Research: Assembling the foundation of modern mammal community structure in the first 7 million years after the K/Pg mass extinction,Berkeley Geochronology Center
2321343,2023-06-13,169618,Standard Grant,Collaborative Research: Assembling the foundation of modern mammal community structure in the first 7 million years after the K/Pg mass extinction,University of Alabama Tuscaloosa
2321344,2023-06-13,185386,Standard Grant,Collaborative Research: Assembling the foundation of modern mammal community structure in the first 7 million years after the K/Pg mass extinction,University of Florida
2322935,2023-06-13,442241,Continuing Grant,The excess gas paradox at volcanoes: does CO2 favor gas accumulation in mafic magmas?,University of Georgia Research Foundation Inc
2303417,2023-06-16,380445,Standard Grant,Collaborative Research: Characterizing the drivers of hydroclimate change over western North America and Europe in response to the global warmth of the middle Miocene,George Mason University
2303418,2023-06-16,216562,Standard Grant,Collaborative Research: Characterizing the drivers of hydroclimate change over western North America and Europe in response to the global warmth of the middle Miocene,University of Southern California
2305462,2023-06-16,180000,Fellowship Award,Postdoctoral Fellowship: EAR-PF: Establishing a new eruption classification with a multimethod approach,"Gilchrist, Johanand Thiru"
2318411,2023-06-16,347913,Standard Grant,Collaborative Research: Fluid infiltration of the continental crust during Laramide flat-slab subduction: a unique tectonic setting,Northern Arizona University
2318412,2023-06-16,355607,Standard Grant,Collaborative Research: Fluid infiltration of the continental crust during Laramide flat-slab subduction: a unique tectonic setting,University of Wisconsin-Madison
2243961,2023-06-18,1252539,Continuing Grant,Collaborative Research: CFS (Track III): Centers for Transformative Environmental Monitoring Programs (CTEMPs),"Board of Regents, NSHE, obo University of Nevada, Reno"
2243962,2023-06-18,190072,Continuing Grant,Collaborative Research: CFS (Track III): Centers for Transformative Environmental Monitoring Programs (CTEMPs),"Nevada System of Higher Education, Desert Research Institute"
2243963,2023-06-18,127788,Continuing Grant,Collaborative Research: CFS (Track III): Centers for Transformative Environmental Monitoring Programs (CTEMPs),Colorado School of Mines
2243964,2023-06-18,1258260,Continuing Grant,Collaborative Research: CFS (Track III): Centers for Transformative Environmental Monitoring Programs (CTEMPs),Oregon State University
2302845,2023-06-18,204935,Standard Grant,Equipment: Acquisition of the IRIS instruments FullWaver device for monitoring active landslides in Oklahoma,University of Oklahoma Norman Campus
2303408,2023-06-18,409202,Standard Grant,Collaborative Research: RUI: Glacier resilience during the Holocene and late Pleistocene in northern California,CAL POLY HUMBOLDT SPONSORED PROGRAMS FOUNDATION
2303409,2023-06-18,187835,Standard Grant,Collaborative Research: RUI: Glacier resilience during the Holocene and late Pleistocene in northern California,"The University Corporation, Northridge"
2303410,2023-06-18,145003,Standard Grant,Collaborative Research: RUI: Glacier resilience during the Holocene and late Pleistocene in northern California,University of Illinois at Chicago
2317687,2023-06-18,405563,Standard Grant,"Seismic Investigation of Mauna Loa Volcano, Hawaii",University of Miami
2243263,2023-06-20,689896,Standard Grant,Examining differential drought responses of forest trees with phylogenies and process-based catchment water age modeling,University of Connecticut
2303253,2023-06-22,417242,Standard Grant,"Collaborative Research: A 50,000-year continuous record of the Indian Summer Monsoon from Loktak Lake, NE India",SUNY at Albany
2303254,2023-06-22,461546,Standard Grant,"Collaborative Research: A 50,000-year continuous record of the Indian Summer Monsoon from Loktak Lake, NE India",University of Pittsburgh
2303255,2023-06-22,274028,Standard Grant,"Collaborative Research: A 50,000-year continuous record of the Indian Summer Monsoon from Loktak Lake, NE India",Washington University
2311978,2023-06-22,865370,Continuing Grant,TS: Advancing and Broadening Access to Laser-Ablation (U-Th)/He Thermochronlogy,University of Colorado at Boulder
2314532,2023-06-22,247428,Standard Grant,Collaborative Research: The Role of the Porcupine Fault System in the Mesozoic Opening of the Arctic Ocean,Dartmouth College
2314533,2023-06-22,261002,Standard Grant,Collaborative Research: The Role of the Porcupine Fault System in the Mesozoic Opening of the Arctic Ocean,University of Nevada Las Vegas
2314534,2023-06-22,175666,Standard Grant,Collaborative Research: The Role of the Porcupine Fault System in the Mesozoic Opening of the Arctic Ocean,SUNY at Stony Brook
2314535,2023-06-22,191102,Standard Grant,Collaborative Research: The Role of the Porcupine Fault System in the Mesozoic Opening of the Arctic Ocean,University of Iowa
2317409,2023-06-22,600527,Standard Grant,Testing amino acid paleothermometry in radiocarbon-dated lake sediment,Northern Arizona University
2318056,2023-06-22,523014,Standard Grant,Hydrologic constraints on global carbon dioxide emissions from inland waters,University of Massachusetts Amherst
2321144,2023-06-22,210288,Standard Grant,Effects of 3-D Mantle Wedge Flow and Crystal Preferred Orientation on Shear-Wave Splitting in Subduction Zones,University of Minnesota-Twin Cities
2331932,2023-06-22,499997,Standard Grant,NERC-NSFGEO SMARTWATER: Diagnosing controls of pollution hot spots and hot moments and their impact on catchment water quality,Northwestern University at Chicago
2305799,2023-06-27,183720,Standard Grant,Planning: CDP: The Lake Izabal Basin Research Endeavor (LIBRE) Project - Planning Activities to Guarantee Success of a Continental Scientific Drilling Project,Missouri University of Science and Technology
2308334,2023-06-27,99834,Standard Grant,"CDP: Site survey investigation for ICDP drilling in Pliocene lake at Butte Valley, CA",Southern Methodist University
2320100,2023-06-27,387136,Standard Grant,Water in garnet as a record of fluid flow during metamorphism,"University of Maryland, College Park"
2331991,2023-06-27,47794,Standard Grant,"Conference: 12th North American Paleontological Convention, Ann Arbor, MI - June 17 to June 21, 2024",Regents of the University of Michigan - Ann Arbor
2226249,2023-06-28,414601,Standard Grant,"Equipment: Acquisition of Stable Isotope Mass Spectrometer for Isotopic Analyses of Sulfur, Carbon, and Oxygen",University of Miami
2242861,2023-06-28,296973,Standard Grant,Collaborative Research: RUI: An undergraduate cohort thermochronology research and mentorship experience investigating the thermo-tectonic record of the northern Klamath Mountains,CAL POLY HUMBOLDT SPONSORED PROGRAMS FOUNDATION
2242862,2023-06-28,172594,Standard Grant,Collaborative Research: RUI: An undergraduate cohort thermochronology research and mentorship experience investigating the thermo-tectonic record of the northern Klamath Mountains,Oregon State University
2300559,2023-06-28,3793185,Continuing Grant,"Collaborative Research: Research Infrastructure: CFS (Track III) Cosmogenic Nuclides in Earth Science Research: Allied facilities for sample preparation, analysis, and training",Purdue University
2300560,2023-06-28,1460505,Continuing Grant,"Collaborative Research: Research Infrastructure: CFS (Track III) Cosmogenic Nuclides in Earth Science Research: Allied facilities for sample preparation, analysis, and training",University of Vermont & State Agricultural College
2305448,2023-06-28,180000,Fellowship Award,"Postdoctoral Fellowship: EAR-PF: Does topographic stress connect subsurface to surface through influencing bedrock strength, clast size, and landslides?","Higa, Justin T"
2305572,2023-06-28,180000,Fellowship Award,"Postdoctoral Fellowship: EAR-PF: Reconstructing the role of beavers in driving Holocene landscape evolution and resilience in the Sierra Nevada range, California","Baker, Dorothy N"
2305601,2023-06-28,180000,Fellowship Award,Postdoctoral Fellowship: EAR-PF: Feedbacks Between Controls of Stream Dry-Down Responses at the Rain-Snow Transition,"Kraft, Maggi A"
2311532,2023-06-28,563380,Standard Grant,Assessing the paleoenvironmental and geobiological significance of carbonates from the Eocene-Oligocene boundary of the White River Group,South Dakota School of Mines and Technology
2312791,2023-06-28,273407,Standard Grant,EA: Acquisition of an IRMS for sulfur isotope measurements,Brown University
2314628,2023-06-28,261593,Standard Grant,Quantifying long-term aeolian abrasion rates on hard rock surfaces,University of Texas at Arlington
2319475,2023-06-28,265694,Standard Grant,"Collaborative Research: Evaluating the role of terrane accretion on the evolution of indenter corner fault systems, an example from the eastern Himalaya",Western Washington University
2319476,2023-06-28,229971,Standard Grant,"Collaborative Research: Evaluating the role of terrane accretion on the evolution of indenter corner fault systems, an example from the eastern Himalaya",Georgia Tech Research Corporation
2322803,2023-06-28,279943,Standard Grant,Collaborative Research: EVOLUTION OF NORTH AMERICAN SMALL MAMMAL COMMUNITIES IN RESPONSE TO OLIGO-MIOCENE LANDSCAPE CHANGE,University of Oregon Eugene
2322804,2023-06-28,202138,Standard Grant,Collaborative Research: EVOLUTION OF NORTH AMERICAN SMALL MAMMAL COMMUNITIES IN RESPONSE TO OLIGO-MIOCENE LANDSCAPE CHANGE,University of Washington
2322805,2023-06-28,274688,Standard Grant,Collaborative Research: EVOLUTION OF NORTH AMERICAN SMALL MAMMAL COMMUNITIES IN RESPONSE TO OLIGO-MIOCENE LANDSCAPE CHANGE,University of Minnesota-Twin Cities
2223623,2023-06-29,502351,Standard Grant,"Characterizing surface-mantle interactions in deepwater turbiditic successions, northern and central Apennines, Italy",University of Iowa
2303293,2023-06-29,289011,Standard Grant,Collaborative Research: Reconstructing Holocene glacier lengths through time to address climate model-data disagreements,University of Wisconsin-Madison
2303294,2023-06-29,216566,Standard Grant,Collaborative Research: Reconstructing Holocene glacier lengths through time to address climate model-data disagreements,Purdue University
2331817,2023-06-29,18216,Standard Grant,Collaborative Research: RAPID: Mechanisms and fate of fire-induced carbonate formation in a cold desert ecosystem,University of Texas at El Paso
2331818,2023-06-29,62447,Standard Grant,Collaborative Research: RAPID: Mechanisms and fate of fire-induced carbonate formation in a cold desert ecosystem,Boise State University
2237813,2023-07-11,632507,Continuing Grant,CAREER: Hypothesis Testing Mantle Structure with Probabilistic Tomography,Wayne State University
2245628,2023-07-11,197841,Standard Grant,Collaborative Research: NSFGEO-NERC: The history of the Earth's magnetic field strength over the last five million years: Filling in the southern hemisphere gap,University of California-San Diego Scripps Inst of Oceanography
2245629,2023-07-11,127684,Standard Grant,Collaborative Research: NSFGEO-NERC: The history of the Earth's magnetic field strength over the last five million years: Filling in the southern hemisphere gap,University of Florida
2304871,2023-07-11,180000,Fellowship Award,Postdoctoral Fellowship: EAR-PF: Exploring the significance of the spatial field from integrated DInSAR+GNSS time series for machine learning and volcano early warning applications,"Corsa, Brianna Durelle"
2305226,2023-07-11,180000,Fellowship Award,Postdoctoral Fellowship: EAR-PF: Investigation of High Mountain Asia Glacial Lake Variations Under a Warming Climate,"Sherpa, Sonam Futi"
2322719,2023-07-11,466138,Continuing Grant,"Synchrotron deformation experiments of olivine under the deep upper mantle conditions: Transient creep, plastic anisotropy, and the role of grain-boundary sliding.",Yale University
2236666,2023-07-12,505721,Continuing Grant,CAREER: GLOW: Sequencing rivers with machine learning and bioinformatics,University of Virginia Main Campus
2243775,2023-07-12,499986,Standard Grant,Collaborative Research: A Physics-Informed Flood Early Warning System for Agricultural Watersheds with Explainable Deep Learning and Process-Based Modeling,Iowa State University
2243776,2023-07-12,200000,Standard Grant,Collaborative Research: A Physics-Informed Flood Early Warning System for Agricultural Watersheds with Explainable Deep Learning and Process-Based Modeling,University of Iowa
2244514,2023-07-12,426730,Standard Grant,REU Site: Research Experiences and Mentorship in Urban Systems (REMUS),University of North Carolina at Charlotte
2306827,2023-07-12,244152,Standard Grant,Investigating the nature and timing of development of the Eastern California shear zone (ECSZ) in southeastern California,University of Texas at El Paso
2308646,2023-07-12,308691,Standard Grant,"Phase equilibria experiments to constrain magma storage at Mt Churchill, Alaska; refining the magmatic source of the White River Ash eruptions",University of Alaska Fairbanks Campus
2309920,2023-07-12,435367,Continuing Grant,A physics-based neural network approach for geophysical inversions,Brown University
2311021,2023-07-12,590658,Standard Grant,"Elucidating Mechanisms of Metal Sulfide-Enabled Growth of Anoxygenic Photosynthetic Bacteria Using Transcriptomic, Aqueous/Surface Chemical, and Electron Microscopic Tools",Arizona State University
2317814,2023-07-12,259286,Standard Grant,Collaborative Research: Impact of Magmatic Underplating on the Evolution of Lower Continental Crust,University of Arkansas
2317815,2023-07-12,204715,Standard Grant,Collaborative Research: Impact of Magmatic Underplating on the Evolution of Lower Continental Crust,University of Massachusetts Amherst
2319847,2023-07-12,270793,Standard Grant,Collaborative Research: Subduction Megathrust Rheology: The Combined Roles of On- and Off-Fault Processes in Controlling Fault Slip Behavior,University of California-Santa Cruz
2319848,2023-07-12,272664,Standard Grant,Collaborative Research: Subduction Megathrust Rheology: The Combined Roles of On- and Off-Fault Processes in Controlling Fault Slip Behavior,University of Texas at Austin
2319849,2023-07-12,91238,Standard Grant,Collaborative Research: Subduction Megathrust Rheology: The Combined Roles of On- and Off-Fault Processes in Controlling Fault Slip Behavior,University of Southern California
2319850,2023-07-12,169023,Standard Grant,Collaborative Research: Subduction Megathrust Rheology: The Combined Roles of On- and Off-Fault Processes in Controlling Fault Slip Behavior,Planetary Science Institute
2322632,2023-07-12,313612,Continuing Grant,Accurately mapping the seismic structure of the deep crust of the continental United States,SUNY at Stony Brook
2327659,2023-07-12,239788,Standard Grant,"Collaborative Research: GEO-CM: The occurrences of the rare earth elements in highly weathered sedimentary rocks, Georgia kaolins.","Georgia State University Research Foundation, Inc."
2327660,2023-07-12,277601,Standard Grant,"Collaborative Research: GEO-CM: The occurrences of the rare earth elements in highly weathered sedimentary rocks, Georgia kaolins.",Georgia Tech Research Corporation
2333178,2023-07-12,38236,Standard Grant,"Collaborative Research: RAPID: A novel magnetometer network to capture the ongoing inflationary episode at Askja volcano, Iceland",Columbia University
2333180,2023-07-12,17632,Standard Grant,"Collaborative Research: RAPID: A novel magnetometer network to capture the ongoing inflationary episode at Askja volcano, Iceland",University of Wyoming
2334455,2023-07-12,73288,Standard Grant,Collaborative Research: NSFGEO-NERC: Community And Structural Collapse During Mass Extinctions (CASCaDE),Yale University
2334456,2023-07-12,35471,Standard Grant,Collaborative Research: NSFGEO-NERC: Community And Structural Collapse During Mass Extinctions (CASCaDE),Santa Fe Institute
2240250,2023-07-13,281067,Standard Grant,RUI: Investigating the relationship between magmatic processes and copper mineralization at the Lights Creek Stock.,Chico State Enterprises
2242365,2023-07-13,328981,Standard Grant,Collaborative Research: The role of temporally varying specific storage on confined aquifer dynamics,Colorado State University
2242366,2023-07-13,56448,Standard Grant,Collaborative Research: The role of temporally varying specific storage on confined aquifer dynamics,Southern Utah University
2305463,2023-07-16,180000,Fellowship Award,Postdoctoral Fellowship: EAR-PF: Linking the past to the future: Using PETM fluvial records to understand the effects of climate change on rivers,"Howes, Bolton John"
2311330,2023-07-16,312929,Standard Grant,Collaborative Research: Aggregation and Electrification in a Laboratory-scale Volcanic Plume,Washington State University
2311331,2023-07-16,392230,Standard Grant,Collaborative Research: Aggregation and Electrification in a Laboratory-scale Volcanic Plume,University of Oregon Eugene
2313678,2023-07-16,165744,Standard Grant,Collaborative Research: RUI: Diffusion studies in baddeleyite and zircon,SUNY at Albany
2313679,2023-07-16,118795,Standard Grant,Collaborative Research: RUI: Diffusion studies in baddeleyite and zircon,Union College
2317912,2023-07-16,401467,Standard Grant,Collaborative Research: Clockwise block rotation in the Pacific Northwest and sinistral movement on the Lewis & Clark zone,Western Washington University
2317913,2023-07-16,439120,Standard Grant,Collaborative Research: Clockwise block rotation in the Pacific Northwest and sinistral movement on the Lewis & Clark zone,University of Wisconsin-Madison
2333706,2023-07-16,37205,Standard Grant,"RAPID: Rare Opportunity to Study Ancient Crocodylian Social Dynamics in Extinct Ecosystem (18 mya) from At-Risk Fossil Site (Rusinga, Kenya)",Science Museum of Minnesota
2244445,2023-07-17,1324937,Continuing Grant,REU Site: Natural History Research Experiences,Smithsonian Institution
2317666,2023-07-17,1282009,Standard Grant,Collaborative Research: How did Terrestrial Ecosystems Rebuild Following the Cretaceous/Paleogene Mass Extinction?,Denver Museum of Nature and Science
2317667,2023-07-17,518907,Standard Grant,Collaborative Research: How did Terrestrial Ecosystems Rebuild Following the Cretaceous/Paleogene Mass Extinction?,University of Colorado at Boulder
2317668,2023-07-17,287349,Standard Grant,Collaborative Research: How did Terrestrial Ecosystems Rebuild Following the Cretaceous/Paleogene Mass Extinction?,College of Charleston
2317669,2023-07-17,291498,Standard Grant,Collaborative Research: How did Terrestrial Ecosystems Rebuild Following the Cretaceous/Paleogene Mass Extinction?,University of Oregon Eugene
2317670,2023-07-17,167785,Standard Grant,Collaborative Research: How did Terrestrial Ecosystems Rebuild Following the Cretaceous/Paleogene Mass Extinction?,University of Wyoming
2317671,2023-07-17,212687,Standard Grant,Collaborative Research: How did Terrestrial Ecosystems Rebuild Following the Cretaceous/Paleogene Mass Extinction?,Smithsonian Institution
2317672,2023-07-17,234197,Standard Grant,Collaborative Research: How did Terrestrial Ecosystems Rebuild Following the Cretaceous/Paleogene Mass Extinction?,CUNY Brooklyn College
2321754,2023-07-17,345926,Standard Grant,Triggered slip events following the 2010 and 2021 Haiti earthquakes and their implications to seismic hazard in Hispaniola,Florida International University
2325368,2023-07-17,750000,Standard Grant,Groundwater Connection between Glaciers and Streams under a warming Climate,University of Colorado at Boulder
2335077,2023-07-17,13307,Standard Grant,"Collaborative Research: RAPID: Fault rock and spring sampling of the 2023 Kahramanmaras, Turkey, earthquake sequence ruptures",Utah State University
2335078,2023-07-17,10738,Standard Grant,"Collaborative Research: RAPID: Fault rock and spring sampling of the 2023 Kahramanmaras, Turkey, earthquake sequence ruptures",CSU Fullerton Auxiliary Services Corporation
2333030,2023-07-18,833114,Continuing Grant,CAREER: From the forest to the stream: Exploring forest land cover controls on dissolved organic matter character and aquatic ecosystem respiration in headwater streams,Montana State University
2228482,2023-07-19,312822,Standard Grant,Acquisition of Cathodoluminescence System for Scanning Electron Microscope,Weber State University
2233425,2023-07-19,444296,Standard Grant,Collaborative Research: Testing endmember hypotheses for the source of mineralizing fluid(s) in iron oxide - copper - gold (IOCG) deposits,Regents of the University of Michigan - Ann Arbor
2233426,2023-07-19,114133,Standard Grant,Collaborative Research: Testing endmember hypotheses for the source of mineralizing fluid(s) in iron oxide - copper - gold (IOCG) deposits,Juniata College
2303483,2023-07-19,225073,Standard Grant,"Collaborative Research: Using a Combined Basin Analysis, Isotopic, and Modeling Approach to Reconstruct the LGM through Early Holocene Hydroclimate for Glacial Lake Mojave.",CSU Fullerton Auxiliary Services Corporation
2303484,2023-07-19,272434,Standard Grant,"Collaborative Research: Using a Combined Basin Analysis, Isotopic, and Modeling Approach to Reconstruct the LGM through Early Holocene Hydroclimate for Glacial Lake Mojave.",Brown University
2303485,2023-07-19,68162,Standard Grant,"Collaborative Research: Using a Combined Basin Analysis, Isotopic, and Modeling Approach to Reconstruct the LGM through Early Holocene Hydroclimate for Glacial Lake Mojave.",Santiago Canyon College
2313490,2023-07-19,264044,Standard Grant,Collaborative Research: Active deformation and exhumation at the transition from subduction to oblique collision in Central New Zealand,Western Washington University
2313491,2023-07-19,390717,Standard Grant,Collaborative Research: Active deformation and exhumation at the transition from subduction to oblique collision in Central New Zealand,Regents of the University of Michigan - Ann Arbor
2317024,2023-07-19,355775,Standard Grant,Collaborative Research: GLOW: Iron Redox Reactions in Magma Oceans and Differentiation of Rocky Planets,Regents of the University of Michigan - Ann Arbor
2317025,2023-07-19,35468,Standard Grant,Collaborative Research: GLOW: Iron Redox Reactions in Magma Oceans and Differentiation of Rocky Planets,Indiana University
2317026,2023-07-19,286561,Standard Grant,Collaborative Research: GLOW: Iron Redox Reactions in Magma Oceans and Differentiation of Rocky Planets,University of Minnesota-Twin Cities
2327527,2023-07-20,296901,Standard Grant,"GEO-CM:A systematic investigation of sorption mechanisms of light REEs on iron oxides: roles of mineral morphology, crystallinity, and surface sites",Oklahoma State University
2334072,2023-07-20,716530,Continuing Grant,CAREER: Advancing predictive understanding of hydrologic exchange in the river corridor,Oregon State University
2334880,2023-07-20,50000,Standard Grant,RAPID: Managed Groundwater Recharge (MAR) in a year of exceptional precipitation: Evaluating the impact of dry-well versus on-farm recharge on water quality,University of California-Davis
2225642,2023-07-21,251169,Standard Grant,Collaborative Research: Equipment: Acquisition of a Confocal Micro-Raman Spectroscopy System at the University of Massachusetts and Amherst College,University of Massachusetts Amherst
2225643,2023-07-21,20672,Standard Grant,Collaborative Research: Equipment: Acquisition of a Confocal Micro-Raman Spectroscopy System at the University of Massachusetts and Amherst College,Amherst College
2317586,2023-07-21,395622,Standard Grant,How does water move through the subducting slab? Slab-scale fluid pathways and deformation-fluid flow feedbacks at eclogite facies,University of Washington
2233555,2023-07-24,285707,Standard Grant,Collaborative Research: Geophysical Campaign to Image CZ Structure Along Hillslope Gradients in the Neotropics,Rutgers University New Brunswick
2233556,2023-07-24,363098,Standard Grant,Collaborative Research: Geophysical Campaign to Image CZ Structure Along Hillslope Gradients in the Neotropics,Rutgers University Newark
2305946,2023-07-24,433480,Continuing Grant,Collaborative Research: From Global to Local: Geochemistry of Global Phosphate Ores and Implications for Tracing the Environmental Impacts of Fertilizers Utilization,Duke University
2305947,2023-07-24,306848,Continuing Grant,Collaborative Research: From Global to Local: Geochemistry of Global Phosphate Ores and Implications for Tracing the Environmental Impacts of Fertilizers Utilization,North Carolina State University
2310829,2023-07-24,225000,Standard Grant,Collaborative Research: Effects of ferric iron on heat transport in Earth's mantle,Michigan State University
2310830,2023-07-24,174906,Continuing Grant,Collaborative Research: Effects of ferric iron on heat transport in Earth's mantle,Regents of the University of Michigan - Ann Arbor
2321056,2023-07-24,245526,Standard Grant,Collaborative Research: Unraveling the Controls on the Origin and Environmental Functioning of Oxbow Lakes,Indiana University
2321057,2023-07-24,216906,Standard Grant,Collaborative Research: Unraveling the Controls on the Origin and Environmental Functioning of Oxbow Lakes,Louisiana State University
2321058,2023-07-24,271639,Standard Grant,Collaborative Research: Unraveling the Controls on the Origin and Environmental Functioning of Oxbow Lakes,Williams College
2321094,2023-07-24,209111,Standard Grant,Collaborative Research: High-resolution imaging of the Elgin-Lugoff earthquake swarm sequence and subsurface structures in South Carolina using a dense seismic nodal array,Georgia Tech Research Corporation
2321095,2023-07-24,168420,Standard Grant,Collaborative Research: High-resolution imaging of the Elgin-Lugoff earthquake swarm sequence and subsurface structures in South Carolina using a dense seismic nodal array,University of South Carolina at Columbia
2321367,2023-07-24,330935,Standard Grant,Collaborative Research: Halogen and chlorine isotope behavior during metamorphism of metapelitic rocks,University of California-Santa Barbara
2321368,2023-07-24,65281,Standard Grant,Collaborative Research: Halogen and chlorine isotope behavior during metamorphism of metapelitic rocks,University of Texas at Austin
2321494,2023-07-24,549983,Standard Grant,Improved Constraints on Mantle and Crustal Source Signals in CO2 well gases: New Insights from Ultra-high Precision Noble Gas and Clumped Isotope Measurements,Woods Hole Oceanographic Institution
2322048,2023-07-24,237317,Standard Grant,MCA: Developing a Paleorecord of Hg in Long-Lived Mollusks from the Gulf of Maine,Grinnell College
2322428,2023-07-24,448915,Standard Grant,"MCA: Geosymbiotic interactions as innovation in Earth and environmental systems: Feedbacks between biological activity, chemical gradients and mineral phases at the pore scale",University of California-Davis
2323221,2023-07-24,368466,Standard Grant,Collaborative Research: Calibration of Raman Spectroscopy for Calcite Saturation State in Marine Biogenic Calcification,University of Hawaii
2323222,2023-07-24,152276,Standard Grant,Collaborative Research: Calibration of Raman Spectroscopy for calcite saturation state in marine biogenic calcification,Hawaii Pacific University
2335893,2023-07-24,246288,Continuing Grant,Collaborative Research: Timescales and drivers of floodplain disequilibrium at climatic transitions,Amherst College
2117210,2023-07-27,767456,Standard Grant,MRI: Acquisition of a Scanning Electron Microscope to Strengthen Research Capabilities at a Primarily Undergraduate Institution,Eastern Washington University
2303297,2023-07-27,303755,Standard Grant,Collaborative Research: Reconstructions of Southern Caribbean Climate Variability using Contemporaneous and Co-Located Corals and Speleothems,Georgia Tech Research Corporation
2303298,2023-07-27,359899,Standard Grant,Collaborative Research: Reconstructions of Southern Caribbean Climate Variability using Contemporaneous and Co-Located Corals and Speleothems,Vanderbilt University
2303299,2023-07-27,138373,Standard Grant,Collaborative Research: Reconstructions of Southern Caribbean Climate Variability using Contemporaneous and Co-Located Corals and Speleothems,Berkeley Geochronology Center
2303300,2023-07-27,146581,Standard Grant,Collaborative Research: Reconstructions of Southern Caribbean Climate Variability using Contemporaneous and Co-Located Corals and Speleothems,Princeton University
2316492,2023-07-27,383646,Standard Grant,Collaborative Research: Hydrogeophysical monitoring and modeling of heterogeneity in salinization processes across the marsh-upland transition,Rutgers University Newark
2316493,2023-07-27,255765,Standard Grant,Collaborative Research: Hydrogeophysical monitoring and modeling of heterogeneity in salinization processes across the marsh-upland transition,University of Delaware
2323037,2023-07-27,895841,Standard Grant,Expanding Geoscience Research Access For Historically Excluded Communities,"The Geological Society of America, Inc."
2336217,2023-07-27,14503,Standard Grant,RAPID: Sources and Fluxes of CO2 during the 2023 Fagradsfjall Eruption using drone- and ground- based sampling and measurement techniques,University of New Mexico
2245496,2023-07-28,443525,Standard Grant,Characterizing the physical drivers of vegetation-forced bar evolution in gravel-bed streams,Regents of the University of Idaho
2320473,2023-07-28,2139618,Standard Grant,Equipment:MRI Track 2 Acquisition of a 3D X-ray microscope for advanced specimen-based organismal research,American Museum Natural History
2327807,2023-07-30,638334,Standard Grant,GEO-CM: Empowering Users as Builders: a Community-Driven Platform for Geochemical Modeling of Critical Minerals,Arizona State University
2319445,2023-08-01,299993,Continuing Grant,Investigating Lithospheric Heterogeneity of the North American Craton with Multiple Seismological Methods,Purdue University
2320389,2023-08-01,883268,Standard Grant,Equipment: MRI Track 1: Acquisition of a Laser Ablation Time of Flight Inductively-Coupled Plasma Mass Spectrometer for UCSB Researchers and Educators,University of California-Santa Barbara
2308546,2023-08-04,656350,Standard Grant,Collaborative Research: Unraveling the link between water ages and silicate weathering rates at the catchment scale,Cornell University
2308547,2023-08-04,267850,Standard Grant,Collaborative Research: Unraveling the link between water ages and silicate weathering rates at the catchment scale,University of the Pacific
2308548,2023-08-04,25381,Standard Grant,Collaborative Research: Unraveling the link between water ages and silicate weathering rates at the catchment scale,"Board of Regents, NSHE, obo University of Nevada, Reno"
2320703,2023-08-09,265000,Standard Grant,Equipment: MRI: Track 1 Acquisition of a Laser Ablation System for ICP-MS to Expand a Broad Range of Analytical Activities and Research Training in the Earth Sciences,Union College
2320318,2023-08-16,625531,Standard Grant,Equipment: MRI Track 1: Acquisition of a LA-ICP-MS for Research and Research Training,Oberlin College
2320327,2023-08-16,641223,Standard Grant,MRI: Track 1 Acquisition of a replacement electron microprobe at Brown University,Brown University
2320391,2023-08-16,209705,Standard Grant,Equipment: MRI: Track 1 Acquisition of a Stable Isotope Mass Spectrometer for Earth and Ocean Science Research,University of Hawaii
2327940,2023-08-16,615305,Standard Grant,GEO-CM: Prospecting for critical element deposits: an interdisciplinary approach using experimental geochemistry and field-informed modeling of sediment transport,University of Rochester
2240650,2023-08-17,484930,Standard Grant,"ITD: A Multi-Camera system for permanent and real-time visible, thermal and gas monitoring at restless volcanoes",Columbia University
2243545,2023-08-17,101694,Standard Grant,Equipment: EA:  Acquisition of Electrical Resistivity Instrumentation to Elucidate Hydrologic Processes in the Critical Zone,Oregon State University
2309648,2023-08-17,199998,Standard Grant,RAPID: International Collaborative Research into Ice-ocean Iteractions & Fractures at Thwaites (ICE-RIFT),University of California-San Diego Scripps Inst of Oceanography
2317868,2023-08-17,933459,Continuing Grant,Collaborative Research: Integrating Fluorspar Ages and Geophysical Models to Constrain the Timing and Mechanisms of the Collapse of the Cordillera in SW North America,SUNY at Stony Brook
2317869,2023-08-17,147415,Continuing Grant,Collaborative Research: Integrating Fluorspar Ages and Geophysical Models to Constrain the Timing and Mechanisms of the Collapse of the Cordillera in SW North America,Suffolk Community College
2317870,2023-08-17,1269636,Continuing Grant,Collaborative Research: Integrating Fluorspar Ages and Geophysical Models to Constrain the Timing and Mechanisms of the Collapse of the Cordillera in SW North America,Columbia University
2317871,2023-08-17,90878,Standard Grant,Collaborative Research: Integrating Fluorspar Ages and Geophysical Models to Constrain the Timing and Mechanisms of the Collapse of the Cordillera in SW North America,SUNY College at Oswego
2317872,2023-08-17,86144,Standard Grant,Collaborative Research: Integrating Fluorspar Ages and Geophysical Models to Constrain the Timing and Mechanisms of the Collapse of the Cordillera in SW North America,CUNY Kingsborough Community College
2320309,2023-08-20,1394500,Standard Grant,MRI: Acquisition of an advanced X-ray detector for static and dynamic synchrotron X-ray scattering studies of materials at extreme conditions at the Advanced Photon Source,Carnegie Institution of Washington
2233726,2023-08-22,390694,Standard Grant,Collaborative Research: RUI: Exploring early metazoan reef evolution through a multi-scale approach,University of Washington
2233727,2023-08-22,105745,Standard Grant,Collaborative Research: RUI: Exploring early metazoan reef evolution through a multi-scale approach,Williams College
2317596,2023-08-23,2306793,Continuing Grant,Collaborative Research: EAR Climate: Earth-System Responses to the Penultimate Icehouse-Greenhouse Transition,University of Oklahoma Norman Campus
2317597,2023-08-23,172793,Standard Grant,Collaborative Research: EAR Climate: Earth-System Responses to the Penultimate Icehouse-Greenhouse Transition,Massachusetts Institute of Technology
2317598,2023-08-23,89998,Continuing Grant,Collaborative Research: EAR Climate: Earth-System Responses to the Penultimate Icehouse-Greenhouse Transition,George Mason University
2317599,2023-08-23,16029,Standard Grant,Collaborative Research: EAR Climate: Earth-System Responses to the Penultimate Icehouse-Greenhouse Transition,Rowan University
2317600,2023-08-23,47947,Standard Grant,Collaborative Research: EAR Climate: Earth-System Responses to the Penultimate Icehouse-Greenhouse Transition,SUNY at Stony Brook
2317601,2023-08-23,43786,Continuing Grant,Collaborative Research: EAR Climate: Earth-System Responses to the Penultimate Icehouse-Greenhouse Transition,Texas Tech University
2319922,2023-08-23,403060,Standard Grant,MRI: Track 3 Acquisition of Helium Recovery Equipment to Enhance Research and Training in Earth Sciences and Chemistry,University of Minnesota-Twin Cities
2320509,2023-08-23,440562,Standard Grant,Equipment: MRI: Track #1  Acquisition of electron spin resonance spectrometer for radiation exposure dating,"Nevada System of Higher Education, Desert Research Institute"
2320748,2023-08-23,414523,Standard Grant,MRI: Track 1: Acquisition of Agilent 8700 Laser Direct Infrared (LDIR) Chemical Imaging System,Northern Illinois University
2317850,2023-08-30,1479943,Continuing Grant,"Collaborative Research: From Peaks To Slopes To Communities, Tropical Glacierized Volcanoes As Sentinels of Global Change: Integrated Impacts On Water, Plants and Elemental Cycling",University of Minnesota-Twin Cities
2317851,2023-08-30,375797,Continuing Grant,"Collaborative Research: From Peaks To Slopes To Communities, Tropical Glacierized Volcanoes As Sentinels of Global Change: Integrated Impacts On Water, Plants and Elemental Cycling",Pennsylvania State Univ University Park
2317852,2023-08-30,408220,Continuing Grant,"Collaborative Research: From Peaks To Slopes To Communities, Tropical Glacierized Volcanoes As Sentinels of Global Change: Integrated Impacts On Water, Plants and Elemental Cycling",Carnegie Mellon University
2317853,2023-08-30,287088,Continuing Grant,"Collaborative Research: From Peaks To Slopes To Communities, Tropical Glacierized Volcanoes As Sentinels of Global Change: Integrated Impacts On Water, Plants and Elemental Cycling",Gustavus Adolphus College
2317854,2023-08-30,447562,Continuing Grant,"Collaborative Research: From Peaks To Slopes To Communities, Tropical Glacierized Volcanoes As Sentinels of Global Change: Integrated Impacts On Water, Plants and Elemental Cycling",University of North Carolina at Chapel Hill
2223273,2023-08-31,32499998,Cooperative Agreement,SEES: Community Driven Management of Synchrotron Facilities for Earth and Environmental Science,University of Chicago
2344655,2023-09-05,270184,Continuing Grant,An orogenic plateau in the southern U.S. Cordillera?,University of Texas at El Paso
2345167,2023-09-05,20000,Standard Grant,"RAPID: RAINBOW CANYON AND PANAMINT VALLEY, DEATH VALLEY NATIONAL PARK: RECONNAISSANCE IN RESPONSE TO THE FLOOD OF AUGUST 20, 2023",Texas Tech University
2344982,2023-09-06,22558,Standard Grant,RAPID: Death Valley after Hurricane Hilary: A study of desert landscape re-equilibration after extreme events,University of California-Los Angeles
2344994,2023-09-06,49928,Standard Grant,RAPID: Land surface hazards under accelerating climate change: Example from 2023 Hurricane Hilary,Regents of the University of Michigan - Ann Arbor
2317729,2023-09-07,1111232,Continuing Grant,"Collaborative Research: The interplay of surface evolution, shallow magmatism, a large hydrothermal system, and hazards at Puyehue-Cordon Caulle Volcanic Complex, Chile","Board of Regents, NSHE, obo University of Nevada, Reno"
2317730,2023-09-07,573163,Continuing Grant,"Collaborative Research: The interplay of surface evolution, shallow magmatism, a large hydrothermal system, and hazards at Puyehue-Cordon Caulle Volcanic Complex, Chile",Cornell University
2317731,2023-09-07,234040,Continuing Grant,"Collaborative Research: The interplay of surface evolution, shallow magmatism, a large hydrothermal system, and hazards at Puyehue-Cordon Caulle Volcanic Complex, Chile",University of Oregon Eugene
2317732,2023-09-07,253495,Continuing Grant,"Collaborative Research: The interplay of surface evolution, shallow magmatism, a large hydrothermal system, and hazards at Puyehue-Cordon Caulle Volcanic Complex, Chile",University of Wyoming
2317733,2023-09-07,247731,Continuing Grant,"Collaborative Research: The interplay of surface evolution, shallow magmatism, a large hydrothermal system, and hazards at Puyehue-Cordon Caulle Volcanic Complex, Chile",William Marsh Rice University
2225216,2023-09-08,6090100,Cooperative Agreement,"Center Operations: The Coupled Evolution of Earthquakes, Faults, and Geohazards of the San Andreas Fault System",University of Southern California
2225286,2023-09-08,14484604,Cooperative Agreement,Center Operations: Cascadia Region Earthquake Science Center (CRESCENT),University of Oregon Eugene
2317935,2023-09-08,1261787,Continuing Grant,Collaborative Research: NSFGEO/NERC: After the cataclysm: cryptic degassing and delayed recovery in the wake of Large Igneous Province volcanism,Rutgers University New Brunswick
2317936,2023-09-08,773132,Continuing Grant,Collaborative Research: NSFGEO/NERC: After the cataclysm: cryptic degassing and delayed recovery in the wake of Large Igneous Province volcanism,University of Oregon Eugene
2317937,2023-09-08,474771,Continuing Grant,Collaborative Research: NSFGEO/NERC: After the cataclysm: cryptic degassing and delayed recovery in the wake of Large Igneous Province volcanism,University of California-Davis
2317938,2023-09-08,287312,Continuing Grant,Collaborative Research: NSFGEO/NERC: After the cataclysm: cryptic degassing and delayed recovery in the wake of Large Igneous Province volcanism,University of California-Los Angeles
2317939,2023-09-08,199561,Continuing Grant,Collaborative Research: NSFGEO/NERC: After the cataclysm: cryptic degassing and delayed recovery in the wake of Large Igneous Province volcanism,Princeton University
2345649,2023-09-13,40400,Standard Grant,RAPID: Monitoring water quality changes in an agricultural karst aquifer after a major storm,University of South Florida
2346279,2023-09-15,200000,Standard Grant,RAPID: Identifying Drinking Water Contamination and Social Vulnerability Impacts from Urban Fires,University of Hawaii
2348583,2023-09-25,370206,Standard Grant,Collaborative Research: Apatite petrochronology and microtextural analyses: a new tool to directly date subduction processes at the base of the seismogenic zone,University of California-San Diego Scripps Inst of Oceanography
2348538,2023-10-19,261002,Standard Grant,Collaborative Research: The Role of the Porcupine Fault System in the Mesozoic Opening of the Arctic Ocean,University of California-San Diego Scripps Inst of Oceanography
2350014,2023-10-20,195997,Standard Grant,Collaborative Research: Tracking nitrogen in mélange matrix from fore-arc to sub-arc depths with implications for deep nitrogen cycling: A combined field and experimental approach,Brown University
2400028,2023-10-20,291557,Standard Grant,Collaborative Research: Halogen Behavior In the Pluton-to-Volcanic Arc System,Brown University
2401254,2023-10-26,299887,Standard Grant,NSF-SNSF: Dynamics of the Earth's core under the plesio-geostrophy paradigm,University of California-Berkeley
2322510,2023-11-07,376029,Standard Grant,Synthesizing hydrologic process knowledge to determine global drivers of dominant  processes,San Diego State University Foundation
2405553,2023-11-13,311203,Standard Grant,Collaborative Research: Evaluating The Exhumation History of the Aleutians with Zircon And Apatite Thermochronology,Brown University
2346964,2023-11-14,28000,Standard Grant,Travel: International Workshop on Numerical Modeling of Earthquake Motions: Waves and Ruptures,Stanford University
2347291,2023-11-15,49814,Standard Grant,Conference: 2024 Geobiology GRC/GRS,Gordon Research Conferences
2319897,2023-11-17,357371,Standard Grant,Collaborative Research: NSF GEO-NERC: The Cracking of a Craton: Understanding Volatile Release during Continental Breakup,Woods Hole Oceanographic Institution
2319898,2023-11-17,320807,Standard Grant,Collaborative Research: NSF GEO-NERC: The Cracking of a Craton: Understanding Volatile Release during Continental Breakup,University of New Mexico
2340311,2023-11-20,750499,Continuing Grant,"CAREER: Tectonically dead but geomorphologically alive: Investigating the role of hard rocks as triggers of widespread, long-term landscape change in continent interiors",CUNY Queens College
2338040,2023-11-22,800523,Continuing Grant,"CAREER: Deconvolving organic substrates as the critical link between changes in organic matter and global biogeochemical sulfur, carbon, and oxygen cycling",Johns Hopkins University
2350077,2023-12-04,42500,Standard Grant,Conference: AGU Chapman Conference - Remote Sensing of the Water Cycle: Sensors to Science to Society,American Geophysical Union
2408853,2023-12-04,26999,Standard Grant,Collaborative Research: RAPID: Determining the Impacts of a Combined Historical Watershed and Regional Drought on Coastal Louisiana Wetland Ecohydrology,Stanford University
2408854,2023-12-04,23000,Standard Grant,Collaborative Research: RAPID: Determining the Impacts of a Combined Historical Watershed and Regional Drought on Coastal Louisiana Wetland Ecohydrology,Louisiana State University
2322205,2023-12-11,351289,Standard Grant,Collaborative Research: Determining the role of uranium(V) in the global uranium cycle by characterizing burial mechanisms in marine sinks,Pennsylvania State Univ University Park
2322206,2023-12-11,348601,Standard Grant,Collaborative Research: Determining the role of uranium(V) in the global uranium cycle by characterizing burial mechanisms in marine sinks,Central Michigan University
2344250,2023-12-11,498356,Standard Grant,Controls on ridgeline profile morphology,"Board of Regents, NSHE, obo University of Nevada, Reno"
2408146,2023-12-11,50000,Standard Grant,Conference: Cargese Graduate Summer School: Connecting Ecosystem processes to hydrogeophysical fundamentals,Oregon State University
2346564,2023-12-13,191257,Standard Grant,Collaborative Research: RUI: Continental-Scale Study of Jura-Cretaceous Basins and Melanges along the Backbone of the North American Cordillera-A Test of Mesozoic Subduction Models,Trinity University
2346565,2023-12-13,161467,Standard Grant,Collaborative Research: RUI: Continental-Scale Study of Jura-Cretaceous Basins and Melanges along the Backbone of the North American Cordillera-A Test of Mesozoic Subduction Models,University of Arizona
2346566,2023-12-13,256352,Standard Grant,Collaborative Research: RUI: Continental-Scale Study of Jura-Cretaceous Basins and Melanges along the Backbone of the North American Cordillera-A Test of Mesozoic Subduction Models,Purdue University
2346567,2023-12-13,184781,Standard Grant,Collaborative Research: RUI: Continental-Scale Study of Jura-Cretaceous Basins and Melanges along the Backbone of the North American Cordillera-A Test of Mesozoic Subduction Models,Montana State University
2406952,2023-12-13,198674,Standard Grant,RAPID: Transport and Revitalization of Nu Instruments Noblesse Mass Spectrometer,University of Colorado at Boulder
2340161,2023-12-18,609734,Continuing Grant,CAREER: Dynamic connectivity: a research and educational frontier for sustainable environmental management under climate and land use uncertainty,University of Kansas Center for Research Inc
2412838,2023-12-19,110665,Standard Grant,Collaborative Research: Moving mountains: timing and emplacement of the Marysvale gravity slide complex,University of Missouri-Columbia
2413966,2023-12-20,366190,Standard Grant,"Collaborative Research: Resolving thin-skinned and basement-involved deformation within a seismically active broken foreland region, San Juan, Argentina",University of California-San Diego Scripps Inst of Oceanography
2339556,2024-01-02,757006,Continuing Grant,CAREER: Towards a comprehensive model of seismicity throughout the seismic cycle,Massachusetts Institute of Technology
2340588,2024-01-02,537625,Continuing Grant,CAREER: Determining the mechanism and significance of microplastic pollution impacts on soil hydrology,University of Memphis
2341811,2024-01-08,672599,Continuing Grant,Plume Structure and Mantle Layering Beneath the South Pacific: Modeling Teleseismic Waveforms from Traditional and Floating Sensors,Princeton University
2330810,2024-01-16,362323,Continuing Grant,The thermal blanketing effect of supercontinents on the formation of Proterozoic anorthosites,California Institute of Technology
2337881,2024-01-16,486552,Continuing Grant,CAREER: Integrating geophysical data and hydrologic modeling to quantify subsurface water storage along elevation gradients in mountainous terrains,Boise State University
2409879,2024-01-16,50000,Standard Grant,RAPID: Responses of Soil Organic Carbon Chemistry to Wildfires across a Rainfall Gradient,"University of Maryland, College Park"
2333101,2024-01-17,321770,Standard Grant,Collaborative Research: Geophysical and geochemical investigation of links between the deep and shallow volatile cycles of the Earth,Woods Hole Oceanographic Institution
2333102,2024-01-17,406169,Continuing Grant,Collaborative Research: Geophysical and geochemical investigation of links between the deep and shallow volatile cycles of the Earth,University of Rhode Island
2339873,2024-01-18,577443,Continuing Grant,CAREER: Nitrogen exchange and removal in riparian wetlands - the role of vegetation,University of Kansas Center for Research Inc
2335745,2024-01-23,49800,Standard Grant,Conference: SEDI 2024,Simon's Rock of Bard College
2333215,2024-01-24,342162,Standard Grant,The role of bedrock erodibility in the topography and landscape evolution of the Appalachian Mountains,Virginia Polytechnic Institute and State University
2339237,2024-02-01,657198,Continuing Grant,CAREER: Understanding how Earth's coupled carbon and sulfur cycles evolved after the oxygenation of the atmosphere,University of Chicago
2342129,2024-02-01,454788,Continuing Grant,"Seismic Tomography Models for Alaska: Validation, Iteration, and Complex Anisotropy",University of Alaska Fairbanks Campus
2339542,2024-02-05,696808,Continuing Grant,CAREER: Capturing the translation of wave climate to coastal change on rocky shorelines across scales,Washington University
2416387,2024-02-07,49665,Standard Grant,Conference: 7th Biennial Structural Geology and Tectonics Forum at WWU,Western Washington University
2338055,2024-02-12,975175,Continuing Grant,"CAREER: Understanding biosphere-geosphere coevolution through carbonate-associated phosphate, community archives, and open-access education in rural schools",Pennsylvania State Univ University Park
2340910,2024-02-14,1080883,Continuing Grant,"CAREER: Quaternary paleontology of Jamaica: Colonization, extinction, and resilience in a biodiversity hotspot",University of Texas at Austin
2342525,2024-02-14,399704,Continuing Grant,Magmatic system structure and seismicity of the Three Sisters volcanic complex,University of New Mexico
2323169,2024-02-20,599996,Standard Grant,"Cells to ecosystems: fossil xylem is the missing link in reconstructing water use by plants, forests, and global vegetation in deep time",Baylor University
2334792,2024-02-20,335975,Standard Grant,Formation Mechanism of Wind Ripples,Texas A&M Engineering Experiment Station
2340719,2024-02-20,680238,Continuing Grant,CAREER: Electrical Signals in Soils across Terrestrial and Aquatic Interfaces,University of Toledo
2342936,2024-02-20,325287,Continuing Grant,Collaborative Research: Dynamic connectivity of river networks as a framework for identifying controls on flux propagation and assessing landscape vulnerability to change,The University of Central Florida Board of Trustees
2342937,2024-02-20,316633,Continuing Grant,Collaborative Research: Dynamic connectivity of river networks as a framework for identifying controls on flux propagation and assessing landscape vulnerability to change,University of California-Irvine
2335071,2024-02-21,63872,Standard Grant,EA: Upgrade of the Laser Heating System in the High-Pressure Diamond-Anvil Cell Laboratory at Arizona State University,Arizona State University
2336044,2024-02-22,887605,Continuing Grant,CAREER: Habitability of the Hadean Earth - A South African perspective,Harvard University
2338973,2024-02-27,414828,Continuing Grant,Assessing the roles of wear and roughness on dynamic fault friction,Brown University
2342155,2024-02-28,292742,Standard Grant,Collaborative Research: Bubble Trouble - Re-evaluating olivine melt inclusion barometry and trace-element geochemistry in the Cascades,University of Houston
2342156,2024-02-28,293231,Standard Grant,Collaborative Research: Bubble Trouble - Re-evaluating olivine melt inclusion barometry and trace-element geochemistry in the Cascades,University of California-Berkeley
2348998,2024-02-28,425132,Standard Grant,Collaborative Research: REU Site: Earth and Planetary Science and Astrophysics REU at the American Museum of Natural History in Collaboration with the City University of New York,American Museum Natural History
2348999,2024-02-28,39206,Standard Grant,Collaborative Research: REU Site: Earth and Planetary Science and Astrophysics REU at the American Museum of Natural History in Collaboration with the City University of New York,CUNY Graduate School University Center
2338139,2024-02-29,612930,Continuing Grant,CAREER: Balancing the global alkalinity cycle by improving models of river chemistry,William Marsh Rice University
2421234,2024-02-29,48021,Standard Grant,"RAPID: Investigating the Triggers of the 2023 Wrangell, Alaska Landslides",University of Alaska Fairbanks Campus
2333837,2024-03-04,524999,Continuing Grant,Understanding Dike Propagation Through Comparison of High-fidelity Coupled Fracture and Fluid Flow Models and Field Observations,Stanford University
2327202,2024-03-05,237772,Standard Grant,"EA: Acquisition of an X-ray Fluorescence Spectrometer for Research, Undergraduate Education, and STEM Outreach",CSUB Auxiliary for Sponsored Programs Administration
2327629,2024-03-05,300340,Standard Grant,"Geochronology, Petrology, and Geochemistry of the Jurassic White Mountain Batholith, New Hampshire",Tufts University
2329250,2024-03-05,333930,Standard Grant,Quantification of the Impact of Hydrologic Controls on Anomalous Solute Transport and Mixing Dynamics in Partially Saturated Porous Media,"Nevada System of Higher Education, Desert Research Institute"
2329285,2024-03-05,122152,Standard Grant,EA/Ed: Acquisition of a carbon dioxide and methane Cavity Ringdown Spectrometer for education and research,CSU Fullerton Auxiliary Services Corporation
2335204,2024-03-05,240528,Standard Grant,EA: Peripheral Replacements for the Northwestern University Stable Isotope Biogeochemistry Laboratory,Northwestern University at Chicago
2348594,2024-03-05,52817,Standard Grant,EA: Upgrading the Geophysics Computing Facility at Arizona State University,Arizona State University
2350175,2024-03-05,812839,Continuing Grant,TS: The University of Texas at Arlington Luminescence Laboratory,University of Texas at Arlington
2327676,2024-03-08,345005,Standard Grant,"GEO-CM: Trace metals in sphalerite from polymetallic, porphyry-lode mineral deposits of southwest Montana",Montana Technological University
2338373,2024-03-08,854327,Continuing Grant,CAREER: Human-induced Soil Change on the U.S. Great Plains,University of Nebraska-Lincoln
2345365,2024-03-08,279368,Continuing Grant,Collaborative Research: Investigating Hyporheic Zone Reaction Enhancement by Bioclogging Across Scales,Boise State University
2345366,2024-03-08,396079,Continuing Grant,Collaborative Research: Investigating Hyporheic Zone Reaction Enhancement by Bioclogging Across Scales,University of California-Davis
2347490,2024-03-08,244185,Standard Grant,Collaborative Research: Reevaluating the Timing and Driver of Escarpment Retreat in Southeast Australia,Purdue University
2347491,2024-03-08,311726,Standard Grant,Collaborative Research: Reevaluating the Timing and Driver of Escarpment Retreat in Southeast Australia,North Carolina State University
2348995,2024-03-08,371852,Standard Grant,REU Site: Community-Soil-Air-Water: A Geoscience Learning Ecosystem for Urban Environments,"Georgia State University Research Foundation, Inc."
2337711,2024-03-15,680097,Continuing Grant,CAREER: Field-scale quantification of dynamic physical properties in shrink-swell soils for improved hydrological prediction,Texas A&M AgriLife Research
2346471,2024-03-15,447958,Continuing Grant,Illuminating patterns and processes of water quality in U.S. rivers using physics-guided deep learning,Pennsylvania State Univ University Park
2331716,2024-03-18,132100,Standard Grant,EA: Upgrade of the UCSC TIMS with the ATONA amplifier technology,University of California-Santa Cruz
2341237,2024-03-18,560424,Continuing Grant,Collaborative Research: NSFGEO-NERC: Advancing capabilities to model ultra-low velocity zone properties through full waveform Bayesian inversion and geodynamic modeling,University of Utah
2341238,2024-03-18,139967,Standard Grant,Collaborative Research: NSFGEO-NERC: Advancing capabilities to model ultra-low velocity zone properties through full waveform Bayesian inversion and geodynamic modeling,Arizona State University
2342159,2024-03-18,468724,Standard Grant,Does deformation lead to misinformation? How much can granitic rocks deform before accessory minerals are geochemically disturbed?,Washington State University
2404913,2024-03-18,67864,Standard Grant,Conference: Workshop to catalyze understanding of mantle magma supply at subduction zones & beyond,Rutgers University New Brunswick
2420088,2024-03-18,808425,Continuing Grant,"Collaborative Research: The influence of climate and tectonics on Miocene ecosystems and faunal evolution in the East African Rift, Kenya",Harvard University
2417156,2024-03-19,8464,Standard Grant,Conference: Rocky Mountain Geobiology Symposium 2024,New Mexico Institute of Mining and Technology
2423563,2024-03-19,30135,Standard Grant,Conference: 2024 Flow and Transport in Permeable Media Gordon Research Conferences and Gordon Research Seminar,Gordon Research Conferences
2425429,2024-03-21,17575,Standard Grant,Collaborative Research: RAPID: Investigating the magnitude and timing of post-fire sediment transport in the Texas Panhandle,University of Houston
2425430,2024-03-21,13475,Standard Grant,Collaborative Research: RAPID: Investigating the magnitude and timing of post-fire sediment transport in the Texas Panhandle,Texas A&M University
2425431,2024-03-21,16742,Standard Grant,Collaborative Research: RAPID: Investigating the magnitude and timing of post-fire sediment transport in the Texas Panhandle,The University of Texas Rio Grande Valley
2327617,2024-03-26,350000,Standard Grant,GEO-CM: Biogeochemical Processes Affecting Critical Mineral Hosts in Mine Tailings and Weathered Ore Zones,Washington University
2339996,2024-03-26,710440,Continuing Grant,CAREER: Physics-Informed Deep Learning for Understanding  Earthquake Slip Complexity,University of Oregon Eugene
2412249,2024-03-27,274269,Standard Grant,Collaborative Research: Exploring the Influence of Agricultural Tile Drainage on Streamflow and Water Temperature in the Midwestern US using a Stakeholder-driven Approach,Northeastern University
2422257,2024-03-27,29999,Standard Grant,Conference: CFS (Track 1): RadioSolutions: Making Radiocarbon Broadly Available for Natural Climate Solutions,Yale University
2331842,2024-04-01,536984,Continuing Grant,Impact of Precipitation and Managed Aquifer Recharge on Post-Drought Groundwater Storage Recovery in California's Central Valley,University of California-Los Angeles
2338444,2024-04-02,619867,Continuing Grant,CAREER: The influence of cation substitution on the hydrous phases of the lower mantle,University of the South
2349621,2024-04-03,479932,Continuing Grant,REU Site: Research Experience for Undergraduates: Interdisciplinary Cutting-Edge Research through the Analysis of Global Data,Columbia University
2421961,2024-04-03,21500,Standard Grant,Support of Student Travel to Attend the Joint Meetings of The Clay Minerals Society and the Asian Clay Conference,University of Illinois at Urbana-Champaign
2422671,2024-04-04,568310,Continuing Grant,CAREER: Unfolding Earth history back to the Mesozoic by incorporating seismic tomography into Pacific realm plate tectonic reconstructions,University of Arizona
2323242,2024-04-12,143652,Standard Grant,EA: Acquisition of analytical equipment for environmental biogeochemistry and mineralogy,La Salle University
2340642,2024-04-12,684266,Continuing Grant,CAREER: Using fossil bivalves to study controls on longevity and establish a paleobiological learning ecosystem in southeast Texas,Sam Houston State University
2426095,2024-04-12,86122,Continuing Grant,"Collaborative Research: GCR: Growing a New Science of Landscape Terraformation: The Convergence of Rock, Fluids, and Life to form Complex Ecosystems Across Scales",University of Arizona
2427344,2024-04-17,27014,Standard Grant,RAPID: Unraveling rates of wind erosion and potential dust emission post Smokehouse Creek Fire in Texas,Texas Tech University
2333378,2024-04-24,700000,Continuing Grant,Physics-informed and data-driven machine-learning approaches for characterizing solute transport and risk analysis in heterogeneous aquifers,University of Southern California
2338181,2024-04-24,919669,Continuing Grant,"CAREER: Connecting metamorphic reactions, fluid production, and deep slow slip in subduction zones",University of Washington
2349268,2024-04-24,553988,Continuing Grant,Collaborative Research: REU Site: Sustainable Land and Water Resources - A Community Based Research Experience for Undergraduates,Salish Kootenai College
2349269,2024-04-24,669268,Continuing Grant,Collaborative Research: REU Site: Sustainable Land and Water Resources - A Community Based Research Experience for Undergraduates,University of Minnesota-Twin Cities
2342125,2024-05-01,307581,Continuing Grant,Collaborative Research: Evolution of elastic wave properties during the seismic cycle: Experiments on dry and fluid pressurized meter-scale faults,Utah State University
2342126,2024-05-01,320691,Continuing Grant,Collaborative Research: Evolution of elastic wave properties during the seismic cycle: Experiments on dry and fluid pressurized meter-scale faults,Cornell University
2426448,2024-05-02,699527,Continuing Grant,CAREER: Developing novel biomarker proxies to constrain Neogene changes in African woody cover and paleoecological contexts of hominin evolution,Harvard University
2427368,2024-05-02,319973,Standard Grant,Collaborative Proposal: Fluid flow metamorphism and strain localization in mid-crustal shear zones,Auburn University
2429013,2024-05-03,296211,Standard Grant,Collaborative Research: Paleozoic echinoderms as model systems for the study of evolutionary modes,SUNY at Binghamton
2429323,2024-05-06,179409,Standard Grant,Collaborative Research: Reconstructing the geometry of magmatic plumbing systems using fluid inclusions,University of Oklahoma Norman Campus
2420381,2024-05-17,49900,Standard Grant,Conference: 2024 Rock Deformation Gordon Research Conference and Gordon Research Seminar,Gordon Research Conferences
2430820,2024-05-17,74660,Standard Grant,"Does synergy among litter, organic horizons, and roots bolster nutrient retention and production?",University of Virginia Main Campus
2411592,2024-05-20,676163,Continuing Grant,CAREER:Mineralogical and Biogeochemical Control of Phosphorus Transformation during Soil Development,"University of Maryland, College Park"
2414679,2024-05-23,512202,Continuing Grant,CAREER:   A Late Triassic Origin for Modern Marine Predator-prey Dynamics,University of Missouri-Columbia
2342604,2024-06-04,382137,Standard Grant,Lawsonite and epidote as novel sensors of redox and intraslab mass transfer,University of Minnesota-Twin Cities
2320078,2024-06-06,1266367,Continuing Grant,CFS (Track III): The WiscSIMS National Ion Microprobe,University of Wisconsin-Madison
2342823,2024-06-06,569641,Continuing Grant,Collaborative Research: Understanding impacts of cold-season coastal wetland hydrology and freeze-thaw dynamics on lateral carbon fluxes,Woods Hole Oceanographic Institution
2342824,2024-06-06,203222,Continuing Grant,Collaborative Research: Understanding impacts of cold-season coastal wetland hydrology and freeze-thaw dynamics on lateral carbon fluxes,Old Dominion University Research Foundation
2339370,2024-06-10,701964,Continuing Grant,CAREER: Evolution of the Oceanic Plate & Upper Mantle with Deep Probabilistic Seismic Imaging,University of Rochester
2422868,2024-06-11,244580,Standard Grant,"MCA Pilot PUI: Developing new and novel research into the Miocene to Quaternary geomorphology of the upper Gunnison Basin, Colorado",Western Colorado University
2349313,2024-06-13,457223,Standard Grant,REU Site: Black Hills Applied Ceramic Engineering,South Dakota School of Mines and Technology
2418419,2024-06-13,265600,Standard Grant,"Implementation and testing of DFDM, a novel elastic wave propagation solver for global seismology",University of California-Berkeley
2318490,2024-06-14,431158,Standard Grant,EA: Acquisition of a Micro X-Ray Fluorescence Spectrometer for Research and Education in Earth and Environmental Studies at the University of Memphis,University of Memphis
2403675,2024-06-18,180000,Fellowship Award,Postdoctoral Fellowship: EAR-PF: Influence of Land Cover on the Isotopic Signature of Mercury in Surface- and Subsoils of the Conterminous United States,"Olson, Connor I"
2403630,2024-06-20,180000,Fellowship Award,Postdoctoral Fellowship: EAR-PF: Erosion on the Mountaintop Removal Coal Mining Landscapes of Central Appalachia,"Reed, Miles"
2403655,2024-06-20,180000,Fellowship Award,Postdoctoral Fellowship: EAR-PF: Quantifying the hydrobiogeochemical controls on anaerobic oxidation of methane and methane emissions in wetland hyporheic zones,"Shaheen, Samuel"
2403686,2024-06-20,180000,Fellowship Award,Postdoctoral Fellowship: EAR-PF: Probing the metal chemistry of wildfire-generated nanoparticles,"Namayandeh, Alireza"
2430452,2024-06-21,32000,Standard Grant,Conference: 2024 Granular Matter GRC and GRC Particle Systems Science and Extreme Environments,Gordon Research Conferences
2421880,2024-06-27,49550,Standard Grant,Conference: The 9th International Clumped Isotope Workshop (ICIW) at Stony Brook University,SUNY at Stony Brook
2345574,2024-07-06,397841,Standard Grant,Linking Offshore Seismic Tomography and Surface Volcanology to Study Subduction Termination and Controversial Lithospheric Fragments in the Central California Continental Margin,"The University Corporation, Northridge"
2403566,2024-07-06,180000,Fellowship Award,Postdoctoral Fellowship: EAR-PF: A seasonal-scale approach to African megafaunal extinction,"Norwood, Alexandra Lynn"
2434212,2024-07-06,221445,Standard Grant,"Collaborative Research:  A New Sanidine-Liquid Hygrometer: Experiments, Calibration and Applications",New Mexico Institute of Mining and Technology
2330230,2024-07-08,472062,Standard Grant,EA: Upgrade of a Mass Spectrometric System for Noble Gases,University of Utah
2336410,2024-07-08,474086,Continuing Grant,Collaborative Research: The Proterozoic ophiolite record of ancient seafloor hydrothermal alteration and marine chemistry,California Institute of Technology
2336411,2024-07-08,132545,Standard Grant,Collaborative Research: The Proterozoic ophiolite record of ancient seafloor hydrothermal alteration and marine chemistry,University of California-Berkeley
2403569,2024-07-08,204782,Standard Grant,Collaborative Research: NSF/GEO-NERC: The Collapse of the Cordilleran Ice Sheet: Using Glacial Dipsticks to Constrain Ice Sheet Modeling,Boston College
2403570,2024-07-08,355024,Standard Grant,Collaborative Research: NSF/GEO-NERC: The Collapse of the Cordilleran Ice Sheet: Using Glacial Dipsticks to Constrain Ice Sheet Modeling,University of Wisconsin-Madison
2419034,2024-07-08,468255,Standard Grant,Controls on rift localization in the melt-poor Malawi (Nyasa) Rift from high-resolution seismic imaging of the crust,Northern Arizona University
2421153,2024-07-08,296096,Standard Grant,Investigating the crust and uppermost mantle beneath volcanoes with new seismic analyses,Brown University
2426074,2024-07-08,335953,Standard Grant,Collaborative Research: Comparing the Geochemical and Temporal Links Between Volcanism and Plutonism at the Scale of a Single Arc Magmatic System,Purdue University
2426075,2024-07-08,182791,Standard Grant,Collaborative Research: Comparing the Geochemical and Temporal Links Between Volcanism and Plutonism at the Scale of a Single Arc Magmatic System,Stanford University
2426076,2024-07-08,317264,Standard Grant,Collaborative Research: Comparing the Geochemical and Temporal Links Between Volcanism and Plutonism at the Scale of a Single Arc Magmatic System,University of California-Davis
2435528,2024-07-08,15000,Standard Grant,"Travel: DELTA H 2024, building international bridges to advance research and EDI in Geomorphology through an immersive meeting in Brazil: Supporting U.S.-based attendees",CUNY Queens College
2329691,2024-07-09,349699,Standard Grant,The final hurdle in major element diffusion chronometry in olivine: addressing the accuracy problem one proton at a time,Columbia University
2403602,2024-07-09,180000,Fellowship Award,Postdoctoral Fellowship: EAR-PF: Using numerical modeling and synthetic stratigraphy generation to evaluate the impacts of extreme storms on delta channel mobility,"Giles, Sarah Marie"
2431983,2024-07-09,24641,Standard Grant,"RAPID: Post-seismic survey of the April 5, 2024 Mw4.8 New Jersey Earthquake",Columbia University
2403573,2024-07-10,180000,Fellowship Award,"Postdoctoral Fellowship: EAR-PF: Synthesizing Multiscale Earth Models to Enhance Exploration, Discovery, and Application","Ajala, Rasheed"
2419208,2024-07-10,180350,Standard Grant,Collaborative Research: RUI: Characterizing borehole breakouts in anisotropic materials in the laboratory and in nature,Carleton College
2419209,2024-07-10,206119,Standard Grant,Collaborative Research: RUI: Characterizing borehole breakouts in anisotropic materials in the laboratory and in nature,Iowa State University
2403605,2024-07-11,180000,Fellowship Award,Postdoctoral Fellowship: EAR-PF: The Thermal Evolution of Orogenic Mid-Lower Crust in the Late Paleozoic Appalachian Orogen,"Molitor, Zachary"
2403620,2024-07-11,180000,Fellowship Award,Postdoctoral Fellowship: EAR-PF: Water Stress Across the Paleocene-Eocene Thermal Maximum: Applying Triple Oxygen Isotopes as an Aridity Proxy in the Bighorn Basin,"Allen, Matthew L"
2411601,2024-07-11,567283,Standard Grant,Tracking the fate of subducted carbonate platforms in the sub-arc mantle using field observations and laboratory experiments: implications for deep carbon cycling,University of Arizona
2422648,2024-07-11,227396,Standard Grant,Collaborative Research: Seismological Analysis of Earth's Microseism Record and Ocean Wave Climate,Colorado State University
2422649,2024-07-11,250854,Standard Grant,Collaborative Research: Seismological Analysis of Earth's Microseism Record and Ocean Wave Climate,Princeton University
2434101,2024-07-11,333930,Standard Grant,Quantification of the Impact of Hydrologic Controls on Anomalous Solute Transport and Mixing Dynamics in Partially Saturated Porous Media,Oregon State University
2419344,2024-07-15,769239,Continuing Grant,"Rock glaciers as probes of Holocene climate, weathering, hydrology and landscape evolution",University of Colorado at Boulder
2420723,2024-07-15,490303,Standard Grant,Tackling Multiphase Lava Rheology at its Origins,SUNY at Buffalo
2422008,2024-07-15,335503,Continuing Grant,Full Waveform Imaging of Hawaii's Magmatic System from the Mantle Source to the Surface,University of Illinois at Urbana-Champaign
2342541,2024-07-16,1965340,Continuing Grant,CFS (Track III): Community Facility Support for U-Th-Pb Geochronology and Complementary Geochemistry at the Arizona LaserChron Center,University of Arizona
2346400,2024-07-16,621781,Standard Grant,"Collaborative Research: Biogeography, turnover, and evolutionary dynamics of the Late Ordovician mass extinction: phylogenetic and field-based approaches",University of Oklahoma Norman Campus
2346401,2024-07-16,549917,Standard Grant,"Collaborative Research: Biogeography, turnover, and evolutionary dynamics of the Late Ordovician mass extinction: phylogenetic and field-based approaches",American Museum Natural History
2348665,2024-07-16,409681,Standard Grant,Collaborative Research: GLOW: CSEDI: Compositional controls on shear localization and the development of plate tectonics on Earth and rocky planets,Pennsylvania State Univ University Park
2348666,2024-07-16,378188,Standard Grant,Collaborative Research: GLOW: CSEDI: Compositional controls on shear localization and the development of plate tectonics on Earth and rocky planets,Washington University
2425127,2024-07-16,554535,Standard Grant,Constraining exhumation and erosion along Lake Tanganyika to assess landscape evolution in rifts,University of Oklahoma Norman Campus
2404972,2024-07-17,293045,Continuing Grant,EAGER: Vibrational Electron Energy Loss Spectroscopy - A New Nanometer Probe for Planetary Materials and Volatiles,Arizona State University
2412673,2024-07-17,198334,Standard Grant,"Backtracking non-Fickian reactive transport in aquifers: Theory, predictability, and application",University of Alabama Tuscaloosa
2422504,2024-07-17,486338,Standard Grant,Collaborative Research: What Controls the Mobility of the Heat Producing Elements in Continental Crust?,Pennsylvania State Univ University Park
2422505,2024-07-17,98863,Standard Grant,Collaborative Research: What Controls the Mobility of the Heat Producing Elements in Continental Crust?,Columbia University
2422775,2024-07-17,185478,Standard Grant,Collaborative Research: Evaluating tectonic models for the western US Cordillera through the metamorphic history of the Pelona-Orocopia-Rand schists,Northern Illinois University
2422776,2024-07-17,96097,Standard Grant,Collaborative Research: Evaluating tectonic models for the western US Cordillera through the metamorphic history of the Pelona-Orocopia-Rand schists,Occidental College
2422777,2024-07-17,164486,Standard Grant,Collaborative Research: Evaluating tectonic models for the western US Cordillera through the metamorphic history of the Pelona-Orocopia-Rand schists,University of Alabama Tuscaloosa
2336475,2024-07-18,494982,Standard Grant,"Collaborative Research: A multidisciplinary reexamination of the precursory activity for an archetype M7 eruption, Mount Mazama, Oregon",University of Oregon Eugene
2336476,2024-07-18,276237,Standard Grant,"Collaborative Research: A multidisciplinary reexamination of the precursory activity for an archetype M7 eruption, Mount Mazama, Oregon",Oregon State University
2345568,2024-07-18,370747,Standard Grant,Collaborative Research: Linking Microbial Communities and Iron Geochemistry to Improve Acid Mine Drainage Bioremediation,University of California-Davis
2345569,2024-07-18,88211,Standard Grant,Collaborative Research: Linking Microbial Communities and Iron Geochemistry to Improve Acid Mine Drainage Bioremediation,University of Minnesota-Twin Cities
2403640,2024-07-18,180000,Fellowship Award,Postdoctoral Fellowship: EAR-PF: A multiscalar examination of freshwater fish extinction and recovery across the Cretaceous/Paleogene boundary,"Wilson, Jacob Dean"
2403687,2024-07-18,180000,Fellowship Award,Postdoctoral Fellowship: EAR-PF: Slow earthquakes in continental transform faults - Rheology and architecture of the brittle-ductile transition zone,"Levy, Drew"
2406115,2024-07-18,315794,Standard Grant,Merging Particle Physics and Earth Science to develop a new tool to constrain the physical and chemical properties of LLSVPs,Regents of the University of Idaho
2409004,2024-07-18,148707,Standard Grant,EMBRACE-EAR-Seed: Meltwater and Suspended Sediment in a Glaciated Volcanic Watershed,University of Washington
2417524,2024-07-18,398707,Standard Grant,Collaborative Research: Testing Models for Fluvial Response to Eocene Terrane Collision in Western Oregon Using Integrated Tectono-Stratigraphy and Detrital Provenance Analysis,University of Oregon Eugene
2417525,2024-07-18,415880,Standard Grant,Collaborative Research: Testing Models for Fluvial Response to Eocene Terrane Collision in Western Oregon Using Integrated Tectono-Stratigraphy and Detrital Provenance Analysis,Oregon State University
2418081,2024-07-18,266168,Standard Grant,Collaborative Research: Paleoclimatic and tectonic forcing on Neogene sedimentation changes in the Beaufort-Mackenzie Basin,University of South Carolina at Columbia
2418082,2024-07-18,262380,Standard Grant,Collaborative Research: Paleoclimatic and tectonic forcing on Neogene sedimentation changes in the Beaufort-Mackenzie Basin,Clemson University
2424997,2024-07-18,829191,Standard Grant,Disentangling wildfire effects on the water cycle across wet mountain watersheds with varying subsurface storage,Oregon State University
2346078,2024-07-19,301807,Continuing Grant,Collaborative Research: A seismic investigation of slow slip and fault locking along the Alaska-Aleutian subduction zone,University of Wisconsin-Madison
2346079,2024-07-19,248835,Continuing Grant,Collaborative Research: A seismic investigation of slow slip and fault locking along the Alaska-Aleutian subduction zone,University of Washington
2346610,2024-07-19,451225,Standard Grant,Collaborative Research: GEO-CM Critical Mineral Provenance of Southeastern U.S. Clastic Systems - Focus on Detrital Monazite,University of Kentucky Research Foundation
2346611,2024-07-19,147775,Standard Grant,Collaborative Research: GEO-CM Critical Mineral Provenance of Southeastern U.S. Clastic Systems - Focus on Detrital Monazite,Syracuse University
2401621,2024-07-19,400207,Continuing Grant,Multiphysics and Coupled Micromechanics of Fault Zones,Colorado School of Mines
2403581,2024-07-19,180000,Fellowship Award,Postdoctoral Fellowship: EAR-PF: How does woody plant encroachment alter soil hydrological processes in savanna ecosystems?,"Keen, Rachel M"
2403639,2024-07-19,180000,Fellowship Award,"Postdoctoral Fellowship: EAR-PF: Investigating magma storage and ascent through space and time at the Potrillo Volcanic Field, New Mexico","Kim, Jisoo"
2333879,2024-07-22,400000,Continuing Grant,Hydrated Silica in the Deep Mantle,University of Texas at Austin
2335178,2024-07-22,625065,Standard Grant,"Physiological interrogation of ammonia oxidation by metal limitation, through the lens of stable isotope dynamics",Woods Hole Oceanographic Institution
2338197,2024-07-22,618108,Continuing Grant,CAREER: Unraveling spatiotemporal deformation patterns in the Basin and Range and Walker Lane provinces: Combining geochronology methods and scaffolded peer-peer student mentoring,California State University-Long Beach Foundation
2344420,2024-07-22,375718,Continuing Grant,NSF-BSF: Earthquake temporal occurrence variability (clustering) observed in the longest detailed paleoseismic record: climatic modulation on the tectonic signal,Florida International University
2401015,2024-07-22,415782,Standard Grant,NSF/GEO-NERC: Unlocking New Horizons - How Feeding Morphology and Performance Impacts Adaptive Expansion in Deep Time,Baylor University
2402362,2024-07-22,162339,Standard Grant,Collaborative Research: Developing a 500 kyr speleothem growth history near the southern Laurentide Ice Sheet margin in New York State,Boston College
2402363,2024-07-22,129726,Standard Grant,Collaborative Research: Developing a 500 kyr speleothem growth history near the southern Laurentide Ice Sheet margin in New York State,Massachusetts Institute of Technology
2402464,2024-07-22,395871,Standard Grant,Collaborative Research: PYRITE OXIDATION AND THE ENSUING TRIPLE O ISOTOPE COMPOSITION OF SULFATE,Harvard University
2402465,2024-07-22,321593,Standard Grant,Collaborative Research: PYRITE OXIDATION AND THE ENSUING TRIPLE O ISOTOPE COMPOSITION OF SULFATE,Montana State University
2402487,2024-07-22,425988,Standard Grant,"Holocene Precipitation and Snowpack Reconstruction of the South-Central Sierra Nevada from Integrated Shoreline, Glacial, and Watershed-Lake Hydrologic Modeling","Nevada System of Higher Education, Desert Research Institute"
2409498,2024-07-22,198248,Standard Grant,EMBRACE-EAR-Seed: Magmatic Evolution and Timing of the Independence Dike Swarm,Pomona College
2409505,2024-07-22,171824,Standard Grant,EMBRACE-EAR-Seed: Transformative research experiences in earthquake science,San Jose State University Foundation
2422397,2024-07-22,398525,Standard Grant,A data-driven approach to uncover the response of evaporation and transpiration to changes in hydrometeorology across the United States,University of Wisconsin-Madison
2422517,2024-07-22,578106,Standard Grant,"Emplacement and welding of large-volume, widespread ignimbrite: Peach Spring Tuff in Arizona",SUNY at Buffalo
2338135,2024-07-24,884094,Continuing Grant,CAREER: Quantifying tectonic and biologic controls on erosion using detrital thermochronology,Indiana University
2420591,2024-07-24,174786,Standard Grant,"RUI: Using in situ zircon geochronology and geochemistry to test models for arc magma evolution and emplacement, Tuolumne Intrusive Suite, Sierra Nevada, California",California Polytechnic State University Foundation
2422824,2024-07-24,454564,Standard Grant,"The biogeochemical signature of geogenic, redox-sensitive thallium",Indiana University
2423091,2024-07-24,700000,Standard Grant,Hydrologic process inference in large-scale models under human impacts,Cornell University
2401849,2024-07-25,219167,Standard Grant,"Lag-time thermochronology as a possible proxy for changes in erosion rates over the Paleocene-Eocene Thermal Maximum, Tremp-Graus Basin, Spain",University of Oklahoma Norman Campus
2407963,2024-07-25,180267,Standard Grant,EMBRACE-EAR-Seed: The impact of climate change on karst groundwater resources with deep learning approach,Sam Houston State University
2422308,2024-07-25,427296,Standard Grant,Impact of Permeability Heterogeneity on Solute Dispersion in Unsaturated Porous Media,Stevens Institute of Technology
2323366,2024-07-26,209493,Standard Grant,"EA: Acquisition of a Triple Quadrupole ICP-MS at the Department of Earth and Environmental Sciences, Syracuse University",Syracuse University
2327757,2024-07-26,439728,Standard Grant,GEO-CM: The enrichment of critical metals in porphyry Cu deposits: a high-resolution mineral-scale approach to assess temporal and spatial variation in ore forming processes,University of Nevada Las Vegas
2343233,2024-07-26,227954,Standard Grant,Collaborative Research: Time-dependent imaging of earthquake cycle behavior across the Japan fault system,Harvard University
2343234,2024-07-26,128052,Standard Grant,Collaborative Research: Time-dependent imaging of earthquake cycle behavior across the Japan fault system,Smith College
2419986,2024-07-26,342692,Standard Grant,GOALI: Development of a breakthrough exploration method to explore for Cu-Ni-sulfide mineral deposits in the United States,Regents of the University of Michigan - Ann Arbor
2421038,2024-07-26,399601,Standard Grant,NSF-BSF: Laboratory seismograms that provide insight into seismological observables,University of California-Santa Cruz
2421936,2024-07-26,99500,Standard Grant,Collaborative Research: Dynamic Compression of Iron-Sulfur Alloys at the Earth's Core Conditions,Arizona State University
2421937,2024-07-26,191614,Standard Grant,Collaborative Research: Dynamic Compression of Iron-Sulfur Alloys at the Earth's Core Conditions,University of South Florida
2421938,2024-07-26,199998,Standard Grant,Collaborative Research: Dynamic Compression of Iron-Sulfur Alloys at the Earth's Core Conditions,Carnegie Institution of Washington
2422971,2024-07-26,374308,Standard Grant,The Chronicles of Okmok Volcano: Integrating Diffusion Timescales with Monitoring Data to Reveal the Pre-Eruptive Processes Behind a Wide Range of Eruption Styles,Montana State University
2423102,2024-07-26,495196,Standard Grant,The Origin of a Cascade Arc Volcano as Told by Crystal Cargo,Central Washington University
2427354,2024-07-26,466599,Standard Grant,Are beaver dam analogs all they're stacked up to be for hydrologic and ecosystem improvement?,Washington State University
2345545,2024-07-27,414090,Continuing Grant,Collaborative Research: Thin Film Insights into Phase Transformations and Deep-Focus Earthquakes,Michigan State University
2345546,2024-07-27,92999,Standard Grant,Collaborative Research: Thin Film Insights into Phase Transformations and Deep-Focus Earthquakes,University of Hawaii
2345547,2024-07-27,92910,Standard Grant,Collaborative Research: Thin Film Insights into Phase Transformations and Deep-Focus Earthquakes,Regents of the University of Michigan - Ann Arbor
2348119,2024-07-27,302361,Standard Grant,Collaborative Research: Driving forces at the top of the world: Characterizing the kinematics and dynamics of the eastern Eurasian and western North American Arctic,Purdue University
2348120,2024-07-27,136771,Standard Grant,Collaborative Research: Driving forces at the top of the world: Characterizing the kinematics and dynamics of the eastern Eurasian and western North American Arctic,Michigan State University
2348823,2024-07-27,276999,Standard Grant,Collaborative Research: Searching for the Origin of ULVZs beneath Antarctica,University of Alabama Tuscaloosa
2348824,2024-07-27,560319,Standard Grant,Collaborative Research: Searching for the Origin of ULVZs beneath Antarctica,Arizona State University
2402608,2024-07-27,556655,Standard Grant,Collaborative Research: Resolving past fire-climate relationships to understand future fire potential in the eastern United States,Auburn University
2402609,2024-07-27,270278,Standard Grant,Collaborative Research: Resolving past fire-climate relationships to understand future fire potential in the eastern United States,University of Rhode Island
2402610,2024-07-27,201625,Standard Grant,Collaborative Research: Resolving past fire-climate relationships to understand future fire potential in the eastern United States,Bates College
2403614,2024-07-27,180000,Fellowship Award,Postdoctoral Fellowship: EAR-PF: Global Rare Earth Element Cycles: Constraining Fluxes Through Subducting Systems,"Connop, Charlotte H"
2407975,2024-07-27,694863,Standard Grant,GLOW: Following the Phosphorus: Constraining the Location of Habitable Worlds through an Astronomical and Petrological Lens,University of Texas at Austin
2418803,2024-07-27,399282,Standard Grant,Collaborative Research: Examining the paleo-thermal structure of the Alpine subduction interface with an integrated petrochronology and geodynamic modeling approach,University of South Carolina at Columbia
2418804,2024-07-27,362349,Standard Grant,Collaborative Research: Examining the paleo-thermal structure of the Alpine subduction interface with an integrated petrochronology and geodynamic modeling approach,University of Miami
2419504,2024-07-27,499286,Standard Grant,NSFGEO-NERC Collaborative Research: Paleogeodesy at The Alaska-Aleutian Subduction Zone -- Reconstructing Earthquake Deformation and Rupture Boundaries in Time and Space,Virginia Polytechnic Institute and State University
2422780,2024-07-27,372598,Standard Grant,MCA: Incorporating Stream Biogeochemistry into Carbon Assessment of Enhanced Rock Weathering: A Machine Learning and Dynamic River Network Modelling Approach,University of Washington
2336144,2024-07-29,425000,Continuing Grant,How do faults respond to rapid stressing rate changes?: A study of induced earthquakes in geo-reservoirs,University of Memphis
2403575,2024-07-29,180000,Fellowship Award,Postdoctoral Fellowship: EAR-PF: Influx and transport of mantle derived magma in the Hawaii volcanic system,"Daly, Kiara Andrea"
2405608,2024-07-29,1100000,Standard Grant,MRI Track 1: Acquisition of a next-generation electron probe micro-analyzer (EPMA) for interdisciplinary cutting-edge science,University of Nevada Las Vegas
2410799,2024-07-29,2091399,Continuing Grant,Collaborative Research: Sustained Resources: OpenTopography - An AI-ready Cyberinfrastructure Facility for Advancing Our Understanding of a Changing Earth,University of California-San Diego
2410800,2024-07-29,602223,Continuing Grant,Collaborative Research: Sustained Resources: OpenTopography - An AI-ready Cyberinfrastructure Facility for Advancing Our Understanding of a Changing Earth,Arizona State University
2410801,2024-07-29,1486777,Continuing Grant,Collaborative Research: Sustained Resources: OpenTopography - An AI-ready Cyberinfrastructure Facility for Advancing Our Understanding of a Changing Earth,EARTHSCOPE CONSORTIUM INC.
2423295,2024-07-29,249742,Standard Grant,ORE-CZ: Modeling impacts of salt stress on coupled carbon and water dynamics in dryland critical zones,Portland State University
2407432,2024-07-30,241000,Standard Grant,MRI Track 1: Acquisition of a Picarro Water Isotope Analyzer for Interdisciplinary Research at GVSU,Grand Valley State University
2410961,2024-07-30,1054276,Standard Grant,Collaborative Research: Sustained Resources: Neotoma: Advancing Earth Science via Growth of Well-Curated Open Paleodata,University of Wisconsin-Madison
2410962,2024-07-30,108236,Standard Grant,Collaborative Research: Sustained Resources: Neotoma: Advancing Earth Science via Growth of Well-Curated Open Paleodata,Pennsylvania State Univ University Park
2410963,2024-07-30,28985,Standard Grant,Collaborative Research: Sustained Resources: Neotoma: Advancing Earth Science via Growth of Well-Curated Open Paleodata,Lehigh University
2410964,2024-07-30,192942,Standard Grant,Collaborative Research: Sustained Resources: Neotoma: Advancing Earth Science via Growth of Well-Curated Open Paleodata,Academy of Natural Sciences Philadelphia
2410965,2024-07-30,132400,Continuing Grant,Collaborative Research: Sustained Resources: Neotoma: Advancing Earth Science via Growth of Well-Curated Open Paleodata,University of California - Merced
2410966,2024-07-30,23176,Continuing Grant,Collaborative Research: Sustained Resources: Neotoma: Advancing Earth Science via Growth of Well-Curated Open Paleodata,University of Oregon Eugene
2410967,2024-07-30,48236,Continuing Grant,Collaborative Research: Sustained Resources: Neotoma: Advancing Earth Science via Growth of Well-Curated Open Paleodata,University of Georgia Research Foundation Inc
2423054,2024-07-30,249850,Standard Grant,ORE-CZ: Providing opportunities and building systems of support for postdoctoral research to reveal hydrologic flow in the deep critical zone,Rutgers University Newark
2423066,2024-07-30,249993,Standard Grant,ORE-CZ: Anthropogenic alteration of the urban Critical Zone and the effects upon solute chemistry in urban streams,"Georgia State University Research Foundation, Inc."
2423275,2024-07-30,249810,Standard Grant,"ORE-CZ: The influence of drought, heat waves, and critical zone architecture on water and carbon cycling dynamics of forested dryland agro-ecosystems",University of Texas at El Paso
2444043,2024-07-30,49999,Standard Grant,RAPID: Assessing the Morphologic Impacts of Sequential Tropical Cyclones on Texas Barrier Islands,Boston College
2316996,2024-07-31,260334,Standard Grant,EA: Acquisition of a Fourier Transform Infrared Imaging Microscope,University of South Florida
2403862,2024-07-31,381275,Standard Grant,"Collaborative Research: Tracking changes in Bhutan's glacial geomorphology, hydrology, and dynamics using geophysics",University of Texas at El Paso
2403863,2024-07-31,289796,Standard Grant,"Collaborative Research: Tracking changes in Bhutan's glacial geomorphology, hydrology, and dynamics using geophysics",University of Washington
2419373,2024-07-31,438714,Continuing Grant,Characterizing seismic radiation from finite earthquake sources and links to fault physics,University of California-Santa Cruz
2420431,2024-07-31,343807,Standard Grant,Testing the record of Laramide basin partitioning in the western United States through quantitative fluvial stratigraphy,New Mexico Institute of Mining and Technology
2331029,2024-08-01,599137,Continuing Grant,ITD: Development of a laser (TILDAS) system for simultaneous and rapid measurement of clumped and triple-oxygen isotopes in carbonates,University of Arizona
2335466,2024-08-01,399342,Standard Grant,Unraveling subsidence and heat flow in poly-phase tectonic basins,North Carolina State University
2341540,2024-08-01,386805,Standard Grant,Collaborative Research: a multi-proxy approach to discrimination of marine and terrestrial sediments in coastal wetlands,Louisiana State University
2341541,2024-08-01,109866,Standard Grant,Collaborative Research: a multi-proxy approach to discrimination of marine and terrestrial sediments in coastal wetlands,University of North Texas
2341652,2024-08-01,369810,Standard Grant,Collaborative Research: GEO-CM: Rare earth element and yttrium extraction by biotic and abiotic hydrous manganese oxides associated with acidic mine drainage,University of Pittsburgh
2341653,2024-08-01,180189,Standard Grant,Collaborative Research: GEO-CM: Rare earth element and yttrium extraction by biotic and abiotic hydrous manganese oxides associated with acidic mine drainage,Washington and Lee University
2406887,2024-08-01,975000,Standard Grant,MRI Track 1: Acquisition of a Multi-Collector Inductively Coupled Plasma Mass Spectrometer at the University of Utah,University of Utah
2409304,2024-08-01,199999,Standard Grant,EMBRACE-EAR-SEED: CORE: Creating Opportunities to Read Environments: Weaving Western GEOScience with Indigenous Knowledge through Lake Cores,College of the Menominee Nation
2409509,2024-08-01,399984,Standard Grant,EMBRACE-EAR-Growth: Coupling In-situ Probing and Modeling Moisture-Related Soil Carbon and Nitrogen Cycling and Transport,University of Wisconsin-River Falls
2420543,2024-08-02,1639288,Continuing Grant,Collaborative Research: Bridging geoscience and engineering to interrogate seismic cycle processes in the earthquake critical zone,Utah State University
2420544,2024-08-02,459256,Continuing Grant,Collaborative Research: Bridging geoscience and engineering to interrogate seismic cycle processes in the earthquake critical zone,Brown University
2420545,2024-08-02,190022,Continuing Grant,Collaborative Research: Bridging geoscience and engineering to interrogate seismic cycle processes in the earthquake critical zone,CSU Fullerton Auxiliary Services Corporation
2344496,2024-08-03,553382,Standard Grant,"Towards constraining the source and fate of volcanically sourced mercury along the Aleutian-Alaska Arc, with implications for a revised global volcanic mercury budget",University of Alaska Fairbanks Campus
2402100,2024-08-03,349971,Standard Grant,Pliocene-Pleistocene hydroclimate in northern South America as an analogue for future rainfall regimes in the 21st century,Brown University
2408748,2024-08-03,1099952,Standard Grant,"MRI Track 1: Acquisition of a Replacement Multicollector ICP-MS for Enhanced Research in Geology, Archeology, and Paleobiology",University of Arkansas
2409210,2024-08-03,444594,Standard Grant,"Parasitism and mass extinction: How did parasite prevalence, abundance, body size and host growth and longevity respond to the Pliocene-Pleistocene molluscan host turnover?",University of Missouri-Columbia
2422684,2024-08-03,399843,Standard Grant,Collaborative Research: Field studies of the transformation of soil minerals in estuarine wetlands,Rutgers University Newark
2422685,2024-08-03,151952,Standard Grant,Collaborative Research: Field studies of the transformation of soil minerals in estuarine wetlands,Temple University
2423003,2024-08-03,250000,Standard Grant,ORE-CZ: Fresh Solutions to Salty Struggles: Unraveling Processes of Saltwater Intrusion and Soil Salinization in the Coastal Critical Zone,East Carolina University
2339296,2024-08-04,496003,Continuing Grant,CAREER: Shallow geophysics of fault creep: linking slip and surface deformation on the San Andreas fault,"The University Corporation, Northridge"
2413788,2024-08-04,451412,Standard Grant,"Loops in Coastal Channel Networks: a theoretical, experimental, and field-based investigation of their morphodynamic stability",University of Arkansas
2419296,2024-08-04,499709,Standard Grant,Collaborative Research: Linking fold-thrust belt activity to foreland basin response in the Canadian Cordillera,University of Oklahoma Norman Campus
2419297,2024-08-04,97200,Standard Grant,Collaborative Research: Linking fold-thrust belt activity to foreland basin response in the Canadian Cordillera,University of Tennessee Knoxville
2435793,2024-08-04,45000,Standard Grant,Conference: Eclogites in space and time - bridging the micro to planetary scales,Central Washington University
2409324,2024-08-05,399662,Standard Grant,EMBRACE-EAR-Growth: Terrestrial geothermal features as a modern analog for Archaean ammonia flux: Research Experience to Enhance Geoscience Retention at an MSI,Texas A&M University Corpus Christi
2414178,2024-08-05,975027,Continuing Grant,CFS (Track III): Partial Support of the International Seismological Centre,University of Oxford
2342367,2024-08-07,256728,Continuing Grant,"RUI: Modeling the Earthquake Dynamics of Complex Thrust Fault Systems, with Application to the Western Transverse Ranges, California","The University Corporation, Northridge"
2418708,2024-08-07,360228,Continuing Grant,"Collaborative Research: Investigating Links Between Earthquake Swarms, Aseismic Processes, and Fault Zone Heterogeneity in Volcanic and Geothermal Areas",University of Oklahoma Norman Campus
2418709,2024-08-07,334854,Continuing Grant,"Collaborative Research: Investigating Links Between Earthquake Swarms, Aseismic Processes, and Fault Zone Heterogeneity in Volcanic and Geothermal Areas",Texas A&M University
2424657,2024-08-07,197126,Continuing Grant,Collaborative Research: Relationships between seismic and petrological Moho and implications for lithospheric processes,University of Colorado at Boulder
2424658,2024-08-07,107128,Standard Grant,Collaborative Research: Relationships between seismic and petrological Moho and implications for lithospheric processes,SUNY at Stony Brook
2424999,2024-08-09,329272,Standard Grant,Collaborative Research: Uncovering the Role of Stemflow in the Cycling of Water and Solutes in Coastal Forests under Stress from Sea Level Rise,University of Delaware
2425000,2024-08-09,201253,Standard Grant,Collaborative Research: Uncovering the Role of Stemflow in the Cycling of Water and Solutes in Coastal Forests under Stress from Sea Level Rise,Pennsylvania State Univ University Park
2425001,2024-08-09,177644,Standard Grant,Collaborative Research: Uncovering the Role of Stemflow in the Cycling of Water and Solutes in Coastal Forests under Stress from Sea Level Rise,George Washington University
2439622,2024-08-09,17957,Standard Grant,"Collaborative Research: RAPID: Quantifying the fluvial geomorphic response of the Blue Earth River to a catastrophic avulsive dam failure, Rapidan Dam, Minnesota",University of Wisconsin-Eau Claire
2439623,2024-08-09,5036,Standard Grant,"Collaborative Research: RAPID: Quantifying the fluvial geomorphic response of the Blue Earth River to a catastrophic avulsive dam failure, Rapidan Dam, Minnesota",University of Minnesota-Twin Cities
2439624,2024-08-09,26558,Standard Grant,"Collaborative Research: RAPID: Quantifying the fluvial geomorphic response of the Blue Earth River to a catastrophic avulsive dam failure, Rapidan Dam, Minnesota","Minnesota State University, Mankato"
2444709,2024-08-09,303508,Continuing Grant,Collaborative Research: Ice Forcing in Arc Magma Plumbing Systems,Lehigh University
2409364,2024-08-12,200000,Standard Grant,EMBRACE-EAR-Seed: A synoptic survey of springs in the Driftless Area to identify spatial patterns in groundwater quality,Carleton College
2411065,2024-08-12,599801,Standard Grant,Innovative Resources: Cyberinfrastructure and community to leverage ground-based imagery in ecohydrological studies,University of Nebraska-Lincoln
2411331,2024-08-12,429750,Standard Grant,Collaborative Research: Sustained Resources: Prototyping a Framework for FAIR Data Communities: The Tephra Information Portal (TIP),Concord University
2411332,2024-08-12,61850,Standard Grant,Collaborative Research: Sustained Resources: Prototyping a Framework for FAIR Data Communities: The Tephra Information Portal (TIP),University of Maine
2411333,2024-08-12,623273,Standard Grant,Collaborative Research: Sustained Resources: Prototyping a Framework for FAIR Data Communities: The Tephra Information Portal (TIP),Columbia University
2414025,2024-08-12,427699,Standard Grant,"Tracing the origins of fertile magma formation in the porphyry copper systems of Sonora, Mexico",University of Illinois at Chicago
2415948,2024-08-12,303790,Continuing Grant,"Collaborative Research: Characterizing Spatial and Temporal Variations of Volcanic Rift Zones on Basaltic Shield Volcanoes: A Seismological Study at Kilauea and Mauna Loa, Hawaii",University of Rhode Island
2415949,2024-08-12,326134,Continuing Grant,"Collaborative Research: Characterizing Spatial and Temporal Variations of Volcanic Rift Zones on Basaltic Shield Volcanoes: A Seismological Study at Kilauea and Mauna Loa, Hawaii",University of Utah
2420482,2024-08-12,1128169,Continuing Grant,Collaborative Research: How much and why did Ice Sheets melt during the Last Interglacial (HISEAS),Columbia University
2420483,2024-08-12,868133,Continuing Grant,Collaborative Research: How much and why did Ice Sheets melt during the Last Interglacial (HISEAS),University of Alaska Fairbanks Campus
2420484,2024-08-12,292040,Continuing Grant,Collaborative Research: How much and why did Ice Sheets melt during the Last Interglacial (HISEAS),University of Florida
2422838,2024-08-12,372195,Standard Grant,Collaborative Research: Harnessing a high-resolution fossil record and novel (AI) workflows to study the effects of climate change on mammalian functional diversity,University of Colorado at Denver
2422839,2024-08-12,419234,Standard Grant,Collaborative Research: Harnessing a high-resolution fossil record and novel (AI) workflows to study the effects of climate change on mammalian functional diversity,University of Florida
2422840,2024-08-12,205877,Standard Grant,Collaborative Research: Harnessing a high-resolution fossil record and novel (AI) workflows to study the effects of climate change on mammalian functional diversity,SUNY at Stony Brook
2424218,2024-08-12,699508,Standard Grant,"Collaborative Research: Geomorphic controls on sediment age, ice preservation, and carbon storage in arctic permafrost systems",Montana State University
2424219,2024-08-12,156671,Standard Grant,"Collaborative Research: Geomorphic controls on sediment age, ice preservation, and carbon storage in arctic permafrost systems",University of Alaska Fairbanks Campus
2438017,2024-08-12,609734,Continuing Grant,CAREER: Dynamic connectivity: a research and educational frontier for sustainable environmental management under climate and land use uncertainty,Virginia Polytechnic Institute and State University
2336081,2024-08-13,346273,Standard Grant,Collaborative Research: How do accretionary sutures evolve into Cordilleran strike-slip faults?,University of Alaska Fairbanks Campus
2336082,2024-08-13,291843,Standard Grant,Collaborative Research: How do accretionary sutures evolve into Cordilleran strike-slip faults?,South Dakota School of Mines and Technology
2336083,2024-08-13,195590,Standard Grant,Collaborative Research: How do accretionary sutures evolve into Cordilleran strike-slip faults?,Western Washington University
2348808,2024-08-13,429298,Standard Grant,Collaborative Research: Integrated Late Devonian Earth evolution: Diverse perspectives on ocean-climate-biosphere interaction from Laurentia and Gondwana,George Mason University
2348809,2024-08-13,231421,Standard Grant,Collaborative Research: Integrated Late Devonian Earth evolution: Diverse perspectives on ocean-climate-biosphere interaction from Laurentia and Gondwana,Texas A&M University
2348810,2024-08-13,99923,Standard Grant,Collaborative Research: Integrated Late Devonian Earth evolution: Diverse perspectives on ocean-climate-biosphere interaction from Laurentia and Gondwana,"University of Maryland, College Park"
2348811,2024-08-13,104601,Standard Grant,Collaborative Research: Integrated Late Devonian Earth evolution: Diverse perspectives on ocean-climate-biosphere interaction from Laurentia and Gondwana,SUNY College at Geneseo
2407176,2024-08-13,281419,Standard Grant,Collaborative Research: Generalizing Drag Estimation for Rigid and Flexible Vegetation Canopies to Quantify Environmental Processes,University of Illinois at Urbana-Champaign
2407177,2024-08-13,213511,Standard Grant,Collaborative Research: Generalizing Drag Estimation for Rigid and Flexible Vegetation Canopies to Quantify Environmental Processes,University of Iowa
2410731,2024-08-13,93568,Standard Grant,Innovative Resources: A Pilot Program Facilitating Access to Unpublished XAS Data for Earth Sciences,SUNY at Stony Brook
2411214,2024-08-13,599999,Standard Grant,Innovative Resources: MorFa3D: A Platform for Reconstructing 3D Morphology of Foraminifera from 2D Images,North Carolina State University
2438339,2024-08-13,589134,Continuing Grant,CAREER: Fluid-driven Deformation in Underground Salt Caverns and Wastewater Injection Sites,University of Arizona
2335771,2024-08-14,185953,Standard Grant,Collaborative Research: RUI: Leveraging isotopic compositions of igneous systems to resolve the geometry and distribution of subducted sediment in the southern U.S. Cordillera,University of Texas at El Paso
2335772,2024-08-14,156324,Standard Grant,Collaborative Research: RUI: Leveraging isotopic compositions of igneous systems to resolve the geometry and distribution of subducted sediment in the southern U.S. Cordillera,Occidental College
2407739,2024-08-14,1300000,Continuing Grant,Equipment: MRI: Track 1 Acquisition of a MetalJet X-ray Microdiffraction System,Carnegie Institution of Washington
2407745,2024-08-14,346257,Standard Grant,"Equipment: MRI Track 1 Acquisition of an X-ray Microdiffraction System to Identify Crystalline Materials for Education, Research, and Museum Conservation",American Museum Natural History
2409164,2024-08-14,344888,Standard Grant,Collaborative Research: Understanding the trapping of microplastic particles in riverbeds with synergistic pore resolving simulations and continuum modeling,Arizona State University
2409165,2024-08-14,299999,Standard Grant,Collaborative Research: Understanding the trapping of microplastic particles in riverbeds with synergistic pore resolving simulations and continuum modeling,Iowa State University
2420260,2024-08-14,692580,Continuing Grant,Collaborative Research: Testing the Impact of Land Plants on the Earth System,Stanford University
2420261,2024-08-14,1173239,Continuing Grant,Collaborative Research: Testing the Impact of Land Plants on the Earth System,Yale University
2420262,2024-08-14,422309,Continuing Grant,Collaborative Research: Testing the Impact of Land Plants on the Earth System,University of California-Riverside
2333104,2024-08-15,304910,Standard Grant,Collaborative Research: Development of topography in the northern Sierra Nevada: Reconciling differences in uplift history and causes through multi-source thermochronologic data,Regents of the University of Idaho
2333105,2024-08-15,386491,Standard Grant,Collaborative Research: Development of topography in the northern Sierra Nevada: Reconciling differences in uplift history and causes through multi-source thermochronologic data,University of Colorado at Boulder
2333106,2024-08-15,190957,Standard Grant,Collaborative Research: Development of topography in the northern Sierra Nevada: Reconciling differences in uplift history and causes through multi-source thermochronologic data,"The University Corporation, Northridge"
2435273,2024-08-15,6983,Standard Grant,Collaborative Research: Conference: GA6 Geosciences and Environmental Justice for Indigenous Communities,Duke University
2435274,2024-08-15,93016,Standard Grant,Collaborative Research: Conference: GA6 Geosciences and Environmental Justice for Indigenous Communities,University of Notre Dame
2445472,2024-08-15,154759,Standard Grant,"Collaborative Research: Resolving thin-skinned and basement-involved deformation within a seismically active broken foreland region, San Juan, Argentina",University of Tennessee Knoxville
2408829,2024-08-17,1569800,Continuing Grant,MRI: Track 2 Acquisition of Modern Field Emission Electron Microprobe for current research and workforce development,New Mexico Institute of Mining and Technology
2342150,2024-08-19,457129,Continuing Grant,Collaborative Research: Is it MASH or MUSH? Testing Conflicting Models for Magma Diversification and Mobilization in Lower-Arc Crust,"The University Corporation, Northridge"
2342151,2024-08-19,385643,Standard Grant,Collaborative Research: Is it MASH or MUSH? Testing Conflicting Models for Magma Diversification and Mobilization in Lower-Arc Crust,University of Vermont & State Agricultural College
2343864,2024-08-19,330000,Continuing Grant,Collaborative Research: Bridging short and long time scales in global plate tectonics through solver adaptivity,California Institute of Technology
2343865,2024-08-19,280000,Standard Grant,Collaborative Research: Bridging short and long time scales in global plate tectonics through solver adaptivity,Virginia Polytechnic Institute and State University
2343866,2024-08-19,139999,Standard Grant,Collaborative Research: Bridging short and long time scales in global plate tectonics through solver adaptivity,New York University
2404943,2024-08-19,699999,Standard Grant,Equipment: MRI: Track 1 Acquisition of a State-of-the-Art Electron Microprobe for Research and Training,University of Hawaii
2407150,2024-08-19,796573,Continuing Grant,Equipment: MRI Track #1: Acquisition of a state-of-the-art 193nm laser ablation and time-of-flight mass spectrometer system for imaging and abundance measurements.,University of California-San Diego Scripps Inst of Oceanography
2407826,2024-08-19,439805,Standard Grant,Equipment: MRI: Track 1 Acquisition of a FE-SEM and associated detectors at Colgate University,Colgate University
2413944,2024-08-19,576949,Continuing Grant,"Collaborative Research: Modeling and surveying sediment creep under groundwater flow forcing, to predict failure events and long-term evolution in landscapes",Clark University
2413945,2024-08-19,276381,Interagency Agreement,"Collaborative Research: Modeling and surveying sediment creep under groundwater flow forcing, to predict failure events and long-term evolution in landscapes",Naval Postgraduate School
2415979,2024-08-21,405824,Standard Grant,Collaborative Research: How do changes in land cover and climate perturb grassland water and carbon cycles below-ground?,Oregon State University
2415980,2024-08-21,368516,Standard Grant,Collaborative Research: How do changes in land cover and climate perturb grassland water and carbon cycles below-ground?,Kansas State University
2415981,2024-08-21,332550,Standard Grant,Collaborative Research: How do changes in land cover and climate perturb grassland water and carbon cycles below-ground?,Pennsylvania State Univ University Park
2324629,2024-08-22,1062651,Continuing Grant,Collaborative Research: Center: CFS (Track III) Support for Operation of the National Center for Airborne Laser Mapping (NCALM),University of Houston
2324630,2024-08-22,349989,Continuing Grant,Collaborative Research: Center: CFS (Track III) Support for Operation of the National Center for Airborne Laser Mapping (NCALM),University of California-Berkeley
2347771,2024-08-22,432829,Standard Grant,Collaborative Research: Energetic Controls on Marine Benthic Community Structure in Space and Time,"OHIO STATE UNIVERSITY, THE"
2347772,2024-08-22,212201,Standard Grant,Collaborative Research: Energetic Controls on Marine Benthic Community Structure in Space and Time,University of Alabama Tuscaloosa
2347773,2024-08-22,281310,Standard Grant,Collaborative Research: Energetic Controls on Marine Benthic Community Structure in Space and Time,Smithsonian Institution
2347774,2024-08-22,360460,Standard Grant,Collaborative Research: Energetic Controls on Marine Benthic Community Structure in Space and Time,University of California-Berkeley
2446763,2024-08-25,152276,Standard Grant,Collaborative Research: Calibration of Raman Spectroscopy for calcite saturation state in marine biogenic calcification,Tulane University
2420571,2024-08-28,1617606,Continuing Grant,"Collaborative Research: Exploring the Role of Rapid Cementation, Cohesion, and Pore Fluid Pressure Evolution in the Dynamics of Slow Slip Events",University of Oregon Eugene
2420572,2024-08-28,407886,Continuing Grant,"Collaborative Research: Exploring the Role of Rapid Cementation, Cohesion, and Pore Fluid Pressure Evolution in the Dynamics of Slow Slip Events",William Marsh Rice University
2420820,2024-08-28,371002,Standard Grant,"Collaborative Research: RUI: Resolving the effects of lithospheric foundering on orogenesis: An example from the southern Puna plateau, Argentina",UTAH TECH UNIVERSITY
2420821,2024-08-28,118260,Standard Grant,"Collaborative Research: RUI: Resolving the effects of lithospheric foundering on orogenesis: An example from the southern Puna plateau, Argentina",Purdue University
2420822,2024-08-28,375631,Standard Grant,"Collaborative Research: RUI: Resolving the effects of lithospheric foundering on orogenesis: An example from the southern Puna plateau, Argentina",Georgia Tech Research Corporation
2411458,2024-09-05,425030,Standard Grant,"Collaborative Research: Innovative Resources: Into the ISOVERSE - open-source data tools for efficient, transparent, and reproducible processing of stable isotope data",University of Colorado at Boulder
2411459,2024-09-05,63018,Standard Grant,"Collaborative Research: Innovative Resources: Into the ISOVERSE - open-source data tools for efficient, transparent, and reproducible processing of stable isotope data",University of California-Davis
2411460,2024-09-05,91343,Standard Grant,"Collaborative Research: Innovative Resources: Into the ISOVERSE - open-source data tools for efficient, transparent, and reproducible processing of stable isotope data",University of New Mexico
2449188,2024-09-11,137503,Continuing Grant,Collaborative Research: Quantitative Paleoclimatology of the East African Monsoon,University of Minnesota-Twin Cities
2349407,2024-09-16,358976,Standard Grant,"Collaborative Research: REU Site: Microplastic Sources, Sinks, Transport and Environmental Impact across the Finger Lakes Watershed",Hobart and William Smith Colleges
2349408,2024-09-16,231803,Standard Grant,"Collaborative Research: REU Site: Microplastic Sources, Sinks, Transport and Environmental Impact across the Finger Lakes Watershed",CUNY City College
2500968,2024-11-12,30000,Standard Grant,Collaborative Research: RAPID: Hurricane impacts on hydrogeology and nutrient geochemistry in karstic coastline,Texas A&M University
2500969,2024-11-12,18000,Standard Grant,Collaborative Research: RAPID: Hurricane impacts on hydrogeology and nutrient geochemistry in karstic coastline,Florida Atlantic University
2503213,2024-11-12,546648,Continuing Grant,"CAREER: Investigating the source, transport and deposition of economically important metals in the lower continental crust",University of Texas at Austin
2501466,2024-11-14,37052,Standard Grant,RAPID: Catchment-scale rapid redistribution of carbon and sediment following catastrophic disturbance in Southern Appalachia,University of Tennessee Knoxville
2502836,2024-11-14,49961,Standard Grant,RAPID: Downstream water quality impacts of post-wildfire debris flows,Boise State University
2503682,2024-11-14,74226,Standard Grant,Collaborative Research: RUI: Investigating the role of hillslope processes in modulating topologic change of upland drainage basins.,University of Houston
2501994,2024-11-15,49512,Standard Grant,"RAPID: Collecting post-hurricane Helene sediment samples in the Congaree National Park, South Carolina, to constrain floodplain-wide deposition of sand and mud",University of South Carolina at Columbia
2502654,2024-11-21,14781,Standard Grant,RAPID: Impact of Extreme Weather Events on Biogeochemical Cycling and Microbial Dynamics: Assessing Post-Hurricane Helene Shifts in the Oconee River Watershed,University of Georgia Research Foundation Inc
2407264,2024-11-22,281066,Standard Grant,Isotopic fractionation between gaseous and dissolved Carbon in silicate melts; assessing the C content and d13C signature of Earth's Upper Mantle,Columbia University
2431492,2024-11-22,245805,Standard Grant,"Collaborative Research: Constraining volatile storage in the lower crust - a case study of exhumed rocks from the Talkeetna Arc, Alaska",Williams College
2431493,2024-11-22,435055,Standard Grant,"Collaborative Research: Constraining volatile storage in the lower crust - a case study of exhumed rocks from the Talkeetna Arc, Alaska",Woods Hole Oceanographic Institution
2436722,2024-11-22,376781,Standard Grant,Collaborative Research: Behavior Of Moderately Volatile Elements During Silicate Evaporation,University of California-Los Angeles
2436723,2024-11-22,57177,Standard Grant,Collaborative Research: Behavior Of Moderately Volatile Elements During Silicate Evaporation,Indiana University
2437738,2024-11-22,463475,Standard Grant,Distinguishing mantle source heterogeneity from process-based Ca isotope signatures in ocean island basalts,University of Houston
2505344,2024-11-22,15430,Standard Grant,RAPID: Preserving the geochemical and biological changes in an acid mine drainage reservoir undergoing rapid geochemical change,University of California-Davis
2435649,2024-12-10,49950,Standard Grant,"Conference: COMPLEX SYSTEMS OF SMALL GEOPARTICLES conference will be held from December 14-15, 2024, in Kigali, Rwanda",Regents of the University of Michigan - Ann Arbor
2427328,2024-12-12,465220,Standard Grant,Collaborative Research: A Novel Solution Model for Igneous Biotite: Improving MELTS and the Biotite-Sanidine-Magnetite Thermobarometer/Hygrometer with New Experiments,New Mexico Institute of Mining and Technology
2427329,2024-12-12,62523,Standard Grant,Collaborative Research: A Novel Solution Model for Igneous Biotite: Improving MELTS and the Biotite-Sanidine-Magnetite Thermobarometer/Hygrometer with New Experiments,OFM Research
2427330,2024-12-12,144199,Standard Grant,Collaborative Research: A Novel Solution Model for Igneous Biotite: Improving MELTS and the Biotite-Sanidine-Magnetite Thermobarometer/Hygrometer with New Experiments,University of Colorado at Boulder
2503075,2024-12-16,10430,Standard Grant,Collaborative Research: Rapid: Transformation and mobilization of redox-sensitive metal(loid)s due to the Park Fire,University of South Carolina at Columbia
2503076,2024-12-16,32621,Standard Grant,Collaborative Research: Rapid: Transformation and mobilization of redox-sensitive metal(loid)s due to the Park Fire,Chico State Enterprises
2503077,2024-12-16,9655,Standard Grant,Collaborative Research: Rapid: Transformation and mobilization of redox-sensitive metal(loid)s due to the Park Fire,University of California-Davis
2439752,2024-12-17,592324,Continuing Grant,CAREER: Unraveling the Role of Bivalent Metals on Fungal Manganese Oxide Biomineralization Mechanisms,Oklahoma State University
2512478,2024-12-17,204935,Standard Grant,Equipment: Acquisition of the IRIS instruments FullWaver device for monitoring active landslides in Oklahoma,SUNY at Binghamton
2451637,2024-12-20,44950,Standard Grant,"Conference: AGU Chapman 2025 in Hilo, Hawai'i - Caldera-Rift Volcanoes",University of Hawaii
2508022,2024-12-20,49965,Standard Grant,Conference: 2025 Interior of the Earth Gordon Research Conference and Seminar,Gordon Research Conferences
2425936,2024-12-30,469589,Continuing Grant,"Miocene Geomagnetic Field Behavior and Tectonic Evolution of Iceland:  Absolute Paleointensity, Paleomagnetic, and Geochronological Study of the Vestfirdir Peninsula Lava Flows",Michigan Technological University
2432654,2024-12-30,397498,Standard Grant,EMBRACE-EAR-Growth: Evaluating the scale-dependent impacts of irrigation and water limitations on ecohydrological functioning of urban landscapes,University of Illinois at Springfield
2432698,2024-12-30,397338,Standard Grant,EMBRACE-EAR-Growth: Dating ice retreat and advance along the lobate southern margin of the Laurentide Ice Sheet with terrestrial cosmogenic nuclides,Eastern Michigan University
2432705,2024-12-30,199697,Standard Grant,EMBRACE-EAR-Seed: Quantifying the hydrologic impacts of plant invasions in a peri-urban forest,Chatham College
2432875,2024-12-30,199992,Standard Grant,EMBRACE-EAR-Seed: Redox controls on microbial transformations of tellurium in freshwater sediments,SUNY College of Environmental Science and Forestry
2433476,2024-12-30,524290,Continuing Grant,Beyond Occam: Model Construction and Uncertainty Quantification in Geophysics,University of California-San Diego Scripps Inst of Oceanography
2434648,2024-12-30,397478,Continuing Grant,Collaborative Research: The early Holocene as an analog for the historical geomagnetic field: Investigating dipole moment and field morphology using Arctic paleomagnetic data,Columbia University
2434649,2024-12-30,412283,Continuing Grant,Collaborative Research: The early Holocene as an analog for the historical geomagnetic field: Investigating dipole moment and field morphology using Arctic paleomagnetic data,Oregon State University
2437907,2024-12-30,409306,Standard Grant,Collaborative Research: A Unified Pore Water Pressure-based Paradigm for Quantifying Unfrozen Water in Frozen Soil,Colorado School of Mines
2437908,2024-12-30,456314,Standard Grant,Collaborative Research: A Unified Pore Water Pressure-based Paradigm for Quantifying Unfrozen Water in Frozen Soil,University of Wisconsin-Madison
2437912,2024-12-30,738610,Continuing Grant,CAREER: The role of multiscale fracture-matrix exchange and flow channelization on solute and colloid transport in fractured rock,University of Wisconsin-Madison
2442348,2024-12-30,891220,Continuing Grant,CAREER: Disentangling the effect of land use intensification on soil weathering processes,Texas A&M AgriLife Research
2444522,2024-12-30,347910,Standard Grant,Core formation in a wet magma ocean,Princeton University
2445661,2024-12-30,310635,Standard Grant,Constraining the Architecture and Melt Fraction of Yellowstone's Magmatic System with Short Period Full Waveform Tomography,University of Illinois at Urbana-Champaign
2446432,2024-12-30,377096,Standard Grant,"Collaborative Research: Assessing current and future dust flux from the Northern Great Plains, U.S. with extreme climate variability and insights from the 1930s Dust Bowl drought",University of South Dakota Main Campus
2446433,2024-12-30,185043,Standard Grant,"Collaborative Research: Assessing current and future dust flux from the Northern Great Plains, U.S. with extreme climate variability and insights from the 1930s Dust Bowl drought",University of Utah
2447947,2024-12-30,290925,Standard Grant,Understanding the impacts of managed aquifer recharge on the water balance in intensively managed basins: A hybrid modeling approach,University of Nevada Las Vegas
2440131,2024-12-31,489451,Continuing Grant,CAREER: Linking hydrological processes and landscape form to the riverine thermal regime in the Mid-Atlantic US,Lafayette College
2441838,2024-12-31,644061,Continuing Grant,CAREER: (TIERRA) Tracking Island Evolution and Resilience through Remote Analyses of Atolls,Colby College
2442450,2024-12-31,661976,Continuing Grant,CAREER: Integrating water age and nitrate isotope biogeochemistry to advance knowledge and modeling of watershed nitrogen reactive transport,University of Illinois at Urbana-Champaign
2442772,2024-12-31,874603,Continuing Grant,"CAREER: Coordinated Geochronology: A toolkit for revealing Earth's impact history and a new laboratory ""field"" course paradigm",University of Colorado at Boulder
2514682,2024-12-31,44844,Standard Grant,Travel Support for Early Career Researchers to the  2025 Glacial Isostatic Adjustment Workshop,Michigan State University
2509145,2025-01-03,49897,Standard Grant,"RAPID: Geochemical and microbial response to hydrothermal explosions in Biscuit Basin, Yellowstone National Park",Montana Technological University
2436928,2025-01-07,317289,Standard Grant,Collaborative Research: Investigating the coupling between superelevation and gradient advantage in river avulsions,University of California-Riverside
2436929,2025-01-07,325029,Standard Grant,Collaborative Research: Investigating the coupling between superelevation and gradient advantage in river avulsions,Indiana University
2419989,2025-01-13,483789,Continuing Grant,Collaborative Research: Reconciling the geophysical observations of slow slip and tremor with geologic and rheological constraints,Louisiana State University
2419990,2025-01-13,324374,Continuing Grant,Collaborative Research: Reconciling the geophysical observations of slow slip and tremor with geologic and rheological constraints,University of Washington
2419991,2025-01-13,119597,Continuing Grant,Collaborative Research: Reconciling the geophysical observations of slow slip and tremor with geologic and rheological constraints,Fort Lewis College
2440158,2025-01-14,877087,Continuing Grant,CAREER: Evaluating the Continental Crust as a Key Reservoir of Earth's Nitrogen and Constraining the Nitrogen Abundance of Primitive Arc Magmas,University of Arizona
2437227,2025-01-15,364996,Standard Grant,"NSF GEO-NERC:  Lithospheric architecture mantle, crustal, and sedimentary of the Cape Verde Archipelago provides unique insights into the construction of a hotspot volcano",University of California-Santa Barbara
2438288,2025-01-15,738196,Continuing Grant,CAREER: Defining the Role of Snow in Storing and Transmitting Liquid Water to Generate Streamflow,University of Wyoming
2442046,2025-01-15,848173,Continuing Grant,CAREER: Investigating the Petrological and Geochemical Record of Fluid Migration in the Subduction Interface,University of North Carolina at Chapel Hill
2441428,2025-02-04,947553,Continuing Grant,"CAREER: Toolkit, Innovation, and Natural History of Fossil Ichthyoliths and their Sedimentary History",Woods Hole Oceanographic Institution
2439548,2025-02-10,66771,Standard Grant,"Collaborative Research: Developing Strategies for Effective, Interdisciplinary, and Collaborative Field Geoscience Research with Novice to Expert Teams",Indiana University
2439549,2025-02-10,8171,Standard Grant,"Collaborative Research: Developing Strategies for Effective, Interdisciplinary, and Collaborative Field Geoscience Research with Novice to Expert Teams",Northern Arizona University
2435458,2025-02-11,31384,Standard Grant,"Proposal for a Workshop to Bring Together a Community of Paleontology Journals, Online Article Repositories, and Databases to Chart a FAIR Future for Their Data",University of Kansas Center for Research Inc
2503703,2025-02-12,29795,Standard Grant,"Conference: Interactions of Hydrology, Biology and Geochemistry: Creating Synthesis out of Complexity in Catchment Science",Gordon Research Conferences
2516309,2025-02-12,261540,Standard Grant,EAGER: Measuring 3-phase lava rheology at eruption conditions,University of Texas at San Antonio
2521887,2025-02-12,49951,Standard Grant,Conference: 14th Institute for Rock Magnetism Conference,University of Minnesota-Twin Cities
2411533,2025-02-13,98458,Standard Grant,EA: Replacement of a Powder X-ray Diffractometer for Teaching and Geoscience Research at Appalachian State University,Appalachian State University
2432598,2025-02-13,541549,Continuing Grant,Collaborative Research: Seeing and hearing frictional interfaces: using total internal reflection imaging and acoustic methods to explore contact dynamics,Columbia University
2432599,2025-02-13,125519,Standard Grant,Collaborative Research: Seeing and hearing frictional interfaces: using total internal reflection imaging and acoustic methods to explore contact dynamics,Cornell University
2432600,2025-02-13,153335,Standard Grant,Collaborative Research: Seeing and hearing frictional interfaces: using total internal reflection imaging and acoustic methods to explore contact dynamics,University of California-Santa Cruz
2426925,2025-02-14,1283978,Continuing Grant,CFS (Track III): Northeast National Ion Microbe Facility (NENIMF) 2025-2028,Woods Hole Oceanographic Institution
2451847,2025-02-18,759752,Continuing Grant,"TS: Technician to Support Clumped Isotope Research, Instrument Training, and STEM Outreach at North Carolina State University",North Carolina State University
2445584,2025-02-19,114165,Standard Grant,ITD: Development of a novel condensable carrier gas system for isotope laser spectroscopy analysis,University of New Mexico
2438772,2025-02-20,238875,Standard Grant,Collaborative Research: Determining the Velocity and Structure of the Los Angeles Basin From New High-Resolution Data,University of Utah
2438773,2025-02-20,224382,Standard Grant,Collaborative Research: Determining the Velocity and Structure of the Los Angeles Basin From New High-Resolution Data,California Institute of Technology
2448554,2025-02-20,339129,Standard Grant,"Caledonian ophiolites, rift volcanics and the Laurentian margin: Constraining the context for subduction initiation in the Iapetus Ocean",Johns Hopkins University
2443757,2025-02-24,910814,Continuing Grant,"CAREER: Evaluating models of intracratonic structural reactivation: A case study of the Black Hills, western South Dakota",South Dakota School of Mines and Technology
2523707,2025-02-25,399704,Continuing Grant,Magmatic system structure and seismicity of the Three Sisters volcanic complex,William Marsh Rice University
2412404,2025-02-27,176639,Standard Grant,EA: Acquisition of sediment characterization instrumentation to catalyze Earth science research at the University of New Mexico,University of New Mexico
2440391,2025-02-27,457027,Standard Grant,EA: Acquisition of a Laser Ablation-Quadrupole Inductively Coupled Plasma Mass Spectrometer system at the Lamont Doherty Earth Observatory for Geoscience Research,Columbia University
2444238,2025-02-27,66248,Standard Grant,EA: Upgrade of equipment in the early Earth and experimental geochemistry laboratory,University of Rochester
2446261,2025-02-27,172398,Standard Grant,EA: Acquisition of a Terrestrial Laser Scanner for Student Engagement and Research on Critical Zone Processes,Boise State University
2440612,2025-03-07,765048,Continuing Grant,CAREER: Influence of soil phosphorus on soil organic matter dynamics,University of Kentucky Research Foundation
2516993,2025-03-07,31979,Standard Grant,Conference: Community Research Prioritization for Volcanoes Across the Alaska-Aleutian Arc Workshop,Montana State University
2442947,2025-03-18,652903,Continuing Grant,CAREER: Taphonomic Insights into Molecular Equilibration and Soft Tissue and Molecular Preservation,University of North Dakota Main Campus
2526643,2025-03-24,49946,Standard Grant,RAPID: Heavy Metals in Urban Soils After the 2025 Los Angeles Wildland-Urban Interface Fires,Chapman University
2526488,2025-03-25,50000,Standard Grant,"RAPID: Resilience of Soil Health and Hydrology to the Palisades and Eaton Wildfires, Los Angeles",University of California-Los Angeles
2432152,2025-04-10,489177,Continuing Grant,Collaborative Research: Reconstructing melt compositions across Cordilleran arc segments to evaluate petrologic proxies of crustal thickness and transcrustal differentiation,Texas Tech University
2432153,2025-04-10,149832,Continuing Grant,Collaborative Research: Reconstructing melt compositions across Cordilleran arc segments to evaluate petrologic proxies of crustal thickness and transcrustal differentiation,University of Houston - Downtown
2521503,2025-04-10,287312,Continuing Grant,Collaborative Research: NSFGEO/NERC: After the cataclysm: cryptic degassing and delayed recovery in the wake of Large Igneous Province volcanism,Virginia Polytechnic Institute and State University
2432427,2025-04-11,96400,Standard Grant,EMBRACE-EAR-SEED: Top-Down or Bottom-Up: Can Shear Wave Splitting Analysis Illuminate the Dominant Driver of Short-Term Magmatic Flow?,Pensacola Junior College
2521078,2025-04-14,259428,Continuing Grant,Collaborative Proposal: Facility: Magnetics Information Consortium Catalyzes Enhanced Cyberinfrastructure and FAIR Data Access Enabling Science Across Community Subdomains,University of Minnesota-Twin Cities
2447389,2025-04-24,354304,Standard Grant,Collaborative Research: REU Site: DEsigning Sedimentation and Tectonics Research Experiences for Student Success (DE-STRESS),University Enterprises Corporation at CSUSB
2447390,2025-04-24,130499,Standard Grant,Collaborative Research: REU Site: DEsigning Sedimentation and Tectonics Research Experiences for Student Success (DE-STRESS),University of Cincinnati Main Campus
2451503,2025-05-20,499232,Standard Grant,"Testing Models for Subduction Initiation Using the Late Triassic Sedimentary and Magmatic Record of the Talkeetna Arc, Alaska",Purdue University
2432816,2025-05-21,190296,Standard Grant,"EMBRACE-EAR-Seed: Reshaping Environments: Low-Tech, Process-Based Restoration with Beaver Dam Analogues to Enhance Watershed Resilience in Human-Modified Landscapes",Susquehanna University
2531511,2025-05-21,29963,Standard Grant,RAPID: Extensometers to Measure Afterslip on the Sagaing Fault Following the M7.7 March 2025 Mandalay Earthquake,University of Colorado at Boulder
2438435,2025-05-22,454000,Continuing Grant,"Collaborative Research: Advances in African Crust and Upper Mantle Dynamics from Seismology, Geodesy, and Geodynamics",Virginia Polytechnic Institute and State University
2438436,2025-05-22,253989,Continuing Grant,"Collaborative Research: Advances in African Crust and Upper Mantle Dynamics from Seismology, Geodesy, and Geodynamics",Colgate University
2438437,2025-05-22,383998,Continuing Grant,"Collaborative Research: Advances in African Crust and Upper Mantle Dynamics from Seismology, Geodesy, and Geodynamics",University of Rochester
2432398,2025-05-27,228014,Standard Grant,Constraining Mantle Anelasticity Using S wave Amplitudes,Virginia Polytechnic Institute and State University
2449286,2025-05-29,377838,Standard Grant,Collaborative Research: NSFGEO-NERC: Identifying uniquely coseismic off-fault deformation preserved in fault damage zones: Can we resolve the maximum earthquake size on faults?,"OHIO STATE UNIVERSITY, THE"
2449287,2025-05-29,122773,Standard Grant,Collaborative Research: NSFGEO-NERC: Identifying uniquely coseismic off-fault deformation preserved in fault damage zones: Can we resolve the maximum earthquake size on faults?,San Diego State University Foundation
2432605,2025-06-03,389334,Standard Grant,EMBRACE-EAR-Growth: Temperature Correction in the Laser-Heated Diamond Anvil Cell:  Reconciling Discrepant High-Pressure Melting Curves,UNITED STATES COAST GUARD ACADEMY SPONSORED PROGRAMS AND RESEARC
2434332,2025-06-03,481003,Continuing Grant,Collaborative Research: Unraveling the timing of intrusion and episodicity of intrusions under a distributed volcanic field,University of South Florida
2434333,2025-06-03,321404,Continuing Grant,Collaborative Research: Unraveling the timing of intrusion and episodicity of intrusions under a distributed volcanic field.,University of Wisconsin-Milwaukee
2448880,2025-06-03,300887,Standard Grant,Collaborative Research: Understanding cascading feedbacks between human decision making and delta morphodynamics with community-engaged modeling,Texas A&M University
2448881,2025-06-03,386964,Standard Grant,Collaborative Research: Understanding cascading feedbacks between human decision making and delta morphodynamics with community-engaged modeling,Northeastern University
2448882,2025-06-03,298837,Standard Grant,Collaborative Research: Understanding cascading feedbacks between human decision making and delta morphodynamics with community-engaged modeling,University of Texas at Austin
2504249,2025-06-03,335489,Standard Grant,"Collaborative Research: Depth-dependent decarbonation in a continental arc, Sierra Nevada, California",Florida State University
2504250,2025-06-03,86902,Standard Grant,"Collaborative Research: Depth-dependent decarbonation in a continental arc, Sierra Nevada, California",Pomona College
2447634,2025-06-04,443481,Standard Grant,Collaborative Research: REU Site: Research Opportunities in Rock Deformation,Washington University
2447635,2025-06-04,64651,Standard Grant,Collaborative Research: REU Site: Research Opportunities in Rock Deformation,University of California-Santa Cruz
2447636,2025-06-04,30884,Standard Grant,Collaborative Research: REU Site: Research Opportunities in Rock Deformation,University of Minnesota-Twin Cities
2431238,2025-06-18,37863,Standard Grant,EA: Upgrade to X-ray Diffraction Multiuser Facility for Earth and Environmental Science and Student Training,University of Georgia Research Foundation Inc
2517747,2025-06-18,796024,Continuing Grant,CAREER: Quantifying climate induced landscape evolution during early Eocene hyperthermals,University of Minnesota-Twin Cities
2443557,2025-06-26,673168,Standard Grant,CAREER: Characteristics of Rain-on-Snow Flooding in the Midwest,University of Nebraska-Lincoln
2406381,2025-06-27,600000,Standard Grant,"ITD: Development of Atlas2, a custom dual source diffractometer for mineralogy and mineral physics research at the University of Hawaii",University of Hawaii
2433699,2025-06-27,333263,Standard Grant,EA: Acquisition of a Gas Source Isotope Ratio Mass Spectrometer and a Thermal Conversion Elemental Analyzer for the Biogeochemistry Stable Isotope Lab at Virginia Tech,Virginia Polytechnic Institute and State University
2440058,2025-06-27,836711,Standard Grant,"CAREER: COMPOSITION, TRANSPORT, AND FATE OF DISSOLVED AND PYROGENIC ORGANIC MATTER IN FIRE-IMPACTED SOILS",University of Georgia Research Foundation Inc
2447513,2025-06-27,450636,Standard Grant,EA: Acquisition of a Confocal Raman Imaging Microscope for Washington and Lee University,Washington and Lee University
2533457,2025-06-29,1617606,Continuing Grant,"Collaborative Research: Exploring the Role of Rapid Cementation, Cohesion, and Pore Fluid Pressure Evolution in the Dynamics of Slow Slip Events",University of California-Davis
2534430,2025-06-29,263163,Standard Grant,Snowball Earth in Space and Time,University of California-Berkeley
2432203,2025-06-30,196485,Standard Grant,EMBRACE-EAR-Seed: Establishment of terrestrial herbivory during the Permian of central Pangea,University of Central Oklahoma
2440844,2025-06-30,923715,Standard Grant,"Linking Water, Carbon, and Nitrogen Cycling in Soils from Local to Landscape Scales",Texas A&M AgriLife Research
2442777,2025-06-30,729600,Standard Grant,CAREER: Bridging Multiscale Observations and Models of Megathrust Faulting and Subduction Zone Hazards,University of Oklahoma Norman Campus
2446206,2025-06-30,67258,Standard Grant,EA: Acquiring Particle Size Analyzer and a Benchtop Centrifuge,CAL POLY HUMBOLDT SPONSORED PROGRAMS FOUNDATION
2448781,2025-06-30,457737,Standard Grant,Collaborative Research: Modeling marine paleocommunity dynamics of the Permian-Triassic transition: Testing uniformitarian assumptions of paleo-food web reconstruction,California Academy of Sciences
2448782,2025-06-30,130076,Standard Grant,Collaborative Research: Modeling marine paleocommunity dynamics of the Permian-Triassic transition: Testing uniformitarian assumptions of paleo-food web reconstruction,University of California-Berkeley
2532647,2025-06-30,184066,Standard Grant,"Collaborative Research: Dry Rifting in the Albertine-Rhino Graben (DRIAR), Uganda",Oklahoma State University
2433134,2025-07-01,199997,Standard Grant,EMBRACE-EAR-Seed: Refining paleotemperature interpretations: High resolution study of the seasonality of fluid inclusion development in halite crystal growth,Broome Community College
2447702,2025-07-01,523639,Standard Grant,REU-Site:  Summer Undergraduate Research Fellowships in Earth and Environmental Sciences (SURFEES),Chapman University
2447896,2025-07-01,675795,Standard Grant,REU Site:  Earth Science on Volcanic Islands,University of Hawaii
2525879,2025-07-03,48540,Standard Grant,"Conference: 2025 Geochronology Gordon Research Conference and Seminar: Timing, Tempo and Drivers of Earth's Climate",Gordon Research Conferences
2442429,2025-07-08,596956,Standard Grant,CAREER: Understanding the role of ribbed mussels on salt marsh sedimentation by a combination of field work and numerical modeling,University of Florida
2521494,2025-07-08,672505,Standard Grant,Modeling the mysterious flow of rainwater and nutrients through urban tree canopies: a laser-focused integration of hydrology and ecology,Cleveland State University
2523957,2025-07-08,222338,Standard Grant,"Assembly and Validation of a Multi-scale Community Velocity Model (CVM) for the South-central Alaska Region, SCAR-CVM V1.0",San Diego State University Foundation
2444867,2025-07-09,341501,Standard Grant,A New Framework to Identify Plant Water Sources,Indiana University
2529597,2025-07-09,309210,Standard Grant,Equilibrium vs. Kinetic control of the CO2/SO2 ratio in the arc volcanic gases,University of Florida
2518506,2025-07-10,291976,Standard Grant,Postdoctoral Fellowship: EAR-PF: Field tests of Mesozoic terrane accretion in South America,Idaho State University
2422405,2025-07-11,519422,Standard Grant,A Multiproxy Exploration of the Terminal Ediacaran Stage at the Nevada National Security Site,University of Missouri-Columbia
2517874,2025-07-11,408709,Standard Grant,Postdoctoral Fellowship: EAR-PF: Shifting Paradigms in Atmospheric Deposition: The Rise of Organic Solutes,Trustees of Boston University
2518154,2025-07-11,454476,Standard Grant,Postdoctoral Fellowship: EAR-PF: Evolution of tympanic hearing: Earth system drivers of sensory innovation in late Paleozoic terrestrial ecosystems,American Museum Natural History
2518133,2025-07-14,343410,Standard Grant,"Postdoctoral Fellowship: EAR-PF: How are sedimentary rocks incorporated into the lower continental crust? A petrochronological investigation of the Serre Massif, Calabria, Italy",Pennsylvania State Univ University Park
2518475,2025-07-14,395218,Standard Grant,Postdoctoral Fellowship: EAR-PF: Reactive transport in fractured networks: a bipartite graph approach for rapid and accurate prediction,Colorado School of Mines
2518495,2025-07-14,387558,Standard Grant,Postdoctoral Fellowship: EAR-PF: Temporal Discretization and Areal Metrics for Revealing Statistically Powerful Patterns in Volcanic Processes,University of Oregon Eugene
2533795,2025-07-14,25032,Standard Grant,RAPID: Archive at-risk collection of Nyiragongo and Nyamuragira samples from DR Congo,University of Wyoming
2535162,2025-07-14,6584899,Cooperative Agreement,Sustained Resources: Advancing Water Science Through Integrated Water Data Management and Community Support,Consortium of Universities for the Advancement of Hydrologic Sci
2535771,2025-07-14,579882,Continuing Grant,EAR-Climate: Collaborative Research: Methane Dynamics Across Microbe-to-Landscape Scales in Coastal Wetlands,Old Dominion University Research Foundation
2446094,2025-07-15,833125,Standard Grant,GEO-CM: Evaluating hydrogeochemical controls on Rare Earth Element and Yttrium mobility during rock weathering from the micro- to landscape-scale,Kent State University
2534957,2025-07-15,324824,Standard Grant,National Academies Activities in Earth Sciences and Resources,National Academy of Sciences
2437949,2025-07-16,249960,Standard Grant,Collaborative Research: Chemical Speciation of Metals in Cyanobacteria: Testing Artificial Intelligence Predictions with X-ray Absorption Spectroscopy,Rutgers University New Brunswick
2437950,2025-07-16,149906,Standard Grant,Collaborative Research: Chemical Speciation of Metals in Cyanobacteria: Testing Artificial Intelligence Predictions with X-ray Absorption Spectroscopy,Illinois Institute of Technology
2432227,2025-07-17,328661,Standard Grant,Investigating the composition of lower crust on a continental scale with Transportable Array data,University of Texas at Dallas
2432929,2025-07-17,199669,Standard Grant,"EMBRACE-EAR-Seed: Advanced Prospectivity Mapping by geodata integration for Critical Mineral Exploration in Mojave Desert, California",Western Kentucky University
2433040,2025-07-17,399922,Standard Grant,EMBRACE-EAR-Growth: Rock degradation - microscale approach mineral by mineral (RDM2 ),Texas State University - San Marcos
2447900,2025-07-17,299996,Standard Grant,Experimental determination of the electrical conductivity of hydrous bridgmanite for constraining lower mantle water content,University of Hawaii
2503799,2025-07-17,575803,Standard Grant,Generating a 1.3-million-year history of temperature and rainfall in continental tropical East Africa,University of Massachusetts Amherst
2516037,2025-07-17,315000,Standard Grant,Collaborative Research: A Multidisciplinary Approach to Constraining the Geodynamical Landscape of the Deep Mantle,Brown University
2516038,2025-07-17,88726,Standard Grant,Collaborative Research: A Multidisciplinary Approach to Constraining the Geodynamical Landscape of the Deep Mantle,University of North Carolina at Chapel Hill
2518432,2025-07-17,404213,Standard Grant,Postdoctoral Fellowship: EAR-PF: The generation and interaction of magmatic sills and dikes in extensional settings,Columbia University
2432895,2025-07-18,400000,Standard Grant,EMBRACE-EAR-Growth: From Places to Peoples: A survey of geological materials and human-environment interaction on the Edwards Plateau that prioritizes student learning.,Texas State University - San Marcos
2440645,2025-07-18,806265,Standard Grant,CAREER: Unlocking the small-mammal fossil record to investigate eco-evolutionary responses to landscape and climate dynamics: a multi-proxy and cross-scale approach,SUNY at Stony Brook
2444123,2025-07-18,386037,Standard Grant,Mantle vs. crustal processes: testing the tracer potential of arc olivines,Columbia University
2449661,2025-07-18,339522,Standard Grant,"Collaborative Research: Modeling reactive, density-driven groundwater flow to improve contaminant remediation",Georgia Tech Research Corporation
2449662,2025-07-18,359703,Standard Grant,"Collaborative Research: Modeling reactive, density-driven groundwater flow to improve contaminant remediation",University of Alabama Tuscaloosa
2503634,2025-07-18,358322,Standard Grant,Collaborative Research: Deciphering MIS 5e sea-level changes using U-Th dated fossil corals and cave deposits from the Yucatan Peninsula,University of Florida
2503635,2025-07-18,286967,Standard Grant,Collaborative Research: Deciphering MIS 5e sea-level changes using U-Th dated fossil corals and cave deposits from the Yucatan Peninsula,Columbia University
2506726,2025-07-18,282421,Standard Grant,"Collaborative Research: Stratigraphy and geochronology of the Paleogene Naran Bulak and Gashato formations, Mongolia, a new geological framework for key Asian fossil mammals",Colorado School of Mines
2506727,2025-07-18,95735,Standard Grant,"Collaborative Research: Stratigraphy and geochronology of the Paleogene Naran Bulak and Gashato formations, Mongolia, a new geological framework for key Asian fossil mammals",SUNY at Stony Brook
2506728,2025-07-18,19293,Standard Grant,"Collaborative Research: Stratigraphy and geochronology of the Paleogene Naran Bulak and Gashato formations, Mongolia, a new geological framework for key Asian fossil mammals",Idaho State University
2506729,2025-07-18,143055,Standard Grant,"Collaborative Research: Stratigraphy and geochronology of the Paleogene Naran Bulak and Gashato formations, Mongolia, a new geological framework for key Asian fossil mammals",American Museum Natural History
2506730,2025-07-18,147302,Standard Grant,"Collaborative Research: Stratigraphy and geochronology of the Paleogene Naran Bulak and Gashato formations, Mongolia, a new geological framework for key Asian fossil mammals",Dartmouth College
2512946,2025-07-18,376323,Standard Grant,Collaborative Research: Leveraging seismic data to unravel postfire debris flow dynamics,Northern Arizona University
2512947,2025-07-18,99495,Standard Grant,Collaborative Research: Leveraging seismic data to unravel postfire debris flow dynamics,Brown University
2512948,2025-07-18,218764,Standard Grant,Collaborative Research: Leveraging seismic data to unravel postfire debris flow dynamics,University of Arizona
2513717,2025-07-18,442077,Standard Grant,Collaborative Research: Disentangling Subsidence - Integrated observations and modeling of vertical land-surface dynamics in the Ganges-Brahmaputra Delta,Columbia University
2513718,2025-07-18,247824,Standard Grant,Collaborative Research: Disentangling Subsidence - Integrated observations and modeling of vertical land-surface dynamics in the Ganges-Brahmaputra Delta,Vanderbilt University
2513719,2025-07-18,298433,Standard Grant,Collaborative Research: Disentangling Subsidence - Integrated observations and modeling of vertical land-surface dynamics in the Ganges-Brahmaputra Delta,Louisiana State University
2513720,2025-07-18,234705,Standard Grant,Collaborative Research: Disentangling Subsidence - Integrated observations and modeling of vertical land-surface dynamics in the Ganges-Brahmaputra Delta,University of Colorado at Boulder
2517137,2025-07-18,419913,Standard Grant,Investigation of sources of global seismic scattering using advanced array processing and Bayesian inversion,University of Utah
2517708,2025-07-18,334990,Standard Grant,"Postdoctoral Fellowship: EAR-PF: Reconstructing and Modeling Hydrology, Vegetation, and Ocean Temperatures at the Mio-Pliocene Re-Flooding of the Mediterranean",Syracuse University
2530208,2025-07-18,426218,Standard Grant,Collaborative Research: Macroscale Study of Forest Litter Effects on Precipitation Interception and Soil Water Budgets,"Board of Regents, NSHE, obo University of Nevada, Reno"
2530209,2025-07-18,241891,Standard Grant,Collaborative Research: Macroscale Study of Forest Litter Effects on Precipitation Interception and Soil Water Budgets,Cleveland State University
2447771,2025-07-21,271558,Standard Grant,Collaborative Research: RUI: Silty streams and diluted seas in the Late Devonian Appalachian Basin: Probing the effects of early icehouse extremes on vertebrate paleogeobiology,Rowan University
2447772,2025-07-21,131757,Standard Grant,Collaborative Research: RUI: Silty streams and diluted seas in the Late Devonian Appalachian Basin: Probing the effects of early icehouse extremes on vertebrate paleogeobiology,Bucknell University
2447773,2025-07-21,82553,Standard Grant,Collaborative Research: RUI: Silty streams and diluted seas in the Late Devonian Appalachian Basin: Probing the effects of early icehouse extremes on vertebrate paleogeobiology,George Mason University
2447774,2025-07-21,143870,Standard Grant,Collaborative Research: RUI: Silty streams and diluted seas in the Late Devonian Appalachian Basin: Probing the effects of early icehouse extremes on vertebrate paleogeobiology,Lycoming College
2533593,2025-07-21,292742,Standard Grant,Collaborative Research: Bubble Trouble - Re-evaluating olivine melt inclusion barometry and trace-element geochemistry in the Cascades,Woods Hole Oceanographic Institution
2444790,2025-07-29,360732,Standard Grant,Collaborative Research: Dating complex polyphase shear zones within metamorphic core complexes via novel crystallographic vorticity-enhanced apatite U-Pb petrochronology,University of California-San Diego Scripps Inst of Oceanography
2444791,2025-07-29,344136,Standard Grant,Collaborative Research: Dating complex polyphase shear zones within metamorphic core complexes via novel crystallographic vorticity-enhanced apatite U-Pb petrochronology,"Board of Regents, NSHE, obo University of Nevada, Reno"
2503919,2025-07-29,313622,Standard Grant,"Collaborative Research: RUI: Constraining Tropical Hydroclimate Responses to Periods of Abrupt Hydrological Changes Using Cave Deposits, Cave Monitoring, and Model Outputs",Occidental College
2503920,2025-07-29,410124,Standard Grant,"Collaborative Research: RUI: Constraining Tropical Hydroclimate Responses to Periods of Abrupt Hydrological Changes Using Cave Deposits, Cave Monitoring, and Model Outputs",Brown University
2514733,2025-07-29,645556,Continuing Grant,Collaborative Research: Sustained Resources: Cyberinfrastructure for petrological modeling with alphaMELTS and Python,California Institute of Technology
2514734,2025-07-29,231668,Continuing Grant,Collaborative Research: Sustained Resources: Cyberinfrastructure for petrological modeling with alphaMELTS and Python,University of California-Berkeley
2540018,2025-07-29,44364,Standard Grant,RAPID: Relocation and installation of Agilent 6560 IM-QTOF to advance multidimensional analysis at the University of Georgia,University of Georgia Research Foundation Inc
2447821,2025-07-30,318729,Standard Grant,Collaborative Research: Forecasting the outcome of long-lived unrest episodes in large felsic calderas: Campi Flegrei (Italy),Cornell University
2447822,2025-07-30,57389,Standard Grant,Collaborative Research: Forecasting the outcome of long-lived unrest episodes in large felsic calderas: Campi Flegrei (Italy),University of Illinois at Urbana-Champaign
2506181,2025-07-30,345000,Standard Grant,Investigating rupture characteristics of global large earthquakes with advanced seismic array back-projection,University of California-Los Angeles
2513005,2025-07-30,433517,Standard Grant,Investigation of ash disaggregation within volcanic plume conditions,Washington State University
2514552,2025-07-30,845835,Standard Grant,Collaborative Research: Sustained Resources: OneMineralogy - A FAIR and friendly mineralogy data ecosystem to boost data-intensive geoscience research and education,Regents of the University of Idaho
2514553,2025-07-30,206665,Standard Grant,Collaborative Research: Sustained Resources: OneMineralogy - A FAIR and friendly mineralogy data ecosystem to boost data-intensive geoscience research and education,Carnegie Institution of Washington
2514554,2025-07-30,199999,Standard Grant,Collaborative Research: Sustained Resources: OneMineralogy - A FAIR and friendly mineralogy data ecosystem to boost data-intensive geoscience research and education,Rutgers University New Brunswick
2515150,2025-07-30,556772,Standard Grant,"GEO-CM: Investigating the interplay between magma source, thermal history, and fault reactivation in the Colorado Mineral Belt",Texas A&M University
2525951,2025-07-30,330667,Standard Grant,Deciphering the Evolution of the Early Earth's Crust-Mantle System,"University of Maryland, College Park"
2500563,2025-07-31,417924,Standard Grant,"Collaborative Research: Deciphering the origin and the timing of silver enrichment in high-sulfidation epithermal deposits: The case study of Filo Del Sol deposit, Argentina",Massachusetts Institute of Technology
2500564,2025-07-31,159632,Standard Grant,"Collaborative Research: Deciphering the origin and the timing of silver enrichment in high-sulfidation epithermal deposits: The case study of Filo Del Sol deposit, Argentina",University of Wisconsin-Madison
2503837,2025-07-31,503027,Standard Grant,"Collaborative Research: North American ice patches: Assessing formation, morphology, and persistence through the Holocene and links to climate, humans, and the environment","Nevada System of Higher Education, Desert Research Institute"
2503838,2025-07-31,332586,Standard Grant,"Collaborative Research: North American ice patches: Assessing formation, morphology, and persistence through the Holocene and links to climate, humans, and the environment",Montana State University
2503839,2025-07-31,73372,Standard Grant,"Collaborative Research: North American ice patches: Assessing formation, morphology, and persistence through the Holocene and links to climate, humans, and the environment",University of Wyoming
2521771,2025-07-31,499970,Standard Grant,Deep roots of the Earth's volatile cycle through inclusions in diamonds,American Museum Natural History
2527440,2025-07-31,347592,Standard Grant,Collaborative Research: Quantifying how groundwater modulates streamflow response to hydrologic extremes,University of Utah
2527441,2025-07-31,172951,Standard Grant,Collaborative Research: Quantifying how groundwater modulates streamflow response to hydrologic extremes,University of Connecticut
2527442,2025-07-31,178404,Standard Grant,Collaborative Research: Quantifying how groundwater modulates streamflow response to hydrologic extremes,University of the Pacific
2506448,2025-08-01,500000,Standard Grant,Machine Learning Serpentines,Columbia University
2503984,2025-08-04,464646,Standard Grant,"Collaborative Research: Warming and drought in the critical headwaters of the Snake, Colorado, and Missouri rivers since the last deglaciation",University of Wyoming
2503985,2025-08-04,95630,Standard Grant,"Collaborative Research: Warming and drought in the critical headwaters of the Snake, Colorado, and Missouri rivers since the last deglaciation",Occidental College
2510240,2025-08-04,656775,Standard Grant,"MRI: Track 1 Acquisition of an Isotope Ratio Mass Spectrometer for Ecology, Paleolimnology, and Biogeochemical Research at the Large Lakes Observatory",University of Minnesota Duluth
2516186,2025-08-04,228903,Standard Grant,Improved Techniques to Map Continental Mantle Earthquakes to Study the Extent of Indian Lithosphere beneath the Tibet Plateau,Stanford University
2510907,2025-08-05,115508,Standard Grant,"Equipment: MRI Track 1: Acquisition of an Ion Chromatograph for Environmental Research, Student Training, and Community Engagement",Wilkes University
2529760,2025-08-05,812484,Standard Grant,Long-term patterns and drivers of trace and ultratrace elements in boreal streams,Cornell University
2530058,2025-08-05,549960,Standard Grant,"Hydrogeologic Controls on the Accumulation, Transport, and Discharge of Fecal Indicator Bacteria in Coastal Beaches",University of Hawaii
2524910,2025-08-06,348474,Standard Grant,Mechanics of supershear earthquakes: theory and modeling across scales,Northwestern University at Chicago
2450686,2025-08-07,354194,Standard Grant,"Grassland-shrubland transitions in Quaternary, New Mexico: is aridity a root cause?",Indiana University
2544977,2025-08-07,62500,Standard Grant,RAPID: Emergency collection of tree-ring archives from bald cypress killed or damaged in the July 2025 Guadalupe River flood,University of Texas at Austin
2545313,2025-08-07,49895,Standard Grant,RAPID: Novel and timely geochemical responses of a sole source deep karst aquifer to a wildfire at Grand Canyon National Park,Northern Arizona University
2541889,2025-08-13,696573,Standard Grant,"CAREER: Modeling two-phase flow, multi-lithologic melting, and chemical disequilibrium with uranium-series isotopes",West Chester University of Pennsylvania
2452241,2025-08-14,248297,Standard Grant,Collaborative Research: Estimating shallow shear-wave velocity in basins throughout the Pacific Northwest: an imperative for accurate ground motion prediction,Purdue University
2452242,2025-08-14,282492,Standard Grant,Collaborative Research: Estimating shallow shear-wave velocity in basins throughout the Pacific Northwest: an imperative for accurate ground motion prediction,University of Oregon Eugene
2501398,2025-08-14,439997,Standard Grant,NSF-SNSF: Hydrology from Genes: Resolving snow and ice contributions to streamflow using environmental DNA (eDNA),Oregon State University
2503978,2025-08-14,519887,Standard Grant,Collaborative Research: Orbital forcing of Andean Hydroclimate from the legacy drill cores of Lake Titicaca,University of Texas at Austin
2503979,2025-08-14,183561,Standard Grant,Collaborative Research: Orbital forcing of Andean Hydroclimate from the legacy drill cores of Lake Titicaca,University of Colorado at Boulder
2511017,2025-08-14,203430,Standard Grant,Equipment: MRI Track 1: Acquisition of X-Ray Diffraction Instrument to Enhance Multidisciplinary Research and Education,Wesleyan University
2524242,2025-08-14,365580,Standard Grant,The fractal dimension of grain boundaries in deformed rocks: A novel method for estimating differential stress and strain rate,University of Maine
2527956,2025-08-14,558517,Standard Grant,Collaborative Research: Probing transcrustal magmatism at a transform fault: The Mt. Edgecumbe (Lux Shaa) Volcanic Field in the Context of Regional Tectonics,University of Alaska Fairbanks Campus
2527957,2025-08-14,168098,Standard Grant,Collaborative Research: Probing transcrustal magmatism at a transform fault: The Mt. Edgecumbe (Lux Shaa) Volcanic Field in the Context of Regional Tectonics,Michigan State University
2530314,2025-08-14,709830,Standard Grant,"Collaborative Research: ""GOE-ing DEEP"" into the Paleoproterozoic of Gabon to elucidate the causes and effects of Earth's Great Oxidation",Tufts University
2530315,2025-08-14,534841,Standard Grant,"Collaborative Research: ""GOE-ing DEEP"" into the Paleoproterozoic of Gabon to elucidate the causes and effects of Earth's Great Oxidation",University of Wisconsin-Madison
2530316,2025-08-14,472478,Standard Grant,"Collaborative Research: ""GOE-ing DEEP"" into the Paleoproterozoic of Gabon to elucidate the causes and effects of Earth's Great Oxidation",Purdue University
2503863,2025-08-15,399996,Standard Grant,Collaborative Research: Identifying non-linearities in rainfall and river responses to consecutive Paleogene global warming events to inform the future,Colorado School of Mines
2503864,2025-08-15,399996,Standard Grant,Collaborative Research: Identifying non-linearities in rainfall and river responses to consecutive Paleogene global warming events to inform the future,University of Minnesota-Twin Cities
2510402,2025-08-15,857028,Standard Grant,MRI Track 1: Acquisition of an Ultra-Performance liquid chromatograph Orbitrap mass spectrometer for the Environmental Geochemistry Core Facility at Brown University,Brown University
2510710,2025-08-15,885496,Standard Grant,MRI: Track 1: Acquisition of a Thermal Ionization Mass Spectrometer for U-daughter analyses,Berkeley Geochronology Center
2523375,2025-08-15,393866,Standard Grant,"Synergistic study of deformation signals and volcano-tectonic earthquakes at Mauna Loa Volcano, HI",Pennsylvania State Univ University Park
2439145,2025-08-18,221958,Standard Grant,Collaborative Research: High-Resolution Structural and Source Imaging of Active Faults in Southern Turkiye,Georgia Tech Research Corporation
2439146,2025-08-18,200194,Standard Grant,Collaborative Research: High-Resolution Structural and Source Imaging of Active Faults in Southern Turkiye,SUNY at Buffalo
2544973,2025-08-18,49934,Standard Grant,RAPID: Drone-Based Microwave Remote Sensing of Soil Moisture and Fire-Induced Hydrologic Hazards in the Aftermath of the Monroe Canyon Wildfire,University of Illinois at Urbana-Champaign
2449121,2025-08-19,480175,Standard Grant,Collaborative Research: RUI: Evaluating the Impacts of Toxic Dust from the Great Salt Lake on Agriculture and Ecosystems,Colby College
2449122,2025-08-19,154191,Standard Grant,Collaborative Research: RUI: Evaluating the Impacts of Toxic Dust from the Great Salt Lake on Agriculture and Ecosystems,University of Utah
2449123,2025-08-19,263663,Standard Grant,Collaborative Research: RUI: Evaluating the Impacts of Toxic Dust from the Great Salt Lake on Agriculture and Ecosystems,Indiana University
2512400,2025-08-20,417152,Standard Grant,"Collaborative Research: Joint Electrical and Vibrational Spectroscopic Investigation of Volatile-carrying Minerals,  and Implications for Fluid Transport in Subduction Zones",Carnegie Institution of Washington
2512401,2025-08-20,317848,Standard Grant,"Collaborative Research: Joint Electrical and Vibrational Spectroscopic Investigation of Volatile-carrying Minerals,  and Implications for Fluid Transport in Subduction Zones",University of California-San Diego
2525870,2025-08-20,319877,Standard Grant,Collaborative Research: Investigating Seimogenesis and Faults in Eastern North America Using a Deep Magnitude Earthquake Catalog,Columbia University
2525871,2025-08-20,139058,Standard Grant,Collaborative Research: Investigating Seimogenesis and Faults in Eastern North America Using a Deep Magnitude Earthquake Catalog,University of California-Berkeley
2514539,2025-08-22,305333,Continuing Grant,Collaborative Research: Sustained Resources: The Paleobiology Database 2.0: Launching the next decade of education and research in the integrated geological and biological sciences,University of Wyoming
2514540,2025-08-22,244456,Continuing Grant,Collaborative Research: Sustained Resources: The Paleobiology Database 2.0: Launching the next decade of education and research in the integrated geological and biological sciences,Perot Museum of Nature and Science
2514541,2025-08-22,687464,Continuing Grant,Collaborative Research: Sustained Resources: The Paleobiology Database 2.0: Launching the next decade of education and research in the integrated geological and biological sciences,University of Arizona
2514542,2025-08-22,205217,Continuing Grant,Collaborative Research: Sustained Resources: The Paleobiology Database 2.0: Launching the next decade of education and research in the integrated geological and biological sciences,University of Wisconsin-Madison
2514543,2025-08-22,126871,Continuing Grant,Collaborative Research: Sustained Resources: The Paleobiology Database 2.0: Launching the next decade of education and research in the integrated geological and biological sciences,University of California-Santa Cruz
2528741,2025-08-22,300431,Standard Grant,"Collaborative Research: Linking crustal and surface processes to their impacts on the biosphere, western Anatolia",Idaho State University
2528742,2025-08-22,203697,Standard Grant,"Collaborative Research: Linking crustal and surface processes to their impacts on the biosphere, western Anatolia",University of Tennessee Knoxville
2548518,2025-08-27,201245,Standard Grant,Collaborative Research: A plan to determine if the core can be the ultimate high 3He/4He source,Arizona State University
2438507,2025-08-28,452318,Standard Grant,Collaborative Research: NSF-SNSF: Crystal-melt dynamics in crustal magma reservoirs,Brown University
2438508,2025-08-28,449056,Standard Grant,Collaborative Research: NSF-SNSF: Crystal-melt dynamics in crustal magma reservoirs,Massachusetts Institute of Technology
2425607,2025-09-03,15000000,Cooperative Agreement,Center Operations: Center for Land Surface Hazards (CLaSH),Regents of the University of Michigan - Ann Arbor
2548519,2025-09-05,207061,Standard Grant,CSEDI Collaborative Research: The nature and timing of Earth's accretion,Arizona State University
2435260,2025-09-17,222665168,Cooperative Agreement,Research Infrastructure: National Geophysical Facility (NGF): Advancing Earth Science Capabilities through Innovation - EAR Scope,EARTHSCOPE CONSORTIUM INC.
2546916,2025-09-17,1,Cooperative Agreement,Research Infrastructure: National Geophysical Facility (NGF): Advancing Earth Science Capabilities through Innovation,EARTHSCOPE CONSORTIUM INC.
2554088,2025-12-01,326372,Continuing Grant,Collaborative Research: The Burma Arc from Collision Kinematics to Subduction Tectonics as Observed from a Passive seismic experiment (BACKSTOP),SUNY at Buffalo
2601487,2025-12-03,499709,Standard Grant,Collaborative Research: Linking fold-thrust belt activity to foreland basin response in the Canadian Cordillera,University of North Carolina at Chapel Hill
2603186,2025-12-08,500761,Standard Grant,Collaborative Research: Characterizing and quantifying carbon sequestration processes across the Andean Convergent Margin,University of Southern California
2554489,2026-01-16,167470,Standard Grant,NERC-NSFGEO: The impact of cohesive material on critical shear stress in gravel bed rivers,Regents of the University of Idaho
2605570,2026-01-16,43659,Standard Grant,RAPID: Wildfire-induced changes to fluvial hydraulics and geomorphology in the Grand Canyon,Colorado State University
2611594,2026-01-20,99402,Standard Grant,"RAPID: Increased activity and risk for volcanic hazard at the Laguna del Maule volcanic field, Chile",University of Wisconsin-Madison
2611642,2026-01-21,22513,Standard Grant,RAPID: Response to the November 2025 Hayli Gubbi Eruption,Columbia University
2610947,2026-01-26,367678,Standard Grant,The birth of longitudinal rivers in orogenic systems,University of North Carolina at Chapel Hill
2611855,2026-01-26,308426,Standard Grant,"Collaborative Research: Investigating the role of topography and magma properties on dike pathways beneath stratovolcanoes using field data, analogue experiments, and modeling",Lehigh University
2532273,2026-01-28,5000000,Continuing Grant,International Continental Scientific Drilling,HELMHOLTZ-ZENTRUM POTSDAM - DEUTSCHES GEOFORSCHUNGSZENTRUM GFZ
2555280,2026-01-28,294592,Standard Grant,Delving Deep into the Mountain Block for Future Water Security,New Mexico Institute of Mining and Technology
2611036,2026-01-28,549995,Continuing Grant,CAREER: Using the Rattlesnake Ridge landslide as a natural laboratory to study repeating earthquake evolution and development of operational repeating signal detectors,University of California-Davis
2611747,2026-01-30,200000,Standard Grant,Collaborative Research: A Physics-Informed Flood Early Warning System for Agricultural Watersheds with Explainable Deep Learning and Process-Based Modeling,Tulane University
2554204,2026-02-09,49977,Standard Grant,"Conference: 2026 Geologic Hydrogen Gordon Conference: Generation, Stimulation, Migration, Accumulation, Exploration, and Economic-Environmental Considerations of Geologic Hydrogen",Gordon Research Conferences
2545722,2026-02-11,19588,Standard Grant,Conference: Hydrogeophysics Workshop of the Society of Exploration Geophysicists and American Geophysical Union,Boise State University
2552341,2026-02-19,49850,Standard Grant,Conference: 2026 Geobiology Gordon Research Conference and Seminar,Gordon Research Conferences
2550052,2026-02-23,398442,Standard Grant,NERC/NSF-GEO: Constraining the source organism and function of bacteria membrane lipids to develop a robust terrestrial paleotemperature proxy,Stanford University
2600234,2026-02-25,55640,Standard Grant,Conference: ExPet26 Workshop: A New Scientific Meeting for Experimental Petrologists in the US,Carnegie Institution of Washington
2611756,2026-02-26,399662,Standard Grant,EMBRACE-EAR-Growth: Terrestrial geothermal features as a modern analog for Archaean ammonia flux: Research Experience to Enhance Geoscience Retention,University of North Carolina at Wilmington
2618994,2026-03-02,240634,Standard Grant,Collaborative Research: Calibrating the Pace of Paleotropical Environmental and Ecological Change During Earth’s Previous Icehouse,Western University of Health Sciences
2511865,2026-03-11,874116,Standard Grant,MRI: Track 1:  Acquisition of a Thermal-Ionization Mass Spectrometer at Texas A&M University,Texas A&M University
2617779,2026-03-13,25000,Standard Grant,Conference: Gordon Research Conference and Seminar on Flow and Transport in Permeable Media,Gordon Research Conferences
2622094,2026-03-24,265522,Standard Grant,"GEMT: Collaborative Research: From grain to rock and back again: Elucidating the coordinated evolution of exhumation pathways, rock strength and topography in the Taiwanese orogen",Pennsylvania State Univ University Park
2618910,2026-03-27,320807,Standard Grant,Collaborative Research: NSF GEO-NERC: The Cracking of a Craton: Understanding Volatile Release during Continental Breakup,University of California-Santa Barbara
2610318,2026-03-30,49725,Standard Grant,Conference: 2026 Granular Matter Gordon Research Conference and Seminar,Gordon Research Conferences
2621189,2026-04-01,219167,Standard Grant,"Lag-time thermochronology as a possible proxy for changes in erosion rates over the Paleocene-Eocene Thermal Maximum, Tremp-Graus Basin, Spain",University of North Carolina at Chapel Hill
2446904,2026-04-06,699997,Continuing Grant,Multi-user Community Facility for Analyses of Earth Materials,University of California-Los Angeles
2544741,2026-04-07,682771,Continuing Grant,CAREER: Quantifying the effects of earthquake-induced landslides on mountain erosion and organic carbon mobilization,University of California-Santa Barbara
2533788,2026-04-08,294874,Standard Grant,Collaborative Research: Conference: National Association of Geoscience Teachers (NAGT) Early Career Geoscience Faculty Workshop,Central Washington University
2533789,2026-04-08,114619,Standard Grant,Collaborative Research: Conference: National Association of Geoscience Teachers (NAGT) Early Career Geoscience Faculty Workshop,Carleton College
2544796,2026-04-10,414127,Standard Grant,The Interactions of Glacial Isostatic Adjustment and Plate Tectonic Processes,University of Colorado at Boulder
2549574,2026-04-10,483157,Standard Grant,Deep root-zone controls on forest productivity and drought recovery,University of Texas at Austin
2553951,2026-04-10,49942,Standard Grant,Conference: 8th Biennial Structural Geology and Tectonics Forum,Carleton College
2539930,2026-04-15,425179,Standard Grant,Hydrothermal Effects on calcite in faults,University of Illinois at Urbana-Champaign
2543856,2026-04-15,631745,Continuing Grant,CAREER: Tracking carbon cycling dynamics in river networks following terrestrial enhanced weathering,Texas A&M University
2535576,2026-04-16,392023,Standard Grant,"Collaborative Research: Addressing key gaps in the eruptive history, magmatic storage, and public preparedness at Askja volcano, Iceland",University of Missouri-Kansas City
2535577,2026-04-16,144649,Standard Grant,"Collaborative Research: Addressing key gaps in the eruptive history, magmatic storage, and public preparedness at Askja volcano, Iceland",Board of Trustees of Illinois State University
2538202,2026-04-16,427930,Standard Grant,Collaborative Research: Understanding How Tiny Particles Move Through Soil and Groundwater and What Controls Their Transport,University of Utah
2538203,2026-04-16,430422,Standard Grant,Collaborative Research: Understanding How Tiny Particles Move Through Soil and Groundwater and What Controls Their Transport,University of Notre Dame
2546569,2026-04-16,166527,Standard Grant,Collaborative Research: Understanding magma sources and formation through experiments and modeling,University of Minnesota Duluth
2546570,2026-04-16,354472,Standard Grant,Collaborative Research: Understanding magma sources and formation through experiments and modeling,Smithsonian Institution
2546571,2026-04-16,29981,Standard Grant,Collaborative Research: Understanding magma sources and formation through experiments and modeling,Berea College
2516616,2026-04-21,522394,Standard Grant,Collaborative Research: Origination Selectivity for Body Size among Marine Animals since the Late Neoproterozoic,Virginia Polytechnic Institute and State University
2516617,2026-04-21,135416,Standard Grant,Collaborative Research: Origination Selectivity for Body Size among Marine Animals since the Late Neoproterozoic,Stanford University
2516618,2026-04-21,142190,Standard Grant,Collaborative Research: Origination Selectivity for Body Size among Marine Animals since the Late Neoproterozoic,Tufts University
2515607,2026-04-22,499752,Standard Grant,Collaborative Research: Experimentally testing a new iron silicate model for the origin of Precambrian Iron Formations using iron stable isotope geochemistry,Woods Hole Oceanographic Institution
2515608,2026-04-22,268549,Standard Grant,Collaborative Research: Experimentally testing a new iron silicate model for the origin of Precambrian Iron Formations using iron stable isotope geochemistry,Regents of the University of Michigan - Ann Arbor
2544083,2026-05-21,714462,Continuing Grant,CAREER: Morphodynamics of Delta Channel Networks at the Decadal Scale,University of Illinois at Urbana-Champaign
2548718,2026-05-22,630000,Standard Grant,"Understanding how gas and liquid flow in porous media affect permeability, porosity, and reaction rates",Stanford University
2545428,2026-05-26,420000,Standard Grant,Collaborative Research: Obtaining paleomagnetic time-series records from corals,University of Texas at Austin
2545429,2026-05-26,66218,Standard Grant,Collaborative Research: Obtaining paleomagnetic time-series records from corals,Purdue University
2538107,2026-05-27,475000,Standard Grant,New experiments to better understand high-silica rhyolites,Regents of the University of Michigan - Ann Arbor
2540333,2026-06-02,781233,Continuing Grant,CAREER: Understanding nutrient dynamics in American rivers through remote sensing and artificial intelligence,University of Cincinnati
2425867,2026-06-15,759777,Standard Grant,Collaborative Research: Reconstructing the Archean Supercraton Vaalbara using zircons and paleomagnetism,Harvard University
2425868,2026-06-15,80965,Standard Grant,Collaborative Research: Reconstructing the Archean Supercraton Vaalbara using zircons and paleomagnetism,Temple University
2533395,2026-06-15,654000,Standard Grant,The role of evolving topography on lava flow emplacement: An important process for understanding eruption hazards and flow-field development,University of Arizona
2534051,2026-06-15,100610,Standard Grant,Collaborative Research: A dynamic mechanism for generating directional variation of seismic velocities in the Earth's inner core,University of South Carolina at Columbia
2534052,2026-06-15,269085,Standard Grant,Collaborative Research: A dynamic mechanism for generating directional variation of seismic velocities in the Earth's inner core,University of California-Berkeley
2619156,2026-06-15,30000,Standard Grant,Travel: Expanding Expertise in Subduction Zone Processes,Massachusetts Institute of Technology
2523863,2026-06-17,299919,Standard Grant,Tectonic Evolution of the Ancestral Rocky Mountain System,Colorado State University
2545115,2026-06-17,210670,Standard Grant,RUI: Developing a predictive 3D model of strain accommodation during progressive folding of sandstone,Trinity University
2626816,2026-06-18,371002,Standard Grant,"Collaborative Research: RUI: Resolving the effects of lithospheric foundering on orogenesis: An example from the southern Puna plateau, Argentina",University of Pittsburgh
2539103,2026-06-22,866460,Continuing Grant,CAREER: An integrated approach to macrogeomorphic reconstruction of tectonic margins: exploring links between landscape evolution and critical mineral provenance,North Carolina State University
2539349,2026-06-23,888026,Continuing Grant,CAREER: Tracing hydrologic and biogeochemical consequences of multiple disturbances in mountain watersheds,Boise State University
2536186,2026-06-24,340560,Standard Grant,Collaborative Research: Quantifying changes in near-surface soil properties from hydrologic intensification,Indiana University
2536187,2026-06-24,342230,Standard Grant,Collaborative Research: Quantifying changes in near-surface soil properties from hydrologic intensification,University of Wisconsin-Madison
2536188,2026-06-24,207236,Standard Grant,Collaborative Research: Quantifying changes in near-surface soil properties from hydrologic intensification,"California State University. East Bay Foundation, Inc."
2536189,2026-06-24,270175,Standard Grant,Collaborative Research: Quantifying changes in near-surface soil properties from hydrologic intensification,Boise State University
2542680,2026-06-24,607833,Continuing Grant,CAREER: Surface-Controlled Carbonate Nucleation: From Critical Zone to Critical Minerals,SUNY at Stony Brook
2628522,2026-06-24,287088,Continuing Grant,"Collaborative Research: From Peaks To Slopes To Communities, Tropical Glacierized Volcanoes As Sentinels of Global Change: Integrated Impacts On Water, Plants and Elemental Cycling",Boise State University
2609584,2026-06-26,590400,Standard Grant,Innovative Resources: Unified Community Velocity Model-Next: A Community-governed Cyberinfrastructure for Earthquake Science,University of Southern California
2541087,2026-06-29,737140,Continuing Grant,CAREER: Historical and projected changes in the spatiotemporal variability of western U.S. snowpack,Colorado School of Mines
2544077,2026-06-29,938299,Continuing Grant,CAREER: DroughtRx - forecasting drought at decision-relevant scales for agricultural resilience,William Marsh Rice University
2528867,2026-06-30,300000,Standard Grant,"Integrating fossils, anatomy, and physics to unravel the interplay between body size and locomotor ecology in the ancient forerunners of amphibians",Harvard University
2535856,2026-06-30,386921,Standard Grant,Bridging geochemical observations with continental growth and emergence: A new modeling approach with heterogeneous crustal reservoirs,Yale University
2539386,2026-06-30,724604,Continuing Grant,"CAREER: Building a Holistic Record of Upper Crustal Pluton Emplacement, Associated Deformation, and Volcanism From a Fossil Magmatic System",Purdue University
2543030,2026-06-30,969100,Continuing Grant,CAREER: Rare Earth Element Transport in Carbonatite Systems,University of Texas at Austin
2543033,2026-06-30,534725,Continuing Grant,CAREER: Dynamic rebound basins: Surface fingerprints of a dynamic lower lithosphere,University of California-Los Angeles
2545106,2026-06-30,92307,Standard Grant,"International glass reference materials for volatile element (H2O, CO2, S, Cl, F) microanalysis in silicate melts",Columbia University
2547559,2026-06-30,342714,Standard Grant,Calibrating thermodynamically valid REE thermobarometers,Boise State University
2548026,2026-07-01,99612,Standard Grant,Modern Laboratory Equipment for Geologic and Agricultural Studies,Montana State University-Northern
2601578,2026-07-01,234089,Standard Grant,An electron backscatter diffraction and energy dispersive spectroscopy detector system for Geoscience and materials research,"Board of Regents, NSHE, obo University of Nevada, Reno"
2626251,2026-07-06,107790,Standard Grant,Conference: GEO:CM Workshop on Remote Sensing and Critical Mineral Discovery,University of Utah
2628202,2026-07-06,212432,Standard Grant,Collaborative Research: Resolving Conflicting Thermobarometry and Stratigraphy in the Tethyan Himalaya,Pomona College
2600105,2026-07-07,954636,Standard Grant,Biogenic hydrogen production under geological carbon storage conditions,Oklahoma State University
2550643,2026-07-08,418481,Standard Grant,"Diagnosing the Spatial Cascade of Precipitation, Soil Moisture, and Vegetation in Observations and Models",University of California-Irvine
2611023,2026-07-08,354046,Standard Grant,"Monsoonal forcing on tropical water-rock reactions and their impact on geologic hydrogen, methane, and trace element fluxes",University of Texas at Arlington
2611638,2026-07-08,49990,Standard Grant,Conference: Early Career Researcher Support for the 2026 Organic Geochemistry Gordon Research Conference and Seminar,Gordon Research Conferences
2510414,2026-07-09,664887,Standard Grant,"MRI Track 1: A high resolution inductively coupled plasma mass spectrometer for research in the earth, ocean, environmental and related sciences",Oregon State University
2529050,2026-07-14,415777,Standard Grant,Collaborative Research: Understanding Sulfur Behavior in the Volcanic Critical Zone: Implications for Gas Monitoring,University of New Mexico
2529051,2026-07-14,401705,Standard Grant,Collaborative Research: Understanding Sulfur Behavior in the Volcanic Critical Zone: Implications for Gas Monitoring,University of Texas at Austin
2529052,2026-07-14,344724,Standard Grant,Collaborative Research: Understanding Sulfur Behavior in the Volcanic Critical Zone: Implications for Gas Monitoring,University of Florida
2604042,2026-07-16,356272,Standard Grant,Collaborative Research: GEO-CM: Mobilization of Nickel and Cobalt during ultramafic rock alteration,University of Utah
2604043,2026-07-16,194268,Standard Grant,Collaborative Research: GEO-CM: Mobilization of Nickel and Cobalt during ultramafic rock alteration,Miami University
2604044,2026-07-16,72055,Standard Grant,Collaborative Research: GEO-CM: Mobilization of Nickel and Cobalt during ultramafic rock alteration,Columbia University
2555899,2026-07-17,599670,Standard Grant,A high-resolution slide scanner for enhanced community access to digital petrography for teaching and research,University of Arkansas
2628989,2026-07-17,121700,Standard Grant,Collaborative Research: NSF-SNSF: Fire Impacts on the Response of terrestrial Ecosystems,Vanderbilt University
2628990,2026-07-17,205997,Standard Grant,Collaborative Research: NSF-SNSF: Fire Impacts on the Response of terrestrial Ecosystems,University of Connecticut
2628991,2026-07-17,70962,Standard Grant,Collaborative Research: NSF-SNSF: Fire Impacts on the Response of terrestrial Ecosystems,Colgate University
2549827,2026-07-20,313665,Standard Grant,Developing tree trace elements as a prospecting tool for strategic metals,Boise State University
2534398,2026-07-21,209733,Standard Grant,Collaborative Research: How Topography Shapes Pyroclastic Density Current Hazards,University of Texas at Austin
2534399,2026-07-21,49066,Standard Grant,Collaborative Research: How Topography Shapes Pyroclastic Density Current Hazards,Smithsonian Institution
2540361,2026-07-21,638300,Continuing Grant,"CAREER: From Kinematics to Physics: A Global, Time-Dependent Investigation of Megathrust Frictional Locking",University of New Mexico
2542760,2026-07-21,699000,Continuing Grant,CAREER: Characterizing detailed structural modifications of ancient continental lithospheres using full-wave seismic imaging methods,Purdue University
2611231,2026-07-21,376648,Standard Grant,Collaborative Research: Investigating Eocene arc initiation during plate reorganization from geologic observations and analysis from southern Alaska,Bucknell University
2611232,2026-07-21,314175,Standard Grant,Collaborative Research: Investigating Eocene arc initiation during plate reorganization from geologic observations and analysis from southern Alaska,Kansas State University
2611233,2026-07-21,223204,Standard Grant,Collaborative Research: Investigating Eocene arc initiation during plate reorganization from geologic observations and analysis from southern Alaska,University of Nevada Las Vegas
2611469,2026-07-21,402989,Standard Grant,Collaborative Research: Experimental approach to quantifying the impact of local deformation in semi-brittle materials to understand subduction processes.,Iowa State University
2611470,2026-07-21,220796,Standard Grant,Collaborative Research: Experimental approach to quantifying the impact of local deformation in semi-brittle materials to understand subduction processes.,Massachusetts Institute of Technology
2624417,2026-07-21,414828,Continuing Grant,Assessing the roles of wear and roughness on dynamic fault friction,University of Utah
2542379,2026-07-22,899184,Continuing Grant,CAREER: Mechanistic Foundations for Sustained and Scalable Hydrogen Generation from Stimulated Rock Formations,Texas A&M Engineering Experiment Station
2542696,2026-07-22,945086,Continuing Grant,CAREER: Understanding the history of grasslands in the southern Appalachians,Virginia Polytechnic Institute and State University
2554687,2026-07-22,506163,Standard Grant,Physical Controls of Submarine Groundwater Discharge Dispersal and Mixing in Coastal Surface Waters,University of Massachusetts Lowell
2615825,2026-07-22,222397,Standard Grant,Collaborative Research: RUI: Deformation of dense crust and mantle beneath the Northern Andes from naturally deformed xenoliths,Amherst College
2615826,2026-07-22,57704,Standard Grant,Collaborative Research: RUI: Deformation of dense crust and mantle beneath the Northern Andes from naturally deformed xenoliths,University of Arizona
2615827,2026-07-22,334964,Standard Grant,Collaborative Research: RUI: Deformation of dense crust and mantle beneath the Northern Andes from naturally deformed xenoliths,University of Washington
2619329,2026-07-22,385525,Standard Grant,Investigating Earth’s crust beneath New England using dense seismic arrays,Yale University
2534355,2026-07-23,301030,Standard Grant,Collaborative Research: Characterizing Magmatic System Dynamics and Structure with Fiber-Optic Sensing,University of Houston
2534356,2026-07-23,300000,Standard Grant,Collaborative Research: Characterizing Magmatic System Dynamics and Structure with Fiber-Optic Sensing,California Institute of Technology
2612620,2026-07-23,496722,Standard Grant,Collaborative Research: Impacts of Organic Nitrogen Dynamics in the Vadose Zone on Groundwater Quality,University of Nebraska-Lincoln
2612621,2026-07-23,397098,Standard Grant,Collaborative Research: Impacts of Organic Nitrogen Dynamics in the Vadose Zone on Groundwater Quality,South Dakota School of Mines and Technology
2618147,2026-07-23,320400,Standard Grant,Collaborative Research: Why are earthquake foreshocks rare in nature?,University of Texas at Austin
2618148,2026-07-23,272211,Standard Grant,Collaborative Research: Why are earthquake foreshocks rare in nature?,University of Memphis
2514800,2026-07-24,499665,Standard Grant,"Support of coring for Paleogene Earth Perturbations, U.S. Atlantic Coastal Plain",Rutgers University New Brunswick
2530200,2026-07-24,343318,Standard Grant,Collaborative Research: Depicting Rocky Mountain landscapes and vegetation through the warmest interval of the last 66 million years,University of Wyoming
2530201,2026-07-24,112297,Standard Grant,Collaborative Research: Depicting Rocky Mountain landscapes and vegetation through the warmest interval of the last 66 million years,University of California-San Diego Scripps Inst of Oceanography
2530202,2026-07-24,267995,Standard Grant,Collaborative Research: Depicting Rocky Mountain landscapes and vegetation through the warmest interval of the last 66 million years,University of Florida
2540241,2026-07-24,863326,Continuing Grant,CAREER: Deciphering Earth’s early atmosphere using windblown ripples on Mars,Stanford University
2544924,2026-07-24,427960,Standard Grant,"Clumped isotope reactivity in calcium carbonate: The role of mineralogy, trace elements, organic matter, and internal water",Texas A&M University
2611762,2026-07-24,469493,Standard Grant,"Drivers of soil carbon persistence in dryland floodplains: Constraining the feedbacks among hydrology, mineral stabilization, and respiration",University of New Mexico
2615556,2026-07-24,183122,Standard Grant,Effects of Deglaciation on Mantle Melting and Magma Transport in Iceland,Pennsylvania State Univ University Park
2535946,2026-07-27,360443,Standard Grant,Determining Eruption Source Processes at Explosive Basaltic Stratovolcanoes,University of Alaska Fairbanks Campus
2542388,2026-07-27,872859,Continuing Grant,CAREER: Reconciling the Turkana Basin's timeline utilizing luminescence geochronology to reduce sedimentary gaps from the last million years,SUNY at Stony Brook
2543854,2026-07-27,1084304,Continuing Grant,CAREER: Evolution of Diets and Landscapes in Tropical Ecosystems,California Institute of Technology
2554178,2026-07-27,464052,Standard Grant,Elemental uptake in marine calcium carbonate minerals for paleoenvironmental research,University of Hawaii
2554199,2026-07-27,452464,Standard Grant,GEO-CM: Relative Timing and Temperature of Copper Mineralization in Porphyry Deposits,Colorado School of Mines
2605227,2026-07-27,370860,Standard Grant,Collaborative Research: Bacterial cell surface amine binding sites: The overlooked controllers of the bioavailability and environmental fate of aqueous anions and metalloids,University of Notre Dame
2605228,2026-07-27,250000,Standard Grant,Collaborative Research: Bacterial cell surface amine binding sites: The overlooked controllers of the bioavailability and environmental fate of aqueous anions and metalloids,Illinois Institute of Technology
2608307,2026-07-27,742059,Standard Grant,Collaborative Research: NSF-BSF: Marsh-to-Beach Boundaries to Decode early Holocene Sea-Level Rise,University of California-San Diego Scripps Inst of Oceanography
2608308,2026-07-27,136283,Standard Grant,Collaborative Research: NSF-BSF: Marsh-to-Beach Boundaries to Decode early Holocene Sea-Level Rise,University of California-Santa Barbara
2608309,2026-07-27,73655,Standard Grant,Collaborative Research: NSF-BSF: Marsh-to-Beach Boundaries to Decode early Holocene Sea-Level Rise,Texas A&M University
2612693,2026-07-27,395998,Standard Grant,Collaborative Research: Salt Marsh Geomorphic Response to Rapid Sea-level Rise Using Past Earthquakes on the Oregon Coast as a Natural Laboratory,University of Rhode Island
2612694,2026-07-27,441394,Standard Grant,Collaborative Research: Salt Marsh Geomorphic Response to Rapid Sea-level Rise Using Past Earthquakes on the Oregon Coast as a Natural Laboratory,University of Washington
2615146,2026-07-27,267427,Standard Grant,Macrostratigraphy of Northern Laurasia: Testing Models of Rock Cycling and Continental Flooding,University of Wisconsin-Madison
2628710,2026-07-27,183252,Standard Grant,Conference: GEO-CM: Workshop: Envisioning the Future of Critical Minerals and Materials Cyberinfrastructure,Regents of the University of Idaho
2628947,2026-07-27,400000,Standard Grant,NSF-SNSF: Geochemical Signatures of Water Stress,University of Illinois at Urbana-Champaign
2444266,2026-07-28,7541813,Cooperative Agreement,Continental Scientific Drilling Facility: Community Infrastructure for Studying the Subsurface,University of Minnesota-Twin Cities
2530225,2026-07-28,410900,Standard Grant,Structure and properties of the Cascadia plate interface: evidence from an exhumed paleomegathrust in the Olympic Subduction Complex,University of Washington
2603381,2026-07-28,403266,Standard Grant,Postdoctoral Fellowship: EAR-PF: Quantifying Copper-Iron Isotope Fractionation and Redox Partitioning in Sulfide Leaching of Critical Minerals,Colorado School of Mines
2603567,2026-07-28,485780,Standard Grant,Postdoctoral Fellowship: EAR-PF: The origins and role of hydrogen in ocean island lavas.,Woods Hole Oceanographic Institution
2603624,2026-07-28,462771,Standard Grant,Postdoctoral Fellowship: EAR-PF: Reconstructing the Last Environments of the Bering Land Bridge,University of Alaska Fairbanks Campus
2612741,2026-07-28,425000,Standard Grant,"A probabilistic fault system model based on a cross-validated, second-order damage evolution framework",University of Texas at Austin
2615061,2026-07-28,347799,Standard Grant,"Collaborative Research: Hydrologic, Geomorphic, and Geochemical Controls on Iron, Arsenic, and Organic Matter Cycling Across River-to-Tidal Corridors",Texas A&M University
2615062,2026-07-28,382389,Standard Grant,"Collaborative Research: Hydrologic, Geomorphic, and Geochemical Controls on Iron, Arsenic, and Organic Matter Cycling Across River-to-Tidal Corridors",University of Texas at Austin
2615063,2026-07-28,349361,Standard Grant,"Collaborative Research: Hydrologic, Geomorphic, and Geochemical Controls on Iron, Arsenic, and Organic Matter Cycling Across River-to-Tidal Corridors",University of Texas at San Antonio
2618429,2026-07-28,415488,Standard Grant,Collaborative Research: Understanding the Structure of the Cascadia Volcanic Arc using Passive Imaging Techniques,New Mexico Institute of Mining and Technology
2618430,2026-07-28,317121,Standard Grant,Collaborative Research: Understanding the Structure of the Cascadia Volcanic Arc using Passive Imaging Techniques,Purdue University
2514448,2026-07-29,539830,Standard Grant,"Collaborative Research: Sustained Resources: Enhancing, expanding, and sustaining community use of the Magnetics Information Consortium database",University of Minnesota-Twin Cities
2514449,2026-07-29,524812,Standard Grant,"Collaborative Research: Sustained Resources: Enhancing, expanding, and sustaining community use of the Magnetics Information Consortium database",Oregon State University
2603193,2026-07-29,311276,Standard Grant,NSFGEO-FAPESP: Ancient oceanic crust as clues to the evolution of plate tectonics on Earth,Towson University
2603255,2026-07-29,418026,Standard Grant,Postdoctoral Fellowship: EAR-PF: Quantifying the Paleolatitude of a Continental Ice Sheet,Stanford University
2603353,2026-07-29,385913,Standard Grant,"Postdoctoral Fellowship: EAR-PF: The relationship between specialization, environmental change, and extinction risk at the dawn of the Age of Mammals",Regents of the University of Michigan - Ann Arbor
2603400,2026-07-29,383586,Standard Grant,Postdoctoral Fellowship: EAR-PF: Evolution and ecology of early mammal communities in North America: insights from a Late Jurassic fossil assemblage,Los Angeles County Museum of Natural History Foundation
2603417,2026-07-29,412303,Standard Grant,Postdoctoral Fellowship: EAR-PF: Tracing Coral-Algal Symbiosis Across Geologic Time Using Nitrogen Isotopes,Trustees of Boston University
2603455,2026-07-29,407967,Standard Grant,Postdoctoral Fellowship: EAR-PF: Untapped critical mineral resources and insights from rubidium isotopic variations in lithium-rich brines,Brown University
2603547,2026-07-29,425549,Standard Grant,Postdoctoral Fellowship: EAR-PF: Influence of Glacial Outburst Floods on Estuarine Morphodynamics and Water Transport,University of Colorado at Boulder
2603594,2026-07-29,373954,Standard Grant,Postdoctoral Fellowship: EAR-PF: Expansion and validation of a robust global seismic debris flow model,University of California-Davis
2603607,2026-07-29,406808,Standard Grant,Postdoctoral Fellowship: EAR-PF: What controls earthquakes at the Cascadia subduction zone? Friction of subducting rocks at in situ pressure-temperature-fluid chemistry conditions,University of California-Santa Cruz
2607722,2026-07-29,529916,Standard Grant,Developing Accurate Magma Depth Indicators in Igneous Zircon,University of California-Los Angeles
2609689,2026-07-29,461089,Standard Grant,Collaborative Research: NSFGEO-NERC proposal: Towards documentation of the system-level behavior of the Pacific-North America plate boundary fault network in southern California,University of Southern California
2609690,2026-07-29,67320,Standard Grant,Collaborative Research: NSFGEO-NERC proposal: Towards documentation of the system-level behavior of the Pacific-North America plate boundary fault network in southern California,San Diego State University Foundation
2625009,2026-07-29,361308,Standard Grant,Collaborative Research: GEO-CM: Quantifying the role and composition of mineralizing fluids in carbonatite-hosted rare earth element deposits,Washington State University
2625010,2026-07-29,325008,Standard Grant,Collaborative Research: GEO-CM: Quantifying the role and composition of mineralizing fluids in carbonatite-hosted rare earth element deposits,Indiana University
2510332,2026-07-30,465907,Standard Grant,"MRI Track 1: Microplastics Instrumentation for Environmental, Engineering, and Health Research and Education",University of Maine
2510653,2026-07-30,489860,Standard Grant,MRI Track 1: A New Single Crystal X-ray Diffraction Instrument for Structure Solution of Ordered and Disordered Earth Materials,Los Angeles County Museum of Natural History Foundation
2514587,2026-07-30,878485,Standard Grant,Collaborative Research: Sustained Resources: Advancing and Expanding the Volcanology Infrastructure for Computational Tools and Resources,Columbia University
2514588,2026-07-30,151939,Standard Grant,Collaborative Research: Sustained Resources: Advancing and Expanding the Volcanology Infrastructure for Computational Tools and Resources,University of South Florida
2537248,2026-07-30,389039,Standard Grant,Collaborative Research: Does partial melting of metasedimentary rocks lead to differentiation of heat-producing elements in continental crust?,Regents of the University of Michigan - Ann Arbor
2537249,2026-07-30,389233,Standard Grant,Collaborative Research: Does partial melting of metasedimentary rocks lead to differentiation of heat-producing elements in continental crust?,University of California-Santa Barbara
2548018,2026-07-30,612882,Standard Grant,Collaborative Research: Fault or Not? Unraveling the Role of Himalayan Lineaments in Controlling Geohazards and Structural Segmentation,University of Texas at Austin
2548019,2026-07-30,351604,Standard Grant,Collaborative Research: Fault or Not? Unraveling the Role of Himalayan Lineaments in Controlling Geohazards and Structural Segmentation,Pomona College
2609515,2026-07-30,299387,Standard Grant,Collaborative Research: Innovative Resources: eRock - An open platform and community pipeline for digital outcrops,Syracuse University
2609516,2026-07-30,175868,Standard Grant,Collaborative Research: Innovative Resources: eRock - An open platform and community pipeline for digital outcrops,University of Texas at San Antonio
2609517,2026-07-30,124711,Standard Grant,Collaborative Research: Innovative Resources: eRock - An open platform and community pipeline for digital outcrops,University of Arizona
2614734,2026-07-30,1897760,Continuing Grant,Support for the International Seismological Centre (ISC),Michigan State University
2611202,2026-07-31,235056,Standard Grant,Collaborative Research: Extreme 21st century hydrologic volatility from the multimillennial perspective of giant sequoia,Hydrologic Research Center
2611203,2026-07-31,328683,Standard Grant,Collaborative Research: Extreme 21st century hydrologic volatility from the multimillennial perspective of giant sequoia,University of Arizona
2536258,2026-08-03,537000,Standard Grant,Collaborative Research: New Approaches to Earthquake Stress Drop Estimation and Understanding Variations in High-Frequency Seismic Radiation,University of California-San Diego Scripps Inst of Oceanography
2536259,2026-08-03,210687,Standard Grant,Collaborative Research: New Approaches to Earthquake Stress Drop Estimation and Understanding Variations in High-Frequency Seismic Radiation,Trustees of Boston University
2549495,2026-08-03,403097,Standard Grant,"Hazardous Explosive Eruption Cycles at Kīlauea Volcano, Hawai’i",University of Hawaii
2603754,2026-08-03,300002,Standard Grant,Collaborative Research: Unraveling the Connections Between Flow Channelization and Dynamic Heterogeneity in Fractured Media: An Integrated Experimental and Modelling Approach,Pennsylvania State Univ University Park
2603755,2026-08-03,300000,Standard Grant,Collaborative Research: Unraveling the Connections Between Flow Channelization and Dynamic Heterogeneity in Fractured Media: An Integrated Experimental and Modelling Approach,Colorado School of Mines
2611605,2026-08-03,99999,Standard Grant,EAGER: Artificial Intelligence (AI) and Machine Learning (ML)-Enhanced Multi-Molecular Proxies for Tracing Fire-Climate-Ecosystem Feedbacks,University of Connecticut
2624683,2026-08-03,514701,Standard Grant,Collaborative Research: A natural laboratory approach to studying copper and volatiles in a volcanic system,University of Washington
2624684,2026-08-03,339773,Standard Grant,Collaborative Research: A natural laboratory approach to studying copper and volatiles in a volcanic system,University of Florida
2629910,2026-08-03,45000,Standard Grant,Conference: Multi-disciplinary views of subduction processes,Trinity University
2535684,2026-08-04,397538,Standard Grant,"Collaborative Research: Global mapping of the Earth's D"" layer using machine learning and implications for deep mantle structure, properties and dynamics",University of California-Santa Cruz
2535685,2026-08-04,344999,Standard Grant,"Collaborative Research: Global mapping of the Earth's D"" layer using machine learning and implications for deep mantle structure, properties and dynamics",University of California-Berkeley
2522752,2026-08-05,261379,Standard Grant,Understanding earthquake hazards and critical minerals across the East Coast passive margin,Tulane University
2530348,2026-08-05,439235,Standard Grant,NSF-SNSF: Thermodynamic framework for modeling hydrothermal fluid-rock interaction and the mobility of critical elements in the Earth's crust,New Mexico Institute of Mining and Technology
2535831,2026-08-05,371082,Standard Grant,Collaborative Research: Structural And Thermal Architecture of the North American Cordillera in SE California,University Enterprises Corporation at CSUSB
2535832,2026-08-05,176810,Standard Grant,Collaborative Research: Structural And Thermal Architecture of the North American Cordillera in SE California,Arizona State University
2538231,2026-08-05,392815,Standard Grant,Collaborative Research: The Mantle Sources of Large Igneous Provinces,University of South Carolina at Columbia
2538232,2026-08-05,93969,Standard Grant,Collaborative Research: The Mantle Sources of Large Igneous Provinces,University of North Carolina at Pembroke
2543095,2026-08-05,737228,Standard Grant,CAREER: Interplay Between Multiphase Flow Dynamics and Mineral Dissolution in Subsurface Environments,University of Georgia Research Foundation Inc
2546403,2026-08-05,356187,Standard Grant,A Lab-Based Micro X-Ray Fluorescence Analyzer for Chemical Mapping of Geological Samples,SUNY at Stony Brook
2547377,2026-08-05,555725,Standard Grant,A field emission scanning electron microscope for geoscience research and student training,University of Texas at Austin
2549121,2026-08-05,411477,Standard Grant,"RUI: Salinity, source rocks, and cyclothems: Using paleosalinity proxies to track marine influence in the Maritimes Basin",Research Foundation of the State University of New York
2603822,2026-08-05,627858,Standard Grant,Origins and Tectonics of the Greater Himalayan Sequence,University of Arizona
2617572,2026-08-05,494304,Standard Grant,Seafloor Phosphorus Weathering and Earth System Response to Geologic Perturbations,Pennsylvania State Univ University Park
2624827,2026-08-05,118801,Standard Grant,Collaborative Research: RAPID: Time-sensitive opportunity to access 1.2 billion-year-old brines to quantify microbial hydrogen cycling in the deep subsurface,New Mexico Institute of Mining and Technology
2624828,2026-08-05,29084,Standard Grant,Collaborative Research: RAPID: Time-sensitive opportunity to access 1.2 billion-year-old brines to quantify microbial hydrogen cycling in the deep subsurface,Bigelow Laboratory for Ocean Sciences
2624829,2026-08-05,38825,Standard Grant,Collaborative Research: RAPID: Time-sensitive opportunity to access 1.2 billion-year-old brines to quantify microbial hydrogen cycling in the deep subsurface,University of Maryland Center for Environmental Sciences
2546116,2026-08-06,401892,Standard Grant,Studying the Magnetic Signature of the Inner Core,Carnegie Institution of Washington
2551326,2026-08-06,146434,Standard Grant,Collaborative Research: Paleoaltimetry of the South-Central Tibetan Plateau Using Triple Oxygen Isotope Measurements,Stanford University
2551327,2026-08-06,160564,Standard Grant,Collaborative Research: Paleoaltimetry of the South-Central Tibetan Plateau Using Triple Oxygen Isotope Measurements,University of North Carolina at Charlotte
2551328,2026-08-06,142140,Standard Grant,Collaborative Research: Paleoaltimetry of the South-Central Tibetan Plateau Using Triple Oxygen Isotope Measurements,Brown University
2603518,2026-08-06,390216,Standard Grant,Postdoctoral Fellowship: EAR-PF: Investigating fire and drought as drivers of prairie-forest ecosystem boundaries in the Midwestern US,University of Chicago
2618438,2026-08-06,224306,Standard Grant,Collaborative Research: GEO-CM: Tectonic Controls on Lithium Delivery and Enrichment in the Basin and Range,Syracuse University
2618439,2026-08-06,225013,Standard Grant,Collaborative Research: GEO-CM: Tectonic Controls on Lithium Delivery and Enrichment in the Basin and Range,Brown University
2618440,2026-08-06,219988,Standard Grant,Collaborative Research: GEO-CM: Tectonic Controls on Lithium Delivery and Enrichment in the Basin and Range,SUNY at Binghamton
2618441,2026-08-06,48297,Standard Grant,Collaborative Research: GEO-CM: Tectonic Controls on Lithium Delivery and Enrichment in the Basin and Range,University of Massachusetts Amherst
2618442,2026-08-06,274969,Standard Grant,Collaborative Research: GEO-CM: Tectonic Controls on Lithium Delivery and Enrichment in the Basin and Range,University of Wisconsin-Madison
2611412,2026-08-10,462550,Standard Grant,Mechanistic Understanding of Reaction-Driven Fracturing for Carbon Mineralization,Pennsylvania State Univ University Park
2615315,2026-08-11,472945,Standard Grant,Collaborative Research: Constraining the timing of emplacement of the Caribbean Large Igneous Province and its relationship to Oceanic Anoxic Events,Texas A&M University
2615316,2026-08-11,224419,Standard Grant,Collaborative Research: Constraining the timing of emplacement of the Caribbean Large Igneous Province and its relationship to Oceanic Anoxic Events,Carnegie Institution of Washington
2510465,2026-08-13,1397550,Standard Grant,MRI: Track 1: A new State of the Art Electron Probe Microanalyzer,"University of Maryland, College Park"
2542119,2026-08-13,353625,Standard Grant,Collaborative Research: Understanding mineral microscale to tectonic macroscale with experiments and theory,Yale University
2542120,2026-08-13,275144,Standard Grant,Collaborative Research: Understanding mineral microscale to tectonic macroscale with experiments and theory,University of Minnesota-Twin Cities
2612203,2026-08-13,450652,Standard Grant,RUI: Gully (lavaka) erosion in Madagascar: multi-decadal analysis and intersections with land use,Williams College
2533153,2026-08-14,428486,Standard Grant,Establishing relationships between tectonic features and seismic hazards,Woods Hole Oceanographic Institution
2533859,2026-08-14,297999,Standard Grant,Understanding the Earth's deep mantle sulfur reservoir on billion year timescales,Rutgers University New Brunswick
2618289,2026-08-17,313568,Standard Grant,Collaborative Research: Imaging precursors of volcanic eruption and mass wasting,Cornell University
2618290,2026-08-17,313605,Standard Grant,Collaborative Research: Imaging precursors of volcanic eruption and mass wasting,Pennsylvania State Univ University Park
