id,date,estimatedTotalAmt,transType,title,awardeeName
1939612,2019-09-05,90235,Standard Grant,NSF Convergence Accelerator: Industry-University Partnerships and the Future of Work,University Industry Demonstration Partnership
1939877,2019-09-05,99463,Standard Grant,Convergence Accelerator Phase I: Accelerating the Bioeconomy: Transformation of Engineering Biology through Public Biofoundries,University of California-Berkeley
1946329,2019-09-05,49999,Standard Grant,Convergence Accelerator Phase I:  Workshop: Scalable Quantum Computing Laboratory,"University of Maryland, College Park"
1946564,2019-09-05,85200,Standard Grant,Convergence Accelerator Phase I:  Project Scoping Workshop (PSW) on Quantum Interconnects (QuIC),Harvard University
1947215,2019-09-05,300000,Standard Grant,Convergence Accelerator Phase I: EAGER: Designing Curriculum for Convergence Accelerator Pilot and Workshops,IDEO LP
1936677,2019-09-10,999547,Standard Grant,"Convergence Accelerator Phase I (RAISE): Spatially-Explicit Models, Methods, and Services for Open Knowledge Networks",University of California-Santa Barbara
1936731,2019-09-10,994710,Standard Grant,Convergence Accelerator Phase I (RAISE): Linking the Open Knowledge Network to the Web with End-User Programming,University of Washington
1936857,2019-09-10,403086,Standard Grant,Convergence Accelerator Phase I (RAISE): AI-Based Decision Support for Linking Workers with Future Jobs and for Planning Work Transition and Career Pathway,Michigan State University
1936884,2019-09-10,948182,Standard Grant,Convergence Accelerator Phase I(RAISE): Network for Equity in the Era of Driverless Vehicles,Regents of the University of Michigan - Ann Arbor
1936915,2019-09-10,838722,Standard Grant,"RAISE: C-Accel Pilot-Track B1:DIRECT: A Framework for Diagnosis, Recommendation, and Training in Continuous Workforce Development",University of Massachusetts Amherst
1936940,2019-09-10,1000000,Standard Grant,Convergence Accelerator Phase I (RAISE): Simultaneous Knowledge Network Programming and Extraction,Regents of the University of Michigan - Ann Arbor
1936947,2019-09-10,417026,Standard Grant,Convergence Accelerator Phase I (RAISE): A Universal Framework of Micro-Credentials for Nation-Wide Employment,SUNY at Buffalo
1936950,2019-09-10,987955,Standard Grant,Convergence Accelerator Phase I (RAISE): Convergence Research to Meet Ocean Decision Challenges,Gulf of Maine Research Institute
1936956,2019-09-10,735320,Standard Grant,Convergence Accelerator Phase I (RAISE): Unpacking the Technology Career Path,University of Virginia Main Campus
1936968,2019-09-10,999992,Standard Grant,"Convergence Accelerator Phase I (RAISE): Toward Fair, Ethical, Efficient, and Trustworthy Crowdsourcing Platforms to Support Crowdworkers in Jobs of the Future",Colorado School of Mines
1936970,2019-09-10,1000000,Standard Grant,Convergence Accelerator Phase I(RAISE): Empowering Neurodiverse Populations for Employment through Inclusion AI and Innovation Science,Vanderbilt University
1936992,2019-09-10,905904,Standard Grant,Convergence Accelerator Phase I (RAISE): AI-Enabled Personalized Training for Displaced Workers in Materials Supply Chain,Colorado School of Mines
1937010,2019-09-10,999938,Standard Grant,"Convergence Accelerator Phase I(RAISE): Smart Platform of Personalized Learning, Assessment and Prediction for Future Career Training of Skilled Workers",University of North Carolina at Charlotte
1937017,2019-09-10,994433,Standard Grant,Convergence Accelerator Phase I (RAISE): MPrint-OKN,Virginia Commonwealth University
1937019,2019-09-10,973333,Standard Grant,"Convergence Accelerator Phase I (RAISE): Preparing the Future Workforce of Architecture, Engineering, and Construction for Robotic Automation Processes",Florida International University
1937033,2019-09-10,1000000,Standard Grant,Convergence Accelerator Phase I (RAISE): Building the Federalism Data and Advanced Statistics Hub (FDASH),University of North Carolina at Charlotte
1937036,2019-09-10,1000000,Standard Grant,"Convergence Accelerator Phase I (RAISE): Skill-LeARn: Affordable Augmented Reality Platform for Scaling Up Manufacturing Workforce, Skilling, a",Purdue University
1937037,2019-09-10,985485,Standard Grant,Convergence Accelerator Phase I (RAISE): Developing Intelligent Tech. for Workforce Empowerment: Credential Gap Diagnostics and Personalized Recommenders for Jobs and Retraining,North Carolina State University
1937043,2019-09-10,900000,Standard Grant,Convergence Accelerator Phase I (RAISE): Product Design and Manufacturing Graph-As-A-Service,North Carolina State University
1937053,2019-09-10,999327,Standard Grant,Convergence Accelerator Phase I (RAISE): Learning Environments with Advanced Robotics for Next-Generation Emergency Responders (LEARNER),Virginia Polytechnic Institute and State University
1937061,2019-09-10,996170,Standard Grant,Convergence Accelerator Phase I (RAISE): Unlocking the Power of Data and Science to Empower American Workers,National Bureau of Economic Research Inc
1937063,2019-09-10,999998,Standard Grant,Convergence Accelerator Phase I(RAISE): Rapid Dissemination of AI Microcredentials through Hands-On Industrial Robotics Education (RD-AIM-HIRE),Carnegie Mellon University
1937095,2019-09-10,962177,Standard Grant,Convergence Accelerator Phase I (RAISE): Network Science of Census Data,Tufts University
1937099,2019-09-10,1000000,Standard Grant,Convergence Accelerator Phase I (RAISE): The Urban Flooding Open Knowledge Network,University of Cincinnati Main Campus
1937115,2019-09-10,999999,Standard Grant,Convergence Accelerator Phase I (RAISE): Civil Infrastructure Systems Open Knowledge Network (CIS-OKN),University of Illinois at Urbana-Champaign
1937123,2019-09-10,1000000,Standard Grant,Convergence Accelerator Phase I (RAISE): Northwestern Open Access to Court Records Initiative,Northwestern University
1937134,2019-09-10,1000000,Standard Grant,Convergence Accelerator Phase I (RAISE): Scalable Knowledge Network to Enable Intelligent Textbooks,William Marsh Rice University
1937136,2019-09-10,999898,Standard Grant,Convergence Accelerator Phase I (RAISE): Knowledge Open Network Queries for Research (KONQUER),University of California-San Diego
1937137,2019-09-10,974140,Standard Grant,Convergence Accelerator Phase I (RAISE): Open Knowledge Network for the Global Energy Data Commons,Duke University
1937143,2019-09-10,999870,Standard Grant,Convergence Accelerator Phase I (RAISE): Credible Open Knowledge Network,University of Texas at Arlington
1937152,2019-09-10,892316,Standard Grant,Convergence Accelerator Phase I (RAISE): Convergence Hub for the Exploration of Space Science (CHESS),"ATMOSPHERIC & SPACE TECHNOLOGY RESEARCH ASSOCIATES, L.L.C."
1937153,2019-09-10,999117,Standard Grant,Convergence Accelerator Phase I (RAISE): Leveraging Financial and Economic Data - Business OKN,University of Southern California
1937160,2019-09-10,979204,Standard Grant,Convergence Accelerator Phase I (RAISE): A Multi-Scale Open Knowledge Network for Precision Medicine,University of California-San Francisco
1937165,2019-09-10,1000000,Standard Grant,"Convergence Accelerator Phase I (RAISE): Knowledge of Internet Structure: Measurement, Epistemology, and Technology (KISMET)",University of California-San Diego
1937833,2019-09-10,977566,Standard Grant,Convergence Accelerator Phase I (RAISE): Prepare the US labor Force for Future Jobs in the Hotel and Restaurant Industry: A hybrid Framework and Multi-Stakeholder Approach,The University of Central Florida Board of Trustees
1937888,2019-09-10,544504,Standard Grant,Convergence Accelerator Phase 1 (RAISE): Fostering a Diverse Artificial Intelligence (AI) Workforce,Columbia University
1937908,2019-09-10,999739,Standard Grant,Convergence Accelerator Phase I (RAISE): Open Knowledge Network for Spatial Decision Support,Portland State University
1937068,2019-09-11,499753,Standard Grant,Convergence Accelerator Phase I (RAISE): Competency Catalyst,Georgia Tech Research Corporation
1936997,2019-09-13,998588,Standard Grant,Convergence Accelerator Phase I (RAISE): Safe Skill-Aligned On-The-Job Training with Autonomous Systems,Arizona State University
1936656,2019-09-17,995000,Standard Grant,Convergence Accelerator Phase I (RAISE): Analytics-Driven Accessible Pathways To Impacts-Validated Education (ADAPTIVE),Indiana University
1936894,2019-09-17,1000000,Standard Grant,Convergence Accelerator Phase I(RAISE): Empowering a Digital Technology Workforce through Alignment and Coordination of Upskilling and Reskilling Opportunities,Business-Higher Education Forum
1939511,2019-09-17,80610,Standard Grant,NSF Convergence Accelerator: Landscape Carbon Sequestration for Atmospheric Recovery (LCSAR),University of Oregon Eugene
1945947,2019-09-17,74743,Standard Grant,Convergence Accelerator Phase I: Workshop: Architectures and Opportunities in Programmable Quantum Simulators,Colorado School of Mines
1937118,2019-09-18,404751,Standard Grant,Convergence Accelerator Phase I (RAISE): Connecting Indiana's Learn-And-Work Ecosystem,"CREDENTIAL ENGINE, INC."
1937026,2019-09-19,343252,Standard Grant,Convergence Accelerator Phase I (RAISE): Upskilling for Future Jobs through NLx Talent Demand Data,CENTER FOR EMPLOYMENT SECURITY EDUCATION AND RESEARCH
1954196,2019-12-19,95154,Standard Grant,"A Toolbox ""Train the Trainer"" Workshop for the C-Accel Program",Michigan State University
1956285,2020-01-29,99540,Standard Grant,"NSF Convergence Accelerator: Symposium on Big Data and AI-Driven Disaster Management for Planning, Response, Recovery, and Resiliency",University of South Carolina at Columbia
1939288,2020-01-30,37847,Standard Grant,NSF Convergence Accelerator: The Future of Privacy Technology-Inaugural Conference of the Privacy Tech Alliance,FPF Education and Innovation Foundation
1939471,2020-01-31,99999,Standard Grant,NSF Convergence Accelerator: NERIED Fall Meeting,"Associated Universities, Inc."
2029556,2020-04-28,164811,Standard Grant,RAPID: Rich and Accurate Auxiliary Databases for Supporting Virus Data Efforts,Regents of the University of Michigan - Ann Arbor
2029557,2020-04-28,159300,Standard Grant,RAPID: A Platform for Mitigating the Impacts of COVID-19 on the Healthcare System,Florida International University
2029919,2020-04-28,155000,Standard Grant,RAPID: Enhancing US manufacturing of small molecule active pharmaceutical ingredients (APIs) using Authoritative Systems Knowledge (ASK) - (ASK4APIs),Virginia Commonwealth University
2029457,2020-05-01,69998,Standard Grant,RAPID: Collecting Reliable COVID-19 Datasets in Crisis Conditions,University of Washington
2028310,2020-05-05,90658,Standard Grant,RAPID: COVIDGeoGraph – A Geographically Integrated Cross-Domain Knowledge Graph for Studying Regional Disruptions,University of California-Santa Barbara
2028411,2020-05-05,200000,Standard Grant,"RAPID: COVID-19-Net: Integrating Health, Pathogen and Environmental Data into a Knowledge Graph for Case Tracking, Analysis, and Forecasting",University of California-San Diego
2028999,2020-05-05,200000,Standard Grant,RAPID: COVID Information Commons (CIC),Columbia University
2029518,2020-05-18,159955,Standard Grant,RAPID: Improving Transportation Equity to Enhance Food Security for Families Vulnerable to COVID-19,Regents of the University of Michigan - Ann Arbor
2029788,2020-05-18,133934,Standard Grant,RAPID: Campus Coronavirus Response,Tufts University
2032040,2020-05-18,86177,Standard Grant,RAPID: Supply Chain Portal to Serve Entrepreneurs Producing Critical Items in Response to COVID-19,"University of Maryland, College Park"
2029590,2020-05-19,199114,Standard Grant,RAPID: Bridging the Health Care Skill Gap,Eduworks Corporation
2029584,2020-05-21,54250,Standard Grant,RAPID: Increasing Healthcare Credential Open Data in Response to COVID-19,"CREDENTIAL ENGINE, INC."
2029746,2020-05-21,148589,Standard Grant,RAPID: Developing a Benefits Distribution System to Facilitate Economic Recovery from the Impact of COVID-19,National Bureau of Economic Research Inc
2035143,2020-08-12,99506,Standard Grant,"NSF Convergence Accelerator: Future of Oceans: Innovation, Exploration, and Utilization",Massachusetts Institute of Technology
2035321,2020-08-12,99855,Standard Grant,"Transdisciplinary Convergence to Accelerate Strategies to Mitigate Institutional Racism in Criminal Justice, Education, and Health Systems",QEM Network HQ
2033521,2020-08-14,4998896,Cooperative Agreement,A1: KnowWhereGraph: Enriching and Linking Cross-Domain Knowledge Graphs using Spatially-Explicit AI Technologies,University of California-Santa Barbara
2033569,2020-08-14,4999998,Cooperative Agreement,A1: A Multi-Scale Open Knowledge Network for Biomedicine,University of California-San Francisco
2033607,2020-08-17,4999998,Cooperative Agreement,"A1: The Urban Flooding Open Knowledge Network (UF-OKN): Delivering Flood Information to AnyOne, AnyTime, AnyWhere",University of Cincinnati Main Campus
2033413,2020-08-20,5000000,Cooperative Agreement,B1: Inclusion AI for Neurodiverse Employment,Vanderbilt University
2033592,2020-08-20,4998274,Cooperative Agreement,B2: Learning Environments with Augmentation and Robotics for Next-gen Emergency Responders (LEARNER),Texas A&M Engineering Experiment Station
2033615,2020-08-20,5000000,Cooperative Agreement,B1 (Future Jobs and AI): Skill-XR: An Affordable and Scalable X-Reality (XR) Platform for Skills Training and Analytics in Manufacturing Workforce Education,Purdue University
2033604,2020-08-22,4999771,Cooperative Agreement,"A1: Systematic Content Analysis of Litigation Events (SCALES) Open Knowledge Network to Enable 
Transparency and Access to Court Records",Northwestern University
2040542,2020-08-22,1000000,Standard Grant,"NSF Convergence Accelerator - Track D: Hidden Water and Hydrologic Extremes: A Groundwater Data Platform for Machine Learning and 
Water Management",University of Arizona
2040581,2020-08-22,709707,Standard Grant,"NSF Convergence Accelerator- Track C: QuSTEAM: Convergent Undergraduate Education in Quantum Science, Technology, Engineering, Arts, and Mathematics","OHIO STATE UNIVERSITY, THE"
2040599,2020-08-22,1000000,Standard Grant,NSF Convergence Accelerator-Track D: AI-Enabled Provably Resilient Networked Microgrids,SUNY at Stony Brook
2033558,2020-08-28,4994542,Cooperative Agreement,A1: Knowledge Network Development Infrastructure with Application to COVID-19 Science and Economics,Regents of the University of Michigan - Ann Arbor
2033578,2020-08-28,4999964,Cooperative Agreement,B1: Competency Catalyst Phase II,Eduworks Corporation
2040620,2020-08-31,785000,Standard Grant,NSF Convergence Accelerator Track C: Synergistic Thrusts Towards Practical Topological Quantum Computing,Massachusetts Institute of Technology
2040665,2020-08-31,764467,Standard Grant,NSF Convergence Accelerator Track D: Intelligent Surveillance Platform for Damage Detection and Localization of Civil Infrastructure,Howard University
2040680,2020-08-31,944875,Standard Grant,NSF Convergence Accelerator - Track D: Data-Driven Disease Control and Prevention in Veterinary Health,University of California-Davis
2040520,2020-09-03,1000000,Standard Grant,NSF Convergence Accelerator Track C: High-Throughput Proteomics Technology Based on Quantum Sensing,University of Chicago
2040532,2020-09-03,999770,Standard Grant,NSF Convergence Accelerator - Track D: ImagiQ: Asynchronous and Decentralized Federated Learning for Medical Imaging,University of Iowa
2040549,2020-09-03,999087,Standard Grant,NSF Convergence Accelerator Track C: A Toolkit for Solving Practical Materials Science Problems on Near-Term,University of Texas at Austin
2040613,2020-09-03,999982,Standard Grant,NSF Convergence Accelerator Track D America's Water Risk:  Water System Data Pooling for Climate Vulnerability Assessment and Warning System,Columbia University
2040462,2020-09-04,999461,Standard Grant,"NSF Convergence Accelerator Track D: Scalable, TRaceable Ai for Imaging Translation: Innovation to Implementation for Accelerated Impact (STRAIT I3)",Vanderbilt University
2040614,2020-09-04,911483,Standard Grant,NSF Convergence Accelerator Track C: National Quantum Literacy Workforce Curriculum and Training Network,Morgan State University
2040638,2020-09-04,960000,Standard Grant,"NSF Convergence Accelerator Track D: Data & AI Methods for Modeling Facial Expressions in Language with Applications to Privacy for the Deaf, ASL Education & Linguistic Research",Rutgers University New Brunswick
2040688,2020-09-04,923999,Standard Grant,"NSF Convergence Accelerator Track D: Deep Monitoring of the Biome Will Converge Life Sciences, Policy, and Engineering",Vanderbilt University
2040735,2020-09-04,920000,Standard Grant,"NSF Convergence Accelerator Track D: Rapid Development of Intelligent, Built Environment Geo-Databases Using AI and Data-Driven Models",Oregon State University
2040521,2020-09-08,999951,Standard Grant,NSF Convergence Accelerator-Track D: Application of Sequential Inductive Transfer Learning for Experimental Metadata Normalization to Enable Rapid Integrative Analysis,Research Triangle Institute
2040575,2020-09-08,999797,Standard Grant,NSF Convergence Accelerator-Track C: Quantum-Interconnected Optomechanical Transducers for Entanglement-Enhanced Force and Inertial Sensing,University of Arizona
2040667,2020-09-08,960000,Standard Grant,NSF Convergence Accelerator - Track C: SQAI: Scalable Quantum Artificial Intelligence for Discovery,Pennsylvania State Univ University Park
2040676,2020-09-08,915999,Standard Grant,NSF Convergence Accelerator Track D: Artificial Intelligence and Community Driven Wildland  Fire Innovation via a WIFIRE Commons Infrastructure for Data and Model Sharing,University of California-San Diego
2040682,2020-09-08,993102,Standard Grant,"NSF Convergence Accelerator - Track D: A Standardized Model Description Format for Accelerating Convergence in Neuroscience, Cognitive Science, Machine Learning and Beyond",Princeton University
2040702,2020-09-08,981636,Standard Grant,NSF Convergence Accelerator Track C: Cloud-Accessible Integrated Quantum Simulator Based on Programmable Atom Arrays,Columbia University
2040727,2020-09-08,947200,Standard Grant,NSF Convergence Accelerator Track D: Towards Intelligent Sharing and Search for AI Models and Datasets,University of California-San Diego
2040527,2020-09-09,794725,Standard Grant,NSF Convergence Accelerator-Track C: Chip-Scale Integrated Multibeam Steering System for Cold-Atom Quantum Computing,University of Washington
2040695,2020-09-09,930000,Standard Grant,NSF Convergence Accelerator Track C: Interconnecting Quantum Computers for the Next-Generation Internet,"University of Maryland, College Park"
2040737,2020-09-09,920000,Standard Grant,NSF Convergence Accelerator Track C: Chiral-Based Quantum Interconnect Technologies (CirquiTs),University of California-Los Angeles
2040588,2020-09-10,966067,Standard Grant,NSF Convergence Accelerator Track D: A Trusted Integrative Model and Data Sharing Platform for Accelerating AI-Driven Health Innovation,Duke University
2040675,2020-09-10,968013,Standard Grant,"NSF Convergence Accelerator Track - Track D - AI-Enabled, Privacy-Preserving Information Sharing for Securing Network Infrastructure",Carnegie Mellon University
2040718,2020-09-10,954640,Standard Grant,NSF Convergence Accelerator Track D: The Data Hypervisor: Orchestrating Data and Models,University of Chicago
2040636,2020-09-14,1000000,Standard Grant,NSF Convergence Accelerator Track D: A Community Resource for Innovation in Polymer Materials,Massachusetts Institute of Technology
2114321,2021-02-02,299854,Standard Grant,EAGER: Integrated Team Science Curriculum Development & Support for the Convergence Accelerator Program,Michigan State University
2120238,2021-02-23,86752,Standard Grant,"Bringing Land, Ocean, Atmosphere and Ionosphere Data to the Community for Hazards Alerts",Chapman University
2120483,2021-02-24,99948,Standard Grant,Convergence Accelerator Workshop: Digital and Precision Agriculture,Iowa State University
2121124,2021-04-07,99300,Standard Grant,GeoConvergence Workshop,Fund For the City of New York
2132318,2021-06-30,4994542,Cooperative Agreement,A1: Knowledge Network Development Infrastructure with Application to COVID-19 Science and Economics,Massachusetts Institute of Technology
49100421C0039,2021-08-30,750000,Contract,Advancing Innovative Convergence Between Fisheries and Offshore Energy to Drive Adaptive Stewardship of Fisheries Habitat in a Dynamic Blue Economy,"BLUE LATITUDES, LLC"
2139740,2021-09-03,250000,Standard Grant,Evaluating COVID-19 Mitigation Strategies in Schools with a Spatially-Explicit Agent-Based Model of Infection Dynamics,University of California-San Diego
2137684,2021-09-10,749548,Standard Grant,"NSF Convergence Accelerator Track E: Combining high-resolution climate simulations with ocean biogeochemistry, fisheries and decision-making models to improve sustainable fisheries",Texas A&M University
2134345,2021-09-15,5000000,Cooperative Agreement,C: Photonic Engine to Accelerate Atomic Quantum Engineering (PEAQUE),University of Washington
2134795,2021-09-15,5000000,Cooperative Agreement,NSF Convergence Accelerator Track D:  A Community Resource for Innovation in Polymer Technology (CRIPT),Massachusetts Institute of Technology
2134830,2021-09-15,4998729,Cooperative Agreement,C: Quantum-Enhanced Inertial Measurement Unit (QEIMU),University of Arizona
2134832,2021-09-15,4989414,Cooperative Agreement,"NSF Convergence Accelerator- Track C: QuSTEAM: Convergent undergraduate education in Quantum Science, Technology, Engineering, Arts, and Mathematics","OHIO STATE UNIVERSITY, THE"
2134840,2021-09-15,5000000,Cooperative Agreement,"NSF Convergence Accelerator–Track D:  AI-Grid: AI-Enabled, Provably Resilient, Programmable Networked Microgrids",SUNY at Stony Brook
2134862,2021-09-15,4998973,Cooperative Agreement,D: Computing the Biome,Vanderbilt University
2134891,2021-09-15,5000000,Cooperative Agreement,C: Quantum Networks to Connect Quantum Technology (QuanNeCQT),"University of Maryland, College Park"
2134892,2021-09-15,5000000,Cooperative Agreement,"Track D: Hidden Water and Extreme Events: HydroGEN, A Physically Rigorous Machine Learning Platform for Hydrologic Scenario Generation",University of Arizona
2134901,2021-09-15,4990591,Cooperative Agreement,Track-D: Data-Driven Disease Prevention and Control in Animal Health,University of California-Davis
2134904,2021-09-15,5000000,Cooperative Agreement,NSF Convergence Accelerator – Track D: Artificial Intelligence and Community Driven Wildland Fire Innovation via a WIFIRE Commons Infrastructure for Data and Model Sharing,University of California-San Diego
49100421C0035,2021-09-15,749974,Contract,"FACT CHAMPION - Fact-checker, Activist, and Academic Collaboration Tools: Combatting Hate & Abuse towards Minorities as well as Misinformation & Propaganda In Online Networks ","Meedan, Inc."
49100421C0036,2021-09-15,750000,Contract,Verified Information Exchange,University of Washington
49100421C0037,2021-09-15,748828,Contract,Analysis and Response for Trust Tool (ARTT): Expert-Informed Resources for Individuals and Online Communities to Address Vaccine Hesitancy and Misinformation,Hacks/Hackers
49100421C0038,2021-09-15,422913,Contract,Data Governance to Support an Equitable and Sustainable Blue Economy,Multiplier
2139391,2021-09-17,2000000,Standard Grant,CIC-E: COVID Information Commons Extension for Pandemic Recovery,Columbia University
2137448,2021-09-20,749222,Standard Grant,NSF Convergence Accelerator Track F: Building Trust in Communication Systems by Addressing Misinformation-Driven Online Abuse and Harassment,George Washington University
2137469,2021-09-20,750000,Standard Grant,NSF Convergence Accelerator Track F: Misinformation Judgments with Public Legitimacy,Regents of the University of Michigan - Ann Arbor
2137519,2021-09-20,750000,Standard Grant,NSF Convergence Accelerator Track F: Co-Designing for Trust: Reimagining Online Information Literacies with Underserved Communities,University of Washington
2137530,2021-09-20,750000,Standard Grant,NSF Convergence Accelerator Track F: Adapting and Scaling Existing Educational Programs to Combat Inauthenticity and Instill Trust in Information,Massachusetts Institute of Technology
2137561,2021-09-20,722573,Standard Grant,NSF Convergence Accelerator Track E: Next Generation Biomaterials with Engineered Biodegradability to Enable Networked Swarm Sensing in the Ocean,University of California-Santa Barbara
2137567,2021-09-20,750000,Standard Grant,NSF Convergence Accelerator Track F: An Algorithmic Observatory to Address Financial Misinformation and Disinformation in Minoritized Communities (LOI ID: L02616265),University of California-Irvine
2137582,2021-09-20,749599,Standard Grant,"NSF Convergence Accelerator Track E: Innovative Seafood Traceability Network for Sustainable Use, Improved Market Access, and Enhanced Blue Economy",Loyola Marymount University
2137701,2021-09-20,749997,Standard Grant,NSF Convergence Accelerator Track E: Regional Climate Change Projections to Enable Equitable Ocean Planning for the Blue Economy,Rutgers University New Brunswick
2137724,2021-09-20,750000,Standard Grant,NSF Convergence Accelerator Track F: How Large-Scale Identification and Intervention Can Empower Professional Fact-Checkers to Improve Democracy and Public Health,University of Wisconsin-Madison
2137730,2021-09-20,716823,Standard Grant,NSF Convergence Accelerator Track E: Using Recycled Glass Sand to Promote Resilience and the Blue Economy in Coastal Communities,Tulane University
2137745,2021-09-20,749688,Standard Grant,"NSF Convergence Accelerator Track E: Reconfiguring Urban Shorelines for Resilience:  Convergence Research Meshing Ecology, Engineering and Architecture",SUNY at Stony Brook
2137766,2021-09-20,749255,Standard Grant,NSF Convergence Accelerator Track E: Empowering Stakeholders from Ship to Store--Solving Fishery Management Challenges with Use-Inspired Genomic and Artificial Intelligence Tools,Michigan State University
2137798,2021-09-20,750000,Standard Grant,NSF Convergence Accelerator Track E: Convergence Towards Nationwide Smart Precision Aquaculture Networks for Sustainable Shellfish Farming,"University of Maryland, College Park"
2137806,2021-09-20,749999,Standard Grant,NSF Convergence Accelerator Track F: Actionable Sensemaking Tools for Curating and Authenticating Information in the Presence of Misinformation during Crises,"OHIO STATE UNIVERSITY, THE"
2137826,2021-09-20,686462,Standard Grant,"NSF Convergence Accelerator Track E: Data Interfacing of Human Use, Culture, Economics, and Environment within the Blue Economy for Underserved Populations",West Virginia University Research Corporation
2137846,2021-09-20,750000,Standard Grant,NSF Convergence Accelerator Track F: America's Fourth Estate at Risk: A System for Mapping the (Local) Journalism Life Cycle to Rebuild the Nation's News Trust,Temple University
2137871,2021-09-20,750000,Standard Grant,NSF Convergence Accelerator Track F: A Disinformation Range to Improve User Awareness and Resilience to Online Disinformation,SUNY at Buffalo
2137882,2021-09-20,747606,Standard Grant,"NSF Convergence Accelerator Track E: A Globally Coordinated, Universally-Accessible Digital Twin Network for the Coral Reef Blue Economy",Woods Hole Oceanographic Institution
2137891,2021-09-20,750000,Standard Grant,NSF Convergence Accelerator Track E: Linking the Green Economy to the Blue Economy at the Coast,University of South Florida
2137903,2021-09-20,557577,Standard Grant,NSF Convergence Accelerator Track E: Developing Blue Economy from Micro to Macro-Scale in Kelp Aquaculture,San Diego State University Foundation
2137970,2021-09-20,750000,Standard Grant,NSF Convergence Accelerator Track E: Equipping Underserved Communities with Ocean Intelligence Platforms,University of Washington
2137977,2021-09-20,747174,Standard Grant,NSF Convergence Accelerator Track E: Ocean Vision AI: Scaling up Visual Observations of Life in the Ocean Using Artificial Intelligence,Monterey Bay Aquarium Research Institute
2202862,2021-12-14,3574513,Standard Grant,FW-HTF-T/Collaborative Research: Occupational Exoskeletons and the Human-Technology Partnership: Achieving Scale and Integration into the Future of Work,Clemson University
2226232,2022-07-14,749866,Standard Grant,NSF Convergence Accelerator Track G: Proactive End-to-End Zero Trust-Based Security Intelligence for Resilient Non-cooperative 5G Networks,Regents of the University of Michigan - Dearborn
2226339,2022-07-14,750000,Standard Grant,NSF Convergence Accelerator Track G: PETS: Programmable Zero-Trust Security for Operating Through 5G Infrastructure,Texas A&M Engineering Experiment Station
2226447,2022-07-14,750000,Standard Grant,NSF Convergence Accelerator Track G: Combating Vulnerability and Unawareness in 5G Network Security: Signaling and Full-Stack Approach,University of Kansas Center for Research Inc
2226460,2022-07-14,749999,Standard Grant,NSF Convergence Accelerator Track G: 5G Traffic Sovereignty: Operating Through an Adversarial Internet,University of California-San Diego
2226443,2022-07-15,748702,Standard Grant,NSF Convergence Accelerator Track: G: Security Services for the 5G Software-Defined Edge,SRI International
49100422C0020,2022-07-15,749945,Contract,Intelligent 5G Networks Designed and Integrated for Globalized Operations (INDIGO),AT&T CORP.
49100422C0022,2022-07-15,740615,Contract,Lightweight Scalable and Secure 5G and Beyond Networks,Novowi LLC
49100422C0023,2022-07-15,736253,Contract,Feasible Cooperative Zero Trust Framework for 5G,BLACKBERRY CORP
49100422C0024,2022-07-15,750000,Contract,SMART-5G: Secure Multichannel Automated operRations Through 5G Networks,INTERNATIONAL BUSINESS MACHINES CORPORATION
2226423,2022-07-19,750000,Standard Grant,NSF Convergence Accelerator Track G: Secure Texting over Non-cooperative Networks and Anti-jamming Enhancement in 5G,George Mason University
2226392,2022-07-25,750000,Standard Grant,NSF Convergence Accelerator Track G: Autonomously Tunable Waveform-Agnostic Radio Adapter for Seamless and Secure Operation of DoD Devices Through Non-Cooperative 5G Networks,Florida International University
49100422C0021,2022-07-25,749963,Contract,Secure Censor-resistant Overlay Resilient Networks (SCORE),PERATON LABS INC.
2226437,2022-07-29,749995,Standard Grant,NSF Convergence Accelerator Track G: SONIC: Securely Operate through 5G Networks with Informed Control,University of Utah
2226457,2022-07-29,749784,Standard Grant,NSF Convergence Accelerator Track G: Privacy-preserving Intrusion-resilient Secure Multiparty-computation-based Overlay (PISMO) for Secure and Resilient Communication Through 5G,SRI International
2232647,2022-08-09,284509,Standard Grant,EAGER: Place-Based Innovation Policy Study Group,National Bureau of Economic Research Inc
2226426,2022-08-14,749186,Standard Grant,NSF Convergence Accelerator Track G: 5G Hidden Operations through Securing Traffic (GHOST),University of Colorado at Boulder
2226555,2022-08-18,682189,Standard Grant,NSF Convergence Accelerator Track G: Building Resilient and Secure 5G Systems (BRASS),Red Balloon Security Inc
2230996,2022-08-18,93856,Standard Grant,Conference: Inaugural Workshop on Provably Safe and Beneficial AI (PSBAI),University of California-Berkeley
2231512,2022-08-18,99998,Standard Grant,"Convergence Accelerator Workshop - Chemical sensing with an olfaction analogue: high-dimensional, bio-inspired sensing and computation",Texas A&M University
2231524,2022-08-18,99953,Standard Grant,Conference: Transforming Educational Technology Through Convergence,University of Pennsylvania
2231526,2022-08-24,99992,Standard Grant,"Conference: Chemical Sensing Innovation: Harnessing Recent Advances in Biological, Physical, Chemical and Data sciences for Engineering Next Generation Electronic Noses",Washington University
2232404,2022-08-24,100000,Standard Grant,Conference: Incorporating Ethics into the Human-Centered Design of AI Solutions,"University of Maryland, College Park"
2231916,2022-08-25,94090,Standard Grant,Conference: Climate Resilience and Managing Water Resources,Indiana University
2231723,2022-08-30,99910,Standard Grant,Conference: Water for a changing planet: Rethinking land use and water supply in the face of population growth and climate breakdown.,Oregon State University
2230697,2022-09-06,99990,Standard Grant,Conference: Accelerating the Future of AI and Data-driven Education,University of Massachusetts Amherst
2231692,2022-09-06,99992,Standard Grant,Conference: Scientists as Allies: Community-centered Approaches to Climate Resilience,American Geophysical Union
2232327,2022-09-07,96689,Standard Grant,Conference: Convergence Accelerator Workshop: Bio-inspired Design,Syracuse University
2230479,2022-09-15,4981779,Cooperative Agreement,NSF Convergence Accelerator Track E: Backyard Buoys: Equipping Underserved Communities with Ocean Intelligence Platforms,University of Washington
2230494,2022-09-15,5000000,Cooperative Agreement,NSF Convergence Accelerator Track F: Online Deception Awareness and Resilience Training (DART),SUNY at Buffalo
2230641,2022-09-15,4955857,Cooperative Agreement,NSF Convergence Accelerator Track E: Nereid Biomaterials: Biodegradable plastics for tomorrow’s ocean,University of California-Santa Barbara
2230683,2022-09-15,5000000,Cooperative Agreement,NSF Convergence Accelerator Track F: Expert Voices Together: Building Trust in Communication Systems by Addressing Online Abuse and Harassment,George Washington University
2230692,2022-09-15,5000000,Cooperative Agreement,NSF Convergence Accelerator Track F: Course Correct: Precision Guidance Against Misinformation,University of Wisconsin-Madison
2230710,2022-09-15,5000000,Cooperative Agreement,"NSF Convergence Accelerator Track E: The BlueGreen Action Platform, connecting communities upstream and downstream to improve nitrogen management",University of South Florida
2230734,2022-09-15,4980807,Cooperative Agreement,"NSF Convergence Accelerator Track E: Digital Reefs: A Globally Coordinated, Universally Accessible Digital Twin Network for the Coral Reef Blue Economy",Woods Hole Oceanographic Institution
2230769,2022-09-15,5000000,Cooperative Agreement,NSF Convergence Accelerator Track E: Glass Recycling to Restore the Coast,Tulane University
2230776,2022-09-15,4999918,Cooperative Agreement,NSF Convergence Accelerator Track E: Ocean Vision AI: Scaling up visual observations of life in the ocean using artificial intelligence,Monterey Bay Aquarium Research Institute
2234676,2022-09-16,50000,Standard Grant,Conference: Enabling the Implementation of Integrated and Scalable Smart Cities,Carnegie Mellon University
2230616,2022-09-19,5000000,Cooperative Agreement,NSF Convergence Accelerator Track F: Co-designing for Trust: Reimagining Online Information Literacies with Underserved Communities,University of Washington
2235258,2022-11-02,244974,Standard Grant,"NSF Convergence Accelerator Track J: Accelerating commercial marine fish production in US: developing sustainable feeds, establishing feed suppliers and enhancing market acceptance",University of North Carolina at Wilmington
2236235,2022-11-02,750000,Standard Grant,NSF Convergence Accelerator Track J:  Aqua Sacs for Sustainable Agriculture in a Changing Climate,Pratt Institute
2235225,2022-12-08,613621,Standard Grant,NSF Convergence Accelerator Track H: Leveraging Human-Centered AI Microtransit to Ameliorate Spatiotemporal Mismatch between Housing and Employment for Persons with Disabilities,Wayne State University
2235243,2022-12-08,749685,Standard Grant,"NSF Convergence Accelerator Track H:  Bridging the Fragmentation of Information Access - An Integrated, Multimodal System for Inclusive Content Creation, Conversion, and Delivery",Saint Louis University
2235405,2022-12-08,750000,Standard Grant,NSF Convergence Accelerator Track H: AI-based Tools to Enhance Access and Opportunities for the Deaf,Rutgers University New Brunswick
2235473,2022-12-08,750000,Standard Grant,NSF Convergence Accelerator Track H: Developing Experiential Accessible Framework for Partnerships and Opportunities in Data Science (for the deaf community),Purdue University
2235863,2022-12-08,750000,Standard Grant,NSF Convergence Accelerator Track H: Advancement of Driving Technology for Vocational Enablement,Mississippi State University
2235916,2022-12-08,749996,Standard Grant,"NSF Convergence Accelerator Track H: Convergent, Human-Centered Design for Making Voice-Activated AI Accessible and Fair to People Who Stutter",Michigan State University
2235944,2022-12-08,750000,Standard Grant,NSF Convergence Accelerator Track H: Towards a Community-Driven Framework for the Creation and Impact Analysis of Digital Accessibility Maps with Persons with Disabilities,Wichita State University
2236014,2022-12-08,750000,Standard Grant,NSF Convergence Accelerator Track H: Appropriate Rehabilitation Technology via Passive Tactile Stimulation,Stanford University
2236054,2022-12-08,750000,Standard Grant,NSF Convergence Accelerator Track H: Making Virtual Reality Meetings Accessible to Knowledge Workers with Visual Impairments,Cornell University
2236097,2022-12-08,743451,Standard Grant,NSF Convergence Accelerator Track H: Smart Wearables for Expanding Workplace Access for People with Blindness and Low Vision,New York University Medical Center
2236157,2022-12-08,750000,Standard Grant,NSF Convergence Accelerator: Track H: Restoring Arm Function with Connected Assistance and Rehabilitation Systems,Harvard University
2236277,2022-12-08,749996,Standard Grant,NSF Convergence Accelerator Track H: Automating Transportation Affordances for People Living with Disabilities Using a Machine Learning Approach,Utah State University
2236320,2022-12-08,698161,Standard Grant,NSF Convergence Accelerator Track H: Determining Community Needs for Accessibility Tools that Facilitate Programming Education and Workforce Readiness for Persons with Disabilities,University of Southern California
2236352,2022-12-08,749960,Standard Grant,NSF Convergence Accelerator Track H: Next Generation Augmentative and Alternative Communication Technology Powered by Artificial Intelligence,University of Arkansas
2236354,2022-12-08,724415,Standard Grant,NSF Convergence Accelerator: Track H: Mobility Independence through Accelerated Wheelchair Intelligence,Northwestern University
2303003,2022-12-08,606730,Standard Grant,Conference: Partnership to Grow Research Capacity in Emerging Research Institutions,University of Missouri-Columbia
2235865,2022-12-09,750000,Standard Grant,NSF Convergence Accelerator Track J: Food EducatioN for Nutritional security and Empowerment in Local communities (FENNEL),University of Arkansas at Pine Bluff
2235992,2022-12-09,750000,Standard Grant,NSF Convergence Accelerator Track J: Dairy Protein Product Research and Innovation Hub,Boise State University
2236021,2022-12-09,748674,Standard Grant,NSF Convergence Accelerator Track J: Predicting the effect of climate extremes on the food system to improve resilience of global and local food security,University of California-Santa Barbara
2236058,2022-12-09,624029,Standard Grant,Convergence Accelerator Track J: Convergence Towards a Disaster Resilient Food System,University of Maryland Baltimore County
2236137,2022-12-09,749972,Standard Grant,"NSF Convergence Accelerator Track J: Building a digital twin for national-scale field-level crop monitoring, prediction, and decision support",George Mason University
2236146,2022-12-09,749994,Standard Grant,NSF Convergence Accelerator Track J: Optimizing sustainable delivery of local fresh produce in Puerto Rico to mitigate nutrition insecurity,George Washington University
2236302,2022-12-09,743651,Standard Grant,NSF Convergence Accelerator Track J: Data-driven Agriculture to Bridge Small Farms to Regional Food Supply Chains (L02619644),University of Arkansas
2236305,2022-12-09,749995,Standard Grant,NSF Convergence Accelerator Track J: Artificial-Intelligence-Based Decision Support for Equitable Food and Nutrition Security in the Houston Area,University of Houston
2236389,2022-12-09,744721,Standard Grant,NSF Convergence Accelerator Track J: Network Of User-engaged Researchers building Interdisciplinary Scientific infrastructures for Healthy food (NOURISH),University of California-San Francisco
2236390,2022-12-09,750000,Standard Grant,NSF Convergence Accelerator Track J: Increased Take-Up of Food Benefits and Consumption of Locally-Sourced Nutrient Dense Food among Vulnerable Populations (LOI L02619530),University of California-Los Angeles
2236622,2022-12-09,750000,Standard Grant,NSF Convergence Accelerator Track J: Rapid detection technologies and decision-support systems to mitigate food supply chain threats,University of Missouri-Columbia
2235871,2022-12-14,738922,Standard Grant,"NSF Convergence Accelerator Track I:  Accelerating Use of Geologically-driven Engineering and Reclamation (AUGER), A Predictive Approach to a Sustainable Critical Minerals Industry",Cornell University
2235945,2022-12-14,750000,Standard Grant,NSF Convergence Accelerator Track I: Sustainable Topological Energy Materials (STEM) for Energy-efficient Applications,Massachusetts Institute of Technology
2235978,2022-12-14,750000,Standard Grant,NSF Convergence Accelerator Track I: Energy-efficient MetaConductors for Convergence of Sustainable Electronics (E-MC2 of Sustainable Electronics),University of Florida
2236036,2022-12-14,750000,Standard Grant,NSF Convergence Accelerator Track I: Toward Water Circularity: Mining Green Hydrogen and Value-Added Materials from Hypersaline Brines,Oregon State University
2236080,2022-12-14,749997,Standard Grant,NSF Convergence Accelerator Track I: A Tale of Two Cities Optimizing Circularity from Molecules to the Built Environment,University of Georgia Research Foundation Inc
2236093,2022-12-14,750000,Standard Grant,"NSF Convergence Accelerator Track I: Building a Sustainable, Innovative Ecosystem for Microchip Manufacturing",Massachusetts Institute of Technology
2236100,2022-12-14,745310,Standard Grant,NSF Convergence Accelerator Track I: Sustainable Materials for Global Challenges: Recycled Textile and Apparel Manufacturing Ecosystems (RETAME),University of Delaware
2236190,2022-12-14,750000,Standard Grant,NSF Convergence Accelerator Track I: Mind over Matter: Socioresilient Materials Design: A New Paradigm For Addressing Global Challenges in Sustainability,Massachusetts Institute of Technology
2236331,2022-12-14,750000,Standard Grant,NSF Convergence Accelerator Track I: Revolutionizing the manufacture of Portland cement concretes towards a circular and carbon-negative future,University of Alabama Tuscaloosa
2235678,2022-12-16,744893,Standard Grant,"NSF Convergence Accelerator Track I: OpenMatFlo: A Platform for Designing, Producing, and Supplying Greener Inks for Additive Construction under Uncertainties",University of Florida
2236099,2022-12-16,745000,Standard Grant,NSF Convergence Accelerator Track I: Enhanced Biobased Textiles and Composites Via Microbially Produced Silk Proteins,Rensselaer Polytechnic Institute
2231168,2023-01-03,98975,Standard Grant,Conference: Climate Change and Quantum Computing,General Electric Global Research Center
2301952,2023-05-09,999650,Cooperative Agreement,"NSF Engines Development Award: Advancing logistics technologies (TX, OK)",University of North Texas
2302887,2023-05-09,1000000,Cooperative Agreement,"NSF Engines Development Award: Advancing laser technologies in the Rochester region (NY, PA)",University of Rochester
2302890,2023-05-09,1000000,Cooperative Agreement,NSF Engines Development Award: Advancing health equity and diagnostic technologies (GA),Emory University
2302896,2023-05-09,1000000,Cooperative Agreement,NSF Engines Development Award: Advancing technology-enabled mobility solutions (TN),University of Tennessee Knoxville
2302898,2023-05-09,1000000,Cooperative Agreement,"NSF Engines Development Award: Advancing carbon-neutral crop technologies to develop sustainable consumer goods (AL, GA, NC, TN)",HudsonAlpha Institute for Biotechnology
2302908,2023-05-09,1000000,Cooperative Agreement,NSF Engines Development Award: Advancing quantum technologies (CT),University of Connecticut
2302937,2023-05-09,999999,Cooperative Agreement,"NSF Engines Development Award: Advancing mass timber technologies (OR, WA)",University of Oregon Eugene
2302943,2023-05-09,995904,Cooperative Agreement,NSF Engines Development Award: Advancing manufacturing technologies (OH),Case Western Reserve University
2302945,2023-05-09,1000000,Cooperative Agreement,"NSF Engines Development Award: Advancing a domestic value chain for electric vehicles (AL, MS, GA)",University of Alabama Tuscaloosa
2302947,2023-05-09,1000000,Cooperative Agreement,"NSF Engines Development Award: Advancing carbon centric circular economy technologies for advanced manufacturing solutions (KY, TN)",University of Kentucky Research Foundation
2302950,2023-05-09,1000000,Cooperative Agreement,"NSF Engines Development Award: Advancing smart logistics (IL, IN, MO, WI)",Governors State University
2303322,2023-05-09,1000000,Cooperative Agreement,NSF Engines Development Award: Advancing next generation agriculture in Southern Georgia (GA),University of Georgia Research Foundation Inc
2303493,2023-05-09,998056,Cooperative Agreement,"NSF Engines Development Award: Advancing forest ecosystem management and forest product innovations (NH, ME, VT)",Northern Forest Center
2303495,2023-05-09,999990,Cooperative Agreement,"NSF Engines Development Award: Advancing biosecurity, biodefense, and biomanufacturing technologies (KS, MO)",Kansas State University
2303637,2023-05-09,1000000,Cooperative Agreement,"NSF Engines Development Award: Advancing energy and resilience technologies in the Permian Basin (TX, NM)",University of Texas at Austin
2304014,2023-05-09,1000000,Cooperative Agreement,"NSF Engines Development Award: Advancing quantum and supporting technologies in the Northern Intermountain States (MT, WY, ID)",Montana State University
2304047,2023-05-09,1000000,Cooperative Agreement,"NSF Engines Development Award: Advancing clean energy technologies in the Piedmont region to Generate Innovative New Economic Systems (NC, SC)",University of North Carolina at Charlotte
2304058,2023-05-09,916490,Cooperative Agreement,"NSF Engines Development Award: Advancing energy and decarbonization technologies in the Inland Northwest (WA, ID)",Urbanova
2304059,2023-05-09,999550,Cooperative Agreement,NSF Engines Development Award: Advancing circular bioeconomy technologies in North San Joaquin Valley (CA),University of California - Merced
2304153,2023-05-09,995943,Cooperative Agreement,"NSF Engines Development Award: Advancing water and energy technologies for the manufacturing and utilities sectors (WI, IL)",Milwaukee 7 Water Council
2304299,2023-05-09,1000000,Cooperative Agreement,"NSF Engines Development Award: Advancing equitable access to food and health technologies in the Delta (AR, LA, MS)",University of Arkansas Medical Sciences Campus
2305248,2023-05-09,999878,Cooperative Agreement,"NSF Engines Development Award: Advancing microelectronics technologies (MO, KS)",University of Missouri-Kansas City
2305505,2023-05-09,1000000,Cooperative Agreement,NSF Engines Development Award: Building a climate-smart bioeconomy in upstate New York (NY),Cornell University
2305517,2023-05-09,999997,Cooperative Agreement,NSF Engines Development Award: Advancing autonomous technologies for advanced manufacturing (MS),MISSISSIPPI STATE UNIVERSITY ASSURE RESEARCH & DEVELOPMENT CORPO
2305615,2023-05-09,999911,Cooperative Agreement,"NSF Engines Development Award: Advancing sustainable agriculture technologies (WI, IA, MN)",WiSys Technology Foundation Inc
2305618,2023-05-09,999999,Cooperative Agreement,NSF Engines Development Award: Advancing food security and climate resilience (MS),Jackson State University
2305684,2023-05-09,998073,Cooperative Agreement,NSF Engines Development Award: Advancing cyber security technologies for the maritime system (SC),University of South Carolina at Columbia
2305697,2023-05-09,999905,Cooperative Agreement,NSF Engines Development Award: Advancing the circular economy for lithium batteries (NV),"Board of Regents, NSHE, obo University of Nevada, Reno"
2305699,2023-05-09,999903,Cooperative Agreement,NSF Engines Development Award: Advancing biopharmaceutical technologies and manufacturing practices (PR),"PUERTO RICO SCIENCE, TECHNOLOGY AND RESEARCH TRUST"
2306109,2023-05-09,999999,Cooperative Agreement,"NSF Engines Development Award: Advancing cyber security technologies in the Central Savannah River Area (GA, SC)","AUGUSTA UNIVERSITY RESEARCH INSTITUTE, INC."
2306135,2023-05-09,995337,Cooperative Agreement,NSF Engines Development Award: Advancing climate technologies in Eastern North Carolina (NC),University of North Carolina at Wilmington
2306326,2023-05-09,1000000,Cooperative Agreement,"NSF Engines Development Award: Advancing photonics technologies (NJ, DE, PA, NY).",Princeton University
2306365,2023-05-09,1000000,Cooperative Agreement,"NSF Engines Development Award: Advancing neuroscience technologies to improve cognitive wellness (MO, IL)",Washington University
2306532,2023-05-09,992699,Cooperative Agreement,"NSF Engines Development Award: Advancing autonomous systems technologies in the Northern Front (ND, SD, MT, ID)",University of North Dakota Main Campus
2306622,2023-05-09,600000,Cooperative Agreement,"NSF Engines Development Award: Advancing coastal resiliency in the Caribbean (PR, VI, FL)",University of Puerto Rico at Bayamon
2308142,2023-05-09,941375,Cooperative Agreement,NSF Engines Development Award: Advancing space technologies (CO),"CATALYST CAMPUS FOR TECHNOLOGY AND INNOVATION, INC."
2308675,2023-05-09,999996,Cooperative Agreement,NSF Engines Development Award: Advancing additive manufacturing technologies (FL),APPLIED SCIENCE & TECHNOLOGY ORGANIZATION OF AMERICA CORP
2303099,2023-05-10,1000000,Cooperative Agreement,"NSF Engines Development Award: Advancing semi-conductor technologies in the Northwest (OR, ID, WA)",Oregon State University
2304933,2023-05-10,998406,Cooperative Agreement,NSF Engines Development Award: Advancing energy technologies in tribal communities (CA),SOUTHERN CALIFORNIA TRIBAL CHAIRMENS ASSOCIATION
2305455,2023-05-10,999926,Cooperative Agreement,"NSF Engines Development Award: Advancing climate resilient food technologies (HI, USAPI)",University of Hawaii
2305683,2023-05-10,987278,Cooperative Agreement,"NSF Engines Development Award: Advancing precision forestry and rangeland technologies (MT, ID, ND, SD, WA, WY)",University of Montana
2307858,2023-05-10,999898,Cooperative Agreement,"NSF Engines Development Award: Advancing smart grid technologies in Pacific Northwest (OR, ID, WA)",Portland State University
2308676,2023-05-10,1000000,Cooperative Agreement,"NSF Engines Development Award: Advancing industrial hemp technologies (PA, NY)",VYTAL PLANT SCIENCE RESEARCH
2302926,2023-05-30,992439,Cooperative Agreement,"NSF Engines Development Award: Advancing manufacturing micro-factory innovations in tribal communities (NM, AZ)",Navajo Technical University
2330310,2023-07-27,4998729,Cooperative Agreement,C: Quantum-Enhanced Inertial Measurement Unit (QEIMU),Regents of the University of Michigan - Ann Arbor
2321633,2023-08-21,1000000,Cooperative Agreement,Pivots: Enabling Access for Historically Underserved and Underrepresented Groups to Experiential Learning and Credentials in Artificial Intelligence,North Carolina State University
2331372,2023-08-21,400000,Standard Grant,Collaborative Research: EPIIC: Managing Culture Change on Two Fronts: Strengthening Our Capacity to Develop Partnerships,The College of New Jersey
2331373,2023-08-21,400000,Standard Grant,Collaborative Research: EPIIC: Managing Culture Change on Two Fronts: Strengthening Our Capacity to Develop Partnerships,University of Wisconsin-Eau Claire
2340870,2023-08-21,750000,Standard Grant,NSF Convergence Accelerator Track H: Towards a Community-Driven Framework for the Creation and Impact Analysis of Digital Accessibility Maps with Persons with Disabilities,Lehigh University
2331216,2023-08-23,400000,Standard Grant,Collaborative Research: EPIIC: Expanding Team Capacity for High Impact and New Growth (ETCHING) Cohort,Columbus State Community College
2331217,2023-08-23,400000,Standard Grant,Collaborative Research: EPIIC: Expanding Team Capacity for High Impact and New Growth (ETCHING) Cohort,SUNY Onondaga Community College
2331218,2023-08-23,399846,Standard Grant,Collaborative Research: EPIIC: Enabling Meaningful External Research Growth in Emergent Technologies (EMERGE),University of The Incarnate Word
2331219,2023-08-23,398946,Standard Grant,Collaborative Research: EPIIC: Enabling Meaningful External Research Growth in Emergent Technologies (EMERGE),Kettering University
2331220,2023-08-23,399286,Standard Grant,Collaborative Research: EPIIC: Enabling Meaningful External Research Growth in Emergent Technologies (EMERGE),Western Carolina University
2331221,2023-08-23,399996,Standard Grant,Collaborative Research: EPIIC: Enabling Meaningful External Research Growth in Emergent Technologies (EMERGE),University of Northern Colorado
2331319,2023-08-23,5999823,Cooperative Agreement,"ART: Research to Solutions, Building Translational Capacity in the Central Florida Innovation Ecosystem",The University of Central Florida Board of Trustees
2331631,2023-08-28,400000,Standard Grant,Collaborative Research: EPIIC: Developing an Eco Engine Jumpstart Kit,Kentucky Community & Technical College System
2331632,2023-08-28,400000,Standard Grant,Collaborative Research: EPIIC: Developing an Eco Engine Jumpstart Kit,Benedict College
2331633,2023-08-28,400000,Standard Grant,Collaborative Research: EPIIC: Developing an Eco Engine Jumpstart Kit,Rose State College
2335693,2023-08-28,99812,Standard Grant,A Workshop to Enhance America's Research Translation for Prosperity and Social Impact,Arizona State University
2331516,2023-08-29,99999,Standard Grant,Conference: Building Institutional Capacity for Engaged Research: A Workshop,National Academy of Sciences
2332452,2023-08-29,100000,Standard Grant,"Workshop: Foundation for Unmanned Technological Utilization, Research, and Exploration (FUTURE) Labs",North Carolina State University
2342005,2023-08-29,300000,Standard Grant,"EAGER: The Impact of Innovation Ecosystem Acceleration Training on Ecosystem Mapping, Stakeholder Engagement, and Regional Innovation Engine Choice",Massachusetts Institute of Technology
2331271,2023-08-30,6000000,Cooperative Agreement,ART: Translating Research to Practice for Communities Across Virginia,George Mason University
2331351,2023-08-30,6000000,Cooperative Agreement,ART: Facilitating Impactful New Entrepreneurs to Accelerate Research Translation (FINE ART),University of Massachusetts Amherst
2333726,2023-08-30,1472016,Cooperative Agreement,Proto-OKN Theme 1: The Water-Energy Nexus Open Knowledge Network (WEN-OKN),University of Cincinnati Main Campus
2336229,2023-08-30,123310,Standard Grant,RAPID: Connecting Early Stage Capital to the Deep Tech Innovation Ecosystem,ANGEL CAPITAL ASSOCIATION
2326835,2023-08-31,4983234,Cooperative Agreement,NSF Converence Accelerator Track G: 5G Hidden Operations through Securing Traffic (GHOST) Phase 2,University of Colorado at Boulder
2326882,2023-08-31,4999647,Cooperative Agreement,NSF Convergence Accelerator Track: G: The Security-Enhanced Radio Access Network (SE-RAN),SRI International
2326898,2023-08-31,5000000,Cooperative Agreement,NSF Convergence Accelerator Track G: Combating Vulnerability and Unawareness in 5G Network Security,University of Kansas Center for Research Inc
2326928,2023-08-31,5000000,Cooperative Agreement,NSF Convergence Accelerator Track G: AVOID 5G: Automated Verification Of Internet Data-paths for 5G,Johns Hopkins University
2321413,2023-09-06,998667,Cooperative Agreement,Pivots: Creating a Pathway to a Career in Quantum Information Science and Technology,University of Rhode Island
2322047,2023-09-06,999860,Cooperative Agreement,Beginnings: Workforce Innovation and Inclusion in Semiconductors and Emerging Research Areas,University of California-Berkeley
2322341,2023-09-06,999879,Cooperative Agreement,Pivots: Coalition Responsible for Equitable Skills Training,Vanderbilt University
2322465,2023-09-06,1000000,Cooperative Agreement,Pivots: VETS-HASTE: Veterans SkillBridge through Industry based Hardware Security Training and Education,University of Florida
2322496,2023-09-06,998665,Cooperative Agreement,Beginnings: Introducing Molecular Modeling Experiences to Underrepresented Students,CUNY New York City College of Technology
2322532,2023-09-06,999930,Cooperative Agreement,Beginnings Track: Experiential Learning for the Mechatronics Workforce in the Upper Peninsula and Northern Michigan,Michigan Technological University
2322535,2023-09-06,1000000,Cooperative Agreement,Beginnings: Experiential Learning on Digital Agriculture and Plant Phenotyping Technologies (DAPPT),Florida Agricultural and Mechanical University
2322605,2023-09-06,999997,Cooperative Agreement,Pivots: Reskilling Education Via Advanced Manufacturing Practicum,University of Cincinnati Main Campus
2322705,2023-09-06,999291,Cooperative Agreement,Beginnings: Addressing the Talent and Diversity Gap in Biotechnology Workforce,University of Louisiana at Lafayette
2322714,2023-09-06,999558,Cooperative Agreement,Pivots: Pivotal Pathways and Inclusive On-Ramps to Careers in Biomanufacturing,Gloucester Marine Genomics Institute
2322734,2023-09-06,999955,Cooperative Agreement,Pivots: Chicagoland Partnership for Semiconductor and Microelectronics Experiential Learning,Chicago State University
2322772,2023-09-06,875291,Cooperative Agreement,Beginnings: Sensor Technology as a Vehicle to Cultivate Experiential Learning for Emerging and Novel Technologies,Illinois Institute of Technology
2322554,2023-09-08,779925,Cooperative Agreement,Beginnings: Preparing Autistic Students for the AI Workforce,Carnegie Mellon University
2322555,2023-09-08,220000,Cooperative Agreement,Beginnings: Preparing Autistic Students for the AI Workforce,Pennsylvania State Univ University Park
2322590,2023-09-08,258486,Cooperative Agreement,Beginnings: Creating and Sustaining a Diverse Community of Expertise in Quantum Information Science (EQUIS) Across the Southeastern United States,University of Tennessee Chattanooga
2322591,2023-09-08,264322,Cooperative Agreement,Beginnings: Creating and Sustaining a Diverse Community of Expertise in Quantum Information Science (EQUIS) Across the Southeastern United States,Middle Tennessee State University
2322592,2023-09-08,116750,Cooperative Agreement,Beginnings: Creating and Sustaining a Diverse Community of Expertise in Quantum Information Science (EQUIS) Across the Southeastern United States,Auburn University
2322593,2023-09-08,90031,Cooperative Agreement,Beginnings: Creating and Sustaining a Diverse Community of Expertise in Quantum Information Science (EQUIS) Across the Southeastern United States,Fisk University
2322594,2023-09-08,270409,Cooperative Agreement,Beginnings: Creating and Sustaining a Diverse Community of Expertise in Quantum Information Science (EQUIS) Across the Southeastern United States,Tennessee Technological University
2322699,2023-09-08,325000,Cooperative Agreement,Beginnings: Democratizing Research and Experiential Education for Microelectronics,"University of Maryland, College Park"
2322700,2023-09-08,375000,Cooperative Agreement,Beginnings: Democratizing Research and Experiential Education for Microelectronics,Montgomery College
2322701,2023-09-08,300000,Cooperative Agreement,Beginnings: Democratizing Research and Experiential Education for Microelectronics,College of Southern Maryland
2331208,2023-09-08,5999567,Cooperative Agreement,ART: Translational Research Ambassadors Network for Strengthening Institutional Capacity and Fostering a Responsive and Open Mindset (TRANSFORM),Boise State University
2331364,2023-09-08,6000000,Cooperative Agreement,ART: STRIDE - Stimulating Translation of Research via Intentional Development and Ecosystem,Clemson University
2331399,2023-09-08,5720577,Cooperative Agreement,ART: American University Translating Research into Action Center (TRAC),American University
2333703,2023-09-08,1496897,Cooperative Agreement,"Proto-OKN Theme 1: DREAM-KG: Develop Dynamic, REsponsive, Adaptive, and Multifaceted Knowledge Graphs to address homelessness with Explainable AI",Temple University
2333736,2023-09-08,1499989,Cooperative Agreement,"Proto-OKN Theme 1: Knowledge Graph Construction for Resilient, Trustworthy, and Secure Software Supply Chains",Purdue University
2333801,2023-09-08,1499996,Cooperative Agreement,Proto-OKN Theme 1 - Supply and Demand Open Knowledge Network (SUDOKN),Arizona State University
2334103,2023-09-08,4558836,Standard Grant,Feasibility Study for Startup Accelerator Ignition Program,NEXTCORPS INC
2333728,2023-09-11,1454200,Cooperative Agreement,Proto-OKN Theme 1: BioBricks-OKG An Open Knowledge Graph For Cheminformatics And Chemical Safety,"INSILICA, LLC"
2333737,2023-09-11,1365875,Cooperative Agreement,Proto-OKN Theme 1 CollabNext: A Person-Focused Metafabric for Open Knowledge Networks,Georgia Tech Research Corporation
2333740,2023-09-11,1500000,Cooperative Agreement,Proto-OKN Theme 1: A Dynamically-Updated Open Knowledge Network for Health: Integrating Biomedical Insights with Social Determinants of Health,University of Virginia Main Campus
2333790,2023-09-11,1500000,Cooperative Agreement,Proto-OKN Theme 1: A Knowledge Graph Warehouse for Neighborhood Information,Purdue University
2333819,2023-09-11,1499168,Cooperative Agreement,Proto-OKN Theme 1: Connecting Biomedical information on Earth and in Space via the SPOKE knowledge graph,University of California-San Francisco
2333834,2023-09-11,1499375,Cooperative Agreement,Proto-OKN Theme 1: Digging in to Soil Carbon with USDA: A Knowledge Graph Informing Soil Carbon Modeling,University of Texas at Arlington
2322395,2023-09-13,1000000,Cooperative Agreement,Beginnings: Experiential Learning for Biomanufacturing Needs in Emerging Technologies,MiraCosta College
2322497,2023-09-13,953005,Cooperative Agreement,Beginnings: Experiential Learning for Emerging Biotechnology Careers,HudsonAlpha Institute for Biotechnology
2333810,2023-09-13,1380843,Cooperative Agreement,Proto-OKN Theme 2 Fabric: FabRic Integrating Networked Knowledge (FRINK),University of North Carolina at Chapel Hill
2322740,2023-09-14,499783,Cooperative Agreement,Pivots: Energy Leadership Accelerator,University of Alaska Fairbanks Campus
2322741,2023-09-14,492385,Cooperative Agreement,Pivots: Energy Leadership Accelerator,Rocky Mountain Institute
2331287,2023-09-14,1169896,Standard Grant,Expanding Access to Graduate Education and the Advanced STEM Workforce,Council of Graduate Schools
2331582,2023-09-14,400000,Standard Grant,Collaborative Research: EPIIC: Generating Regional Innovative Partnerships (GRIP),William Rainey Harper College
2331583,2023-09-14,399688,Standard Grant,Collaborative Research: EPIIC: Generating Regional Innovative Partnerships (GRIP),Mississippi Gulf Coast Community College
2331584,2023-09-14,400000,Standard Grant,Collaborative Research: EPIIC: Generating Regional Innovative Partnerships (GRIP),Washburn University of Topeka
2331585,2023-09-14,399995,Standard Grant,Collaborative Research: EPIIC: Generating Regional Innovative Partnerships (GRIP),WICHITA STATE UNIVERSITY CAMPUS OF APPLIED SCIENCES & TECHNOLOGY
2331586,2023-09-14,399969,Standard Grant,Collaborative Research: EPIIC: Generating Regional Innovative Partnerships (GRIP),Ivy Tech Community College of Indiana
2333795,2023-09-14,1500000,Cooperative Agreement,Proto-OKN Theme 1: Exploiting Federal Data and Beyond: A Multi-modal Knowledge Network for Comprehensive Wildlife Management under Climate Change,University of Notre Dame
2333803,2023-09-14,1498523,Cooperative Agreement,Proto-OKN Theme 1: An integrated platform to connect criminal justice data across data silos,"Georgia State University Research Foundation, Inc."
2333836,2023-09-14,1499999,Cooperative Agreement,Proto-OKN Theme 1: Creating A Cross-Domain Knowledge Graph to Integrate Health and Justice for Rural Resilience,University of Alabama Tuscaloosa
2333849,2023-09-14,1499999,Cooperative Agreement,Proto-OKN Theme 2: SPIDER: Scalable Public Infrastructure for Distributed Entity Relationships,Onai Inc.
2336484,2023-09-14,4662695,Standard Grant,"Broadening Participation in STEM Graduate Degrees and the U.S. STEM Workforce:  Understanding Application, Admissions, And Matriculation in STEM Graduate Education",Council of Graduate Schools
2331258,2023-09-15,5999446,Cooperative Agreement,"ART: Technology, Entrepreneurship and Commercialization Hub (ART:TECH)",University of Missouri-Columbia
2331325,2023-09-15,6000000,Cooperative Agreement,ART: Mining the Rich Vein of Research in Montana,Montana State University
2331357,2023-09-15,5992385,Cooperative Agreement,ART: Inspiring the Generation of New Ideas and Translational Excellence at Florida State University,Florida State University
2331381,2023-09-15,5996999,Cooperative Agreement,ART: Fostering an entrepreneurial innovation ecosystem through training and university-led private-public partnerships,University of Alabama Tuscaloosa
2331409,2023-09-15,5999975,Cooperative Agreement,ART: Intensifying Translation of Research in Oklahoma (InTRO),University of Oklahoma Norman Campus
2331429,2023-09-15,5999999,Cooperative Agreement,ART: Enhancements at the New Jersey Institute of Technology to Transform Translational Impact,New Jersey Institute of Technology
2333532,2023-09-15,1499518,Cooperative Agreement,Proto-OKN Theme 3: An Education Gateway for the Proto-OKN,Wright State University
2333782,2023-09-15,1499735,Cooperative Agreement,Proto-OKN Theme 1: Safe Agricultural Products and Water Graph (SAWGraph): An OKN to Monitor and Trace PFAS and Other Contaminants in the Nation's Food and Water Systems,University of Maine
2333789,2023-09-15,1498564,Cooperative Agreement,Proto-OKN Theme 1: Knowledge Graph to Support Evaluation and Development of Climate Models,Temple University
2331555,2023-09-20,399499,Standard Grant,Collaborative Research: EPIIC: EmpowerEd -- Building the Future Workforce Together,Hobart and William Smith Colleges
2331556,2023-09-20,400000,Standard Grant,Collaborative Research: EPIIC: EmpowerEd -- Building the Future Workforce Together,University of Maine Farmington
2331557,2023-09-20,399934,Standard Grant,Collaborative Research: EPIIC: EmpowerEd -- Building the Future Workforce Together,Albany College of Pharmacy
2331558,2023-09-20,400000,Standard Grant,Collaborative Research: EPIIC: EmpowerEd -- Building the Future Workforce Together,Montgomery College
2331559,2023-09-20,399996,Standard Grant,Collaborative Research: EPIIC: EmpowerEd -- Building the Future Workforce Together,BENJAMIN FRANKLIN CUMMINGS INSTITUTE OF TECHNOLOGY
2331560,2023-09-20,395968,Standard Grant,Collaborative Research: EPIIC: EmpowerEd -- Building the Future Workforce Together,Ohio Wesleyan University
2331568,2023-09-20,400000,Standard Grant,Collaborative Research: EPIIC: LIGHT UP: Leveraging Innovation to Grow High Tech and University Partnerships,State University of New York College of Technology at Canton
2331569,2023-09-20,400000,Standard Grant,Collaborative Research: Research Infrastructure: EPIIC: Collaborative Proposal: LIGHT UP: Leveraging Innovation to Grow High Tech and University Partnerships,Rowan College of Burlington County
2331570,2023-09-20,400000,Standard Grant,Collaborative Research: Research Infrastructure: EPIIC: Collaborative Proposal: LIGHT UP: Leveraging Innovation to Grow High Tech and University Partnerships,Marymount University
2331571,2023-09-20,400000,Standard Grant,Collaborative Research: Research Infrastructure: EPIIC: Collaborative Proposal: LIGHT UP: Leveraging Innovation to Grow High Tech and University Partnerships,Alvernia University
2331572,2023-09-20,400000,Standard Grant,Collaborative Research: Research Infrastructure: EPIIC: Collaborative Proposal: LIGHT UP: Leveraging Innovation to Grow High Tech and University Partnerships,Kean University
2331573,2023-09-20,400000,Standard Grant,Collaborative Research: Research Infrastructure: EPIIC: Collaborative Proposal: LIGHT UP: Leveraging Innovation to Grow High Tech and University Partnerships,Bowie State University
2331703,2023-09-20,400000,Standard Grant,Collaborative Research: EPIIC: Colleges Aligning Resources to Elevate Education and Regional STEM (CAREERS) Workforce,Jefferson College
2331704,2023-09-20,400000,Standard Grant,Collaborative Research: EPIIC: Colleges Aligning Resources to Elevate Education and Regional STEM (CAREERS) Workforce,Ohlone Community College District
2332021,2023-09-20,400000,Standard Grant,Collaborative Research: EPIIC: HBCU Alliance for Strategic Partnerships for Innovation and Research Enhancement (HBCU-ASPIRE),Florida Memorial University
2332022,2023-09-20,400000,Standard Grant,Collaborative Research: EPIIC: HBCU Alliance for Strategic Partnerships for Innovation and Research Enhancement (HBCU-ASPIRE),Coppin State University
2332023,2023-09-20,400000,Standard Grant,Collaborative Research: EPIIC: HBCU Alliance for Strategic Partnerships for Innovation and Research Enhancement (HBCU-ASPIRE),Kentucky State University
2332024,2023-09-20,400000,Standard Grant,Collaborative Research: EPIIC: HBCU Alliance for Strategic Partnerships for Innovation and Research Enhancement (HBCU-ASPIRE),HARRIS-STOWE STATE UNIVERSITY
2332942,2023-09-20,400000,Standard Grant,Collaborative Research: EPIIC: Cultivating Innovation and Research Capacity for Life Sustaining Emerging Technologies (CIRCLET),University of Hawaii
2332943,2023-09-20,400000,Standard Grant,Collaborative Research: EPIIC: Cultivating Innovation and Research Capacity for Life Sustaining Emerging Technologies (CIRCLET),College of Southern Nevada
2332944,2023-09-20,399999,Standard Grant,Collaborative Research: EPIIC: Cultivating Innovation and Research Capacity for Life Sustaining Emerging Technologies (CIRCLET),NORTHERN MARIANAS COLLEGE
2331430,2023-09-21,799996,Standard Grant,Collaborative Research: EPIIC: Developing Emerging Technology Ecosystem Partnerships for Primarily Undergraduate Institutions,Christopher Newport University
2331431,2023-09-21,399995,Standard Grant,Collaborative Research: EPIIC: Developing Emerging Technology Ecosystem Partnerships for Primarily Undergraduate Institutions,Champlain College Incorporated
2331472,2023-09-21,400000,Standard Grant,Collaborative Research: EPIIC: Raising Rural Economic Development & Innovation (RREDI),Longwood University
2331473,2023-09-21,400000,Standard Grant,Collaborative Research: EPIIC: Raising Rural Economic Development & Innovation (RREDI),Angelo State University
2331474,2023-09-21,400000,Standard Grant,Collaborative Research: EPIIC: Raising Rural Economic Development & Innovation (RREDI),Independence Community College
2331475,2023-09-21,400000,Standard Grant,Collaborative Research: EPIIC: Raising Rural Economic Development & Innovation (RREDI),College of William & Mary Richard Bland College
2331549,2023-09-21,799959,Standard Grant,Collaborative Research: EPIIC:Increasing our Innovation SCOREs: Symbiotic Collaboration of Regional Ecosystems,Seattle University
2331550,2023-09-21,378437,Standard Grant,Collaborative Research: EPIIC:Increasing our Innovation SCOREs: Symbiotic Collaboration of Regional Ecosystems,CAL POLY HUMBOLDT SPONSORED PROGRAMS FOUNDATION
2331551,2023-09-21,399727,Standard Grant,Collaborative Research: EPIIC:Increasing our Innovation SCOREs: Symbiotic Collaboration of Regional Ecosystems,Saint Francis University
2331553,2023-09-21,394470,Standard Grant,Collaborative Research: EPIIC:Increasing our Innovation SCOREs: Symbiotic Collaboration of Regional Ecosystems,Saint Mary's University of Minnesota
2345057,2023-12-06,5000000,Cooperative Agreement,NSF Convergence Accelerator Track H: Visit Unknown Places Confidently: Mapping for Access BuiLt Environments (MABLE),Lehigh University
2345086,2023-12-06,5000000,Cooperative Agreement,"NSF Convergence Accelerator Track H: A Broad, Human-Centered, and Convergent Framework for Transforming Voice AI Accessibility for People Who Stutter",Michigan State University
2345107,2023-12-06,5000000,Cooperative Agreement,NSF Convergence Accelerator: Track H: Restoring Arm Function with Connected Assistance and Rehabilitation Systems,Harvard University
2345139,2023-12-06,5000000,Cooperative Agreement,NSF Convergence Accelerator Track H: Phase II Smart Wearables for Expanding Workplace Access for People with Blindness and Low Vision,New York University Medical Center
2345159,2023-12-06,5000000,Cooperative Agreement,"NSF Convergence Accelerator Track H: Addressing the Fragmented Information Access Problem - A Community-Driven, AI-Powered Platform for Multimodal Content Creation",Saint Louis University
2345174,2023-12-06,5000000,Cooperative Agreement,NSF Convergence Accelerator: Track H: Mobility Independence through Accelerated Wheelchair Intelligence,Northwestern University at Chicago
2350104,2023-12-07,1763429,Standard Grant,Conference: Enhancing Capacity for Research and Partnerships at Emerging Research Institutions,University of Missouri-Columbia
2331378,2023-12-13,6000000,Cooperative Agreement,ART: Accelerating Research Translation in Southern Mississippi from Concepts to Careers,University of Southern Mississippi
2331417,2023-12-13,6000000,Cooperative Agreement,ART: Building an Innovation Ecosystem to Drive Economic Growth and AcceLUrate Research Translation at Lehigh University,Lehigh University
2331440,2023-12-13,5997280,Cooperative Agreement,ART: Translating Engineering Driven Health Initiatives From Idea to Impact,University of Delaware
2331447,2023-12-13,6000000,Cooperative Agreement,ART: Binghamton Excellence in Entrepreneurship and Discovery,SUNY at Binghamton
2331458,2023-12-13,6000000,Cooperative Agreement,ART: Illinois Tech Forward Initiative,Illinois Institute of Technology
2331477,2023-12-13,6000000,Cooperative Agreement,ART: Re-engineering Technology Transfer at the University of Wyoming,University of Wyoming
2349138,2023-12-14,4998274,Cooperative Agreement,B2: Learning Environments with Augmentation and Robotics for Next-gen Emergency Responders (LEARNER),University of Wisconsin-Madison
2344877,2023-12-15,5000000,Cooperative Agreement,Convergence Accelerator Track J Phase 2: Rapid Detection Technologies and Decision-Support Systems for Safe Food Systems,University of Missouri-Columbia
2345039,2023-12-15,5000000,Cooperative Agreement,NSF Convergence Accelerator Track J Phase 2: CropSmart - a digital twin for making wiser cropping decisions nationwide,George Mason University
2345052,2023-12-15,4998876,Cooperative Agreement,"NSF Convergence Accelerator Track J Phase 2: AquaSteady - Balancing Soil Moisture, A Seaweed-Based Hydrogel for Sustainable Agriculture",Pratt Institute
2345069,2023-12-15,4999818,Cooperative Agreement,NSF Convergence Accelerator Track J Phase 2: Dairy NutriSols - Catalyzing technology adoption to promote food and nutrition security,Boise State University
2345176,2023-12-15,4998818,Cooperative Agreement,NSF Convergence Accelerator Track J Phase 2: Cultivate IQ - Empowering Regional Food Systems,University of Arkansas
2345076,2023-12-20,5000000,Cooperative Agreement,NSF Convergence Accelerator Track I: FUTUR-IC: A Sustainable Microchip Manufacturing Alliance,Massachusetts Institute of Technology
2345080,2023-12-20,5000000,Cooperative Agreement,NSF Convergence Accelerator Track I: SpheriCity -- Circularity from Molecules to the Built Environment in Communities,University of Georgia Research Foundation Inc
2345084,2023-12-20,5000000,Cooperative Agreement,NSF Convergence Accelerator Track I: Advancing Sustainable Topological Material Prototype Devices for Energy-efficient Applications,Massachusetts Institute of Technology
2344230,2024-01-04,650000,Standard Grant,NSF Convergence Accelerator Track K: Advancing equitable and circular water solutions through source separation,Regents of the University of Michigan - Ann Arbor
2344232,2024-01-04,649998,Standard Grant,NSF Convergence Accelerator Track K:  Passive Samplers for Equitable Monitoring of Drinking Water Quality,Washington University
2344337,2024-01-04,650000,Standard Grant,NSF Convergence Accelerator Track K: Remote Sensing Tools for Catalyzing Equitable Water Outcomes,University of Pittsburgh
2344357,2024-01-04,650000,Standard Grant,"NSF Convergence Accelerator Track K: COMPASS: Comprehensive Prediction, Assessment, and Equitable Solutions for Storm-Induced Contamination of Freshwater Systems",University of South Carolina at Columbia
2344374,2024-01-04,650000,Standard Grant,NSF Convergence Accelerator Track K: Water for Small And Very Small Systems (WaterSAVerS) - A Convergence Framework for Expediting Equitable Water Systems Deployment,Cornell University
2344375,2024-01-04,649991,Standard Grant,NSF Convergence Accelerator Track K: Equity in water information for community capacity building,Boise State University
2344398,2024-01-04,649989,Standard Grant,NSF Convergence Accelerator Track K: Electrokinetic water purification system for point-of-use applications,Iowa State University
2344418,2024-01-04,650000,Standard Grant,"NSF Convergence Accelerator Track K: Towards Resilient, Equitable, Safe and Sustainable Water for Islands (RESSI-H2O)",University of South Florida
2344472,2024-01-04,649999,Standard Grant,"NSF Convergence Accelerator Track K: Unraveling the Benefits, Costs, and Equity of Tree Coverage in Desert Cities",University of Texas at El Paso
2344488,2024-01-04,650000,Standard Grant,"NSF Convergence Accelerator Track K: Living Matter, Artificial Intelligence, and Water Nascency (LAWN) for Regenerative Environments and Equity",University of California-Berkeley
2344042,2024-01-05,650000,Standard Grant,NSF Convergence Accelerator Track K: Prototyping Decision Support and Monitoring Tools for Management of Salt Contamination of Water Supplies in Tidal Rivers,University of Maryland Center for Environmental Sciences
2344109,2024-01-09,650000,Standard Grant,Convergence Accelerator Track M: Bio-Inspired Design of Robot Hands for Use-Driven Dexterity,Carnegie Mellon University
2344228,2024-01-09,650000,Standard Grant,NSF Convergence Accelerator Track M: A new biomanufacturing process for making precipitated calcium carbonate and plant-based compounds that support human health,University of Maryland Center for Environmental Sciences
2344305,2024-01-09,650000,Standard Grant,NSF Convergence Accelerator Track M: Water-responsive Materials for Evaporation Energy Harvesting,Research Foundation CUNY - Advanced Science Research Center
2344314,2024-01-09,650000,Standard Grant,NSF Convergence Accelerator Track M: Soft Growing Robots for Mobility Support,Massachusetts Institute of Technology
2344366,2024-01-09,649990,Standard Grant,NSF Convergence Accelerator Track M: Nature Inspired Bio-manufactured Terminal Hydroxylated Fatty Acid Copolyesters,Rensselaer Polytechnic Institute
2344415,2024-01-09,650000,Standard Grant,NSF Convergence Accelerator Track M: Enabling novel photonic neuromorphic devices through bridging DNA-programmable assembly and nanofabrication,Columbia University
2344424,2024-01-09,650000,Standard Grant,NSF Convergence Accelerator Track M: Bio-Inspired Surface Design for High Performance Mechanical Tracking Solar Collection Skins in Architecture,Cornell University
2344460,2024-01-09,650000,Standard Grant,NSF Convergence Accelerator Track M: Bioinspired Multispectral Imaging Technology for Intraoperative Cancer Detection,University of Illinois at Urbana-Champaign
2344289,2024-01-10,650000,Standard Grant,NSF Convergence Accelerator Track M: Slime Mold Inspired Self-Assembling Conveyor System for Flood Response,New Jersey Institute of Technology
2344389,2024-01-10,650000,Standard Grant,NSF Convergence Accelerator Track M: Biofilm-based Corrosion Control using 3D Printed Biotechnology,Iowa State University
2343806,2024-01-11,400000,Standard Grant,NSF Convergence Accelerator Track L: HEADLINE - HEAlth Diagnostic eLectronIc NosE,University of South Florida
2344028,2024-01-11,650000,Standard Grant,NSF Convergence Accelerator Track L: Field-Ready Sensing Device for Early-Stage Infectious Diseases,University of Notre Dame
2344174,2024-01-11,650000,Standard Grant,"NSF Convergence Accelerator, Track K: Mapping the nation's wetlands for equitable water quality, monitoring, conservation, and policy development",University of Washington
2344256,2024-01-11,649930,Standard Grant,NSF Convergence Accelerator Track L: Intelligent Nature-inspired Olfactory Sensors Engineered to Sniff (iNOSES),Harvard University
2344284,2024-01-11,650000,Standard Grant,NSF Convergence Accelerator track L: Translating insect olfaction principles into practical and robust chemical sensing platforms,Washington University
2344344,2024-01-11,649585,Standard Grant,NSF Convergence Accelerator Track L: An Integrated and Miniaturized Opioid Sensor System: Advancing Evidence-Based Strategies for Addressing the Opioid Crisis,Auburn University
2344350,2024-01-11,650000,Standard Grant,NSF Convergence Accelerator Track L: Portable Quantum-enhanced Sensing and Species Identification of Bioaerosols,University of California-Los Angeles
2344359,2024-01-11,650000,Standard Grant,NSF Convergence Accelerator Track L: Engineered microbial sensors for assessing water quality,Columbia University
2344373,2024-01-11,649984,Standard Grant,"NSF Convergence Accelerator Track L: Innovative chemical microsensor development for in situ, real-time monitoring of priority water pollutants to protect water quality",University of Minnesota-Twin Cities
2344385,2024-01-11,649990,Standard Grant,"NSF Convergence Accelerator, Track M: TANDEM: Tensegrity-based Assistive aND rehabilitation Exosuits to complement human bioMechanics",University of Alabama Tuscaloosa
2344395,2024-01-11,650000,Standard Grant,"NSF Convergence Accelerator Track L: UAV-assisted dual-comb spectroscopic detection, localization, and quantification of multiple atmospheric trace-gas emissions",Princeton University
2344423,2024-01-11,650000,Standard Grant,NSF Convergence Accelerator Track L: Accelerating VOC Sensor Advances and Translation by Machine Learning and Bioinspiration,North Carolina State University
2344426,2024-01-11,649975,Standard Grant,NSF Convergence Accelerator (L): Innovative approach to monitor methane emissions from livestock using an advanced gravimetric microsensor.,Bigelow Laboratory for Ocean Sciences
2344476,2024-01-11,650000,Standard Grant,NSF Convergence Accelerator Track L: Smartphone Time-Resolved Luminescence Imaging and Detection (STRIDE) for Point-of-Care Diagnostics,"Board of Regents, NSHE, obo University of Nevada, Reno"
2348836,2024-01-23,297300,Standard Grant,EAGER: Innovation in Society Study Group,Arizona State University
2315268,2024-01-29,14708023,Cooperative Agreement,NSF Engines: Great Lakes Water Innovation Engine,"Current Innovation, NFP"
2315305,2024-01-29,15000000,Cooperative Agreement,NSF Engines: Textile Innovation Engine of North Carolina,THE INDUSTRIAL COMMONS
2315315,2024-01-29,15000000,Cooperative Agreement,NSF Engines: North Dakota Advanced Agriculture Technology Engine,North Dakota State University Fargo
2315320,2024-01-29,14938671,Cooperative Agreement,NSF Engines: Central Florida Semiconductor Innovation Engine,"ICAMR, INC."
2315479,2024-01-29,15000000,Cooperative Agreement,NSF Engines: Futures Engine in the Southwest,Arizona State University
2315654,2024-01-29,14999993,Cooperative Agreement,NSF Engines: Piedmont Triad Regenerative Medicine Engine,Wake Forest University School of Medicine
2315695,2024-01-29,15000000,Cooperative Agreement,NSF Engines: Upstate New York Energy Storage Engine,SUNY at Binghamton
2315727,2024-01-29,15000000,Cooperative Agreement,NSF Engines: Louisiana Energy Transition Engine,Louisiana State University
2315760,2024-01-29,15000000,Cooperative Agreement,NSF Engines: Colorado - Wyoming Climate Resilience Engine,"ROCKY MOUNTAIN INNOVATION INITIATIVE, INC."
2315782,2024-01-29,14999999,Cooperative Agreement,NSF Engines: Paso del Norte Defense and Aerospace Innovation Engine,University of Texas at El Paso
2315272,2024-01-30,1000000,Cooperative Agreement,"NSF Engines Development Award: Building a climate-smart future in the Columbia River Basin (ID, OR, WA)",Regents of the University of Idaho
2315274,2024-01-30,1000000,Cooperative Agreement,"NSF Engines Development Award: Leveraging innovations for water and  energy security (NM, TX)",University of New Mexico
2344394,2024-02-06,649810,Standard Grant,NSF Convergence Accelerator Track M: Distributed Flexible Strain Sensors to Enable Proprioceptive Cochlear Implant Electrodes,Carnegie Mellon University
2315483,2024-02-21,1000000,Cooperative Agreement,"NSF Engines Development Award: Developing innovative solutions for next-generation factory-built housing (IN, MI)","PURDUE APPLIED RESEARCH INSTITUTE, LLC"
2315558,2024-02-21,1000000,Cooperative Agreement,"NSF Engines Development Award: Accelerating A Just Energy Transition Through Innovative Nature-Inclusive Offshore Wind Farms (CT,DE,MA,MD,NJ,RI,VA)",Tufts University
2315165,2024-02-27,1000000,Cooperative Agreement,NSF Engines Development Award: Enhancing the quality manufacturing of advanced and affordable pharmaceuticals in the U.S. (VA),VIRGINIA BIOTECHNOLOGY RESEARCH PARK
2314750,2024-02-29,999997,Cooperative Agreement,"NSF Engines Development Award: Utilizing space research, development and manufacturing to improve the human condition (OH)",Universities Space Research Association
2315399,2024-02-29,999944,Cooperative Agreement,NSF Engines Development Award: Creating climate-resilient opportunities for plant systems (NC),North Carolina Agricultural & Technical State University
2315455,2024-03-04,1000000,Cooperative Agreement,"NSF Engines Development Award: Developing an use-inspired decarbonization and grid resilient energy ecosystem (WV, PA)",West Virginia University Research Corporation
2344485,2024-03-11,649999,Standard Grant,NSF Convergence Accelerator Track M: Targeted Insect Sensing and Control,FARMSENSE INC.
2344487,2024-03-11,650000,Standard Grant,NSF Convergence Accelerator Track K: Spatially Resolved Solutions for Field to Regional Irrigation Water Management to Promote Equitable Sharing of Limited Water Resources,University of California-Los Angeles
2314459,2024-04-15,999547,Cooperative Agreement,"NSF Engines Development Award: Advancing a sustainable alternative packaging ecosystem in the Great Lakes region (MI, OH)",MICHIGAN STATE UNIVERSITY FOUNDATION
2314657,2024-04-15,999993,Cooperative Agreement,NSF Engines Development Award: Building a space-based innovation ecosystem in New Mexico (NM),NEW MEXICO TRADE ALLIANCE
2315247,2024-04-15,1000000,Cooperative Agreement,"NSF Engines Development Award: Building an sustainable plastics innovation ecosystem in the Midwest (MN, IL)",University of Minnesota-Twin Cities
2315307,2024-04-15,998514,Cooperative Agreement,NSF Engines Development Award: Advancing a materials innovation ecosystem for manufacturing sustainability in upstate New York (NY),"FUZEHUB, INC."
2315359,2024-04-15,999998,Cooperative Agreement,"NSF Engines Development Award: Advancing manufacturing and building construction technologies (KY, WV, OH)",Kentucky Science & Technology Corporation
2315739,2024-04-15,1000000,Cooperative Agreement,"NSF Engines Development Award:  Advancing quantum technologies in the Midwest (IL, WI)",University of Chicago
2414461,2024-04-15,258486,Cooperative Agreement,Beginnings: Creating and Sustaining a Diverse Community of Expertise in Quantum Information Science (EQUIS) Across the Southeastern United States,Tennessee Technological University
2337742,2024-05-08,1210728,Cooperative Agreement,Leveraging a Universal Innovation Taxonomy: Driving New Engagements and Diverse Partnerships between U.S. Universities and Industry Innovators,"HALO CURES, INC."
2404035,2024-06-18,19979400,Cooperative Agreement,"APTO: Measuring, Understanding, Predicting, and Accelerating Technology Outcomes",Northwestern University at Chicago
2404082,2024-06-20,1168047,Cooperative Agreement,APTO: Problem-Focused Analysis for Predicting Technology Outcomes and Leverage Points,ARTEMIS INTELLIGENCE LLC
2404109,2024-06-20,20000000,Cooperative Agreement,APTO: Collaborative Research: Global Observatory and Virtual Laboratory for Science and Technology Advance,University of Chicago
2347126,2024-06-26,999691,Cooperative Agreement,Beginnings: Diversifying Talent in Advanced Biologics Manufacturing,Texas A&M Engineering Experiment Station
2347151,2024-06-27,1000000,Cooperative Agreement,BEGINNINGS: Leveraging Applied Learning to Unlock Careers in Emerging Technology Fields,Grand Rapids Community College
2347276,2024-06-27,1000000,Cooperative Agreement,Explorations: ETA-ESW DCL: Recruiting Cohorts of Underrepresented High Schoolers to Advanced Manufacturing Careers (COHORT),Northern Virginia Community College
2346992,2024-07-01,546151,Cooperative Agreement,Pivot: Meeting Emerging Needs to create pathways within the Nuclear Industry,Roane State Community College
2347018,2024-07-01,882115,Cooperative Agreement,"Beginnings: SEcurity and Networking Training through Inclusive, Novel, and Experiential Learning (SENTINEL)",Wake Technical Community College
2347027,2024-07-01,999887,Cooperative Agreement,Beginnings: Bridging Academic Training Through Experiential Research and Innovation,"OHIO STATE UNIVERSITY, THE"
2347090,2024-07-01,994224,Cooperative Agreement,Explorations: Building STEM identity through research and career-connected experiential learning,HudsonAlpha Institute for Biotechnology
2347249,2024-07-01,999461,Cooperative Agreement,Beginnings: Active and Immersive Learning of Post-Quantum Cryptography for Diverse STEM Students,University of Maryland Baltimore County
2347280,2024-07-01,998460,Cooperative Agreement,Pivots: Mechatronics Immersive Learning Experience: MILE,Georgia Piedmont Technical College
2347361,2024-07-01,995075,Cooperative Agreement,Beginnings: Diverse Internships for Semiconductor Careers in the Portland Metro Area,Portland State University
2347866,2024-07-01,999893,Cooperative Agreement,Explorations:  Broad Engagement for Students and Teachers to Advance and Reinforce Science Education (BE-STARSE),University of California-Davis
2346819,2024-07-08,620104,Cooperative Agreement,Beginnings: Preparing Autistic individuals for Transition to become quality assurance engineers in Semiconductor (PATHS),University of Florida
2347094,2024-07-08,999982,Cooperative Agreement,"Exploration: Aerospace Student-Teacher Program for Innovation, Research, and Education (ASPIRE)",Embry-Riddle Aeronautical University
2347132,2024-07-08,999648,Cooperative Agreement,"Explorations: Experiential Learning Opportunities in Mechatronics in Toledo, Ohio",University of Toledo
2347157,2024-07-08,999997,Cooperative Agreement,"Beginnings: Empowering Minds through Experiential Learning, Research, and Career Growth Opportunities in Emerging Microelectronics (EMERGE-MICRO)",Rochester Institute of Tech
2347194,2024-07-08,299909,Cooperative Agreement,Collaborative Research: Pivots: Upskilling Automotive Workers for Future Electrical Vehicle Maintenance and Repair through Immersive Experiential Learning,Colorado School of Mines
2347195,2024-07-08,300000,Cooperative Agreement,Collaborative Research: Pivots: Upskilling Automotive Workers for Future Electrical Vehicle Maintenance and Repair through Immersive Experiential Learning,University of Alabama Tuscaloosa
2347196,2024-07-08,400000,Cooperative Agreement,Collaborative Research: Pivots: Upskilling Automotive Workers for Future Electrical Vehicle Maintenance and Repair through Immersive Experiential Learning,Purdue University
2347301,2024-07-08,999420,Cooperative Agreement,Beginnings: Utah Network for Integrated Computing and Semiconductor Research and Education,University of Utah
2347352,2024-07-08,778768,Cooperative Agreement,Beginnings: Enhancing Workforce Preparedness via Experiential Learning and Strategic Collaborations for Future Manufacturers,Chippewa Valley Technical College
2347374,2024-07-08,828579,Cooperative Agreement,Collaborative Research: Explorations: Developing A Diverse STEM Workforce through Experiential Learning Opportunities and Immersive Internships,University of Hawaii
2347375,2024-07-08,170995,Cooperative Agreement,Collaborative Research: Explorations: Developing A Diverse STEM Workforce through Experiential Learning Opportunities and Immersive Internships,"INSTITUTE FOR FUTURE INTELLIGENCE, INC."
2346609,2024-07-09,1000000,Cooperative Agreement,Beginnings: Establishing an Experiential Learning Pathway in Artificial Intelligence,University of Cincinnati Main Campus
2346905,2024-07-09,850000,Cooperative Agreement,Collaborative Research: Beginnings: Experiential-learning-based Undergraduate Semiconductor Workforce Exploration,University of South Alabama
2346906,2024-07-09,150000,Cooperative Agreement,Collaborative Research: Beginnings: Experiential-learning-based Undergraduate Semiconductor Workforce Exploration,Alabama A&M University
2347101,2024-07-09,998332,Cooperative Agreement,"Beginnings: Building Educational Growth for Industry (BEGIN) Learning—Quantum Literacy, Quantum AI, and Quantum Machine Learning",INA SOLUTIONS INC.
2347109,2024-07-09,1000000,Cooperative Agreement,Explorations: ETA-ESW DCL: Transforming Pathways for the Future Semiconductor Workforce,Boise State University
2347112,2024-07-09,999828,Cooperative Agreement,Explorations: Engaging Black Community Support to Develop Youth’s Awareness of and Technical Skills for Emerging Computational Careers,MYVILLAGE PROJECT INC
2347143,2024-07-09,942765,Cooperative Agreement,Explorations: Advanced Manufacturing and Microelectronics to Empower Youth Aging out of Foster Care,Florida Institute of Technology
2347251,2024-07-09,1000000,Cooperative Agreement,Explorations: Refugees & Underprivileged Students Experiential Learning in Emerging STEM Technologies,SUNY at Buffalo
2347311,2024-07-09,999900,Cooperative Agreement,Beginnings: Enabling access for underserved community college computer science students in artificial intelligence with micro internship and industry mentorship,STUDENT RESEARCH & DEVELOPMENT
2347360,2024-07-09,999924,Cooperative Agreement,Beginnings: An Experiential On-ramp to Strengthen and Diversify the Open Source Workforce,University of California-Santa Cruz
2430732,2024-07-09,299999,Standard Grant,EAGER: PBI: Designing Public Use Microdata Business Areas (PUMBAs) for Innovation,Research Triangle Institute
2430913,2024-07-09,299998,Standard Grant,EAGER: PBI: Assessing Societal and Economic Impacts of Place-Based Innovation with Small Area Innovation Rate Estimation,Pennsylvania State Univ University Park
2431696,2024-07-09,299058,Standard Grant,EAGER: PBI: The Tennessee Longitudinal Survey of Ideas,University of Tennessee Knoxville
2431733,2024-07-09,293957,Standard Grant,EAGER: PBI: Integrating Social and Economic Considerations in Ecosystem Innovation for Equitable Economic Development,East Carolina University
2431759,2024-07-09,289802,Standard Grant,EAGER: PBI: Entrepreneurial Ecosystems: Configurations and Critical Success Factors,George Washington University
2431763,2024-07-09,299408,Standard Grant,EAGER: PBI: The Economic and Societal Causes and Consequences of Innovation Clusters,Case Western Reserve University
2431845,2024-07-09,300000,Standard Grant,EAGER: PBI: Collaboration Patterns and Socio-Economic Impacts Analysis in Emerging Science and Technology with Machine Learning Algorithms,South Dakota State University
2433190,2024-07-09,295591,Standard Grant,EAGER: PBI: Modeling Place-based Innovation by Leveraging AI-Enabled Dynamic Graph Techniques,University of Kentucky Research Foundation
2347076,2024-07-10,993869,Cooperative Agreement,Explorations: Syracuse University Physics Emerging Research Technologies Summer High school Internship Program (SUPER-Tech SHIP),Syracuse University
2347213,2024-07-10,1000000,Cooperative Agreement,Beginnings: Partnership-Enabled Experiential Learning in Biomanufacturing and Bioprocessing within the U.S. Intermountain West,Utah State University
2347281,2024-07-10,1000000,Cooperative Agreement,Explorations: Preparing Youth for Careers in AI through Experiential Learning (AI for Youth),University of Virginia Main Campus
2431773,2024-07-10,299316,Standard Grant,EAGER: PBI: Benchmarking the Impact of Regional Engines on Regional Start-Up Ecosystems,National Bureau of Economic Research Inc
2433219,2024-07-10,285504,Standard Grant,EAGER: PBI: Measuring the impact of university innovation facilities through real estate market,University of Southern Mississippi
2432870,2024-07-12,299738,Standard Grant,EAGER: PBI: Using machine learning to generate datasets and models to assess socio-economic impacts of place-based innovation,Columbia University
2346924,2024-07-15,509398,Cooperative Agreement,Collaborative Research: Explorations: Experiential Learning in Advanced Manufacturing towards Novel and Diverse Career Opportunities for Rural Tennessee Students,University of Tennessee Chattanooga
2346925,2024-07-15,298289,Cooperative Agreement,Collaborative Research: Explorations: Experiential Learning in Advanced Manufacturing towards Novel and Diverse Career Opportunities for Rural Tennessee Students,Cleveland State Community College
2347233,2024-07-15,1000000,Cooperative Agreement,Pivots: Bridge for Non-STEM Professionals into Application-Specific Integrated Circuit Design,New York University
2347188,2024-07-16,999916,Cooperative Agreement,Pivots: Pivoting to Plants (P2P): Experiential Learning  Program Applying Imaging and Data Science Tools from  Cells to Fields,Donald Danforth Plant Science Center
2403911,2024-07-17,5798454,Cooperative Agreement,APTO: Constructing causal knowledge graphs for assessing and predicting technology outcomes,INSILICOM LLC
2430272,2024-07-17,299965,Standard Grant,"EAGER: PBI: Industry Agglomeration and Innovation-Driven Economic Growth: A Framework for Data, Metrics, and Evaluation",Massachusetts Institute of Technology
2347164,2024-07-22,41211,Standard Grant,Conference: Experimental Learning for Novel and Emerging Technologies (ExLENT) for Offshore Wind Energy Pathways,Old Dominion University Research Foundation
2426085,2024-07-22,75867,Standard Grant,Increasing Coordination and Adoption of Multi-Hazard Decision Support Tools and Services,Miami University
2346765,2024-07-25,99992,Standard Grant,Conference: NSF Workshop: Developing Future Workforce for Marine Renewable Energy Technologies and Blue Economy,Regents of the University of Michigan - Ann Arbor
2403999,2024-07-29,4603600,Cooperative Agreement,"APTO: A firm-level model of technological improvement, production and diffusion in the energy sector","MACROCOSM, INC."
2433214,2024-07-29,370000,Standard Grant,Collaborative Research: EPIIC: Cross-Continental Collaboration Coalition (C4),University of Central Oklahoma
2433215,2024-07-29,399998,Standard Grant,Collaborative Research: EPIIC: Cross-Continental Collaboration Coalition (C4),Chico State Enterprises
2433216,2024-07-29,400000,Standard Grant,Collaborative Research: EPIIC: Cross-Continental Collaboration Coalition (C4),Central Washington University
2433217,2024-07-29,400000,Standard Grant,Collaborative Research: EPIIC: Cross-Continental Collaboration Coalition (C4),SUNY College at Oswego
2433218,2024-07-29,397171,Standard Grant,Collaborative Research: EPIIC: Cross-Continental Collaboration Coalition (C4),Weber State University
2433241,2024-07-29,380000,Standard Grant,Collaborative Research: EPIIC: Rural AI Solutions and Engagement (RAISE),University of Alaska Anchorage Campus
2433242,2024-07-29,380000,Standard Grant,Collaborative Research: EPIIC: Rural AI Solutions and Engagement (RAISE),Salisbury University
2433243,2024-07-29,379867,Standard Grant,Collaborative Research: EPIIC: Rural AI Solutions and Engagement (RAISE),Valdosta State University
2431853,2024-08-15,196325,Standard Grant,Collaborative Research: EAGER: PBI: Assessing Societal and Economic Impacts of Place-Based Innovation,Arizona State University
2431854,2024-08-15,103672,Standard Grant,Collaborative Research: EAGER: PBI: Assessing Societal and Economic Impacts of Place-Based Innovation,University of Oregon Eugene
2427332,2024-08-16,300000,Standard Grant,ReDDDoT Phase 1: Planning Grant - Bridging Past and Future: Fostering Community-Researcher Synergy through Planning,Regents of the University of Michigan - Ann Arbor
2427710,2024-08-16,299963,Standard Grant,ReDDDoT Phase 1: Planning Grant: Destigmatizing Disfluencies in Speech AI with Grassroots Stuttering Communities,University of California-Santa Cruz
2430805,2024-08-19,220000,Cooperative Agreement,ExLENT Beginnings: Preparing Autistic Students for the AI Workforce,University of Virginia Main Campus
2427542,2024-08-20,300000,Standard Grant,ReDDDoT Phase 1: Planning Grant: Treatment Technologies for Phosphorus Mitigation,University of Florida
2427713,2024-08-20,299022,Standard Grant,ReDDDoT Phase 1: Planning Grant: AI-Enabled Support Services for Transplanted Populations: A Community-Centered Design and Development Approach,DePaul University
2427714,2024-08-20,300000,Standard Grant,ReDDDoT Phase 1: Planning Grant: An AI toolkit for Designing Inclusive Digital Activities for Older Adults,Northeastern University
2427747,2024-08-20,299946,Standard Grant,ReDDDoT Phase 1: Planning Grant: Building Community-Driven Resilience and Empowerment through Adaptive Manufacturing Technologies,Texas Tech University
2427748,2024-08-20,300000,Standard Grant,ReDDDoT Phase 1: Planning Grant: Piloting a framework to measure the impacts of artificial intelligence tools for government agencies,Georgetown University
2429672,2024-08-20,1447662,Standard Grant,ReDDDoT Phase 2: Leveraging Urban AI as a Communal Tool for Connection and Exchange in Harlem,Columbia University
2429888,2024-08-20,1499722,Standard Grant,ReDDDoT Phase 2: Climate-Informed Flood Risk Mitigation Sandbox,Louisiana State University Agricultural Center
2435250,2024-08-20,300000,Standard Grant,EAGER: Analysis of Workforce Supply Chains for Emerging Technology Areas,Carnegie Mellon University
2427693,2024-08-21,300000,Standard Grant,ReDDDoT Phase 1: Planning Grant: Materials Advancement through a Precede-Proceed framework for Safety,University of Akron
2427697,2024-08-21,299160,Standard Grant,ReDDDoT Phase 1: Planning Grant: Supporting Culturally Centered Artificial Intelligence Literacy through Community-Engaged Partnerships,Michigan State University
2427699,2024-08-21,300000,Standard Grant,ReDDDoT Phase 1: Planning Grant: Responsible AI Across the Transportation Sector,Carnegie Mellon University
2427737,2024-08-21,300000,Standard Grant,ReDDDot Phase 1: Planning Grant: Prioritization of Housing & Behavioral Health Services to Individuals and Families,Pennsylvania State Univ University Park
2429337,2024-08-21,1051622,Standard Grant,Collaborative Research: ReDDDoT Phase 2: Inclusive American language technologies,Mozilla Foundation
2429338,2024-08-21,448129,Standard Grant,Collaborative Research: ReDDDoT Phase 2: Inclusive American language technologies,Indiana University
2444537,2024-08-21,1000000,Continuing Grant,RAISE: Chip-to-chip photonic connectivity in  multi-accelerator servers for ML,Cornell University
2429680,2024-08-22,1500000,Standard Grant,ReDDDoT Phase 2: Responsible Multi-Modal AI Systems for Multi-Hazard Resilience and Situational Awareness,William Marsh Rice University
2429835,2024-08-22,1125000,Standard Grant,Collaborative Research: ReDDDoT Phase 2: A User-Centered Platform for Digital Content Integrity,Rochester Institute of Tech
2429836,2024-08-22,225000,Standard Grant,Collaborative Research: ReDDDoT Phase 2: A User-Centered Platform for Digital Content Integrity,Michigan State University
2429837,2024-08-22,150000,Standard Grant,Collaborative Research: ReDDDoT Phase 2: A User-Centered Platform for Digital Content Integrity,University of Mississippi
2427599,2024-08-23,300000,Standard Grant,"ReDDDoT Phase 1: Planning Grant: Facilitating Responsible, Ethical, and Explainable Ergonomic Exposure Assessments when using Artificial Intelligence Methods",Virginia Polytechnic Institute and State University
2427677,2024-08-23,153222,Standard Grant,Collaborative Research: ReDDDoT Phase 1: Planning Grant: AI Summer Institute on Communities,New York University
2427678,2024-08-23,106874,Standard Grant,Collaborative Research: ReDDDoT Phase 1: Planning Grant: AI Summer Institute on Communities,North Central College
2427760,2024-08-23,47030,Standard Grant,Conference: ReDDDoT Phase 1: Workshop: Artificial Intelligence and Biosecurity: Technologies and Policy Options to Leverage Opportunities and Mitigate Risks,Texas A&M University
2427775,2024-08-23,74995,Standard Grant,Conference: ReDDDoT Phase I: Workshop: Responsible Quantum Innovation,University of California-Los Angeles
2444586,2024-08-23,66631,Standard Grant,Conference: Workshop on Operational Factors for AI Diffusion and Productivity Growth,Carnegie Mellon University
2432471,2024-08-29,400000,Standard Grant,"Collaborative Research: EPIIC: EXcellence in Partnership with industry, Academia, and New Discoveries (EXPAND)",University of St. Thomas
2432472,2024-08-29,399922,Standard Grant,"Collaborative Research: EPIIC: EXcellence in Partnership with industry, Academia, and New Discoveries (EXPAND)",Western New England University
2432473,2024-08-29,399945,Standard Grant,"Collaborative Research: EPIIC: EXcellence in Partnership with industry, Academia, and New Discoveries (EXPAND)",Andrews University
2432474,2024-08-29,400000,Standard Grant,"Collaborative Research: EPIIC: EXcellence in Partnership with industry, Academia, and New Discoveries (EXPAND)",University of Detroit Mercy
2432475,2024-08-29,399506,Standard Grant,"Collaborative Research: EPIIC: EXcellence in Partnership with industry, Academia, and New Discoveries (EXPAND)",Milwaukee School of Engineering
2432509,2024-08-29,400000,Standard Grant,Collaborative Research: EPIIC: Strategic University Practices to Expand Research (SUPER) Partnerships,University of Puerto Rico Mayaguez
2432510,2024-08-29,400000,Standard Grant,Collaborative Research: EPIIC: Strategic University Practices to Expand Research (SUPER) Partnerships,Western Washington University
2432511,2024-08-29,350000,Standard Grant,Collaborative Research: EPIIC: Strategic University Practices to Expand Research (SUPER) Partnerships,West Texas A&M University
2432650,2024-08-29,400000,Standard Grant,Collaborative Research: EPIIC: Fostering Unity and Teamwork for Rural Excellence (FUTURE),Athens State University
2432651,2024-08-29,375000,Standard Grant,Collaborative Research: EPIIC: Fostering Unity and Teamwork for Rural Excellence (FUTURE),Southern Utah University
2432652,2024-08-29,399904,Standard Grant,Collaborative Research: EPIIC: Fostering Unity and Teamwork for Rural Excellence (FUTURE),Georgia College
2432656,2024-08-29,399999,Standard Grant,Collaborative Research: EPIIC: Building Opportunities for Outstanding Skills Training in Advanced Manufacturing for Southeastern Two-Year Colleges (BOOST),Tidewater Community College
2432658,2024-08-29,299997,Standard Grant,Collaborative Research: EPIIC: Building Opportunities for Outstanding Skills Training in Advanced Manufacturing for Southeastern Two-Year Colleges (BOOST),Northeast State Community College
2432659,2024-08-29,399704,Standard Grant,Collaborative Research: EPIIC: Building Opportunities for Outstanding Skills Training in Advanced Manufacturing for Southeastern Two-Year Colleges (BOOST),Spartanburg Community College
2432713,2024-08-29,350000,Standard Grant,"Collaborative Research: EPIIC: Connect Four, building regional innovation partnerships to enhance workforce development",CANISIUS UNIVERSITY OF BUFFALO NEW YORK
2432714,2024-08-29,399628,Standard Grant,"Collaborative Research: EPIIC: Connect Four, building regional innovation partnerships to enhance workforce development",Albion College
2432715,2024-08-29,399406,Standard Grant,"Collaborative Research: EPIIC: Connect Four, building regional innovation partnerships to enhance workforce development",Roanoke College
2432716,2024-08-29,400000,Standard Grant,"Collaborative Research: EPIIC: Connect Four, building regional innovation partnerships to enhance workforce development",NorthWest Arkansas Community College
2432766,2024-08-29,379750,Standard Grant,Collaborative Research: EPIIC: Partnering to Advance And Drive Innovation on Sustainability and the Environment (PARADISE),Paul Smith's College of Arts and Sciences
2432767,2024-08-29,350000,Standard Grant,Collaborative Research: EPIIC: Partnering to Advance And Drive Innovation on Sustainability and the Environment (PARADISE),University of The Virgin Islands
2432768,2024-08-29,350000,Standard Grant,Collaborative Research: EPIIC: Partnering to Advance And Drive Innovation on Sustainability and the Environment (PARADISE),Hawaii Pacific University
2432939,2024-08-29,400000,Standard Grant,Collaborative Research: EPIIC: Collaborations with High-Tech Industry Partners (CHIP),Cuyahoga Community College
2432940,2024-08-29,394791,Standard Grant,Collaborative Research: EPIIC: Collaborations with High-Tech Industry Partners (CHIP),Tuskegee University
2432941,2024-08-29,400000,Standard Grant,Collaborative Research: EPIIC: Collaborations with High-Tech Industry Partners (CHIP),Youngstown State University
2432942,2024-08-29,399168,Standard Grant,Collaborative Research: EPIIC: Collaborations with High-Tech Industry Partners (CHIP),Madison Area Technical College
2432943,2024-08-29,400000,Standard Grant,Collaborative Research: EPIIC: Collaborations with High-Tech Industry Partners (CHIP),Owens State Community College
2433152,2024-08-29,400000,Standard Grant,Collaborative Research: EPIIC: Bolstering University Infrastructure for Leading Development (BUILD),Arkansas Tech University
2433153,2024-08-29,400000,Standard Grant,Collaborative Research: EPIIC: Bolstering University Infrastructure for Leading Development (BUILD),University of Arkansas at Pine Bluff
2433158,2024-08-29,399965,Standard Grant,Collaborative Research: EPIIC: Building Institutional Capacity for External Partnerships,Santa Clara University
2433159,2024-08-29,399999,Standard Grant,Collaborative Research: EPIIC: Building Institutional Capacity for External Partnerships,Lawrence Technological University
2433160,2024-08-29,399935,Standard Grant,Collaborative Research: EPIIC: Building Institutional Capacity for External Partnerships,"Minnesota State University, Mankato"
2433161,2024-08-29,399922,Standard Grant,Collaborative Research: EPIIC: Building Institutional Capacity for External Partnerships,Grand Valley State University
2433178,2024-08-29,370000,Standard Grant,Collaborative Research: EPIIC: Strengthening Collaborative Advancements Leveraging Equitable University Partnerships,Winston-Salem State University
2433179,2024-08-29,368526,Standard Grant,Collaborative Research: EPIIC: Strengthening Collaborative Advancements Leveraging Equitable University Partnerships,Saint Vincent College
2433180,2024-08-29,399189,Standard Grant,Collaborative Research: EPIIC: Strengthening Collaborative Advancements Leveraging Equitable University Partnerships,North Arkansas College
2433182,2024-08-29,374782,Standard Grant,Collaborative Research: EPIIC: Strengthening Collaborative Advancements Leveraging Equitable University Partnerships,Middle Georgia State University
2433183,2024-08-29,400000,Standard Grant,Collaborative Research: EPIIC: The Concept CAFÉ (Collaborative Activities Fostering Exploration): Innovation Brewing,Fairleigh Dickinson University
2433184,2024-08-29,379997,Standard Grant,Collaborative Research: EPIIC: The Concept CAFÉ (Collaborative Activities Fostering Exploration): Innovation Brewing,University of Minnesota Duluth
2433238,2024-08-29,400000,Standard Grant,Collaborative Research: EPIIC: Workforce and Innovation Collaborative for Regional Partnerships (WICRP),Hampton University
2433239,2024-08-29,399696,Standard Grant,Collaborative Research: EPIIC: Workforce and Innovation Collaborative for Regional Partnerships (WICRP),Georgia Piedmont Technical College
2427505,2024-09-04,299996,Standard Grant,ReDDDoT Phase 1: Planning Grant: Designing a Responsible AI-enabled Digital Service Ecosystem in Finance and Healthcare,Case Western Reserve University
2427641,2024-09-04,75000,Standard Grant,Conference: ReDDDoT Phase 1: Workshop: Indigenous Approaches to Computational Futures,Arizona State University
2427679,2024-09-04,298693,Standard Grant,ReDDDoT Phase 1: Planning Grant: Alternative Systems for Human Waste Management,TERC Inc
2427700,2024-09-04,300000,Standard Grant,ReDDDOT Phase 1: Planning Grant: Assessing Environmental Impacts of AI Through Participatory Methods,Data & Society Research Institute
2427587,2024-09-05,74999,Standard Grant,Conference: Employing Public Interest Technologies to Promote Access in Education and Employment for People who have Physical Disabilities,Case Western Reserve University
2427606,2024-09-05,74773,Standard Grant,"Conference: ReDDDoT Phase 1: Workshop: Situating Network Infrastructure with People, Practices, and Beyond",Virginia Polytechnic Institute and State University
2427636,2024-09-05,300000,Standard Grant,"ReDDDoT Phase 1: Planning Grant: Novel cellular technologies in ecosystem preservation: ethics, data sovereignty and implementation",University of Wisconsin-Madison
2429602,2024-09-05,1500000,Standard Grant,ReDDDoT Phase 2: Empowering Resilience: Innovations in Rural Electric Network Disaster Preparedness and Response,Iowa State University
2431588,2024-09-05,299735,Standard Grant,EAGER: PBI: Assessing Equitable Outcomes of Place-Based Innovation through NSF Engines,"NEW GROWTH INNOVATION NETWORK, INC"
2431776,2024-09-05,300000,Standard Grant,EAGER: Exploring Place-Based Innovation for Sustainable Economic Growth and Community Well-Being: A Mixed-Methods Approach,"CENTER ON RURAL INNOVATION, INC"
2427618,2024-09-06,75000,Standard Grant,Conference: ReDDDoT Phase 1: Workshop Towards the promise of open source AI models - A workshop to co-create a vision for responsibility and corresponding research roadmap,University of California-Berkeley
2444195,2024-09-06,99302,Standard Grant,Conference: Workshop on Open & Integrated Network Testbeds for Research & Translation,Worcester Polytechnic Institute
2429815,2024-09-09,1124598,Standard Grant,ReDDDoT Phase 2: The Digital Governance Design Project,Development Gateway
2429838,2024-09-09,826361,Standard Grant,Collaborative Research: ReDDDoT Phase 2: Enabling Participatory Privacy Protections for AI Training Data,Georgetown University
2429839,2024-09-09,117451,Standard Grant,Collaborative Research: ReDDDoT Phase 2: Enabling Participatory Privacy Protections for AI Training Data,"University of Maryland, College Park"
2429840,2024-09-09,120511,Standard Grant,Collaborative Research: ReDDDoT Phase 2: Enabling Participatory Privacy Protections for AI Training Data,FRED HUTCHINSON CANCER CENTER
2429841,2024-09-09,435594,Standard Grant,Collaborative Research: ReDDDoT Phase 2: Enabling Participatory Privacy Protections for AI Training Data,Columbia University
2431145,2024-09-10,230292,Standard Grant,EAGER: PBI: Paving the Path to Market: The Role of Place-Based Innovation in R&D Product Availability,"Elsevier, Inc."
2426364,2024-09-12,300000,Standard Grant,EAGER: Intensive Technical Assistance in the Innovation Ecosystem and Regional Engine consortium for HBCUs,QEM Network HQ
2427449,2024-09-12,74788,Standard Grant,Conference: ReDDDoT Phase 1: Workshop: Exploring Roles of Science and Technology Centers and Museums in Facilitating Public Collaboration in Artificial Intelligence,Association of Science-Technology Centers
2427646,2024-09-12,300000,Standard Grant,ReDDDoT Phase 1: Planning Grant: Writing Education through Design-Oriented AI,Rutgers University New Brunswick
2427666,2024-09-12,74766,Standard Grant,Conference: ReDDDoT Phase 1: Workshop: Generative AI Ethics Module Design Sprint for STEM Educators,Michigan State University
2444461,2024-09-12,99918,Standard Grant,Conference: Building informed and involved communities for responsible marine carbon dioxide removal (mCDR),Arizona State University
2430589,2024-09-13,1564645,Cooperative Agreement,Enabling Recognition of Translation for ART Awardee Institutions,Oregon State University
2431803,2024-09-17,299386,Standard Grant,EAGER: PBI - Innovation Impact Framework (IIF): Advancing the Understanding of Societal and Economic Benefits of Regional Technology Transfer Initiatives,HYPERION TECHNOLOGIES LLC
2427533,2024-09-18,299993,Standard Grant,ReDDDoT Phase 1: Planning Grant: Piloting an impact accelerator model for cultivating equity and ethics in genetics innovation,Harvard University
2427711,2024-09-18,299751,Standard Grant,"ReDDDoT Phase 1: Planning Grant: Towards Responsible Design, Development, and Deployment of a GenAI-enabled System for Dispatcher Training in Emergency Response",Vanderbilt University
2427769,2024-09-18,75000,Standard Grant,"Conference: ReDDDoT Phase 1: Workshop: Responsible Artificial Intelligence to Promote Sustainability, Climate Resilience, and Equitable Access to Healthy Food in US Food Systems",University of California-Davis
2438520,2025-04-01,299991,Standard Grant,EAGER: Advancing Novel Methods to Assess Innovation Infrastructure Investments,Center for Strategic and International Studies Inc
2449589,2025-04-04,6908604,Cooperative Agreement,Ideas Lab: USPRD: Transporters with Transformers,Lygos Inc.
2514820,2025-04-07,300000,Standard Grant,EAGER: Feasibility study for a Translational Institute on Knowledge Axiomatization (TIKA),Wright State University
2515378,2025-04-07,5000000,Cooperative Agreement,NSF Convergence Accelerator Track G: Combating Vulnerability and Unawareness in 5G Network Security,Arizona State University
2448848,2025-04-08,6027980,Cooperative Agreement,Ideas Lab: USPRD: De Novo Design and Evolution of Enzymes for Biomass Upcycling to Surfactants and Fuels,University of California-Santa Barbara
2449206,2025-04-08,6328776,Cooperative Agreement,Ideas Lab: USPRD: AI-designed Enzymes using Non-natural Cofactors for the Production of Bio-based Acrylates,ARZEDA Corp.
2448653,2025-04-24,7199398,Cooperative Agreement,Ideas Lab: USPRD: Programmable Small Molecule Biosynthesis,Purdue University
2452698,2025-04-29,7592157,Cooperative Agreement,Ideas Lab: CFIRE: Upgrading Cell-free Cascades with Membraneless Compartmentalization,University of California-Irvine
2453663,2025-04-30,7786412,Cooperative Agreement,Ideas Lab: CFIRE: Electricity-Driven Cell-Free Cascades,ARZEDA Corp.
2452159,2025-05-21,5000000,Cooperative Agreement,NSF Convergence Accelerator Future Water Systems: TealWaters - Mapping and modeling the nation's wetlands and their benefits to enhance water access and community resilience,"TERRAINWORKS, INC."
2452515,2025-05-21,5000000,Cooperative Agreement,NSF Convergence Accelerator Future Water Systems: Trusted Tap - Equitable monitoring of drinking water quality at the household-level using point-of-use filters,Washington University
2452579,2025-05-21,4999147,Cooperative Agreement,NSF Convergence Accelerator Real-World Chemical Sensing Applications: Innovative approach to monitor methane emissions from livestock using an advanced gravimetric microsensor,Bigelow Laboratory for Ocean Sciences
2452597,2025-05-21,4999999,Cooperative Agreement,Convergence Accelerator Bio-Inspired Design Innovations:  Bio-Inspired Design of Robotic and Prosthetic Hands for Use-Driven Dexterity,Carnegie Mellon University
2452608,2025-05-21,4999996,Cooperative Agreement,NSF Convergence Accelerator Bio-Inspired Design Innovations: Tensegrity-based Exosuits that Complement Human Biomechanics (TANDEM),University of Alabama Tuscaloosa
2501078,2025-05-21,5000000,Cooperative Agreement,NSF Convergence Accelerator Future Water Systems: Honu - Adaptive Decentralized Wastewater Infrastructure Solutions for Island Communities   ,University of South Florida
2529628,2025-06-10,875291,Cooperative Agreement,Beginnings: Sensor Technology as a Vehicle to Cultivate Experiential Learning for Emerging and Novel Technologies,Worcester Polytechnic Institute
2452482,2025-06-20,9199745,Cooperative Agreement,Ideas Lab: CFIRE: Meta-PURE: End-Use-Driven Cell-Free Modules,Georgia Tech Research Corporation
2452527,2025-06-20,5000000,Cooperative Agreement,"NSF Convergence Accelerator, Future Water Systems VersaWater: Community Water that Weathers the Storm.",Cornell University
2452585,2025-06-20,5000000,Cooperative Agreement,NSF Convergence Accelerator Real-World Chemical Sensing Applications: A Novel Disease Detection System Based on Advanced Quantum-Dot Sensor Technology,"Board of Regents, NSHE, obo University of Nevada, Reno"
2452590,2025-06-20,5000000,Cooperative Agreement,Convergence Accelerator Bio-Inspired Design Innovations: SequestStar: capturing carbon and reusing waste streams,University of Maryland Center for Environmental Sciences
2452596,2025-06-20,5000000,Cooperative Agreement,NSF Convergence Accelerator Real-World Chemical Sensing Applications: Engineered Microbial Sensors for Monitoring Per- and Polyfluoroalkyl Substances in Drinking Water,Columbia University
2452538,2025-06-30,4999999,Cooperative Agreement,Convergence Accelerator Bio-Inspired Design Innovations: BioShield CP: A microbial coating system for resilient corrosion protection,Iowa State University
2532068,2025-07-03,49981,Standard Grant,Conference: Understanding Regional Opportunities and Partnerships to Drive American Competitiveness,"University of Maryland, College Park"
2454014,2025-07-07,4550000,Cooperative Agreement,Collaborative Research: Ideas Lab: Democratizing Low Latency Wireless for Remote XR Medical Collaboration,University of Illinois at Urbana-Champaign
2454015,2025-07-07,2564932,Cooperative Agreement,Collaborative Research: Ideas Lab: Democratizing Low Latency Wireless for Remote XR Medical Collaboration,PERATON LABS INC
2526155,2025-07-10,727957,Standard Grant,Explorations: Launching Emerging Technology STEM Pathways Through Immersive Drone Experiences,Winston-Salem/Forsyth County Schools
2534171,2025-07-25,6908604,Cooperative Agreement,Ideas Lab: USPRD: Transporters with Transformers,Koliber Biosciences Inc.
2448820,2025-07-28,5449668,Cooperative Agreement,Ideas Lab: USPRD: Enabling cell-free synthesis of longer human milk oliogosaccharides,"NOVOZYMES, INC"
2452560,2025-07-28,5000000,Cooperative Agreement,Convergence Accelerator Bio-Inspired Design Innovations: All-Terrain Self-Assembling Robotic Conveyor System Inspired by Slime Mold Behaviors and Ant Assemblages,New Jersey Institute of Technology
2534143,2025-07-28,99955,Standard Grant,Conference: ExLENT Program PI Engagement Workshop,University Industry Demonstration Partnership
2509233,2025-08-05,200000,Standard Grant,Planning: AI Ready: STAIRWAI to COSMOS: Sensor-enabled Testbed for Advancing Innovative Research in Wireless+AI,Rutgers University New Brunswick
2509388,2025-08-05,200000,Standard Grant,Planning: AI-Ready: Cyber-Agricultural Systems Testbed (AI-AgARENA),Iowa State University
2534301,2025-08-05,375213,Standard Grant,Conference: A Workshop to Identify Translational Opportunities in AI Efficiency and Scaling,University Industry Demonstration Partnership
2453815,2025-08-15,5061769,Cooperative Agreement,Collaborative Research: Ideas Lab: Breaking Low: DRIVE-SAFE: Remote and Cooperative Autonomous Driving in Dynamic Environments using 5G/NextG Technology,University of Minnesota-Twin Cities
2453816,2025-08-15,1598846,Cooperative Agreement,Collaborative Research: Ideas Lab: Breaking Low: DRIVE-SAFE: Remote and Cooperative Autonomous Driving in Dynamic Environments using 5G/NextG Technology,University of Utah
2453817,2025-08-15,470000,Cooperative Agreement,Collaborative Research: Ideas Lab: Breaking Low: DRIVE-SAFE: Remote and Cooperative Autonomous Driving in Dynamic Environments using 5G/NextG Technology,University of California-Riverside
2453800,2025-08-18,1691000,Cooperative Agreement,Collaborative Research: Ideas Lab: Breaking Low: End-to-End Delivery Technology for Interactive Multi-person XR Rehabilitation Activities,Regents of the University of Michigan - Ann Arbor
2453801,2025-08-18,255057,Cooperative Agreement,Collaborative Research: Ideas Lab: Breaking Low: End-to-End Delivery Technology for Interactive Multi-person XR Rehabilitation Activities,University of Southern California
2453802,2025-08-18,810000,Cooperative Agreement,Collaborative Research: Ideas Lab: Breaking Low: End-to-End Delivery Technology for Interactive Multi-person XR Rehabilitation Activities,Columbia University
2453803,2025-08-18,743000,Cooperative Agreement,Collaborative Research: Ideas Lab: Breaking Low: End-to-End Delivery Technology for Interactive Multi-person XR Rehabilitation Activities,Duke University
2526279,2025-08-18,113939,Standard Grant,Explorations: Engaging the future quantum workforce through experiential learning,Michigan State University
2452747,2025-08-19,464000,Continuing Grant,PDaSP Track 2: A Holistic Privacy Preserving Collaborative Data Sharing System for Intelligent Transportation,University of Connecticut
2452748,2025-08-19,232000,Continuing Grant,PDaSP Track 2: A Holistic Privacy Preserving Collaborative Data Sharing System for Intelligent Transportation,Illinois Institute of Technology
2452749,2025-08-19,232000,Continuing Grant,PDaSP Track 2: A Holistic Privacy Preserving Collaborative Data Sharing System for Intelligent Transportation,Iowa State University
2452750,2025-08-19,272000,Continuing Grant,PDaSP Track 2: A Holistic Privacy Preserving Collaborative Data Sharing System for Intelligent Transportation,University of Washington
2452817,2025-08-19,366660,Continuing Grant,PDaSP Track 3: Testbed for Enhancing Privacy and Robustness of Federated Learning Systems,University of Minnesota-Twin Cities
2452818,2025-08-19,366670,Continuing Grant,PDaSP Track 3: Testbed for Enhancing Privacy and Robustness of Federated Learning Systems,Virginia Polytechnic Institute and State University
2452819,2025-08-19,366669,Continuing Grant,PDaSP Track 3: Testbed for Enhancing Privacy and Robustness of Federated Learning Systems,University of Massachusetts Amherst
2453035,2025-08-19,1000000,Continuing Grant,PDaSP Track 3: Privacy-Preserving Dairy-Digitalization with Federated Learning,Cornell University
2453148,2025-08-19,490000,Continuing Grant,PDaSP Track 1: Practical Secure Multiparty Computations for Graph-based Intrusion Detection Systems,University of California-Irvine
2453149,2025-08-19,260000,Continuing Grant,PDaSP Track 1: Practical Secure Multiparty Computations for Graph-based Intrusion Detection Systems,University of Illinois at Urbana-Champaign
2520127,2025-08-19,400000,Standard Grant,Collaborative Research: EPIIC: LInking Vital Ecosystems (LIVE) in Research and Economic Development,Lawrence Technological University
2520128,2025-08-19,400000,Standard Grant,Collaborative Research: EPIIC: LInking Vital Ecosystems (LIVE) in Research and Economic Development,Metropolitan Community College Administrative Center
2520129,2025-08-19,399998,Standard Grant,Collaborative Research: EPIIC: LInking Vital Ecosystems (LIVE) in Research and Economic Development,University of Puerto Rico at Bayamon
2526098,2025-08-19,1000000,Standard Grant,Pivots: Immersive Experiential Training for Robotic Additive Manufacturing in Construction,University of Illinois at Urbana-Champaign
2526251,2025-08-19,1000000,Standard Grant,"Beginnings: Northeast Experiential Training onHydrogen Advancements through Mentorship, Project Integration, Operation, and Networking",Worcester Polytechnic Institute
2526361,2025-08-19,999991,Standard Grant,Explorations: Advancing Texas Workforce through Experiential Learning in Digital Health Technologies,William Marsh Rice University
2508375,2025-08-20,49450,Standard Grant,Conference: Fostering Talent for the Future Ocean Technical Workforce,"MARINE TECHNOLOGY SOCIETY, INC."
2526169,2025-08-20,806408,Standard Grant,Explorations: Experiential Learning for Autonomous Systems and AI-Driven Robotics in Northeast Pennsylvania,Wilkes University
2526359,2025-08-20,999029,Standard Grant,Beginnings: Preparing and Advancing College Engineering Students for the Aerospace Workforce with Experiential Learning and Research,University of Texas at Arlington
2540043,2025-08-20,282759,Standard Grant,Beginnings: Developing Communities of Practice and Partnership to Enhance   Experiential Learning for Emerging and Novel Technologies,National Academy of Sciences
2452612,2025-08-21,1200000,Continuing Grant,PDaSP Track 2: Confidential Genome Imputation and Analytics (CoGIA),Yale University
2452708,2025-08-21,760000,Continuing Grant,PDaSP Track 1: Enabling a Privacy-Preserving Data Life Cycle with Lightweight Secure Computation,Massachusetts Institute of Technology
2526307,2025-08-21,997523,Standard Grant,Explorations: Bridging to AI and Data Science Careers through Experiential Learning and Training,University of Notre Dame
2526020,2025-08-22,934614,Standard Grant,Pivots: Reshaping Education in Nanofabrication for the Northern Virginia Ecosystem and Workforce,George Mason University
2526072,2025-08-22,804391,Standard Grant,Beginnings: A Quest to Understand and Experience Semiconductor Technologies for a Quantum Future,CUNY New York City College of Technology
2526215,2025-08-22,990272,Standard Grant,Beginnings: Driving Real-world Integration of AI into Digital Forestry and Natural Resources,Purdue University
2452833,2025-08-25,400000,Continuing Grant,PDaSP Track 2: Explainable Auditing of ML Models for Privacy Violations,Virginia Polytechnic Institute and State University
2452834,2025-08-25,400000,Continuing Grant,PDaSP Track 2: Explainable Auditing of ML Models for Privacy Violations,Washington University
2452835,2025-08-25,450000,Continuing Grant,PDaSP Track 2: Explainable Auditing of ML Models for Privacy Violations,Vanderbilt University Medical Center
2452693,2025-08-26,7800000,Cooperative Agreement,Ideas Lab: CFIRE: PRESENT: PRotein Evolution in Spore-ENabled TXTL Systems,"CARAVEL BIO, INC."
2520043,2025-08-26,399777,Standard Grant,Collaborative Research: Research Infrastructure: EPIIC: PRISTINE Partnerships to Promote Research & Innovation for SocieTal Impact & Novel Engagements,Allegheny College
2520044,2025-08-26,398176,Standard Grant,Collaborative Research: Research Infrastructure: EPIIC: PRISTINE Partnerships to Promote Research & Innovation for SocieTal Impact & Novel Engagements,Southern Connecticut State University
2520045,2025-08-26,400000,Standard Grant,Collaborative Research: Research Infrastructure: EPIIC: PRISTINE Partnerships to Promote Research & Innovation for SocieTal Impact & Novel Engagements,Xavier University of Louisiana
2525472,2025-08-26,996879,Standard Grant,Pivots: EDU RURAL: Uncovering Potential - Paving Career Pathways to Artificial Intelligence through Experiential Learning in Rural Areas,James Madison University
2526026,2025-08-26,1000000,Standard Grant,Explorations: Building Experiential Learning Pathways to Careers in Emerging Technology Fields for Rural Vermont Communities,University of Vermont & State Agricultural College
2526099,2025-08-26,850000,Cooperative Agreement,Accelerating regional innovation clusters:  A real-time research and learning agenda for NSF Regional Innovation Engines,Brookings Institution
2526134,2025-08-26,882364,Standard Grant,Explorations: Expanding Access to Advanced Manufacturing Training Through an Experiential Learning Model,MOONLIGHTER FABLAB INC
2526185,2025-08-26,1000000,Standard Grant,Explorations: Experiential Learning for Building the Critical Minerals Workforce,University of Houston
2526200,2025-08-26,882522,Standard Grant,Collaborative Research: Beginnings: Engaging and Preparing the Offshore Wind Workforce through Hybrid Experiential Learning,Northeastern University
2526201,2025-08-26,117163,Standard Grant,Collaborative Research: Beginnings: Engaging and Preparing the Offshore Wind Workforce through Hybrid Experiential Learning,University of Alabama Tuscaloosa
2526207,2025-08-26,1000000,Standard Grant,Explorations: Experiential Learning Explorations in Advanced Nanomanufacturing in New York State,SUNY at Stony Brook
2526219,2025-08-26,999390,Standard Grant,Beginnings: Experiential Learning in Digital Twin Technologies for the Blue Economy,University of Maine
2526289,2025-08-26,999543,Standard Grant,Preparing Students for Artificial Intelligence and Emerging Tech Careers through Industry Partnerships and Experiential Learning,Bowie State University
2526386,2025-08-26,998061,Standard Grant,Beginnings: Dakota Biotechnology Rural Workforce Development Program,Mount Marty College
2535091,2025-08-26,4097063,Cooperative Agreement,Proto-OKN Theme 2: OKN-Fabric,University of North Carolina at Chapel Hill
2520144,2025-08-27,400000,Standard Grant,Collaborative Research: EPIIC: NSJV RITE,University of the Pacific
2520145,2025-08-27,400000,Standard Grant,Collaborative Research: EPIIC: NSJV RITE,California State University-Stanislaus
2535930,2025-08-27,296283,Standard Grant,EAGER: Addressing the Community College Credit Loss Problem within Four-Year Computer Science Programs,Northeastern University
2452779,2025-08-28,1297636,Standard Grant,PDASP Track 2: TIDES - Building a Trusted Integration Data Exchange System,University of Pennsylvania
2453092,2025-08-28,1025000,Continuing Grant,PDaSP: Track 3: TEPPIT: TEstbed for Privacy-PreservIng Technologies for Data Sharing and Analysis,University of Southern California
2519806,2025-08-28,400000,Standard Grant,Collaborative Research: EPIIC: CREATE: Creating Research Enterprises Adapted for the Teaching Environment,Grinnell College
2519807,2025-08-28,400000,Standard Grant,Collaborative Research: EPIIC: CREATE: Creating Research Enterprises Adapted for the Teaching Environment,National University
2519808,2025-08-28,399979,Standard Grant,Collaborative Research: EPIIC: CREATE: Creating Research Enterprises Adapted for the Teaching Environment,LINFIELD UNIVERSITY
2519809,2025-08-28,399781,Standard Grant,Collaborative Research: EPIIC: CREATE: Creating Research Enterprises Adapted for the Teaching Environment,Saint Michael's College
2521719,2025-08-28,987757,Standard Grant,Pivots: Experiential Learning to Upskill Participants for High-Wage Biotechnology Careers,University of Colorado at Denver
2525980,2025-08-28,727127,Standard Grant,Beginnings: Professional Learning and Applications in Semiconductor and Materials Advancement,California State University-Fresno Foundation
2525981,2025-08-28,180000,Standard Grant,Beginnings: Professional Learning and Applications in Semiconductor and Materials Advancement,University of California - Merced
2525982,2025-08-28,68201,Standard Grant,Beginnings: Professional Learning and Applications in Semiconductor and Materials Advancement,"California State University, Trustees"
2526025,2025-08-28,999878,Standard Grant,Explorations: Bringing High School Students and GED Earners into Artificial Intelligence Career Pathways,Kettering University
2526073,2025-08-28,998217,Standard Grant,Explorations: Quantum and Semiconductor Upskilling for Career Change through Experiential Education Deployment in Central New York (Q-SUCCEED-CNY),Syracuse University
2526082,2025-08-28,1000000,Standard Grant,Explorations: Pathways for Smart Manufacturing Automation and Robotics Technologists,Arizona State University
2526172,2025-08-28,953549,Standard Grant,Explorations: Central to Exploring Microelectronics Technologies: A Hub for Community Engagement and Innovative Experiential Learning,Central Connecticut State University
2526204,2025-08-28,873634,Standard Grant,Collaborative Research: Beginnings: Advancing Marine Technology Careers through Immersive Autonomous Underwater Vehicle Deployment Experiences,Grand Valley State University
2526205,2025-08-28,101178,Standard Grant,Collaborative Research: Beginnings: Advancing Marine Technology Careers through Immersive Autonomous Underwater Vehicle Deployment Experiences,University of Notre Dame
2519880,2025-08-29,400000,Standard Grant,Collaborative Research: EPIIC: Building Relationships in Innovation and Development for Growth in Emerging Technologies (BRIDGE-TECH),Wilkes University
2519881,2025-08-29,400000,Standard Grant,Collaborative Research: EPIIC: Building Relationships in Innovation and Development for Growth in Emerging Technologies (BRIDGE-TECH),University of New Haven
2519882,2025-08-29,400000,Standard Grant,Collaborative Research: EPIIC: Building Relationships in Innovation and Development for Growth in Emerging Technologies (BRIDGE-TECH),Pennsylvania State Univ University Park
2519883,2025-08-29,399781,Standard Grant,Collaborative Research: EPIIC: Building Relationships in Innovation and Development for Growth in Emerging Technologies (BRIDGE-TECH),Widener University
2519884,2025-08-29,400000,Standard Grant,Collaborative Research: EPIIC: Building Relationships in Innovation and Development for Growth in Emerging Technologies (BRIDGE-TECH),Bradley University
2519847,2025-09-05,400000,Standard Grant,Collaborative Research: EPIIC: Advancing Regional Innovation Through Sustainable Engagement (ARISE),University of West Florida
2519848,2025-09-05,399765,Standard Grant,Collaborative Research: EPIIC: Advancing Regional Innovation Through Sustainable Engagement (ARISE),University of Wisconsin-Parkside
2519849,2025-09-05,399999,Standard Grant,Collaborative Research: EPIIC: Advancing Regional Innovation Through Sustainable Engagement (ARISE),Northern Virginia Community College
2519850,2025-09-05,400000,Standard Grant,Collaborative Research: EPIIC: Advancing Regional Innovation Through Sustainable Engagement (ARISE),Frostburg State University
2519931,2025-09-05,400000,Standard Grant,Collaborative Research: EPIIC Combining Partnerships and Entrepreneurship for Emerging Technologies (ComPEET),Regents of the University of Michigan - Flint
2519932,2025-09-05,399944,Standard Grant,Collaborative Research: EPIIC Combining Partnerships and Entrepreneurship for Emerging Technologies (ComPEET),Shawnee State University
2519933,2025-09-05,399944,Standard Grant,Collaborative Research: EPIIC Combining Partnerships and Entrepreneurship for Emerging Technologies (ComPEET),Colorado State University-Pueblo
2519934,2025-09-05,399959,Standard Grant,Collaborative Research: EPIIC Combining Partnerships and Entrepreneurship for Emerging Technologies (ComPEET),Research Foundation of the State University of New York
2521404,2025-09-05,400000,Standard Grant,Collaborative Research: EPIIC: Advancing Regional Innovation Through Sustainable Engagement (ARISE),University of Texas of the Permian Basin
2526380,2025-09-05,246704,Standard Grant,Collaborative Research: Obtaining Great Jobs in Advanced Manufacturing through Experiential Learning Opportunities,KANSAS CITY SCHOLARS INC
2526381,2025-09-05,753296,Standard Grant,Collaborative Research: Obtaining Great Jobs in Advanced Manufacturing through Experiential Learning Opportunities,University of Missouri-Kansas City
2520088,2025-09-08,400000,Standard Grant,Collaborative Research: EPIIC: Scaling Partnerships and External Collaborations through Industry-Aligned Learning (SPECIAL),SUNY Polytechnic Institute
2520089,2025-09-08,400000,Standard Grant,Collaborative Research: EPIIC: Scaling Partnerships and External Collaborations through Industry-Aligned Learning (SPECIAL),University of Wisconsin-La Crosse
2520090,2025-09-08,398508,Standard Grant,Collaborative Research: EPIIC: Scaling Partnerships and External Collaborations through Industry-Aligned Learning (SPECIAL),Maricopa County Community College District
2520091,2025-09-08,399999,Standard Grant,Collaborative Research: EPIIC: Scaling Partnerships and External Collaborations through Industry-Aligned Learning (SPECIAL),Houston Community College
2520092,2025-09-08,366670,Standard Grant,Collaborative Research: EPIIC: Scaling Partnerships and External Collaborations through Industry-Aligned Learning (SPECIAL),Research Foundation of the State University of New York
2526231,2025-09-08,803772,Standard Grant,Beginnings: Internships at STEM Startups Building Pathways into the Innovation Economy,Kentucky Science & Technology Corporation
2526232,2025-09-08,195723,Standard Grant,Beginnings: Internships at STEM Startups Building Pathways into the Innovation Economy,Northern Kentucky University
2519894,2025-09-15,373360,Standard Grant,"Collaborative Research: EPIIC: Supporting Partnerships for Advancement, Research, and Knowledge (SPARK)",SUNY College at Brockport
2519895,2025-09-15,400000,Standard Grant,"Collaborative Research: EPIIC: Supporting Partnerships for Advancement, Research, and Knowledge (SPARK)",Rhode Island School of Design
2519896,2025-09-15,399997,Standard Grant,"Collaborative Research: EPIIC: Supporting Partnerships for Advancement, Research, and Knowledge (SPARK)",Southern Arkansas University Main Campus
2519897,2025-09-15,399991,Standard Grant,"Collaborative Research: EPIIC: Supporting Partnerships for Advancement, Research, and Knowledge (SPARK)",Guilford College
2519917,2025-09-18,399226,Standard Grant,"Collaborative Research: EPIIC: Accelerating sustainable partnerships for innovation, research, and entrepreneurship in AI (ASPIRE-AI)",CSUB Auxiliary for Sponsored Programs Administration
2519918,2025-09-18,400000,Standard Grant,"Collaborative Research: EPIIC: Accelerating sustainable partnerships for innovation, research, and entrepreneurship in AI (ASPIRE-AI)",CUNY New York City College of Technology
2519919,2025-09-18,399576,Standard Grant,"Collaborative Research: EPIIC: Accelerating sustainable partnerships for innovation, research, and entrepreneurship in AI (ASPIRE-AI)",University of San Francisco
2519920,2025-09-18,400000,Standard Grant,"Collaborative Research: EPIIC: Accelerating sustainable partnerships for innovation, research, and entrepreneurship in AI (ASPIRE-AI)","NEW UNIVERSITY OF BRIDGEPORT, INC., THE"
2452530,2025-09-23,4999978,Cooperative Agreement,NSF Convergence Accelerator Real-World Chemical Sensing Applications: Sensory Nature-Inspired Technology Platform for Monitoring Indoor Air,Harvard University
2453009,2025-09-23,800000,Standard Grant,PDaSP: Track 3: Rigorous and Performant Differentially Private Machine Learning via OpenDP,Harvard University
2519909,2025-09-23,400000,Standard Grant,Collaborative Research: EPIIC A-SPARK: Agriculture and Science Practice and Access for Research-Driven Knowledge,Research Foundation of the State University of New York
2519910,2025-09-23,400000,Standard Grant,Collaborative Research: EPIIC A-SPARK: Agriculture and Science Practice and Access for Research-Driven Knowledge,Modesto Junior College
2519911,2025-09-23,399999,Standard Grant,Collaborative Research: EPIIC A-SPARK: Agriculture and Science Practice and Access for Research-Driven Knowledge,Louisiana State University at Eunice
2608403,2026-01-12,100000,Standard Grant,Conference: AI-Ready America Workshop,SEEDAI INC
2549841,2026-02-02,299596,Standard Grant,Conference: Low-Dimensional Materials and Electronics Conference,Stanford University
2611609,2026-02-13,100000,Standard Grant,Collaborative Research: Conference: US Advancing Leadership in Global Networking Standards (US-ALIGNS),Virginia Polytechnic Institute and State University
2611610,2026-02-13,50000,Standard Grant,Collaborative Research: Conference: US Advancing Leadership in Global Networking Standards (US-ALIGNS),University of Washington
2612380,2026-03-25,199254,Standard Grant,Using Partnerships to Expand Historically Black Colleges and Universities Research and Program Capabilities: A UIDP Workshop,University Industry Demonstration Partnership
2611147,2026-04-02,49997,Standard Grant,Conference:Preparing High School Students for AI-Transformed Service Careers Through Hands-On Robotics and Entrepreneurship,The University of Central Florida Board of Trustees
2547885,2026-04-08,150000,Standard Grant,Conference: Translating Photonic Quantum Technology By Leveraging Silicon Foundries and Manufacturing,"University of Maryland, College Park"
2620633,2026-04-30,760000,Continuing Grant,PDaSP Track 1: Enabling a Privacy-Preserving Data Life Cycle with Lightweight Secure Computation,University of California-Berkeley
2620526,2026-05-13,558358,Standard Grant,Conference: Enhancing institutional capacity across the research ecosystem,University of Missouri-Columbia
2614236,2026-05-15,293957,Standard Grant,EAGER: PBI: Integrating Social and Economic Considerations in Ecosystem Innovation for Equitable Economic Development,North Carolina State University
2619554,2026-05-18,100000,Standard Grant,Conference: The 5th International Conference on the Science of Science and Innovation,University of Colorado at Boulder
2603854,2026-06-02,1000000,Standard Grant,AI for All: Building the Nationwide Pipeline from Classroom to Workforce,University of Virginia Main Campus
2554527,2026-06-30,5024134,Cooperative Agreement,VINES: Track 2: CERTAIN: Connectivity Effectiveness and Reliability Through AI-native Networking,George Washington University
2531869,2026-07-13,15000000,Cooperative Agreement,NSF Quantum Technologies Engine in Connecticut (QuantumCT),University of Connecticut
2532380,2026-07-13,14999000,Cooperative Agreement,NSF Grid Modernization Engine in the Carolinas,University of North Carolina at Charlotte
2532460,2026-07-13,14999983,Cooperative Agreement,NSF NEO-SMART Engine in Northeast Ohio,Case Western Reserve University
2532496,2026-07-13,15000000,Cooperative Agreement,NSF BRIDGES Engine in Alabama and Tennessee,HudsonAlpha Institute for Biotechnology
2625104,2026-07-13,8139552,Continuing Grant,Expanding Learnvia Mathematics to Improve Gateway STEM Outcomes in Broad-Access Institutions,"LEARNVIA, INC."
2532118,2026-07-14,14996089,Cooperative Agreement,NSF RuralSTAMINA Biomanufacturing Engine in Iowa and Nebraska,Iowa State University
2532359,2026-07-14,15000000,Cooperative Agreement,NSF IMPACT Engine in Indiana,Indiana University
2532372,2026-07-14,15000000,Cooperative Agreement,NSF Critical Mineral Accelerator Engine in Alaska,University of Alaska Fairbanks Campus
2532428,2026-07-14,15000000,Cooperative Agreement,NSF STELLAR Engine in the Rochester/Finger Lakes Region of New York,University of Rochester
2532458,2026-07-14,14995000,Cooperative Agreement,NSF RETI Engine in West Virginia and western Pennsylvania,West Virginia University Research Corporation
2532464,2026-07-14,15000000,Cooperative Agreement,NSF FAST Engine in Oregon,Oregon State University
2532489,2026-07-14,14999999,Cooperative Agreement,NSF Critical Materials Crossroads Engine in the Kansas City Region,University of Missouri-Kansas City
2607469,2026-07-21,20000000,Cooperative Agreement,NSF PCL-Test Bed: ATHENA: Advanced Testbed for High-throughput Experimentation in Nano- and Atomic Science,University of Tennessee Knoxville
2607495,2026-07-21,20000000,Cooperative Agreement,NSF PCL-Test Bed: SPEED: Programmable Cloud Laboratories for Autonomous Chemistry and Materials Discovery,North Carolina State University
2607506,2026-07-21,19999558,Cooperative Agreement,NSF PCL-Test Bed: A Cloud Lab with AI-Integrated Remote Experimentation (CLAIRE),Trustees of Boston University
2607521,2026-07-21,20000000,Cooperative Agreement,PCL-Test Bed: Computation-Optimized Automated Soft materials Technology Programmable Cloud Laboratory Node (COAST PCL Node),University of California-Santa Barbara
2607522,2026-07-21,20000000,Cooperative Agreement,"NSF PCL-Test Bed: AI-Driven, Rapid, Experimental Automation Machine (DREAM) Cloud Lab for Protein Engineering",Northwestern University at Chicago
2607526,2026-07-21,20000000,Cooperative Agreement,PCL-Test Bed: The Artificial Intelligence for Materials Design Network (AIMD-NET),Johns Hopkins University
2607533,2026-07-21,19032636,Cooperative Agreement,PCL-Test Bed: Purdue Intelligent Codesign Cloud Lab for Non-Equilibrium and Low-Dimensional Materials (ICoN-PCL),Purdue University
2607535,2026-07-21,20000000,Cooperative Agreement,PCL-Test Bed: AURORA (Autonomous Utah Resource for Open Research Automation): A Utah Programmable Cloud Laboratory Node for Quantum Materials and Beyond,University of Utah
2607536,2026-07-21,20000000,Cooperative Agreement,PCL-Test Bed: Layered and Thin-film Technologies with Intelligent Cloud Experimentation (LATTICE),Pennsylvania State Univ University Park
2607553,2026-07-21,19928016,Cooperative Agreement,PCL-Test Bed: Revolutionizing AI-Driven Autonomous Experimentation for Next-Generation Semiconductor Synthesis (READINESS),William Marsh Rice University
2607564,2026-07-21,17376764,Cooperative Agreement,NSF PCL-Test Bed: Collaborative for the Realization of Autonomous Biomanufacturing (CRAB) Lab,"University of Maryland, College Park"
2607573,2026-07-21,19908812,Cooperative Agreement,NSF PCL-Test Bed: Building America’s AI Infrastructure for Self-Driving Laboratories,Stanford University
2607577,2026-07-21,9987383,Cooperative Agreement,NSF PCL-Test Bed: Bringing Electronics Prototyping Home: A National AI-Driven Cloud Laboratory,"ADOM INDUSTRIES, INC."
2607580,2026-07-21,20000000,Cooperative Agreement,"NSF PCL-Test Bed: AI-enabled, Cloud-based Self-Driving Nanofabrication Node for Accelerating Semiconductor Research and Education",Virginia Polytechnic Institute and State University
2607581,2026-07-21,18150000,Cooperative Agreement,PCL-Test Bed: The AI Materials and Manufacturing Pilot Facility Node (PCL-AIMMPF),Georgia Tech Research Corporation
2607594,2026-07-21,20000000,Cooperative Agreement,"NSF PCL-Test Bed: AI Science Foundry: A PCL Testbed Node to Accelerate Breakthroughs in Biology, Chemistry, and Materials",Carnegie Mellon University
2607601,2026-07-21,18142384,Cooperative Agreement,PCL-Test Bed: The AI-Enabled Bio-Inspired Materials discovery Ecosystem (AI-BIOME),CUNY City College
2607613,2026-07-21,20000000,Cooperative Agreement,"PCL-Test Bed: PoLARIS: Polymer Laboratory for AI, Robotics, Informatics, and Standards",University of Chicago
2607628,2026-07-21,19545600,Cooperative Agreement,NSF PCL-Test Bed: Towards a General Platform for AI-Driven High-Throughput Reaction Discovery and Automation,The Scripps Research Institute
2607629,2026-07-21,17263240,Cooperative Agreement,"NSF PCL-Test Bed: ELECTRA: A National Infrastructure for Autonomous Molecular Discovery Across Chemistry, Biology, and Materials Science",California Institute of Technology
2624416,2026-07-27,47509608,Cooperative Agreement,The UIDP Industry-Integrated PhD Scholars Program,University Industry Demonstration Partnership
2628938,2026-08-07,1040661,Standard Grant,Conference: Creating a Year-Round Peer-Learning Model for Emerging Technology Workforce Programs,University Industry Demonstration Partnership
